;TAZID,TOTHH,HHPOP,HHSIZE,TOTEMP,RETEMP,INDEMP,OTHEMP,ALLEMP,RETL,FOOD,MANU,WSLE,OFFI,GVED,HLTH,OTHR,FM_AGRI,FM_MING,FM_CONS,HBJ
1.0,0.0,0.0,0.0,0.0,0.0,0.0,0.0,0.0,0.0,0.0,0.0,0.0,0.0,0.0,0.0,0.0,0.0,0.0,0.0,0.0
2.0,18.0,44.0,0.4090909090909091,0.0,0.0,0.0,0.0,3.0,0.0,0.0,0.0,0.0,0.0,0.0,0.0,0.0,0.0,0.0,2.0,1.0
3.0,28.0,73.0,0.3835616438356164,0.0,0.0,0.0,0.0,3.0,0.0,0.0,0.0,0.0,0.0,0.0,0.0,0.0,0.0,0.0,2.0,1.0
4.0,1.0,3.0,0.3333333333333333,0.0,0.0,0.0,0.0,0.0,0.0,0.0,0.0,0.0,0.0,0.0,0.0,0.0,0.0,0.0,0.0,0.0
5.0,74.99999999827548,214.99999999505638,0.3488372093023256,1.999999999954013,0.0,0.0,1.999999999954013,14.999999999655097,0.0,0.0,0.0,0.0,0.0,0.0,1.999999999954013,0.0,0.0,0.0,8.999999999793058,3.999999999908026
6.0,4.0,10.0,0.4,8.0,0.0,8.0,0.0,9.0,0.0,0.0,0.0,8.0,0.0,0.0,0.0,0.0,0.0,0.0,1.0,0.0
7.0,45.99999996388604,118.99999990657476,0.3865546218487395,35.9999999717369,1.9999999984298278,27.999999978017588,5.999999995289484,255.99999979901796,1.9999999984298278,0.0,0.0,27.999999978017588,0.0,0.0,0.0,5.999999995289484,210.99999983434682,0.0,4.999999996074569,3.9999999968596556
8.0,58.0,168.0,0.34523809523809523,59.0,19.0,0.0,40.0,68.0,19.0,0.0,0.0,0.0,38.0,0.0,0.0,2.0,0.0,0.0,5.0,4.0
9.0,18.0,45.0,0.4,93.0,0.0,93.0,0.0,96.0,0.0,0.0,0.0,93.0,0.0,0.0,0.0,0.0,0.0,0.0,2.0,1.0
10.0,26.0,66.0,0.3939393939393939,96.0,0.0,96.0,0.0,100.0,0.0,0.0,0.0,96.0,0.0,0.0,0.0,0.0,0.0,0.0,3.0,1.0
11.0,10.0,26.0,0.38461538461538464,0.0,0.0,0.0,0.0,0.0,0.0,0.0,0.0,0.0,0.0,0.0,0.0,0.0,0.0,0.0,0.0,0.0
12.0,20.0,56.0,0.35714285714285715,0.0,0.0,0.0,0.0,5.0,0.0,0.0,0.0,0.0,0.0,0.0,0.0,0.0,0.0,0.0,4.0,1.0
13.0,0.0,0.0,0.0,0.0,0.0,0.0,0.0,0.0,0.0,0.0,0.0,0.0,0.0,0.0,0.0,0.0,0.0,0.0,0.0,0.0
14.0,0.0,0.0,0.0,0.0,0.0,0.0,0.0,0.0,0.0,0.0,0.0,0.0,0.0,0.0,0.0,0.0,0.0,0.0,0.0,0.0
15.0,1.0,3.0,0.3333333333333333,268.0,0.0,259.0,9.0,320.0,0.0,0.0,109.0,150.0,0.0,0.0,0.0,9.0,48.0,0.0,4.0,0.0
16.0,1.0,3.0,0.3333333333333333,105.0,0.0,83.0,22.0,113.0,0.0,0.0,7.0,76.0,0.0,0.0,0.0,22.0,0.0,0.0,8.0,0.0
17.0,4.0,11.0,0.36363636363636365,0.0,0.0,0.0,0.0,1.0,0.0,0.0,0.0,0.0,0.0,0.0,0.0,0.0,0.0,0.0,1.0,0.0
18.0,0.0,0.0,0.0,690.0,0.0,690.0,0.0,699.0,0.0,0.0,468.0,222.0,0.0,0.0,0.0,0.0,0.0,0.0,9.0,0.0
19.0,285.0,823.0,0.3462940461725395,27.0,16.0,10.0,1.0,59.0,16.0,0.0,0.0,10.0,1.0,0.0,0.0,0.0,0.0,0.0,18.0,14.0
20.0,193.0,424.0,0.455188679245283,128.0,13.0,69.0,46.0,157.0,13.0,0.0,67.0,2.0,0.0,0.0,0.0,46.0,0.0,0.0,17.0,12.0
21.0,0.0,0.0,0.0,426.0,0.0,426.0,0.0,432.0,0.0,0.0,386.0,40.0,0.0,0.0,0.0,0.0,0.0,0.0,6.0,0.0
22.0,3.0,7.0,0.42857142857142855,9.0,0.0,9.0,0.0,9.0,0.0,0.0,9.0,0.0,0.0,0.0,0.0,0.0,0.0,0.0,0.0,0.0
23.0,4.0,11.0,0.36363636363636365,51.0,0.0,51.0,0.0,52.0,0.0,0.0,23.0,28.0,0.0,0.0,0.0,0.0,0.0,0.0,1.0,0.0
24.0,168.0,486.0,0.345679012345679,2.0,0.0,0.0,2.0,19.0,0.0,0.0,0.0,0.0,0.0,0.0,1.0,1.0,0.0,0.0,10.0,7.0
25.0,383.0,1105.0,0.34660633484162895,146.0,5.0,2.0,139.0,204.0,5.0,0.0,0.0,2.0,1.0,116.0,18.0,4.0,0.0,0.0,34.0,24.0
26.0,258.0,633.0,0.4075829383886256,206.0,22.0,33.0,151.0,244.0,21.0,1.0,13.0,20.0,0.0,52.0,79.0,20.0,0.0,0.0,23.0,15.0
27.0,0.0,0.0,0.0,0.0,0.0,0.0,0.0,0.0,0.0,0.0,0.0,0.0,0.0,0.0,0.0,0.0,0.0,0.0,0.0,0.0
28.0,1.0,3.0,0.3333333333333333,78.0,0.0,78.0,0.0,83.0,0.0,0.0,78.0,0.0,0.0,0.0,0.0,0.0,0.0,0.0,5.0,0.0
29.0,294.0,814.0,0.36117936117936117,2.0,0.0,2.0,0.0,30.0,0.0,0.0,0.0,2.0,0.0,0.0,0.0,0.0,0.0,0.0,16.0,12.0
30.0,368.0,741.0,0.4966261808367072,106.0,14.0,8.0,84.0,167.0,14.0,0.0,0.0,8.0,44.0,0.0,31.0,9.0,0.0,0.0,35.0,26.0
31.0,278.0,587.0,0.4735945485519591,234.0,75.0,79.0,80.0,274.0,5.0,70.0,79.0,0.0,42.0,0.0,0.0,38.0,0.0,0.0,24.0,16.0
32.0,142.0,349.0,0.4068767908309456,2.0,0.0,2.0,0.0,23.0,0.0,0.0,0.0,2.0,0.0,0.0,0.0,0.0,0.0,0.0,11.0,10.0
33.0,206.0,435.0,0.4735632183908046,16.0,0.0,15.0,1.0,42.0,0.0,0.0,0.0,15.0,1.0,0.0,0.0,0.0,0.0,0.0,15.0,11.0
34.0,254.0,623.0,0.40770465489566615,21.0,2.0,14.0,5.0,55.0,2.0,0.0,14.0,0.0,5.0,0.0,0.0,0.0,0.0,0.0,19.0,15.0
35.0,356.0,805.0,0.4422360248447205,0.0,0.0,0.0,0.0,50.0,0.0,0.0,0.0,0.0,0.0,0.0,0.0,0.0,0.0,0.0,28.0,22.0
36.0,99.0,218.0,0.4541284403669725,9.0,0.0,9.0,0.0,25.0,0.0,0.0,2.0,7.0,0.0,0.0,0.0,0.0,0.0,0.0,9.0,7.0
37.0,0.0,0.0,0.0,137.0,0.0,125.0,12.0,137.0,0.0,0.0,0.0,125.0,0.0,0.0,0.0,12.0,0.0,0.0,0.0,0.0
38.0,0.0,0.0,0.0,1456.0,0.0,1429.0,27.0,1721.0,0.0,0.0,1429.0,0.0,0.0,24.0,3.0,0.0,0.0,0.0,265.0,0.0
39.0,76.0,210.0,0.3619047619047619,149.0,19.0,0.0,130.0,162.0,19.0,0.0,0.0,0.0,0.0,0.0,3.0,127.0,0.0,0.0,9.0,4.0
40.0,370.0,746.0,0.4959785522788204,299.0,42.0,22.0,235.0,369.0,40.0,2.0,0.0,22.0,62.0,90.0,27.0,56.0,0.0,0.0,42.0,28.0
41.0,137.0,277.0,0.49458483754512633,373.0,229.0,0.0,144.0,401.0,229.0,0.0,0.0,0.0,12.0,0.0,25.0,107.0,0.0,0.0,18.0,10.0
42.0,83.0,167.0,0.49700598802395207,79.0,0.0,0.0,79.0,93.0,0.0,0.0,0.0,0.0,3.0,0.0,0.0,76.0,0.0,0.0,8.0,6.0
43.0,244.0,553.0,0.4412296564195298,87.0,0.0,2.0,85.0,123.0,0.0,0.0,0.0,2.0,0.0,43.0,42.0,0.0,0.0,0.0,21.0,15.0
44.0,126.0,332.0,0.3795180722891566,0.0,0.0,0.0,0.0,23.0,0.0,0.0,0.0,0.0,0.0,0.0,0.0,0.0,0.0,0.0,13.0,10.0
45.0,114.0,300.0,0.38,41.0,0.0,0.0,41.0,51.0,0.0,0.0,0.0,0.0,38.0,0.0,3.0,0.0,0.0,0.0,6.0,4.0
46.0,0.0,0.0,0.0,0.0,0.0,0.0,0.0,0.0,0.0,0.0,0.0,0.0,0.0,0.0,0.0,0.0,0.0,0.0,0.0,0.0
47.0,3.0,7.0,0.42857142857142855,0.0,0.0,0.0,0.0,0.0,0.0,0.0,0.0,0.0,0.0,0.0,0.0,0.0,0.0,0.0,0.0,0.0
48.0,11.0,29.0,0.3793103448275862,0.0,0.0,0.0,0.0,1.0,0.0,0.0,0.0,0.0,0.0,0.0,0.0,0.0,0.0,0.0,1.0,0.0
49.0,0.0,0.0,0.0,114.0,108.0,0.0,6.0,118.0,80.0,28.0,0.0,0.0,0.0,3.0,0.0,3.0,0.0,0.0,4.0,0.0
50.0,4.0,11.0,0.36363636363636365,286.0,1.0,54.0,231.0,783.0,1.0,0.0,12.0,42.0,35.0,143.0,49.0,4.0,0.0,0.0,497.0,0.0
51.0,7.0,16.0,0.4375,90.0,0.0,51.0,39.0,103.0,0.0,0.0,11.0,40.0,27.0,0.0,12.0,0.0,0.0,0.0,13.0,0.0
52.0,64.0,126.0,0.5079365079365079,1814.0,0.0,218.0,1596.0,1856.0,0.0,0.0,218.0,0.0,0.0,0.0,25.0,1571.0,0.0,0.0,38.0,4.0
53.0,305.0,601.0,0.5074875207986689,1405.0,346.0,72.0,987.0,1469.0,308.0,38.0,6.0,66.0,67.0,377.0,64.0,479.0,0.0,0.0,46.0,18.0
54.0,178.0,480.0,0.37083333333333335,670.0,55.0,19.0,596.0,712.0,13.0,42.0,18.0,1.0,97.0,244.0,78.0,177.0,0.0,0.0,28.0,14.0
55.0,208.0,561.0,0.37076648841354726,241.0,0.0,1.0,240.0,274.0,0.0,0.0,1.0,0.0,3.0,221.0,0.0,16.0,0.0,0.0,21.0,12.0
56.0,49.0,128.0,0.3828125,0.0,0.0,0.0,0.0,7.0,0.0,0.0,0.0,0.0,0.0,0.0,0.0,0.0,0.0,0.0,4.0,3.0
57.0,65.0,172.0,0.37790697674418605,0.0,0.0,0.0,0.0,14.0,0.0,0.0,0.0,0.0,0.0,0.0,0.0,0.0,0.0,0.0,8.0,6.0
58.0,0.0,0.0,0.0,83.0,0.0,83.0,0.0,104.0,0.0,0.0,83.0,0.0,0.0,0.0,0.0,0.0,0.0,0.0,21.0,0.0
59.0,0.0,0.0,0.0,0.0,0.0,0.0,0.0,0.0,0.0,0.0,0.0,0.0,0.0,0.0,0.0,0.0,0.0,0.0,0.0,0.0
60.0,0.0,0.0,0.0,0.0,0.0,0.0,0.0,0.0,0.0,0.0,0.0,0.0,0.0,0.0,0.0,0.0,0.0,0.0,0.0,0.0
61.0,326.0,978.0,0.3333333333333333,0.0,0.0,0.0,0.0,38.0,0.0,0.0,0.0,0.0,0.0,0.0,0.0,0.0,0.0,0.0,22.0,16.0
62.0,256.0,771.0,0.3320363164721141,16.0,2.0,0.0,14.0,52.0,2.0,0.0,0.0,0.0,0.0,0.0,0.0,14.0,0.0,0.0,21.0,15.0
63.0,24.0,58.0,0.41379310344827586,226.0,0.0,0.0,226.0,232.0,0.0,0.0,0.0,0.0,0.0,226.0,0.0,0.0,0.0,0.0,5.0,1.0
64.0,281.0,844.0,0.33293838862559244,145.0,73.0,0.0,72.0,185.0,0.0,73.0,0.0,0.0,0.0,0.0,50.0,22.0,0.0,0.0,24.0,16.0
65.0,347.0,834.0,0.41606714628297364,77.0,46.0,0.0,31.0,129.0,46.0,0.0,0.0,0.0,0.0,6.0,1.0,24.0,0.0,0.0,30.0,22.0
66.0,174.0,325.0,0.5353846153846153,125.0,77.0,0.0,48.0,158.0,56.0,21.0,0.0,0.0,0.0,0.0,8.0,40.0,0.0,0.0,19.0,14.0
67.0,172.0,465.0,0.36989247311827955,135.0,91.0,0.0,44.0,165.0,91.0,0.0,0.0,0.0,3.0,0.0,1.0,40.0,0.0,0.0,18.0,12.0
68.0,216.0,581.0,0.3717728055077453,44.0,0.0,1.0,43.0,78.0,0.0,0.0,0.0,1.0,0.0,0.0,25.0,18.0,0.0,0.0,19.0,15.0
69.0,37.0,99.0,0.37373737373737376,22.0,0.0,0.0,22.0,27.0,0.0,0.0,0.0,0.0,0.0,0.0,0.0,22.0,0.0,0.0,4.0,1.0
70.0,130.0,245.0,0.5306122448979592,26.0,0.0,0.0,26.0,43.0,0.0,0.0,0.0,0.0,9.0,0.0,1.0,16.0,0.0,0.0,10.0,7.0
71.0,0.0,0.0,0.0,0.0,0.0,0.0,0.0,0.0,0.0,0.0,0.0,0.0,0.0,0.0,0.0,0.0,0.0,0.0,0.0,0.0
72.0,117.0,314.0,0.37261146496815284,90.0,2.0,4.0,84.0,107.0,2.0,0.0,0.0,4.0,0.0,0.0,5.0,79.0,0.0,0.0,10.0,7.0
73.0,4.0,12.0,0.3333333333333333,1.0,0.0,0.0,1.0,2.0,0.0,0.0,0.0,0.0,1.0,0.0,0.0,0.0,0.0,0.0,1.0,0.0
74.0,0.0,0.0,0.0,0.0,0.0,0.0,0.0,0.0,0.0,0.0,0.0,0.0,0.0,0.0,0.0,0.0,0.0,0.0,0.0,0.0
75.0,167.0,502.0,0.33266932270916333,177.0,18.0,0.0,159.0,204.0,5.0,13.0,0.0,0.0,0.0,46.0,97.0,16.0,0.0,0.0,17.0,10.0
76.0,110.0,330.0,0.3333333333333333,8.0,0.0,0.0,8.0,21.0,0.0,0.0,0.0,0.0,0.0,0.0,6.0,2.0,0.0,0.0,8.0,5.0
77.0,98.0,293.0,0.33447098976109213,816.0,0.0,38.0,778.0,853.0,0.0,0.0,38.0,0.0,1.0,177.0,591.0,9.0,0.0,0.0,26.0,11.0
78.0,535.0,1246.0,0.42937399678972715,188.0,106.0,2.0,80.0,272.0,72.0,34.0,0.0,2.0,1.0,0.0,10.0,69.0,0.0,0.0,49.0,35.0
79.0,52.0,120.0,0.43333333333333335,370.0,170.0,0.0,200.0,387.0,66.0,104.0,0.0,0.0,15.0,65.0,98.0,22.0,0.0,0.0,12.0,5.0
80.0,204.0,474.0,0.43037974683544306,288.0,113.0,0.0,175.0,319.0,32.0,81.0,0.0,0.0,23.0,134.0,0.0,18.0,0.0,0.0,19.0,12.0
81.0,30.0,55.0,0.5454545454545454,172.0,0.0,0.0,172.0,188.0,0.0,0.0,0.0,0.0,0.0,65.0,0.0,107.0,0.0,0.0,11.0,5.0
82.0,428.0,802.0,0.5336658354114713,410.0,122.0,12.0,276.0,490.0,55.0,67.0,4.0,8.0,50.0,17.0,72.0,137.0,0.0,0.0,49.0,31.0
83.0,0.0,0.0,0.0,202.0,189.0,0.0,13.0,205.0,82.0,107.0,0.0,0.0,0.0,0.0,0.0,13.0,0.0,0.0,3.0,0.0
84.0,0.0,0.0,0.0,251.0,137.0,4.0,110.0,254.0,95.0,42.0,0.0,4.0,6.0,74.0,14.0,16.0,0.0,0.0,3.0,0.0
85.0,53.0,151.0,0.3509933774834437,151.0,3.0,22.0,126.0,160.0,3.0,0.0,0.0,22.0,5.0,0.0,76.0,45.0,0.0,0.0,6.0,3.0
86.0,1.0,3.0,0.3333333333333333,73.0,73.0,0.0,0.0,73.0,47.0,26.0,0.0,0.0,0.0,0.0,0.0,0.0,0.0,0.0,0.0,0.0
87.0,0.0,0.0,0.0,0.0,0.0,0.0,0.0,0.0,0.0,0.0,0.0,0.0,0.0,0.0,0.0,0.0,0.0,0.0,0.0,0.0
88.0,4.0,11.0,0.36363636363636365,0.0,0.0,0.0,0.0,28.0,0.0,0.0,0.0,0.0,0.0,0.0,0.0,0.0,28.0,0.0,0.0,0.0
89.0,86.0,245.0,0.3510204081632653,321.0,271.0,10.0,40.0,333.0,3.0,268.0,0.0,10.0,0.0,0.0,0.0,40.0,0.0,0.0,9.0,3.0
90.0,68.0,194.0,0.35051546391752575,909.0,645.0,20.0,244.0,931.0,557.0,88.0,20.0,0.0,176.0,59.0,0.0,9.0,0.0,0.0,18.0,4.0
91.0,258.0,739.0,0.3491204330175913,159.0,0.0,4.0,155.0,198.0,0.0,0.0,0.0,4.0,129.0,0.0,2.0,24.0,0.0,0.0,23.0,16.0
92.0,269.0,771.0,0.34889753566796367,75.0,0.0,10.0,65.0,109.0,0.0,0.0,8.0,2.0,12.0,0.0,20.0,33.0,0.0,0.0,19.0,15.0
93.0,0.0,0.0,0.0,0.0,0.0,0.0,0.0,0.0,0.0,0.0,0.0,0.0,0.0,0.0,0.0,0.0,0.0,0.0,0.0,0.0
94.0,27.0,82.0,0.32926829268292684,10.0,0.0,9.0,1.0,14.0,0.0,0.0,0.0,9.0,1.0,0.0,0.0,0.0,0.0,0.0,3.0,1.0
95.0,316.0,958.0,0.3298538622129436,132.0,50.0,3.0,79.0,178.0,0.0,50.0,0.0,3.0,5.0,12.0,28.0,34.0,0.0,0.0,27.0,19.0
96.0,314.0,899.0,0.3492769744160178,51.0,34.0,0.0,17.0,104.0,17.0,17.0,0.0,0.0,0.0,0.0,10.0,7.0,0.0,0.0,30.0,23.0
97.0,0.0,0.0,0.0,0.0,0.0,0.0,0.0,0.0,0.0,0.0,0.0,0.0,0.0,0.0,0.0,0.0,0.0,0.0,0.0,0.0
98.0,0.0,0.0,0.0,0.0,0.0,0.0,0.0,0.0,0.0,0.0,0.0,0.0,0.0,0.0,0.0,0.0,0.0,0.0,0.0,0.0
99.0,0.0,0.0,0.0,0.0,0.0,0.0,0.0,0.0,0.0,0.0,0.0,0.0,0.0,0.0,0.0,0.0,0.0,0.0,0.0,0.0
100.0,26.0,65.0,0.4,2.0,0.0,0.0,2.0,5.0,0.0,0.0,0.0,0.0,0.0,0.0,2.0,0.0,0.0,0.0,2.0,1.0
101.0,574.0,1454.0,0.3947730398899587,121.0,16.0,10.0,95.0,214.0,2.0,14.0,0.0,10.0,5.0,19.0,26.0,45.0,0.0,13.0,46.0,34.0
102.0,0.0,0.0,0.0,0.0,0.0,0.0,0.0,0.0,0.0,0.0,0.0,0.0,0.0,0.0,0.0,0.0,0.0,0.0,0.0,0.0
103.0,285.0,722.0,0.39473684210526316,13.0,0.0,9.0,4.0,49.0,0.0,0.0,0.0,9.0,0.0,0.0,2.0,2.0,0.0,0.0,21.0,15.0
104.0,86.0,217.0,0.39631336405529954,136.0,0.0,2.0,134.0,150.0,0.0,0.0,2.0,0.0,0.0,134.0,0.0,0.0,0.0,0.0,9.0,5.0
105.0,35.0,84.0,0.4166666666666667,10.0,6.0,0.0,4.0,16.0,0.0,6.0,0.0,0.0,0.0,0.0,0.0,4.0,0.0,0.0,3.0,3.0
106.0,10.0,24.0,0.4166666666666667,11.0,11.0,0.0,0.0,543.0,11.0,0.0,0.0,0.0,0.0,0.0,0.0,0.0,529.0,0.0,2.0,1.0
107.0,0.0,0.0,0.0,0.0,0.0,0.0,0.0,0.0,0.0,0.0,0.0,0.0,0.0,0.0,0.0,0.0,0.0,0.0,0.0,0.0
108.0,12.0,29.0,0.41379310344827586,0.0,0.0,0.0,0.0,1.0,0.0,0.0,0.0,0.0,0.0,0.0,0.0,0.0,0.0,0.0,1.0,0.0
109.0,0.0,0.0,0.0,15.0,0.0,0.0,15.0,15.0,0.0,0.0,0.0,0.0,0.0,15.0,0.0,0.0,0.0,0.0,0.0,0.0
110.0,3.0,6.0,0.5,0.0,0.0,0.0,0.0,0.0,0.0,0.0,0.0,0.0,0.0,0.0,0.0,0.0,0.0,0.0,0.0,0.0
111.0,0.0,0.0,0.0,0.0,0.0,0.0,0.0,0.0,0.0,0.0,0.0,0.0,0.0,0.0,0.0,0.0,0.0,0.0,0.0,0.0
112.0,0.0,0.0,0.0,0.0,0.0,0.0,0.0,0.0,0.0,0.0,0.0,0.0,0.0,0.0,0.0,0.0,0.0,0.0,0.0,0.0
113.0,33.0,77.0,0.42857142857142855,0.0,0.0,0.0,0.0,7.0,0.0,0.0,0.0,0.0,0.0,0.0,0.0,0.0,0.0,0.0,6.0,1.0
114.0,42.0,104.0,0.40384615384615385,2.0,0.0,2.0,0.0,8.0,0.0,0.0,0.0,2.0,0.0,0.0,0.0,0.0,0.0,0.0,3.0,3.0
115.0,0.0,0.0,0.0,64.0,64.0,0.0,0.0,65.0,64.0,0.0,0.0,0.0,0.0,0.0,0.0,0.0,0.0,0.0,1.0,0.0
116.0,0.0,0.0,0.0,44.0,0.0,44.0,0.0,44.0,0.0,0.0,44.0,0.0,0.0,0.0,0.0,0.0,0.0,0.0,0.0,0.0
117.0,26.0,62.0,0.41935483870967744,25.0,25.0,0.0,0.0,53.0,24.0,1.0,0.0,0.0,0.0,0.0,0.0,0.0,0.0,0.0,27.0,1.0
118.0,5.0,13.0,0.38461538461538464,0.0,0.0,0.0,0.0,0.0,0.0,0.0,0.0,0.0,0.0,0.0,0.0,0.0,0.0,0.0,0.0,0.0
119.0,0.0,0.0,0.0,41.0,0.0,0.0,41.0,42.0,0.0,0.0,0.0,0.0,0.0,41.0,0.0,0.0,0.0,0.0,1.0,0.0
120.0,30.0,71.0,0.4225352112676056,4.0,2.0,0.0,2.0,27.0,2.0,0.0,0.0,0.0,0.0,0.0,0.0,2.0,0.0,0.0,22.0,1.0
121.0,61.0,146.0,0.4178082191780822,4.0,0.0,2.0,2.0,21.0,0.0,0.0,0.0,2.0,0.0,0.0,0.0,2.0,0.0,10.0,4.0,3.0
122.0,19.0,47.0,0.40425531914893614,2.0,0.0,2.0,0.0,5.0,0.0,0.0,2.0,0.0,0.0,0.0,0.0,0.0,0.0,0.0,2.0,1.0
123.0,0.0,0.0,0.0,0.0,0.0,0.0,0.0,0.0,0.0,0.0,0.0,0.0,0.0,0.0,0.0,0.0,0.0,0.0,0.0,0.0
124.0,92.0,221.0,0.416289592760181,2.0,0.0,0.0,2.0,15.0,0.0,0.0,0.0,0.0,0.0,0.0,0.0,2.0,0.0,0.0,8.0,5.0
125.0,81.0,195.0,0.4153846153846154,78.0,0.0,0.0,78.0,91.0,0.0,0.0,0.0,0.0,15.0,63.0,0.0,0.0,0.0,0.0,8.0,5.0
126.0,238.0,589.0,0.40407470288624786,10.0,0.0,9.0,1.0,44.0,0.0,0.0,7.0,2.0,0.0,0.0,1.0,0.0,0.0,0.0,19.0,15.0
127.0,27.0,65.0,0.4153846153846154,0.0,0.0,0.0,0.0,19.0,0.0,0.0,0.0,0.0,0.0,0.0,0.0,0.0,0.0,0.0,11.0,8.0
128.0,109.0,260.0,0.41923076923076924,12.0,0.0,10.0,2.0,22.0,0.0,0.0,0.0,10.0,0.0,0.0,0.0,2.0,0.0,0.0,6.0,4.0
129.0,90.0,214.0,0.4205607476635514,2.0,0.0,0.0,2.0,4.0,0.0,0.0,0.0,0.0,2.0,0.0,0.0,0.0,0.0,0.0,1.0,1.0
130.0,61.0,151.0,0.40397350993377484,1.0,0.0,1.0,0.0,13.0,0.0,0.0,1.0,0.0,0.0,0.0,0.0,0.0,0.0,0.0,7.0,5.0
131.0,148.0,367.0,0.4032697547683924,3.0,0.0,2.0,1.0,14.0,0.0,0.0,2.0,0.0,0.0,0.0,0.0,1.0,0.0,0.0,6.0,5.0
132.0,43.0,108.0,0.39814814814814814,5.0,1.0,4.0,0.0,155.0,1.0,0.0,4.0,0.0,0.0,0.0,0.0,0.0,144.0,0.0,3.0,3.0
133.0,228.0,546.0,0.4175824175824176,7.0,0.0,0.0,7.0,36.0,0.0,0.0,0.0,0.0,3.0,0.0,0.0,4.0,0.0,0.0,17.0,12.0
134.0,3.0,6.0,0.5,0.0,0.0,0.0,0.0,7.0,0.0,0.0,0.0,0.0,0.0,0.0,0.0,0.0,6.0,0.0,1.0,0.0
135.0,8.0,19.0,0.42105263157894735,7.0,0.0,7.0,0.0,7.0,0.0,0.0,0.0,7.0,0.0,0.0,0.0,0.0,0.0,0.0,0.0,0.0
136.0,202.0,502.0,0.40239043824701193,47.0,10.0,10.0,27.0,76.0,10.0,0.0,0.0,10.0,12.0,0.0,0.0,15.0,0.0,0.0,17.0,12.0
137.0,5.0,12.0,0.4166666666666667,57.0,0.0,57.0,0.0,58.0,0.0,0.0,0.0,57.0,0.0,0.0,0.0,0.0,0.0,0.0,1.0,0.0
138.0,200.0,478.0,0.41841004184100417,69.0,0.0,13.0,56.0,106.0,0.0,0.0,13.0,0.0,35.0,0.0,3.0,18.0,0.0,0.0,25.0,12.0
139.0,54.0,135.0,0.4,15.0,0.0,0.0,15.0,64.0,0.0,0.0,0.0,0.0,0.0,15.0,0.0,0.0,0.0,42.0,4.0,3.0
140.0,4.0,9.0,0.4444444444444444,0.0,0.0,0.0,0.0,1.0,0.0,0.0,0.0,0.0,0.0,0.0,0.0,0.0,0.0,0.0,1.0,0.0
141.0,0.0,0.0,0.0,0.0,0.0,0.0,0.0,0.0,0.0,0.0,0.0,0.0,0.0,0.0,0.0,0.0,0.0,0.0,0.0,0.0
142.0,0.0,0.0,0.0,0.0,0.0,0.0,0.0,0.0,0.0,0.0,0.0,0.0,0.0,0.0,0.0,0.0,0.0,0.0,0.0,0.0
143.0,75.0,178.0,0.42134831460674155,126.0,43.0,83.0,0.0,192.0,43.0,0.0,15.0,68.0,0.0,0.0,0.0,0.0,0.0,0.0,61.0,5.0
144.0,0.0,0.0,0.0,0.0,0.0,0.0,0.0,0.0,0.0,0.0,0.0,0.0,0.0,0.0,0.0,0.0,0.0,0.0,0.0,0.0
145.0,19.0,42.0,0.4523809523809524,0.0,0.0,0.0,0.0,3.0,0.0,0.0,0.0,0.0,0.0,0.0,0.0,0.0,0.0,0.0,2.0,1.0
146.0,0.0,0.0,0.0,0.0,0.0,0.0,0.0,0.0,0.0,0.0,0.0,0.0,0.0,0.0,0.0,0.0,0.0,0.0,0.0,0.0
147.0,0.0,0.0,0.0,0.0,0.0,0.0,0.0,0.0,0.0,0.0,0.0,0.0,0.0,0.0,0.0,0.0,0.0,0.0,0.0,0.0
148.0,0.0,0.0,0.0,0.0,0.0,0.0,0.0,0.0,0.0,0.0,0.0,0.0,0.0,0.0,0.0,0.0,0.0,0.0,0.0,0.0
149.0,0.0,0.0,0.0,0.0,0.0,0.0,0.0,0.0,0.0,0.0,0.0,0.0,0.0,0.0,0.0,0.0,0.0,0.0,0.0,0.0
150.0,594.0,1935.0,0.30697674418604654,172.0,61.0,5.0,106.0,239.0,32.0,29.0,1.0,4.0,12.0,54.0,11.0,29.0,0.0,0.0,39.0,28.0
151.0,43.0,141.0,0.3049645390070922,26.0,0.0,26.0,0.0,30.0,0.0,0.0,26.0,0.0,0.0,0.0,0.0,0.0,0.0,0.0,3.0,1.0
152.0,4.0,10.0,0.4,0.0,0.0,0.0,0.0,0.0,0.0,0.0,0.0,0.0,0.0,0.0,0.0,0.0,0.0,0.0,0.0,0.0
153.0,0.0,0.0,0.0,0.0,0.0,0.0,0.0,0.0,0.0,0.0,0.0,0.0,0.0,0.0,0.0,0.0,0.0,0.0,0.0,0.0
582.0,255.83333333333331,745.5270900192394,0.34315766222087407,0.0,0.0,0.0,0.0,91.08238852268134,0.0,0.0,0.0,0.0,0.0,0.0,0.0,0.0,45.73271029292986,0.0,33.84585041653457,11.50382781321691
583.0,1401.5,4059.946785940396,0.34520156886129577,0.0,0.0,0.0,0.0,243.39650309601384,0.0,0.0,0.0,0.0,0.0,0.0,0.0,0.0,27.573267877788197,0.0,150.96957802030104,64.85365719792456
584.0,418.6666666666667,1314.4242322377029,0.3185171548107569,0.0,0.0,0.0,0.0,73.0030198227623,0.0,0.0,0.0,0.0,0.0,0.0,0.0,0.0,8.74156525386538,0.0,45.08859039185237,19.17286417704456
585.0,705.3333333333334,2192.319190703741,0.3217293067196658,0.0,0.0,0.0,0.0,391.49249353745296,0.0,0.0,0.0,0.0,0.0,0.0,0.0,0.0,4.371385251941703,0.0,354.61064988706727,32.510458398443994
586.0,323.5,877.7035257627684,0.3685754819303731,0.0,0.0,0.0,0.0,66.04111837956023,0.0,0.0,0.0,0.0,0.0,0.0,0.0,0.0,13.61897167989738,0.0,37.41672398382939,15.005422715833468
587.0,533.3333333333334,1643.0686620213482,0.3245958891804388,4.666666666666667,0.1666666666666666,0.0,4.5,88.77285128550035,0.1666666666666666,0.0,0.0,0.0,2.0,0.0,0.3333333333333333,2.1666666666666665,4.373000329831883,0.0,55.05783659951603,24.67534768948577
588.0,297.6666666666667,930.5419888274278,0.3198852606766894,66.5,0.0,29.5,37.0,105.2980316669586,0.0,0.0,0.1666666666666666,29.33333333333333,30.83333333333333,0.0,0.6666666666666666,5.5,2.35537734590722,0.0,22.604194541614945,13.838459779436434
589.0,395.0,1190.0140536004749,0.3319288531130355,0.0,0.0,0.0,0.0,84.6919761322286,0.0,0.0,0.0,0.0,0.0,0.0,0.0,0.0,5.382824024611533,0.0,61.13603736004313,18.17311474757393
590.0,473.1666666666667,1484.19070526162,0.31880449391660964,0.0,0.0,0.0,0.0,61.28564867014218,0.0,0.0,0.0,0.0,0.0,0.0,0.0,0.0,4.203319483571133,0.0,35.24172752137303,21.84060166519801
591.0,364.1666666666667,1139.3411319977413,0.3196291755289571,0.0,0.0,0.0,0.0,75.62861565836664,0.0,0.0,0.0,0.0,0.0,0.0,0.0,0.0,1.681689075501439,0.0,57.107783133350175,16.839143449515024
592.0,288.1666666666667,740.9159288382199,0.3889330158126325,0.0,0.0,0.0,0.0,39.77714911006443,0.0,0.0,0.0,0.0,0.0,0.0,0.0,0.0,2.522235933526103,0.0,24.08378067587682,13.171132500661503
593.0,392.6666666666667,1146.470582858061,0.3425004291761063,94.66666666666669,0.5,0.0,94.16666666666669,181.74762439094425,0.5,0.0,0.0,0.0,0.0,90.5,1.1666666666666667,2.5,3.868797678567257,0.0,65.03863535000188,18.1735246957084
594.0,389.1666666666667,1131.7258612599428,0.3438700837262922,483.8333333333333,9.5,23.33333333333333,451.0,537.212536790722,7.666666666666667,1.8333333333333333,2.0,21.33333333333333,45.833333333333336,69.33333333333333,83.5,252.33333333333331,0.8407454726492913,0.0,34.36541168947711,18.17304629526228
595.0,624.0,1783.041558186433,0.34996380041454717,192.0,0.3333333333333333,6.0,185.66666666666663,267.32824542363767,0.3333333333333333,0.0,0.1666666666666666,5.833333333333333,3.8333333333333335,159.66666666666666,5.166666666666667,17.0,1.3451501277923914,0.0,44.97329781460406,29.00979748124125
596.0,409.8333333333333,1069.992197318562,0.38302459995539223,33.0,8.5,0.8333333333333334,23.666666666666664,67.40986698793543,8.5,0.0,0.0,0.8333333333333334,0.8333333333333334,1.0,3.5,18.33333333333333,1.0088126995400477,0.0,14.728281273229124,18.67277301516626
597.0,365.1666666666667,935.679564238903,0.39026893460444356,0.0,0.0,0.0,0.0,40.3591410614732,0.0,0.0,0.0,0.0,0.0,0.0,0.0,0.0,5.043258381763543,0.0,18.47714925926523,16.83873342044443
598.0,1876.8333333333333,5426.057305044494,0.3458926487172334,6.833333333333333,0.1666666666666666,0.0,6.666666666666666,607.2601291907769,0.1666666666666666,0.0,0.0,0.0,3.5,0.0,0.5,2.6666666666666665,7.902634928745023,0.0,505.6612304920141,86.86293043668444
599.0,1704.0,5153.29911916034,0.33066196248232604,109.83333333333331,2.0,8.833333333333334,99.0,312.2282375323485,2.0,0.0,0.0,8.833333333333334,3.0,1.6666666666666667,12.666666666666666,81.66666666666667,5.548674032146246,0.0,117.9858283315153,78.86040183535361
600.0,353.3333333333333,935.4887140747022,0.3776991940333749,718.5,374.6666666666667,42.66666666666667,301.1666666666667,784.2732383409779,241.83333333333331,132.83333333333334,12.0,30.666666666666668,35.5,17.666666666666668,50.0,198.0,14.123377793560666,0.0,35.64439223209152,16.005468315325704
601.0,399.3333333333333,1069.571343746005,0.37335829504811835,0.0,0.0,0.0,0.0,40.96187910841739,0.0,0.0,0.0,0.0,0.0,0.0,0.0,0.0,1.0088126995400477,0.0,21.61344454654064,18.339621862336703
602.0,507.3333333333333,1777.0614617918334,0.28549003185392513,0.0,0.0,0.0,0.0,58.43297395911803,0.0,0.0,0.0,0.0,0.0,0.0,0.0,0.0,6.388812032891113,0.0,28.535822778915165,23.508339147311755
603.0,407.1666666666667,1260.1935783364072,0.323098509360896,53.333333333333336,0.1666666666666666,0.1666666666666666,53.0,92.3208446777417,0.1666666666666666,0.0,0.0,0.1666666666666666,39.333333333333336,3.0,2.1666666666666665,8.5,0.0,0.0,19.98101771995909,19.006493624449277
604.0,748.5,1524.356633610868,0.4910268263319503,6.666666666666666,0.0,3.833333333333333,2.833333333333333,132.96190366171814,0.0,0.0,2.6666666666666665,1.1666666666666667,1.5,0.0,0.1666666666666666,1.1666666666666667,0.336337428252344,0.0,91.1137181464346,34.845181420364526
605.0,1371.8333333333333,2850.3058431285394,0.48129338002113764,216.66666666666663,7.833333333333333,12.0,196.8333333333333,454.6828490566935,7.0,0.8333333333333334,0.5,11.5,13.666666666666666,4.833333333333333,13.166666666666666,165.16666666666666,0.6716662799265757,0.0,173.99028921882083,63.35422689127941
606.0,331.8333333333333,960.3465647233965,0.34553498239347535,0.0,0.0,0.0,0.0,26.040510937796206,0.0,0.0,0.0,0.0,0.0,0.0,0.0,0.0,0.0,0.0,11.035384392178358,15.005126545617848
607.0,308.5,787.8660372708968,0.391564029170008,7.833333333333334,0.0,4.0,3.8333333333333335,32.357857602738726,0.0,0.0,0.3333333333333333,3.6666666666666665,0.0,0.0,0.3333333333333333,3.5,0.0,0.0,10.5197394934954,14.004784775909991
608.0,336.1666666666667,986.93917902007,0.34061538320977985,0.0,0.0,0.0,0.0,54.38249668915335,0.0,0.0,0.0,0.0,0.0,0.0,0.0,0.0,3.362573036823426,0.0,35.51475155696699,15.505172095362928
609.0,916.0,3640.129710586301,0.2516393845351361,885.1666666666666,187.16666666666669,52.333333333333336,645.6666666666666,987.5813909276526,97.0,90.16666666666669,14.333333333333334,38.0,57.0,103.5,38.16666666666666,447.0,0.0,0.0,59.90023320920585,42.51449105177992
610.0,238.83333333333331,659.5217603805928,0.36213108904171537,1860.5,559.5,69.16666666666667,1231.8333333333337,1954.8191472543183,381.1666666666667,178.33333333333334,6.833333333333333,62.333333333333336,95.5,255.5,134.5,746.3333333333334,0.0,0.0,83.31538768791522,11.003759566403254
611.0,383.5,1112.8134314092072,0.34462200866353326,187.16666666666669,26.166666666666668,3.833333333333333,157.16666666666669,224.15085037542127,26.166666666666668,0.0,0.1666666666666666,3.6666666666666665,15.666666666666666,62.0,8.166666666666666,71.33333333333333,0.0,0.0,18.978031854013185,18.006151854741418
612.0,478.0,1304.6680354072448,0.36637672344811834,78.16666666666667,3.5,7.666666666666666,67.0,119.33587231389068,3.5,0.0,0.3333333333333333,7.333333333333333,5.5,5.166666666666667,5.5,50.833333333333336,0.0,0.0,18.828125531751024,22.341080115472995
613.0,166.16666666666666,508.4386686793828,0.32681752373057604,0.0,0.0,0.0,0.0,29.54774135992553,0.0,0.0,0.0,0.0,0.0,0.0,0.0,0.0,2.185692625970852,0.0,19.35931457629183,8.002734157662852
614.0,871.3333333333334,2631.5696324903784,0.33110783867373844,363.1666666666666,95.16666666666669,11.166666666666668,256.8333333333333,447.5681156990138,29.666666666666668,65.5,4.0,7.166666666666667,15.0,3.6666666666666665,130.16666666666666,108.0,0.0,0.0,44.2210660275803,40.180383004766846
615.0,185.83333333333331,530.223787662694,0.35048094343808023,1874.1666666666667,821.0,60.5,992.6666666666669,1951.5088705590424,668.6666666666666,152.33333333333334,4.166666666666667,56.333333333333336,91.83333333333331,31.0,139.83333333333334,730.0,0.0,0.0,68.50588575614772,8.836318136228009
616.0,396.0,1137.5001052732628,0.3481318359129897,97.0,1.0,2.333333333333333,93.66666666666669,131.4013277199171,1.0,0.0,0.1666666666666666,2.1666666666666665,4.833333333333333,54.833333333333336,4.5,29.5,0.0,0.0,16.395175865175705,18.006151854741418
617.0,504.8333333333333,1333.6235740894217,0.3785425986324709,21.833333333333336,0.0,8.333333333333334,13.5,62.68904473256977,0.0,0.0,0.0,8.333333333333334,0.0,0.1666666666666666,1.1666666666666667,12.166666666666666,0.0,0.0,17.84785069595574,23.0078607032807
618.0,425.5,1298.3586376305518,0.3277214689898925,465.0,4.833333333333333,57.16666666666667,403.0,573.7956413182992,3.0,1.8333333333333333,24.166666666666668,33.0,44.0,20.5,25.83333333333333,312.6666666666667,1.0088126995400477,0.0,87.94677384976097,19.840054768998225
619.0,236.16666666666663,678.971439819209,0.3478300452955005,50.16666666666666,1.1666666666666667,2.0,47.0,173.8712930362518,1.1666666666666667,0.0,0.1666666666666666,1.8333333333333333,19.33333333333333,1.0,2.1666666666666665,24.5,1.0088117254416324,0.0,111.69294345124548,11.002871192898027
620.0,429.8333333333333,1146.423095693679,0.3749342934104527,0.0,0.0,0.0,0.0,34.13494216602302,0.0,0.0,0.0,0.0,0.0,0.0,0.0,0.0,0.0,0.0,14.295046812001496,19.839895354021525
621.0,555.5,1436.0810354493665,0.38681661151954255,8.833333333333334,0.0,4.0,4.833333333333334,53.60944942220229,0.0,0.0,2.833333333333333,1.1666666666666667,1.0,0.1666666666666666,1.1666666666666667,2.5,0.0,0.0,18.76723007646468,26.008886012404272
622.0,515.0,1294.7800071386148,0.39775096708368146,806.6666666666666,180.0,47.333333333333336,579.3333333333333,875.1281484873859,178.0,2.0,1.8333333333333333,45.5,91.33333333333331,88.5,89.5,310.0,0.0,0.0,44.45327934773069,24.00820247298856
623.0,0.0,0.0,0.0,4090.3333333333335,2.6666666666666665,967.3333333333334,3120.333333333333,4226.360102687279,0.0,2.6666666666666665,967.3333333333334,0.0,1825.6666666666667,486.1666666666667,0.0,808.5,0.0,0.0,136.02676935394604,0.0
624.0,545.8333333333334,1452.775987030743,0.3757174803315239,314.8333333333333,37.66666666666666,22.166666666666668,255.0,368.7970668992461,36.66666666666666,1.0,2.5,19.666666666666668,17.5,57.0,55.66666666666666,124.83333333333331,0.0,0.0,28.788568181451808,25.17516538446096
625.0,512.1666666666666,1336.453401890342,0.383228226245849,200.0,2.333333333333333,16.833333333333336,180.83333333333331,247.6914557414102,2.333333333333333,0.0,0.6666666666666666,16.166666666666668,5.166666666666667,100.66666666666669,12.166666666666666,62.833333333333336,0.0,0.0,23.683253268421648,24.00820247298856
626.0,0.0,0.0,0.0,765.4999999999999,2.333333333333333,1.6666666666666667,761.4999999999999,790.9576139581619,2.333333333333333,0.0,1.1666666666666667,0.5,281.3333333333333,413.0,10.5,56.66666666666666,0.0,0.0,25.457613958162053,0.0
627.0,471.6666666666667,1251.300465163429,0.3769411742407237,430.00000000000006,24.5,40.66666666666667,364.83333333333337,481.8232114903198,19.33333333333333,5.166666666666667,20.666666666666668,20.0,27.83333333333333,47.833333333333336,36.333333333333336,252.83333333333331,0.0,0.0,29.982177049133345,21.84103444118645
628.0,0.0,0.0,0.0,3903.8333333333335,7.5,5.833333333333333,3890.5,4033.656453016943,7.5,0.0,3.6666666666666665,2.1666666666666665,1238.8333333333333,2120.0,319.8333333333333,211.83333333333331,0.0,0.0,129.82311968360926,0.0
629.0,0.0,0.0,0.0,1898.6666723307305,0.0,425.8333346036708,1472.83333772706,1961.8084904045566,0.0,0.0,425.8333346036708,0.0,0.0,1420.8333375719346,1.1666666701470434,50.83333348497832,0.0,0.0,63.1418180738258,0.0
630.0,0.0,0.0,0.0,5267.666666666667,0.0,310.0,4957.666666666667,5442.844893040801,0.0,0.0,310.0,0.0,375.5,4506.5,2.0,73.66666666666667,0.0,0.0,175.1782263741342,0.0
631.0,0.0,0.0,0.0,8329.166666666666,0.0,252.33333333333331,8076.833333333333,8606.159952946191,0.0,0.0,252.33333333333331,0.0,1118.8333333333333,6772.833333333333,0.0,185.16666666666663,0.0,0.0,276.9932862795251,0.0
632.0,395.8333333333333,929.5060081756866,0.42585344242176926,43.66666666666667,0.0,0.0,43.66666666666667,76.45593686974526,0.0,0.0,0.0,0.0,0.0,1.0,0.3333333333333333,42.333333333333336,0.0,0.0,14.616360557194469,18.17290964588412
633.0,0.0,0.0,0.0,507.6666599455002,0.0,0.16666666446011166,507.4999932810402,524.5502208014705,0.0,0.0,0.16666666446011166,0.0,313.49999584947017,135.66666487053095,3.4999999536623463,54.83333260737676,0.0,0.0,16.88356085597008,0.0
634.0,46.00000142560706,146.13828241160107,0.31477037136680747,13590.833754533072,270.8333417268531,10.166666981746488,13309.833745824473,14046.336968323081,229.66667378437145,41.16666794248167,6.833333545108295,3.3333334366381924,693.8333548362399,11703.500362708526,403.66667917688517,508.83334910282014,0.0,0.0,453.5025301885899,2.0006836014198126
635.0,280.8333333333333,860.8580109496652,0.32622491718875785,285.0,9.666666666666666,15.0,260.3333333333333,334.0892470381147,8.666666666666666,1.0,0.3333333333333333,14.666666666666666,18.666666666666668,7.833333333333333,13.833333333333334,220.0,11.769414966228226,0.0,24.148745201926573,13.171086869959892
636.0,612.8333333333334,1910.7419075080325,0.320730565925873,585.8333333333334,8.166666666666668,27.5,550.1666666666667,700.3889133179889,6.666666666666667,1.5,6.333333333333333,21.166666666666668,49.16666666666666,98.33333333333331,64.66666666666667,338.0,20.68005312048764,0.0,65.36627637261171,28.50925049155626
637.0,636.6666666666666,1720.967054071015,0.36994703946284546,96.83333333333331,0.1666666666666666,2.1666666666666665,94.5,189.77669537062425,0.1666666666666666,0.0,0.0,2.1666666666666665,2.5,66.0,2.6666666666666665,23.33333333333333,4.876197790266185,0.0,58.55679727815124,29.510366968873484
638.0,704.0,1853.6129138762933,0.37979882138811194,368.6666666666667,33.833333333333336,12.333333333333332,322.5,445.5352141778512,33.0,0.8333333333333334,1.1666666666666667,11.166666666666666,28.5,66.33333333333333,18.33333333333333,209.33333333333331,2.0176253990800954,0.0,42.17318201602373,32.677740096080655
639.0,4.0,9.56323766014238,0.4182683879823652,91.66666666666669,42.0,0.0,49.66666666666667,204.1438448746814,0.0,42.0,0.0,0.0,3.333333333333333,1.0,9.333333333333334,36.0,0.0,109.296,3.1811782080147304,0.0
640.0,0.0,0.0,0.0,0.0,0.0,0.0,0.0,0.0,0.0,0.0,0.0,0.0,0.0,0.0,0.0,0.0,0.0,0.0,0.0,0.0
641.0,222.16666961949525,650.8546208806969,0.3413460740570188,38.83333384946917,0.8333333444092097,5.333333404218942,32.666667100841025,115.19129997763042,0.0,0.8333333444092097,0.16666666888184187,5.1666667353371,8.500000112973938,1.0000000132910516,2.500000033227629,20.6666669413484,1.8489550882117334,0.0,64.1721233970089,10.336887642940605
642.0,470.1666666666667,1352.3374218534138,0.34766964151764057,18.33333333333333,0.0,0.0,18.33333333333333,56.42063716159535,0.0,0.0,0.0,0.0,9.166666666666666,0.0,1.1666666666666667,8.0,0.0,0.0,16.246588285446634,21.840715542815392
643.0,630.8333333333334,1641.7578563324932,0.3842426158645257,439.0,95.0,39.66666666666666,304.3333333333333,503.588758691297,77.0,18.0,5.5,34.166666666666664,22.166666666666668,73.0,31.0,178.16666666666666,0.0,0.0,35.578847369769136,29.00991132152784
644.0,443.0,1096.8127296205323,0.4038975734292089,0.0,0.0,0.0,0.0,34.73906483475953,0.0,0.0,0.0,0.0,0.0,0.0,0.0,0.0,0.0,0.0,14.732229440602405,20.00683539415713
645.0,829.8333333333334,2536.0253435076497,0.3272180758988658,486.8333333333333,122.66666666666666,23.666666666666668,340.5,571.4661071832704,37.66666666666666,85.0,9.833333333333334,13.833333333333334,39.333333333333336,16.0,33.5,251.66666666666663,0.0,0.0,46.61978660103852,38.01298724889855
646.0,890.5,1820.222922256748,0.48922579158378066,2017.666666666667,155.5,137.83333333333334,1724.3333333333337,2157.226144272862,107.83333333333331,47.66666666666666,8.5,129.33333333333334,165.66666666666666,285.8333333333333,228.33333333333331,1044.5,0.0,0.0,98.54546504817328,41.01401255802213
647.0,0.0,0.0,0.0,3766.5,28.666666666666668,713.6666666666666,3024.166666666667,3891.757251964456,28.666666666666668,0.0,713.5,0.1666666666666666,1904.1666666666667,58.0,0.8333333333333334,1061.1666666666667,0.0,0.0,125.2572519644562,0.0
648.0,538.8333333333334,1168.0088796862312,0.46132640145516973,0.0,0.0,0.0,0.0,49.278683536710574,0.0,0.0,0.0,0.0,0.0,0.0,0.0,0.0,2.0176253990800954,0.0,22.252513894934054,25.008544242696416
649.0,430.3333333333333,1007.9955349671694,0.4269198805006109,22.5,14.833333333333334,1.0,6.666666666666667,77.90716243520697,14.833333333333334,0.0,1.0,0.0,0.0,0.1666666666666666,0.3333333333333333,6.166666666666667,1.34615676318579,0.0,34.05373752680025,20.007268145220937
650.0,413.0,969.201840974054,0.4261238294645957,3.0,0.0,1.8333333333333333,1.1666666666666667,36.339167154992936,0.0,0.0,0.0,1.8333333333333333,0.0,0.0,0.1666666666666666,1.0,0.0,0.0,14.332741802302358,19.006425352690574
651.0,0.0,0.0,0.0,319.16666666666663,10.0,175.0,134.16666666666666,330.78927050246574,10.0,0.0,31.33333333333333,143.66666666666666,3.8333333333333335,0.0,20.33333333333333,110.0,1.0088126995400477,0.0,10.613791136259016,0.0
652.0,37.0,87.46653782921139,0.4230189157852208,561.3333333333333,5.166666666666667,249.66666666666663,306.5,583.2310389774711,5.166666666666667,0.0,155.66666666666666,94.0,10.833333333333334,14.666666666666666,193.16666666666663,87.83333333333333,0.0,0.0,19.89702210472204,2.000683539415713
653.0,805.8333333333334,1545.2134602382928,0.5215029211621435,802.6666666666667,126.0,45.5,631.1666666666667,896.5051178989272,123.0,3.0,4.0,41.5,73.16666666666667,11.166666666666666,145.16666666666666,401.6666666666667,0.0,0.0,56.65904796192708,37.1794032703334
654.0,610.9999994330395,1342.698576711562,0.4550537328560037,873.166665856436,242.49999977497887,42.999999960099345,587.6666661213578,951.2006515515882,116.83333322492108,125.6666665500578,3.4999999967522726,39.49999996334707,103.66666657047209,17.666666650273378,126.83333321564186,339.4999996849704,0.0,0.0,50.02441616932304,28.00956952582928
655.0,693.9999990198767,2097.1250054224756,0.3309292470527131,76.49999989196047,0.0,0.0,76.49999989196047,134.1343084994574,0.0,0.0,0.0,0.0,0.0,53.9999999237368,4.4999999936447335,17.999999974578934,0.0,0.0,25.623372022053985,32.010936585442956
656.0,434.8333333333333,1446.5493095584677,0.3006004223015793,0.0,0.0,0.0,0.0,35.47635717864659,0.0,0.0,0.0,0.0,0.0,0.0,0.0,0.0,1.0088126995400477,0.0,14.460709084949409,20.00683539415713
657.0,1.0,1.5294760045827764,0.6538186915019883,3885.0,50.333333333333336,2903.5,931.1666666666666,4014.231039213895,47.0,3.333333333333333,2579.1666666666665,324.3333333333333,182.66666666666663,24.83333333333333,142.66666666666666,581.0,0.0,0.0,129.23103921389512,0.0
658.0,593.8333333333334,1145.255798629866,0.5185158931688184,123.16666666666669,42.16666666666667,6.0,75.0,183.3545856541633,24.666666666666668,17.5,0.3333333333333333,5.666666666666667,18.33333333333333,0.0,9.166666666666666,47.5,0.0,0.0,32.845357847167364,27.34256114032925
659.0,230.1666666828775,455.87571636424184,0.5048890704653717,567.6666667066479,33.33333333568103,15.50000000109168,518.8333333698752,607.0349631081241,10.333333334061122,23.000000001619913,8.166666667241852,7.3333333338498266,30.500000002148145,214.1666666817506,36.16666666921391,238.00000001676258,0.0,0.0,28.531294725069074,10.837001676406981
660.0,496.8333333333333,974.7685372581489,0.509693649664604,2039.6666666666667,55.16666666666666,55.0,1929.5,2147.859894583018,51.16666666666666,4.0,9.666666666666666,45.333333333333336,130.33333333333334,411.3333333333333,475.5,912.3333333333334,0.0,0.0,85.35246651871675,22.84076139763449
661.0,1184.8333333333333,2487.3007314622187,0.47635306754274176,2820.333333333333,369.3333333333333,64.5,2386.5,3031.720255209786,255.66666666666663,113.66666666666669,8.666666666666666,55.833333333333336,800.5,41.5,364.5,1180.0,1.0080075836033526,0.0,155.5275807500309,54.851333542818566
662.0,932.1666666666666,1930.1058044159597,0.48296143378975825,1277.1666666666663,116.33333333333334,76.0,1084.8333333333333,1399.653384026677,115.16666666666669,1.1666666666666667,2.6666666666666665,73.33333333333333,55.66666666666666,26.5,74.66666666666667,928.0,0.0,0.0,79.13855125497719,43.34816610503312
663.0,250.0,574.9160875702759,0.4348460678088797,4601.833333333333,74.0,3640.833333333333,887.0,4781.373478382708,29.666666666666668,44.333333333333336,3302.1666666666665,338.6666666666667,52.66666666666666,322.8333333333333,113.16666666666669,398.3333333333333,2.0176253990800954,0.0,165.85188842139578,11.670631228898996
664.0,985.5000003878451,1887.0046859765482,0.5222562549588141,733.5000002886701,111.66666671061326,43.83333335058401,578.0000002274728,845.8495211976339,38.83333334861626,72.833333361997,5.333333335432275,38.50000001515174,32.00000001259365,50.500000019874356,91.50000003600998,404.00000015899485,0.0,0.0,66.66713284264112,45.68238806632265
665.0,1021.0,2687.99023222405,0.3798376897951828,317.0,39.16666666666666,32.166666666666664,245.66666666666663,426.1879491454296,38.16666666666666,1.0,5.333333333333333,26.83333333333333,18.666666666666668,75.33333333333333,23.5,128.16666666666666,0.673079353938281,0.0,61.33227654814552,47.18259324334576
666.0,1258.6666666666667,3758.0344799945065,0.33492685428168467,548.6666666666667,90.0,21.5,437.16666666666674,667.1231447566005,67.16666666666667,22.83333333333333,1.8333333333333333,19.666666666666668,33.5,56.5,188.33333333333331,158.83333333333334,0.1684717208182912,0.0,60.10142585398095,58.18658051513452
667.0,1714.3333333333333,5245.841726293461,0.3267985240082005,0.0,0.0,0.0,0.0,265.8816730484129,0.0,0.0,0.0,0.0,0.0,0.0,0.0,0.0,2.185085638488198,0.0,184.50292093634752,79.19366647357715
668.0,390.5,1156.725183975381,0.33759098998601134,4.666666666666667,0.0,0.0,4.666666666666667,141.5935538828886,0.0,0.0,0.0,0.0,1.5,0.3333333333333333,1.1666666666666667,1.6666666666666667,12.105550875023868,0.0,106.81541231638356,18.005924024814465
669.0,359.3333333333333,902.266773624486,0.39825619632413073,836.0,58.33333333333333,219.83333333333331,557.8333333333333,895.281941328747,21.166666666666668,37.16666666666666,56.333333333333336,163.5,34.333333333333336,310.5,36.0,177.0,2.0176253990800954,0.0,40.75807321192841,16.506242717738544
670.0,1060.5,3145.217616956235,0.3371785768599034,39.66666666666667,0.3333333333333333,1.5,37.833333333333336,132.95213480053653,0.3333333333333333,0.0,0.5,1.0,27.666666666666668,0.1666666666666666,0.6666666666666666,9.333333333333334,2.0176253990800954,0.0,42.25102767881612,49.01681505597364
671.0,437.6666666666667,1193.058167183452,0.3668443657696099,265.0,7.333333333333333,29.166666666666664,228.5,323.5812704566419,2.5,4.833333333333333,2.333333333333333,26.83333333333333,19.166666666666668,4.166666666666667,121.0,84.16666666666667,3.701129142952,0.0,34.54004096385974,20.34010034983017
672.0,374.0,1280.0129903660445,0.2921845346999545,131.33333333333334,43.333333333333336,9.0,79.0,166.15310910995242,3.333333333333333,40.0,1.0,8.0,8.333333333333334,7.0,22.5,41.16666666666666,1.0088126995400477,0.0,16.805152992045453,17.005810085033563
673.0,487.6666666666667,1627.7227317241202,0.2996005751852585,17.333333333333336,0.1666666666666666,1.0,16.166666666666668,85.48750326979626,0.1666666666666666,0.0,1.0,0.0,5.5,0.0,0.1666666666666666,10.5,1.682094057356803,0.0,43.79770802995538,22.67436784915074
674.0,521.8333333333334,1520.7866369386336,0.3431338234164075,1328.6666666666667,607.1666666666667,73.0,648.5,1463.2377075500133,440.6666666666667,166.5,4.5,68.5,79.66666666666667,160.66666666666666,86.0,322.1666666666667,2.0176253990800954,0.0,108.54530429144344,24.008111192822927
675.0,782.1666666666666,2239.071969314404,0.34932627328909094,507.3333333333333,43.16666666666666,9.5,454.6666666666666,645.7292681231414,36.16666666666666,7.0,1.8333333333333333,7.666666666666667,34.166666666666664,240.66666666666663,100.0,79.83333333333333,0.1682692307692307,0.0,102.04860405841336,36.17906150062554
676.0,5.666666666666667,17.58762464346432,0.3221962477333423,156.5,2.833333333333333,41.33333333333333,112.33333333333331,180.0512641423328,2.1666666666666665,0.6666666666666666,0.1666666666666666,41.16666666666666,10.666666666666666,17.333333333333332,8.0,76.33333333333333,18.15862859172086,0.0,5.39263555061195,0.0
677.0,1069.0,3259.3844970598707,0.3279760338076996,243.66666666666663,17.166666666666668,15.666666666666666,210.8333333333333,413.3683922040438,17.166666666666668,0.0,8.166666666666666,7.5,0.8333333333333334,54.66666666666666,42.16666666666666,113.16666666666669,22.8659525806394,0.0,97.31852490699396,49.51724804974373
678.0,563.8333333333334,1696.8511340689831,0.33228214426876856,574.1666666666667,8.166666666666666,9.666666666666668,556.3333333333334,673.0566459368125,7.0,1.1666666666666667,3.5,6.166666666666667,26.5,200.5,81.5,247.83333333333331,5.3785833580133415,0.0,67.50326170479154,26.00813420734108
679.0,806.0,2411.617383460047,0.3342155374761806,360.8333333333333,33.16666666666667,10.166666666666666,317.5,469.4864366628692,16.666666666666668,16.5,0.1666666666666666,10.0,29.33333333333333,24.166666666666668,117.83333333333331,146.16666666666666,0.1674641148325358,0.0,71.13984268229991,37.34579653240342
680.0,1409.8333333333333,3773.152766636112,0.3736486223933746,1052.3333333333337,154.16666666666669,74.16666666666667,824.0,1207.9026776647509,101.66666666666669,52.5,5.0,69.16666666666667,114.83333333333331,162.0,135.0,412.1666666666667,0.0,0.0,90.38034863164228,65.18899569977492
681.0,763.3333333333334,2166.188520002617,0.3523854578143601,705.6666666666665,338.16666666666663,64.16666666666666,303.3333333333333,814.6597789643378,200.16666666666663,138.0,7.0,57.16666666666666,18.0,102.83333333333331,16.333333333333332,166.16666666666666,0.3361349382032835,6.624,66.68740876271949,35.34556859674842
682.0,686.6666666666666,1857.865375280139,0.3695997975973514,17.833333333333336,1.0,8.166666666666668,8.666666666666668,96.61260700315064,1.0,0.0,0.5,7.666666666666667,2.5,0.0,1.0,5.166666666666667,0.6716662799265757,0.0,46.43002693906649,31.67758045082424
683.0,1173.0,3477.3570424071954,0.3373251540451516,0.0,0.0,0.0,0.0,226.135133990739,0.0,0.0,0.0,0.0,0.0,0.0,0.0,0.0,10.93048852003836,0.0,161.01929528548428,54.18535018521637
684.0,1574.6666666666667,4743.803552868386,0.33194179504219345,27.666666666666668,0.1666666666666666,2.6666666666666665,24.833333333333336,218.3866718777188,0.1666666666666666,0.0,0.1666666666666666,2.5,3.1666666666666665,4.333333333333333,4.166666666666667,13.166666666666666,8.574707152417083,0.0,109.2882909992352,72.85700705939989
685.0,500.3333333333333,1390.0047777834045,0.3599508011268844,0.0,0.0,0.0,0.0,74.15586235639475,0.0,0.0,0.0,0.0,0.0,0.0,0.0,0.0,0.6722737518310001,0.0,50.30908414338605,23.1745044611777
686.0,407.6666666666667,1381.1023908360255,0.2951748323452637,26.833333333333336,1.0,1.0,24.833333333333336,69.12234504403419,1.0,0.0,0.0,1.0,7.0,0.1666666666666666,7.166666666666667,10.5,0.0,0.0,23.28251808625158,19.006493624449277
687.0,635.0,2030.450869016094,0.31273842164312265,14.0,0.1666666666666666,4.666666666666666,9.166666666666666,77.79528816038531,0.1666666666666666,0.0,3.6666666666666665,1.0,6.666666666666667,0.0,0.3333333333333333,2.1666666666666665,4.705903650228563,0.0,29.745889284735544,29.343495225421204
688.0,549.1666666666666,1590.020604738338,0.3453833648634008,0.0,0.0,0.0,0.0,44.60539510702285,0.0,0.0,0.0,0.0,0.0,0.0,0.0,0.0,0.0,0.0,19.26354028411401,25.34185482290884
689.0,0.1666666666666666,0.2991132267219481,0.5572025967998996,0.0,0.0,0.0,0.0,57.675563190988434,0.0,0.0,0.0,0.0,0.0,0.0,0.0,0.0,57.669989992493726,0.0,0.005573198494708,0.0
690.0,818.3333333333334,2070.120454564687,0.39530710955919507,974.5,49.0,24.666666666666668,900.8333333333331,1088.7772227506232,48.16666666666666,0.8333333333333334,2.1666666666666665,22.5,120.16666666666669,136.83333333333334,304.8333333333333,339.0,16.980942578761,0.0,59.6170362728082,37.67924389905394
691.0,584.8333333333334,1418.5996088700997,0.4122610281833838,934.8333333333331,47.5,374.0,513.3333333333333,1031.0103574921252,46.0,1.5,284.1666666666667,89.83333333333333,91.83333333333331,21.666666666666668,127.0,272.8333333333333,14.627782936631595,0.0,54.54033247536705,27.00890874679344
692.0,626.5,1655.3093331198236,0.3784791080826035,733.6666666666666,9.5,27.5,696.6666666666666,808.7423796591303,7.666666666666667,1.8333333333333333,4.0,23.5,167.33333333333334,25.166666666666668,47.333333333333336,456.8333333333333,0.0,0.0,46.23255946207843,28.843153530385138
693.0,1371.8333333333333,3409.5655974828765,0.40234842067449705,2050.833333333333,73.16666666666667,84.66666666666667,1893.0,2231.03832926963,53.5,19.666666666666668,26.83333333333333,57.833333333333336,242.16666666666663,215.16666666666663,411.5,1024.1666666666667,3.0264380986201425,0.0,113.82357911649176,63.354978721185546
694.0,599.9999905137623,1299.1143739096574,0.4618530920476809,945.1666517232073,102.16666505137121,99.33333176283398,743.6666549090021,1026.5786714741412,68.66666558101946,33.499999470351725,8.16666653754843,91.16666522528557,77.99999876678909,144.83333104346096,61.33333236362903,459.49999273512293,2.0176253671806386,0.0,51.3848252747757,28.00956910897759
695.0,30.00000000412763,87.22187308775084,0.3439504214034213,203.66666669468867,3.3333333337919586,62.833333341978424,137.5000000189183,229.0830350120752,3.3333333337919586,0.0,46.500000006397826,16.333333335580598,0.0,0.0,0.8333333334479898,136.66666668547032,16.64500771599268,0.0,7.771018831548315,1.0003417698454913
696.0,557.0,1585.404218889177,0.35132995949150775,847.6666666666665,296.8333333333333,51.0,499.83333333333326,922.4061601468348,172.66666666666666,124.16666666666669,9.0,42.0,82.83333333333333,45.5,41.16666666666666,330.3333333333333,2.0176253990800954,0.0,46.71298206868388,26.008886012404272
697.0,679.3333333333334,1721.5179676820385,0.3946129788282321,494.33333333333326,3.1666666666666665,27.833333333333336,463.33333333333326,570.0680602269657,2.5,0.6666666666666666,14.833333333333334,13.0,44.16666666666666,29.83333333333333,212.66666666666663,176.66666666666666,3.0264380986201425,0.0,41.53098171761625,31.177307077396136
698.0,1000.6666666666666,2753.4821818100954,0.36341860981604185,49.33333333333333,0.0,0.0,49.33333333333333,133.6033653428575,0.0,0.0,0.0,0.0,0.0,48.16666666666666,0.5,0.6666666666666666,0.0,0.0,37.92088619498224,46.349145814541934
699.0,262.1666645350374,646.4145084225686,0.40557051415011874,68.33333277772746,6.666666612461217,2.6666666449844865,58.99999952028177,97.68736002369785,0.9999999918691825,5.666666620592035,0.0,2.6666666449844865,9.833333253380296,2.1666666490498954,4.499999963411321,42.49999965444026,3.026438074012727,0.0,14.156798595973958,12.170790575983679
700.0,570.0,1210.5657129037509,0.4708542410578907,997.5,508.8333333333333,51.333333333333336,437.33333333333337,1075.6360083146913,176.0,332.8333333333333,33.333333333333336,18.0,46.833333333333336,120.0,54.5,216.0,0.0,0.0,52.12712230228714,26.008886012404272
701.0,783.3333401478294,1780.3419914731985,0.43999037482660075,777.5000067637498,51.50000044801686,44.166667050888236,681.8333392648447,867.7689647084813,32.83333361896221,18.66666682905466,4.166666702913986,40.000000347974265,35.3333336407106,151.66666798606906,285.5000024836663,209.3333351543986,2.0176254166321383,0.0,51.90562684753192,36.34570568056755
702.0,1002.5,2014.0811577727875,0.49774558295783133,764.0,129.83333333333331,112.66666666666666,521.5,872.4364539704776,106.83333333333331,23.0,10.833333333333334,101.83333333333331,32.166666666666664,61.16666666666666,36.0,392.1666666666667,1.0088126995400477,0.0,61.24516207323342,46.1824791977041
703.0,1115.8333333333333,2683.341100757112,0.4158373055958103,3447.9999999999995,489.8333333333333,128.16666666666669,2829.9999999999995,3654.957711091805,379.0,110.83333333333331,35.5,92.66666666666669,69.33333333333333,20.33333333333333,2321.6666666666665,418.6666666666667,0.0,0.0,155.43991638858887,51.51779470321683
704.0,1354.5,2502.7698716591945,0.5412003777646737,3883.3333333333335,1699.8333333333333,146.16666666666666,2037.3333333333333,4145.207645738065,745.6666666666666,954.1666666666666,114.5,31.666666666666668,327.6666666666667,87.16666666666667,544.5,1078.0,0.0,0.0,199.35300879281095,62.52130361192085
705.0,1720.1666666666667,4456.616785730798,0.38598038587798233,1919.666666666667,264.1666666666667,121.66666666666669,1533.8333333333337,2122.592897773025,195.83333333333331,68.33333333333333,14.0,107.66666666666669,197.83333333333331,33.666666666666664,380.6666666666667,921.6666666666666,2.0176253990800954,0.0,121.38137810161976,79.52722760565865
706.0,201.16666666666663,496.1517234850298,0.4054539310145848,139.33333333333334,8.166666666666666,17.166666666666668,114.0,178.5367687651105,8.166666666666666,0.0,1.8333333333333333,15.333333333333334,11.833333333333334,5.5,10.166666666666666,86.5,4.708536031401379,0.0,25.158490015171136,9.336409385204668
707.0,1200.5,3089.7312605214024,0.38854511890377535,16.5,0.0,0.0,16.5,142.0018254402845,0.0,0.0,0.0,0.0,4.166666666666667,0.0,12.0,0.3333333333333333,1.3445460451418143,0.0,68.47140545265334,55.68587394248934
708.0,1125.5,3163.8994479845114,0.3557319119977007,17.166666666666668,0.0,0.0,17.166666666666668,111.51755663765798,0.0,0.0,0.0,0.0,7.666666666666667,0.0,9.0,0.5,0.0,0.0,42.33311794618277,52.017772024808544
709.0,372.1666666666667,849.4223827582251,0.43814087575391586,366.6666666666666,6.5,131.0,229.16666666666663,410.252362234354,5.5,1.0,46.0,85.0,49.5,5.0,95.33333333333331,79.33333333333333,1.3447485351908748,0.0,24.90157568462664,17.339371347869843
710.0,513.1666666666666,1252.4174249279922,0.40974091900403825,1416.5,632.3333333333333,139.0,645.1666666666666,1504.3461634619855,443.8333333333333,188.5,3.8333333333333335,135.16666666666666,47.333333333333336,26.5,119.0,452.3333333333333,0.0,0.0,64.17136264389742,23.6748008180881
711.0,418.1666666666667,801.7658907425501,0.5215570673371804,1280.5,985.5,47.333333333333336,247.66666666666669,1424.481504525077,451.1666666666667,534.3333333333334,4.0,43.333333333333336,12.833333333333334,10.0,24.33333333333333,200.5,0.0,0.0,124.80784286858072,19.173661656496403
712.0,125.83333333333331,315.12403652107554,0.39931366303413535,1355.8333333333333,73.0,110.66666666666669,1172.1666666666663,1417.1333979402043,51.0,22.0,6.0,104.66666666666669,153.16666666666666,97.66666666666669,297.8333333333333,623.5,3.025830626715718,0.0,52.6058356931884,5.668398286966752
713.0,831.8333333333334,2133.0953601455444,0.38996537561104444,51.16666666666666,2.0,5.166666666666667,44.0,128.88649608620307,2.0,0.0,0.0,5.166666666666667,3.0,0.0,18.0,23.0,0.8401380007448669,0.0,38.53325694030239,38.34643447848913
714.0,1116.6666666666667,3407.028016242422,0.3277538844245336,130.66666666666666,5.0,2.5,123.16666666666666,311.3553749806484,5.0,0.0,0.8333333333333334,1.6666666666666667,11.0,53.66666666666666,28.5,30.0,1.681689563429268,0.0,127.3232634243064,51.68375532624604
715.0,482.0,1255.9648455664767,0.3837687031619137,19.666666666666664,0.0,0.0,19.666666666666664,74.69508598147708,0.0,0.0,0.0,0.0,2.833333333333333,0.0,2.1666666666666665,14.666666666666666,0.0,0.0,32.6876353446284,22.340783970182013
716.0,263.3333333333333,816.3354880353792,0.3225797937157924,147.66666666666669,1.0,4.333333333333334,142.33333333333334,199.0097865502546,1.0,0.0,0.1666666666666666,4.166666666666667,4.166666666666667,3.333333333333333,106.0,28.83333333333333,0.5046105344460078,0.0,38.50091528344233,12.337594065699603
717.0,1339.5,3381.667208505029,0.39610639291504013,49.5,2.1666666666666665,19.166666666666664,28.166666666666668,221.94624063998552,2.1666666666666665,0.0,7.5,11.666666666666666,3.333333333333333,1.5,1.8333333333333333,21.5,5.381409019866166,0.0,105.04375628025942,62.02107533985995
718.0,256.0,837.7557096034601,0.30557834111470755,138.5,3.5,4.666666666666666,130.33333333333334,167.65868144176216,3.5,0.0,0.3333333333333333,4.333333333333333,13.333333333333334,65.5,4.666666666666667,46.833333333333336,4.035250798160191,0.0,13.119329407107688,12.00410123649428
719.0,0.0,0.0,0.0,1017.5,21.5,746.3333333333334,249.66666666666663,1074.522311866265,21.5,0.0,255.83333333333331,490.5,79.83333333333333,5.833333333333333,9.333333333333334,154.66666666666666,0.0,23.184,33.838311866264725,0.0
720.0,1391.1666666666667,2843.2320086514096,0.48929058987575175,3019.166666666667,2177.0,128.5,713.6666666666667,3719.369361005152,1777.3333333333333,399.6666666666667,41.333333333333336,87.16666666666667,84.33333333333333,46.16666666666666,138.5,444.6666666666667,0.0,0.0,635.8491501835045,64.35354415498107
721.0,614.5,1434.945575329729,0.42823923817375237,486.0,27.5,30.833333333333336,427.6666666666666,598.1056295652421,21.5,6.0,3.1666666666666665,27.666666666666668,33.166666666666664,138.5,48.333333333333336,207.66666666666663,0.0,0.0,83.59571831838609,28.50991124685605
722.0,334.1666666018005,643.8602539007601,0.5190049619887027,1287.6666664167135,127.33333330861625,35.83333332637761,1124.4999997817197,1378.6114573400168,59.66666665508456,67.66666665353168,4.833333332395119,30.999999993982488,109.99999997864754,386.66666659160956,159.33333330240464,468.4999999090579,0.5042060404205999,0.0,75.10232992808656,15.338254954796133
723.0,1378.0000001939156,2738.610312110985,0.5031749110488527,253.1666667022929,56.500000007950824,1.3333333335209634,195.3333333608211,372.43373250335543,2.000000000281445,54.50000000766938,0.33333333338024085,1.0000000001407225,12.00000000168867,63.16666667555563,12.500000001759032,107.66666668181782,0.0,0.0,55.245192530750366,64.02187327031214
724.0,1731.3333333333333,4026.8669995109326,0.429945496969134,696.0,161.83333333333334,26.666666666666668,507.5,910.625689722734,99.0,62.833333333333336,2.0,24.666666666666668,91.66666666666669,38.0,91.0,286.8333333333333,4.035250798160191,0.0,130.39597517092156,80.19446375365236
725.0,212.0,692.8226834837342,0.3059946001392393,104.0,0.1666666666666666,0.0,103.83333333333331,125.0163205786983,0.1666666666666666,0.0,0.0,0.0,0.0,101.16666666666669,0.8333333333333334,1.8333333333333333,0.5038015430848798,0.0,10.509101338534869,10.003417697078566
726.0,309.5,870.220469217345,0.35565699836773174,86.0,0.3333333333333333,0.0,85.66666666666667,142.6684308553528,0.3333333333333333,0.0,0.0,0.0,0.0,81.33333333333333,1.6666666666666667,2.6666666666666665,1.5130148646340875,0.0,40.81704719889235,14.338368791826348
727.0,488.0,1166.743354340043,0.41825822121440964,0.0,0.0,0.0,0.0,249.54150039155525,0.0,0.0,0.0,0.0,0.0,0.0,0.0,0.0,0.6716662799265757,0.0,226.191866963283,22.67796714834568
728.0,482.1666666666667,1334.8998754185402,0.3612006230171306,355.83333333333337,24.166666666666664,22.5,309.1666666666667,498.7496746100539,4.833333333333333,19.33333333333333,5.166666666666667,17.333333333333332,28.33333333333333,125.0,18.83333333333333,137.0,5.212732393843383,0.0,115.19574840989652,22.507860472980585
729.0,352.666666198998,830.5741676094569,0.42460586899064845,1803.9999976077286,78.99999989523867,1336.3333315612317,388.6666661512586,1894.9209235447718,78.99999989523867,0.0,478.99999936480157,857.3333321964299,107.16666652455375,6.499999991380397,81.16666655903214,193.83333307629232,3.026438094606805,0.0,71.88901954833484,16.005468294100968
730.0,970.1666666666666,2506.5271218833564,0.38705612167392067,361.1666666666666,163.0,19.0,179.16666666666666,467.8106101931008,154.16666666666666,8.833333333333334,1.1666666666666667,17.833333333333332,21.83333333333333,9.833333333333334,17.0,130.5,2.186300097875276,0.0,59.60918113477235,44.84846229378652
731.0,320.0,974.2075951748074,0.3284720849898329,10.5,0.0,0.0,10.5,94.56079353970672,0.0,0.0,0.0,0.0,10.333333333333334,0.0,0.0,0.1666666666666666,7.565894937298807,0.0,61.65659810101075,14.838300501397155
732.0,601.6666666666666,1801.8912284971784,0.33390842751838656,131.83333333333334,5.333333333333333,2.0,124.5,206.6189938567794,5.333333333333333,0.0,0.1666666666666666,1.8333333333333333,25.5,56.0,3.8333333333333335,39.16666666666666,6.220340312072821,0.0,40.88919786421923,27.67612234715404
733.0,236.66666666666663,682.3843639323383,0.3468231090508007,342.0,34.833333333333336,39.66666666666667,267.5,429.30738381095375,33.0,1.8333333333333333,2.833333333333333,36.833333333333336,25.5,22.166666666666668,25.0,194.83333333333331,6.05368131317698,0.0,70.41660979729427,10.837092700482494
734.0,295.5,947.4602738788814,0.31188642748073175,491.33333333333337,40.833333333333336,51.33333333333333,399.1666666666667,626.194642781774,40.0,0.8333333333333334,7.666666666666667,43.66666666666666,38.333333333333336,29.33333333333333,82.16666666666667,249.33333333333331,2.689696659104792,0.0,118.66707863377378,13.504534155561965
735.0,432.1666666666667,1448.3845787150224,0.2983783955018882,0.0,0.0,0.0,0.0,44.883337592000935,0.0,0.0,0.0,0.0,0.0,0.0,0.0,0.0,0.5046105344460078,0.0,24.371891663397797,20.00683539415713
736.0,441.8333288053245,1024.374715882355,0.4313200257239336,12.499999871897147,0.16666666495862859,3.9999999590070874,8.333333247931431,68.63138330956437,0.16666666495862859,0.0,0.0,3.9999999590070874,3.9999999590070874,0.0,0.3333333299172573,3.9999999590070874,1.6816934216193231,0.0,33.94276353946844,20.506926476579466
737.0,834.5,1957.2126626139752,0.4263716539037077,899.8333333333334,80.83333333333334,141.0,678.0,1022.5246854841744,43.0,37.833333333333336,95.0,46.0,52.833333333333336,97.66666666666669,121.83333333333331,405.6666666666667,0.0,0.0,84.0112655092182,38.68008664162272
738.0,179.66666666666666,310.9315092694866,0.5778335784905874,1164.3333333333337,371.83333333333337,67.83333333333333,724.6666666666667,1217.0322296591614,231.33333333333331,140.5,4.333333333333333,63.5,66.16666666666667,22.33333333333333,152.5,483.6666666666667,0.0,0.0,44.69616216816497,8.002734157662852
739.0,1546.3333333333333,3713.087346189088,0.41645487680768034,898.3333333333334,131.83333333333334,47.5,719.0,1054.1729446731745,84.16666666666667,47.66666666666666,12.0,35.5,87.0,36.0,152.66666666666666,443.3333333333333,2.0176253990800954,0.0,81.96406796024338,71.8579179805178
740.0,3.0,8.695699916167234,0.3449981058364646,0.0,0.0,0.0,0.0,35.74394462029758,0.0,0.0,0.0,0.0,0.0,0.0,0.0,0.0,35.644177829503434,0.0,0.0997667907941471,0.0
741.0,192.0,565.2678535958515,0.33966198286109134,0.0,0.0,0.0,0.0,17.72197017183199,0.0,0.0,0.0,0.0,0.0,0.0,0.0,0.0,0.0,0.0,8.71889424446128,9.003075927370709
742.0,353.0,984.0301003075784,0.35872886397444825,1093.8333333333333,8.5,7.166666666666667,1078.1666666666663,1157.9540973604396,7.833333333333333,0.6666666666666666,0.6666666666666666,6.5,22.5,4.666666666666667,972.6666666666666,78.33333333333333,0.0,0.0,48.11529571178065,16.005468315325704
743.0,706.5,2303.404162355895,0.3067199458723735,293.0,13.166666666666666,16.0,263.8333333333333,373.7650727458226,12.5,0.6666666666666666,1.5,14.5,21.166666666666668,132.5,19.33333333333333,90.83333333333331,4.035250798160191,3.312,40.74010472920328,32.677717218459115
744.0,940.5,2376.875337639763,0.39568755883256224,64.0,0.1666666666666666,0.1666666666666666,63.66666666666666,143.94022068967433,0.1666666666666666,0.0,0.1666666666666666,0.0,4.166666666666667,50.5,6.833333333333333,2.1666666666666665,2.353760337283379,0.0,34.07160480890995,43.51485554348099
745.0,170.66666666666666,450.4198655170004,0.3789057271503162,6.833333333333332,2.0,2.6666666666666665,2.1666666666666665,20.90680881839595,2.0,0.0,0.0,2.6666666666666665,1.3333333333333333,0.0,0.0,0.8333333333333334,0.1678657074340527,0.0,5.902875619965717,8.002734157662852
746.0,196.0,595.2258536000704,0.3292867720959102,215.33333333333331,7.333333333333333,15.5,192.5,246.68723615274308,6.333333333333333,1.0,2.5,13.0,21.33333333333333,12.166666666666666,23.5,135.5,0.504206040518473,0.0,21.68020471182901,9.169492067062274
747.0,849.0,1939.5323618473265,0.43773438211227456,2225.666666666667,486.3333333333333,99.0,1640.3333333333337,2380.097423470679,410.3333333333333,76.0,15.666666666666666,83.33333333333333,189.5,210.0,426.6666666666667,814.1666666666666,0.0,0.0,115.25071556895344,39.18004123505899
748.0,461.0,1362.9105681191163,0.33824669848748967,13.166666666666666,0.0,0.0,13.166666666666666,61.29344103821976,0.0,0.0,0.0,0.0,0.0,11.5,1.1666666666666667,0.5,2.0176253990800954,0.0,24.76850180101272,21.340647171460272
749.0,333.8333333333333,1057.328761699928,0.3157327648938731,0.0,0.0,0.0,0.0,26.608605106688813,0.0,0.0,0.0,0.0,0.0,0.0,0.0,0.0,0.1684717208182912,0.0,11.101673482035546,15.338459903834975
750.0,476.5,1421.588809671321,0.33518834472970377,677.8333333333333,349.3333333333333,23.333333333333336,305.16666666666663,739.562937017496,239.66666666666663,109.66666666666669,2.1666666666666665,21.166666666666668,32.666666666666664,23.0,42.5,207.0,0.0,0.0,39.72208475058974,22.007518933572843
751.0,17.833333333333332,55.18644851319672,0.32314696476742566,1991.0,291.0,638.0,1062.0,2061.1421861375693,280.1666666666667,10.833333333333334,303.0,335.0,561.6666666666666,2.6666666666666665,209.5,288.1666666666667,0.3369439295644115,0.0,68.80490043829718,1.0003417697078565
752.0,60.16666666666666,137.65538033995668,0.43708183812414575,2920.333333333333,370.33333333333337,250.0,2300.0,3023.460171791579,207.83333333333331,162.5,105.0,145.0,179.0,88.0,946.8333333333334,1086.1666666666667,1.0088126995400477,0.0,99.1170004495815,3.0010253091235697
753.0,1.0,2.5894964743263937,0.3861754630348088,0.0,0.0,0.0,0.0,17.18307148911219,0.0,0.0,0.0,0.0,0.0,0.0,0.0,0.0,17.149815892180808,0.0,0.0332555969313823,0.0
754.0,482.8333333333333,1778.1462466371906,0.2715374701301775,132.33333333333331,10.666666666666666,10.0,111.66666666666666,181.18542543995392,9.666666666666666,1.0,0.3333333333333333,9.666666666666666,18.0,48.5,5.833333333333333,39.333333333333336,6.220340312072821,0.0,20.45761171921038,22.17414007533739
755.0,591.0,2008.040262390217,0.2943168078196395,0.0,0.0,0.0,0.0,63.34040639092268,0.0,0.0,0.0,0.0,0.0,0.0,0.0,0.0,1.0080037081789197,0.0,35.15639435640886,27.176008326334905
756.0,457.1666666666667,1452.720875953826,0.31469683834928075,864.8333333333333,33.16666666666667,95.5,736.1666666666666,930.3039009506664,31.166666666666668,2.0,7.666666666666667,87.83333333333333,32.333333333333336,95.0,115.0,493.8333333333333,0.0,0.0,44.46339045346832,21.00717716386499
757.0,707.1666666666666,1367.0752534518515,0.5172843739809332,736.5,215.83333333333331,42.33333333333333,478.33333333333337,824.3558558145006,54.333333333333336,161.5,12.0,30.33333333333333,53.5,32.333333333333336,96.33333333333331,296.1666666666667,0.0,0.0,55.011266852589216,32.84458896191139
758.0,686.5,1543.5043473121214,0.4447671308444839,1317.8333333333337,109.16666666666666,65.5,1143.1666666666667,1417.3337086714491,65.5,43.66666666666666,8.5,57.0,103.16666666666669,276.1666666666667,115.16666666666669,648.6666666666666,0.0,0.0,67.822885937055,31.67748940106084
759.0,370.1666666666667,1241.2176557992136,0.2982286506618521,13.5,0.0,1.8333333333333333,11.666666666666666,78.16023594557387,0.0,0.0,0.8333333333333334,1.0,11.0,0.0,0.1666666666666666,0.5,7.397826251887864,0.0,40.08993286727316,17.172476826412858
760.0,603.5,1980.136873471273,0.30477691117485034,192.0,2.0,4.666666666666666,185.33333333333331,256.88507674091665,2.0,0.0,0.3333333333333333,4.333333333333333,13.0,110.66666666666669,6.333333333333333,55.333333333333336,10.088126995400478,0.0,26.787380193696183,28.009569551819983
761.0,330.3333333333333,1091.9633886622842,0.3025131948224107,1257.8333333333337,10.333333333333332,12.833333333333332,1234.6666666666667,1332.6869363677692,9.666666666666666,0.6666666666666666,4.666666666666667,8.166666666666666,39.16666666666666,952.3333333333334,82.16666666666667,161.0,4.035250798160191,0.0,55.64653625220984,15.171815984065724
762.0,491.6666666666667,1630.9339413981718,0.3014632623594609,382.0,6.333333333333333,10.666666666666666,365.0,458.7674606766505,5.5,0.8333333333333334,2.5,8.166666666666666,34.166666666666664,202.66666666666663,18.166666666666668,110.0,4.371789745869238,0.0,49.55449966594841,22.841171264832827
763.0,484.5,1610.1282142615944,0.3009077138755636,0.0,0.0,0.0,0.0,43.28678890625535,0.0,0.0,0.0,0.0,0.0,0.0,0.0,0.0,0.0,0.0,20.945822743091934,22.34096616316342
764.0,1255.6666666666667,3318.564936626184,0.3783764038510089,137.16666666666666,2.5,8.333333333333334,126.33333333333331,256.6721829132124,2.5,0.0,1.3333333333333333,7.0,31.33333333333333,64.66666666666667,10.333333333333334,20.0,0.3359358356508271,0.0,61.14941599184663,58.020164419048285
765.0,366.3333333333333,1273.5323386261446,0.28765137894222986,217.66666666666669,2.5,44.0,171.16666666666669,256.7696649037324,1.6666666666666667,0.8333333333333334,3.0,41.0,15.666666666666666,71.66666666666667,8.333333333333334,75.5,1.0088126995400477,0.0,21.08837545249213,17.005810085033563
766.0,248.5,545.3305912836535,0.4556868878656815,63.0,0.0,38.833333333333336,24.166666666666664,94.26737246841178,0.0,0.0,0.0,38.833333333333336,3.6666666666666665,1.1666666666666667,7.166666666666667,12.166666666666666,8.070501596320382,0.0,11.692951959261826,11.50391891282958
767.0,356.5,897.4524133706681,0.39723554663032307,127.5,30.5,6.666666666666667,90.33333333333331,168.10610048327442,30.5,0.0,0.0,6.666666666666667,12.0,4.333333333333333,3.5,70.5,0.336741925685937,0.0,23.7639585202858,16.50540003730267
768.0,528.5,1411.8615614849966,0.3743284854671753,20.83333333333333,0.0,11.0,9.833333333333332,65.27716313255152,0.0,0.0,11.0,0.0,1.8333333333333333,0.0,3.0,5.0,0.0,0.0,19.93539952749164,24.508430271726542
769.0,613.8333333333334,1452.6912859844726,0.4225490572261163,419.1666666666667,22.0,8.333333333333334,388.83333333333337,481.69569629081377,4.666666666666667,17.333333333333332,0.3333333333333333,8.0,7.0,2.0,6.666666666666667,373.1666666666667,0.0,0.0,34.51946007232709,28.009569551819983
770.0,679.5,1798.5059472647838,0.377813596353908,116.66666666666669,0.1666666666666666,8.0,108.5,177.15497016118852,0.1666666666666666,0.0,7.833333333333333,0.1666666666666666,17.833333333333332,84.0,3.1666666666666665,3.5,0.0,0.0,29.144398053365855,31.34390544115597
771.0,557.0,1612.6927455578418,0.3453850719762057,1688.6666666666667,127.0,85.66666666666667,1476.0,1804.856644463551,106.83333333333331,20.166666666666668,10.0,75.66666666666667,181.83333333333331,70.16666666666667,260.8333333333333,963.1666666666666,0.0,0.0,90.1810917844803,26.008886012404272
772.0,392.0,1114.4286743617895,0.35174974318072927,0.0,0.0,0.0,0.0,48.875505317699,0.0,0.0,0.0,0.0,0.0,0.0,0.0,0.0,0.0,0.0,30.702641246505,18.172864071194
773.0,549.6666666666666,1542.4293015773255,0.3563642535217427,13.0,2.333333333333333,0.1666666666666666,10.5,77.89056230831574,2.333333333333333,0.0,0.1666666666666666,0.0,0.0,1.8333333333333333,6.0,2.6666666666666665,0.0,0.0,39.54836583395576,25.34219647435997
774.0,425.1666666666667,1167.7159234613002,0.364101112371923,1020.0,253.66666666666663,40.66666666666667,725.6666666666667,1089.736205024609,192.5,61.16666666666666,4.333333333333333,36.333333333333336,64.66666666666667,18.166666666666668,180.0,462.8333333333333,0.0,0.0,50.06302201158165,19.67318301302748
775.0,3164.0,6590.51454411304,0.48008391132771794,1286.6666666666667,348.6666666666667,40.833333333333336,897.1666666666667,1801.326682545602,131.83333333333334,216.83333333333331,10.666666666666666,30.166666666666668,119.66666666666669,43.16666666666666,212.83333333333331,521.5,11.937887661144934,0.0,356.1742338755178,146.54789434227277
776.0,910.8333333333334,1975.9295068619344,0.46096448793857536,264.16666666666663,24.833333333333336,4.5,234.8333333333333,345.2556743598992,22.666666666666668,2.1666666666666665,0.3333333333333333,4.166666666666667,33.0,37.66666666666666,54.333333333333336,109.83333333333331,0.0,0.0,39.07465336550259,42.01435432772998
777.0,418.8333333333333,898.5915794160056,0.4660997753902089,1054.6666666666663,204.5,69.66666666666666,780.5,1134.6770539106735,107.0,97.5,23.5,46.16666666666666,72.66666666666667,94.16666666666669,174.16666666666666,439.5,0.6716662799265757,0.0,60.16542404849032,19.173296915589894
778.0,849.0,3376.039360410294,0.2514781106985731,18.333333333333336,0.0,13.666666666666668,4.666666666666667,96.37956127350944,0.0,0.0,9.833333333333334,3.8333333333333335,2.5,0.0,2.0,0.1666666666666666,2.355173411295084,0.0,36.34427822467253,39.34677630420848
779.0,484.8333333333333,1235.3471893682554,0.3924672654828902,10.833333333333332,0.0,0.3333333333333333,10.499999999999998,89.66218087816264,0.0,0.0,0.0,0.3333333333333333,10.166666666666666,0.1666666666666666,0.1666666666666666,0.0,0.0,0.0,56.48788145019586,22.34096609463345
780.0,315.3333333333333,991.664509868436,0.31798388486764395,3985.333333333333,1935.3333333333333,102.33333333333331,1947.6666666666667,4143.359705739129,1337.3333333333333,598.0,19.0,83.33333333333333,107.66666666666669,91.5,549.8333333333334,1198.6666666666667,0.0,0.0,143.02124586017837,15.005126545617848
781.0,23.166666666666668,52.56959126366272,0.4406856912863233,2323.6666666666665,16.5,1.6666666666666663,2305.5,2409.219632494385,13.166666666666666,3.333333333333333,0.6666666666666666,1.0,16.5,38.66666666666666,5.666666666666667,2244.6666666666665,1.0088126995400477,0.0,83.54381135847049,1.0003417697078565
782.0,549.3333333333334,1354.6805052871202,0.40550766855311315,51.66666666666667,0.8333333333333333,14.333333333333334,36.5,122.9995466322519,0.1666666666666666,0.6666666666666666,14.333333333333334,0.0,1.8333333333333333,6.0,1.1666666666666667,27.5,0.0,0.0,45.99093403690151,25.34194592868373
783.0,30.5,82.69771534996634,0.3688130907961342,90.0,6.5,9.0,74.5,127.73330055192856,6.5,0.0,0.8333333333333334,8.166666666666666,3.1666666666666665,3.333333333333333,4.333333333333333,63.66666666666666,25.725332516874733,0.0,10.340731725228686,1.667236309825137
784.0,346.6666666666667,1343.8146025049446,0.25797209378470876,363.0,25.83333333333333,20.33333333333333,316.8333333333333,412.188441354189,25.0,0.8333333333333334,3.5,16.833333333333332,22.166666666666668,67.33333333333333,16.166666666666668,211.16666666666663,9.582710370919358,0.0,23.60017159325592,16.005559390013744
785.0,651.3333333333334,1917.360276281306,0.33970315406585216,17.833333333333332,0.0,0.0,17.833333333333332,89.61470617328814,0.0,0.0,0.0,0.0,0.0,17.333333333333332,0.1666666666666666,0.3333333333333333,1.8493522928864312,0.0,39.75512361699956,30.17689693006882
786.0,375.83333317890117,1106.0868523366469,0.3397864574422345,855.49999964847,4.3333333315527405,35.16666665221648,815.9999996647007,921.6545071319679,4.3333333315527405,0.0,4.99999999794547,30.166666654271005,35.66666665201102,685.4999997183239,16.833333326416415,77.99999996794934,3.8673850891370063,0.0,45.11450892562631,17.172613468734685
787.0,479.9999999556886,1130.236435719076,0.42468990096776016,2158.1666664674344,107.49999999007609,102.16666665723513,1948.4999998201235,2293.5742040311034,37.1666666632356,70.33333332684047,75.49999999303019,26.666666664204925,109.66666665654276,840.6666665890601,235.66666664491098,762.4999999296095,0.0,0.0,113.06663969925077,22.340897864417684
788.0,303.6666666666667,752.7081562169824,0.40343214585697806,184.0,1.6666666666666667,8.166666666666666,174.16666666666666,255.2212401199469,1.5,0.1666666666666666,0.1666666666666666,8.0,2.833333333333333,110.16666666666669,36.66666666666666,24.5,0.0,0.0,56.88300805843485,14.338232061512064
789.0,501.5,1264.5920848627757,0.39657056690689246,4.0,0.0,0.0,4.0,53.15193813876755,0.0,0.0,0.0,0.0,0.0,3.0,1.0,0.0,0.0,0.0,26.14407743548685,23.0078607032807
790.0,463.8333333333333,1181.888425890026,0.39245103274790233,31.833333333333336,0.0,4.666666666666667,27.166666666666668,84.82319559939289,0.0,0.0,0.0,4.666666666666667,2.6666666666666665,1.8333333333333333,1.1666666666666667,21.5,0.0,0.0,31.48275335529297,21.507108910766583
791.0,1.0,2.0594524080663583,0.4855659669935809,133.83333333333334,7.833333333333333,50.16666666666666,75.83333333333334,146.38890515213387,7.833333333333333,0.0,7.5,42.66666666666666,1.8333333333333333,0.0,5.333333333333333,68.66666666666667,8.070501596320382,0.0,4.485070222480149,0.0
792.0,58.66666666666666,141.451503562246,0.4147475649903593,23.5,1.8333333333333333,11.166666666666666,10.5,33.407572850061,1.8333333333333333,0.0,1.5,9.666666666666666,0.0,0.0,0.3333333333333333,10.166666666666666,0.8405434687708168,0.0,6.232761863309314,2.834267517980869
793.0,680.8333333333334,1828.5756629794096,0.3723298669654228,5.0,0.0,0.0,5.0,73.83144207130435,0.0,0.0,0.0,0.0,0.0,0.0,5.0,0.0,1.3447456338648565,0.0,36.14249494444713,31.344201492992365
794.0,60.66666666666666,198.42472691140637,0.3057414648414933,182.5,5.333333333333334,57.83333333333333,119.33333333333331,256.5380513451836,3.333333333333333,2.0,36.0,21.83333333333333,9.0,18.5,6.0,85.83333333333333,32.78459734440376,0.0,38.41923205748911,2.8342219432907503
795.0,538.1666666666666,1685.3884470769874,0.31931313377638426,43.16666666666666,0.0,0.0,43.16666666666666,95.84187268930856,0.0,0.0,0.0,0.0,0.0,41.333333333333336,0.6666666666666666,1.1666666666666667,0.5042050664200578,0.0,27.162183389844472,25.00881756637736
796.0,474.0,1371.3282691218758,0.3456502798586103,0.0,0.0,0.0,0.0,39.1104909394266,0.0,0.0,0.0,0.0,0.0,0.0,0.0,0.0,0.8393328848081719,0.0,16.430601901855105,21.840556152763323
797.0,442.5,997.4997367437908,0.4436091396319403,0.0,0.0,0.0,0.0,34.722389122728124,0.0,0.0,0.0,0.0,0.0,0.0,0.0,0.0,0.0,0.0,14.715553728570994,20.00683539415713
798.0,398.8333333333333,898.2009488914965,0.4440357514936368,54.50000000000001,0.3333333333333333,0.1666666666666666,54.00000000000001,87.91563812669222,0.3333333333333333,0.0,0.1666666666666666,0.0,0.0,52.333333333333336,0.3333333333333333,1.3333333333333333,0.0,0.0,15.075925090050635,18.339713036641573
799.0,559.6666666666666,1431.1155130858442,0.39107022567303795,43.333333333333336,8.833333333333334,3.8333333333333335,30.666666666666668,90.39457607750232,8.833333333333334,0.0,2.833333333333333,1.0,10.0,2.0,6.166666666666667,12.5,0.0,0.0,21.385758386665163,25.675484357503816
800.0,0.0,0.0,0.0,8.999999999999998,0.0,0.1666666666666666,8.833333333333332,17.369832418445526,0.0,0.0,0.1666666666666666,0.0,0.8333333333333334,0.0,0.1666666666666666,7.833333333333333,8.070501596320382,0.0,0.2993308221251412,0.0
801.0,64.33333333333333,184.87730309719464,0.3479785363350507,567.6666666666667,53.5,341.33333333333337,172.83333333333331,600.0148283213763,50.333333333333336,3.1666666666666665,187.33333333333331,154.0,52.16666666666666,15.5,4.833333333333333,100.33333333333331,0.0,0.0,29.51375746242591,2.8344041922836567
802.0,259.5,563.3599149945762,0.4606291521513353,1350.5,308.6666666666667,16.833333333333332,1025.0,1416.043876660686,27.5,281.1666666666667,5.166666666666667,11.666666666666666,222.33333333333331,13.833333333333334,165.5,623.3333333333334,0.0,0.0,53.53977542419179,12.00410123649428
803.0,565.1666666666666,1222.1575736292073,0.4624335510096292,584.1666666666667,376.8333333333333,20.666666666666668,186.66666666666669,648.3970570933881,242.66666666666663,134.16666666666666,4.0,16.666666666666668,26.666666666666668,7.0,7.666666666666667,145.33333333333334,0.0,0.0,38.22150441431711,26.008886012404272
804.0,265.3333333333333,575.2874232600582,0.461218727553148,0.0,0.0,0.0,0.0,20.82789797908828,0.0,0.0,0.0,0.0,0.0,0.0,0.0,0.0,0.0,0.0,8.823796742593997,12.00410123649428
805.0,805.5,2247.5753970361798,0.35838619743844513,0.0,0.0,0.0,0.0,66.63347079457742,0.0,0.0,0.0,0.0,0.0,0.0,0.0,0.0,0.0,0.0,29.6207569626919,37.01271383188552
806.0,447.5,1131.384340648041,0.3955331392899413,1646.833333333333,146.16666666666666,249.0,1251.6666666666663,1740.5023560333852,120.0,26.166666666666668,178.5,70.5,339.5,17.166666666666668,114.33333333333331,780.6666666666666,1.0088126995400477,0.0,71.81990454901243,20.84030545149957
807.0,65.0,155.99824624290147,0.4166713508996115,2924.333333333333,1016.3333333333331,150.5,1757.5,3030.079323687943,808.6666666666666,207.66666666666663,35.833333333333336,114.66666666666669,214.5,125.33333333333331,139.0,1278.6666666666667,0.0,0.0,102.74496504548654,3.0010253091235697
808.0,601.6666666666666,1447.2795482661911,0.41572249631209807,1447.5,710.8333333333334,68.0,668.6666666666667,1543.6554354619002,502.0,208.83333333333331,10.666666666666666,57.333333333333336,66.0,43.16666666666666,97.83333333333331,461.6666666666667,0.0,0.0,68.14586591008012,28.009569551819983
809.0,294.1666666666667,713.5319668430308,0.4122683780632636,441.8333333333333,62.0,43.0,336.8333333333333,481.6470057381986,28.33333333333333,33.666666666666664,5.5,37.5,37.5,100.5,67.33333333333333,131.5,0.0,0.0,25.97557706740319,13.838095337462116
810.0,311.5,690.5948626526409,0.45106040726034174,539.8333333333333,137.33333333333331,55.16666666666666,347.3333333333333,582.1501711025426,127.83333333333331,9.5,10.5,44.66666666666666,39.5,26.5,24.0,257.3333333333333,0.0,0.0,28.312052993299265,14.004784775909991
811.0,445.5,981.0283958408096,0.4541152956313517,0.0,0.0,0.0,0.0,35.98895993446631,0.0,0.0,0.0,0.0,0.0,0.0,0.0,0.0,0.0,0.0,15.14854056174402,20.840419372722288
812.0,296.8333333333333,654.0732921739612,0.4538227395690478,114.0,0.3333333333333333,2.333333333333333,111.33333333333331,142.0005065870607,0.3333333333333333,0.0,1.0,1.3333333333333333,0.0,107.33333333333331,0.8333333333333334,3.1666666666666665,0.0,0.0,13.995721811150696,14.004784775909991
813.0,0.0,0.0,0.0,21.0,1.0,1.1666666666666667,18.83333333333333,25.56588248548197,1.0,0.0,0.1666666666666666,1.0,0.8333333333333334,1.1666666666666667,0.3333333333333333,16.5,3.867385090726138,0.0,0.6984973947558378,0.0
814.0,262.3333333333333,658.1181372557432,0.3986113107704721,13.666666666666668,0.0,3.8333333333333335,9.833333333333334,37.37207254090958,0.0,0.0,3.8333333333333335,0.0,0.8333333333333334,0.0,9.0,0.0,2.3541658053093286,0.0,9.180335466606484,12.1709046023271
815.0,448.5,1107.2064911793116,0.4050734922284389,4.166666666666666,0.1666666666666666,3.5,0.5,40.061155006035534,0.1666666666666666,0.0,0.8333333333333334,2.6666666666666665,0.0,0.0,0.1666666666666666,0.3333333333333333,0.0,0.0,15.054114566261328,20.840373773107537
816.0,2.0,4.384244711489591,0.4561789160077427,104.0,0.1666666666666666,52.5,51.33333333333333,108.533999114656,0.1666666666666666,0.0,0.3333333333333333,52.16666666666666,0.8333333333333334,0.1666666666666666,1.1666666666666667,49.16666666666666,1.0088126995400477,0.0,3.5251864151159684,0.0
817.0,128.0,323.92091249970144,0.39515818541082304,83.0,13.666666666666668,10.166666666666666,59.16666666666666,113.65587641307228,10.333333333333334,3.333333333333333,2.0,8.166666666666666,7.666666666666667,6.0,4.833333333333333,40.66666666666666,16.13837517131415,0.0,8.682185736265822,5.835315505492314
818.0,403.0,1162.1169199742274,0.3467809418082799,59.66666666666666,0.1666666666666666,6.0,53.5,94.72592424873164,0.1666666666666666,0.0,0.1666666666666666,5.833333333333333,2.6666666666666665,1.1666666666666667,0.5,49.16666666666666,0.0,0.0,16.552946281280395,18.506311300784574
819.0,515.0,1480.6136802220285,0.34782874620121845,145.16666666666669,4.333333333333333,4.0,136.83333333333334,197.46346165683548,3.5,0.8333333333333334,2.0,2.0,11.666666666666666,84.0,8.0,33.166666666666664,0.1682692307692307,0.0,28.120254989727687,24.00827076967189
820.0,643.8333333333334,1837.354825990833,0.3504131723637716,23.666666666666664,14.833333333333332,4.333333333333333,4.5,164.14285250517273,0.1666666666666666,14.666666666666666,0.3333333333333333,4.0,0.0,0.0,0.8333333333333334,3.6666666666666665,8.912660630909206,0.0,101.8874935742087,29.676031633388124
821.0,160.5,421.99759449328445,0.3803339215540342,193.66666666666669,65.0,35.33333333333333,93.33333333333334,248.65065831808155,43.5,21.5,5.0,30.33333333333333,14.0,12.333333333333334,9.5,57.5,5.717546374973697,0.0,41.76261738823601,7.503827888205152
822.0,78.83333333333333,187.44812836930507,0.4205607920395881,99.83333333333334,48.66666666666667,15.166666666666666,36.0,121.71321329065032,2.333333333333333,46.333333333333336,3.0,12.166666666666666,3.6666666666666665,0.0,1.5,30.83333333333333,0.0,9.936,8.442786276838314,3.501093680478691
823.0,105.33333333333331,254.48233096489503,0.4139121680234204,169.66666666666669,49.16666666666667,21.166666666666664,99.33333333333331,184.8221469016098,18.0,31.166666666666668,9.5,11.666666666666666,27.0,4.833333333333333,11.5,56.0,1.0088126995400477,0.0,9.1449586868638,5.001708848539283
824.0,0.6666666666666666,1.9917243448608628,0.3347183401090769,2711.166666666667,1311.5,150.16666666666666,1249.5,2801.351506456241,929.6666666666666,381.8333333333333,51.66666666666666,98.5,152.0,151.16666666666666,96.66666666666669,849.6666666666666,0.0,0.0,90.18483978957435,0.0
825.0,791.3333333333334,1733.9076085669412,0.45638725467463814,1757.1666666666663,341.16666666666663,114.5,1301.5,1880.4318767066247,238.16666666666663,103.0,46.66666666666666,67.83333333333333,157.33333333333334,189.5,210.5,744.1666666666666,0.0,0.0,86.41925399921547,36.84595604074282
826.0,815.99999969413,1903.3442586676315,0.42871908010237825,1916.3333326150134,182.8333332647999,45.49999998294475,1687.9999993672689,2045.0442662802727,65.83333330865632,116.99999995614364,13.333333328335458,32.16666665460929,140.49999994733489,261.1666665687708,389.66666652060377,896.6666663305595,0.0,0.0,90.86474982130392,37.846183843954805
827.0,627.8333333333334,1707.5027569311108,0.3676909631828274,1512.0,254.66666666666669,84.66666666666666,1172.6666666666667,1618.1788051041756,172.5,82.16666666666667,18.33333333333333,66.33333333333333,78.33333333333333,130.5,290.0,673.8333333333334,0.673079353938281,0.0,76.16243549580241,29.34329025443509
828.0,729.0,1973.8225019007057,0.3693341216335332,0.0,0.0,0.0,0.0,65.76108742993455,0.0,0.0,0.0,0.0,0.0,0.0,0.0,0.0,0.5048096369984643,0.0,31.578104933395664,33.67817285954042
829.0,421.5,1172.6657139734311,0.3594374722288076,0.0,0.0,0.0,0.0,37.35760409377636,0.0,0.0,0.0,0.0,0.0,0.0,0.0,0.0,0.0,0.0,17.851087772278913,19.506516321497447
830.0,765.3333333333334,2052.6923719834595,0.372843658299277,1604.3333333333337,472.0,94.66666666666669,1037.6666666666667,1719.816479749562,281.5,190.5,25.166666666666668,69.5,209.33333333333331,112.83333333333331,130.0,585.5,0.0,0.0,79.97107050548364,35.512075910744855
831.0,399.8333333333333,1078.947605164374,0.37057715446008155,2115.6666666666665,461.5,141.66666666666666,1512.5,2247.490604036072,289.1666666666667,172.33333333333334,30.33333333333333,111.33333333333331,167.33333333333334,308.1666666666667,235.5,801.5,0.0,26.496,86.82151211631084,18.506425253094157
832.0,609.1666594677506,1731.6194353646897,0.35179014916719065,2245.166640134082,324.1666628357798,130.66666512249424,1790.3333121758083,2369.5988404946115,239.49999716967378,84.66666566610598,50.33333273851182,80.33333238398244,138.83333169265015,140.49999833962073,626.1666592668506,884.8333228766863,0.0,0.0,96.25600999992174,28.176190360608285
833.0,401.8333429954497,1155.2696098107995,0.3478264636955686,3464.500083304195,285.6666735355458,88.83333546933832,3090.0000742993107,3612.080954114021,179.833337657441,105.83333587810475,30.666667404049257,58.166668065289066,230.83333888374028,97.33333567372152,1785.5000429324982,976.3333568093508,0.0,0.0,128.5743994254332,19.006471384392892
834.0,346.8333333333333,926.0720904948944,0.3745208789825261,56.50000000000001,0.1666666666666666,0.1666666666666666,56.16666666666667,85.91883208049013,0.1666666666666666,0.0,0.1666666666666666,0.0,0.0,54.333333333333336,0.8333333333333334,1.0,0.0,0.0,13.41336376516442,16.005468315325704
835.0,603.3333333333334,1930.0388291184956,0.31260165558891534,95.33333333333331,1.8333333333333333,6.5,86.99999999999999,154.24347574418425,0.0,1.8333333333333333,0.5,6.0,17.833333333333332,47.0,2.333333333333333,19.83333333333333,0.0,0.0,31.067330650173652,27.84281176067728
836.0,261.3333333333333,630.629051464524,0.4144010377042305,1282.8333333333337,585.6666666666667,102.16666666666669,595.0,1346.1895016595668,207.0,378.6666666666667,19.5,82.66666666666667,67.83333333333333,69.16666666666667,59.833333333333336,398.1666666666667,0.0,0.0,51.35206708973897,12.00410123649428
837.0,348.3333333333333,702.1295410699818,0.4961097816828856,2152.833333333333,666.1666666666667,101.16666666666666,1385.5,2252.018332436036,544.3333333333334,121.83333333333331,27.33333333333333,73.83333333333333,89.66666666666667,146.5,220.0,929.3333333333334,0.0,0.0,83.1795307873766,16.005468315325704
838.0,516.6666743634859,1082.7919771548845,0.47716152803520534,459.1666735069044,41.16666727992936,16.333333576652137,401.6666726503229,515.6266027840431,25.333333710725757,15.833333569203603,3.5000000521397436,12.833333524512394,41.500000618228384,175.16666927613667,61.16666757787075,123.8333351780871,0.0,0.0,32.45172644649829,24.008202830640425
839.0,320.4999772170032,611.5010127446628,0.5241201086135087,116.49999171850507,0.9999999289142066,0.6666666192761377,114.83332517031474,146.53858973410334,0.9999999289142066,0.0,0.4999999644571033,0.16666665481903437,0.0,110.66665879983888,0.6666666192761377,3.499999751199723,0.0,0.0,14.866783110033113,15.171814905565148
840.0,475.3333333333333,1267.5649649218758,0.374997216306487,190.5,12.0,22.33333333333333,156.16666666666666,234.65029016465596,10.5,1.5,3.5,18.83333333333333,13.833333333333334,54.16666666666666,22.83333333333333,65.33333333333333,0.0,0.0,22.1427712310831,22.007518933572843
841.0,372.1666666666667,1012.8679709687528,0.3674384789862687,115.33333333333334,14.0,4.833333333333334,96.5,148.71833824403086,13.833333333333334,0.1666666666666666,0.1666666666666666,4.666666666666667,3.5,66.5,1.1666666666666667,25.33333333333333,0.0,0.0,16.212573683899432,17.172431226798107
842.0,512.1666666666666,1266.383371780055,0.4044325581650321,27.000000000000004,0.0,3.6666666666666665,23.333333333333336,69.7716715584395,0.0,0.0,3.6666666666666665,0.0,6.666666666666667,0.1666666666666666,6.0,10.5,0.0,0.0,18.76346908545093,24.00820247298856
843.0,210.0,562.4769436040875,0.3733486365759614,0.0,0.0,0.0,0.0,19.650091161811552,0.0,0.0,0.0,0.0,0.0,0.0,0.0,0.0,0.0,0.0,9.979892870640535,9.670198291171014
844.0,503.5,1049.354671743605,0.47981870530331344,838.0000000000001,269.83333333333337,39.5,528.6666666666667,905.787699435213,191.83333333333331,78.0,8.666666666666666,30.83333333333333,15.833333333333334,101.66666666666669,94.0,317.1666666666667,0.0,0.0,44.61308094078958,23.1746184944234
845.0,268.0,643.1229019524374,0.41671661697381157,1026.6666666666667,211.0,29.833333333333336,785.8333333333334,1083.558017354925,196.66666666666663,14.333333333333334,9.333333333333334,20.5,106.66666666666669,37.0,355.0,287.1666666666667,0.0,0.0,44.55368826986353,12.337662418394432
846.0,432.8333333333333,1027.83451581807,0.4211118878303423,330.16666666666663,141.16666666666666,52.33333333333333,136.66666666666666,376.5567064371953,121.83333333333331,19.33333333333333,4.666666666666667,47.66666666666666,17.166666666666668,14.666666666666666,14.0,90.83333333333331,1.0088126995400477,0.0,25.374391676831507,20.00683539415713
847.0,554.5,1629.0000433005662,0.34039287001890484,694.5,160.83333333333334,64.33333333333333,469.3333333333333,762.0464054688942,139.33333333333334,21.5,16.333333333333332,48.0,57.16666666666666,58.66666666666666,39.0,314.5,0.0,0.0,41.53751945649,26.008886012404272
848.0,958.8333333333334,2573.3641731211205,0.3725991615754899,0.0,0.0,0.0,0.0,76.23499561364979,0.0,0.0,0.0,0.0,0.0,0.0,0.0,0.0,0.0,0.0,32.2199577465041,44.015037867145686
849.0,203.83333333333385,558.8243090633157,0.3647538770727299,80.83333333333354,0.3333333333333342,0.3333333333333342,80.16666666666687,99.63494124808474,0.3333333333333342,0.0,0.3333333333333342,0.0,0.0,77.50000000000021,0.3333333333333342,2.3333333333333393,0.0,0.0,9.465016380170438,9.33659153458077
850.0,359.3333333333333,1037.6503194590794,0.34629520812045,66.16666666666667,0.5,0.6666666666666666,65.0,97.322637418872,0.5,0.0,0.6666666666666666,0.0,0.0,62.66666666666666,1.1666666666666667,1.1666666666666667,0.0,0.0,14.150160667171775,17.005810085033563
851.0,210.0,605.3875608730647,0.3468852245611832,3.0,0.0,0.0,3.0,20.08710568035628,0.0,0.0,0.0,0.0,0.0,0.0,3.0,0.0,0.0,0.0,7.083687983277717,10.003417697078566
852.0,526.1666666666666,1498.6717043454282,0.3510886774875618,161.00000000000003,2.0,8.333333333333332,150.66666666666669,208.52753805960285,2.0,0.0,1.5,6.833333333333333,10.833333333333334,69.66666666666667,5.666666666666667,64.5,0.0,0.0,23.519335586614293,24.00820247298856
853.0,541.8333333333334,1474.6308342604498,0.367436595481927,0.0,0.0,0.0,0.0,112.69075830653796,0.0,0.0,0.0,0.0,0.0,0.0,0.0,0.0,0.0,0.0,87.51506904031366,25.1756892662243
854.0,311.1666666666667,710.3946450468007,0.4380194429058049,101.33333333333334,8.833333333333332,4.333333333333333,88.16666666666667,129.38935786156154,7.833333333333333,1.0,1.1666666666666667,3.1666666666666665,38.833333333333336,7.0,4.0,38.333333333333336,0.0,0.0,14.05123975231821,14.004784775909991
855.0,370.8333333333333,903.4473894780034,0.4104647793023062,451.83333333333337,198.16666666666669,20.833333333333336,232.8333333333333,498.6974191210843,109.5,88.66666666666667,12.833333333333334,8.0,26.83333333333333,18.666666666666668,30.83333333333333,156.5,0.0,0.0,29.858275702717368,17.005810085033563
856.0,527.8333333333334,1354.2398993465863,0.3897635371605948,309.8333333333333,39.5,30.83333333333333,239.5,362.0319706594043,33.666666666666664,5.833333333333333,7.833333333333333,23.0,17.833333333333332,31.666666666666668,15.333333333333334,174.66666666666666,0.0,0.0,27.856873671182186,24.34176365488871
857.0,697.6666666666666,2015.223336840915,0.3461981875221513,0.0,0.0,0.0,0.0,57.04578316111304,0.0,0.0,0.0,0.0,0.0,0.0,0.0,0.0,0.0,0.0,24.86815709201375,32.17762606909928
858.0,497.3333333333333,1537.398673943788,0.3234901537007032,5.333333333333334,0.0,0.0,5.333333333333334,84.72769483472804,0.0,0.0,0.0,0.0,0.0,5.166666666666667,0.0,0.1666666666666666,0.0,0.0,56.38650082303863,23.00786067835607
859.0,0.0,0.0,0.0,0.0,0.0,0.0,0.0,6.052876197240285,0.0,0.0,0.0,0.0,0.0,0.0,0.0,0.0,6.052876197240285,0.0,0.0,0.0
860.0,97.0,236.47851442080037,0.41018525610066164,72.16666666666667,2.333333333333333,2.333333333333333,67.5,85.82902183044291,2.333333333333333,0.0,1.3333333333333333,1.0,29.33333333333333,16.666666666666668,4.0,17.5,4.035250798160191,0.0,5.625737286784632,4.001367078831426
861.0,811.3333333333334,2329.550752548212,0.3482788827184147,33.333333333333336,0.0,33.0,0.3333333333333333,142.56926388860953,0.0,0.0,0.1666666666666666,32.833333333333336,0.0,0.0,0.1666666666666666,0.1666666666666666,3.0254309613418044,0.0,68.85843914618921,37.35206044774517
862.0,294.0,886.8821849237448,0.3314983714835567,444.1666666666666,249.8333333333333,90.66666666666669,103.66666666666666,498.0189690048372,128.16666666666666,121.66666666666669,27.33333333333333,63.333333333333336,7.833333333333333,6.833333333333333,15.0,74.0,15.300459723869944,0.0,24.547057838390675,14.004784775909991
863.0,295.0,860.9883965619248,0.34262947233433794,326.6666666666667,123.5,151.5,51.66666666666667,361.3454538104919,9.166666666666666,114.33333333333331,77.5,74.0,1.5,1.0,8.833333333333334,40.333333333333336,0.0,0.0,20.67400236791529,14.004784775909991
864.0,374.8333333333333,898.1755455744502,0.4173274758817882,935.5,89.83333333333334,406.1666666666666,439.5,996.9155816106144,50.0,39.833333333333336,381.3333333333333,24.83333333333333,124.0,141.5,35.5,138.5,0.0,0.0,44.24308208713284,17.172499523481438
865.0,194.0,303.1457557742055,0.639956180499847,2678.0,504.1666666666667,156.33333333333334,2017.5,2782.509870250106,350.6666666666667,153.5,33.666666666666664,122.66666666666669,372.0,48.5,610.8333333333334,986.1666666666666,0.0,0.0,95.50679432273502,9.003075927370709
866.0,601.0,1606.3565200114442,0.3741386127630735,423.00000000000006,12.666666666666668,315.83333333333337,94.5,485.0630549726623,7.0,5.666666666666667,184.83333333333331,131.0,8.0,46.833333333333336,2.1666666666666665,37.5,0.0,0.0,34.053485420842314,28.009569551819983
867.0,3.0,10.152734134468773,0.2954869063117618,1599.8333333333337,311.5,642.1666666666666,646.1666666666667,1654.144814684147,142.16666666666666,169.33333333333334,230.66666666666663,411.5,73.66666666666667,12.333333333333334,166.5,393.6666666666667,1.0088126995400477,0.0,53.30266865127343,0.0
868.0,820.0,2609.77303009152,0.3142035688717513,787.0,74.16666666666666,130.66666666666666,582.1666666666666,878.454292683103,39.16666666666666,35.0,33.333333333333336,97.33333333333331,54.16666666666666,144.5,27.666666666666668,355.8333333333333,0.0,0.0,53.44130543420437,38.01298724889855
869.0,12.0,33.45820240340631,0.35865644708928845,377.33333333333326,68.5,223.16666666666663,85.66666666666666,391.2819871125988,19.0,49.5,142.66666666666666,80.5,7.833333333333333,2.0,12.166666666666666,63.66666666666666,0.0,0.0,12.948312009557638,1.0003417697078565
870.0,324.0,944.6983732244568,0.3429666115483178,291.66666666666663,46.83333333333333,75.5,169.33333333333331,327.1464890283107,36.66666666666666,10.166666666666666,22.0,53.5,25.33333333333333,24.83333333333333,14.0,105.16666666666669,0.0,0.0,20.47469581602624,15.005126545617848
871.0,334.1666666666667,883.4668322325923,0.37824472235386636,386.0,117.0,28.833333333333336,240.16666666666669,425.2884588722088,58.833333333333336,58.16666666666666,8.333333333333334,20.5,24.5,76.66666666666667,18.33333333333333,120.66666666666669,0.0,0.0,23.949885097000344,15.338573775208426
872.0,123.33333333333331,225.98002090282293,0.545770961700945,1565.6666666666667,898.1666666666666,53.83333333333333,613.6666666666667,1628.3393316325626,656.5,241.66666666666663,29.0,24.83333333333333,92.83333333333331,134.33333333333334,90.0,296.5,0.0,0.0,57.00415280755583,5.668512158340199
873.0,319.0,772.5370050421357,0.4129252034763061,71.83333333333333,22.666666666666668,4.833333333333333,44.33333333333333,99.83595583540448,17.5,5.166666666666667,1.6666666666666667,3.1666666666666665,1.6666666666666667,2.333333333333333,1.6666666666666667,38.66666666666666,0.0,0.0,12.997495956453283,15.005126545617848
874.0,1368.0,3699.790235680977,0.3697506920276004,119.33333333333331,5.166666666666667,6.666666666666666,107.5,231.8171349069814,2.333333333333333,2.833333333333333,1.8333333333333333,4.833333333333333,9.666666666666666,1.6666666666666667,5.5,90.66666666666669,0.0,0.0,49.4622700820531,63.02153149159496
875.0,0.0,0.0,0.0,0.0,0.0,0.0,0.0,0.0,0.0,0.0,0.0,0.0,0.0,0.0,0.0,0.0,0.0,0.0,0.0,0.0
876.0,1536.1666666666667,4172.355403954934,0.3681773286164811,3479.6666666666665,558.6666666666667,752.3333333333334,2168.6666666666665,3717.841401998701,474.6666666666667,84.0,310.6666666666667,441.6666666666667,247.83333333333331,722.8333333333334,219.83333333333331,978.1666666666666,0.0,0.0,166.81711347186177,71.35762186017185
877.0,0.0,0.0,0.0,2411.833333333333,438.1666666666667,1271.8333333333337,701.8333333333333,2498.6634454027158,383.0,55.16666666666666,539.3333333333334,732.5,90.33333333333331,79.33333333333333,66.83333333333333,465.3333333333333,0.0,6.624,80.20611206938243,0.0
878.0,0.0,0.0,0.0,1225.5,4.666666666666667,1095.0,125.83333333333331,1266.2548101637656,3.8333333333333335,0.8333333333333334,119.33333333333331,975.6666666666666,1.8333333333333333,2.6666666666666665,2.833333333333333,118.5,0.0,0.0,40.75481016376588,0.0
879.0,138.0,260.3912285231323,0.5299717689520426,997.6666666666669,80.33333333333333,598.6666666666667,318.6666666666667,1173.9159751243792,61.16666666666666,19.166666666666668,395.6666666666667,203.0,32.833333333333336,41.5,22.0,222.33333333333331,0.0,132.48,37.76725783946538,6.002050618247139
880.0,449.0,851.937383168849,0.5270340389688133,1134.8333333333337,389.83333333333337,80.5,664.5,1208.5113322103723,227.83333333333331,162.0,47.0,33.5,90.83333333333331,47.16666666666666,86.16666666666667,440.3333333333333,0.0,0.0,52.67082171317417,21.00717716386499
881.0,0.0,0.0,0.0,2113.666666666667,177.5,898.3333333333334,1037.8333333333337,2183.958158918999,141.0,36.5,572.8333333333334,325.5,74.16666666666667,15.166666666666666,12.666666666666666,935.8333333333334,0.0,0.0,70.29149225233165,0.0
882.0,0.0,0.0,0.0,574.5,4.5,315.33333333333337,254.66666666666669,593.6055240311161,3.5,1.0,173.33333333333334,142.0,8.166666666666666,5.5,1.6666666666666667,239.33333333333331,0.0,0.0,19.10552403111605,0.0
883.0,631.8333333333334,1759.8439006349663,0.3590280553322727,343.1666666666667,79.83333333333333,24.666666666666668,238.66666666666669,404.60035646094286,56.0,23.83333333333333,8.5,16.166666666666668,49.5,27.0,19.166666666666668,143.0,0.0,0.0,32.423778472748374,29.00991132152784
884.0,622.5,1441.890169883139,0.431724976702249,220.8333333333333,17.333333333333336,19.166666666666668,184.3333333333333,280.8890330076555,16.666666666666668,0.6666666666666666,14.5,4.666666666666667,57.333333333333336,77.83333333333333,6.0,43.16666666666666,0.0,0.0,31.0457883527943,29.00991132152784
885.0,233.0,532.487640064525,0.4375688419204733,306.83333333333337,42.0,18.666666666666668,246.16666666666669,335.78939551713245,40.0,2.0,7.166666666666667,11.5,12.666666666666666,71.66666666666667,16.0,145.83333333333334,0.0,0.0,17.95230271701263,11.003759466786422
886.0,417.1666666666667,1088.200773976065,0.3833545028114842,6.833333333333333,0.1666666666666666,0.0,6.666666666666666,40.1068255266447,0.1666666666666666,0.0,0.0,0.0,3.1666666666666665,0.0,0.5,3.0,0.0,0.0,14.266998568862093,19.006493624449277
887.0,346.5,897.6586165674557,0.38600420427642806,0.0,0.0,0.0,0.0,27.52863474824581,0.0,0.0,0.0,0.0,0.0,0.0,0.0,0.0,0.0,0.0,11.523166432920112,16.005468315325704
888.0,0.0,0.0,0.0,716.3333333333333,72.5,210.5,433.3333333333333,740.1564122680221,59.5,13.0,101.0,109.5,92.33333333333331,93.33333333333331,38.16666666666666,209.5,0.0,0.0,23.823078934688883,0.0
889.0,0.0,0.0,0.0,236.66666666666663,0.0,233.3333333333333,3.333333333333333,244.53739720972885,0.0,0.0,2.6666666666666665,230.66666666666663,1.5,0.0,0.5,1.3333333333333333,0.0,0.0,7.870730543062205,0.0
890.0,0.0,0.0,0.0,703.8333333333333,58.5,498.3333333333333,147.0,727.2394025939598,58.5,0.0,343.3333333333333,155.0,2.5,0.1666666666666666,1.3333333333333333,143.0,0.0,0.0,23.406069260626516,0.0
891.0,888.5,2113.993630798848,0.42029454916770426,452.8333333333333,93.0,37.5,322.3333333333333,538.4549463262495,72.0,21.0,21.0,16.5,11.833333333333334,93.83333333333331,20.5,196.16666666666663,0.0,0.0,44.607600434893975,41.01401255802213
892.0,703.1666666666666,1641.10131675933,0.42847242853671236,104.0,1.8333333333333333,3.1666666666666665,99.0,163.51939860710274,0.6666666666666666,1.1666666666666667,0.1666666666666666,3.0,30.166666666666668,3.1666666666666665,2.1666666666666665,63.5,0.0,0.0,27.174969147246,32.344429459856734
893.0,0.0,0.0,0.0,951.5,119.5,508.33333333333337,323.66666666666663,983.1428755662308,85.16666666666667,34.333333333333336,399.1666666666667,109.16666666666669,59.66666666666666,35.666666666666664,47.16666666666666,181.16666666666663,0.0,0.0,31.642875566230877,0.0
894.0,1326.5,3499.201801339761,0.37908645322830903,44.33333333333333,9.5,5.166666666666667,29.666666666666664,246.9902938850788,9.5,0.0,4.166666666666667,1.0,0.6666666666666666,0.0,0.1666666666666666,28.83333333333333,0.0,96.048,45.58811259956618,61.02084795217925
895.0,312.5,813.2039739602124,0.38428243098488557,66.0,2.5,2.333333333333333,61.16666666666666,94.9255588234405,2.5,0.0,2.333333333333333,0.0,6.833333333333333,0.3333333333333333,3.333333333333333,50.66666666666666,0.0,0.0,14.420682898170687,14.50487592526982
896.0,338.0,1055.3976218129137,0.3202584438454571,85.0,0.5,0.5,84.0,127.07263735383088,0.5,0.0,0.5,0.0,12.5,0.0,0.3333333333333333,71.16666666666667,0.0,0.0,26.567191835170167,15.505445518660702
897.0,0.0,0.0,0.0,0.0,0.0,0.0,0.0,0.0,0.0,0.0,0.0,0.0,0.0,0.0,0.0,0.0,0.0,0.0,0.0,0.0
898.0,0.0,0.0,0.0,0.0,0.0,0.0,0.0,7.2299581274894305,0.0,0.0,0.0,0.0,0.0,0.0,0.0,0.0,7.2299581274894305,0.0,0.0,0.0
899.0,0.0,0.0,0.0,0.0,0.0,0.0,0.0,27.91082265279652,0.0,0.0,0.0,0.0,0.0,0.0,0.0,0.0,27.91082265279652,0.0,0.0,0.0
900.0,0.0,0.0,0.0,5.0,0.0,0.0,5.0,5.0,0.0,0.0,0.0,0.0,0.0,5.0,0.0,0.0,0.0,0.0,0.0,0.0
901.0,0.0,0.0,0.0,0.0,0.0,0.0,0.0,0.0,0.0,0.0,0.0,0.0,0.0,0.0,0.0,0.0,0.0,0.0,0.0,0.0
902.0,0.0,0.0,0.0,0.0,0.0,0.0,0.0,0.0,0.0,0.0,0.0,0.0,0.0,0.0,0.0,0.0,0.0,0.0,0.0,0.0
903.0,6.999999990979051,18.920591000041462,0.36996730128375543,0.0,0.0,0.0,0.0,0.23278917821967965,0.0,0.0,0.0,0.0,0.0,0.0,0.0,0.0,0.0,0.0,0.23278917821967965,0.0
904.0,63.0,147.6394657905015,0.4267151717373198,0.0,0.0,0.0,0.0,9.597361877921696,0.0,0.0,0.0,0.0,0.0,0.0,0.0,0.0,0.0,0.0,6.763139959555577,2.8342219183661186
905.0,1.0,2.3247246406467794,0.4301584723263321,0.0,0.0,0.0,0.0,0.0332555969313823,0.0,0.0,0.0,0.0,0.0,0.0,0.0,0.0,0.0,0.0,0.0332555969313823,0.0
906.0,0.0,0.0,0.0,0.0,0.0,0.0,0.0,0.0,0.0,0.0,0.0,0.0,0.0,0.0,0.0,0.0,0.0,0.0,0.0,0.0
907.0,0.0,0.0,0.0,1075.5,30.666666666666668,733.3333333333334,311.5,1118.1297332176573,8.0,22.666666666666668,637.5,95.83333333333331,10.833333333333334,206.0,8.666666666666666,86.0,0.0,0.0,42.62973321765736,0.0
908.0,0.0,0.0,0.0,252.5,6.5,172.16666666666666,73.83333333333333,262.5085993293185,0.3333333333333333,6.166666666666667,172.16666666666666,0.0,0.5,71.83333333333333,0.6666666666666666,0.8333333333333334,0.0,0.0,10.00859932931848,0.0
909.0,0.0,0.0,0.0,88.5,3.5,63.16666666666666,21.833333333333336,92.00799539027552,0.0,3.5,63.0,0.1666666666666666,0.1666666666666666,21.166666666666668,0.3333333333333333,0.1666666666666666,0.0,0.0,3.507995390275509,0.0
910.0,0.0,0.0,0.0,0.0,0.0,0.0,0.0,0.0,0.0,0.0,0.0,0.0,0.0,0.0,0.0,0.0,0.0,0.0,0.0,0.0
911.0,0.0,0.0,0.0,913.6666666666664,17.0,627.8333333333333,268.8333333333333,949.883262396261,0.5,16.5,627.6666666666666,0.1666666666666666,2.0,262.8333333333333,1.5,2.5,0.0,0.0,36.21659572959444,0.0
912.0,0.0,0.0,0.0,0.0,0.0,0.0,0.0,0.0,0.0,0.0,0.0,0.0,0.0,0.0,0.0,0.0,0.0,0.0,0.0,0.0
913.0,0.0,0.0,0.0,0.0,0.0,0.0,0.0,0.0,0.0,0.0,0.0,0.0,0.0,0.0,0.0,0.0,0.0,0.0,0.0,0.0
914.0,0.0,0.0,0.0,13.0,0.0,13.0,0.0,13.515297796570657,0.0,0.0,13.0,0.0,0.0,0.0,0.0,0.0,0.0,0.0,0.5152977965706569,0.0
915.0,0.0,0.0,0.0,0.0,0.0,0.0,0.0,0.0,0.0,0.0,0.0,0.0,0.0,0.0,0.0,0.0,0.0,0.0,0.0,0.0
916.0,0.0,0.0,0.0,0.0,0.0,0.0,0.0,0.0,0.0,0.0,0.0,0.0,0.0,0.0,0.0,0.0,0.0,0.0,0.0,0.0
917.0,0.0,0.0,0.0,0.0,0.0,0.0,0.0,0.0,0.0,0.0,0.0,0.0,0.0,0.0,0.0,0.0,0.0,0.0,0.0,0.0
918.0,0.0,0.0,0.0,0.0,0.0,0.0,0.0,0.0,0.0,0.0,0.0,0.0,0.0,0.0,0.0,0.0,0.0,0.0,0.0,0.0
919.0,0.0,0.0,0.0,0.0,0.0,0.0,0.0,0.0,0.0,0.0,0.0,0.0,0.0,0.0,0.0,0.0,0.0,0.0,0.0,0.0
920.0,0.0,0.0,0.0,0.0,0.0,0.0,0.0,0.0,0.0,0.0,0.0,0.0,0.0,0.0,0.0,0.0,0.0,0.0,0.0,0.0
921.0,0.0,0.0,0.0,0.0,0.0,0.0,0.0,18.683089812843253,0.0,0.0,0.0,0.0,0.0,0.0,0.0,0.0,18.683089812843253,0.0,0.0,0.0
922.0,0.0,0.0,0.0,0.0,0.0,0.0,0.0,0.0,0.0,0.0,0.0,0.0,0.0,0.0,0.0,0.0,0.0,0.0,0.0,0.0
923.0,0.0,0.0,0.0,0.0,0.0,0.0,0.0,5.049616722381217,0.0,0.0,0.0,0.0,0.0,0.0,0.0,0.0,5.049616722381217,0.0,0.0,0.0
924.0,0.0,0.0,0.0,0.0,0.0,0.0,0.0,2080.514566574343,0.0,0.0,0.0,0.0,0.0,0.0,0.0,0.0,0.0,2080.514566574343,0.0,0.0
925.0,0.0,0.0,0.0,600.6666666666666,2.6666666666666665,557.6666666666666,40.333333333333336,1138.8008927845324,0.6666666666666666,2.0,555.0,2.6666666666666665,0.0,37.66666666666666,0.3333333333333333,2.333333333333333,0.0,514.3246311960656,23.8095949218002,0.0
926.0,366.5,920.3307163076624,0.398226413077232,167.33333333333334,25.33333333333333,97.83333333333334,44.16666666666666,217.9988844406764,1.3333333333333333,24.0,70.66666666666667,27.166666666666668,4.333333333333333,16.0,8.833333333333334,15.0,0.0,0.0,23.65896366121452,27.00658744612853
927.0,344.6666666666667,769.6351628789536,0.44783123652690365,511.0,55.66666666666666,61.66666666666667,393.6666666666667,622.9122493083265,40.16666666666666,15.5,17.166666666666668,44.5,121.66666666666669,27.666666666666668,28.5,215.83333333333331,0.0,0.0,86.40621269826154,25.50603661006498
928.0,0.0,0.0,0.0,17.833333333333332,0.0,16.833333333333332,1.0,18.54022873006048,0.0,0.0,16.5,0.3333333333333333,0.0,1.0,0.0,0.0,0.0,0.0,0.7068953967271451,0.0
929.0,403.1666666666667,893.3437971621053,0.4513006839555057,171.0,20.83333333333333,32.833333333333336,117.33333333333331,364.8597066235185,14.5,6.333333333333333,30.666666666666668,2.1666666666666665,32.666666666666664,3.6666666666666665,8.0,73.0,65.30818946339642,0.0,98.87561226124052,29.675904898881495
930.0,0.0,0.0,0.0,640.8333333333334,12.0,461.5,167.33333333333337,666.234765946825,0.3333333333333333,11.666666666666666,460.3333333333333,1.1666666666666667,0.8333333333333334,162.83333333333334,0.8333333333333334,2.833333333333333,0.0,0.0,25.40143261349159,0.0
931.0,65.66666666666667,147.47188082106985,0.4452826281258402,8067.499999999999,818.5,890.8333333333333,6358.166666666666,8530.68752713415,555.3333333333334,263.1666666666667,584.1666666666666,306.6666666666667,1889.3333333333333,753.3333333333334,631.6666666666666,3083.833333333333,38.88155670236812,0.0,419.47112800354034,4.834842428241057
932.0,1242.3333333333333,2703.4409691865853,0.4595378066298699,102.16666666666666,17.166666666666664,5.0,80.0,516.9555643727869,12.666666666666666,4.5,4.0,1.0,23.83333333333333,4.833333333333333,4.5,46.833333333333336,14.13892682266741,0.0,308.46168202588774,92.18828885756504
933.0,3499.333333333333,7957.5683205800815,0.4397490781553532,2451.5,244.5,197.5,2009.5,2946.93402238683,174.66666666666666,69.83333333333333,85.66666666666667,111.83333333333331,524.8333333333334,287.0,242.16666666666663,955.5,0.0,0.0,235.87348744703425,259.5605349397956
934.0,178.16666666666666,493.8565297451776,0.3607660442570192,0.0,0.0,0.0,0.0,24.263946932778904,0.0,0.0,0.0,0.0,0.0,0.0,0.0,0.0,3.0297700334287305,0.0,8.064408243829773,13.1697686555204
935.0,0.0,0.0,0.0,0.0,0.0,0.0,0.0,0.0,0.0,0.0,0.0,0.0,0.0,0.0,0.0,0.0,0.0,0.0,0.0,0.0
936.0,84.16666666666667,254.91415757586768,0.33017650909254403,0.0,0.0,0.0,0.0,10.83735230285858,0.0,0.0,0.0,0.0,0.0,0.0,0.0,0.0,0.0,0.0,4.835951398778477,6.001400904080104
937.0,0.0,0.0,0.0,0.0,0.0,0.0,0.0,0.0,0.0,0.0,0.0,0.0,0.0,0.0,0.0,0.0,0.0,0.0,0.0,0.0
938.0,52.0,157.13884093415265,0.3309175483977895,0.0,0.0,0.0,0.0,6.062125122336031,0.0,0.0,0.0,0.0,0.0,0.0,0.0,0.0,0.0,0.0,2.0611911862826275,4.000933936053404
939.0,54.0,129.7657114278114,0.4161345813608102,1923.5,135.66666666666669,357.0,1430.8333333333337,2064.8783412574644,103.66666666666669,32.0,111.16666666666669,245.83333333333331,145.0,269.6666666666667,101.66666666666669,914.5,17.33619755111977,0.0,120.04120977029088,4.000933936053404
940.0,0.0,0.0,0.0,505.8333333333333,33.33333333333333,125.0,347.5,525.8811008922426,25.33333333333333,8.0,30.666666666666668,94.33333333333331,33.833333333333336,53.66666666666666,15.833333333333334,244.16666666666663,0.0,0.0,20.04776755890931,0.0
941.0,1123.6666666666667,3018.3504266500163,0.37227839973299365,151.50000000000003,0.0,0.0,151.50000000000003,467.3960915865642,0.0,0.0,0.0,0.0,0.3333333333333333,150.83333333333334,0.0,0.3333333333333333,0.0,0.0,232.54327903447256,83.35281255209163
942.0,0.0,0.0,0.0,1260.8333333333337,1.3333333333333337,342.83333333333337,916.6666666666669,1310.810685516161,0.1666666666666666,1.1666666666666667,342.1666666666667,0.6666666666666666,1.5,913.3333333333334,0.5,1.3333333333333333,0.0,0.0,49.9773521828274,0.0
943.0,0.0,0.0,0.0,17.833333333333332,2.0,9.666666666666666,6.166666666666666,138.89392359683416,0.8333333333333334,1.1666666666666667,8.5,1.1666666666666667,0.1666666666666666,2.1666666666666665,0.3333333333333333,3.5,87.18840901500421,0.0,33.8721812484966,0.0
944.0,0.0,0.0,0.0,1539.3333333333337,156.5,416.0,966.8333333333336,1600.3485515666036,119.66666666666669,36.833333333333336,107.83333333333331,308.1666666666667,123.5,203.33333333333331,79.66666666666667,560.3333333333334,0.0,0.0,61.01521823327011,0.0
945.0,0.0,0.0,0.0,994.5,91.66666666666669,381.0,521.8333333333333,1033.918826057929,73.0,18.666666666666668,214.83333333333331,166.16666666666666,31.33333333333333,98.83333333333331,67.33333333333333,324.3333333333333,0.0,0.0,39.41882605792909,0.0
946.0,0.0,0.0,0.0,983.5,108.5,322.8333333333333,552.1666666666667,1033.2004400358492,82.16666666666667,26.33333333333333,81.16666666666667,241.66666666666663,63.833333333333336,105.16666666666669,72.16666666666667,311.0,0.0,10.715096482135843,38.98534355371337,0.0
947.0,0.0,0.0,0.0,3832.3333333333335,5.833333333333333,1998.1666666666667,1828.3333333333333,3985.251860500599,4.0,1.8333333333333333,0.0,1998.1666666666667,15.333333333333334,397.3333333333333,0.0,1415.6666666666667,1.0099233444762437,0.0,151.90860382278984,0.0
948.0,4.5,7.794081640187964,0.5773611578299399,796.1666666666667,49.66666666666666,185.16666666666663,561.3333333333334,882.0687051773655,36.5,13.166666666666666,34.166666666666664,151.0,89.16666666666667,51.66666666666666,27.83333333333333,392.6666666666667,0.0,0.0,85.90203851069869,0.0
949.0,38.16666666666666,62.73578432766883,0.6083715550175042,832.3333333333333,108.33333333333331,178.5,545.5,879.8354788074419,85.0,23.33333333333333,49.5,129.0,135.5,69.33333333333333,55.16666666666666,285.5,0.0,0.0,44.50144502206851,3.000700452040052
950.0,0.0,0.0,0.0,433.5,24.666666666666668,148.0,260.8333333333333,469.3659932673128,19.166666666666668,5.5,18.83333333333333,129.16666666666666,15.0,55.5,15.833333333333334,174.5,18.683089812843253,0.0,17.18290345446949,0.0
951.0,1362.0,4413.216965652623,0.30861840933727774,75.0,17.833333333333332,0.0,57.16666666666666,232.98380755242795,17.833333333333332,0.0,0.0,0.0,0.0,57.0,0.0,0.1666666666666666,0.0,0.0,56.960225667079534,101.02358188534843
952.0,148.5,419.9939202970057,0.3535765467628335,139.83333333333334,11.333333333333334,5.0,123.5,162.2649866403607,7.5,3.8333333333333335,0.8333333333333334,4.166666666666667,16.833333333333332,33.166666666666664,5.833333333333333,67.66666666666667,0.0,0.0,11.429084982880491,11.00256832414686
953.0,0.0,0.0,0.0,410.6666666666667,27.5,76.5,306.6666666666667,426.9431746952427,23.166666666666668,4.333333333333333,30.166666666666668,46.333333333333336,12.333333333333334,169.83333333333334,20.83333333333333,103.66666666666669,0.0,0.0,16.276508028576004,0.0
954.0,0.0,0.0,0.0,0.0,0.0,0.0,0.0,0.0,0.0,0.0,0.0,0.0,0.0,0.0,0.0,0.0,0.0,0.0,0.0,0.0
955.0,0.0,0.0,0.0,102.33333333333331,7.166666666666667,49.5,45.66666666666666,106.37158452374253,4.666666666666667,2.5,44.333333333333336,5.166666666666667,5.833333333333333,6.833333333333333,3.1666666666666665,29.83333333333333,0.0,0.0,4.038251190409201,0.0
956.0,0.0,0.0,0.0,615.5000000000001,12.833333333333334,505.33333333333337,97.33333333333334,732.6435102543169,5.666666666666667,7.166666666666667,493.1666666666667,12.166666666666666,9.333333333333334,30.0,7.166666666666667,50.833333333333336,59.752978019122,0.0,57.39053223519488,0.0
957.0,0.0,0.0,0.0,4178.666666666667,143.83333333333331,2368.0,1666.8333333333337,4348.313329707249,105.33333333333331,38.5,1706.1666666666667,661.8333333333334,237.66666666666663,339.1666666666667,82.66666666666667,1007.3333333333334,4.039693377904974,0.0,165.6069696626784,0.0
958.0,0.0,0.0,0.0,6679.333333333333,96.33333333333331,5731.333333333333,851.6666666666667,7164.447577869606,71.83333333333333,24.5,84.5,5646.833333333333,168.5,122.33333333333331,100.66666666666669,460.1666666666667,21.712859846271986,0.0,463.40138469000095,0.0
959.0,0.0,0.0,0.0,2056.0,69.16666666666667,1007.8333333333331,979.0,2137.4962493942576,50.333333333333336,18.83333333333333,553.1666666666666,454.6666666666667,151.16666666666666,182.83333333333331,40.333333333333336,604.6666666666666,0.0,0.0,81.49624939425739,0.0
960.0,652.0,1924.369827782268,0.33881221300969716,620.8333333333334,152.0,41.16666666666666,427.6666666666667,748.2655829565174,120.0,32.0,4.0,37.16666666666666,49.833333333333336,147.33333333333334,25.5,205.0,0.0,0.0,79.42104239054326,48.01120723264084
961.0,719.3333333333334,1985.2521473835911,0.36233852424305857,200.83333333333331,4.833333333333334,1.0,195.0,290.319690065335,2.833333333333333,2.0,0.0,1.0,6.833333333333333,153.0,9.5,25.666666666666668,0.0,0.0,36.4739820792941,53.01237465270759
962.0,480.1666666666667,1173.0385449871133,0.40933579609861986,109.0,28.33333333333333,2.166666666666667,78.5,168.69506996415217,21.33333333333333,7.0,1.0,1.1666666666666667,7.0,7.833333333333333,4.666666666666667,59.0,0.0,0.0,23.853381223844337,35.84168874030784
963.0,60.83333334025989,122.04842555285705,0.49843603524335534,2726.6666669771284,177.3333333535247,1167.000000132876,1382.3333334907277,2847.9816740468186,98.50000001121532,78.83333334230939,426.3333333818761,740.6666667509998,590.3333334005493,164.83333335210145,34.8333333372995,592.3333334007772,0.0,0.0,116.81385219004734,4.501154879642686
964.0,559.8333333333334,1271.0988983856384,0.4404325533161509,0.0,0.0,0.0,0.0,69.53336523163468,0.0,0.0,0.0,0.0,0.0,0.0,0.0,0.0,0.0,0.0,28.19048402313272,41.34288120850196
965.0,0.0,0.0,0.0,12111.166673637494,342.5000001971328,7711.833337772035,4056.833335668326,12591.23049615125,20.166666678274,322.3333335188588,0.5000000002877851,7711.333337771747,165.83333342878208,2789.166668272028,14.83333334187096,1087.0000006256448,0.0,0.0,480.0638225137583,0.0
966.0,206.0,580.0239070742886,0.3551577745115527,53.5,25.666666666666668,1.0,26.83333333333333,78.95747966444567,12.333333333333334,13.333333333333334,1.0,0.0,14.5,0.3333333333333333,9.166666666666666,2.833333333333333,0.0,0.0,10.287260720072604,15.170218944373056
967.0,336.0,858.2616566798391,0.3914890026659311,127.5,17.333333333333332,0.8333333333333333,109.33333333333334,171.87816057338316,6.166666666666667,11.166666666666666,0.6666666666666666,0.1666666666666666,3.5,59.5,25.666666666666668,20.666666666666668,0.0,0.0,19.372323473049374,25.005837100333768
968.0,455.1666666666667,746.1508351776662,0.6100196437604829,26.166666666666664,20.0,0.3333333333333333,5.833333333333334,79.2540604154508,6.666666666666667,13.333333333333334,0.3333333333333333,0.0,0.3333333333333333,0.1666666666666666,0.1666666666666666,5.166666666666667,0.0,0.0,19.0794552923302,34.00793845645393
969.0,367.0,1123.0100335949007,0.3268002858578079,54.83333333333333,0.0,0.0,54.83333333333333,98.56040278415522,0.0,0.0,0.0,0.0,0.0,54.66666666666666,0.0,0.1666666666666666,0.0,0.0,16.720765382461405,27.006304068360475
970.0,658.0,857.1591008642416,0.7676521188850041,68.16666666666666,23.0,0.3333333333333333,44.83333333333333,147.6279404429302,9.333333333333334,13.666666666666666,0.3333333333333333,0.0,3.1666666666666665,1.8333333333333333,1.1666666666666667,38.66666666666666,0.0,0.0,30.78327059993821,48.67800317632535
971.0,558.0,986.5121330578054,0.5656291304501407,327.6666666666667,54.333333333333336,34.666666666666664,238.66666666666669,406.11560784058,40.833333333333336,13.5,15.833333333333334,18.83333333333333,42.333333333333336,42.833333333333336,22.666666666666668,130.83333333333334,0.0,0.0,37.27266415238392,41.17627702152939
972.0,310.5,618.7763917163888,0.5017967785401792,632.1666666666667,57.5,139.66666666666669,435.0,697.7082911199196,35.333333333333336,22.166666666666668,118.16666666666669,21.5,121.83333333333331,21.5,107.83333333333331,183.83333333333331,0.0,0.0,42.53636681814612,23.00525763510684
973.0,702.0,1410.3799618752907,0.4977382116707019,0.0,0.0,0.0,0.0,83.67174112735982,0.0,0.0,0.0,0.0,0.0,0.0,0.0,0.0,0.0,0.0,31.492841570299223,52.1788995570606
974.0,925.6666655838037,1984.464669510137,0.4664566116021121,472.6666661137319,44.66666661441472,26.999999968414876,400.9999995309024,599.7765443858436,32.66666662845256,11.999999985962166,9.333333322415019,17.666666645999857,64.66666659101834,121.66666652433865,54.666666602716525,159.9999998128289,0.0,0.0,58.593847214853454,68.5160310572581
975.0,0.0,0.0,0.0,188.83333333333331,1.3333333333333337,175.5,11.999999999999998,196.3180720204523,0.1666666666666666,1.1666666666666667,175.0,0.5,0.1666666666666666,10.166666666666666,0.5,1.1666666666666667,0.0,0.0,7.48473868711897,0.0
976.0,0.0,0.0,0.0,577.0,58.0,50.5,468.5,786.977414719083,35.5,22.5,22.166666666666668,28.33333333333333,134.66666666666666,91.16666666666669,34.333333333333336,208.33333333333331,63.11859186017565,0.0,146.85882285890727,0.0
977.0,0.0,0.0,0.0,2989.333333333333,140.16666666666666,2467.0,382.1666666666667,3107.8262469434603,129.66666666666666,10.5,2190.833333333333,276.1666666666667,183.33333333333331,20.83333333333333,3.8333333333333335,174.16666666666666,0.0,0.0,118.49291361012703,0.0
978.0,0.0,0.0,0.0,15963.50091202251,1750.3334333329199,3912.0002234993617,10301.16725519023,16605.41731962866,971.1667221511068,779.166711181813,2251.0001286035435,1661.000094895818,2013.8334483871329,1676.1667624289828,303.0000173109168,6308.167027063197,0.0,0.0,641.9164076061504,0.0
979.0,218.33333333333331,609.6496958843351,0.358129159757272,4575.833333333334,68.0,2071.833333333333,2436.0,4865.809471193571,18.0,50.0,1778.1666666666667,293.6666666666667,1605.8333333333333,109.5,327.0,393.6666666666667,0.0,83.93492244228192,190.03747967374105,16.003735744213614
980.0,698.0,2276.72683485994,0.3065804774260236,206.0,117.83333333333334,22.0,66.16666666666667,293.84462022715945,18.166666666666668,99.66666666666669,20.0,2.0,3.8333333333333335,7.666666666666667,25.0,29.666666666666668,0.0,0.0,35.83247905846522,52.01214116869424
981.0,511.0,1024.8885559269931,0.49859079511119114,529.5,66.33333333333333,22.0,441.1666666666666,611.4276923408034,35.5,30.83333333333333,5.5,16.5,64.0,188.0,23.0,166.16666666666666,1.0099233444762437,0.0,43.07562996716674,37.84213902916049
982.0,298.5,777.8008151341601,0.38377434709748,246.8333333333333,143.83333333333334,10.666666666666666,92.33333333333331,290.7883358267718,139.33333333333334,4.5,3.8333333333333335,6.833333333333333,11.166666666666666,10.5,5.833333333333333,64.83333333333333,0.0,0.0,21.94986584514467,22.00513664829372
983.0,251.16666666666663,587.1720600914189,0.4277565022892295,0.0,0.0,0.0,0.0,28.960503238022127,0.0,0.0,0.0,0.0,0.0,0.0,0.0,0.0,0.0,0.0,9.956067041768463,19.004436196253664
984.0,1782.6666666666667,3723.0651289309767,0.4788169438170783,3348.0,223.3333333333333,51.5,3073.1666666666665,3702.7330196089,112.83333333333331,110.5,12.666666666666666,38.833333333333336,232.0,2360.1666666666665,34.833333333333336,446.1666666666667,0.0,0.0,222.70219971913744,132.03081988976228
985.0,1098.5,2569.9022592656625,0.42744816307289885,1814.3333333333333,170.0,18.666666666666664,1625.6666666666667,2147.636299003728,91.83333333333331,78.16666666666667,7.0,11.666666666666666,80.66666666666667,1092.0,52.16666666666666,400.8333333333333,0.0,0.0,251.78383671549503,81.51912895489907
986.0,513.8333333333334,1194.2162524505943,0.4302682468764936,1096.5,124.0,48.66666666666666,923.8333333333331,1205.169555338582,79.5,44.5,10.5,38.16666666666666,153.33333333333334,344.0,53.16666666666666,373.3333333333333,0.0,0.0,70.66069962524861,38.00885571333328
987.0,516.3333333333334,1309.676112150202,0.39424505688328304,0.0,0.0,0.0,0.0,58.47548517874198,0.0,0.0,0.0,0.0,0.0,0.0,0.0,0.0,0.0,0.0,20.46661278623464,38.008872392507335
988.0,588.3333333333334,1335.137076723422,0.44065388010732964,565.5,201.16666666666669,11.333333333333332,353.0,674.3877146710851,115.0,86.16666666666667,6.333333333333333,5.0,53.66666666666666,68.66666666666667,25.0,205.66666666666663,0.0,0.0,65.2108622250145,43.67685244607057
989.0,436.5,1403.748070421802,0.3109532324192897,93.33333333333334,4.0,1.0,88.33333333333334,146.34235630612113,3.1666666666666665,0.8333333333333334,0.0,1.0,0.6666666666666666,12.0,69.16666666666667,6.5,0.0,0.0,21.00155148436056,32.00747148842723
990.0,1104.3333333333333,1920.323813767586,0.5750766227111889,492.8333333333333,74.66666666666666,17.666666666666668,400.5,638.6618090767641,34.0,40.66666666666666,4.166666666666667,13.5,76.83333333333333,72.16666666666667,74.16666666666667,177.33333333333334,0.0,0.0,63.809330054335966,82.01914568909477
991.0,450.6666666666667,771.1601533406252,0.5844008727816166,361.0,4.5,264.1666666666667,92.33333333333334,426.3476540476163,2.6666666666666665,1.8333333333333333,3.5,260.6666666666667,17.833333333333332,6.666666666666667,19.5,48.333333333333336,0.0,0.0,32.17323239100292,33.17442165661337
992.0,1244.5,2042.510415652888,0.6092992184826611,1141.8333333333337,152.33333333333331,80.83333333333333,908.6666666666669,1328.7803313716026,114.33333333333331,38.0,23.33333333333333,57.5,385.1666666666667,119.16666666666669,57.333333333333336,347.0,0.0,0.0,94.59210915507693,92.35488888319227
993.0,906.6666666666666,1605.579915889536,0.5646973144680549,129.5,4.833333333333334,74.66666666666667,50.0,248.25023964490325,3.8333333333333335,1.0,25.83333333333333,48.833333333333336,8.166666666666666,10.333333333333334,6.666666666666667,24.83333333333333,0.0,0.0,51.734442025252896,67.01579761965036
994.0,393.33333332114506,659.2006400935994,0.5966822684900548,775.8333333092925,99.6666666635783,11.999999999628155,664.166666646086,863.6791020182326,43.33333333199056,56.33333333158773,4.833333333183562,7.166666666444593,57.49999999821824,366.3333333219817,33.16666666563893,207.16666666024713,0.0,0.0,58.505660123142675,29.340108585797413
995.0,1316.1666666666667,2337.629043467377,0.5630348708854218,39.833333333333336,10.666666666666668,2.333333333333333,26.83333333333333,191.7720631483948,2.333333333333333,8.333333333333334,0.3333333333333333,2.0,6.0,9.0,1.3333333333333333,10.5,0.0,0.0,54.24932345429223,97.68940636076924
996.0,752.6666666666666,1423.576957875588,0.5287151231991527,364.8333333333333,37.5,10.833333333333332,316.5,465.14232084259726,28.166666666666668,9.333333333333334,5.0,5.833333333333333,51.833333333333336,93.33333333333331,13.166666666666666,158.16666666666666,0.0,0.0,44.29591240451631,56.01307510474765
997.0,534.1666666666666,807.4445893249671,0.6615521036721989,87.0,15.333333333333334,8.0,63.66666666666667,151.7980219412845,10.333333333333334,5.0,2.833333333333333,5.166666666666667,9.333333333333334,13.333333333333334,18.0,23.0,0.0,0.0,25.122045156089385,39.67597678519511
998.0,542.1666666666666,874.1889921463694,0.6201938843172818,357.3333333333333,26.0,12.833333333333332,318.5,435.1631398582376,15.666666666666666,10.333333333333334,1.1666666666666667,11.666666666666666,68.5,109.33333333333331,6.333333333333333,134.33333333333334,0.0,0.0,37.82046716437015,40.00933936053404
999.0,0.0,0.0,0.0,2415.333333333333,326.3333333333333,146.66666666666666,1942.3333333333333,2511.071977166569,227.5,98.83333333333331,49.833333333333336,96.83333333333331,216.0,1028.8333333333333,179.66666666666666,517.8333333333334,0.0,0.0,95.73864383323615,0.0
1000.0,290.1666666666667,582.1120267410334,0.49847220695846284,537.0,47.5,15.333333333333332,474.1666666666667,591.1258688481005,21.166666666666668,26.33333333333333,6.333333333333333,9.0,53.833333333333336,26.33333333333333,302.3333333333333,91.66666666666669,0.0,0.0,32.787628133500625,21.33824071459977
1001.0,551.5,970.6799258588808,0.568158447813804,307.66666666666663,154.83333333333334,7.166666666666666,145.66666666666666,382.7314183091198,129.5,25.33333333333333,5.833333333333333,1.3333333333333333,14.0,12.166666666666666,13.166666666666666,106.33333333333331,0.0,0.0,34.05517879790571,41.009572844547385
1002.0,469.3333333333333,949.1822727971283,0.49446070242153095,0.0,0.0,0.0,0.0,53.61177603430828,0.0,0.0,0.0,0.0,0.0,0.0,0.0,0.0,0.0,0.0,18.603604093841,35.00817194046728
1003.0,645.0,1016.828539611839,0.6343252326948065,23.666666666666668,6.5,0.0,17.166666666666668,98.68267840959848,6.333333333333333,0.1666666666666666,0.0,0.0,1.0,0.5,0.1666666666666666,15.5,0.0,0.0,27.004804510290978,48.01120723264084
1004.0,442.5,865.7976910547768,0.5110893740787351,19.166666666666664,2.1666666666666665,1.3333333333333333,15.666666666666666,71.8075011378605,2.1666666666666665,0.0,1.3333333333333333,0.0,1.8333333333333333,1.8333333333333333,0.8333333333333334,11.166666666666666,0.0,0.0,19.633129498753267,33.00770497244057
1005.0,48.0,84.51034103976227,0.5679778286235517,0.0,0.0,0.0,0.0,7.736415215115906,0.0,0.0,0.0,0.0,0.0,0.0,0.0,0.0,0.0,0.0,3.902214642409342,3.834200572706564
1006.0,442.50000038255394,1375.1604862453432,0.32178062474055646,403.666667015648,64.33333338895135,26.1666666892885,313.1666669374082,471.3813888495333,45.00000003890379,19.33333335004755,7.166666672862456,19.000000016426046,53.50000004625228,62.500000054033045,53.50000004625228,143.6666667908706,0.0,0.0,34.70701683290857,33.00770500097668
1007.0,0.0,0.0,0.0,15284.166666666666,9.833333333333332,4.666666666666667,15269.666666666666,15890.004148628368,6.833333333333333,3.0,0.6666666666666666,4.0,979.8333333333334,44.5,14160.166666666666,85.16666666666667,0.0,0.0,605.8374819617012,0.0
1008.0,0.0,0.0,0.0,3.0,0.0,3.0,0.0,3.11891487613169,0.0,0.0,0.0,3.0,0.0,0.0,0.0,0.0,0.0,0.0,0.11891487613169,0.0
1009.0,0.0,0.0,0.0,579.8333333333333,32.166666666666664,206.16666666666663,341.5,602.8153826366082,25.0,7.166666666666667,25.5,180.66666666666663,19.83333333333333,68.5,15.666666666666666,237.5,0.0,0.0,22.98204930327489,0.0
1010.0,0.0,0.0,0.0,1578.0,85.33333333333333,782.3333333333334,710.3333333333334,1640.547143110674,67.83333333333333,17.5,480.6666666666667,301.6666666666667,44.66666666666666,141.33333333333334,38.66666666666666,485.6666666666667,0.0,0.0,62.54714311067358,0.0
1011.0,32.333333333333336,89.85144444956887,0.359853239215104,2865.833333333333,141.83333333333331,1370.0,1354.0,2983.218889572335,111.83333333333331,30.0,140.0,1230.0,271.5,272.8333333333333,46.16666666666666,763.5,0.0,0.0,114.88480171939176,2.50075451961
1012.0,0.0,0.0,0.0,722.0,42.16666666666666,261.33333333333337,418.5,750.6190165976053,34.666666666666664,7.5,68.0,193.33333333333331,57.16666666666666,31.0,20.666666666666668,309.6666666666667,0.0,0.0,28.61901659760531,0.0
1013.0,0.0,0.0,0.0,0.0,0.0,0.0,0.0,0.0,0.0,0.0,0.0,0.0,0.0,0.0,0.0,0.0,0.0,0.0,0.0,0.0
1014.0,0.0,0.0,0.0,0.0,0.0,0.0,0.0,0.0,0.0,0.0,0.0,0.0,0.0,0.0,0.0,0.0,0.0,0.0,0.0,0.0
1015.0,0.0,0.0,0.0,23.666666666666664,0.0,1.8333333333333333,21.83333333333333,24.604749929042317,0.0,0.0,0.1666666666666666,1.6666666666666667,0.0,0.1666666666666666,0.3333333333333333,21.33333333333333,0.0,0.0,0.9380832623756488,0.0
1016.0,1807.3333333333333,4194.494302546462,0.4308822954500398,294.66666666666663,49.16666666666667,33.16666666666667,212.3333333333333,571.0236731574682,30.0,19.166666666666668,18.166666666666668,15.0,42.16666666666666,51.833333333333336,20.5,97.83333333333331,0.0,0.0,142.4923488343667,133.86465765643484
1017.0,1636.1666666666667,4460.50796859675,0.36681173493820596,2369.1666666666665,314.8333333333333,105.16666666666669,1949.1666666666663,2649.2920528056243,213.5,101.33333333333331,90.66666666666669,14.5,545.1666666666666,172.0,396.3333333333333,835.6666666666666,0.0,0.0,158.76373873720675,121.36164740175074
1018.0,145.0,390.00418066901983,0.37179088632143514,147.5,13.0,45.83333333333333,88.66666666666667,169.92921970521735,8.666666666666666,4.333333333333333,35.166666666666664,10.666666666666666,11.0,11.0,4.666666666666667,62.0,0.0,0.0,11.593384744417326,10.83583496080002
1019.0,253.5,714.9575262322815,0.35456651716907833,1878.1666666666663,183.5,181.0,1513.6666666666663,1981.665786344239,127.0,56.5,33.5,147.5,670.6666666666666,319.8333333333333,67.83333333333333,455.3333333333333,0.0,0.0,84.49468348131902,19.004436196253664
1020.0,1110.5,3101.680049696681,0.35803177059110197,307.3333333333333,22.0,111.0,174.33333333333331,458.2168052203181,16.666666666666668,5.333333333333333,93.83333333333331,17.166666666666668,42.333333333333336,22.166666666666668,23.0,86.83333333333333,0.0,0.0,68.53037195018513,82.35309993679965
1021.0,688.5,1909.8149752753764,0.36050612698789064,190.8333333333333,22.83333333333333,26.83333333333333,141.16666666666666,278.0333313400869,16.833333333333332,6.0,20.83333333333333,6.0,15.333333333333334,9.333333333333334,59.833333333333336,56.66666666666666,0.0,0.0,36.188090322072654,51.01190768468089
1022.0,1317.3333333333333,3624.336533060621,0.3634688228636685,153.33333333333334,43.333333333333336,8.166666666666666,101.83333333333334,312.9785105355412,18.666666666666668,24.666666666666668,0.8333333333333334,7.333333333333333,26.0,11.333333333333334,17.333333333333332,47.16666666666666,0.0,0.0,61.95534994145089,97.689827260757
1023.0,0.0,0.0,0.0,496.5,9.0,455.1666666666667,32.333333333333336,516.1800060929824,7.0,2.0,56.5,398.6666666666667,4.666666666666667,5.666666666666667,2.833333333333333,19.166666666666668,0.0,0.0,19.680006092982293,0.0
1024.0,260.6666666666667,473.8250142955098,0.550132768009789,451.83333333333337,42.833333333333336,138.33333333333331,270.6666666666667,499.25545232601576,25.666666666666668,17.166666666666668,5.666666666666667,132.66666666666666,83.33333333333333,56.66666666666666,14.333333333333334,116.33333333333331,0.0,0.0,28.25092440806245,19.171194584620014
1025.0,671.6666666666666,1110.06434456314,0.6050700303602649,7.666666666666667,0.1666666666666666,0.0,7.5,84.60581737297176,0.1666666666666666,0.0,0.0,0.0,0.0,0.0,0.0,7.5,0.0,0.0,26.927476505637557,50.011674200667535
1026.0,1315.8333333333333,1736.7956838030752,0.7576212594287675,61.833333333333336,5.333333333333334,21.833333333333336,34.666666666666664,214.1307833862709,4.166666666666667,1.1666666666666667,3.1666666666666665,18.666666666666668,10.5,6.0,3.0,15.166666666666666,0.0,0.0,54.60807695296469,97.68937309997288
1027.0,424.0,539.1595075210745,0.7864092055975231,5146.833333333333,820.5,95.0,4231.333333333333,5423.661606989291,117.33333333333331,703.1666666666666,8.166666666666666,86.83333333333333,1639.5,68.83333333333333,42.0,2481.0,0.0,25.001891793881345,220.8191438576617,31.007238004413875
1028.0,0.0,0.0,0.0,1740.5,108.0,44.33333333333333,1588.1666666666667,1809.48936871468,73.16666666666667,34.833333333333336,10.666666666666666,33.666666666666664,133.83333333333334,184.66666666666663,25.666666666666668,1244.0,0.0,0.0,68.98936871467961,0.0
1029.0,0.0,0.0,0.0,1587.8333333333337,222.66666666666669,23.333333333333336,1341.8333333333337,1650.7725242982403,209.83333333333331,12.833333333333334,6.166666666666667,17.166666666666668,950.6666666666666,99.83333333333331,30.166666666666668,261.1666666666667,0.0,0.0,62.93919096490703,0.0
1030.0,0.0,0.0,0.0,927.8333333333334,192.5,23.5,711.8333333333334,964.6126477202952,93.83333333333331,98.66666666666669,9.5,14.0,83.16666666666667,110.0,22.5,496.1666666666667,0.0,0.0,36.77931438696168,0.0
1031.0,442.1666666666667,863.0019199096782,0.5123588447091101,0.0,0.0,0.0,0.0,50.36656785201046,0.0,0.0,0.0,0.0,0.0,0.0,0.0,0.0,0.0,0.0,17.525575478673222,32.840992373337244
1032.0,0.0,0.0,0.0,1705.3333333333333,144.66666666666669,18.83333333333333,1541.8333333333333,1772.929711183158,93.16666666666669,51.5,6.166666666666667,12.666666666666666,168.33333333333334,190.83333333333331,13.333333333333334,1169.3333333333333,0.0,0.0,67.59637784982448,0.0
1033.0,47.333333333333336,120.90457132506656,0.3914933307697022,964.6666666666669,105.0,47.833333333333336,811.8333333333334,1008.1039263331572,71.16666666666667,33.833333333333336,12.5,35.333333333333336,174.83333333333334,241.5,46.16666666666666,349.3333333333333,0.0,0.0,40.10319246712809,3.334067199362228
1034.0,467.8333333333333,830.1865263219634,0.5635279765452348,5931.333333333333,1508.5,292.8333333333333,4130.0,6219.992530331499,1092.3333333333333,416.1666666666667,146.16666666666666,146.66666666666666,1081.8333333333333,136.33333333333334,54.5,2857.333333333333,0.0,0.0,253.65102505769883,35.00817194046728
1035.0,0.0,0.0,0.0,7979.333333333334,4.166666666666667,8.333333333333332,7966.833333333334,8295.619251268117,2.833333333333333,1.3333333333333333,1.5,6.833333333333333,3779.3333333333335,2.6666666666666665,1042.6666666666667,3142.1666666666665,0.0,0.0,316.2859179347841,0.0
1036.0,144.83333333333334,260.954002950035,0.5550147983783359,5475.833333333333,722.5,36.5,4716.833333333333,5709.627585251961,311.0,411.5,8.833333333333334,27.666666666666668,3679.0,125.16666666666669,126.5,786.1666666666666,0.0,0.0,222.7916835944803,11.00256832414686
1037.0,221.83333333333331,489.2100597099045,0.4534521090283338,2099.5,282.0,103.83333333333331,1713.6666666666667,2215.5117023881453,262.0,20.0,25.0,78.83333333333333,422.0,215.0,161.83333333333334,914.8333333333334,0.0,0.0,99.67456219057142,16.337140197573685
1038.0,1023.5,1927.7475406104684,0.5309305178394281,574.5,64.83333333333333,42.333333333333336,467.3333333333333,716.1925800797262,48.0,16.833333333333332,18.666666666666668,23.666666666666668,158.83333333333334,82.66666666666667,47.833333333333336,178.0,0.0,0.0,66.00815616585692,75.6844239138693
1039.0,689.5,1134.2087533456163,0.6079127832210403,245.5,9.666666666666666,4.5,231.3333333333333,333.9064908850486,3.333333333333333,6.333333333333333,2.1666666666666665,2.333333333333333,56.0,104.33333333333331,9.333333333333334,61.66666666666666,0.0,0.0,37.06123313221957,51.34525775282902
1040.0,536.0,1473.05865633315,0.36386874188313184,520.0,30.833333333333336,19.166666666666664,470.0,601.5313332014341,21.166666666666668,9.666666666666666,10.0,9.166666666666666,146.0,36.333333333333336,29.5,258.1666666666667,0.0,0.0,41.855110591957136,39.676222609477
1041.0,709.5,1545.94745222404,0.4589418605265625,336.1666666666667,17.166666666666668,11.833333333333332,307.1666666666667,430.46027986308,13.333333333333334,3.8333333333333335,4.833333333333333,7.0,65.5,63.333333333333336,60.333333333333336,118.0,0.0,0.0,41.44799693207211,52.84561626434124
1042.0,362.0,713.3771918173175,0.5074454358118887,983.0,54.333333333333336,45.333333333333336,883.3333333333334,1063.319131713021,40.5,13.833333333333334,6.5,38.833333333333336,194.5,73.66666666666667,153.16666666666666,462.0,0.0,0.0,53.31282764466041,27.006304068360475
1043.0,627.8333333333334,973.5818639347395,0.6448695857952196,921.1666666666666,206.66666666666663,35.83333333333333,678.6666666666666,1029.2437956018855,56.0,150.66666666666666,19.33333333333333,16.5,235.0,133.5,64.5,245.66666666666663,0.0,0.0,61.399605234110886,46.67752370110785
1044.0,441.1666666666667,880.6653839621436,0.5009469824757308,3325.333333333333,238.66666666666669,149.66666666666666,2937.0,3527.131209091265,157.5,81.16666666666667,43.16666666666666,106.5,703.3333333333334,712.0,161.66666666666666,1360.0,0.0,0.0,169.12353336083007,32.67434239710166
1045.0,682.5,1052.6821092658158,0.6483438770285588,357.49999999999994,30.0,10.833333333333332,316.66666666666663,449.234891867832,22.83333333333333,7.166666666666667,4.5,6.333333333333333,72.0,35.5,74.5,134.66666666666666,0.0,0.0,41.22306344266279,50.51182842516918
1046.0,498.0,779.7858351997019,0.6386368891561912,509.8333333333333,64.5,5.5,439.8333333333333,586.7901268576427,49.5,15.0,2.1666666666666665,3.333333333333333,71.83333333333333,103.16666666666669,202.5,62.333333333333336,0.0,0.0,39.94815461581541,37.00863890849399
1047.0,500.5,930.7993928271044,0.5377098479618021,133.33333333333334,47.833333333333336,5.0,80.5,195.46615767131357,5.5,42.333333333333336,1.0,4.0,27.666666666666668,1.6666666666666667,20.83333333333333,30.33333333333333,0.0,0.0,25.1241854294862,37.00863890849399
1048.0,539.3333333333334,1029.617528848578,0.5238191058542585,1869.0,152.0,73.66666666666667,1643.3333333333337,2004.4689359416209,107.33333333333331,44.66666666666666,22.83333333333333,50.833333333333336,221.16666666666663,234.33333333333331,739.3333333333334,448.5,0.0,0.0,95.45959658108666,40.00933936053404
1049.0,396.0,632.3560780411073,0.6262294516512221,100.66666666666666,1.1666666666666667,3.8333333333333335,95.66666666666666,149.36052194100745,1.0,0.1666666666666666,3.8333333333333335,0.0,0.0,39.5,0.0,56.16666666666666,0.0,0.0,19.68708423795363,29.00677103638717
1050.0,448.0,746.2578946336115,0.6003286574542083,25.000000000000004,0.3333333333333333,0.3333333333333333,24.333333333333336,77.92359287265789,0.3333333333333333,0.0,0.0,0.3333333333333333,6.166666666666667,0.1666666666666666,0.5,17.5,0.0,0.0,19.74915453687048,33.174438335787414
1051.0,620.6666666666666,983.7104198947936,0.6309444874367052,26388.833333333336,320.8333333333333,24.166666666666668,26043.833333333336,27505.45238429388,173.16666666666666,147.66666666666666,8.833333333333334,15.333333333333334,114.0,25101.166666666668,624.1666666666666,204.5,0.0,0.0,1070.6083106959254,46.010740264614135
1052.0,0.0,0.0,0.0,2620.6666679497125,288.00000014100124,151.33333340742428,2181.333334401287,2724.5430896019643,168.00000008225072,120.00000005875053,30.166666681435895,121.16666672598839,430.166666877271,666.333333659562,241.83333345173193,843.0000004127224,0.0,0.0,103.8764216522515,0.0
1053.0,0.0,0.0,0.0,0.0,0.0,0.0,0.0,0.0,0.0,0.0,0.0,0.0,0.0,0.0,0.0,0.0,0.0,0.0,0.0,0.0
1054.0,0.0,0.0,0.0,2645.333333333333,6.0,2488.833333333333,150.5,2751.200261329789,3.6666666666666665,2.333333333333333,9.166666666666666,2479.6666666666665,120.83333333333331,6.833333333333333,1.3333333333333333,21.5,1.0099233444762437,0.0,104.8570046519796,0.0
1055.0,0.0,0.0,0.0,2320.833333333333,103.33333333333331,1644.5,573.0,2412.825039580681,81.5,21.83333333333333,67.83333333333333,1576.6666666666667,62.16666666666666,97.16666666666669,24.83333333333333,388.8333333333333,0.0,0.0,91.99170624734744,0.0
1056.0,0.0,0.0,0.0,2083.5,117.33333333333331,930.0,1036.1666666666663,2175.012704230119,97.5,19.83333333333333,472.8333333333333,457.1666666666667,89.0,136.33333333333334,72.16666666666667,738.6666666666666,0.0,8.92924706866964,82.5834571614494,0.0
1057.0,0.0,0.0,0.0,828.6666666666666,62.33333333333333,435.6666666666666,330.6666666666667,861.513464336575,49.66666666666666,12.666666666666666,130.16666666666666,305.5,50.5,47.833333333333336,22.166666666666668,210.16666666666663,0.0,0.0,32.846797669908355,0.0
1058.0,0.0,0.0,0.0,1132.8333333333337,124.66666666666669,221.8333333333333,786.3333333333334,1177.738691859788,96.16666666666669,28.5,147.5,74.33333333333333,160.83333333333334,124.5,38.5,462.5,0.0,0.0,44.9053585264547,0.0
1059.0,11.666666666666666,29.509801290117043,0.39534887246339684,962.1666666666666,33.83333333333333,173.83333333333331,754.5,1018.4381704536182,25.83333333333333,8.0,32.666666666666664,141.16666666666666,57.0,33.666666666666664,337.6666666666667,326.1666666666667,0.0,0.0,55.60472035045779,0.6667834364937176
1060.0,443.5,954.094987859462,0.4648384129917759,1.8333333333333333,0.0,1.1666666666666667,0.6666666666666666,52.82656747283478,0.0,0.0,0.1666666666666666,1.0,0.0,0.1666666666666666,0.3333333333333333,0.1666666666666666,0.0,0.0,17.985529167060875,33.00770497244057
1061.0,416.3333333333333,1117.9905687480866,0.3723943161698929,279.5,32.166666666666664,4.5,242.8333333333333,338.08890365180457,29.83333333333333,2.333333333333333,1.0,3.5,12.5,101.5,76.33333333333333,52.5,0.0,0.0,27.581665647390707,31.007238004413875
1062.0,247.83333333333331,668.1129859952977,0.3709452420897528,52.0,16.5,1.8333333333333333,33.666666666666664,82.05520043351648,8.666666666666666,7.833333333333333,0.3333333333333333,1.5,4.833333333333333,3.8333333333333335,4.666666666666667,20.33333333333333,0.0,0.0,11.884264357929318,18.170936075587157
1063.0,238.16666666666663,729.9565852952242,0.3262751120607294,76.16666666666667,13.5,1.5,61.16666666666667,106.96413983232787,3.0,10.5,0.1666666666666666,1.3333333333333333,9.333333333333334,15.833333333333334,15.0,21.0,0.0,0.0,12.959874640393464,17.837598525267747
1064.0,276.6666666666667,507.94468625508375,0.5446787300925282,155.0,0.8333333333333333,32.833333333333336,121.33333333333331,192.94856762202244,0.6666666666666666,0.1666666666666666,0.3333333333333333,32.5,8.0,103.16666666666669,0.8333333333333334,9.333333333333334,0.0,0.0,17.61046457340982,20.33810304861261
1065.0,633.8333333333334,1132.2190296393069,0.5598151212272547,208.5,4.0,25.5,179.0,288.90017340159955,3.333333333333333,0.6666666666666666,23.5,2.0,8.333333333333334,13.166666666666666,1.0,156.5,0.0,0.0,33.38919965297209,47.01097374862749
1066.0,797.0,1458.714340608102,0.5463715395214052,1738.5,203.33333333333331,70.5,1464.6666666666667,1916.181178197192,140.33333333333334,63.0,21.166666666666668,49.333333333333336,316.5,183.33333333333331,83.5,881.3333333333334,0.0,0.0,118.33391088869116,59.347267308500896
1067.0,159.0,204.7047239225712,0.7767285334369771,981.3333333333336,371.5,8.166666666666666,601.6666666666667,1038.5363202189226,70.83333333333333,300.6666666666667,2.333333333333333,5.833333333333333,147.83333333333334,62.333333333333336,18.33333333333333,373.1666666666667,0.0,0.0,45.200185077428905,12.002801808160212
1068.0,0.0,0.0,0.0,0.0,0.0,0.0,0.0,0.0,0.0,0.0,0.0,0.0,0.0,0.0,0.0,0.0,0.0,0.0,0.0,0.0
1069.0,482.6666666666667,888.8089050198429,0.5430488645429256,863.3333333333334,213.5,85.0,564.8333333333334,954.4802553866452,108.33333333333331,105.16666666666669,11.5,73.5,242.83333333333331,14.833333333333334,200.83333333333331,106.33333333333331,0.0,1.785849413466203,53.35266721536488,36.00840542448063
1070.0,339.5,464.5385969444888,0.730832706330685,1470.3333333333333,257.66666666666663,32.16666666666667,1180.5,1578.2458912586408,109.5,148.16666666666666,8.5,23.666666666666668,242.83333333333331,118.83333333333331,46.333333333333336,772.5,0.0,0.0,83.07339580495284,24.839162120354533
1071.0,248.83333333333331,407.5034257494226,0.6106288134282902,1305.5,200.66666666666669,38.5,1066.3333333333333,1385.1136338902943,123.66666666666669,77.0,13.666666666666666,24.83333333333333,199.66666666666663,134.5,37.16666666666666,695.0,0.0,0.0,61.609431178054216,18.004202712240314
1072.0,340.3333333333333,569.1385214809676,0.5979797896085906,960.6666666666666,255.83333333333331,24.0,680.8333333333333,1037.573577492598,51.833333333333336,204.0,9.833333333333334,14.166666666666666,323.0,70.83333333333333,21.666666666666668,265.3333333333333,0.0,0.0,51.56776536164303,25.33914546428834
1073.0,483.0,614.6278935738264,0.7858413278179411,496.8333333333333,40.33333333333333,18.166666666666664,438.3333333333333,571.6812339183658,11.0,29.33333333333333,2.5,15.666666666666666,133.16666666666666,19.0,88.5,197.66666666666663,0.0,0.0,38.839495160551934,36.00840542448063
1074.0,612.1666666666666,1099.155933091848,0.5569425121917734,939.6666666666669,250.0,40.66666666666667,649.0,1046.5338903465836,65.83333333333333,184.16666666666663,26.166666666666668,14.5,155.16666666666666,31.83333333333333,60.833333333333336,401.1666666666667,0.0,0.0,61.5229045427965,45.34431913712027
1075.0,131.5,224.149072761872,0.5866631451101336,2179.833333333333,643.8333333333334,167.66666666666666,1368.3333333333333,2284.786547919349,210.66666666666663,433.1666666666667,33.5,134.16666666666666,282.3333333333333,240.0,84.66666666666667,761.3333333333334,0.0,0.0,95.11761310922869,9.83560147678667
1076.0,72.33333333333333,126.13785647992064,0.5734466666226231,2874.1666666666665,353.5,104.66666666666666,2416.0,2996.2949919808216,147.33333333333334,206.16666666666663,21.33333333333333,83.33333333333333,723.8333333333334,819.3333333333334,121.83333333333331,751.0,0.0,0.0,116.79384953013336,5.334475784021325
1077.0,356.8333333333333,560.7937572821139,0.6363004735693306,3132.166666666666,436.6666666666666,90.16666666666666,2605.333333333333,3296.4714539526904,74.83333333333333,361.8333333333333,34.666666666666664,55.5,1005.5,70.0,72.5,1457.3333333333333,0.0,0.0,138.29871670167657,26.00607058434712
1078.0,81.16666666666667,159.26522909904938,0.5096320592122964,1267.6666666666667,233.5,25.5,1008.6666666666669,1328.2999491211574,27.666666666666668,205.83333333333331,7.5,18.0,507.6666666666667,19.5,35.333333333333336,446.1666666666667,0.0,0.0,54.631781560401215,6.001500894089541
1079.0,87.83333333333333,138.61660466998703,0.6336422215970697,4679.166666666667,983.8333333333334,307.8333333333333,3387.5,4875.44656240484,292.5,691.3333333333334,110.66666666666669,197.16666666666663,1435.6666666666667,502.0,230.66666666666663,1219.1666666666667,0.0,0.0,189.7782738803785,6.501621857794814
1080.0,0.0,0.0,0.0,3972.6666666666665,326.6666666666667,91.5,3554.5,4130.137760453865,46.0,280.6666666666667,19.0,72.5,1264.5,42.333333333333336,12.5,2235.1666666666665,0.0,0.0,157.47109378719867,0.0
1081.0,412.0,919.8569763321668,0.4478957170524561,2905.1666666666665,322.8333333333333,94.33333333333331,2488.0,3067.3168145623954,102.16666666666669,220.66666666666663,18.83333333333333,75.5,1025.3333333333333,140.83333333333334,129.83333333333334,1192.0,0.0,0.0,131.47651831409078,30.67362958163824
1082.0,121.0,190.58840686791572,0.6348759716736451,3936.166666666667,112.66666666666666,175.33333333333334,3648.166666666667,4155.990977749526,78.5,34.166666666666664,15.0,160.33333333333334,1237.8333333333333,1636.6666666666667,25.83333333333333,747.8333333333334,0.0,50.00378358776269,160.8184261389765,9.002101356120157
1083.0,265.0,414.6110461406131,0.6391532557242257,1786.5,234.8333333333333,13.5,1538.1666666666667,1887.822213202526,81.83333333333333,153.0,4.0,9.5,727.8333333333334,55.66666666666666,19.33333333333333,735.3333333333334,0.0,0.0,81.31754352225907,20.00466968026701
1084.0,457.8333333333333,828.0128086561696,0.5529302548790009,2110.833333333333,676.0,30.166666666666664,1404.6666666666667,2254.1603084576195,567.3333333333334,108.66666666666669,12.666666666666666,17.5,493.5,578.5,46.5,286.1666666666667,0.0,0.0,109.65236588482324,33.6746092394631
1085.0,209.5,306.81706122532995,0.6828173086702659,1670.8333333333333,158.33333333333331,67.5,1445.0,1774.222350818726,85.33333333333333,73.0,28.666666666666668,38.833333333333336,279.8333333333333,574.3333333333334,105.33333333333331,485.5,0.0,0.0,88.05196112199094,15.337056363401883
1086.0,729.8333333333334,1157.5253282197098,0.6305117612033831,1921.0,298.0,80.83333333333334,1542.1666666666667,2080.0871982156723,114.5,183.5,20.0,60.833333333333336,436.6666666666667,227.33333333333331,80.83333333333333,797.3333333333334,0.0,0.0,105.07459007895112,54.01260813672095
1087.0,549.3333333333334,1069.1285746870778,0.5138140971436641,1352.0,50.5,29.333333333333336,1272.1666666666667,1468.2082238589574,38.66666666666666,11.833333333333334,4.666666666666667,24.666666666666668,535.8333333333334,134.83333333333334,23.33333333333333,578.1666666666666,0.0,0.0,75.365355191392,40.84286866756538
1088.0,360.5,517.6554583068299,0.6964091544193104,541.3333333333334,43.16666666666666,28.333333333333336,469.83333333333337,606.2526793191693,28.5,14.666666666666666,13.5,14.833333333333334,98.33333333333331,79.33333333333333,153.33333333333334,138.83333333333334,0.0,0.0,38.0797586016482,26.83958738418768
1089.0,411.0,589.9845457259063,0.6966284167567696,495.8333333333333,80.33333333333333,26.0,389.5,566.7838312144237,63.0,17.333333333333332,16.0,10.0,87.33333333333333,50.0,29.5,222.66666666666663,0.0,0.0,40.94349336068992,30.007004520400525
1090.0,689.0,1146.6149349072014,0.6008992025346004,460.50000000000006,121.16666666666669,19.5,319.83333333333337,557.0758584395327,33.0,88.16666666666667,4.166666666666667,15.333333333333334,100.66666666666669,23.666666666666668,47.66666666666666,147.83333333333334,0.0,0.0,45.56395075485167,51.01190768468089
1091.0,710.5,1031.8155140573715,0.6885920887214867,82.33333333333334,27.833333333333336,9.333333333333334,45.16666666666667,167.11082230346278,15.0,12.833333333333334,0.5,8.833333333333334,7.333333333333333,7.0,10.166666666666666,20.666666666666668,0.0,0.0,32.265281049114265,52.51220792101517
1092.0,452.6666666666667,724.4359286060609,0.6248539709200717,586.8333333333334,122.66666666666669,27.166666666666664,437.0,666.0345491773598,95.66666666666669,27.0,7.833333333333333,19.33333333333333,143.33333333333334,43.0,57.16666666666666,193.5,0.0,0.0,45.526598258718,33.67461758530857
1093.0,327.0,622.5103508275678,0.525292470342517,885.4999999999999,69.5,21.83333333333333,794.1666666666665,964.0659904093897,47.0,22.5,6.666666666666667,15.166666666666666,103.5,269.3333333333333,163.5,257.8333333333333,0.0,0.0,54.560386793069256,24.005603616320418
1094.0,721.8333333333334,1050.015817216433,0.6874499617033354,192.5,76.16666666666666,7.333333333333334,109.0,294.9231405647932,23.5,52.66666666666666,2.1666666666666665,5.166666666666667,33.333333333333336,5.166666666666667,12.833333333333334,57.66666666666666,0.0,0.0,48.91082417479356,53.51231638999957
1095.0,264.6666666666667,459.0230469082357,0.5765868804395279,1143.4999999999998,106.5,35.833333333333336,1001.1666666666664,1235.6517140422625,73.66666666666667,32.833333333333336,12.833333333333334,23.0,164.66666666666666,141.0,67.33333333333333,628.1666666666666,0.0,0.0,72.48029860147918,19.671415440783
1096.0,437.5,778.5800244046305,0.5619204016113183,1149.3333333333337,113.5,45.66666666666666,990.1666666666669,1260.2538074325803,68.66666666666667,44.833333333333336,10.166666666666666,35.5,266.1666666666667,184.16666666666663,113.83333333333331,426.0,0.0,0.0,78.57952753828056,32.34094656096637
1097.0,544.6666666666666,791.0423753802207,0.688542970159934,864.0,69.16666666666667,9.0,785.8333333333334,964.5846144423432,40.333333333333336,28.83333333333333,2.5,6.5,69.66666666666667,60.66666666666666,522.6666666666666,132.83333333333334,0.0,3.571698826932406,56.67015539372188,40.34276022168883
1098.0,625.6666666666666,1059.122937959119,0.5907403609559221,222.83333333333331,22.666666666666668,4.0,196.16666666666669,302.47605138700703,6.0,16.666666666666668,0.6666666666666666,3.333333333333333,23.5,15.666666666666666,93.66666666666669,63.333333333333336,0.0,0.0,33.631977789059555,46.010740264614135
1099.0,617.3333333333334,916.68888217524,0.6734382246116519,340.6666666666667,34.0,12.0,294.6666666666667,424.652510317194,29.0,5.0,6.333333333333333,5.666666666666667,39.833333333333336,51.0,127.83333333333331,76.0,0.0,0.0,37.97510338591314,46.010740264614135
1100.0,478.5,919.3662342300598,0.5204672329528489,138.33333333333334,15.833333333333334,9.0,113.5,198.45841092446403,12.0,3.8333333333333335,2.1666666666666665,6.833333333333333,27.5,15.166666666666666,18.83333333333333,52.0,0.0,0.0,24.450134731998443,35.67494285913227
1101.0,302.1666666666667,682.3669142515234,0.44282139177001,396.0,266.5,10.833333333333334,118.66666666666669,446.1812778733749,45.333333333333336,221.16666666666663,2.5,8.333333333333334,23.5,27.0,11.333333333333334,56.833333333333336,0.0,0.0,28.009424540908423,22.17185333246651
1102.0,372.0,828.2413492500817,0.4491444436296517,7532.333333333334,81.33333333333333,515.6666666666666,6935.333333333334,7873.65547386731,30.33333333333333,51.0,451.8333333333333,63.833333333333336,1604.8333333333333,218.66666666666663,4755.166666666667,356.6666666666667,0.0,0.0,313.3156029816038,28.006537552373825
1103.0,0.0,0.0,0.0,0.0,0.0,0.0,0.0,0.0,0.0,0.0,0.0,0.0,0.0,0.0,0.0,0.0,0.0,0.0,0.0,0.0
1104.0,0.0,0.0,0.0,442.5,32.33333333333333,182.16666666666663,228.0,460.0393186990452,26.83333333333333,5.5,34.666666666666664,147.5,15.0,39.66666666666666,18.5,154.83333333333334,0.0,0.0,17.53931869904522,0.0
1105.0,0.0,0.0,0.0,3468.333333333333,10.5,1608.5,1849.3333333333333,3605.8115156746912,8.0,2.5,290.8333333333333,1317.6666666666667,1783.5,15.666666666666666,7.0,43.16666666666666,0.0,0.0,137.4781823413583,0.0
1106.0,0.0,0.0,0.0,1556.0,89.83333333333334,1433.8333333333337,32.333333333333336,1617.6764850046884,89.16666666666667,0.6666666666666666,439.5,994.3333333333334,28.5,0.6666666666666666,1.0,2.1666666666666665,0.0,0.0,61.67648500468826,0.0
1107.0,0.0,0.0,0.0,808.8333333333334,8.166666666666666,663.1666666666667,137.5,840.8939521173216,6.0,2.1666666666666665,308.6666666666667,354.5,5.0,5.5,4.666666666666667,122.33333333333331,0.0,0.0,32.06061878398832,0.0
1108.0,705.6666666666666,1224.7720049786917,0.5761616560454806,37.5,7.5,0.3333333333333333,29.666666666666668,120.96955934371412,0.1666666666666666,7.333333333333333,0.3333333333333333,0.0,1.1666666666666667,0.1666666666666666,1.3333333333333333,27.0,0.0,0.0,31.457418175019885,52.01214116869424
1109.0,342.1666666666667,1052.3316005425245,0.3251509946962196,19.5,0.3333333333333333,0.0,19.166666666666668,59.34151146758741,0.3333333333333333,0.0,0.0,0.0,1.1666666666666667,1.0,1.1666666666666667,15.833333333333334,0.0,0.0,14.668915978887282,25.172595488700125
1110.0,236.0,431.3157832947875,0.5471629120483709,289.0,33.833333333333336,10.5,244.66666666666663,328.6468005315084,25.5,8.333333333333334,2.1666666666666665,8.333333333333334,37.16666666666666,31.166666666666668,91.83333333333331,84.5,0.0,0.0,22.309410442126666,17.33739008938176
1111.0,245.83333333333331,461.1880669297648,0.5330435693401663,213.3333333333333,4.333333333333333,0.3333333333333333,208.66666666666663,255.03556910062093,4.0,0.3333333333333333,0.1666666666666666,0.1666666666666666,1.5,200.0,1.0,6.166666666666667,0.0,0.0,23.69803305504729,18.004202712240314
1112.0,115.0,214.78554675822195,0.5354177771070056,214.3333333333333,11.333333333333332,3.6666666666666665,199.3333333333333,240.05888103328616,11.166666666666666,0.1666666666666666,3.6666666666666665,0.0,1.5,1.1666666666666667,177.16666666666666,19.5,0.0,0.0,17.056754707787288,8.668792992165587
1113.0,79.0,147.7658641577217,0.5346295671893294,13.5,0.8333333333333333,0.1666666666666666,12.5,27.834148952460364,0.5,0.3333333333333333,0.0,0.1666666666666666,9.0,0.1666666666666666,0.3333333333333333,3.0,0.0,0.0,8.332748048380259,6.001400904080104
1114.0,846.3333333333334,1558.4302062116897,0.5430678447837859,844.6666666666667,57.66666666666666,217.0,570.0,974.538327604128,45.5,12.166666666666666,100.66666666666669,116.33333333333331,308.6666666666667,66.66666666666667,29.33333333333333,165.33333333333334,0.0,0.0,67.02320166843829,62.84845926902292
1115.0,386.5,772.7332824056995,0.5001725806305832,1429.3333333333337,116.0,289.6666666666667,1023.6666666666669,1561.4309079716022,64.66666666666667,51.333333333333336,166.5,123.16666666666669,272.3333333333333,65.33333333333333,124.66666666666669,561.3333333333334,0.0,0.0,103.59028682569846,28.507287812570222
1116.0,346.1666666666667,592.1334870005409,0.5846091705101463,234.33333333333331,19.666666666666664,46.16666666666667,168.5,300.9970100375237,13.166666666666666,6.5,23.5,22.666666666666668,63.833333333333336,29.666666666666668,17.333333333333332,57.66666666666666,0.0,0.0,41.15755203099753,25.50612467319293
1117.0,246.5,440.8550425453866,0.5591407066068038,301.83333333333337,28.333333333333336,27.333333333333336,246.16666666666669,343.54278454407256,20.166666666666668,8.166666666666666,17.166666666666668,10.166666666666666,72.5,12.0,28.83333333333333,132.83333333333334,0.0,0.0,23.204827575403232,18.504623635335964
1118.0,799.6666666666666,1400.4344628846036,0.5710132732805787,36.333333333333336,3.8333333333333335,10.166666666666668,22.33333333333333,128.65213460654837,3.333333333333333,0.5,3.0,7.166666666666667,5.666666666666667,1.8333333333333333,1.6666666666666667,13.166666666666666,0.0,0.0,33.138292353080494,59.180508920134535
1119.0,0.0,0.0,0.0,355.6666666666667,49.66666666666666,126.83333333333331,179.16666666666669,369.7642301333428,41.16666666666666,8.5,104.5,22.33333333333333,31.33333333333333,44.16666666666666,16.166666666666668,87.5,0.0,0.0,14.097563466676066,0.0
1120.0,506.6666666666667,884.3996789244256,0.5728933181916755,633.3333333333333,104.83333333333331,71.83333333333333,456.6666666666666,738.8672951533613,81.0,23.83333333333333,49.5,22.33333333333333,111.66666666666669,39.833333333333336,47.16666666666666,258.0,0.0,0.0,68.02545623678368,37.50850558324431
1121.0,539.5,985.167753041328,0.5476224717409807,150.0,51.833333333333336,8.5,89.66666666666666,221.02764976658705,12.333333333333334,39.5,5.166666666666667,3.333333333333333,24.166666666666668,2.833333333333333,12.5,50.16666666666666,0.0,0.0,31.018531137798487,40.00911862878855
1122.0,579.8333333333334,921.6026590655382,0.629157617580289,187.5,71.0,26.166666666666668,90.33333333333331,260.9213702243265,27.83333333333333,43.16666666666666,13.333333333333334,12.833333333333334,15.666666666666666,9.166666666666666,6.333333333333333,59.16666666666666,0.0,0.0,30.41133041175245,43.010039812574085
1123.0,0.0,0.0,0.0,629.5,138.66666666666669,77.16666666666667,413.6666666666666,654.4532974762562,115.16666666666669,23.5,30.83333333333333,46.333333333333336,38.66666666666666,121.0,104.16666666666669,149.83333333333334,0.0,0.0,24.95329747625623,0.0
1124.0,400.0,677.3931533614818,0.5904990300168348,763.6666666666667,60.83333333333333,57.5,645.3333333333334,869.4715781454746,34.5,26.33333333333333,13.333333333333334,44.16666666666666,158.83333333333334,60.5,80.33333333333333,345.6666666666667,0.0,0.0,76.13126110098706,29.673650377820863
1125.0,231.33333333333331,388.7675123805968,0.5950428622926236,403.1666666666667,77.5,31.666666666666668,294.0,463.8309401274162,33.5,44.0,2.6666666666666665,29.0,38.5,21.666666666666668,11.666666666666666,222.16666666666663,0.0,0.0,43.49348755834041,17.170785902409193
1126.0,213.5,378.8942788911207,0.5634817200851732,702.6666666666666,144.33333333333331,13.166666666666668,545.1666666666666,762.4852828449625,69.83333333333333,74.5,3.333333333333333,9.833333333333334,144.16666666666666,56.833333333333336,10.333333333333334,333.8333333333333,0.0,0.0,43.81502212828531,16.003594050010616
1127.0,259.8333333333333,441.9740300015926,0.5878927622340097,1120.0,326.66666666666663,27.5,765.8333333333334,1193.658828780954,133.66666666666666,193.0,14.666666666666666,12.833333333333334,135.33333333333334,75.83333333333333,35.333333333333336,519.3333333333334,0.0,0.0,54.65439258470039,19.004436196253664
1128.0,699.5,1192.2536231372858,0.5867040254063911,175.16666666666666,42.833333333333336,5.166666666666667,127.16666666666666,266.8524369899552,36.5,6.333333333333333,4.0,1.1666666666666667,46.66666666666666,10.0,10.0,60.5,0.0,0.0,39.840175055751,51.845595267537554
1129.0,101.5,166.28438732283834,0.6104000600064723,211.0,44.66666666666667,4.333333333333333,162.0,269.7197488609136,35.333333333333336,9.333333333333334,2.5,1.8333333333333333,28.666666666666668,15.333333333333334,7.333333333333333,110.66666666666669,0.0,0.0,51.217718479071245,7.502030381842363
1130.0,305.0,489.2076835462471,0.6234570924746461,1531.6666666666667,360.0,33.0,1138.6666666666667,1626.987539946165,193.16666666666663,166.83333333333334,17.5,15.5,190.66666666666663,88.83333333333333,53.66666666666666,805.5,0.0,0.0,72.81545333663955,22.50541994285892
1131.0,74.83333333333333,134.94982749331783,0.554527076642901,4526.5,522.3333333333334,251.66666666666663,3752.5,4714.545532637542,357.0,165.33333333333334,204.66666666666663,47.0,1298.0,257.6666666666667,445.8333333333333,1751.0,0.0,0.0,182.37760680600135,5.667925831540958
1132.0,1108.6666666666667,1904.7503606613557,0.5820535276243352,405.1666666666666,63.5,48.16666666666666,293.5,549.5022651543561,50.333333333333336,13.166666666666666,26.83333333333333,21.33333333333333,89.0,17.5,40.16666666666666,146.83333333333334,0.0,0.0,62.150352582911246,82.18524590477828
1133.0,272.6666666666667,459.8888422164941,0.5928968951551732,905.0,52.5,87.83333333333334,764.6666666666666,971.852220950221,32.5,20.0,3.6666666666666665,84.16666666666667,170.83333333333334,248.16666666666663,9.333333333333334,336.3333333333333,0.0,0.0,46.68081790660711,20.171403043613854
1134.0,0.0,0.0,0.0,261.0,239.5,0.8333333333333334,20.666666666666668,271.3452789590317,5.666666666666667,233.83333333333331,0.8333333333333334,0.0,4.5,1.6666666666666667,2.1666666666666665,12.333333333333334,0.0,0.0,10.345278959031702,0.0
1135.0,0.0,0.0,0.0,0.0,0.0,0.0,0.0,0.0,0.0,0.0,0.0,0.0,0.0,0.0,0.0,0.0,0.0,0.0,0.0,0.0
1136.0,338.1666666666667,585.637868313283,0.5774330605372785,2755.1666666666665,464.0,154.66666666666666,2136.5,2905.446753580713,291.3333333333333,172.66666666666666,139.66666666666666,15.0,764.5,95.0,278.0,999.0,0.0,0.0,125.27482885130176,25.00525806274516
1137.0,580.5,932.9635517370762,0.6222108022539278,541.5,134.83333333333334,25.666666666666664,381.0,672.3077834379028,111.5,23.33333333333333,12.666666666666666,13.0,82.66666666666667,39.333333333333336,36.0,223.0,0.0,0.0,87.79770587673913,43.01007756116371
1138.0,0.0,0.0,0.0,625.0,575.5,0.8333333333333333,48.66666666666666,649.7727040370954,8.833333333333334,566.6666666666666,0.5,0.3333333333333333,8.5,2.1666666666666665,5.0,33.0,0.0,0.0,24.772704037095465,0.0
1139.0,0.0,0.0,0.0,2897.166666666667,239.5,109.83333333333331,2547.833333333333,3012.0065478947367,170.33333333333334,69.16666666666667,27.0,82.83333333333333,648.8333333333334,913.5,53.0,932.5,0.0,0.0,114.83988122806984,0.0
1140.0,278.5,460.6414907305679,0.6045916523027588,1153.6666666666667,220.3333333333333,65.66666666666666,867.6666666666667,1241.2763874625753,156.0,64.33333333333333,41.16666666666666,24.5,145.33333333333334,253.0,60.833333333333336,408.5,0.0,0.0,67.10494275667874,20.504778039229773
1141.0,0.0,0.0,0.0,1245.1666666666663,198.66666666666669,54.66666666666667,991.8333333333331,1294.5220422291493,124.16666666666669,74.5,17.333333333333332,37.333333333333336,222.66666666666663,202.33333333333331,102.0,464.8333333333333,0.0,0.0,49.35537556248266,0.0
1142.0,0.0,0.0,0.0,529.1666666666667,221.66666666666663,9.333333333333332,298.1666666666667,550.142332870176,204.16666666666663,17.5,3.5,5.833333333333333,53.16666666666666,42.66666666666666,9.5,192.83333333333331,0.0,0.0,20.97566620350932,0.0
1143.0,0.0,0.0,0.0,606.0,19.83333333333333,11.666666666666668,574.5,630.019892989422,15.0,4.833333333333333,5.0,6.666666666666667,18.0,514.1666666666666,8.0,34.333333333333336,0.0,0.0,24.019892989421997,0.0
1144.0,180.0,294.4721074833238,0.6112633265620703,232.16666666666669,37.66666666666667,35.666666666666664,158.83333333333334,261.5080180984619,30.666666666666668,7.0,5.166666666666667,30.5,37.833333333333336,29.33333333333333,11.0,80.66666666666667,0.0,0.0,16.338316139621636,13.00303529217356
1145.0,383.8333333333333,619.4946907947478,0.6195909973674104,642.8333333333334,44.0,21.83333333333333,577.0,711.8693636690253,30.83333333333333,13.166666666666666,4.333333333333333,17.5,66.0,238.5,77.33333333333333,195.16666666666663,0.0,0.0,40.69604273579852,28.33998759989346
1146.0,446.6666666666667,586.8095908143117,0.7611781975935846,500.50000000000006,13.166666666666666,4.0,483.33333333333337,589.3992831625151,9.666666666666666,3.5,1.8333333333333333,2.1666666666666665,18.166666666666668,410.1666666666667,18.666666666666668,36.333333333333336,0.0,0.0,55.72521577422821,33.174067388286915
1147.0,0.0,0.0,0.0,301.0,1.0,0.6666666666666666,299.3333333333333,312.931038200072,1.0,0.0,0.5,0.1666666666666666,226.66666666666663,4.333333333333333,1.0,67.33333333333333,0.0,0.0,11.93103820007202,0.0
1148.0,478.6666666666667,831.9655442666668,0.5753443396367884,53.0,9.666666666666666,2.1666666666666665,41.16666666666666,109.74944903116608,3.8333333333333335,5.833333333333333,0.1666666666666666,2.0,5.333333333333333,3.333333333333333,2.0,30.5,0.0,0.0,21.0743644778308,35.67508455333527
1149.0,96.5,170.75569753723678,0.5651348762693919,1.0,0.0,0.0,1.0,11.866432018014038,0.0,0.0,0.0,0.0,1.0,0.0,0.0,0.0,0.0,0.0,3.864797629920583,7.001634388093456
1150.0,384.8333333333333,487.775683972192,0.7889555506323119,176.83333333333331,7.833333333333333,7.333333333333334,161.66666666666666,232.9396369625048,6.833333333333333,1.0,4.5,2.833333333333333,105.16666666666669,11.833333333333334,6.0,38.66666666666666,0.0,0.0,27.432965961129824,28.673337668041587
1151.0,493.5,642.4219333297673,0.7681867233923926,1023.1666666666666,22.833333333333336,246.16666666666663,754.1666666666666,1126.1406755323312,14.5,8.333333333333334,5.5,240.66666666666663,73.33333333333333,486.8333333333333,14.666666666666666,179.33333333333334,0.0,0.0,66.29886170888365,36.67514715678079
1152.0,310.6666666666667,443.12015535276254,0.7010890001592204,46.0,23.33333333333333,1.5,21.166666666666668,83.14276781050155,3.8333333333333335,19.5,0.1666666666666666,1.3333333333333333,0.8333333333333334,2.833333333333333,6.0,11.5,0.0,0.0,14.137397678194482,23.005370132307068
1153.0,628.1666666666666,1039.1119348040943,0.6045226174647835,66.33333333333333,12.666666666666666,2.333333333333333,51.33333333333333,140.53915168166554,8.166666666666666,4.5,1.6666666666666667,0.6666666666666666,13.0,7.833333333333333,7.666666666666667,22.83333333333333,0.0,0.0,27.528294647224367,46.67752370110785
1154.0,456.5,759.0146203033868,0.6014376901166038,78.83333333333333,8.0,3.8333333333333335,67.0,134.73548846538935,5.166666666666667,2.833333333333333,3.0,0.8333333333333334,17.0,3.333333333333333,7.0,39.66666666666666,0.0,0.0,21.89421667560208,34.00793845645393
1155.0,399.5,642.9916340054285,0.621314460207467,233.8333333333333,17.166666666666668,2.5,214.16666666666663,290.6106872589596,8.833333333333334,8.333333333333334,1.3333333333333333,1.1666666666666667,33.5,16.166666666666668,10.833333333333334,153.66666666666666,0.0,0.0,26.936882701639888,29.840471223986352
1156.0,531.1666666666666,799.9154259162373,0.6640285328392798,76.66666666666666,49.16666666666666,5.166666666666667,22.33333333333333,139.76886263543338,4.0,45.16666666666666,3.8333333333333335,1.3333333333333333,4.0,7.333333333333333,1.8333333333333333,9.166666666666666,0.0,0.0,24.09309009224602,39.009105876520685
1157.0,321.8333333333333,540.8957811598875,0.5950006351375111,1296.0,624.6666666666667,34.666666666666664,636.6666666666667,1400.9599117153784,377.6666666666667,247.0,19.0,15.666666666666666,158.66666666666666,39.16666666666666,80.66666666666667,358.1666666666667,0.0,0.0,81.12101227604013,23.838899439338416
1158.0,135.33333333333334,218.50929445246572,0.6193481777168688,1179.1666666666663,475.0,51.333333333333336,652.8333333333333,1391.1110977192054,379.0,96.0,7.5,43.833333333333336,167.5,95.33333333333331,22.666666666666668,367.3333333333333,0.0,0.0,201.94160043434144,10.002830618197434
1159.0,655.8333333333334,1108.643974802494,0.5915635210574889,786.3333333333333,279.0,51.833333333333336,455.5,893.0111882953396,173.66666666666666,105.33333333333331,42.0,9.833333333333334,100.5,65.0,94.16666666666669,195.83333333333331,0.0,0.0,58.166468479844205,48.51138648216199
1160.0,567.3333333333334,974.0245003897307,0.582463103449995,781.6666666666666,25.0,2.333333333333333,754.3333333333333,877.1489060636314,4.833333333333333,20.166666666666668,1.1666666666666667,1.1666666666666667,15.666666666666666,4.5,688.5,45.66666666666666,0.0,0.0,53.47243306840403,42.009806328560735
1161.0,751.5,1313.8395813212076,0.5719876388898907,743.6666666666667,315.1666666666667,12.833333333333334,415.6666666666667,859.9454089950948,149.33333333333334,165.83333333333334,4.0,8.833333333333334,14.5,55.0,258.6666666666667,87.5,0.0,0.0,60.43237140066244,55.84637092776564
1162.0,444.6666666666667,861.2399913674031,0.5163098220284256,494.33333333333337,165.16666666666669,13.666666666666668,315.5,566.5610535052501,20.33333333333333,144.83333333333334,8.833333333333334,4.833333333333333,25.83333333333333,232.5,6.5,50.66666666666666,0.0,0.0,39.22001519947612,33.00770497244057
1163.0,657.3333333333334,1209.7900945334395,0.5433449457914735,11.833333333333332,0.1666666666666666,0.0,11.666666666666666,87.36927377512312,0.1666666666666666,0.0,0.0,0.0,2.1666666666666665,0.1666666666666666,0.1666666666666666,9.166666666666666,0.0,0.0,26.524499725135595,49.01144071665419
1164.0,444.1666666666667,820.1111935775498,0.5415932255833382,27.666666666666664,22.166666666666664,2.0,3.5,81.16226545837677,1.3333333333333333,20.83333333333333,2.0,0.0,0.0,0.0,0.1666666666666666,3.333333333333333,0.0,1.785849413466203,18.70204440580334,33.00770497244057
1165.0,403.0,788.5558647087495,0.5110608113336989,272.00000000000006,11.666666666666668,1.5,258.83333333333337,329.92960519734817,10.333333333333334,1.3333333333333333,0.5,1.0,9.833333333333334,230.0,2.333333333333333,16.666666666666668,0.0,0.0,27.92260067694765,30.007004520400525
1166.0,222.83333333333331,535.5046362804934,0.41611840166518155,637.6666666666665,1.0,0.6666666666666666,635.9999999999999,688.9457853605859,0.5,0.5,0.5,0.1666666666666666,2.0,521.6666666666666,85.66666666666667,26.666666666666668,0.0,0.0,34.77534539438766,16.50377329953177
1167.0,0.0,0.0,0.0,3951.6666666666665,10.5,2.833333333333333,3938.333333333333,4108.304256966375,6.666666666666667,3.8333333333333335,0.5,2.333333333333333,118.0,624.6666666666666,3039.1666666666665,156.5,0.0,0.0,156.63759029970836,0.0
1168.0,633.8333333333334,1496.9066643737317,0.42342876040204774,0.0,0.0,0.0,0.0,72.13506291888739,0.0,0.0,0.0,0.0,0.0,0.0,0.0,0.0,0.0,0.0,25.124089170259897,47.01097374862749
1169.0,0.0,0.0,0.0,265.33333333333337,7.833333333333333,2.6666666666666665,254.83333333333331,283.08750795037366,5.333333333333333,2.5,0.5,2.1666666666666665,17.833333333333332,29.0,1.6666666666666667,206.33333333333331,7.236964106357335,0.0,10.517210510683022,0.0
1170.0,0.0,0.0,0.0,71.66666666666667,9.166666666666666,6.5,56.0,74.50731941140471,7.0,2.1666666666666665,0.6666666666666666,5.833333333333333,12.333333333333334,6.0,3.1666666666666665,34.5,0.0,0.0,2.8406527447380525,0.0
1171.0,0.0,0.0,0.0,742.0,79.83333333333334,337.8333333333333,324.3333333333333,771.4111555167771,67.16666666666667,12.666666666666666,183.16666666666663,154.66666666666666,52.833333333333336,54.66666666666666,10.333333333333334,206.5,0.0,0.0,29.41115551677704,0.0
1172.0,30.666666666666668,88.73986452905507,0.3455793721279103,74.66666666666667,5.666666666666667,5.333333333333334,63.66666666666667,81.034945955064,4.166666666666667,1.5,2.5,2.833333333333333,14.333333333333334,14.166666666666666,12.0,23.166666666666668,0.0,0.0,4.201999883334643,2.1662794050627
1173.0,0.0,0.0,0.0,1753.3333333333333,132.33333333333331,1415.6666666666667,205.3333333333333,1822.8323677522933,131.66666666666666,0.6666666666666666,549.3333333333334,866.3333333333334,66.5,6.333333333333333,11.0,121.5,0.0,0.0,69.49903441896014,0.0
1174.0,0.0,0.0,0.0,2316.666666666667,52.5,1600.0,664.1666666666667,2408.496782221024,43.833333333333336,8.666666666666666,707.3333333333334,892.6666666666666,243.66666666666663,38.66666666666666,10.666666666666666,371.1666666666667,0.0,0.0,91.83011555435728,0.0
1175.0,0.0,0.0,0.0,1328.0,98.16666666666666,737.1666666666666,492.6666666666666,1380.6382735959294,74.33333333333333,23.83333333333333,287.8333333333333,449.3333333333333,108.0,83.66666666666667,11.166666666666666,289.8333333333333,0.0,0.0,52.63827359592933,0.0
1176.0,0.0,0.0,0.0,438.50000000000006,64.83333333333334,357.33333333333337,16.333333333333332,455.8808439604962,64.66666666666667,0.1666666666666666,352.1666666666667,5.166666666666667,1.5,2.333333333333333,1.3333333333333333,11.166666666666666,0.0,0.0,17.380843960496204,0.0
1177.0,84.0,233.33530771617825,0.35999695383510055,1490.5,182.16666666666669,417.5,890.8333333333334,1558.9126285637462,108.0,74.16666666666667,118.5,299.0,124.83333333333331,152.0,41.66666666666666,572.3333333333334,0.0,0.0,62.41122765966613,6.001400904080104
1178.0,469.8333333333333,1314.1016771808993,0.3575319486245934,479.1666666666667,42.66666666666667,70.33333333333333,366.1666666666667,559.4652317613649,29.666666666666668,13.0,27.666666666666668,42.66666666666666,152.16666666666666,79.83333333333333,11.333333333333334,122.83333333333331,0.0,0.0,45.29032236122439,35.00824273347394
1179.0,405.1666666666667,1133.8616596516742,0.35733342177839855,89.16666666666666,14.0,26.333333333333336,48.83333333333333,143.76842180249756,12.166666666666666,1.8333333333333333,3.1666666666666665,23.166666666666668,10.833333333333334,7.166666666666667,5.0,25.83333333333333,0.0,0.0,24.59475061543037,30.007004520400525
1180.0,518.5,1429.3341015431652,0.3627563348836406,0.0,0.0,0.0,0.0,59.89597672000406,0.0,0.0,0.0,0.0,0.0,0.0,0.0,0.0,0.0,0.0,21.55361257578353,38.342364144220525
1181.0,178.0,546.8091903602907,0.3255248871781332,92.0,0.0,0.0,92.0,118.20501188366116,0.0,0.0,0.0,0.0,0.0,91.83333333333331,0.0,0.1666666666666666,0.0,0.0,13.201976591487592,13.00303529217356
1182.0,88.83333333333333,261.50051309643544,0.33970615308343055,47.0,18.833333333333336,4.5,23.666666666666668,80.55134886923109,18.166666666666668,0.6666666666666666,4.333333333333333,0.1666666666666666,3.333333333333333,4.5,2.333333333333333,13.5,0.0,0.0,26.883035352283,6.668313516948095
1183.0,130.5,396.3654350610929,0.32924162516816247,234.83333333333337,2.833333333333333,140.66666666666669,91.33333333333334,260.8166700650534,2.5,0.3333333333333333,121.16666666666669,19.5,72.66666666666667,2.5,2.5,13.666666666666666,0.0,0.0,15.981001891586551,10.002334840133509
1184.0,85.83333333333333,160.0890392030727,0.5361599629844357,220.16666666666663,43.33333333333333,57.333333333333336,119.5,243.7968794166621,22.0,21.33333333333333,46.333333333333336,11.0,20.666666666666668,32.0,10.833333333333334,56.0,0.0,0.0,17.462107668933395,6.168105081062109
1185.0,0.0,0.0,0.0,460.6666666666667,5.833333333333333,430.1666666666667,24.666666666666664,478.92763027305256,4.0,1.8333333333333333,306.6666666666667,123.5,0.8333333333333334,4.333333333333333,2.6666666666666665,16.833333333333332,0.0,0.0,18.260963606385925,0.0
1186.0,264.6666666666667,501.5703257045963,0.5276760866880792,1059.1666666666663,232.33333333333331,96.66666666666669,730.1666666666666,1268.1970248869586,199.5,32.833333333333336,72.16666666666667,24.5,207.16666666666663,50.5,95.5,377.0,0.0,0.0,189.35943854693505,19.670919673357005
1187.0,195.33333333333331,563.5695322261787,0.3466002368185861,435.6666666666666,31.333333333333336,84.5,319.8333333333333,492.0050432150908,23.666666666666668,7.666666666666667,69.16666666666667,15.333333333333334,90.83333333333331,81.33333333333333,10.166666666666666,137.5,0.0,0.0,41.83430365519162,14.504072893232465
1188.0,415.1666666666667,888.1357718134683,0.46745855739933256,2076.5,379.6666666666667,98.83333333333331,1598.0,2314.020787965572,285.0,94.66666666666669,63.66666666666666,35.166666666666664,373.0,170.33333333333334,187.83333333333331,866.8333333333334,0.0,0.0,206.67952046827745,30.84126749729396
1189.0,1554.33311809242,3555.249256473659,0.4371938522347416,244.99996607289916,16.1666644279396,18.166664150983674,210.66663749397588,465.8126238306657,11.666665051090435,4.499999376849168,8.999998753698335,9.166665397285342,40.83332767881653,10.666665189568398,23.333330102180867,135.83331452341008,0.0,7.143396666000285,98.47558042392059,115.19368066784573
1190.0,788.1666689816827,1437.3901847208408,0.5483317455202705,183.33333387182296,69.83333353844894,22.333333398931163,91.16666693444289,285.3455881401766,11.166666699465583,58.66666683898335,20.500000060212937,1.83333333871823,24.333333404805597,4.000000011748866,8.50000002496634,54.333333492922094,0.0,0.0,43.33181608952811,58.68043817882543
1191.0,366.4999727715909,681.6430844694795,0.5376713724849663,527.6666274646915,52.49999609961397,26.333331376949236,448.8332999881283,632.6096306812071,35.16666405402714,17.333332045586836,17.999998662724792,8.333332714224442,134.66665666186694,26.833331339802694,104.33332558208997,182.9999864043687,0.0,0.0,77.60326781096248,27.33973540555311
1192.0,418.6666666666667,756.4498799544275,0.5534625330258356,1423.5,210.66666666666663,101.33333333333334,1111.5,1555.8825336453665,156.0,54.66666666666666,28.166666666666668,73.16666666666667,264.6666666666667,392.5,76.0,378.3333333333333,0.0,0.0,101.54169982663034,30.840833818736044
1193.0,464.3333333333333,815.8549480980461,0.5691371173464179,1079.5,242.8333333333333,69.5,767.1666666666667,1223.6492174047237,185.66666666666663,57.16666666666666,55.16666666666666,14.333333333333334,194.5,75.5,86.5,410.6666666666667,0.0,0.0,109.8084707294656,34.34074667525786
1194.0,866.6666666666666,1687.736489109969,0.5135082829925096,726.1666666666666,187.33333333333331,11.666666666666668,527.1666666666666,859.6714118895436,129.0,58.333333333333336,7.166666666666667,4.5,79.16666666666667,105.83333333333331,41.833333333333336,300.3333333333333,0.0,0.0,69.15646885704845,64.34827636582854
1195.0,685.6666666666666,1268.7324860829249,0.5404343895879806,346.5,84.83333333333333,3.166666666666667,258.5,438.4253148840877,19.5,65.33333333333333,1.6666666666666667,1.5,16.833333333333332,1.8333333333333333,129.0,110.83333333333331,0.0,0.0,40.91340719940686,51.01190768468089
1196.0,0.0,0.0,0.0,74.83333333333334,0.0,0.0,74.83333333333334,77.79949264997941,0.0,0.0,0.0,0.0,0.0,43.833333333333336,0.0,31.0,0.0,0.0,2.9661593166460647,0.0
1197.0,690.5,1345.216070131633,0.5133004394843668,268.33333333333337,130.33333333333334,4.5,133.5,357.3518859964672,20.666666666666668,109.66666666666669,1.5,3.0,31.5,3.333333333333333,4.166666666666667,94.5,0.0,0.0,38.00664497845298,51.01190768468089
1198.0,626.1666666666666,1371.882012697862,0.45642895006348566,229.5,77.0,4.666666666666666,147.83333333333334,312.2621602903377,59.0,18.0,1.5,3.1666666666666665,47.66666666666666,9.0,38.333333333333336,52.833333333333336,0.0,0.0,36.58471584874151,46.177444441596144
1199.0,229.16666666666663,499.562227014652,0.4587349768939701,12.0,4.833333333333333,0.0,7.166666666666667,39.06312351156672,4.833333333333333,0.0,0.0,0.0,6.0,0.0,0.0,1.1666666666666667,0.0,0.0,10.059154283339751,17.003969228226964
1200.0,326.0,777.4375525621421,0.41932628405410377,9.666666666666666,0.6666666666666666,0.0,9.0,49.64469015954855,0.6666666666666666,0.0,0.0,0.0,4.0,2.0,1.0,2.0,0.0,0.0,15.972419876561457,24.005603616320418
1201.0,311.1666666666667,657.4660012481189,0.47328176069325983,56.83333333333333,7.5,0.0,49.33333333333333,94.9253322346168,0.0,7.5,0.0,0.0,0.0,48.66666666666666,0.0,0.6666666666666666,0.0,0.0,15.086628768976412,23.005370132307068
1202.0,145.33333333333334,309.3542601748629,0.46979580385019915,0.0,0.0,0.0,0.0,16.763469887648164,0.0,0.0,0.0,0.0,0.0,0.0,0.0,0.0,0.0,0.0,5.760901563501304,11.00256832414686
1203.0,525.8333333333334,1297.4900609017193,0.4052696426575275,60.833333333333336,13.333333333333332,3.1666666666666665,44.333333333333336,124.9307822999978,1.1666666666666667,12.166666666666666,0.1666666666666666,3.0,21.0,6.666666666666667,3.6666666666666665,13.0,0.0,0.0,25.088343090143777,39.009105876520685
1204.0,587.8333333333334,1090.8780602664217,0.538862550035857,189.66666666666663,25.33333333333333,22.33333333333333,142.0,266.1625291989971,17.5,7.833333333333333,0.3333333333333333,22.0,31.5,55.833333333333336,6.833333333333333,47.833333333333336,0.0,0.0,32.65232259908981,43.8435399332406
1205.0,221.5,538.6987645476423,0.4111759940381497,422.6666666666666,150.5,1.0,271.16666666666663,466.03784627077584,1.3333333333333333,149.16666666666666,0.1666666666666666,0.8333333333333334,1.8333333333333333,15.166666666666666,2.0,252.16666666666663,0.0,0.0,27.034022998740795,16.33715660536841
1206.0,930.3333333333334,2011.367176179545,0.4625377923788327,0.0,0.0,0.0,0.0,105.89324569761176,0.0,0.0,0.0,0.0,0.0,0.0,0.0,0.0,0.0,0.0,36.87713530069053,69.0161103969212
1207.0,0.0,0.0,0.0,574.3333333333333,56.16666666666667,154.66666666666666,363.5,667.1236105537214,39.5,16.666666666666668,39.66666666666666,115.0,68.5,51.0,22.666666666666668,221.33333333333331,0.0,0.0,92.79027722038808,0.0
1208.0,0.0,0.0,0.0,0.0,0.0,0.0,0.0,0.0,0.0,0.0,0.0,0.0,0.0,0.0,0.0,0.0,0.0,0.0,0.0,0.0
1209.0,0.0,0.0,0.0,42.333333333333336,2.6666666666666665,3.6666666666666665,36.0,44.01153884286516,2.6666666666666665,0.0,0.1666666666666666,3.5,7.833333333333333,13.5,1.0,13.666666666666666,0.0,0.0,1.6782055095318276,0.0
1210.0,0.0,0.0,0.0,661.8333333333334,48.5,219.33333333333331,394.0,688.0677121820277,41.333333333333336,7.166666666666667,34.333333333333336,185.0,24.5,68.0,24.5,277.0,0.0,0.0,26.234378848694305,0.0
1211.0,0.0,0.0,0.0,5876.833333333333,474.83333333333337,4525.666666666667,876.3333333333334,6109.780442907871,460.1666666666667,14.666666666666666,1616.6666666666667,2909.0,281.6666666666667,83.16666666666667,43.66666666666666,467.8333333333333,0.0,0.0,232.9471095745363,0.0
1212.0,0.0,0.0,0.0,5863.0,337.5,3585.333333333333,1940.1666666666663,6095.400160528236,287.8333333333333,49.66666666666666,933.8333333333334,2651.5,421.0,154.66666666666666,185.16666666666663,1179.3333333333333,0.0,0.0,232.40016052823435,0.0
1213.0,0.0,0.0,0.0,11005.333333333332,1225.8333333333333,3894.833333333333,5884.666666666666,11441.562207988773,582.6666666666666,643.1666666666666,1905.3333333333333,1989.5,1040.8333333333333,1715.1666666666667,270.1666666666667,2858.5,0.0,0.0,436.2288746554405,0.0
1214.0,0.0,0.0,0.0,2896.1666666666665,109.33333333333331,2103.1666666666665,683.6666666666666,3010.967073985418,92.5,16.833333333333332,1283.8333333333333,819.3333333333334,74.33333333333333,321.5,41.66666666666666,246.16666666666663,0.0,0.0,114.8004073187518,0.0
1215.0,0.0,0.0,0.0,1058.6666666666667,44.5,750.6666666666667,263.5,2020.34269304203,39.5,5.0,421.5,329.1666666666667,15.833333333333334,21.166666666666668,15.5,211.0,0.0,919.7124480221051,41.96357835325817,0.0
1216.0,65.33333333333333,185.02111672856716,0.35311284727126446,2413.333333333333,203.8333333333333,1326.1666666666667,883.3333333333334,2516.584481944718,174.66666666666666,29.166666666666668,941.0,385.1666666666667,250.83333333333331,150.33333333333334,69.0,413.1666666666667,0.0,0.0,98.2499811913182,5.001167420066754
1217.0,293.8333333333333,970.2290538302505,0.302849447945662,2165.5,343.16666666666663,155.16666666666666,1667.1666666666663,2292.850666509927,208.66666666666663,134.5,25.0,130.16666666666666,366.0,233.16666666666663,295.1666666666667,772.8333333333334,0.0,5.357548241737237,100.15450657046516,21.83861169772501
1218.0,288.6666666666667,1019.4228646720064,0.2831667570645902,169.16666666666666,1.5,0.1666666666666666,167.5,217.15264418283215,1.3333333333333333,0.1666666666666666,0.0,0.1666666666666666,0.0,152.66666666666666,8.5,6.333333333333333,0.0,0.0,26.647753480739805,21.33822403542573
1219.0,346.0,1248.874241681907,0.2770495126346977,64.33333333333333,15.666666666666666,2.333333333333333,46.33333333333333,106.93707797193012,13.666666666666666,2.0,0.1666666666666666,2.1666666666666665,22.0,8.0,1.3333333333333333,15.0,0.0,0.0,16.764432442616002,25.839312195980767
1220.0,280.8333333333333,798.9736066326808,0.3514926287952379,89.83333333333334,39.5,0.1666666666666666,50.16666666666667,134.8636351437248,16.833333333333332,22.666666666666668,0.1666666666666666,0.0,10.5,17.5,1.0,21.166666666666668,0.0,0.0,24.02529865610165,21.00500315428981
1221.0,67.83333333333333,183.95393185896896,0.3687517447865087,11.666666666666668,1.3333333333333333,1.0,9.333333333333334,22.318768071059587,1.3333333333333333,0.0,0.0,1.0,1.0,1.1666666666666667,0.8333333333333334,6.333333333333333,0.0,0.0,5.484217300153375,5.1678841042395485
1222.0,22.5,63.40035758197482,0.3548875883059201,1208.0,96.16666666666666,238.5,873.3333333333334,1317.9427204025626,72.83333333333333,23.33333333333333,119.5,119.0,86.66666666666667,263.6666666666667,100.0,423.0,0.0,0.0,108.10895761151797,1.8337627910446983
1223.0,214.5,653.0345331681133,0.3284665497847116,92.66666666666666,5.0,1.3333333333333337,86.33333333333333,122.17924599540896,3.333333333333333,1.6666666666666667,0.1666666666666666,1.1666666666666667,62.0,7.5,2.333333333333333,14.5,0.0,0.0,13.50884358452869,16.003735744213614
1224.0,0.0,0.0,0.0,374.1666666666667,15.666666666666666,276.1666666666667,82.33333333333333,388.9986137228555,13.5,2.1666666666666665,166.83333333333334,109.33333333333331,5.833333333333333,10.166666666666666,9.666666666666666,56.66666666666666,0.0,0.0,14.831947056188795,0.0
1225.0,0.0,0.0,0.0,1407.666666666667,278.33333333333337,63.0,1066.3333333333337,1463.4648450793295,251.83333333333331,26.5,16.0,47.0,76.16666666666667,58.5,26.83333333333333,904.8333333333334,0.0,0.0,55.798178412662686,0.0
1226.0,351.8333333333333,932.1468849714984,0.3774440906318011,1671.1666666666667,500.1666666666667,137.33333333333331,1033.6666666666667,1989.6807884725376,397.0,103.16666666666669,54.0,83.33333333333333,187.33333333333331,115.16666666666669,90.66666666666669,640.5,0.0,0.0,292.34108034594783,26.173041459923137
1227.0,543.6666666666666,1087.616374272258,0.4998698801592086,1043.0,233.33333333333331,218.83333333333331,590.8333333333333,1169.5715824452282,188.83333333333331,44.5,37.5,181.33333333333331,107.5,74.33333333333333,97.5,311.5,0.0,0.0,86.22898049936482,40.34260194586352
1228.0,570.5,1180.0661537018798,0.48344747301694535,1330.5,135.5,251.83333333333331,943.1666666666669,1475.11551595719,85.0,50.5,28.0,223.83333333333331,215.66666666666663,188.83333333333331,94.16666666666669,444.5,0.0,0.0,102.27245122779983,42.34306472939007
1229.0,875.5,1803.486993177966,0.48544846916653456,1000.0,141.33333333333334,52.333333333333336,806.3333333333333,1221.2279870648892,60.833333333333336,80.5,38.5,13.833333333333334,234.33333333333331,74.66666666666667,157.0,340.3333333333333,0.0,0.0,156.37938976597465,64.84859729891475
1230.0,365.1666666666667,661.6447864672649,0.5519074194121734,1535.0,248.3333333333333,88.33333333333333,1198.3333333333333,1704.1301153797897,137.16666666666666,111.16666666666669,53.16666666666666,35.166666666666664,249.66666666666663,147.0,293.6666666666667,508.0,0.0,0.0,141.95694460848364,27.173170771305863
1231.0,631.3333333333334,1494.400117639773,0.4224660623892677,1322.5,68.66666666666666,28.83333333333333,1225.0,1468.9502572141694,37.66666666666666,31.0,6.833333333333333,22.0,93.66666666666669,810.5,108.5,212.33333333333331,0.0,0.0,99.60592925915644,46.84432795501309
1232.0,730.6666666413039,1436.7156722515342,0.5085673392121123,79.6666666639013,21.33333333259281,5.999999999791729,52.333333331516755,165.96591488273052,6.333333333113492,14.999999999479323,5.833333333130848,0.1666666666608813,19.49999999932312,6.166666666452611,3.66666666653939,22.999999999201627,0.0,0.0,32.286640083983144,54.012608134846076
1233.0,582.6666666666666,1148.438005016827,0.5073557859643711,234.83333333333331,32.833333333333336,16.166666666666668,185.83333333333331,310.24776248417777,2.333333333333333,30.5,12.333333333333334,3.8333333333333335,29.0,112.5,35.0,9.333333333333334,0.0,0.0,32.404389338270384,43.010039812574085
1234.0,591.0,1214.557301351208,0.48659705008772014,469.6666666666666,142.66666666666666,14.5,312.5,555.7189519624716,111.0,31.666666666666668,3.333333333333333,11.166666666666666,93.66666666666669,53.16666666666666,28.5,137.16666666666666,0.0,0.0,42.04201199921756,44.01027329658744
1235.0,686.5,1443.7443184570511,0.47549970671654085,523.3333333333333,127.83333333333334,24.833333333333336,370.6666666666666,622.3018780916677,33.166666666666664,94.66666666666669,4.666666666666667,20.166666666666668,59.16666666666666,113.5,78.5,119.5,0.0,0.0,47.95663707365356,51.01190768468089
1236.0,601.1666666666666,1305.5688147440972,0.4604634086518837,544.1666666666666,66.33333333333333,25.5,452.3333333333333,635.742589861006,44.0,22.33333333333333,6.333333333333333,19.166666666666668,122.33333333333331,93.0,79.5,157.5,0.0,0.0,46.73202060071117,44.84390259362822
1237.0,191.0,412.9436659226722,0.46253282411593316,33.833333333333336,18.666666666666668,1.0,14.166666666666666,57.08210353660966,1.1666666666666667,17.5,0.0,1.0,2.5,1.3333333333333333,1.1666666666666667,9.166666666666666,0.0,0.0,9.245501427089406,14.003268776186912
1238.0,622.3333333333334,1338.2620772453286,0.46503098601907705,84.0,48.5,1.0,34.5,158.0088133280465,7.0,41.5,0.8333333333333334,0.1666666666666666,1.8333333333333333,4.5,2.5,25.666666666666668,0.0,0.0,27.99807306343236,46.010740264614135
1239.0,212.16666666666663,502.7384706917495,0.42202194388412956,0.0,0.0,0.0,0.0,24.413795925811694,0.0,0.0,0.0,0.0,0.0,0.0,0.0,0.0,0.0,0.0,8.410060181598082,16.003735744213614
1240.0,487.0,1153.5195043822914,0.42218618597245827,198.66666666666663,95.66666666666666,14.833333333333332,88.16666666666667,262.52125273323134,49.16666666666666,46.5,5.166666666666667,9.666666666666666,20.666666666666668,8.166666666666666,27.5,31.83333333333333,0.0,0.0,27.84618064208408,36.00840542448063
1241.0,348.8333333333333,912.1344615427424,0.38243630521681266,128.83333333333334,14.333333333333332,1.0,113.5,178.27301216517174,8.0,6.333333333333333,0.8333333333333334,0.1666666666666666,34.166666666666664,68.66666666666667,2.0,8.666666666666666,0.0,0.0,23.76694579781069,25.672733034027715
1242.0,395.0,1255.5981707847193,0.3145910922704947,161.83333333333334,27.0,17.333333333333336,117.5,216.24521709105895,23.666666666666668,3.333333333333333,0.6666666666666666,16.666666666666668,20.33333333333333,10.666666666666666,17.166666666666668,69.33333333333333,0.0,0.0,25.238408544356435,29.173475213369176
1243.0,488.8333333333333,1074.3747458483465,0.45499332074055904,1332.3333333333333,494.6666666666666,46.66666666666666,791.0,1445.0294211990004,326.5,168.16666666666666,28.83333333333333,17.833333333333332,65.33333333333333,182.5,78.16666666666667,465.0,0.0,0.0,76.68772414537987,36.00836372028707
1244.0,321.3333333333333,751.90970270524,0.4273562798527962,548.8333333333333,98.16666666666666,14.333333333333334,436.3333333333333,611.8311013071776,50.66666666666666,47.5,3.0,11.333333333333334,57.333333333333336,64.66666666666667,41.5,272.8333333333333,0.0,0.0,39.15892274589027,23.838845227954067
1245.0,504.8333333333333,1208.548792773135,0.41771861951468525,29.0,0.1666666666666666,0.0,28.83333333333333,88.33603386465002,0.1666666666666666,0.0,0.0,0.0,0.0,28.83333333333333,0.0,0.0,0.0,0.0,21.993903204442848,37.342130660207175
1246.0,0.0,0.0,0.0,1147.3333333333337,267.1666666666667,416.5,463.6666666666667,1192.8111324928896,257.0,10.166666666666666,228.5,188.0,43.16666666666666,16.0,10.333333333333334,394.1666666666667,0.0,0.0,45.47779915955596,0.0
1247.0,0.0,0.0,0.0,3385.666666666667,102.83333333333334,2409.5,873.3333333333333,3519.868283883505,43.333333333333336,59.5,80.33333333333333,2329.1666666666665,463.5,167.16666666666666,19.5,223.16666666666663,0.0,0.0,134.20161721683863,0.0
1248.0,0.0,0.0,0.0,0.0,0.0,0.0,0.0,0.0,0.0,0.0,0.0,0.0,0.0,0.0,0.0,0.0,0.0,0.0,0.0,0.0
1249.0,328.1666666666667,930.9693145716928,0.3524999820403801,1383.1666666666663,120.83333333333334,396.3333333333333,866.0,1671.0397486858917,100.66666666666669,20.166666666666668,287.0,109.33333333333331,175.0,99.66666666666669,27.5,563.8333333333334,0.0,0.0,263.5338946874595,24.339187331765505
1250.0,0.0,0.0,0.0,1357.5,410.6666666666667,480.3333333333333,466.5,1411.3074181647137,368.5,42.16666666666666,26.33333333333333,454.0,61.333333333333336,47.66666666666666,29.0,328.5,0.0,0.0,53.80741816471376,0.0
1251.0,0.0,0.0,0.0,489.1666666666666,71.5,149.16666666666666,268.5,508.5566293852828,64.66666666666667,6.833333333333333,11.166666666666666,138.0,57.16666666666666,62.333333333333336,15.833333333333334,133.16666666666666,0.0,0.0,19.389962718616143,0.0
1252.0,0.0,0.0,0.0,331.83333333333337,36.66666666666667,163.66666666666669,131.5,344.98685525642367,11.5,25.166666666666668,24.83333333333333,138.83333333333334,3.333333333333333,7.333333333333333,4.833333333333333,116.0,0.0,0.0,13.153521923090322,0.0
1253.0,189.16666666666663,392.31458849251607,0.48218106645879993,2446.833333333333,1164.1666666666667,69.0,1213.6666666666667,2630.688323199141,922.3333333333334,241.83333333333331,19.5,49.5,224.5,150.5,86.66666666666667,752.0,0.0,0.0,170.0184462153119,13.836543650495878
1254.0,481.1666666666667,925.061071895236,0.520145838242731,2050.833333333333,377.0,207.0,1466.8333333333337,2304.6601754454814,304.6666666666667,72.33333333333333,171.33333333333334,35.666666666666664,383.1666666666667,168.16666666666666,176.5,739.0,0.0,0.0,218.1515200609793,35.6753220511686
1255.0,617.0,1050.589263943192,0.5872894585693793,1058.5,105.16666666666666,69.66666666666667,883.6666666666666,1280.734360569361,72.33333333333333,32.833333333333336,42.0,27.666666666666668,240.16666666666663,167.0,113.0,363.5,0.0,0.0,176.39045772189658,45.84390284746427
1256.0,487.1666666666667,767.3062927129062,0.6349050845708938,423.8333333333333,67.16666666666666,23.166666666666668,333.5,508.12326629409887,40.66666666666666,26.5,7.833333333333333,15.333333333333334,63.5,70.16666666666667,41.333333333333336,158.5,0.0,0.0,48.11489424986133,36.17503871090424
1257.0,150.66666666666666,238.09788410675364,0.632792967614587,2467.333333333333,250.0,65.5,2151.833333333333,2590.7774497862383,95.33333333333331,154.66666666666666,8.0,57.5,1353.0,203.16666666666663,54.5,541.1666666666666,0.0,0.0,112.27484812375928,11.169268329145607
1258.0,1027.5,1634.9969491681557,0.6284415396143495,7514.0,311.1666666666667,41.0,7161.833333333333,7928.752885565679,241.33333333333331,69.83333333333333,17.333333333333332,23.666666666666668,153.83333333333334,6348.5,80.66666666666667,578.8333333333334,0.0,0.0,338.7351407806644,76.01774478501467
1259.0,736.3333333333334,1324.6156645727858,0.5558845127887078,1750.1666666666667,233.83333333333331,102.83333333333334,1413.5,1904.071069247404,164.33333333333334,69.5,10.666666666666666,92.16666666666669,296.6666666666667,253.83333333333331,218.83333333333331,644.1666666666666,0.0,0.0,99.05827764417602,54.8461249365615
1260.0,766.6666666666666,1515.5384149163935,0.5058708239401247,576.1666666666667,196.16666666666663,7.666666666666666,372.33333333333337,686.9085140341887,59.0,137.16666666666666,2.1666666666666665,5.5,39.5,33.333333333333336,90.0,209.5,0.0,0.0,53.72853877876105,57.013308588761
1261.0,629.1666666666666,1351.4141256829826,0.4655617065928596,755.4999999999999,171.16666666666666,35.0,549.3333333333333,864.3944951446781,71.33333333333333,99.83333333333331,16.666666666666668,18.33333333333333,98.33333333333331,78.83333333333333,126.0,246.16666666666663,0.0,0.0,62.21698396139902,46.67751118327914
1262.0,491.3333333333333,891.84685548086,0.5509167076318495,265.66666666666663,51.5,2.833333333333333,211.3333333333333,332.84733769716524,33.333333333333336,18.166666666666668,1.3333333333333333,1.5,57.833333333333336,28.166666666666668,28.83333333333333,96.5,0.0,0.0,31.005548921845133,36.17512210865343
1263.0,250.83333333333331,379.442936425848,0.6610567999922486,729.3333333333334,62.833333333333336,18.33333333333333,648.1666666666667,787.5229817465917,30.0,32.833333333333336,5.166666666666667,13.166666666666666,55.66666666666666,430.6666666666667,28.5,133.33333333333334,0.0,0.0,39.35194558035141,18.837702832906825
1264.0,492.5,864.7403503924721,0.5695351208908817,503.33333333333337,174.66666666666669,9.5,319.1666666666667,581.3143493191586,25.83333333333333,148.83333333333334,3.8333333333333335,5.666666666666667,50.833333333333336,41.66666666666666,115.16666666666669,111.5,0.0,0.0,41.30579793848602,36.67521804733919
1265.0,519.8333333333334,1246.744429012685,0.41695260170121384,59.333333333333336,11.0,2.6666666666666665,45.66666666666667,122.133013481374,9.5,1.5,0.6666666666666666,2.0,2.6666666666666665,3.6666666666666665,1.0,38.333333333333336,0.0,0.0,24.123882635474555,38.67579751256611
1266.0,515.1666666666666,1109.0763199038608,0.4645006456465713,25.0,5.0,1.0,19.0,86.91982291643109,4.833333333333333,0.1666666666666666,0.0,1.0,3.8333333333333335,1.0,4.166666666666667,10.0,0.0,0.0,23.74424634694175,38.17557656948933
1267.0,479.3333333333333,1109.3423255775986,0.4320878436543562,91.16666666666669,25.5,5.666666666666667,60.0,154.12444123803343,24.166666666666668,1.3333333333333333,1.8333333333333333,3.8333333333333335,15.5,8.666666666666666,10.666666666666666,25.166666666666668,0.0,0.0,27.44957758277211,35.50819698859464
1268.0,655.8333333333334,1531.1122987117642,0.4283378390240438,310.1666666666667,113.0,4.166666666666666,193.0,401.9686593568294,101.5,11.5,2.0,2.1666666666666665,18.83333333333333,74.0,9.0,91.16666666666669,0.0,0.0,43.123872844653896,48.67811984550883
1269.0,535.1666666666666,1166.96170474606,0.45859831088726527,185.5,8.666666666666666,0.3333333333333333,176.49999999999997,259.0738942645382,0.1666666666666666,8.5,0.3333333333333333,0.0,0.0,175.66666666666666,0.1666666666666666,0.6666666666666666,0.0,0.0,33.73125908098617,39.84263518355203
1270.0,438.3333333333333,987.085123033498,0.4440684223729891,12.666666666666666,11.166666666666666,0.0,1.5,67.05124595163296,0.1666666666666666,11.0,0.0,0.0,0.1666666666666666,0.0,0.1666666666666666,1.1666666666666667,0.0,0.0,22.04361604482588,32.34096324014042
1271.0,314.3333333333333,522.4156634214011,0.6016920152713332,514.6666666666666,180.66666666666663,7.5,326.5,570.8675562681395,101.33333333333331,79.33333333333333,2.333333333333333,5.166666666666667,31.83333333333333,39.5,79.66666666666667,175.5,0.0,0.0,33.02891528219309,23.17197431927964
1272.0,683.5,1528.3186754713531,0.4472234822290579,562.8333333333334,190.0,14.0,358.83333333333337,664.5815606509674,87.83333333333333,102.16666666666669,2.1666666666666665,11.833333333333334,98.16666666666669,81.66666666666667,23.666666666666668,155.33333333333334,0.0,0.0,51.06975300129878,50.6784743163353
1273.0,1743.6666666666667,3316.0795142412667,0.5258217299007154,784.3333333333333,364.6666666666667,20.0,399.6666666666666,1022.4090825014872,160.83333333333334,203.83333333333331,9.5,10.5,56.5,35.166666666666664,34.166666666666664,273.8333333333333,0.0,0.0,108.712321366477,129.36342780167683
1274.0,305.6666666666667,549.4359534729864,0.5563281120111393,705.8333333333333,306.66666666666663,17.5,381.6666666666667,769.1043189254684,129.66666666666666,177.0,8.5,9.0,57.16666666666666,72.16666666666667,35.0,217.33333333333331,0.0,0.0,40.76561548293584,22.50537010919922
1275.0,151.5,238.3827776604369,0.6355324889107693,2368.1666666666665,707.0,7.833333333333334,1653.3333333333333,2495.1167126225864,480.0,227.0,1.6666666666666667,6.166666666666667,825.8333333333334,5.666666666666667,32.666666666666664,789.1666666666666,0.0,16.0726447198572,99.8748329119158,11.00256832414686
1276.0,657.0,1009.2014712485442,0.6510097524800331,740.1666666666667,153.33333333333334,69.33333333333333,517.5,850.0564429629585,97.16666666666669,56.16666666666666,4.333333333333333,65.0,101.33333333333331,40.5,29.666666666666668,346.0,0.0,0.0,61.21169815497653,48.67807814131527
1277.0,0.0,0.0,0.0,135.99999568912395,0.3333333227674605,0.1666666613837302,135.49999570497275,141.3909494801558,0.3333333227674605,0.0,0.1666666613837302,0.0,0.3333333227674605,133.83332909113543,0.49999998415119085,0.8333333069186515,0.0,0.0,5.390953791031865,0.0
1278.0,539.3333354462014,1176.0701710342355,0.4585894181568367,105.0000004113433,5.000000019587776,0.16666666731959245,99.83333372443593,174.54935018144727,1.1666666712371478,3.8333333483506284,0.16666666731959245,0.0,16.166666730000475,28.166666777011137,20.166666745670696,35.33333347175362,0.0,0.0,29.540010252831152,40.009339517272835
1279.0,310.0,809.7510581255609,0.38283370782817927,88.66666666666667,22.166666666666668,21.83333333333333,44.66666666666667,128.64182150191922,22.166666666666668,0.0,21.83333333333333,0.0,24.0,1.1666666666666667,0.6666666666666666,18.83333333333333,0.0,0.0,16.96978470294547,23.005370132307068
1280.0,776.1666666666666,1658.175217195604,0.4680848312154621,615.5,80.33333333333334,9.166666666666666,526.0,729.8431658461458,43.5,36.833333333333336,1.6666666666666667,7.5,184.66666666666663,46.5,42.66666666666666,252.16666666666663,0.0,0.0,56.66298634871029,57.68017949743543
1281.0,546.1666666666666,1257.569850426516,0.4343032448507169,188.5,0.5,18.83333333333333,169.16666666666666,271.1599055546758,0.1666666666666666,0.3333333333333333,0.0,18.83333333333333,64.5,1.8333333333333333,94.16666666666669,8.666666666666666,0.0,5.357548241737237,36.79294712565209,40.50941018728648
1282.0,360.3333333333333,672.4556871193669,0.5358469565138363,83.5,34.166666666666664,30.0,19.333333333333336,130.76614860268518,30.5,3.6666666666666665,0.0,30.0,10.0,0.3333333333333333,0.1666666666666666,8.833333333333334,0.0,0.0,20.42656121849752,26.83958738418768
1283.0,280.6666666666667,473.5098540070881,0.5927366965893498,83.66666666666667,15.5,10.0,58.16666666666667,120.11396507380373,11.5,4.0,2.1666666666666665,7.833333333333333,9.333333333333334,9.5,4.0,35.333333333333336,0.0,0.0,15.44239524285667,21.004903164280368
1284.0,565.1666666666666,1131.6246409363691,0.4994294452611215,61.16666666666667,11.666666666666666,4.833333333333333,44.66666666666667,132.66975072082184,6.833333333333333,4.833333333333333,1.3333333333333333,3.5,9.0,9.333333333333334,9.166666666666666,17.166666666666668,0.0,0.0,29.493277725594425,42.009806328560735
1285.0,212.83333333333331,332.9328968217232,0.6392679586940907,3.666666666666667,1.3333333333333337,0.3333333333333333,2.0,28.252703327940075,0.8333333333333334,0.5,0.0,0.3333333333333333,0.8333333333333334,0.5,0.1666666666666666,0.5,0.0,0.0,8.582300917059795,16.003735744213614
1286.0,543.3333333333334,914.8840379123952,0.593882187050858,114.83333333333334,22.5,2.5,89.83333333333334,181.4313372321127,15.0,7.5,0.3333333333333333,2.1666666666666665,17.666666666666668,3.0,1.5,67.66666666666667,0.0,0.0,26.588664538245315,40.00933936053404
1287.0,745.5,1987.26497718814,0.3751386999507421,299.5,50.66666666666666,10.5,238.3333333333333,397.5977661805993,39.16666666666666,11.5,5.666666666666667,4.833333333333333,55.833333333333336,37.66666666666666,24.0,120.83333333333331,0.0,0.0,42.75148701953609,55.34627916106314
1288.0,272.6666666666667,460.43922989323545,0.5921881737355251,1385.8333333333337,546.8333333333334,32.5,806.5,1490.7524999404145,296.1666666666667,250.66666666666663,6.166666666666667,26.33333333333333,336.1666666666667,28.166666666666668,223.5,218.66666666666663,0.0,0.0,84.58123443903646,20.337932168044773
1289.0,191.16666666666663,330.345164042384,0.5786876499942937,65.66666666666667,2.5,0.0,63.16666666666667,90.51701313023288,2.1666666666666665,0.3333333333333333,0.0,0.0,8.0,0.1666666666666666,0.1666666666666666,54.833333333333336,0.0,0.0,10.847077687379302,14.003268776186912
1290.0,773.5,1649.885329855773,0.4688204604301903,124.66666666666669,13.166666666666668,32.833333333333336,78.66666666666667,218.11502738278747,0.3333333333333333,12.833333333333334,32.833333333333336,0.0,21.83333333333333,1.1666666666666667,9.333333333333334,46.333333333333336,0.0,0.0,36.43505212735982,57.013308588761
1291.0,430.1666666666667,1202.92195776097,0.35760147521735086,303.0,24.5,3.0,275.5,364.0691025402108,21.5,3.0,0.8333333333333334,2.1666666666666665,12.0,32.5,14.166666666666666,216.83333333333331,0.0,0.0,29.061631051783547,32.00747148842723
1292.0,392.0,997.9868477348318,0.3927907475832343,354.83333333333337,46.5,19.333333333333336,289.0,425.44522366752426,20.5,26.0,1.6666666666666667,17.666666666666668,18.666666666666668,39.16666666666666,18.5,212.66666666666663,0.0,0.0,41.438360909437385,29.173529424753525
1293.0,238.0,505.6504840721007,0.470680850700152,1516.1666666666663,451.1666666666666,28.666666666666668,1036.3333333333333,1603.696673756661,354.3333333333333,96.83333333333331,6.5,22.166666666666668,163.16666666666666,109.16666666666669,137.0,627.0,0.0,0.0,69.52580437775418,18.004202712240314
1294.0,0.0,0.0,0.0,30.0,0.0,0.0,30.0,31.1891487613169,0.0,0.0,0.0,0.0,0.0,0.0,0.0,30.0,0.0,0.0,1.1891487613169005,0.0
1295.0,189.83333333333331,382.95223921647903,0.49571020585160347,45.0,0.0,0.0,45.0,69.31156811476029,0.0,0.0,0.0,0.0,0.0,45.0,0.0,0.0,0.0,0.0,10.30829933857338,14.003268776186912
1296.0,431.1666666666667,874.64148597263,0.49296388701159677,24.833333333333336,0.0,17.666666666666668,7.166666666666667,82.24969329977853,0.0,0.0,17.666666666666668,0.0,0.0,0.0,0.1666666666666666,7.0,0.0,0.0,25.40888847801796,32.00747148842723
1297.0,581.3333333333334,1053.9074626608126,0.5515980804098628,543.8333333333333,78.33333333333333,13.333333333333334,452.1666666666666,634.6087212879086,58.0,20.33333333333333,2.833333333333333,10.5,123.83333333333331,42.0,82.16666666666667,204.16666666666663,0.0,0.0,47.76534814200112,43.010039812574085
1298.0,739.3333333333334,1752.424414389352,0.42189171028581035,270.16666666666663,107.83333333333331,11.333333333333332,151.0,365.5269245310527,63.16666666666666,44.66666666666666,5.833333333333333,5.5,31.5,28.33333333333333,21.0,70.16666666666667,0.0,0.0,40.347416243651686,55.0128416207343
1299.0,367.6666666666667,759.8098695870272,0.48389298610519677,166.33333333333334,23.0,8.5,134.83333333333334,221.67241643403537,19.33333333333333,3.6666666666666665,4.666666666666667,3.8333333333333335,16.5,85.16666666666667,6.333333333333333,26.83333333333333,0.0,0.0,27.99934566399594,27.33973743670606
1300.0,179.0,506.7672542438343,0.3532193497132966,297.5,77.66666666666667,0.0,219.83333333333331,331.89170256341424,52.833333333333336,24.83333333333333,0.0,0.0,136.5,0.5,81.5,1.3333333333333333,0.0,0.0,21.221950587067912,13.169751976346356
1301.0,658.3333333333334,1125.552026620347,0.5848981813040541,2021.8333333333333,743.1666666666666,15.166666666666668,1263.5,2178.411892034964,643.1666666666666,100.0,3.8333333333333335,11.333333333333334,147.0,78.0,62.333333333333336,976.1666666666666,0.0,0.0,107.90056803249644,48.67799066913455
1302.0,3.0,10.411863074459813,0.28813287099010815,488.5,32.166666666666664,195.66666666666663,260.66666666666663,513.0511544995928,21.33333333333333,10.833333333333334,146.5,49.16666666666666,40.16666666666666,36.16666666666666,12.666666666666666,171.66666666666666,5.049616722381217,0.0,19.501537777211627,0.0
1303.0,420.6666666666667,1112.0296009691476,0.3782872922627693,570.5,60.66666666666667,65.16666666666666,444.6666666666666,656.0214302711718,41.0,19.666666666666668,4.0,61.16666666666666,84.33333333333333,105.0,32.166666666666664,223.16666666666663,6.059540066857461,0.0,48.45463552072635,31.00725468358792
1304.0,291.8333333333333,730.3704187253055,0.39956893906336133,32.666666666666664,3.333333333333333,2.833333333333333,26.5,84.63291142296343,2.5,0.8333333333333334,0.1666666666666666,2.6666666666666665,4.333333333333333,6.666666666666667,3.0,12.5,10.099233444762437,0.0,20.3620830991266,21.504928212407734
1305.0,9.333333333333334,29.370656570363803,0.3177774834884369,592.1666666666667,15.833333333333332,574.5,1.8333333333333333,626.6099782465391,15.666666666666666,0.1666666666666666,0.5,574.0,0.3333333333333333,0.1666666666666666,0.0,1.3333333333333333,10.099233444762437,0.0,23.84386969922393,0.5002084358859863
1306.0,1375.999972826691,3945.444797344561,0.3487566151610569,668.9999867885584,112.3333311149697,35.9999992890704,520.6666563845183,867.913876744693,55.49999890398354,56.83333221098615,7.6666665152649935,28.333332773805406,77.99999845965255,171.83332993996106,44.999999111338006,225.83332887356664,0.0,0.0,96.88990989296244,102.02398006317223
1307.0,464.6666666666667,1182.7907041128014,0.3928562044416879,57.333333333333336,4.333333333333334,0.1666666666666666,52.833333333333336,118.3664737430354,4.166666666666667,0.1666666666666666,0.0,0.1666666666666666,0.1666666666666666,46.5,0.3333333333333333,5.833333333333333,0.0,0.0,26.525135200927224,34.508005208774854
1308.0,720.6666666666666,1899.8316349868896,0.379331859410605,0.0,0.0,0.0,0.0,98.58032854321178,0.0,0.0,0.0,0.0,0.0,0.0,0.0,0.0,0.0,0.0,45.06765797179955,53.51267057141222
1309.0,1118.5,3483.0231413215283,0.3211290751216826,74.0,5.333333333333333,3.333333333333333,65.33333333333333,209.9574426442904,4.0,1.3333333333333333,1.0,2.333333333333333,3.333333333333333,42.66666666666666,1.0,18.33333333333333,0.0,0.0,53.104634397358495,82.8528082469319
1310.0,1143.1666573554717,3605.2765583491223,0.31708154391321774,29.49999975971985,7.999999934839281,0.6666666612366068,20.833333163643964,192.16447447570258,7.333333273602674,0.6666666612366068,0.4999999959274551,0.16666666530915164,1.666666653091517,1.4999999877823653,3.3333333061830337,14.333333216587047,0.0,0.0,77.64462926734218,85.01984544864054
1311.0,833.0,2437.4036636259866,0.3417570968777463,83.83333333333334,14.0,17.666666666666664,52.16666666666667,190.35510809344444,4.5,9.5,0.8333333333333334,16.833333333333332,11.333333333333334,9.833333333333334,2.833333333333333,28.166666666666668,0.0,0.0,44.84081135603279,61.68096340407831
1312.0,1139.5,2928.224153849286,0.389143706263769,184.3333333333333,33.5,8.166666666666668,142.66666666666666,358.00037594906314,25.666666666666668,7.833333333333333,1.0,7.166666666666667,14.0,87.83333333333333,5.833333333333333,35.0,0.3358438076249161,0.0,88.81130275010754,84.51989605799737
1313.0,1159.3333333333333,3520.285541803928,0.3293293454653246,273.16666666666663,24.83333333333333,36.5,211.8333333333333,418.99805456829216,16.333333333333332,8.5,8.5,28.0,41.5,43.333333333333336,34.166666666666664,92.83333333333331,3.0297700334287305,0.0,56.78153824304857,86.02007962514817
1314.0,686.1666666666666,1619.6493908084096,0.42365135970827783,236.3333333333333,57.66666666666667,28.833333333333336,149.83333333333331,323.7444554578617,12.333333333333334,45.333333333333336,20.666666666666668,8.166666666666666,8.333333333333334,85.33333333333333,4.0,52.16666666666666,0.0,0.0,36.56598940983613,50.84513271469222
1315.0,514.6666666666666,1512.1144201511015,0.34036225024243694,1097.6666666666667,480.6666666666667,1.8333333333333333,615.1666666666667,1208.4202601145514,333.6666666666667,147.0,0.3333333333333333,1.5,11.0,3.8333333333333335,86.0,514.3333333333334,0.0,0.0,72.41140018423232,38.342193263652696
1316.0,1080.1666666666667,3440.850278607568,0.31392434404434044,490.83333333333337,66.5,23.666666666666664,400.6666666666667,638.6224852324829,58.833333333333336,7.666666666666667,9.166666666666666,14.5,34.0,184.5,81.16666666666667,101.0,0.0,0.0,67.43691897920698,80.35223291994247
1317.0,892.3333333333334,2405.6037279097923,0.3709394539842495,175.16666666666669,10.5,65.83333333333334,98.83333333333334,284.67313530796844,8.333333333333334,2.1666666666666665,8.5,57.333333333333336,9.5,16.5,7.166666666666667,65.66666666666667,1.0099233444762437,0.0,42.31443117496238,66.18211412186315
1318.0,328.0,971.1850067947904,0.3377317377278105,0.0,0.0,0.0,0.0,37.006963406718526,0.0,0.0,0.0,0.0,0.0,0.0,0.0,0.0,0.0,0.0,13.001359790398112,24.005603616320418
1319.0,0.0,0.0,0.0,657.5,30.833333333333336,381.5,245.16666666666663,683.5619077712939,26.166666666666668,4.666666666666667,205.0,176.5,13.166666666666666,31.166666666666668,19.166666666666668,181.66666666666663,0.0,0.0,26.06190777129385,0.0
1320.0,489.3333333333333,1465.914825166725,0.3338074797610968,0.0,0.0,0.0,0.0,65.30789252135543,0.0,0.0,0.0,0.0,0.0,0.0,0.0,0.0,7.069463411333705,0.0,22.230023685541106,36.00840542448063
1321.0,0.0,0.0,0.0,760.5,21.166666666666668,351.3333333333333,388.0,790.6461746851427,18.0,3.1666666666666665,27.83333333333333,323.5,202.66666666666663,32.833333333333336,10.333333333333334,142.16666666666666,0.0,0.0,30.146174685142668,0.0
1322.0,0.0,0.0,0.0,507.6666666666667,24.0,254.66666666666669,229.0,527.7896679221591,19.166666666666668,4.833333333333333,15.833333333333334,238.83333333333331,22.0,29.33333333333333,11.166666666666666,166.5,0.0,0.0,20.123001255492397,0.0
1323.0,0.0,0.0,0.0,133.83333333333331,41.5,34.0,58.33333333333333,139.1386148317947,39.833333333333336,1.6666666666666667,7.833333333333333,26.166666666666668,11.833333333333334,5.666666666666667,4.833333333333333,36.0,0.0,0.0,5.305281498461398,0.0
1324.0,0.0,0.0,0.0,2958.166666666667,292.0,1187.0,1479.1666666666667,3075.422578209591,252.0,40.0,20.5,1166.5,121.16666666666669,77.83333333333333,37.5,1242.6666666666667,0.0,0.0,117.2559115429241,0.0
1325.0,0.0,0.0,0.0,2871.5,81.33333333333334,2178.5,611.6666666666667,2994.4846053589217,73.16666666666667,8.166666666666666,273.0,1905.5,457.6666666666667,9.0,8.666666666666666,136.33333333333334,2.0198466889524878,7.143397655203439,113.821361014766,0.0
1326.0,0.0,0.0,0.0,3469.833333333333,339.1666666666667,2542.333333333333,588.3333333333333,3607.371274721564,337.6666666666667,1.5,1765.1666666666667,777.1666666666666,170.66666666666666,3.5,153.5,260.6666666666667,0.0,0.0,137.5379413882312,0.0
1327.0,337.6666666666667,1330.0327783026748,0.25387845485851934,3066.166666666667,116.16666666666666,1958.8333333333333,991.1666666666669,3226.096071880091,68.33333333333333,47.833333333333336,1284.0,674.8333333333334,188.83333333333331,84.83333333333333,22.5,695.0,0.0,0.0,134.92356811309037,25.005837100333768
1328.0,0.0,0.0,0.0,3603.1666666666665,218.5,2331.5,1053.1666666666663,3745.991239482855,194.5,24.0,296.6666666666667,2034.8333333333333,445.0,75.16666666666667,23.166666666666668,509.8333333333333,0.0,0.0,142.82457281618835,0.0
1329.0,0.0,0.0,0.0,851.5,22.833333333333336,693.1666666666666,135.5,885.2515308205759,20.666666666666668,2.1666666666666665,364.3333333333333,328.8333333333333,8.166666666666666,24.666666666666668,2.333333333333333,100.33333333333331,0.0,0.0,33.751530820575894,0.0
1330.0,0.0,0.0,0.0,5439.5,420.3333333333333,2434.5,2584.6666666666665,5655.109531147486,236.16666666666663,184.16666666666663,1189.3333333333333,1245.1666666666667,408.0,530.0,203.33333333333331,1443.3333333333333,0.0,0.0,215.60953114748625,0.0
1331.0,823.3333333333334,1972.169651423642,0.4174759168101979,3042.6666666666665,112.5,357.83333333333337,2572.333333333333,3276.120296620102,70.83333333333333,41.66666666666666,131.83333333333334,226.0,560.6666666666666,151.0,363.6666666666667,1497.0,2.69308380822616,0.0,169.7462619162017,61.01428422900796
1332.0,50.16666666666666,167.52224920361132,0.2994627096111434,1478.1666666666663,77.33333333333333,872.8333333333333,528.0,1545.246176166879,66.83333333333333,10.5,343.3333333333333,529.5,35.166666666666664,88.16666666666667,29.33333333333333,375.3333333333333,0.0,0.0,63.24533395252544,3.83417554768705
1333.0,79.33333333333333,212.06825214200197,0.3740933993279264,269.66666666666663,17.833333333333332,65.83333333333333,186.0,298.1971026623325,14.166666666666666,3.6666666666666665,37.66666666666666,28.166666666666668,13.666666666666666,64.5,18.33333333333333,89.5,3.869800761279848,0.0,18.82625116897246,5.834384065413478
1334.0,289.8333333333333,978.723038846233,0.2961341685335242,850.1666666666667,261.0,32.333333333333336,556.8333333333334,916.6894768429014,202.16666666666663,58.833333333333336,6.666666666666667,25.666666666666668,75.66666666666667,61.16666666666666,34.833333333333336,385.1666666666667,0.0,0.0,45.184415260241046,21.33839491599356
1335.0,91.16666666666669,253.9604448562652,0.35897978804638087,3548.5,771.5,1222.5,1554.5,3804.818850788355,397.1666666666667,374.3333333333333,190.16666666666663,1032.3333333333333,292.6666666666667,160.66666666666666,74.66666666666667,1026.5,3.7018756718547015,0.0,245.782053446338,6.834921670162529
1336.0,14.5,38.51885255758508,0.3764390431496558,2374.9999999999995,36.16666666666667,103.0,2235.833333333333,2471.916912264512,25.666666666666668,10.5,76.83333333333333,26.166666666666668,1932.1666666666667,45.333333333333336,76.16666666666667,182.16666666666663,1.1774240394998745,0.0,94.73932970598888,1.0001585190234283
1337.0,0.0,0.0,0.0,4487.166666666667,95.66666666666669,33.5,4358.0,4665.030280844022,43.333333333333336,52.333333333333336,4.333333333333333,29.166666666666668,887.8333333333334,141.83333333333334,31.33333333333333,3297.0,0.0,0.0,177.86361417735566,0.0
1338.0,598.3333333333334,2069.5850023599096,0.2891078803968259,63.66666666666666,0.0,0.0,63.66666666666666,136.26274558093775,0.0,0.0,0.0,0.0,0.0,63.5,0.0,0.1666666666666666,1.0099233444762437,0.0,27.242444732878585,44.34371083691627
1339.0,254.5,868.0363362200961,0.29319049143522247,43.16666666666666,4.5,4.333333333333334,34.33333333333333,77.30352958687257,2.833333333333333,1.6666666666666667,0.5,3.8333333333333335,5.166666666666667,6.666666666666667,2.1666666666666665,20.33333333333333,0.0,0.0,15.132426723952245,19.004436196253664
1340.0,358.5,1051.3716936397757,0.34098311964144473,0.0,0.0,0.0,0.0,46.71645597906283,0.0,0.0,0.0,0.0,0.0,0.0,0.0,0.0,0.0,0.0,19.876885274049197,26.83957070501363
1341.0,262.1666666666667,755.0567410028166,0.34721452366410793,845.3333333333334,225.8333333333333,24.666666666666668,594.8333333333334,908.4005831023968,94.83333333333331,131.0,5.0,19.666666666666668,90.5,68.66666666666667,59.333333333333336,376.3333333333333,0.0,0.0,43.896109395828034,19.17114037323567
1342.0,1026.5,2886.180247926599,0.3556603925681449,1751.0,753.5,22.666666666666664,974.8333333333331,1979.8062956365825,255.33333333333331,498.1666666666667,9.666666666666666,13.0,135.66666666666666,219.66666666666663,121.83333333333331,497.6666666666667,0.0,0.0,152.78813828678776,76.01815734979492
1343.0,0.0,0.0,0.0,2277.833333333333,98.16666666666669,76.66666666666666,2103.0,2368.121748030448,66.5,31.666666666666668,9.833333333333334,66.83333333333333,640.5,446.5,37.16666666666666,978.8333333333334,0.0,0.0,90.28841469711426,0.0
1344.0,0.0,0.0,0.0,1490.9999999999998,8.333333333333334,168.66666666666666,1313.9999999999998,1551.1105242329054,7.166666666666667,1.1666666666666667,0.5,168.16666666666666,1093.0,2.333333333333333,58.833333333333336,159.83333333333334,1.0099233444762437,0.0,59.10060088842937,0.0
1345.0,271.0,761.2811898273375,0.35597884674053776,0.0,0.0,0.0,0.0,31.2465036720588,0.0,0.0,0.0,0.0,0.0,0.0,0.0,0.0,0.0,0.0,11.241833991791788,20.00466968026701
1346.0,0.0,0.0,0.0,668.6666666666667,32.16666666666667,134.5,502.0,695.1712227992966,22.166666666666668,10.0,12.666666666666666,121.83333333333331,63.5,266.0,8.166666666666666,164.33333333333334,0.0,0.0,26.50455613262996,0.0
1347.0,620.6666666666666,1941.076624594652,0.3197538205356928,545.3333333333334,72.83333333333334,152.0,320.5,645.3955157033821,40.333333333333336,32.5,80.16666666666667,71.83333333333333,65.5,54.16666666666666,15.0,185.83333333333331,0.0,0.0,54.05144210543457,46.010740264614135
1348.0,609.8333333333334,1767.5939213403974,0.3450075981653558,198.5,26.0,3.333333333333333,169.16666666666666,275.551500740592,6.5,19.5,0.5,2.833333333333333,1.1666666666666667,161.0,0.3333333333333333,6.666666666666667,0.0,0.0,32.040993959991205,45.01050678060079
1349.0,356.5,1189.0990285937312,0.299806821322198,7.833333333333334,1.6666666666666667,0.0,6.166666666666667,48.28078678968062,0.0,1.6666666666666667,0.0,0.0,0.0,0.0,0.1666666666666666,6.0,0.0,0.0,14.441382872000167,26.00607058434712
1350.0,1131.1666666666667,3576.670864783808,0.31626244332522335,1392.6666666666667,209.3333333333333,54.0,1129.3333333333337,1604.2310490543796,100.33333333333331,109.0,23.5,30.5,188.33333333333331,202.5,62.5,676.0,0.0,0.0,127.5447321983814,84.01965018933177
1351.0,368.8333333333333,949.691434615406,0.38837175938382423,1660.0,54.66666666666666,220.83333333333331,1384.5,1771.9292479630612,38.16666666666666,16.5,115.66666666666669,105.16666666666669,426.6666666666667,120.66666666666669,303.3333333333333,533.8333333333334,0.0,0.0,84.58903957820733,27.340208384853927
1352.0,242.16666666666663,613.7200294920268,0.3945881754374333,699.5,81.83333333333334,92.66666666666669,525.0,756.9973097930971,77.16666666666667,4.666666666666667,23.666666666666668,69.0,51.333333333333336,212.83333333333331,53.333333333333336,207.5,0.0,0.0,39.82653211399484,17.67077767910226
1353.0,250.83333333333331,532.3443371397065,0.47118625264441494,300.1666666666667,36.333333333333336,18.0,245.83333333333331,346.8652200302213,20.166666666666668,16.166666666666668,3.0,15.0,56.833333333333336,37.16666666666666,21.5,130.33333333333334,2.0198466889524878,0.0,26.00772052586807,18.670986148734038
1354.0,1079.5,3045.7007458306475,0.3544340334413223,59.66666666666667,31.833333333333336,2.833333333333333,25.0,186.6745033064961,0.1666666666666666,31.666666666666668,0.0,2.833333333333333,6.166666666666667,0.0,3.1666666666666665,15.666666666666666,0.0,0.0,46.989116214567794,80.01872042526162
1355.0,649.6666666666666,2385.2766508021737,0.2723653318989989,80.50000000000001,0.5,0.0,80.00000000000001,159.78701470805703,0.3333333333333333,0.1666666666666666,0.0,0.0,1.1666666666666667,78.66666666666667,0.0,0.1666666666666666,0.0,0.0,31.275694978215935,48.01131972984107
1356.0,2.333333333333333,8.646627788497392,0.2698547214484433,1503.0,816.6666666666667,44.5,641.8333333333334,1563.9986159902037,538.5,278.1666666666667,7.833333333333333,36.66666666666666,66.16666666666667,193.5,21.666666666666668,360.5,0.0,0.0,60.99861599020341,0.0
1357.0,227.83333333333331,736.9183641662097,0.3091703836029607,296.3333333333333,215.33333333333331,1.6666666666666667,79.33333333333333,337.94922442132975,59.5,155.83333333333334,0.5,1.1666666666666667,6.166666666666667,8.666666666666666,24.5,40.0,0.0,0.0,24.61192185976948,17.003969228226964
1358.0,525.8333333333334,1722.711798344723,0.30523581125907606,624.8333333333334,115.0,22.5,487.33333333333337,712.6191013150288,55.0,60.0,10.5,12.0,55.833333333333336,97.16666666666669,40.833333333333336,293.5,0.0,0.0,48.77666210517486,39.009105876520685
1359.0,347.3333333333333,984.8906975263208,0.35266180724998775,0.0,0.0,0.0,0.0,39.77378253963997,0.0,0.0,0.0,0.0,0.0,0.0,0.0,0.0,0.0,0.0,13.767711955292846,26.00607058434712
1360.0,403.5,1374.4541115244228,0.2935710960568,337.5,49.16666666666666,98.66666666666669,189.66666666666663,399.3790981668175,34.5,14.666666666666666,1.0,97.66666666666669,52.0,50.66666666666666,11.333333333333334,75.66666666666667,0.0,0.0,31.87209364641698,30.007004520400525
1361.0,292.5,826.977332627615,0.3536977235767981,43.833333333333336,0.0,0.0,43.833333333333336,79.17004921214276,0.0,0.0,0.0,0.0,0.0,43.833333333333336,0.0,0.0,0.0,0.0,13.3315792305157,22.00513664829372
1362.0,312.0,1379.5829341421504,0.2261553055481998,0.0,0.0,0.0,0.0,36.20597518441176,0.0,0.0,0.0,0.0,0.0,0.0,0.0,0.0,0.0,0.0,13.200605052104686,23.005370132307068
1363.0,646.3333333333334,2120.472767473113,0.3048062409702834,1460.6666666666667,179.0,34.666666666666664,1247.0,1598.366958148256,149.83333333333334,29.166666666666668,7.833333333333333,26.83333333333333,142.16666666666666,186.66666666666663,508.8333333333333,409.3333333333333,0.0,0.0,89.85578842593078,47.84450305565883
1364.0,716.5000245415717,2273.5403111838536,0.31514727098394113,744.5000255006283,190.00000650788365,16.500000565158317,538.0000184275864,856.9236393933329,115.66667062848357,74.3333358794001,2.6666667580053844,13.833333807152933,89.66666973793106,55.33333522861173,36.166667905448016,356.8333455555955,0.0,0.0,59.41123742421616,53.01237646848847
1365.0,151.3333420089188,485.41633683101145,0.3117598863624622,230.8333465664675,87.16667166372746,0.16666667622127615,143.50000822651882,262.8183061268727,32.00000183448503,55.166669829242416,0.0,0.16666667622127615,0.8333333811063811,1.0000000573276573,45.000002579744574,96.66667220834023,0.0,0.0,20.81563220758061,11.169327352824547
1366.0,670.0,2052.312630737088,0.3264609835585183,813.0,201.5,42.16666666666667,569.3333333333333,922.7965232870192,57.66666666666666,143.83333333333334,29.166666666666668,13.0,45.5,268.8333333333333,30.33333333333333,224.66666666666663,0.0,0.0,59.784849086351535,50.011674200667535
1367.0,588.1666666666666,1543.19431062234,0.38113584440929577,360.8333333333333,84.83333333333334,11.833333333333334,264.16666666666663,444.4664309422774,58.333333333333336,26.5,2.333333333333333,9.5,44.16666666666666,39.5,14.333333333333334,166.16666666666666,0.0,0.0,40.1227952360134,43.510302372930624
1368.0,358.1666666666667,1078.6281619918764,0.3320575887850443,102.5,21.166666666666668,2.833333333333333,78.5,156.7675110922588,18.166666666666668,3.0,1.8333333333333333,1.0,7.166666666666667,5.833333333333333,17.333333333333332,48.16666666666666,0.0,0.0,27.59469877561149,26.67281231664728
1369.0,79.0,199.9147603609377,0.3951684200674769,1840.0,502.33333333333337,32.0,1305.6666666666667,1973.224140621549,21.666666666666668,480.6666666666667,4.333333333333333,27.666666666666668,186.33333333333331,3.5,9.166666666666666,1106.6666666666667,0.0,0.0,127.22272292822628,6.001417693322769
1370.0,507.0,1544.7986421962053,0.32819811343128164,839.8333333333333,322.0,54.5,463.3333333333333,953.2166658803249,139.66666666666666,182.33333333333331,11.333333333333334,43.16666666666666,65.5,49.16666666666666,29.83333333333333,318.8333333333333,0.0,0.0,75.87443942398643,37.50889312300505
1371.0,624.3333333333334,1328.1849198242005,0.4700650670058583,1391.0,244.3333333333333,62.0,1084.6666666666667,1532.582964541602,141.16666666666666,103.16666666666669,21.0,41.0,236.16666666666663,153.5,46.16666666666666,648.8333333333334,0.0,0.0,95.4057284133532,46.17723612824869
1372.0,855.0,2500.839108109996,0.3418852485261095,333.3333333333333,42.333333333333336,32.833333333333336,258.16666666666663,448.6271589682668,33.5,8.833333333333334,20.5,12.333333333333334,24.83333333333333,98.33333333333331,9.0,126.0,0.8411558374734426,0.0,51.10444352788622,63.34822626957381
1373.0,991.3333333333334,2741.902762373304,0.36154941266964064,200.83333333333331,12.666666666666666,5.166666666666667,183.0,322.6053679171432,10.666666666666666,2.0,0.1666666666666666,5.0,7.333333333333333,88.5,56.833333333333336,30.33333333333333,0.0,0.0,48.421627675496346,73.35040690831353
1374.0,153.5,480.3040859478019,0.31958920294648907,2009.1666666666667,165.33333333333334,120.33333333333334,1723.5,2111.4073266570617,117.16666666666669,48.16666666666666,78.0,42.333333333333336,464.8333333333333,271.5,281.0,706.1666666666666,1.5143929567471155,0.0,89.55694032113479,11.169326712513213
1375.0,255.66666666666663,805.7948040665665,0.31728507726335015,620.6666666666667,350.0,31.166666666666664,239.5,678.0819938369493,334.0,16.0,3.333333333333333,27.83333333333333,28.83333333333333,73.0,14.833333333333334,122.83333333333331,1.0099233444762437,0.0,37.56786770148427,18.83753612432225
1376.0,863.1666666666666,2770.760259490937,0.31152701274315714,381.83333333333337,56.16666666666667,14.0,311.6666666666667,502.0306951783385,32.333333333333336,23.83333333333333,0.0,14.0,7.666666666666667,58.66666666666666,4.0,241.33333333333331,0.0,0.0,56.18259808392609,64.01476376107908
1377.0,1006.5,3031.721706115573,0.3319895747586903,219.0,39.0,33.0,147.0,353.2603464842039,29.5,9.5,16.666666666666668,16.333333333333332,15.0,25.83333333333333,28.5,77.66666666666667,0.0,0.0,59.57628523072223,74.68406125348167
1378.0,478.1666666666667,1559.7493932072075,0.30656634248367604,566.3333333333333,134.83333333333334,21.666666666666668,409.8333333333333,643.9103668439411,95.5,39.333333333333336,4.166666666666667,17.5,42.5,148.66666666666666,24.666666666666668,194.0,0.0,0.0,42.23541152262102,35.34162198798691
1379.0,434.3333333333333,1093.9897208522293,0.3970177461950768,1350.3333333333337,415.33333333333337,35.0,900.0,1457.9156252180862,379.1666666666667,36.16666666666666,11.166666666666666,23.83333333333333,266.0,186.33333333333331,79.16666666666667,368.5,0.0,0.0,75.40821620935289,32.17407567539979
1380.0,220.333335721013,727.0866409911614,0.3030358739924798,504.3333387986273,200.33333550427957,10.333333445312258,293.66666984903543,549.0612456574304,164.8333351195778,35.50000038470179,2.5000000270916756,7.833333418220583,41.833333786667374,43.83333380834071,16.833333515750613,191.16666873827674,0.0,0.0,28.724170941162175,16.00373591764082
1381.0,82.50000165505014,271.77695792064407,0.3035577492891772,237.6666714345485,3.833333410234653,1.0000000200612138,232.8333380042526,256.3592463197155,2.333333380142832,1.5000000300918206,0.0,1.0000000200612138,3.000000060183641,204.6666707725284,2.333333380142832,22.83333379139771,0.0,0.0,12.691173860691515,6.001401024475491
1382.0,671.1666666666666,2008.733914366654,0.33412422713950285,1107.8333333333333,347.5,25.166666666666668,735.1666666666666,1230.3425845675272,213.66666666666663,133.83333333333334,3.6666666666666665,21.5,114.0,137.16666666666666,27.666666666666668,456.3333333333333,0.0,0.0,72.66428121050821,49.84497002368553
1383.0,1029.6666666666667,2492.550885817428,0.4130975509970338,3027.4999999999995,232.83333333333331,82.83333333333333,2711.833333333333,3272.507458239643,108.66666666666669,124.16666666666669,8.0,74.83333333333333,353.3333333333333,1138.8333333333333,273.3333333333333,946.3333333333334,0.0,0.0,168.9897134546282,76.01774478501467
1384.0,404.6666666666667,1050.7339460163148,0.385127622649762,1826.1666666666663,1120.8333333333333,22.666666666666668,682.6666666666666,1995.9339519567704,627.5,493.3333333333333,7.833333333333333,14.833333333333334,163.66666666666666,77.16666666666667,31.0,410.8333333333333,0.0,0.0,139.75985569773204,30.00742959237158
1385.0,596.6666666666666,1323.7152306200985,0.4507515308916981,216.5,39.5,4.833333333333334,172.16666666666666,293.90926748042773,22.5,17.0,1.5,3.333333333333333,23.83333333333333,26.83333333333333,7.666666666666667,113.83333333333331,0.0,0.0,33.39899418384028,44.01027329658744
1386.0,876.6666666666666,2118.8338872337736,0.4137495968649018,1082.1666666666667,220.83333333333331,91.83333333333331,769.5,1233.4997605332255,146.33333333333334,74.5,39.66666666666666,52.16666666666666,97.33333333333331,185.0,42.333333333333336,444.8333333333333,0.0,0.0,86.15118820368947,65.18190566286931
1387.0,722.3333333333334,2740.833502006079,0.26354513428292564,1572.3333333333333,447.1666666666667,108.83333333333331,1016.3333333333331,1716.798806564545,323.1666666666667,124.0,51.16666666666666,57.66666666666666,143.16666666666666,137.33333333333334,65.33333333333333,670.5,0.0,0.0,90.9532609925666,53.512212238644814
1388.0,879.0,2269.959636973625,0.38723155499447903,0.0,0.0,0.0,0.0,99.85723516745298,0.0,0.0,0.0,0.0,0.0,0.0,0.0,0.0,0.0,0.0,34.842058706585185,65.0151764608678
1389.0,1192.3333333333333,3413.833300471528,0.3492652477110247,17.833333333333332,0.0,3.0,14.833333333333332,160.77591430825464,0.0,0.0,0.0,3.0,4.0,0.5,5.333333333333333,5.0,0.0,1.785849413466203,52.80274742795141,88.35398413350372
1390.0,514.8333333333334,1559.220941484598,0.3301862613794422,162.5,25.666666666666664,12.5,124.33333333333334,231.69060319128087,10.0,15.666666666666666,0.8333333333333334,11.666666666666666,23.5,35.5,3.8333333333333335,61.5,0.0,0.0,31.01512661180097,38.1754765794799
1391.0,515.6666666666666,1641.9947480718977,0.31404891353774733,161.0,48.833333333333336,2.833333333333333,109.33333333333331,226.3306137033601,46.5,2.333333333333333,0.5,2.333333333333333,20.83333333333333,29.666666666666668,21.33333333333333,37.5,0.0,0.0,27.321741310852783,38.008872392507335
1392.0,246.33333333333331,762.1417500259945,0.3232119659170116,98.33333333333331,6.833333333333334,5.166666666666667,86.33333333333333,133.0005698352583,5.166666666666667,1.6666666666666667,0.6666666666666666,4.5,21.33333333333333,13.166666666666666,22.5,29.33333333333333,0.0,0.0,16.49631710551186,18.170919396413108
1393.0,261.3333333333333,804.1837223950148,0.3249672009712309,60.16666666666667,13.0,6.333333333333333,40.833333333333336,91.91490017190812,9.666666666666666,3.333333333333333,0.8333333333333334,5.5,7.166666666666667,5.5,6.666666666666667,21.5,0.0,0.0,12.743797308987787,19.004436196253664
1394.0,426.1666666666667,1011.702245956867,0.42123724482157165,72.0,0.1666666666666666,0.0,71.83333333333333,135.92101475726207,0.1666666666666666,0.0,0.0,0.0,0.0,71.83333333333333,0.0,0.0,0.0,0.0,32.2468516327894,31.674163124472656
1395.0,414.3333333333333,1301.0117686024687,0.31847008868982424,116.66666666666669,6.166666666666667,1.6666666666666663,108.83333333333334,169.22214146795275,4.166666666666667,2.0,0.6666666666666666,1.0,6.833333333333333,59.16666666666666,20.666666666666668,22.166666666666668,0.0,0.0,21.548236796872214,31.007238004413875
1396.0,313.1666666666667,850.5270645803294,0.3682030586777279,0.0,0.0,0.0,0.0,37.08547955451879,0.0,0.0,0.0,0.0,0.0,0.0,0.0,0.0,0.0,0.0,14.080109422211724,23.005370132307068
1397.0,365.6666666666667,736.808011684497,0.4962848677916467,0.0,0.0,0.0,0.0,41.50073948120228,0.0,0.0,0.0,0.0,0.0,0.0,0.0,0.0,0.0,0.0,14.494435412841804,27.006304068360475
1398.0,126.83333333333331,489.7414195875044,0.25898020518697706,5.0,0.1666666666666666,1.0,3.8333333333333335,20.22746221206532,0.1666666666666666,0.0,0.0,1.0,1.0,0.8333333333333334,0.0,2.0,0.0,0.0,5.892052491990593,9.335409720074727
1399.0,2734.6666666666665,8643.288684914578,0.3163919158965004,277.66666666666663,123.5,1.8333333333333333,152.33333333333331,600.948755598507,33.666666666666664,89.83333333333333,0.3333333333333333,1.5,9.0,45.66666666666666,12.666666666666666,85.0,0.0,0.0,120.56812504547578,202.7139638863646
1400.0,988.0,2182.4130835723163,0.45270989595735794,629.6666666666667,184.66666666666669,26.0,419.0,789.7992300804466,164.83333333333334,19.83333333333333,3.8333333333333335,22.166666666666668,51.5,56.5,37.5,273.5,0.0,0.0,86.78238994138492,73.35017347239484
1401.0,0.0,0.0,0.0,791.6666666666667,39.66666666666666,355.5,396.5,823.0461256898147,34.166666666666664,5.5,42.16666666666666,313.3333333333333,23.166666666666668,84.33333333333333,18.666666666666668,270.3333333333333,0.0,0.0,31.379459023148183,0.0
1402.0,1.0,2.647080683213292,0.37777465807581645,608.0,40.833333333333336,215.83333333333331,351.33333333333337,632.1249684890166,33.5,7.333333333333333,50.833333333333336,165.0,54.833333333333336,59.5,17.0,220.0,0.0,0.0,24.124968489016656,0.0
1403.0,0.0,0.0,0.0,537.8333333333334,33.166666666666664,200.33333333333331,304.33333333333337,559.1317965042854,24.83333333333333,8.333333333333334,39.0,161.33333333333334,23.0,41.5,19.0,220.83333333333331,0.0,0.0,21.298463170952058,0.0
1404.0,208.5,709.0751258819442,0.2940450065014884,79.83333333333333,2.333333333333333,0.1666666666666666,77.33333333333333,112.43254168999935,2.1666666666666665,0.1666666666666666,0.0,0.1666666666666666,5.0,20.0,31.0,21.33333333333333,0.0,0.0,17.59570609646576,15.003502260200262
1405.0,548.6666637136153,1595.3876539774822,0.34390805416208853,80.83333289826956,18.499999900428705,5.999999967706607,56.333333030134256,146.62850167323904,18.499999900428705,0.0,0.1666666657696279,5.833333301936979,0.1666666657696279,49.66666639934913,0.9999999946177679,5.499999970397724,0.0,0.0,24.95230032722991,40.842868447739576
1406.0,269.3333335701571,786.3781432295801,0.34249849883165717,473.1666670827204,12.333333344177985,8.3333333406608,452.5000003978816,522.6030398547822,8.666666674287233,3.6666666698907524,1.0000000008792962,7.333333339781505,19.166666683519846,380.00000033413255,8.166666673847585,45.166666706381534,0.0,0.0,29.431703074204822,20.00466969785704
1407.0,399.16666683539484,1735.352800194904,0.23002047006842813,327.8333334719088,54.33333335630009,93.66666670625965,179.83333340934905,411.00107790686417,35.833333348480124,18.500000007819967,7.833333336644491,85.83333336961516,24.000000010144824,37.000000015639934,37.000000015639934,81.83333336792435,1.0099233449031393,0.0,52.65078329821467,29.507037791837558
1408.0,487.5,1418.2369304096403,0.34373664198632287,16.0,14.0,0.0,2.0,72.46637693545985,14.0,0.0,0.0,0.0,0.1666666666666666,0.1666666666666666,0.1666666666666666,1.5,0.0,0.0,20.45797151097922,36.00840542448063
1409.0,533.5,1603.6907842135072,0.3326701164910932,22.0,0.0,0.0,22.0,84.8616450369633,0.0,0.0,0.0,0.0,1.0,0.0,1.1666666666666667,19.83333333333333,0.0,0.0,22.85230567642925,40.00933936053404
1410.0,384.5,1260.4730187499863,0.3050442129902229,99.83333333333334,63.333333333333336,1.1666666666666667,35.333333333333336,148.53804680793897,14.333333333333334,49.0,0.3333333333333333,0.8333333333333334,3.1666666666666665,0.5,1.0,30.666666666666668,0.0,0.0,20.198121687739604,28.50659178686602
1411.0,356.3333333333333,1056.752847591889,0.33719647327692553,0.5,0.0,0.0,0.5,41.81666065895399,0.0,0.0,0.0,0.0,0.1666666666666666,0.1666666666666666,0.0,0.1666666666666666,0.0,0.0,14.977127509258509,26.33953314969548
1412.0,241.33333333333331,712.9475279941306,0.33850083471405223,583.8333333333334,35.16666666666667,26.666666666666668,522.0,637.2117532694616,25.666666666666668,9.5,3.0,23.666666666666668,105.16666666666669,130.5,90.33333333333331,196.0,0.0,0.0,35.37421722388803,18.004202712240314
1413.0,535.0,1710.7414508651727,0.31272989833117953,118.83333333333334,15.833333333333334,2.1666666666666665,100.83333333333334,185.2593447712507,15.5,0.3333333333333333,0.0,2.1666666666666665,7.666666666666667,75.5,0.6666666666666666,17.0,0.0,0.0,26.41667207738335,40.00933936053404
1414.0,539.1666666666666,1443.4134031299836,0.3735358598565771,129.66666666666666,0.0,0.0,129.66666666666666,196.18776974975728,0.0,0.0,0.0,0.0,0.1666666666666666,129.5,0.0,0.0,0.0,0.0,26.51176372255659,40.00933936053404
1415.0,630.4999989797099,2020.0870970564752,0.3121152547820482,0.0,0.0,0.0,0.0,72.00289692649305,0.0,0.0,0.0,0.0,0.0,0.0,0.0,0.0,0.0,0.0,24.991923253939834,47.01097367255321
1416.0,891.5,3082.942918227201,0.28917175038474063,169.66666666666666,20.83333333333333,7.666666666666667,141.16666666666666,278.4126481868393,17.833333333333332,3.0,0.1666666666666666,7.5,17.333333333333332,82.83333333333333,3.5,37.5,0.0,0.0,42.56383821194468,66.18214330822799
1417.0,370.1666666666667,1325.3362193443047,0.2793001966322195,249.16666666666663,15.333333333333334,12.833333333333334,221.0,300.88883740636595,10.333333333333334,5.0,0.5,12.333333333333334,25.33333333333333,130.5,11.166666666666666,54.0,0.0,0.0,24.549108282972444,27.173062456726825
1418.0,483.8333333333333,1771.5761014859263,0.27310897506887427,276.8333333333333,23.0,16.833333333333332,237.0,342.99305908605174,20.5,2.5,6.333333333333333,10.5,11.666666666666666,169.16666666666666,3.8333333333333335,52.333333333333336,0.0,0.0,30.151320328237777,36.00840542448063
1419.0,596.3333333333334,1642.0914408149322,0.36315476623968446,545.8333333333334,304.6666666666667,9.5,231.66666666666669,641.9513771817294,292.5,12.166666666666666,1.3333333333333333,8.166666666666666,30.666666666666668,27.33333333333333,10.166666666666666,163.5,0.0,0.0,52.10777055180859,44.01027329658744
1420.0,436.1666666666667,1249.9625125889486,0.3489437981330089,992.1666666666669,450.83333333333337,34.666666666666664,506.6666666666666,1081.4573930651547,379.1666666666667,71.66666666666667,4.666666666666667,30.0,73.83333333333333,93.16666666666669,43.333333333333336,296.3333333333333,0.0,0.0,57.116650723088185,32.17407567539979
1421.0,111.83333333333331,322.7969647275367,0.3464510065258157,243.66666666666669,24.666666666666664,2.833333333333333,216.16666666666669,265.75991092821977,19.33333333333333,5.333333333333333,0.5,2.333333333333333,21.0,10.666666666666666,100.33333333333331,84.16666666666667,0.0,0.0,14.09137638944628,8.001867872106807
1422.0,503.1666666666667,1484.8263998447817,0.3388723871822766,30.5,1.5,1.0,28.0,89.8281490459097,0.6666666666666666,0.8333333333333334,1.0,0.0,1.1666666666666667,0.0,3.1666666666666665,23.666666666666668,0.0,0.0,22.319510137415715,37.00863890849399
1423.0,728.6666666666666,1747.804659350285,0.4169039502031854,511.3333333333333,68.0,18.166666666666668,425.1666666666666,618.1642384732593,22.0,46.0,3.8333333333333335,14.333333333333334,75.0,92.5,65.83333333333333,191.83333333333331,0.0,0.0,52.81829700320501,54.01260813672095
1424.0,0.0,0.0,0.0,501.6666666666667,0.8333333333333334,496.6666666666667,4.166666666666667,521.5514344789005,0.8333333333333334,0.0,494.0,2.6666666666666665,0.1666666666666666,1.1666666666666667,0.8333333333333334,2.0,0.0,0.0,19.88476781223391,0.0
1425.0,0.0,0.0,0.0,1394.0,47.0,1120.6666666666667,226.33333333333331,1449.2200401403036,38.5,8.5,1069.1666666666667,51.5,23.166666666666668,12.333333333333334,20.0,170.83333333333334,0.0,0.0,55.22004014030349,0.0
1426.0,307.0,983.126620459056,0.3122690339283571,724.5,32.5,80.33333333333333,611.6666666666666,788.3916565523564,29.83333333333333,2.6666666666666665,8.333333333333334,72.0,17.0,222.5,8.166666666666666,364.0,0.0,0.0,40.886286420049295,23.005370132307068
1427.0,0.0,0.0,0.0,1088.0,10.666666666666668,973.0,104.33333333333331,1131.1270972195512,6.666666666666667,4.0,722.1666666666666,250.83333333333331,34.5,24.33333333333333,5.0,40.5,0.0,0.0,43.12709721955122,0.0
1428.0,0.0,0.0,0.0,71.3333743024275,9.333338693775561,16.166675951718382,45.83335965693356,79.32386942823565,7.16667078272052,2.1666679110550406,3.3333352477769855,12.833340703941396,8.000004594664766,4.166669059721233,2.6666681982215885,31.000017804325967,0.0,0.0,7.990495125808159,0.0
1429.0,3.0,11.23540341606646,0.26701310926762495,1592.0,135.33333333333334,581.5,875.1666666666667,1682.927186553019,110.16666666666669,25.166666666666668,182.16666666666663,399.3333333333333,85.5,129.66666666666666,49.16666666666666,610.8333333333334,27.26793030085858,0.0,63.659256252160425,0.0
1430.0,56.333333333333336,127.71326055240928,0.44109228039179227,442.33333333333337,24.5,181.5,236.33333333333331,488.9849033779207,21.0,3.5,21.83333333333333,159.66666666666666,14.666666666666666,53.66666666666666,14.666666666666666,153.33333333333334,5.049616722381217,0.0,37.43464853942599,4.167304782780049
1431.0,3.0,6.156873365746832,0.4872603059679949,0.8333333333333333,0.0,0.6666666666666666,0.1666666666666666,0.9853539629016528,0.0,0.0,0.3333333333333333,0.3333333333333333,0.0,0.1666666666666666,0.0,0.0,0.0,0.0,0.1520206295683196,0.0
1432.0,0.0,0.0,0.0,379.0,46.16666666666666,110.66666666666669,222.16666666666669,605.772019916204,35.666666666666664,10.5,72.66666666666667,38.0,37.66666666666666,16.666666666666668,22.0,145.83333333333334,0.0,178.5849413466203,48.187078569583775,0.0
1433.0,803.5,2484.757974371676,0.3233715348888988,293.50000000000006,3.0,269.33333333333337,21.166666666666664,398.0076441699008,2.833333333333333,0.1666666666666666,260.6666666666667,8.666666666666666,3.0,2.1666666666666665,4.833333333333333,11.166666666666666,1.0099233444762437,0.0,43.48371178462338,60.01400904080105
1434.0,1254.3333333333333,3014.932726689287,0.4160402393822973,71.83333333333334,12.0,3.6666666666666665,56.16666666666667,420.903419263225,6.166666666666667,5.833333333333333,3.6666666666666665,0.0,16.166666666666668,1.0,6.0,33.0,14.476320134316168,0.0,241.9057560337736,92.68800976180188
1435.0,567.6666666666666,1366.0889888131614,0.4155414993571153,0.0,0.0,0.0,0.0,101.85967324942158,0.0,0.0,0.0,0.0,0.0,0.0,0.0,0.0,1.5149526822800998,0.0,58.3346767369895,42.01004383015198
1436.0,622.0,2167.785221195674,0.2869287943834799,105.66666666666669,0.3333333333333333,11.666666666666666,93.66666666666669,180.5209630150597,0.3333333333333333,0.0,0.0,11.666666666666666,4.0,82.5,2.0,5.166666666666667,0.0,0.0,28.84355608377892,46.010740264614135
1437.0,349.6666666666667,889.9135121709488,0.3929220782519112,1414.6666666666663,653.3333333333334,33.5,727.8333333333333,1567.2179369121643,515.5,137.83333333333334,14.0,19.5,156.66666666666666,86.5,64.66666666666667,420.0,5.8907725598546605,0.0,120.6543020969052,26.006195588738137
1438.0,687.0,2497.1416708514075,0.27511454717175315,0.0,0.0,0.0,0.0,78.2434143188379,0.0,0.0,0.0,0.0,0.0,0.0,0.0,0.0,0.0,0.0,27.231506634157014,51.01190768468089
1439.0,0.0,0.0,0.0,1854.3333333333333,17.0,1140.0,697.3333333333334,1927.8362418254376,12.333333333333334,4.666666666666667,775.8333333333334,364.1666666666667,224.66666666666663,105.83333333333331,10.166666666666666,356.6666666666667,0.0,0.0,73.50290849210437,0.0
1440.0,0.0,0.0,0.0,1246.1666666666663,180.5,720.3333333333333,345.3333333333333,1295.5619294141609,167.33333333333334,13.166666666666666,362.0,358.3333333333333,41.333333333333336,81.33333333333333,28.0,194.66666666666663,0.0,0.0,49.39526274749392,0.0
1441.0,0.0,0.0,0.0,364.8333333333333,30.5,176.5,157.83333333333331,379.2939100270989,26.0,4.5,79.16666666666667,97.33333333333331,11.666666666666666,23.0,10.666666666666666,112.5,0.0,0.0,14.460576693765598,0.0
1442.0,0.0,0.0,0.0,413.5,109.0,134.66666666666666,169.83333333333331,429.8898679022476,67.16666666666667,41.833333333333336,5.666666666666667,129.0,14.833333333333334,14.5,8.833333333333334,131.66666666666666,0.0,0.0,16.389867902247623,0.0
1443.0,140.0,271.1939868540945,0.5162356349564698,800.6666666666666,205.66666666666663,23.83333333333333,571.1666666666666,852.5162914411984,164.0,41.66666666666666,17.0,6.833333333333333,153.5,29.5,52.16666666666666,336.0,0.0,0.0,41.680906642360696,10.16871813217093
1444.0,489.5,1007.4929498648132,0.4858594792804076,447.1666666666666,76.16666666666666,38.83333333333333,332.16666666666663,525.1416102510793,47.66666666666666,28.5,22.83333333333333,16.0,78.83333333333333,44.333333333333336,38.5,170.5,0.0,0.0,41.96626320240636,36.00868038200631
1445.0,555.1666666666666,1078.3898227919406,0.514810743696881,1545.0,260.0,70.0,1215.0,1713.7773606656997,174.83333333333334,85.16666666666667,28.666666666666668,41.333333333333336,285.3333333333333,257.5,67.0,605.1666666666666,0.0,0.0,127.60110032334444,41.17626034235534
1446.0,243.5,448.8347133536861,0.5425159702567828,416.83333333333337,115.16666666666669,14.0,287.6666666666667,461.012364134222,42.5,72.66666666666667,9.5,4.5,69.33333333333333,46.66666666666666,107.5,64.16666666666667,0.0,0.0,26.17482808864836,18.004202712240314
1447.0,80.66666666666667,140.23583374608415,0.5752215001817904,219.8333333333333,23.666666666666664,72.5,123.66666666666669,237.7458602786672,18.33333333333333,5.333333333333333,9.0,63.5,14.833333333333334,21.166666666666668,24.666666666666668,63.0,0.0,0.0,11.911126041253778,6.001400904080104
1448.0,0.0,0.0,0.0,595.6666666666667,42.16666666666666,394.8333333333333,158.66666666666669,619.2775743004768,27.83333333333333,14.333333333333334,278.5,116.33333333333331,103.0,1.6666666666666667,2.5,51.5,0.0,0.0,23.610907633810115,0.0
1449.0,229.83333333333331,634.2019823940142,0.36239768987436477,1166.3333333333333,72.83333333333333,66.5,1027.0,1260.9260988267188,52.66666666666666,20.166666666666668,34.333333333333336,32.166666666666664,352.8333333333333,84.0,70.83333333333333,519.3333333333334,0.0,0.0,77.58904638025116,17.003719113134228
1450.0,0.0,0.0,0.0,510.00000000000006,32.666666666666664,373.83333333333337,103.5,530.2160717660971,29.0,3.6666666666666665,181.83333333333331,192.0,12.666666666666666,14.0,5.666666666666667,71.16666666666667,0.0,0.0,20.21607176609709,0.0
1451.0,184.83333333333331,511.7529546831329,0.36117687575986424,1073.1666666666663,324.1666666666667,68.83333333333334,680.1666666666666,1195.938963929132,286.1666666666667,38.0,39.833333333333336,29.0,127.5,95.0,43.833333333333336,413.8333333333333,0.0,0.0,109.10187822981136,13.67041903265388
1452.0,61.0,172.30461779587915,0.35402417404891445,572.8333333333333,49.5,176.33333333333331,347.0,619.9541466834663,46.16666666666666,3.333333333333333,68.83333333333333,107.5,27.5,55.0,6.166666666666667,258.3333333333333,0.0,0.0,42.452900071998606,4.667913278134466
1453.0,158.0,426.0458583741178,0.37085209700890376,1128.8333333333337,104.0,171.66666666666669,853.1666666666667,1287.9612573999284,74.16666666666667,29.83333333333333,61.5,110.16666666666669,234.0,68.0,155.83333333333334,395.3333333333333,0.0,0.0,147.4583097580678,11.6696143085272
1454.0,192.16666666666663,393.2486042898966,0.48866458665166534,517.1666666666666,59.5,53.33333333333333,404.3333333333333,559.7874790887862,43.833333333333336,15.666666666666666,26.83333333333333,26.5,85.33333333333333,98.0,26.5,194.5,0.0,0.0,28.6175436459326,14.003268776186912
1455.0,902.0,1986.3195451578629,0.454106189610249,1407.6666666666667,234.0,141.5,1032.1666666666667,1619.0211792864045,184.66666666666663,49.333333333333336,79.66666666666667,61.833333333333336,287.1666666666667,127.16666666666669,98.83333333333331,519.0,0.0,0.0,144.50543576057055,66.84907685916708
1456.0,2.1666666666666665,7.382804476452692,0.29347474575240434,420.0,33.833333333333336,46.33333333333333,339.83333333333337,436.7338160310981,31.0,2.833333333333333,4.166666666666667,42.16666666666666,8.0,275.0,3.1666666666666665,53.66666666666666,0.0,0.0,16.73381603109812,0.0
1457.0,295.1666666666667,774.0550194063243,0.3813251762039476,1540.1666666666663,235.5,54.5,1250.1666666666663,1634.922312592227,160.0,75.5,11.666666666666666,42.833333333333336,243.83333333333331,270.8333333333333,123.16666666666669,612.3333333333334,0.0,0.0,72.75050927726636,22.00513664829372
1458.0,562.0,1026.885851869193,0.5472857562279364,359.0,169.5,14.166666666666668,175.33333333333334,437.5166824734426,157.66666666666666,11.833333333333334,4.666666666666667,9.5,26.666666666666668,21.5,9.833333333333334,117.33333333333331,0.0,0.0,36.506876144881886,42.009806328560735
1459.0,421.0,1140.499967707489,0.36913635416075385,261.6666666666667,28.83333333333333,13.666666666666666,219.16666666666669,320.2335554005585,22.33333333333333,6.5,3.5,10.166666666666666,27.166666666666668,56.0,74.0,62.0,0.0,0.0,27.559650729477976,31.007238004413875
1460.0,484.6666666666667,888.4774039716386,0.545502524318714,0.0,0.0,0.0,0.0,55.219752449709816,0.0,0.0,0.0,0.0,0.0,0.0,0.0,0.0,0.0,0.0,19.21134702522919,36.00840542448063
1461.0,0.0,0.0,0.0,506.83333333333337,56.5,225.83333333333331,224.5,526.9235136967397,50.16666666666666,6.333333333333333,51.833333333333336,174.0,102.0,26.33333333333333,8.833333333333334,87.33333333333333,0.0,0.0,20.090180363406407,0.0
1462.0,0.0,0.0,0.0,1129.8333333333333,161.5,285.8333333333333,682.5,1174.618510979014,128.0,33.5,96.33333333333331,189.5,89.16666666666667,92.16666666666669,55.0,446.1666666666667,0.0,0.0,44.78517764568071,0.0
1463.0,0.0,0.0,0.0,520.0,89.5,156.66666666666666,273.8333333333333,540.6108748603262,80.5,9.0,75.83333333333333,80.83333333333333,59.5,24.33333333333333,13.5,176.5,0.0,0.0,20.610874860326216,0.0
1464.0,232.5,498.2268530888821,0.4666548953725759,483.5,39.333333333333336,306.8333333333333,137.33333333333331,529.0529939256786,37.833333333333336,1.5,50.5,256.3333333333333,35.166666666666664,12.0,4.833333333333333,85.33333333333333,0.0,0.0,28.38226630908528,17.170727616593314
1465.0,129.5,269.3642094826575,0.4807617175597251,1053.3333333333333,136.16666666666666,116.0,801.1666666666666,1111.3891360052291,112.83333333333331,23.33333333333333,72.66666666666667,43.333333333333336,263.5,157.5,51.833333333333336,328.3333333333333,0.0,0.0,48.55367626764848,9.50212640424752
1466.0,144.33333333333334,339.37288667638285,0.4252942382841734,946.8333333333331,141.33333333333334,34.166666666666664,771.3333333333333,1014.761022472506,117.66666666666669,23.666666666666668,25.33333333333333,8.833333333333334,97.0,179.0,65.5,429.8333333333333,0.0,0.0,57.42541672309272,10.50227241608016
1467.0,709.5,1581.078410192105,0.44874434779853456,487.1666666666666,120.16666666666666,40.0,327.0,592.7803582147591,96.33333333333331,23.83333333333333,33.0,7.0,36.333333333333336,58.833333333333336,57.333333333333336,174.5,0.0,0.0,53.10150865209669,52.51218289599566
1468.0,629.6666666666666,1734.4441508918408,0.3630365764979494,34.833333333333336,0.1666666666666666,0.0,34.66666666666667,118.85093786650992,0.1666666666666666,0.0,0.0,0.0,8.333333333333334,0.0,0.3333333333333333,26.0,0.0,0.0,37.33993914850367,46.67766538467291
1469.0,280.8333333333333,567.5629579220649,0.4948056059921656,1594.6666666666667,43.0,746.0,805.6666666666667,1690.012178671584,35.333333333333336,7.666666666666667,163.0,583.0,34.666666666666664,56.833333333333336,224.33333333333331,489.8333333333333,0.0,0.0,74.34060884063697,21.004903164280368
1470.0,0.0,0.0,0.0,572.0000000000001,39.0,97.33333333333334,435.66666666666674,594.6732486746836,28.83333333333333,10.166666666666666,47.5,49.833333333333336,60.333333333333336,193.0,9.0,173.33333333333334,0.0,0.0,22.673248674683595,0.0
1471.0,46.0,138.09669742304112,0.3330999282269947,815.8333333333333,137.5,95.16666666666666,583.1666666666666,863.6603100202198,133.66666666666666,3.8333333333333335,40.0,55.16666666666666,17.666666666666668,505.5,5.333333333333333,54.66666666666666,0.0,0.0,44.15939280834334,3.667583878543206
1472.0,125.5,292.9577373980773,0.428389436355688,633.0,50.5,182.5,400.0,681.5657206729966,36.833333333333336,13.666666666666666,43.66666666666666,138.83333333333334,100.33333333333331,39.16666666666666,11.666666666666666,248.83333333333331,0.0,0.0,39.23035265711536,9.33536801588117
1473.0,184.83333333333331,517.4110448518344,0.3572272667396617,379.83333333333337,53.66666666666667,83.5,242.66666666666669,432.4122392739426,43.833333333333336,9.833333333333334,12.166666666666666,71.33333333333333,40.0,37.833333333333336,12.833333333333334,152.0,0.0,0.0,38.90924558531896,13.669660355290238
1474.0,179.66666666666666,403.1214450924045,0.4456886847721114,1400.1666666666663,229.5,227.33333333333331,943.3333333333331,1480.9605673987255,168.83333333333334,60.66666666666666,25.83333333333333,201.5,294.3333333333333,106.66666666666669,68.83333333333333,473.5,0.0,0.0,67.45741539236559,13.336485339693192
1475.0,197.16666666666663,581.8972804845787,0.33883414354931307,662.3333333333333,123.33333333333331,68.5,470.5,733.7338721805071,77.83333333333333,45.5,12.166666666666666,56.333333333333336,82.16666666666667,77.5,64.83333333333333,246.0,0.0,0.0,56.89700334928515,14.503535497888777
1476.0,506.5,1462.4910702273166,0.3463269009370937,863.3333333333333,266.83333333333337,14.333333333333332,582.1666666666666,961.9677839088408,164.83333333333334,102.0,4.666666666666667,9.666666666666666,75.83333333333333,177.5,24.83333333333333,304.0,0.0,0.0,61.1258116332676,37.50863894223976
1477.0,403.6666666666667,864.5766888459794,0.4668951544431221,401.5,67.83333333333334,37.66666666666666,296.0,465.7562463501668,51.833333333333336,16.0,20.33333333333333,17.333333333333332,38.16666666666666,34.0,19.0,204.83333333333331,0.0,0.0,34.24924182976628,30.007004520400525
1478.0,513.5,1173.2904755382756,0.4376580315837128,332.8333333333333,80.5,5.833333333333333,246.5,409.8884578015628,69.16666666666667,11.333333333333334,1.0,4.833333333333333,31.83333333333333,34.666666666666664,12.5,167.5,0.0,0.0,38.87953539154935,38.175589076680126
1479.0,44.0,111.94251686081115,0.39305887730494227,5596.166666666667,356.66666666666663,348.6666666666667,4890.833333333334,5822.7330642467805,246.66666666666663,110.0,16.0,332.6666666666667,575.0,2981.0,192.83333333333331,1142.0,0.0,0.0,223.565697128074,3.000700452040052
1480.0,0.0,0.0,0.0,1689.1666666666667,44.0,1242.0,403.1666666666667,1756.1229829105864,41.833333333333336,2.1666666666666665,893.0,349.0,21.5,5.166666666666667,4.5,372.0,0.0,0.0,66.95631624391964,0.0
1481.0,156.83333333333334,376.58506098622894,0.41646190882507805,978.5,178.66666666666669,375.83333333333337,424.0,1054.5087689154343,154.33333333333334,24.33333333333333,248.33333333333331,127.5,66.66666666666667,77.16666666666667,24.83333333333333,255.33333333333331,0.0,0.0,64.33943394215748,11.66933497327687
1482.0,171.33333333333334,402.19410321051697,0.4259966318890902,454.5,126.0,84.0,244.5,505.1338463788267,121.83333333333331,4.166666666666667,22.0,62.0,73.66666666666667,9.333333333333334,10.666666666666666,150.83333333333334,0.0,0.0,37.96426113417279,12.669585244653929
1483.0,157.16666666666666,355.9196386794101,0.4415790801817273,803.5000000000001,173.66666666666669,59.16666666666667,570.6666666666667,867.5847886058253,88.66666666666667,85.0,20.166666666666668,39.0,82.5,56.5,160.0,271.6666666666667,0.0,0.0,52.58208273635093,11.502705869474452
1484.0,127.66666666666669,335.32939562880034,0.38072017643210104,1423.8333333333333,443.0,55.5,925.3333333333331,1497.16445660361,268.1666666666667,174.83333333333334,27.0,28.5,92.5,106.83333333333331,76.0,650.0,0.0,0.0,63.82881347827046,9.502309792006145
1485.0,839.8333333333334,1954.3596247696528,0.4297230267598876,673.8333333333334,201.16666666666669,22.666666666666668,450.0,803.1811495509312,106.16666666666669,95.0,5.666666666666667,17.0,49.833333333333336,52.833333333333336,24.166666666666668,323.1666666666667,0.0,0.0,67.16649434822301,62.18132186937481
1486.0,805.1666666666666,1737.005140724022,0.4635372963438988,148.83333333333331,26.166666666666664,88.0,34.66666666666667,257.16140356196775,12.166666666666666,14.0,0.1666666666666666,87.83333333333333,13.333333333333334,0.0,5.0,16.333333333333332,0.0,0.0,48.480819576199686,59.847250652434695
1487.0,378.6666666666667,803.6134258017096,0.4712050029389406,128.33333333333334,9.666666666666666,4.166666666666666,114.5,182.6017270026924,7.0,2.6666666666666665,0.5,3.6666666666666665,12.666666666666666,18.33333333333333,33.333333333333336,50.16666666666666,0.0,0.0,26.261856116985257,28.006537552373825
1488.0,1104.8333333333333,2681.2259587812764,0.41206274678748966,50.83333333333333,0.0,0.1666666666666666,50.66666666666666,178.6613482898253,0.0,0.0,0.0,0.1666666666666666,0.0,50.66666666666666,0.0,0.0,0.0,0.0,45.808869267397206,82.01914568909477
1489.0,315.1666666666667,715.5459222243694,0.4404562403024104,334.5,41.66666666666666,146.83333333333331,146.0,391.7548927794701,39.0,2.6666666666666665,53.0,93.83333333333331,50.833333333333336,5.833333333333333,38.66666666666666,50.66666666666666,0.0,0.0,34.08291846019042,23.17197431927964
1490.0,0.0,0.0,0.0,20.833333333333336,0.0,20.666666666666668,0.1666666666666666,21.65915690109602,0.0,0.0,20.666666666666668,0.0,0.0,0.0,0.0,0.1666666666666666,0.0,0.0,0.8258235677626821,0.0
1491.0,4.333333333333333,9.96057503252618,0.43504851067160955,1137.6666666666667,140.33333333333334,339.5,657.8333333333334,1202.7615226435053,99.16666666666669,41.16666666666666,127.33333333333331,212.16666666666663,138.16666666666666,161.33333333333334,34.666666666666664,323.6666666666667,0.0,0.0,64.92813929266576,0.1667166841727938
1492.0,482.6666670383451,893.6133169221835,0.5401292235670387,295.50000022755034,31.666666691051645,43.33333336670225,220.50000016979646,362.35145936359714,26.333333353611366,5.333333337440277,11.500000008855599,31.83333335784665,36.500000028106896,52.83333337401775,14.166666677575737,117.00000009009608,0.0,0.0,30.84305368383779,36.008405452208976
1493.0,375.6666666666667,860.3248842721854,0.436656748554323,1282.6666666666667,41.16666666666667,507.83333333333337,733.6666666666667,1396.5603094290614,28.666666666666668,12.5,383.1666666666667,124.66666666666669,281.0,203.33333333333331,22.0,227.33333333333331,0.0,0.0,85.88718861840802,28.0064541439867
1494.0,109.66666666666669,328.7193222163741,0.33361795080144513,1059.5,172.16666666666666,43.83333333333333,843.5,1173.6959353010982,119.0,53.16666666666666,19.0,24.83333333333333,118.83333333333331,98.16666666666669,226.0,400.5,0.0,0.0,106.02756322139024,8.16837207970787
1495.0,516.3333333333334,1030.2267156949829,0.501184181566306,796.5,218.66666666666669,53.16666666666666,524.6666666666666,900.8693751565828,185.33333333333331,33.333333333333336,24.33333333333333,28.83333333333333,98.5,67.83333333333333,62.333333333333336,296.0,0.0,0.0,66.02721951205434,38.3421556445286
1496.0,364.3333333333333,786.398786534483,0.4632933564647071,486.6666666666667,19.166666666666664,15.333333333333334,452.1666666666667,550.9069310519035,12.166666666666666,7.0,8.333333333333334,7.0,80.16666666666667,199.0,75.66666666666667,97.33333333333331,0.0,0.0,37.23396031687631,27.006304068360475
1497.0,268.8333333333333,579.1711523051043,0.4641690668870077,729.6666666666667,21.833333333333336,9.0,698.8333333333334,793.9170466992431,8.833333333333334,13.0,0.6666666666666666,8.333333333333334,228.0,84.0,318.5,68.33333333333333,0.0,0.0,44.24568116594452,20.00469886663185
1498.0,250.33333333333331,546.6718203731294,0.45792251219839525,9.833333333333334,9.833333333333334,0.0,0.0,41.81711007632977,9.833333333333334,0.0,0.0,0.0,0.0,0.0,0.0,0.0,0.0,0.0,13.14609893510912,18.837677807887317
1499.0,439.8333333333333,1156.172381469654,0.38042193394573626,157.83333333333334,12.666666666666666,2.5,142.66666666666669,226.19841689259297,3.5,9.166666666666666,0.1666666666666666,2.333333333333333,40.5,77.66666666666667,1.1666666666666667,23.33333333333333,0.0,0.0,35.69068695077362,32.674396608486006
1500.0,325.5,861.6252740124072,0.3777744337561213,0.0,0.0,0.0,0.0,51.90864667727048,0.0,0.0,0.0,0.0,0.0,0.0,0.0,0.0,0.0,0.0,27.56960552062122,24.339041156649262
1501.0,496.6666666666667,1157.5570826515252,0.4290645136298517,309.33333333333337,4.833333333333334,3.166666666666667,301.33333333333337,385.1227324593093,3.333333333333333,1.5,1.1666666666666667,2.0,20.5,151.33333333333334,6.0,123.5,0.0,0.0,38.94749358082879,36.84190554514714
1502.0,604.0,1665.818871261942,0.3625844384524468,432.6666666666667,141.83333333333334,7.666666666666667,283.1666666666667,538.1043869245052,62.66666666666666,79.16666666666667,1.6666666666666667,6.0,34.0,69.83333333333333,24.0,155.33333333333334,0.0,0.0,60.59394684058461,44.84377341725394
1503.0,425.1666666666667,1037.195509508775,0.409919501934625,2128.333333333333,815.0,36.5,1276.8333333333337,2274.897650627485,642.8333333333334,172.16666666666666,15.666666666666666,20.83333333333333,176.5,138.33333333333334,94.5,867.5,0.0,0.0,114.89016667686973,31.674150617281867
1504.0,854.6666666666666,1809.963447588252,0.4722010645051957,57.0,0.0,0.0,57.0,192.4839753907477,0.0,0.0,0.0,0.0,0.0,53.0,4.0,0.0,0.0,0.0,71.9691866383949,63.514788752352814
1505.0,357.3333333333333,779.5329113687902,0.45839415901746583,260.5,66.5,7.833333333333334,186.16666666666663,316.66284591423084,43.833333333333336,22.666666666666668,2.833333333333333,5.0,28.0,71.83333333333333,9.0,77.33333333333333,0.0,0.0,29.656708577562775,26.506137336668047
1506.0,342.6666666666667,615.8071102017188,0.5564512994246201,551.0,68.66666666666667,34.0,448.33333333333337,617.9292261920109,58.333333333333336,10.333333333333334,12.666666666666666,21.33333333333333,191.5,58.333333333333336,17.666666666666668,180.83333333333331,0.0,0.0,41.75668491469517,25.172541277315773
1507.0,1205.3333333333333,3126.8120548057905,0.38548314136143297,664.5,113.83333333333334,49.5,501.1666666666667,835.1372573453901,58.0,55.833333333333336,6.833333333333333,42.66666666666666,97.5,83.0,58.0,262.6666666666667,0.0,0.0,81.11645233014318,89.52080501524698
1508.0,493.1666666666667,1133.0617470310683,0.4352513602713164,307.5,73.5,22.333333333333336,211.66666666666663,378.5793645760879,70.66666666666667,2.833333333333333,6.166666666666667,16.166666666666668,27.33333333333333,85.16666666666667,35.166666666666664,64.0,0.0,0.0,34.57090491711504,36.50845965897283
1509.0,404.6666666666667,895.494052829843,0.45189207609797416,21.83333333333333,1.0,2.0,18.83333333333333,75.74566271194333,1.0,0.0,0.0,2.0,13.0,1.1666666666666667,1.3333333333333333,3.333333333333333,0.0,0.0,23.73860817403668,30.173721204573315
1510.0,309.3333333333333,645.8855464098231,0.4789290224139141,201.3333333333333,30.0,8.5,162.83333333333331,255.24550924090877,9.666666666666666,20.33333333333333,2.5,6.0,32.5,28.5,36.0,65.83333333333333,0.0,0.0,30.906934951642626,23.005240955932795
1511.0,401.3333333333333,1048.2230997384256,0.3828701479994882,425.0,92.33333333333331,20.666666666666664,312.0,500.4351870827613,72.5,19.83333333333333,6.0,14.666666666666666,69.33333333333333,44.0,21.0,177.66666666666666,0.0,0.0,45.59491592570766,29.84027115705369
1512.0,412.0,1068.6355757207411,0.3855383531678951,277.5,24.333333333333336,5.833333333333334,247.3333333333333,344.67164662720336,13.5,10.833333333333334,1.1666666666666667,4.666666666666667,37.5,30.166666666666668,55.333333333333336,124.33333333333331,0.0,0.0,36.49771698674405,30.673929640459303
1513.0,540.1666666666666,778.0341507007407,0.6942711527253175,480.6666666666667,165.16666666666669,45.0,270.5,579.2947556298323,154.83333333333334,10.333333333333334,6.5,38.5,52.5,53.16666666666666,16.833333333333332,148.0,0.0,0.0,58.61873709544072,40.00935186772482
1514.0,290.1666666666667,609.4219590251123,0.47613424880659716,429.1666666666666,48.0,26.833333333333336,354.3333333333333,486.0147454217373,34.333333333333336,13.666666666666666,10.833333333333334,16.0,68.5,70.0,31.166666666666668,184.66666666666663,0.0,0.0,35.342979662095075,21.505099092975566
1515.0,374.3333333333333,825.9079213660378,0.4532385798094687,452.3333333333333,92.33333333333331,10.5,349.5,521.7677905587932,66.83333333333333,25.5,2.0,8.5,42.5,60.66666666666666,49.333333333333336,197.0,0.0,0.0,41.59462385006811,27.83983337539182
1516.0,259.6666666666667,556.9675842395233,0.4662150437735302,711.3333333333334,175.0,40.0,496.33333333333337,779.3286411622046,167.0,8.0,23.5,16.5,39.833333333333336,60.0,165.5,231.0,0.0,0.0,48.82426744564498,19.17104038322623
1517.0,256.1666666666667,642.2732769966332,0.3988437256249251,389.6666666666667,56.16666666666667,12.5,321.0,444.6091940392801,20.166666666666668,36.0,3.333333333333333,9.166666666666666,56.16666666666666,62.5,39.333333333333336,163.0,0.0,0.0,35.93824537775357,19.00428199485988
1518.0,238.0,585.8098712995113,0.40627516137964836,48.0,1.0,0.8333333333333334,46.16666666666666,84.17445344445478,1.0,0.0,0.0,0.8333333333333334,1.5,1.1666666666666667,0.3333333333333333,43.16666666666666,0.0,0.0,18.50371329756283,17.67074014689196
1519.0,476.6666666666667,1423.4645840398407,0.3348637345889355,1225.1666666666663,274.66666666666663,39.16666666666666,911.3333333333331,1354.1490774370293,83.5,191.16666666666663,7.833333333333333,31.33333333333333,126.5,356.5,119.0,309.3333333333333,0.0,0.0,93.6409346379241,35.34147613243859
1520.0,403.6666666666667,1010.4747676179754,0.39948218362566645,342.33333333333337,70.5,13.166666666666668,258.6666666666667,424.04394548904753,61.833333333333336,8.666666666666666,6.5,6.666666666666667,51.16666666666666,32.333333333333336,39.333333333333336,135.83333333333334,0.0,0.0,51.87042013751259,29.84019201820155
1521.0,744.5,2194.8914513297077,0.3391967286350163,672.0,77.33333333333333,60.16666666666666,534.5,808.9938133481588,26.83333333333333,50.5,7.0,53.16666666666666,92.16666666666669,136.33333333333334,114.66666666666669,191.33333333333331,0.0,0.0,81.81425504325172,55.17955830490709
1522.0,425.6666666666667,699.0822416237482,0.6088935483155413,1389.0,118.5,64.83333333333333,1205.6666666666667,1494.438189810881,68.16666666666667,50.333333333333336,18.666666666666668,46.16666666666666,195.33333333333331,237.5,311.6666666666667,461.1666666666667,0.0,0.0,73.59732250942649,31.84086730145465
1523.0,420.3333333333333,864.7701266347477,0.48606366060430434,506.83333333333337,92.66666666666666,10.5,403.6666666666667,577.9245634199787,30.0,62.66666666666666,3.6666666666666665,6.833333333333333,136.5,41.0,52.833333333333336,173.33333333333334,0.0,0.0,39.9172753980587,31.173954688586672
1524.0,253.5,560.1317195420964,0.4525721203706057,1324.0000000000002,79.66666666666667,26.0,1218.3333333333337,1410.8671150925832,32.833333333333336,46.833333333333336,5.333333333333333,20.666666666666668,88.66666666666667,181.16666666666663,763.8333333333334,184.66666666666663,0.0,0.0,67.86267889632923,19.004436196253664
1525.0,573.6666666666666,1144.65233465482,0.501171097370505,1626.0,182.5,71.5,1372.0,1762.857304820501,137.33333333333334,45.16666666666666,13.0,58.5,206.16666666666663,377.1666666666667,316.1666666666667,472.5,0.0,0.0,94.34741923242852,42.50988558807245
1526.0,153.33333333333334,367.7281273932783,0.41697472102629296,228.16666666666669,48.333333333333336,3.166666666666667,176.66666666666669,278.4593901592626,11.333333333333334,37.0,1.6666666666666667,1.5,17.5,81.83333333333333,10.666666666666666,66.66666666666667,0.0,0.0,38.95679259311019,11.33593089948578
1527.0,209.66666666666663,506.9648237151677,0.4135724153999004,0.0,0.0,0.0,0.0,37.31347793134815,0.0,0.0,0.0,0.0,0.0,0.0,0.0,0.0,0.0,0.0,21.809938115829738,15.503539815518415
1528.0,366.5,1124.1577437668063,0.32602186128428806,319.3333333333333,38.16666666666667,6.5,274.66666666666663,393.355604350527,29.666666666666668,8.5,0.6666666666666666,5.833333333333333,33.833333333333336,26.5,16.666666666666668,197.66666666666663,0.0,0.0,46.849362761860654,27.17290825533304
1529.0,454.3333333333333,1181.784998260722,0.38444669208188714,159.0,49.66666666666666,3.333333333333333,106.0,236.9860940978738,45.66666666666666,4.0,0.0,3.333333333333333,34.5,13.5,8.166666666666666,49.833333333333336,0.0,0.0,44.3114223011809,33.67467179669291
1530.0,748.0,2077.189817218973,0.36010190007644705,532.5,0.5,0.1666666666666666,531.8333333333334,672.4357684135001,0.1666666666666666,0.3333333333333333,0.1666666666666666,0.0,0.3333333333333333,531.0,0.0,0.5,0.0,0.0,84.58945172022658,55.34631669327344
1531.0,1146.8333430321388,2930.3538057562123,0.3913634390425374,988.1666750236235,396.83333668936535,38.16666698944336,553.1666713448145,1254.46521223467,193.5000016364356,203.33333505292973,20.833333509521484,17.33333347992188,98.83333416916993,82.5000006977051,49.50000041862306,322.3333360593165,0.0,0.0,181.11200285167868,85.18653435936798
1532.0,542.8333333333334,1053.4283389886868,0.5153016235109686,675.5,94.33333333333331,205.3333333333333,375.8333333333333,766.9677156804349,72.5,21.83333333333333,49.16666666666666,156.16666666666666,93.33333333333331,35.0,19.0,228.5,0.0,0.0,51.12478875016155,40.34292693027341
1533.0,0.0,0.0,0.0,414.8333333333333,17.833333333333336,305.0,92.0,431.2764861795868,14.833333333333334,3.0,148.83333333333334,156.16666666666666,20.33333333333333,11.666666666666666,4.0,56.0,0.0,0.0,16.4431528462534,0.0
1534.0,754.8333333333334,1719.7650945518303,0.4389165332664473,1042.1666666666667,151.0,151.0,740.1666666666667,1289.0509745573345,115.5,35.5,66.5,84.5,137.83333333333334,77.0,74.0,451.3333333333333,0.0,0.0,191.038691365094,55.84561652557385
1535.0,567.8333333333334,1192.488647240566,0.4761750433828506,456.5,72.83333333333333,69.5,314.1666666666667,574.4712064818747,55.66666666666666,17.166666666666668,15.166666666666666,54.333333333333336,39.833333333333336,27.666666666666668,19.666666666666668,227.0,0.0,0.0,75.96140015331395,42.009806328560735
1536.0,486.0,996.5927451261103,0.48766158732020554,833.3333333333333,100.66666666666669,146.16666666666666,586.5,984.1187818616352,86.66666666666667,14.0,48.333333333333336,97.83333333333331,112.83333333333331,101.83333333333331,32.666666666666664,339.1666666666667,0.0,0.0,114.77701807880187,36.008430449500146
1537.0,518.0,1049.870120921057,0.493394363433789,198.3333333333333,8.0,8.0,182.3333333333333,267.40313439050385,6.833333333333333,1.1666666666666667,2.5,5.5,14.166666666666666,33.5,25.666666666666668,109.0,0.0,0.0,30.894324477690635,38.1754765794799
1538.0,815.0,1631.26520925933,0.49961220001133216,406.33333333333337,51.5,32.5,322.33333333333337,521.7593200160583,42.5,9.0,2.333333333333333,30.166666666666668,37.333333333333336,43.333333333333336,121.0,120.66666666666669,0.0,0.0,54.91189838241214,60.51408830031276
1539.0,682.1666666666666,1401.1166193339784,0.4868735815801935,1032.3333333333337,260.0,36.0,736.3333333333334,1155.9240953256767,259.6666666666667,0.3333333333333333,16.333333333333332,19.666666666666668,83.66666666666667,107.16666666666669,230.0,315.5,0.0,1.785849413466203,71.12645494171575,50.67845763716125
1540.0,561.6666666666666,1094.085462849019,0.5133663554984783,742.5,45.5,90.83333333333334,606.1666666666666,838.4893303359604,37.833333333333336,7.666666666666667,50.833333333333336,40.0,101.16666666666669,79.66666666666667,279.1666666666667,146.16666666666666,0.0,1.785849413466203,52.19367459393344,42.009806328560735
1541.0,497.5,956.7619211553038,0.5199830689324065,626.5,283.1666666666667,16.0,327.3333333333333,725.565013520922,245.83333333333331,37.333333333333336,2.1666666666666665,13.833333333333334,95.0,37.5,24.166666666666668,170.66666666666666,0.0,0.0,62.55645387193977,36.50855964898226
1542.0,272.0,512.4737797491406,0.530758861718049,3699.666666666667,91.0,17.333333333333336,3591.333333333333,3877.4201275928262,41.833333333333336,49.16666666666666,8.833333333333334,8.5,394.8333333333333,2277.0,127.83333333333331,791.6666666666666,0.0,0.0,157.74879124589327,20.00466968026701
1543.0,315.1666666666667,610.4052455957399,0.5163236537377265,362.33333333333337,69.33333333333334,11.5,281.5,421.8797638039205,19.0,50.333333333333336,2.0,9.5,46.66666666666666,54.333333333333336,62.833333333333336,117.66666666666669,2.0198466889524878,0.0,34.35449696515478,23.17208681647986
1544.0,360.6666666666667,665.7884835136666,0.5417135856169601,184.5,17.333333333333332,11.833333333333332,155.33333333333334,240.1164425559116,15.0,2.333333333333333,0.6666666666666666,11.166666666666666,49.5,26.666666666666668,15.5,63.66666666666666,0.0,0.0,28.61013848755113,27.006304068360475
1545.0,220.83333333333331,414.2272353840373,0.5331212302556467,2608.5,1.6666666666666667,2.666666666666667,2604.1666666666665,2745.653204094217,1.6666666666666667,0.0,0.3333333333333333,2.333333333333333,20.83333333333333,6.333333333333333,2419.0,158.0,0.0,0.0,120.98275166583085,16.170452428386408
1546.0,319.8333333333333,791.309370332565,0.4041824162892402,35.833333333333336,0.1666666666666666,0.1666666666666666,35.5,78.26985091206674,0.1666666666666666,0.0,0.1666666666666666,0.0,4.166666666666667,0.3333333333333333,11.166666666666666,19.83333333333333,0.0,0.0,18.764364009932635,23.672153568800784
1547.0,263.1666666666667,525.3268519802804,0.5009579572691354,445.3333333333333,132.0,30.5,282.8333333333333,494.2602606438785,36.0,96.0,23.83333333333333,6.666666666666667,34.666666666666664,43.0,93.16666666666669,112.0,0.0,0.0,29.58915356397209,19.337773746573077
1548.0,701.5,1488.392620751231,0.4713138121082154,1118.5,124.5,87.0,907.0,1247.654825445011,65.0,59.5,4.0,83.0,218.0,69.16666666666667,204.33333333333331,415.5,0.0,0.0,77.30940096048981,51.84542448452145
1549.0,1134.6666666666667,1802.830126480909,0.6293807996660867,2478.0,579.6666666666666,95.0,1803.3333333333333,2715.04815545132,508.0,71.66666666666667,8.666666666666666,86.33333333333333,418.6666666666667,338.8333333333333,298.6666666666667,747.1666666666666,0.0,0.0,152.86193860722588,84.18621684409403
1550.0,108.83333333333331,208.07011005997268,0.5230608726162732,215.8333333333333,13.0,6.666666666666667,196.16666666666663,237.2044283056897,9.666666666666666,3.333333333333333,1.5,5.166666666666667,25.83333333333333,24.0,85.0,61.333333333333336,0.0,0.0,13.369227100249551,8.001867872106807
1551.0,689.0,1376.5185653592532,0.5005381092119016,1121.3333333333333,249.66666666666669,42.5,829.1666666666666,1249.4475459085045,171.33333333333334,78.33333333333333,2.333333333333333,40.16666666666666,175.16666666666666,59.66666666666666,323.8333333333333,270.5,1.0099233444762437,0.0,76.09238154601387,51.01190768468089
1552.0,649.6666666666666,1610.6013577582028,0.4033690047119656,3.0,0.0,0.0,3.0,79.3819548988699,0.0,0.0,0.0,0.0,0.0,0.0,3.0,0.0,0.0,0.0,28.370747666229068,48.01120723264084
1553.0,358.1666666666667,716.9554724679515,0.4995661242862987,484.1666666666666,20.333333333333336,39.0,424.83333333333326,550.8950427162198,13.833333333333334,6.5,28.0,11.0,86.83333333333333,59.833333333333336,112.5,165.66666666666666,0.0,0.0,40.05550952152157,26.67286652803163
1554.0,679.500009017334,1689.0226500494555,0.40230366892796726,224.33333631035848,0.0,0.0,224.33333631035848,347.83752625432606,0.0,0.0,0.0,0.0,0.0,224.00000297260166,0.0,0.3333333377568477,0.0,0.0,72.99232331626806,50.51186662769938
1555.0,515.8333375480989,1175.9010540739794,0.4386706991723186,356.8333362489434,0.3333333360569298,32.16666692949372,324.3333359833927,471.93306595697373,0.3333333360569298,0.0,23.50000019201355,8.666666737480174,128.83333438600337,6.500000053110131,115.50000094372618,73.50000060055302,0.0,0.0,76.92414031942546,38.17558938860483
1556.0,252.16666666666663,503.48377479959566,0.5008436801504436,74.33333333333333,3.833333333333333,12.833333333333334,57.66666666666666,106.2797153222446,2.5,1.3333333333333333,0.0,12.833333333333334,14.5,5.333333333333333,6.5,31.33333333333333,0.0,0.0,12.941945792657627,19.004436196253664
1557.0,897.0,2453.4912456365605,0.3656014675394827,161.5,17.333333333333336,21.0,123.16666666666666,269.55885892738814,9.833333333333334,7.5,9.0,12.0,46.0,10.0,15.0,52.16666666666666,0.0,0.0,42.043448982507,66.01540994488114
1558.0,241.0,563.0042735681985,0.4280606938782089,963.3333333333331,102.33333333333331,345.83333333333337,515.1666666666666,1046.0655792026866,74.5,27.83333333333333,232.83333333333331,113.0,93.83333333333331,104.5,32.166666666666664,284.6666666666667,0.0,0.0,64.72804315711299,18.004202712240314
1559.0,1008.3333333333334,2799.2589565789344,0.3602143813681498,132.0,0.5,0.0,131.5,252.2184992257245,0.1666666666666666,0.3333333333333333,0.0,0.0,0.0,131.5,0.0,0.0,0.0,0.0,45.20098792472322,75.0175113010013
1560.0,956.0,2510.8443157062243,0.38074841758203803,84.83333333333334,0.1666666666666666,0.0,84.66666666666667,197.10675525488384,0.1666666666666666,0.0,0.0,0.0,0.0,84.66666666666667,0.0,0.0,0.0,0.0,41.25684455660259,71.0165773649479
1561.0,416.6666666666667,996.98803275428,0.4179254444164019,358.3333333333333,29.166666666666664,7.333333333333333,321.8333333333333,420.05857107102463,19.33333333333333,9.833333333333334,1.5,5.833333333333333,22.0,238.0,13.5,48.333333333333336,0.0,0.0,30.717999733277438,31.007238004413875
1562.0,722.3333333333334,3385.525314282856,0.21335930654127827,485.6666666666666,21.83333333333333,11.5,452.3333333333333,591.4303907917423,16.0,5.833333333333333,9.666666666666666,1.8333333333333333,63.0,246.0,17.0,126.33333333333331,4.712647805133977,0.0,47.87199749025195,53.1790788296896
1563.0,897.0,2409.020067189801,0.37235057200929805,478.33333333333337,112.5,19.83333333333333,346.0,598.8650955977012,55.16666666666666,57.333333333333336,1.5,18.33333333333333,85.0,55.0,8.666666666666666,197.33333333333331,0.0,0.0,54.51635231948664,66.01540994488114
1564.0,629.0,1898.899206757448,0.33124454302873596,176.83333333333331,6.333333333333333,37.833333333333336,132.66666666666666,255.78608148372624,4.5,1.8333333333333333,0.3333333333333333,37.5,11.833333333333334,75.0,2.333333333333333,43.5,0.0,0.0,31.9417744017654,47.01097374862749
1565.0,654.0,1720.484742380606,0.38012542854351106,0.0,0.0,0.0,0.0,73.93465022934927,0.0,0.0,0.0,0.0,0.0,0.0,0.0,0.0,0.0,0.0,25.92344299670843,48.01120723264084
1566.0,368.00000005724576,1058.9503467727052,0.3475139331874962,370.00000005755686,34.00000000528901,0.33333333338518634,335.66666671888265,426.259287088541,1.5000000002333387,32.50000000505567,0.1666666666925931,0.1666666666925931,1.5000000002333387,308.83333338137516,0.833333333462966,24.5000000038112,0.0,0.0,29.252982958422617,27.00630407256155
1567.0,486.3333333333333,1406.2278949079566,0.3458424733959397,157.66666666666669,34.33333333333333,11.666666666666668,111.66666666666669,219.2018089672736,5.0,29.33333333333333,1.8333333333333333,9.833333333333334,9.166666666666666,70.0,2.833333333333333,29.666666666666668,0.0,0.0,25.52673687612633,36.00840542448063
1568.0,299.5,779.9102765328506,0.3840185326592305,841.0,122.16666666666666,63.333333333333336,655.5,915.398816466501,71.0,51.16666666666666,29.0,34.333333333333336,128.83333333333334,123.66666666666669,116.83333333333331,286.1666666666667,0.0,0.0,52.394038173482215,22.004778293018845
1569.0,371.5,955.5213541146404,0.38879298552591907,508.16666666666674,207.83333333333331,15.0,285.33333333333337,596.5219118461183,146.5,61.333333333333336,5.333333333333333,9.666666666666666,50.833333333333336,38.333333333333336,25.166666666666668,171.0,0.0,0.0,60.68195343568143,27.67329174377011
1570.0,493.9999999667537,1860.2534266002294,0.26555521570498086,831.9999999440063,206.66666665275798,27.499999998149246,597.833333293099,921.570148285957,146.33333332348508,60.33333332927289,0.4999999999663499,26.999999998182897,15.999999998923197,71.83333332849894,3.1666666664535494,506.83333329922334,0.0,0.0,52.5615094359474,37.008638906003306
1571.0,832.9999998452802,2651.377073775012,0.3141763606861323,90.4999999831907,1.9999999996285238,17.666666663385296,70.83333332017688,189.12091755043105,1.9999999996285238,0.0,2.333333332899944,15.333333330485349,1.1666666664499723,52.49999999024875,1.3333333330856825,15.833333330392481,0.0,0.0,36.606441569931036,62.0144759973093
1572.0,442.0,1287.7759308300251,0.3432274120196614,0.0,0.0,0.0,0.0,50.527830055842905,0.0,0.0,0.0,0.0,0.0,0.0,0.0,0.0,0.0,0.0,17.520125083402334,33.00770497244057
1573.0,427.8333333333333,1064.1607820117245,0.4020382451273417,3666.666666666667,203.0,115.33333333333331,3348.333333333333,3864.787230967752,139.5,63.5,20.5,94.83333333333331,532.3333333333334,1890.1666666666667,128.83333333333334,797.0,0.0,0.0,166.6130801653845,31.507484135699823
1574.0,269.1666666666667,683.4074584948095,0.3938597147586018,0.0,0.0,0.0,0.0,30.673947095028645,0.0,0.0,0.0,0.0,0.0,0.0,0.0,0.0,0.0,0.0,10.66927741476163,20.00466968026701
1575.0,384.0,954.4393788974712,0.40233042400616464,1063.6666666666667,276.5,35.0,752.1666666666667,1154.89038740327,182.83333333333331,93.66666666666669,10.666666666666666,24.33333333333333,108.16666666666669,151.0,90.5,402.5,0.0,0.0,62.717103924717456,28.506616811885536
1576.0,521.1666666666666,1301.3318336554216,0.40048714185583034,417.1666666666667,137.33333333333334,9.166666666666668,270.6666666666667,494.3773132223792,91.66666666666669,45.66666666666666,1.5,7.666666666666667,25.33333333333333,109.5,12.5,123.33333333333331,0.0,0.0,38.53495745527708,38.67568910043534
1577.0,1392.0,2778.158457332415,0.5010513336005309,2900.333333333333,465.6666666666667,803.6666666666666,1631.0,3351.668337575745,454.5,11.166666666666666,596.1666666666666,207.5,1000.0,83.83333333333333,28.0,519.1666666666666,0.0,0.0,348.1443803884297,103.19062385398286
1578.0,598.0,1158.9680690380628,0.515976251611778,490.33333333333326,52.0,39.16666666666666,399.1666666666666,577.4833544142581,35.5,16.5,3.5,35.666666666666664,95.5,77.5,26.666666666666668,199.5,0.0,0.0,43.13974778433729,44.01027329658744
1579.0,313.1666666666667,797.6830314490994,0.39259537224673935,0.0,0.0,0.0,0.0,35.91857594999209,0.0,0.0,0.0,0.0,0.0,0.0,0.0,0.0,0.0,0.0,12.913205817685023,23.005370132307068
1580.0,162.16666666666666,501.05413542768207,0.32365098938510295,1921.1666666666667,59.0,32.0,1830.1666666666667,2022.7486599303056,36.5,22.5,0.6666666666666666,31.33333333333333,4.666666666666667,1806.0,7.5,12.0,0.0,0.0,89.57919145547866,12.002801808160212
1581.0,751.1666666666666,2018.457316980019,0.3721488982440061,332.33333333333337,126.66666666666669,23.5,182.16666666666663,434.1276617167177,35.5,91.16666666666669,4.166666666666667,19.33333333333333,16.333333333333332,123.5,4.666666666666667,37.66666666666666,0.0,0.0,45.781253278636655,56.01307510474765
1582.0,710.6666666666666,1621.9065669113916,0.43816745129776147,40.66666666666666,9.5,3.5,27.666666666666664,627.9636276586401,6.166666666666667,3.333333333333333,0.3333333333333333,3.1666666666666665,7.5,2.0,2.5,15.666666666666666,0.0,0.0,534.7844739433283,52.51248704864515
1583.0,279.5,1041.549357502183,0.2683502207425769,801.6666666666666,163.83333333333334,25.0,612.8333333333333,867.5313600229358,86.66666666666667,77.16666666666667,5.166666666666667,19.83333333333333,81.16666666666667,68.5,145.83333333333334,317.3333333333333,0.0,0.0,44.85979019198872,21.004903164280368
1584.0,206.0,768.3401465180847,0.2681104207993527,0.0,0.0,0.0,0.0,23.169051742698706,0.0,0.0,0.0,0.0,0.0,0.0,0.0,0.0,0.0,0.0,8.165549482498443,15.003502260200262
1585.0,743.0,2348.6304829780024,0.3163545757346619,130.0,15.833333333333334,0.1666666666666666,114.0,223.45049903394172,7.0,8.833333333333334,0.1666666666666666,0.0,0.1666666666666666,53.5,9.0,51.333333333333336,0.0,0.0,38.43765741320747,55.0128416207343
1586.0,270.3333333333333,667.4173241793902,0.405043926100834,351.8333333333333,41.5,13.666666666666668,296.66666666666663,399.8335196422272,32.833333333333336,8.666666666666666,8.333333333333334,5.333333333333333,40.66666666666666,33.833333333333336,72.33333333333333,149.83333333333334,0.0,0.0,27.99551662862676,20.00466968026701
1587.0,512.3333333333334,1294.6963591060924,0.3957169800701902,333.5,12.5,12.166666666666668,308.8333333333333,412.36906001331806,8.166666666666666,4.333333333333333,1.3333333333333333,10.833333333333334,36.66666666666666,176.0,6.5,89.66666666666667,0.0,0.0,41.02679180778331,37.842268205534765
1588.0,473.5,1171.3117779448232,0.40424762127023117,141.33333333333331,32.83333333333333,1.8333333333333333,106.66666666666666,204.213127517968,14.5,18.33333333333333,0.1666666666666666,1.6666666666666667,7.333333333333333,11.0,23.5,64.83333333333333,0.0,0.0,27.8716222441674,35.00817194046728
1589.0,881.6666666666666,2170.9156458948783,0.4061266352443799,2938.1666666666665,827.1666666666666,154.5,1956.5,3182.7660826878696,419.3333333333333,407.8333333333333,70.0,84.5,310.3333333333333,322.0,231.16666666666663,1093.0,0.0,0.0,179.41755613695852,65.18185988424423
1590.0,1031.1666666666667,2644.3480419201646,0.38995119035764153,304.5,38.5,14.833333333333334,251.16666666666669,438.126313253767,26.0,12.5,1.3333333333333333,13.5,58.66666666666666,67.16666666666667,6.333333333333333,119.0,0.0,0.0,57.44176430176092,76.1845489520061
1591.0,796.1666666666666,2026.5352922397367,0.3928708617685801,44.66666666666667,3.833333333333333,0.0,40.833333333333336,157.29580953897238,0.1666666666666666,3.6666666666666665,0.0,0.0,29.83333333333333,0.1666666666666666,2.0,8.833333333333334,0.0,1.785849413466203,51.829517902051805,59.0137755567877
1592.0,649.8333333333334,1219.4475520902074,0.5328915804697623,65.16666666666666,4.5,1.5,59.16666666666666,227.68593481083016,3.5,1.0,0.3333333333333333,1.1666666666666667,8.166666666666666,12.666666666666666,11.5,26.83333333333333,0.0,0.0,114.34151093593444,48.17775720822905
1593.0,245.83333333333331,621.2295292987109,0.3957206181278084,0.0,0.0,0.0,0.0,29.58222174270997,0.0,0.0,0.0,0.0,0.0,0.0,0.0,0.0,0.0,0.0,11.578019030469653,18.004202712240314
1594.0,93.33333333333331,264.08027815848243,0.3534278817947973,857.6666666666666,167.0,20.833333333333336,669.8333333333333,936.2028175148494,53.66666666666666,113.33333333333331,6.5,14.333333333333334,81.16666666666667,191.83333333333331,88.5,308.3333333333333,0.0,0.0,71.70122063707117,6.834930211111453
1595.0,365.5,1035.861758341571,0.35284631086793916,256.5,49.833333333333336,8.0,198.66666666666663,308.1621043669496,41.333333333333336,8.5,2.1666666666666665,5.833333333333333,21.83333333333333,17.166666666666668,9.666666666666666,150.0,0.0,0.0,24.655800298589117,27.006304068360475
1596.0,331.6666666666667,1117.0496395738542,0.2969130958165789,30.166666666666664,29.83333333333333,0.0,0.3333333333333333,70.01495482784101,1.3333333333333333,28.5,0.0,0.0,0.1666666666666666,0.0,0.1666666666666666,0.0,0.0,0.0,14.842451060840569,25.005837100333768
1597.0,262.3333333333333,647.8870849058812,0.4049059464913436,37.0,11.5,6.833333333333333,18.666666666666668,71.86974854411667,11.333333333333334,0.1666666666666666,1.0,5.833333333333333,1.0,3.8333333333333335,0.8333333333333334,13.0,0.0,0.0,15.531837275323856,19.33791126879281
1598.0,506.5,968.094097866404,0.5231929428309524,596.0,49.5,14.666666666666668,531.8333333333334,679.8772470074114,40.5,9.0,1.3333333333333333,13.333333333333334,30.166666666666668,382.5,26.666666666666668,92.5,0.0,0.0,46.20180798324966,37.67543902416175
1599.0,398.5,987.7431891467686,0.40344494842250633,440.0,91.16666666666666,53.5,295.33333333333337,507.73371494623166,49.0,42.16666666666666,6.333333333333333,47.16666666666666,50.333333333333336,33.333333333333336,28.33333333333333,183.33333333333331,0.0,0.0,38.22691886171713,29.506796084514537
1600.0,944.0,2215.2424986434617,0.4261384478575475,1563.1666666666667,217.8333333333333,53.66666666666667,1291.6666666666667,1762.912825096903,175.16666666666666,42.66666666666666,18.666666666666668,35.0,334.6666666666667,159.0,302.5,495.5,0.0,0.0,129.8955644078316,69.85059402240425
1601.0,1026.3333333333333,2604.5111978780183,0.39405986588559155,254.83333333333331,49.333333333333336,22.0,183.5,383.467129024844,17.0,32.333333333333336,2.6666666666666665,19.33333333333333,11.5,56.0,21.33333333333333,94.66666666666669,0.0,0.0,52.616050906496014,76.01774478501467
1602.0,622.0,1613.1308784437904,0.3855855766644626,103.83333333333334,0.0,0.0,103.83333333333334,180.94843807783948,0.0,0.0,0.0,0.0,0.1666666666666666,103.5,0.0,0.1666666666666666,0.0,0.0,31.104364479892023,46.010740264614135
1603.0,298.3333333333333,705.7115401820171,0.42274118580572906,97.33333333333334,4.5,3.5,89.33333333333334,135.0224612478028,3.0,1.5,0.0,3.5,19.166666666666668,7.166666666666667,41.5,21.5,0.0,0.0,15.683991266175724,22.00513664829372
1604.0,692.1666666666666,1674.523987745126,0.41335129967216633,1241.8333333333333,1091.6666666666667,3.333333333333333,146.83333333333331,1413.0115449478317,486.8333333333333,604.8333333333334,3.0,0.3333333333333333,14.166666666666666,4.5,36.833333333333336,91.33333333333331,0.0,0.0,119.66641241451326,51.511799199985205
1605.0,780.6666666666666,2219.66391300692,0.35170489644493885,1994.0,649.1666666666666,24.0,1320.8333333333333,2170.170217963876,512.5,136.66666666666666,3.1666666666666665,20.83333333333333,207.66666666666663,158.66666666666666,488.8333333333333,465.6666666666667,0.0,0.0,118.32340925444858,57.84680870942751
1606.0,417.5,1239.2564649681538,0.33689555939555166,114.0,0.0,0.0,114.0,166.0749546180761,0.0,0.0,0.0,0.0,0.0,113.83333333333331,0.0,0.1666666666666666,0.0,0.0,21.067716613662256,31.007238004413875
1607.0,123.16666666666669,319.5807972250054,0.3854007116076797,261.0,11.666666666666666,50.833333333333336,198.5,285.7302467500131,9.666666666666666,2.0,29.166666666666668,21.666666666666668,18.83333333333333,104.83333333333331,29.166666666666668,45.66666666666666,0.0,0.0,15.72814539389296,9.002101356120157
1608.0,560.3333333333334,1712.7403531031098,0.32715602941107347,0.0,0.0,0.0,0.0,63.886402730395744,0.0,0.0,0.0,0.0,0.0,0.0,0.0,0.0,0.0,0.0,22.209933952154422,41.67646877824132
1609.0,637.3333333333334,1346.9503964463363,0.4731676348400149,149.50000000000003,5.333333333333334,3.0,141.16666666666669,227.6998250751188,3.8333333333333335,1.5,0.6666666666666666,2.333333333333333,8.166666666666666,57.5,47.16666666666666,28.33333333333333,0.0,0.0,31.188851326491303,47.01097374862749
1610.0,424.1666666666667,1195.9595494394273,0.3546663989308694,3.0,0.0,1.0,2.0,51.43959088002008,0.0,0.0,1.0,0.0,2.0,0.0,0.0,0.0,0.0,0.0,16.932173626085056,31.507417253935028
1611.0,565.6666666666666,1487.756867211899,0.38021445515270447,40.0,0.0,0.0,40.0,106.01747965236709,0.0,0.0,0.0,0.0,2.0,0.0,38.0,0.0,0.0,0.0,24.007673323806348,42.009806328560735
1612.0,238.33333333333331,707.2027688635911,0.3370084844496759,798.5,5.166666666666667,5.0,788.3333333333334,858.9558453520216,3.5,1.6666666666666667,0.5,4.5,614.3333333333334,2.1666666666666665,148.0,23.83333333333333,2.0198466889524878,0.0,41.09869188452274,17.337306778546374
1613.0,478.0,936.300014375876,0.5105201245976995,888.8333333333333,49.16666666666667,65.33333333333333,774.3333333333333,983.6867613258352,31.5,17.666666666666668,21.166666666666668,44.16666666666666,151.5,165.16666666666666,161.33333333333334,296.3333333333333,0.0,0.0,59.51189347669569,35.341534515806195
1614.0,307.8333333333333,813.2121435142666,0.37854001048612335,701.0,57.16666666666667,58.833333333333336,585.0,764.8269084124578,23.166666666666668,34.0,14.333333333333334,44.5,153.83333333333334,105.83333333333331,127.66666666666669,197.66666666666663,0.0,0.0,40.82153828015063,23.005370132307068
1615.0,10.166666666666666,26.089799389474763,0.3896797562486486,2199.166666666667,315.66666666666663,1088.8333333333333,794.6666666666667,2289.525713439316,175.16666666666666,140.5,663.5,425.3333333333333,235.16666666666663,33.666666666666664,36.16666666666666,489.6666666666667,0.0,1.785849413466203,87.57296387516972,1.0002334840133509
1616.0,1.0,1.0,1.0,595.6666666666667,140.0,71.0,384.6666666666667,619.3181793072346,72.16666666666667,67.83333333333333,20.666666666666668,50.333333333333336,153.83333333333334,45.16666666666666,19.33333333333333,166.33333333333334,0.0,0.0,23.651512640567844,0.0
1617.0,1037.6666666666667,2814.445896831388,0.3686930588486039,959.5,144.5,161.0,654.0,1183.8407439186394,126.0,18.5,48.16666666666666,112.83333333333331,99.66666666666669,66.5,43.333333333333336,444.5,0.0,0.0,147.48918227684197,76.85156164179732
1618.0,239.5,437.0132004483842,0.5480383653268786,972.8333333333331,144.16666666666666,279.33333333333337,549.3333333333333,1042.5701547108354,124.33333333333331,19.83333333333333,112.5,166.83333333333334,52.333333333333336,44.833333333333336,52.833333333333336,399.3333333333333,0.0,0.0,51.73261866526173,18.004202712240314
1619.0,1789.1666666666667,3491.972330321045,0.5123656482415982,366.1666666666667,28.666666666666664,30.166666666666668,307.33333333333337,598.8023117383582,21.33333333333333,7.333333333333333,4.666666666666667,25.5,66.66666666666667,61.0,15.166666666666666,164.5,0.0,0.0,99.93805842460957,132.69758664708198
1620.0,815.5,2342.7402809582823,0.3480966313800799,1265.5,368.5,40.66666666666666,856.3333333333334,1465.6749915140294,286.3333333333333,82.16666666666667,15.166666666666666,25.5,290.8333333333333,66.66666666666667,44.16666666666666,454.6666666666667,0.0,0.0,139.99379076459715,60.181200749432186
1621.0,332.3333333333333,603.5540690398922,0.5506272766282478,608.0,138.33333333333334,32.833333333333336,436.83333333333337,702.1265298364517,113.0,25.33333333333333,6.833333333333333,26.0,94.16666666666669,98.33333333333331,22.83333333333333,221.5,0.0,0.0,69.45419699502193,24.67233284142979
1622.0,433.6666666666667,1100.0565135655604,0.39422217069652515,511.1666666666666,178.0,28.166666666666668,305.0,639.4515680644708,161.33333333333334,16.666666666666668,4.5,23.666666666666668,56.5,46.0,23.666666666666668,178.83333333333334,0.0,0.0,96.27762572805058,32.007275669753675
1623.0,433.3333333333333,623.1586265742994,0.6953820662252628,235.66666666666663,59.66666666666666,5.833333333333333,170.16666666666666,319.03297485417073,31.83333333333333,27.83333333333333,1.8333333333333333,4.0,15.333333333333334,17.666666666666668,11.333333333333334,125.83333333333331,0.0,0.0,51.025361626537695,32.34094656096637
1624.0,239.0,531.081880909007,0.45002476753852777,702.0000000000001,67.66666666666667,4.166666666666667,630.1666666666667,766.8021399483232,8.166666666666666,59.5,0.8333333333333334,3.333333333333333,225.0,4.833333333333333,203.83333333333331,196.5,0.0,0.0,47.131428987796106,17.67071096052712
1625.0,697.1666666666666,1514.6666023691398,0.4602773082711438,843.6666666666667,30.0,25.0,788.6666666666667,962.5877932819828,23.5,6.5,3.1666666666666665,21.83333333333333,245.0,147.0,171.83333333333334,224.83333333333331,0.0,0.0,67.24242298695059,51.678703628365405
1626.0,834.5,2034.9457841217195,0.4100846354293264,261.5,28.166666666666668,13.0,220.33333333333331,410.2907071242447,25.0,3.1666666666666665,1.8333333333333333,11.166666666666666,79.83333333333333,27.666666666666668,20.166666666666668,92.66666666666669,0.0,0.0,87.10986455069512,61.68084257354949
1627.0,686.3333333333334,1605.5500354273024,0.4274755181645099,1065.6666666666667,126.16666666666666,175.16666666666666,764.3333333333334,1273.3429936050716,88.33333333333333,37.833333333333336,50.333333333333336,124.83333333333331,131.83333333333334,91.33333333333331,144.16666666666666,397.0,0.0,73.21982596683921,83.44494755521147,51.01155341635444
1628.0,378.6666666666667,903.9456032965008,0.4189042629177557,597.6666666666667,85.66666666666666,35.166666666666664,476.83333333333337,700.6907526431032,65.33333333333333,20.33333333333333,8.833333333333334,26.33333333333333,79.33333333333333,130.83333333333334,48.66666666666666,218.0,0.0,0.0,75.01735252911327,28.00673344732324
1629.0,466.8333333333333,997.6011042221976,0.4679559107919298,1412.1666666666667,192.16666666666669,30.33333333333333,1189.6666666666667,1537.8214547586426,115.16666666666669,77.0,8.5,21.83333333333333,161.16666666666666,492.1666666666667,94.66666666666669,441.6666666666667,0.0,0.0,91.14681624154925,34.50797185042676
1630.0,943.0,2049.0166049272148,0.46022077016476753,628.3333333333333,44.16666666666666,35.5,548.6666666666666,768.9670790507234,34.0,10.166666666666666,3.0,32.5,179.5,94.83333333333331,53.5,220.83333333333331,0.0,0.0,70.78416022482197,69.84958549256821
1631.0,699.1666666666666,1535.197159085223,0.4554246746282925,225.33333333333331,0.8333333333333333,5.0,219.5,315.1594720982265,0.5,0.3333333333333333,0.1666666666666666,4.833333333333333,10.5,51.5,93.5,64.0,0.0,0.0,37.81399759619894,52.01214116869424
1632.0,854.0,2157.395189510745,0.39584773533942597,3295.0,103.16666666666669,75.0,3116.833333333333,3576.485984530529,76.0,27.166666666666668,7.666666666666667,67.33333333333333,768.8333333333334,411.8333333333333,851.5,1084.6666666666667,0.0,0.0,218.3046083022449,63.18137622828451
1633.0,37.833333333333336,99.1805769413199,0.3814590971346879,2441.9999999999995,167.16666666666669,148.0,2126.833333333333,2544.798062381122,113.16666666666669,54.0,28.666666666666668,119.33333333333331,505.8333333333333,345.0,255.33333333333331,1020.6666666666666,0.0,0.0,100.13041610163326,2.667646279488704
1634.0,0.0,0.0,0.0,10516.833333333332,334.3333333333333,39.333333333333336,10143.166666666666,10933.702790672462,328.0,6.333333333333333,4.0,35.333333333333336,148.16666666666666,72.0,9736.666666666666,186.33333333333331,0.0,0.0,416.869457339127,0.0
1635.0,37.833333333333336,85.73802073521301,0.4412666983551558,1218.5,533.0,13.666666666666668,671.8333333333334,1274.2990645839425,176.0,357.0,3.333333333333333,10.333333333333334,85.33333333333333,92.66666666666669,23.666666666666668,470.1666666666667,0.0,0.0,52.965122520268544,2.8339420636737
1636.0,218.83333333333331,481.2659218478777,0.4547035711423255,149.33333333333331,10.666666666666666,1.3333333333333337,137.33333333333331,188.0966876312964,0.6666666666666666,10.0,0.1666666666666666,1.1666666666666667,0.6666666666666666,43.333333333333336,0.0,93.33333333333331,0.0,0.0,22.759618553749444,16.003735744213614
1637.0,851.6666666666666,1289.2415244227593,0.6605951255316486,888.6666666666666,44.333333333333336,63.16666666666667,781.1666666666666,1028.8318082026583,30.5,13.833333333333334,3.8333333333333335,59.333333333333336,146.66666666666666,133.83333333333334,184.66666666666663,316.0,0.0,0.0,77.15043204315052,63.0147094928411
1638.0,323.8333333333333,921.4492557468984,0.35143913928374054,0.0,0.0,0.0,0.0,38.51832692938359,0.0,0.0,0.0,0.0,0.0,0.0,0.0,0.0,1.0099233444762437,0.0,13.502799968586926,24.005603616320418
1639.0,496.1666666666667,1322.0400267480766,0.37530381579075633,0.0,0.0,0.0,0.0,57.00937435371765,0.0,0.0,0.0,0.0,0.0,0.0,0.0,0.0,0.0,0.0,20.000735445223658,37.00863890849399
1640.0,527.1666666666666,1557.9642478615326,0.33836891147550885,3170.833333333333,266.8333333333333,49.333333333333336,2854.6666666666665,3358.25735520169,235.0,31.83333333333333,6.833333333333333,42.5,346.5,79.16666666666667,737.6666666666666,1691.3333333333333,0.0,0.0,148.2483118048646,39.17571006349325
1641.0,0.0,0.0,0.0,1099.3333333333337,146.83333333333334,93.83333333333334,858.6666666666667,1142.9078168469314,85.66666666666667,61.16666666666666,54.5,39.333333333333336,121.5,310.1666666666667,32.333333333333336,394.6666666666667,0.0,0.0,43.574483513597805,0.0
1642.0,5.0,8.705831308409794,0.5743276917357706,246.0,19.0,104.5,122.5,256.6161824126767,14.333333333333334,4.666666666666667,19.166666666666668,85.33333333333333,15.833333333333334,19.0,10.166666666666666,77.5,0.0,0.0,10.616182412676702,0.0
1643.0,606.6666666666666,1320.8117644738686,0.45931349415889394,2253.5,671.0,150.0,1432.5,2424.881492724486,550.0,121.0,53.16666666666666,96.83333333333331,237.83333333333331,305.1666666666667,225.5,664.0,0.0,0.0,126.3709859438856,45.01050678060079
1644.0,652.1666666666666,1482.1595262381086,0.4400111156198825,1423.833333333333,207.3333333333333,32.33333333333333,1184.1666666666663,1565.8027527738475,106.0,101.33333333333331,6.5,25.83333333333333,265.8333333333333,382.5,172.66666666666666,363.1666666666667,0.0,0.0,93.62476216035384,48.34465728016048
1645.0,1092.6666666666667,1740.9300466060092,0.6276338723642861,1380.3333333333333,256.5,72.33333333333333,1051.5,1584.0204879232672,181.83333333333331,74.66666666666667,8.0,64.33333333333333,212.5,130.83333333333334,130.5,577.6666666666666,0.0,1.785849413466203,120.88239297138628,81.0189122050814
1646.0,553.1666666666666,1443.275224372573,0.38327178165698905,956.1666666666669,69.5,52.5,834.1666666666667,1072.4991558918964,40.833333333333336,28.666666666666668,5.0,47.5,195.0,155.5,96.16666666666669,387.5,0.0,0.0,75.15582884656094,41.17666037866895
1647.0,451.0,864.5537637375269,0.5216563953759165,754.8333333333333,135.16666666666666,22.0,597.6666666666666,975.3130182894392,101.33333333333331,33.833333333333336,10.0,12.0,88.66666666666667,79.33333333333333,37.16666666666666,392.5,0.0,0.0,187.1386174083265,33.341067547779495
1648.0,644.6666666666666,1861.8619480276288,0.34624837107262274,122.66666666666669,3.333333333333333,1.8333333333333333,117.5,205.259738358706,3.333333333333333,0.0,0.0,1.8333333333333333,12.5,91.66666666666669,0.8333333333333334,12.5,0.0,0.0,34.915327024746865,47.67774466729248
1649.0,219.33333333333331,554.2393964570273,0.39573753640650705,2134.6666666666665,213.5,71.5,1849.6666666666663,2247.9777366797334,144.0,69.5,8.666666666666666,62.833333333333336,171.33333333333334,317.3333333333333,920.5,440.5,0.0,0.0,97.14063009187088,16.170439921195616
1650.0,341.3333333333333,844.5166140098972,0.4041759838360422,263.33333333333337,13.166666666666668,26.833333333333336,223.33333333333331,314.97370579120627,9.333333333333334,3.8333333333333335,0.1666666666666666,26.666666666666668,48.833333333333336,68.83333333333333,51.333333333333336,54.333333333333336,0.0,0.0,26.634535357539125,25.005837100333768
1651.0,414.8333333333333,1137.2138754556524,0.3647804008433508,1273.6666666666667,291.0,63.66666666666666,919.0,1385.469893601292,201.0,90.0,5.0,58.66666666666666,221.83333333333331,101.83333333333331,179.5,415.8333333333333,0.0,0.0,81.12943897773114,30.67378795689424
1652.0,674.6666666666666,1667.449538977429,0.40460994524632454,325.1666666666667,21.166666666666664,11.0,293.0,429.1372811610704,8.666666666666666,12.5,1.3333333333333333,9.666666666666666,36.0,20.666666666666668,85.83333333333333,150.5,0.0,0.0,54.29240285908454,49.67821163531918
1653.0,733.8333331014593,1244.840598469055,0.5894998395810284,835.4999997360017,31.83333332327475,39.83333332074694,763.83333309198,951.8840062638268,22.16666665966252,9.666666663612228,11.833333329594279,27.99999999115266,141.1666666220613,416.6666665350098,46.833333318535104,159.16666661637373,0.0,0.0,62.20468172405078,54.17932480377434
1654.0,500.0,1325.7362441214275,0.37714892552504115,15.666666666666668,0.0,9.666666666666668,6.0,73.11523909651896,0.0,0.0,2.0,7.666666666666667,3.0,0.0,0.0,3.0,0.0,0.0,20.43993352135832,37.00863890849399
1655.0,11.0,20.882484099279747,0.5267572549177422,42.833333333333336,0.3333333333333333,1.0,41.5,45.96745402255796,0.3333333333333333,0.0,0.0,1.0,1.1666666666666667,2.1666666666666665,0.3333333333333333,37.833333333333336,0.0,0.0,2.133887205211273,1.0002334840133509
1656.0,244.5,709.3878440708862,0.34466336298760725,39.833333333333336,4.166666666666667,4.0,31.666666666666668,70.60676060656381,4.0,0.1666666666666666,0.1666666666666666,3.8333333333333335,0.0,26.166666666666668,0.0,5.5,0.0,0.0,12.602620374017595,18.17080689921288
1657.0,12.0,29.294347173739563,0.4096353446222964,388.5,24.0,190.5,174.0,405.3749561203701,23.5,0.5,118.33333333333331,72.16666666666667,17.666666666666668,3.6666666666666665,2.5,150.16666666666666,0.0,0.0,15.87472263635676,1.0002334840133509
1658.0,9.833333333333334,21.77564453628815,0.451574846243771,421.3333333333333,51.5,252.8333333333333,117.0,442.4236182539348,29.33333333333333,22.166666666666668,151.66666666666666,101.16666666666669,15.5,7.5,31.83333333333333,62.16666666666666,0.0,0.0,20.256809824954555,0.8334750956469977
1659.0,747.3333333333334,1592.0063907058322,0.4694286013525332,2043.0,624.8333333333333,77.66666666666666,1340.5,2233.4600870275844,500.8333333333333,124.0,18.5,59.16666666666666,217.5,206.0,127.66666666666669,789.3333333333334,0.0,0.0,135.11359536867386,55.346491658910736
1660.0,290.0,611.4394271103716,0.4742906445705075,3602.1666666666665,2640.0,54.16666666666667,908.0,3837.801628987115,1892.1666666666667,747.8333333333334,17.333333333333332,36.833333333333336,174.66666666666666,91.66666666666669,224.33333333333331,417.3333333333333,0.0,0.0,214.12924233682773,21.505719983620168
1661.0,807.1666666666666,1460.2327789469737,0.552765749614759,1429.1666666666667,137.83333333333331,88.66666666666667,1202.6666666666667,1581.3252062601548,20.5,117.33333333333331,31.83333333333333,56.833333333333336,515.5,139.0,234.33333333333331,313.8333333333333,0.0,0.0,92.31123472966924,59.84730486381904
1662.0,249.66666666666663,678.0457147666903,0.3682150940996284,450.3333333333333,17.333333333333336,11.666666666666668,421.3333333333333,509.2518326840189,13.333333333333334,4.0,1.3333333333333333,10.333333333333334,23.83333333333333,36.333333333333336,265.3333333333333,95.83333333333331,0.0,0.0,40.24753822697101,18.67096112371452
1663.0,387.5,1188.8064834689314,0.32595717249898987,2140.833333333333,149.33333333333331,102.66666666666666,1888.8333333333333,2276.8889744648905,88.33333333333333,61.0,26.33333333333333,76.33333333333333,563.8333333333334,277.0,312.1666666666667,735.8333333333334,0.0,0.0,107.3823618468827,28.67327928467398
1664.0,614.6666493781914,1245.0865169453928,0.49367384596387015,1141.3333012315225,113.16666348367464,24.166665986940828,1003.9999717609071,1267.3995770594609,52.83333184731202,60.333331636362615,5.6666665072826765,18.49999947965815,169.3333285705647,75.33333121446381,199.16666106478814,560.1666509110904,0.0,1.785849363236355,78.76976673965868,45.510659725042885
1665.0,769.6666644393093,1628.0699128061256,0.47274791972091623,393.8333321936093,38.4999998885839,15.333333288959821,339.9999990160656,497.63229014828187,34.33333323397525,4.1666666546086475,0.6666666647373836,14.666666624222438,123.16666631023163,28.666666583707496,64.9999998118949,123.16666631023163,0.0,0.0,46.78564953090376,57.01330842376878
1666.0,370.3333333333333,704.965172322008,0.5253214596595356,0.0,0.0,0.0,0.0,42.35269843524543,0.0,0.0,0.0,0.0,0.0,0.0,0.0,0.0,0.0,0.0,14.679469246826178,27.673229188419253
1667.0,250.5,489.7385464295637,0.5114974139288584,0.0,0.0,0.0,0.0,28.60057548663292,0.0,0.0,0.0,0.0,0.0,0.0,0.0,0.0,0.0,0.0,9.929501865718176,18.671073620914743
1668.0,95.5,266.10160992625214,0.35888546494125695,552.3333333333333,41.0,298.66666666666663,212.66666666666663,595.6826323738456,36.16666666666666,4.833333333333333,155.66666666666666,143.0,79.83333333333333,16.333333333333332,9.333333333333334,107.16666666666669,0.0,0.0,36.18083120151096,7.168467839001459
1669.0,761.6666666666666,1460.16344085391,0.521631103310764,600.6666666666667,92.16666666666669,26.333333333333336,482.16666666666674,754.9885717904622,65.66666666666667,26.5,12.833333333333334,13.5,94.66666666666669,55.0,42.833333333333336,289.6666666666667,0.0,0.0,97.97528415538096,56.3466209684145
1670.0,558.1666674998879,1196.1395274037461,0.4666400990120309,175.66666692889876,4.000000005971129,3.1666666713938105,168.50000025153383,252.26314713654207,2.500000003731956,1.5000000022391735,0.16666666691546367,3.000000004478347,106.50000015898132,9.166666680350504,13.333333353237098,39.5000000589649,0.0,0.0,35.25358643023459,41.34289377740869
1671.0,387.6666666666667,853.2407813942476,0.45434615306736237,441.0,48.333333333333336,9.5,383.1666666666667,510.0225164120157,40.333333333333336,8.0,2.6666666666666665,6.833333333333333,62.833333333333336,94.0,103.66666666666669,122.66666666666669,0.0,0.0,40.18247873897528,28.84003767304033
1672.0,480.6666666666667,1131.5368981101158,0.4247909789503749,344.5,44.333333333333336,27.666666666666664,272.5,422.0509298361076,34.333333333333336,10.0,10.333333333333334,17.333333333333332,30.83333333333333,23.33333333333333,142.16666666666666,76.16666666666667,0.0,0.0,41.875845282772296,35.67508455333527
1673.0,521.6666666666666,1450.3482399818697,0.35968373131765086,71.83333333333333,0.1666666666666666,0.0,71.66666666666666,145.53470052857713,0.1666666666666666,0.0,0.0,0.0,0.0,71.33333333333333,0.0,0.3333333333333333,0.0,0.0,34.85896549570513,38.84240169953868
1674.0,341.5,1093.5316519703197,0.3122909148397187,496.1666666666666,61.66666666666667,233.66666666666663,200.83333333333331,557.4043613247823,41.333333333333336,20.33333333333333,218.0,15.666666666666666,43.333333333333336,17.333333333333332,57.0,83.16666666666667,0.0,0.0,36.231857557781815,25.005837100333768
1675.0,342.3333333333333,935.8290776298172,0.3658075406252219,34.0,0.0,0.0,34.0,75.75655466159633,0.0,0.0,0.0,0.0,0.0,34.0,0.0,0.0,0.0,0.0,16.583959172896204,25.172595488700125
1676.0,287.6666666666667,630.9485308693448,0.45592731037872236,425.0,14.833333333333332,3.333333333333333,406.8333333333333,482.2063420910224,11.666666666666666,3.1666666666666665,0.6666666666666666,2.6666666666666665,8.166666666666666,324.8333333333333,36.0,37.833333333333336,0.0,1.785849413466203,34.082251962956484,21.33824071459977
1677.0,444.5,1253.49103139747,0.35460963729787814,68.83333333333334,18.166666666666668,2.1666666666666665,48.5,122.1889268792266,17.0,1.1666666666666667,0.1666666666666666,2.0,2.333333333333333,2.1666666666666665,1.3333333333333333,42.66666666666666,0.0,0.0,20.347888573452696,33.00770497244057
1678.0,506.3333333333333,1044.7912122780006,0.4846263324031547,36.833333333333336,0.0,0.1666666666666666,36.66666666666667,96.7060390817278,0.0,0.0,0.1666666666666666,0.0,0.0,28.666666666666668,0.0,8.0,0.0,0.0,22.03055004005992,37.84215570833454
1679.0,214.66666666666663,556.4377268598586,0.38578740495921016,21.0,0.0,0.0,21.0,46.511482932991264,0.0,0.0,0.0,0.0,8.833333333333334,0.0,0.0,12.166666666666666,0.0,0.0,9.841222261316796,15.670260671674468
1680.0,519.3333333333334,1106.5190245617666,0.4693397237693348,422.83333333333337,135.5,50.16666666666666,237.16666666666669,507.0324195511262,98.66666666666669,36.833333333333336,32.666666666666664,17.5,83.66666666666667,50.5,14.0,89.0,0.0,0.0,45.85679296413076,38.34229325366213
1681.0,665.8333333333334,1623.609825133536,0.41009442233362375,340.8333333333333,54.66666666666666,29.166666666666664,257.0,449.25440929422143,19.0,35.666666666666664,13.5,15.666666666666666,72.0,45.16666666666666,11.166666666666666,128.66666666666666,0.0,0.0,59.07604767449458,49.34502828639356
1682.0,213.0,553.1221610835447,0.38508672222197954,0.0,0.0,0.0,0.0,24.446691949563608,0.0,0.0,0.0,0.0,0.0,0.0,0.0,0.0,0.0,0.0,8.442956205349994,16.003735744213614
1683.0,476.8333333333333,1281.2953400204246,0.3721494322501261,107.83333333333334,2.0,2.0,103.83333333333334,167.01684320655232,2.0,0.0,0.0,2.0,11.0,55.833333333333336,0.0,37.0,0.0,0.0,24.1753379327517,35.00817194046728
1684.0,569.8333333333334,1500.8459550477094,0.3796747637003288,523.5,84.33333333333333,12.166666666666666,427.0,644.8527244014283,37.16666666666666,47.16666666666666,3.0,9.166666666666666,115.5,77.0,92.0,142.5,0.0,0.0,79.00933477454213,42.34338962688616
1685.0,775.5,1511.748128247899,0.5129822789321371,630.6666666666666,100.33333333333331,70.0,460.3333333333333,751.7623569093214,69.83333333333333,30.5,12.166666666666666,57.833333333333336,72.5,60.66666666666666,152.66666666666666,174.5,0.0,0.0,63.58239830996007,57.513291932694806
1686.0,463.1666666666667,916.5315010645356,0.5053472424337915,1243.9999999999998,197.5,27.333333333333336,1019.1666666666664,1347.6715566969192,118.0,79.5,6.166666666666667,21.166666666666668,181.33333333333331,319.3333333333333,178.16666666666666,340.3333333333333,0.0,0.0,69.16361821735745,34.50793847956178
1687.0,357.0,955.8508497936712,0.3734892322134375,0.0,0.0,0.0,0.0,41.99053855946884,0.0,0.0,0.0,0.0,0.0,0.0,0.0,0.0,0.0,0.0,15.650992902582573,26.33954565688627
1688.0,910.5,1997.7098263920263,0.45577189838647036,1286.9999999999998,69.83333333333334,30.0,1187.1666666666663,1443.2883694026968,32.833333333333336,37.0,2.5,27.5,162.5,382.3333333333333,180.16666666666663,462.1666666666667,0.0,0.0,88.60592585813451,67.68244354456228
1689.0,996.1666666666666,1986.3415467984455,0.5015082467928401,461.8333333333333,84.83333333333334,9.333333333333334,367.6666666666666,602.3420005128437,58.333333333333336,26.5,2.1666666666666665,7.166666666666667,68.83333333333333,58.5,70.5,169.83333333333334,0.0,5.357548241737237,61.30057448413197,73.85054445364112
1690.0,708.0,2034.4714218136176,0.3480019391812629,1806.1666666666663,238.5,75.83333333333333,1491.8333333333333,2026.812909383215,148.5,90.0,49.16666666666666,26.666666666666668,365.3333333333333,150.83333333333334,245.5,730.1666666666666,0.0,0.0,168.3012058374728,52.34503687907579
1691.0,203.66666666666663,548.8634557598847,0.37106982534425864,134.83333333333334,11.5,6.333333333333333,117.0,165.58863354892168,8.0,3.5,2.0,4.333333333333333,26.666666666666668,29.83333333333333,10.666666666666666,49.833333333333336,0.0,0.0,15.751797955388072,15.003502260200262
1692.0,291.8333333333333,850.1946060515385,0.3432547457442261,0.0,0.0,0.0,0.0,35.40599385467576,0.0,0.0,0.0,0.0,0.0,0.0,0.0,0.0,0.0,0.0,13.567590569728884,21.83840328494688
1693.0,339.3333333333333,893.4395960441417,0.3798055680941278,57.833333333333336,7.666666666666667,0.0,50.16666666666667,98.5821361412662,0.0,7.666666666666667,0.0,0.0,6.0,0.0,27.166666666666668,17.0,0.0,0.0,15.7429657075991,25.005837100333768
1694.0,535.5,1417.237763723407,0.37784767927233276,118.16666666666666,1.6666666666666667,3.8333333333333335,112.66666666666666,195.75144964355263,1.5,0.1666666666666666,0.0,3.8333333333333335,20.666666666666668,55.833333333333336,5.833333333333333,30.33333333333333,0.0,0.0,37.74217697969879,39.8426059971872
1695.0,298.66666979897366,673.2402786452662,0.4436256701693017,395.1666708110303,23.000000241215606,59.33333395559967,312.8333366142151,447.6739668098625,12.333333462680832,10.666666778534772,43.0000004509683,16.33333350463137,65.33333401852548,63.50000066596482,17.666666851948218,166.33333507777664,0.0,0.0,30.3355549310367,22.171741067795406
1696.0,603.3333296447865,1247.204362809898,0.48374857211491984,299.1666648376773,12.999999920523024,9.666666607568402,276.49999830958586,389.6169162448894,11.999999926636637,0.9999999938863864,0.0,9.666666607568402,4.499999972488739,1.3333333251818484,237.99999854495996,32.666666466955284,0.0,0.0,45.773194947269275,44.67705645994289
1697.0,860.5,2063.4272928616538,0.41702462838252946,1618.666666666667,375.0,64.83333333333334,1178.8333333333337,1780.6086956200463,269.3333333333333,105.66666666666669,31.0,33.833333333333336,166.0,148.0,159.5,705.3333333333334,0.0,0.0,98.2605610490648,63.681467904315305
1698.0,252.66666666666663,658.3996483850518,0.3837588116676812,274.0,32.333333333333336,5.333333333333333,236.3333333333333,321.71267162017944,21.0,11.333333333333334,1.8333333333333333,3.5,40.66666666666666,25.166666666666668,5.5,165.0,0.0,0.0,28.87483961089836,18.837832009281097
1699.0,101.33333333333331,264.2569410422605,0.38346517194084934,98.0,75.0,7.333333333333334,15.666666666666668,113.23594710025546,1.0,74.0,0.1666666666666666,7.166666666666667,1.0,0.3333333333333333,1.5,12.833333333333334,0.0,0.0,7.900891851007207,7.335055249248253
1700.0,12.666666666666666,25.01928100806533,0.5062762060421873,4277.5,295.5,118.33333333333331,3863.6666666666665,4448.719459064654,63.833333333333336,231.66666666666663,38.0,80.33333333333333,1170.3333333333333,261.1666666666667,247.0,2185.1666666666665,0.0,0.0,170.05239222728392,1.1670668373696265
1701.0,1228.6666666666667,3135.301978497668,0.39188144398626723,103.0,11.0,8.833333333333334,83.16666666666667,246.80620692243184,10.666666666666666,0.3333333333333333,0.0,8.833333333333334,11.333333333333334,47.5,4.333333333333333,20.0,0.0,0.0,52.78495987721693,91.02124704521492
1702.0,0.0,0.0,0.0,1019.5,52.0,271.6666666666667,695.8333333333333,1061.930780520937,17.166666666666668,34.833333333333336,102.83333333333331,168.83333333333334,92.5,139.16666666666666,24.166666666666668,440.0,2.0198466889524878,0.0,40.41093383198498,0.0
1703.0,395.6666666666667,1162.245698145886,0.340432894092762,331.0,75.5,10.666666666666668,244.83333333333331,389.312442460475,50.833333333333336,24.666666666666668,1.8333333333333333,8.833333333333334,32.666666666666664,53.16666666666666,11.166666666666666,147.83333333333334,0.0,0.0,28.805517199586188,29.50692526088881
1704.0,622.0,1906.173512861492,0.3263081748871181,0.0,0.0,0.0,0.0,72.68560460487036,0.0,0.0,0.0,0.0,0.0,0.0,0.0,0.0,2.0198466889524878,0.0,24.655017651303737,46.010740264614135
1705.0,1691.0,4612.097591678773,0.3666444532854057,77.33333333333334,11.333333333333334,1.8333333333333333,64.16666666666667,272.4563677673802,0.0,11.333333333333334,0.0,1.8333333333333333,2.0,20.83333333333333,16.166666666666668,25.166666666666668,0.0,0.0,70.09384893237801,125.02918550166883
1706.0,1283.0,2456.54498678947,0.522278243182833,1047.6666666666667,44.0,41.66666666666667,962.0,1235.072504562738,30.666666666666668,13.333333333333334,4.833333333333333,36.833333333333336,330.8333333333333,128.5,30.666666666666668,472.0,0.0,0.0,92.38365691480315,95.02218098126832
1707.0,446.0,1398.0126348972824,0.319024298398254,0.0,0.0,0.0,0.0,50.686383224018485,0.0,0.0,0.0,0.0,0.0,0.0,0.0,0.0,0.0,0.0,17.678678251577917,33.00770497244057
1708.0,416.0,1305.6987321080308,0.318603357551228,0.0,0.0,0.0,0.0,47.49641852921423,0.0,0.0,0.0,0.0,0.0,0.0,0.0,0.0,0.0,0.0,16.489180524800357,31.007238004413875
1709.0,340.3333333333333,960.3216985743398,0.3543951301304348,23.83333333333333,0.1666666666666666,0.1666666666666666,23.5,63.27432325188784,0.1666666666666666,0.0,0.0,0.1666666666666666,1.3333333333333333,0.5,18.33333333333333,3.333333333333333,0.0,0.0,14.435152818220738,25.005837100333768
1710.0,344.5,1083.2156789325425,0.31803453984296864,0.0,0.0,0.0,0.0,39.16145822021564,0.0,0.0,0.0,0.0,0.0,0.0,0.0,0.0,0.0,0.0,13.655466895380236,25.505991324835406
1711.0,209.33333333333331,623.9857552245787,0.335477743811623,1380.5,337.6666666666667,57.0,985.8333333333334,1462.5411659480153,227.0,110.66666666666669,4.166666666666667,52.833333333333336,125.16666666666669,174.16666666666666,41.66666666666666,644.8333333333334,2.0198466889524878,0.0,64.68445442352369,15.336864835539185
1712.0,823.6666666666666,1867.7790817885864,0.44098719955570065,412.1666666666666,74.83333333333333,22.166666666666664,315.16666666666663,522.1673908508005,70.0,4.833333333333333,1.3333333333333333,20.83333333333333,52.833333333333336,52.66666666666666,79.33333333333333,130.33333333333334,0.0,0.0,48.98648165931943,61.0142425248144
1713.0,322.6666666666667,754.6129782952934,0.42759225715357563,63.83333333333333,12.166666666666666,0.1666666666666666,51.5,103.49362151898384,12.166666666666666,0.0,0.1666666666666666,0.0,0.1666666666666666,0.0,29.0,22.33333333333333,0.0,0.0,15.321247029001237,24.339041156649262
1714.0,1767.5,3658.4758528078455,0.48312468664880226,208.0,35.666666666666664,7.833333333333333,164.5,462.0510146359826,26.0,9.666666666666666,5.833333333333333,2.0,39.66666666666666,11.0,14.5,99.33333333333331,21.5445167336707,0.0,101.30946568296746,131.1970322193445
1715.0,333.5,741.707324439431,0.44963827241702553,0.0,0.0,0.0,0.0,38.899844361497074,0.0,0.0,0.0,0.0,0.0,0.0,0.0,0.0,1.0099233444762437,0.0,13.21720492476218,24.67271609225865
1716.0,320.3333333333333,860.5658750470378,0.37223569121402145,63.83333333333333,0.0,0.1666666666666666,63.66666666666666,117.3804914481682,0.0,0.0,0.1666666666666666,0.0,0.0,63.5,0.0,0.1666666666666666,14.643396434938282,0.0,15.23121631055906,23.672545369337545
1717.0,25.83333333333333,68.79599386528413,0.3755063613721461,240.5,150.83333333333331,18.5,71.16666666666667,257.4377782152289,8.666666666666666,142.16666666666666,3.0,15.5,13.666666666666666,7.833333333333333,9.333333333333334,40.333333333333336,4.545005407753501,0.0,10.559035041450212,1.8337377660251848
1718.0,465.0,1510.0726934988334,0.3079321955836421,61.83333333333333,0.1666666666666666,0.0,61.66666666666666,116.72407113176166,0.0,0.1666666666666666,0.0,0.0,0.1666666666666666,61.5,0.0,0.0,0.0,0.0,20.8827993419744,34.00793845645393
1719.0,688.0,2237.902922903708,0.3074306722417213,0.0,0.0,0.0,0.0,78.28305261088181,0.0,0.0,0.0,0.0,0.0,0.0,0.0,0.0,0.0,0.0,27.27114492620092,51.01190768468089
1720.0,535.5,1335.0200544010174,0.4011175699081632,107.5,18.0,7.833333333333333,81.66666666666667,176.02642523120264,12.833333333333334,5.166666666666667,0.3333333333333333,7.5,2.1666666666666665,0.0,55.333333333333336,24.166666666666668,3.0297700334287305,0.0,25.487315837239876,40.00933936053404
1721.0,0.0,0.0,0.0,6027.0,3079.166666666667,112.66666666666666,2835.1666666666665,6270.221545659337,1881.6666666666667,1197.5,54.66666666666666,58.0,682.6666666666666,201.66666666666663,381.0,1569.8333333333333,0.0,0.0,243.2215456593376,0.0
1722.0,720.0,2278.961866661381,0.3159333249637832,356.8333333333333,22.333333333333336,16.166666666666668,318.3333333333333,453.53933289146255,19.666666666666668,2.6666666666666665,1.6666666666666667,14.5,14.333333333333334,94.33333333333331,165.66666666666666,44.0,1.0099233444762437,0.0,42.68370156094539,53.01237465270759
1723.0,693.0,2185.6670103419283,0.31706568142399066,382.0,81.5,15.0,285.5,475.62251705917527,45.0,36.5,1.8333333333333333,13.166666666666666,42.333333333333336,86.0,27.0,130.16666666666666,0.0,0.0,42.61060937449435,51.01190768468089
1724.0,742.1666666666666,1591.7854509773313,0.46624792694956974,206.5,35.5,3.5,167.5,299.11647529315985,26.33333333333333,9.166666666666666,2.5,1.0,6.5,79.16666666666667,50.833333333333336,31.0,0.0,0.0,37.60363367242552,55.0128416207343
1725.0,1076.0,2639.494524905634,0.40765381016975916,1607.3333333333337,327.83333333333337,72.16666666666666,1207.3333333333337,1804.7282765609727,186.5,141.33333333333334,7.833333333333333,64.33333333333333,143.83333333333334,317.1666666666667,175.0,571.3333333333334,1.0099233444762437,0.0,116.5335578832287,79.8514619999343
1726.0,1219.5,2785.876901702092,0.4377436774951973,1647.3333333333337,427.8333333333333,92.33333333333331,1127.1666666666667,1915.8337876800424,309.5,118.33333333333331,23.5,68.83333333333333,173.33333333333334,204.33333333333331,220.16666666666663,529.3333333333334,0.5057364242500423,0.0,177.47354180154812,90.52117612091077
1727.0,754.4999980474325,1766.0862059146573,0.42721583777767885,1092.3333305064882,248.9999993556139,65.49999983049283,777.8333313203816,1254.032548411286,134.499999651928,114.49999970368592,12.499999967651302,52.99999986284152,156.833332927465,161.1666662495841,39.83333323024882,419.99999891308374,1.0099233418626672,0.0,104.67605290707567,56.0132416558589
1728.0,1002.8333333333334,2964.6308545732504,0.33826583562211765,38.0,15.833333333333334,1.0,21.166666666666664,245.0864724110788,15.333333333333334,0.5,0.1666666666666666,0.8333333333333334,6.0,0.1666666666666666,2.333333333333333,12.666666666666666,48.81159895839526,0.0,83.9241373204853,74.35073613219824
1729.0,838.3333333333334,2426.535026580442,0.345485774633446,0.0,0.0,0.0,0.0,100.28758814513311,0.0,0.0,0.0,0.0,0.0,0.0,0.0,0.0,4.880431192202278,0.0,33.22661431566389,62.18054263726697
1730.0,658.1666666666666,1698.4251642739948,0.38751584733378885,780.0,499.6666666666666,54.0,226.33333333333331,901.238770006611,277.5,222.16666666666663,3.1666666666666665,50.833333333333336,31.5,13.333333333333334,28.5,153.0,5.722146755208705,0.0,66.83842435395528,48.67819889744717
1731.0,895.5,2373.6172229965564,0.37727228776570904,0.0,0.0,0.0,0.0,102.8449922684525,0.0,0.0,0.0,0.0,0.0,0.0,0.0,0.0,0.0,0.0,36.49626145242599,66.3487308160265
1732.0,734.5,1938.2450590052288,0.37895104986206934,83.0,0.3333333333333333,0.0,82.66666666666667,176.75058910584,0.3333333333333333,0.0,0.0,0.0,0.6666666666666666,80.83333333333333,0.1666666666666666,1.0,0.0,0.0,39.237801719597904,54.51278738624209
1733.0,508.8333333333333,1353.510366837722,0.3759360443778112,652.9999999999999,83.66666666666667,41.0,528.3333333333333,745.7351517187249,58.5,25.166666666666668,9.833333333333334,31.166666666666668,73.83333333333333,157.0,10.5,287.0,0.6729544272290026,0.0,54.22004158316128,37.84215570833454
1734.0,863.1666666666666,1886.0039398849465,0.45766959888711745,422.33333333333337,104.0,18.833333333333336,299.5,538.3316969337434,41.66666666666666,62.333333333333336,9.333333333333334,9.5,40.833333333333336,138.66666666666666,14.666666666666666,105.33333333333331,1.0099233444762437,0.0,50.97349727907942,64.01494297685446
1735.0,612.8333333333334,2379.190195343037,0.2575806400568046,82.83333333333333,3.0,2.0,77.83333333333333,161.13468585985945,2.833333333333333,0.1666666666666666,2.0,0.0,3.0,63.66666666666666,11.0,0.1666666666666666,5.049616722381217,0.0,27.57444558705039,45.6772902170945
1736.0,137.0,337.12033773287175,0.40638307650414257,33.0,10.0,0.1666666666666666,22.83333333333333,49.74084448759594,10.0,0.0,0.0,0.1666666666666666,2.0,2.1666666666666665,7.0,11.666666666666666,0.0,0.0,6.738509647462436,10.002334840133509
1737.0,1.0,1.0,1.0,1822.0,108.66666666666669,936.6666666666666,776.6666666666667,1897.288799385897,77.5,31.166666666666668,308.0,628.6666666666666,133.83333333333334,152.66666666666666,27.666666666666668,462.5,3.0297700334287305,0.0,72.2590293524681,0.0
1738.0,471.3333333333333,1394.5204683459278,0.33798954123089525,433.8333333333333,67.83333333333333,20.0,346.0,504.7209154459067,30.166666666666668,37.66666666666666,0.5,19.5,46.0,37.16666666666666,150.0,112.83333333333331,0.0,0.0,35.87941017210614,35.00817194046728
1739.0,684.0,1577.5412706432107,0.43358612083797515,501.5,46.333333333333336,105.83333333333331,349.3333333333333,609.5073055867244,16.166666666666668,30.166666666666668,14.5,91.33333333333331,27.666666666666668,162.0,53.0,106.66666666666669,0.0,0.0,56.99539790204356,51.01190768468089
1740.0,485.0,1043.361618680498,0.4648436278625642,665.6666666666667,122.83333333333334,153.66666666666666,389.1666666666667,787.7772833775028,101.16666666666669,21.666666666666668,114.0,39.66666666666666,69.16666666666667,24.33333333333333,27.666666666666668,268.0,0.0,0.0,85.7687779180098,36.341838792826216
1741.0,713.0,1929.369084553016,0.3695508576914838,962.8333333333331,211.16666666666663,98.16666666666669,653.5,1082.27274400781,173.16666666666666,38.0,0.6666666666666666,97.5,210.16666666666663,274.1666666666667,34.166666666666664,135.0,0.0,0.0,66.42703602176901,53.01237465270759
1742.0,479.1666666666667,1199.215150856697,0.39956688866410583,617.1666666666666,71.5,34.166666666666664,511.5,696.9659170472694,38.66666666666666,32.833333333333336,9.166666666666666,25.0,88.83333333333333,115.66666666666669,17.0,290.0,0.0,0.0,44.1242658172769,35.67498456332583
1743.0,154.16666666666666,400.8122036394428,0.384635660458457,663.5,49.66666666666666,28.666666666666668,585.1666666666666,707.238370478697,25.33333333333333,24.33333333333333,1.0,27.666666666666668,19.666666666666668,427.0,15.333333333333334,123.16666666666669,0.0,0.0,32.40150197372638,11.336868504970669
1744.0,279.5000015109522,799.9344246441927,0.3494036422238892,1071.500005792434,176.50000095414333,160.0000008649458,735.0000039733447,1155.8294269889263,129.1666673649302,47.33333358921313,54.83333362975747,105.16666723518836,68.33333370273726,326.8333351001653,19.66666677298292,320.16666839745926,0.0,0.0,63.823771756777475,20.505649439715047
1745.0,343.8333308760905,916.1942729691897,0.37528430489070863,1164.1666583468214,108.66666589006834,72.83333281282188,982.6666596439312,1292.9857167372475,77.33333278066215,31.333333109406208,38.666666390331066,34.16666642249081,236.9999983062534,242.83333159789814,148.99999893515508,353.8333308046244,9.930607569146296,0.0,93.55053058135995,25.33792023991948
1746.0,869.0,2842.338948267161,0.30573412102373926,169.83333333333331,0.0,0.0,169.83333333333331,275.02586788373344,0.0,0.0,0.0,0.0,0.1666666666666666,169.66666666666666,0.0,0.0,0.0,0.0,41.17759157354566,64.01494297685446
1747.0,513.3333333333334,1736.839942990229,0.29555592350643056,0.0,0.0,0.0,0.0,61.38632786562533,0.0,0.0,0.0,0.0,0.0,0.0,0.0,0.0,3.0297700334287305,0.0,20.34768543968927,38.008872392507335
1748.0,245.16666666666663,654.6024799905454,0.37452755551767486,0.0,0.0,0.0,0.0,27.72234487619307,0.0,0.0,0.0,0.0,0.0,0.0,0.0,0.0,0.0,0.0,9.718142163952754,18.004202712240314
1749.0,762.9999991165688,2335.9620497640253,0.326632018355626,73.99999991431991,0.0,0.0,73.99999991431991,164.19055883939626,0.0,0.0,0.0,0.0,0.999999998842161,67.99999992126695,4.999999994210805,0.0,0.0,0.0,33.17725040232761,57.013308522748765
1750.0,794.0000006551858,2549.7884626680116,0.3113983815835339,0.0,0.0,0.0,0.0,90.48647779283486,0.0,0.0,0.0,0.0,0.0,0.0,0.0,0.0,0.0,0.0,31.472702187350706,59.013775605484156
1751.0,680.5,2014.9098840385047,0.3377322258383421,4.0,0.0,4.0,0.0,81.31090136198435,0.0,0.0,3.0,1.0,0.0,0.0,0.0,0.0,0.0,0.0,27.13246877295046,50.17843258903389
1752.0,226.33333333333331,568.3775568641133,0.3982094834674211,128.83333333333331,5.0,5.0,118.83333333333331,159.91532901244142,3.5,1.5,0.1666666666666666,4.833333333333333,11.333333333333334,80.5,1.6666666666666667,25.33333333333333,0.0,0.0,14.078026450881104,17.003969228226964
1753.0,409.5,1032.6515144671805,0.39655197737379067,266.5,19.333333333333336,17.166666666666668,230.0,327.4728975899577,11.333333333333334,8.0,5.333333333333333,11.833333333333334,68.0,84.83333333333333,10.0,67.16666666666667,0.6728127248721573,0.0,29.95977199136841,30.340312873717163
1754.0,766.8333355008643,2555.458545230608,0.3000766093161822,1740.0000049182838,177.50000050172147,296.16666750381125,1266.3333369127513,2328.9039037882276,131.83333370597342,45.66666679574805,154.66666710384743,141.50000039996388,262.3333340748447,122.66666701339626,192.00000054270717,689.3333352818029,0.0,0.0,531.8925568313749,57.01134203856825
1755.0,398.1666666666667,911.4975202122964,0.4368269335213659,656.6666666666666,88.16666666666666,36.0,532.5,811.882116491668,62.16666666666666,26.0,22.0,14.0,124.16666666666669,99.16666666666669,40.66666666666666,268.5,16.324724702619687,0.0,109.21720399721076,29.673521125170733
1756.0,267.8333333333333,903.1939370117092,0.29654022503680855,375.50000000000006,10.5,16.5,348.50000000000006,432.0756866937458,7.0,3.5,1.5,15.0,38.333333333333336,49.5,204.0,56.66666666666666,7.236964106357335,0.0,29.33405290712139,20.00466968026701
1757.0,0.0,0.0,0.0,87.83333333333334,15.333333333333334,6.0,66.5,95.35089152082332,11.333333333333334,4.0,2.1666666666666665,3.8333333333333335,21.33333333333333,3.5,4.166666666666667,37.5,4.039693377904974,0.0,3.477864809585028,0.0
1758.0,383.1666666666667,1124.7648427652937,0.34066380108808453,328.0,19.166666666666668,2.666666666666667,306.1666666666667,384.1952700492207,2.1666666666666665,17.0,0.3333333333333333,2.333333333333333,5.833333333333333,283.6666666666667,2.5,14.166666666666666,0.0,0.0,28.188732496846843,28.006537552373825
1759.0,5.0,13.23540341606646,0.37777465807581645,840.5,86.66666666666667,378.5,375.3333333333333,880.073258346402,79.0,7.666666666666667,67.66666666666667,310.8333333333333,22.0,42.16666666666666,21.166666666666668,290.0,6.059540066857461,0.0,33.51371827954463,0.0
1760.0,1368.3333333333333,3853.374885130892,0.35509997706513147,2550.333333333333,258.6666666666667,134.16666666666669,2157.5,2886.8718411391005,162.5,96.16666666666669,22.0,112.16666666666669,314.0,199.5,1006.1666666666666,637.8333333333334,0.0,0.0,235.3479258816325,101.19058192413446
1761.0,322.1666666666667,785.1327776804786,0.4103339916828401,525.6666666666667,36.66666666666667,256.16666666666663,232.83333333333337,586.1120347838623,31.666666666666668,5.0,239.66666666666663,16.5,35.833333333333336,47.5,41.833333333333336,107.66666666666669,0.0,0.0,36.4397645008753,24.005603616320418
1762.0,56.333333333333336,145.13865520773456,0.38813459620873825,480.6666666666666,138.66666666666666,12.666666666666666,329.3333333333333,505.9535590405832,103.5,35.166666666666664,1.5,11.166666666666666,37.833333333333336,87.83333333333333,25.0,178.66666666666666,0.0,0.0,21.285958437863226,4.000933936053404
1763.0,228.16666666666663,574.3278163122496,0.3972760158679435,1870.0,436.0,77.66666666666666,1356.3333333333333,1970.1708914868436,357.8333333333333,78.16666666666667,5.833333333333333,71.83333333333333,211.66666666666663,236.16666666666663,233.5,675.0,0.0,0.0,83.1669222586166,17.003969228226964
1764.0,477.8333333333333,1202.0001817067805,0.397531831197258,2275.666666666667,559.3333333333334,113.33333333333334,1603.0,2420.485324699737,298.6666666666667,260.6666666666667,9.666666666666666,103.66666666666669,417.6666666666667,324.5,100.5,760.3333333333334,0.0,0.0,109.81048609260304,35.00817194046728
1765.0,454.99999778403446,1233.6596755144672,0.368821326346983,367.4999982101817,7.166666631763179,13.166666602541655,347.1666649758768,445.877007692245,6.833333300053265,0.3333333317099153,0.499999997564873,12.666666604976783,116.8333327643253,85.8333329153032,0.999999995129746,143.49999930111855,10.26673408978446,0.0,34.26909548900643,33.84117990327243
1766.0,274.8333333333333,618.7893488941951,0.4441468390244161,2479.0,366.83333333333337,146.33333333333334,1965.8333333333333,2915.697131680668,241.83333333333331,125.0,85.16666666666667,61.16666666666666,523.0,166.83333333333334,146.33333333333334,1129.6666666666667,70.5482122587619,0.0,345.643753672846,20.5051657490602
1767.0,742.8333333333334,1896.88904816068,0.39160610582554756,2496.0,75.83333333333333,1625.3333333333333,794.8333333333333,2692.6826205444595,59.0,16.833333333333332,466.3333333333333,1159.0,154.16666666666666,114.33333333333331,28.0,498.3333333333333,13.129003478191166,0.0,128.37417125856155,55.17944580770686
1768.0,1511.6666666666667,3386.224434801832,0.4464165609138463,744.5,112.33333333333334,78.66666666666667,553.5,1001.1513946717986,72.16666666666667,40.16666666666666,33.833333333333336,44.833333333333336,135.66666666666666,45.66666666666666,49.5,322.6666666666667,21.545088488985417,0.0,123.08417240666412,112.02213377614892
1769.0,0.0,0.0,0.0,1514.0000000000002,81.16666666666667,1109.8333333333337,323.0,1578.8286768975754,76.16666666666667,5.0,881.8333333333334,228.0,47.66666666666666,62.5,6.333333333333333,206.5,3.0297700334287305,1.785849413466203,60.01305745068055,0.0
1770.0,0.0,0.0,0.0,1474.4999992819996,135.33333326743343,1165.999999432222,173.16666658234402,1579.0441973262573,127.83333327108551,7.4999999963479125,893.1666662317435,272.8333332004785,16.333333325379897,10.999999994643604,7.166666663176894,138.6666665991436,11.109156783829128,0.0,93.43504126042873,0.0
1771.0,771.000004252399,2129.0180350518162,0.3621387849040153,87.3333338150145,3.500000019304016,47.83333359715488,36.0000001985556,178.36853827271347,2.833333348960394,0.6666666703436221,4.166666689647639,43.66666690750724,3.3333333517181103,4.333333357233544,3.6666666868899216,24.66666680271402,0.0,0.0,34.02189555448487,57.013308903214096
1772.0,314.00000008865936,897.0665621107961,0.3500297674119275,0.0,0.0,0.0,0.0,35.4517938441006,0.0,0.0,0.0,0.0,0.0,0.0,0.0,0.0,0.0,0.0,12.446423705297866,23.00537013880274
1773.0,493.0,1428.5418280651495,0.3451071507424677,7.666666666666666,1.1666666666666663,0.3333333333333333,6.166666666666666,65.52995423352544,0.5,0.6666666666666666,0.3333333333333333,0.0,2.1666666666666665,0.5,0.0,3.5,1.0099233444762437,0.0,19.84472531388856,37.00863890849399
1774.0,152.0,428.709554779833,0.3545523963842157,758.1666666666666,157.33333333333331,165.33333333333334,435.5,805.2475254846687,124.33333333333331,33.0,2.5,162.83333333333334,65.83333333333333,73.66666666666667,134.5,161.5,0.0,0.0,36.07829049385518,11.00256832414686
1775.0,330.0,932.007989714458,0.35407421786277077,396.5,169.0,28.666666666666668,198.8333333333333,449.301806859741,64.66666666666667,104.33333333333331,0.5,28.166666666666668,25.83333333333333,20.666666666666668,19.666666666666668,132.66666666666666,0.0,0.0,28.79620324342062,24.005603616320418
1776.0,10.0,28.66587117669413,0.3488468896814893,235.0,5.5,53.0,176.5,245.71250672087723,4.833333333333333,0.6666666666666666,5.0,48.0,58.16666666666666,84.5,3.5,30.33333333333333,0.0,0.0,9.712273236863863,1.0002334840133509
1777.0,320.5,853.1933400874051,0.37564756420527906,298.6666666666667,30.5,4.166666666666667,264.0,347.2220554723817,3.5,27.0,0.6666666666666666,3.5,17.0,4.166666666666667,209.16666666666663,33.666666666666664,0.0,0.0,24.549785189394665,24.005603616320418
1778.0,184.0,472.6495177560959,0.3892948010896958,178.99999999999997,0.0,0.0,178.99999999999997,208.4019032632148,0.0,0.0,0.0,0.0,1.0,90.83333333333331,74.0,13.166666666666666,1.0099233444762437,0.0,14.38871114255167,14.003268776186912
1779.0,993.8333333333334,2027.5136178620824,0.4901734442510348,646.6666666666667,137.0,16.5,493.1666666666667,791.2111739926523,116.5,20.5,1.6666666666666667,14.833333333333334,57.16666666666666,36.66666666666666,36.66666666666666,362.6666666666667,0.0,0.0,70.52722950899756,74.01727781698797
1780.0,544.8333333333334,1371.668121369189,0.3972049250437378,2260.5,405.0,225.66666666666669,1629.8333333333337,2416.707225219523,238.16666666666663,166.83333333333334,8.333333333333334,217.33333333333331,362.6666666666667,157.5,219.83333333333331,889.8333333333334,0.0,0.0,116.03128167201658,40.1759435475066
1781.0,303.1666666666667,823.9184419933989,0.36795713169519706,976.0,198.3333333333333,55.333333333333336,722.3333333333333,1058.544081446446,128.5,69.83333333333333,18.5,36.833333333333336,165.16666666666666,123.83333333333331,150.66666666666666,282.6666666666667,0.0,0.0,60.03886553864046,22.505215907805432
1782.0,9.0,23.000185807312977,0.3913011866686061,1458.0,45.0,933.3333333333334,479.6666666666666,1517.1487617793816,36.16666666666666,8.833333333333334,586.3333333333334,347.0,40.66666666666666,56.833333333333336,74.33333333333333,307.8333333333333,0.0,0.0,58.148528295368656,1.0002334840133509
1783.0,0.0,0.0,0.0,306.1666666666667,43.33333333333333,17.0,245.83333333333331,359.28994654385383,32.166666666666664,11.166666666666666,12.833333333333334,4.166666666666667,66.66666666666667,13.166666666666666,15.5,150.5,21.375890929024745,19.644343549466857,12.103045398695617,0.0
1784.0,0.0,0.0,0.0,3.9999999990097144,0.1666666666254047,0.4999999998762143,3.333333332508095,4.158553167146047,0.0,0.1666666666254047,0.0,0.4999999998762143,0.9999999997524286,1.1666666663778333,0.1666666666254047,0.9999999997524286,0.0,0.0,0.15855316813633347,0.0
1785.0,0.0,0.0,0.0,655.6666666666667,81.33333333333333,202.33333333333331,372.0,1215.6521667704496,55.5,25.83333333333333,193.83333333333331,8.5,112.83333333333331,26.0,30.666666666666668,202.5,0.0,0.0,559.9855001037828,0.0
1786.0,27.166666666666668,74.93608550918883,0.36253116882300224,1649.333333333333,186.66666666666663,400.5,1062.1666666666663,1740.7873481412496,155.16666666666666,31.5,14.333333333333334,386.1666666666667,332.5,176.0,22.0,531.6666666666666,0.0,0.0,89.28700203628459,2.167012771631664
1787.0,654.5,1754.4834815731735,0.3730442645223064,1893.0,524.3333333333334,153.66666666666669,1215.0,2047.4913127899747,413.1666666666667,111.16666666666669,9.833333333333334,143.83333333333334,211.66666666666663,243.5,102.66666666666669,657.1666666666666,0.0,0.0,105.81337634286258,48.67793644711227
1788.0,575.6666666666666,1187.1461022077244,0.484916444232184,0.0,0.0,0.0,0.0,71.82772909086425,0.0,0.0,0.0,0.0,0.0,0.0,0.0,0.0,0.0,0.0,29.151051853629088,42.67667723723517
1789.0,720.8333333333334,1548.627559363404,0.46546590816816347,1548.3333333333337,457.0,13.5,1077.8333333333337,1691.791869591658,180.83333333333331,276.1666666666667,1.8333333333333333,11.666666666666666,62.333333333333336,39.333333333333336,174.83333333333334,801.3333333333334,0.0,0.0,89.94606566693112,53.51247059139335
1790.0,0.0,0.0,0.0,4737.000003187689,211.8333334758832,856.0000005760317,3669.166669135774,4924.762731020188,147.33333343247898,64.50000004340426,13.333333342305789,842.6666672337258,1332.1666675631272,862.8333339139634,60.16666670715486,1414.0000009515288,0.0,0.0,187.76272783249874,0.0
1791.0,57.5,122.28239239294209,0.47022305398826,958.6666666666669,149.5,341.5,467.6666666666667,1005.4426662801728,75.16666666666667,74.33333333333333,211.66666666666663,129.83333333333334,119.5,34.333333333333336,24.33333333333333,289.5,0.0,0.0,42.44131557299077,4.33468404051514
1792.0,1006.1666666666666,1478.195347544606,0.6806723267922506,1502.0,351.6666666666667,160.16666666666666,990.1666666666664,1761.085407213715,267.1666666666667,84.5,58.833333333333336,101.33333333333331,420.3333333333333,53.833333333333336,48.66666666666666,467.3333333333333,0.0,0.0,184.56861273140603,74.51679448230888
1793.0,370.3333333333333,676.1353021980487,0.5477207477991703,650.8333333333333,80.66666666666667,30.5,539.6666666666666,722.3177733251687,49.333333333333336,31.33333333333333,1.3333333333333333,29.166666666666668,109.33333333333331,106.0,24.83333333333333,299.5,0.0,0.0,43.97794416676303,27.50649582507241
1794.0,591.5,1085.0706720819037,0.5451257832497681,1054.0,196.16666666666669,35.166666666666664,822.6666666666666,1168.5366086505444,60.833333333333336,135.33333333333334,3.6666666666666665,31.5,165.5,149.16666666666666,107.33333333333331,400.6666666666667,0.0,0.0,70.69296872729431,43.84363992325003
1795.0,523.5,1032.163160372499,0.5071872549792159,1924.5,1063.0,25.5,836.0,2130.0260480066345,632.6666666666666,430.3333333333333,3.0,22.5,282.0,34.166666666666664,29.33333333333333,490.5,0.0,0.0,166.84950869661915,38.67653931001538
1796.0,843.8333333333334,1646.5019741560473,0.5125006508211809,332.3333333333333,97.33333333333331,14.833333333333334,220.16666666666663,465.6485814731173,10.5,86.83333333333333,7.166666666666667,7.666666666666667,43.66666666666666,42.0,33.0,101.5,0.0,0.0,70.80040948303848,62.51483865674546
1797.0,1091.999999924117,2329.778713661341,0.4687140428920801,0.0,0.0,0.0,0.0,124.30392710837872,0.0,0.0,0.0,0.0,0.0,0.0,0.0,0.0,0.0,0.0,43.28501490892731,81.0189121994514
1798.0,0.0,0.0,0.0,1198.3333333333337,654.1666666666667,20.83333333333333,523.3333333333333,1245.8336382916318,504.6666666666667,149.5,1.5,19.33333333333333,83.83333333333333,65.66666666666667,29.0,344.8333333333333,0.0,0.0,47.50030495829832,0.0
1799.0,673.0,1482.1309834847295,0.4540759268237334,143.5,30.166666666666668,39.16666666666667,74.16666666666666,226.7365874305586,26.5,3.6666666666666665,20.0,19.166666666666668,17.666666666666668,7.5,12.833333333333334,36.16666666666666,0.0,0.0,33.39158005912831,49.84500737143032
1800.0,364.5,881.9551545595331,0.41328631973588154,1606.6666666666667,138.16666666666666,274.8333333333333,1193.6666666666667,1766.13368169079,107.33333333333331,30.83333333333333,226.16666666666663,48.66666666666666,76.83333333333333,32.0,587.1666666666666,497.6666666666667,0.0,0.0,132.46062348358222,27.006391540541184
1801.0,982.8333333333334,1784.550686243431,0.550745541109985,995.0,270.83333333333337,69.0,655.1666666666667,1152.9187669537716,73.5,197.33333333333331,5.833333333333333,63.16666666666666,124.0,115.5,54.16666666666666,361.5,0.0,0.0,85.06858098853485,72.85018596523675
1802.0,542.6666666666666,995.6151072471836,0.5450566817603919,2230.333333333333,465.6666666666666,172.16666666666666,1592.5,2388.924368347979,320.8333333333333,144.83333333333334,97.33333333333331,74.83333333333333,244.66666666666663,237.83333333333331,274.3333333333333,835.6666666666666,0.0,0.0,118.41479151838728,40.17624349625904
1803.0,546.1666666666666,1123.3303684688171,0.48620306367318494,692.3333333333333,102.16666666666669,41.5,548.6666666666666,787.2680234134484,79.5,22.666666666666668,12.5,29.0,76.0,67.16666666666667,195.83333333333331,209.66666666666663,0.0,0.0,54.258454785887125,40.67623529422798
1804.0,372.83333330710747,836.0767906689216,0.4459319257132039,118.83333332497438,23.16666666503708,9.333333332676808,86.33333332726049,167.99481884754945,21.166666665177765,1.999999999859316,5.666666666268062,3.666666666408746,29.666666664579857,8.166666666092206,15.833333332219587,32.666666664368826,0.0,0.0,21.488268843293245,27.673216679281875
1805.0,248.83333333333331,590.4651809431709,0.4214191477571345,631.0,187.16666666666663,11.5,432.33333333333337,712.8826912819176,40.5,146.66666666666666,3.0,8.5,26.0,168.5,71.66666666666667,166.16666666666666,0.0,0.0,63.54518020572266,18.33751107619489
1806.0,1000.6666666666666,2144.7000989901726,0.46657650043371024,725.6666666666666,297.6666666666667,36.333333333333336,391.6666666666666,873.7745749316662,240.5,57.16666666666666,22.0,14.333333333333334,56.0,26.666666666666668,46.16666666666666,262.8333333333333,0.0,0.0,73.92389708466463,74.18401118033479
1807.0,402.3333333333333,864.475612816357,0.46540738381569835,527.6666666666666,37.5,3.1666666666666665,487.0,600.2043385108525,20.166666666666668,17.333333333333332,0.1666666666666666,3.0,201.5,101.0,30.166666666666668,154.33333333333334,0.0,0.0,42.53066732378532,30.007004520400525
1808.0,625.833334116296,1698.1445645699798,0.3685394913799788,1082.3333346874108,62.00000007756647,47.16666672567556,973.1666678841685,1426.7173534800008,40.50000005066842,21.50000002689805,6.666666675007148,40.50000005066842,249.5000003121425,296.50000037094287,19.00000002377037,408.1666671773126,0.0,0.0,298.0418037760786,46.34221501651166
1809.0,1433.3333333333333,3462.9505971860294,0.41390522131561747,255.66666666666663,16.0,44.66666666666666,195.0,429.1412500469602,10.333333333333334,5.666666666666667,2.6666666666666665,42.0,29.0,43.0,7.666666666666667,115.33333333333331,0.0,0.0,67.11647149953943,106.35811188075412
1810.0,281.3333333333333,369.7263440454726,0.760923147252748,202.16666666666663,8.5,77.66666666666666,116.0,242.3357689016229,6.666666666666667,1.8333333333333333,5.833333333333333,71.83333333333333,18.166666666666668,57.0,4.666666666666667,36.16666666666666,0.0,0.0,19.16419907067592,21.004903164280368
1811.0,278.0,615.6536115334128,0.45155261788781426,292.5,2.0,11.0,279.5,339.9510844687873,1.6666666666666667,0.3333333333333333,1.3333333333333333,9.666666666666666,2.333333333333333,250.0,18.166666666666668,9.0,0.0,0.0,26.612939692873294,20.838144775914014
1812.0,221.33333319480593,493.098793970536,0.44886204529640605,363.166666439369,85.16666661336282,47.6666666368332,230.33333318917303,406.5037817239908,52.16666663401675,32.999999979346065,2.9999999981223695,44.66666663871083,28.49999998216251,41.33333330746376,22.49999998591777,137.999999913629,0.0,0.0,26.833187794025637,16.503927490596126
1813.0,781.8333333333334,1618.9635824738998,0.4829221248686968,342.83333333333337,47.5,34.333333333333336,261.0,450.2601450972158,40.16666666666666,7.333333333333333,2.0,32.333333333333336,57.333333333333336,47.833333333333336,5.833333333333333,150.0,0.0,0.0,49.24666550413554,58.18014625974691
1814.0,425.5,1246.8393881641034,0.3412628795971255,606.0,101.66666666666669,73.33333333333333,431.0,687.560621096947,79.5,22.166666666666668,13.166666666666666,60.16666666666666,63.833333333333336,124.5,22.666666666666668,220.0,0.0,0.0,49.71988297186655,31.84073812508039
1815.0,555.1666666666666,1137.821373699714,0.4879207575979166,297.6666666666667,37.333333333333336,119.5,140.83333333333334,372.4810870186669,34.833333333333336,2.5,92.5,27.0,20.83333333333333,33.0,5.333333333333333,81.66666666666667,0.0,0.0,33.80484750745288,41.009572844547385
1816.0,458.4999999286158,1041.9761627459575,0.44002926009392973,111.49999998264049,2.999999999532928,1.9999999996886186,106.49999998341895,174.26900488686834,2.166666666329337,0.8333333332035912,0.0,1.9999999996886186,6.3333333323472925,4.999999999221546,79.33333332098186,15.833333330868232,0.0,0.0,28.594362276112644,34.17464262811526
1817.0,281.0,742.7310877430879,0.37833343000878733,441.6666666666667,96.83333333333331,23.166666666666664,321.6666666666667,492.65035652359336,79.5,17.333333333333332,3.333333333333333,19.83333333333333,58.833333333333336,49.333333333333336,11.666666666666666,201.83333333333331,0.0,0.0,29.978786692646352,21.004903164280368
1818.0,207.83333333333331,506.229855099881,0.4105513162441339,468.1666666666666,30.666666666666664,136.0,301.5,509.9657986343192,22.33333333333333,8.333333333333334,32.5,103.5,57.16666666666666,63.5,14.833333333333334,166.0,0.0,0.0,26.79562970745234,15.003502260200262
1819.0,226.66666666666663,571.8684453741618,0.3963615557042377,0.0,0.0,0.0,0.0,28.331236552304905,0.0,0.0,0.0,0.0,0.0,0.0,0.0,0.0,1.0099233444762437,0.0,10.484077342948536,16.837235864880125
1820.0,344.6666666666667,785.8102359808596,0.438613103883088,68.83333333333334,5.333333333333333,5.333333333333333,58.16666666666667,111.89599763055614,4.0,1.3333333333333333,0.3333333333333333,5.0,16.666666666666668,5.333333333333333,1.6666666666666667,34.5,0.0,0.0,17.390085464588868,25.672578832633928
1821.0,141.5,374.4248950069248,0.37791290559721735,401.0,29.5,17.333333333333332,354.16666666666663,433.3388512122689,26.0,3.5,14.166666666666666,3.1666666666666665,2.6666666666666665,46.0,1.6666666666666667,303.8333333333333,0.0,0.0,22.00317882181593,10.335672390452917
1822.0,356.0,667.1604964413065,0.533604735140848,347.0,18.833333333333336,18.5,309.6666666666667,410.7057634286369,12.333333333333334,6.5,2.1666666666666665,16.333333333333332,55.333333333333336,28.5,91.83333333333331,134.0,0.0,0.0,37.19965111698836,26.506112311648533
1823.0,468.3333333333333,1132.517919850847,0.41353282374111394,1050.6666666666663,222.66666666666663,175.33333333333334,652.6666666666666,1156.0420325470234,176.66666666666666,46.0,3.333333333333333,172.0,128.0,100.83333333333331,118.0,305.8333333333333,0.0,0.0,70.70038563466058,34.67498024569619
1824.0,932.0,2154.537339883913,0.4325754688708326,1179.5,161.16666666666669,116.83333333333331,901.5,1352.8832776178588,124.66666666666669,36.5,30.0,86.83333333333333,168.33333333333334,171.66666666666666,163.16666666666666,398.3333333333333,0.0,0.0,104.20041706834796,69.1828605495107
1825.0,1234.0,2645.955939783618,0.4663720893632547,480.5,85.33333333333333,38.66666666666666,356.5,644.4728285605441,28.33333333333333,57.0,26.83333333333333,11.833333333333334,70.16666666666667,41.66666666666666,44.333333333333336,200.33333333333331,0.0,0.0,72.45138558663403,91.52144297391013
1826.0,15.166666666666666,34.52214673000756,0.4393315046507058,8982.166666666666,233.0,727.1666666666667,8022.0,9339.813113957343,112.66666666666669,120.33333333333331,14.833333333333334,712.3333333333334,3350.1666666666665,558.6666666666666,339.0,3774.1666666666665,0.0,0.0,356.6463971944249,1.0000500962547287
1827.0,414.1666666666667,942.466764222328,0.43944962558803263,125.33333333333331,44.833333333333336,5.833333333333334,74.66666666666666,205.21803756394675,8.0,36.833333333333336,4.666666666666667,1.1666666666666667,20.83333333333333,11.833333333333334,5.333333333333333,36.66666666666666,0.0,0.0,49.21079544131144,30.673908789302004
1828.0,2098.0,4679.526395366878,0.4483359688017136,2024.0,222.16666666666669,167.83333333333334,1634.0,2375.976675546241,145.33333333333334,76.83333333333333,138.5,29.33333333333333,472.0,211.83333333333331,220.0,730.1666666666666,0.0,0.0,196.60608982861527,155.37058571762626
1829.0,853.9999996014025,1753.9852194578273,0.48689121785494954,739.4999996548445,29.83333331940887,35.49999998343066,674.1666663520049,866.0247496300678,24.6666666551537,5.1666666642551675,2.4999999988331454,32.999999984597515,220.33333323049453,135.1666666035787,92.66666662341527,225.99999989451635,0.0,0.0,63.17636119861577,63.348388776607784
1830.0,0.0,0.0,0.0,3653.1666666666665,202.33333333333331,189.33333333333331,3261.5,3797.971944661045,153.83333333333334,48.5,16.833333333333332,172.5,1067.0,369.6666666666667,114.66666666666669,1710.1666666666667,0.0,0.0,144.8052779943782,0.0
1831.0,1200.3333333333333,2959.415020087128,0.4055981757158191,47.83333333333333,0.6666666666666666,4.166666666666666,42.99999999999999,188.162132731624,0.1666666666666666,0.5,1.0,3.1666666666666665,33.166666666666664,0.1666666666666666,9.166666666666666,0.5,0.0,0.0,51.30801932110243,89.02078007718823
1832.0,1.0,3.3333050398317616,0.3000025464367557,2663.0,1362.6666666666663,49.83333333333333,1250.5,2779.590755857538,1020.6666666666666,342.0,20.33333333333333,29.5,170.83333333333334,89.83333333333333,59.16666666666666,930.6666666666666,0.0,0.0,116.5907558575388,0.0
1833.0,595.5,1597.1981676555015,0.3728403976784695,884.1666666666666,103.16666666666669,11.5,769.5,1000.1640629443062,63.333333333333336,39.833333333333336,6.666666666666667,4.833333333333333,269.5,107.83333333333331,221.33333333333331,170.83333333333334,0.0,0.0,71.6538146170975,44.34358166054201
1834.0,798.8333333333334,2135.302720061802,0.3741077674036835,801.8333333333335,153.83333333333334,54.833333333333336,593.1666666666667,933.2878671817208,83.16666666666667,70.66666666666667,10.333333333333334,44.5,148.5,74.5,77.0,293.1666666666667,0.0,0.0,72.1075207312898,59.34701311709767
1835.0,684.5,1670.2778313111958,0.4098120607052877,1456.6666666666663,232.8333333333333,50.66666666666667,1173.1666666666663,1594.384688527609,155.5,77.33333333333333,11.833333333333334,38.833333333333336,117.66666666666669,458.3333333333333,124.66666666666669,472.5,0.0,0.0,86.872847539608,50.84517432133405
1836.0,777.6666666666666,1721.030655282438,0.45186101960458336,21.0,0.0,0.0,21.0,115.67029038315889,0.0,0.0,0.0,0.0,20.83333333333333,0.0,0.1666666666666666,0.0,0.0,0.0,36.99019835790417,57.68009202525472
1837.0,425.0,920.2224619605356,0.46184484466347053,312.0,26.33333333333333,15.166666666666666,270.5,378.3992389124781,13.666666666666666,12.666666666666666,0.6666666666666666,14.5,37.833333333333336,27.0,99.16666666666669,106.5,1.0099233444762437,0.0,33.881885806875964,31.507429761125817
1838.0,202.83333333333331,437.1295457148205,0.46401195096901554,96.16666666666666,1.0,9.5,85.66666666666666,125.85598968051175,1.0,0.0,0.0,9.5,6.333333333333333,9.5,53.0,16.833333333333332,0.0,0.0,14.685879039460715,15.003443974384387
1839.0,130.16666666666666,271.5404207743953,0.47936386890559257,62.66666666666667,2.166666666666667,25.666666666666668,34.833333333333336,86.1757638003109,1.0,1.1666666666666667,24.5,1.1666666666666667,4.5,6.5,10.333333333333334,13.5,3.0297700334287305,0.0,10.643708944254778,9.835618155960717
1840.0,714.1666655648024,1460.7044402007173,0.4889193500819836,176.99999972691256,0.833333332047611,2.9999999953713994,173.16666639949352,266.8369458204668,0.0,0.833333332047611,0.999999998457133,1.999999996914266,9.499999985342765,136.99999978862724,0.6666666656380886,25.99999995988546,0.0,0.0,36.82457152263771,53.01237457091655
1841.0,1048.3333333333333,2588.762980820897,0.404955316921639,735.6666666666667,273.5,246.83333333333331,215.33333333333331,920.5653878112446,18.666666666666668,254.83333333333331,233.83333333333331,13.0,57.5,47.833333333333336,10.833333333333334,99.16666666666669,0.0,0.0,107.21397611823024,77.68474502634768
1842.0,852.3333333333334,1852.9351313544264,0.45999091868386643,69.83333333333334,0.0,16.833333333333336,53.0,181.2325700528011,0.0,0.0,12.833333333333334,4.0,20.666666666666668,5.0,6.0,21.33333333333333,0.0,0.0,48.384656403000896,63.014580316466834
1843.0,348.0,1002.4389294065674,0.3471533175652028,300.83333333333337,7.0,6.666666666666666,287.1666666666667,361.5566328068901,5.5,1.5,0.8333333333333334,5.833333333333333,33.333333333333336,7.0,135.66666666666666,111.16666666666669,0.0,0.0,35.05067893672924,25.67262053682749
1844.0,358.66666608404086,810.7896281724072,0.44236711179015425,85.49999986111196,4.833333325481963,0.9999999983755785,79.66666653725443,138.2805492203446,4.833333325481963,0.0,0.9999999983755785,0.0,26.833333289744687,2.166666663147087,22.999999962638306,27.66666662172434,0.0,0.0,26.274399558430957,26.50614980080168
1845.0,536.3333333333334,1593.7582365750452,0.3365211366599134,10.5,0.5,0.0,10.0,81.3514101292748,0.5,0.0,0.0,0.0,0.0,0.0,10.0,0.0,0.0,0.0,31.00877494572278,39.84263518355203
1846.0,916.0,2065.385262076179,0.443500792234381,484.8333333333333,170.66666666666666,155.66666666666666,158.5,619.7049061020091,162.0,8.666666666666666,148.0,7.666666666666667,21.0,72.0,14.5,51.0,0.0,0.0,67.0221875455402,67.84938522313551
1847.0,643.6666666666666,1496.303175830176,0.4301712895246304,126.66666666666666,0.1666666666666666,41.0,85.5,227.04484582137005,0.1666666666666666,0.0,0.3333333333333333,40.66666666666666,22.0,0.1666666666666666,39.333333333333336,24.0,0.0,0.0,52.700309472381946,47.67786968232144
1848.0,205.16666666666663,445.6437610937125,0.46038267463487054,16.833333333333332,3.333333333333333,0.1666666666666666,13.333333333333334,52.96854776591417,2.1666666666666665,1.1666666666666667,0.1666666666666666,0.0,4.166666666666667,0.5,0.1666666666666666,8.5,0.0,0.0,20.965241246851736,15.169973185729098
1849.0,269.5,583.2693477449593,0.4620506821452955,1225.8333333333333,163.16666666666666,14.166666666666666,1048.5,1307.776447299605,26.666666666666668,136.5,2.0,12.166666666666666,319.1666666666667,17.5,201.16666666666663,510.6666666666667,0.0,0.0,61.93844428600492,20.00466968026701
1850.0,487.8333333333333,1045.5048686236505,0.4666007284839706,127.66666666666669,18.5,8.666666666666668,100.5,192.23822886197388,14.833333333333334,3.6666666666666665,0.3333333333333333,8.333333333333334,24.33333333333333,22.5,9.166666666666666,44.5,0.0,0.0,28.56315677082657,36.00840542448063
1851.0,193.16666666666663,401.3853187299237,0.4812499552247969,134.66666666666669,43.333333333333336,1.0,90.33333333333334,165.16406669732282,4.0,39.333333333333336,0.0,1.0,2.6666666666666665,72.66666666666667,0.5,14.5,0.0,0.0,16.327527067496682,14.169872963159476
1852.0,1113.8333333333333,2734.971888393606,0.4072558617732435,835.8333333333333,95.33333333333331,41.333333333333336,699.1666666666666,1013.2994979806784,66.0,29.33333333333333,3.5,37.833333333333336,131.33333333333334,197.16666666666663,96.33333333333331,274.3333333333333,0.0,0.0,94.78014804957576,82.6860165977692
1853.0,1330.5,2681.113749006917,0.49624899372240977,2212.5,366.6666666666666,70.66666666666667,1775.1666666666663,2471.660151128687,140.5,226.16666666666663,7.833333333333333,62.833333333333336,337.3333333333333,202.83333333333331,303.0,932.0,0.0,0.0,160.63738634145477,98.52276478723276
1854.0,653.0,1692.9920834037828,0.38570765120598494,78.5,6.333333333333333,25.0,47.16666666666667,168.67445846202304,4.5,1.8333333333333333,18.33333333333333,6.666666666666667,10.333333333333334,1.8333333333333333,5.0,30.0,0.0,0.0,41.82975947766899,48.34469898435403
1855.0,288.6666666666667,713.4777091790908,0.40459100957589716,0.0,0.0,0.0,0.0,43.79093580532989,0.0,0.0,0.0,0.0,0.0,0.0,0.0,0.0,1.0099233444762437,0.0,21.442671756244437,21.33834070460921
1856.0,429.5,1036.0356498148824,0.41456102410833306,653.6666666666666,62.833333333333336,64.16666666666667,526.6666666666666,736.1081143473579,33.833333333333336,29.0,18.166666666666668,46.0,125.0,88.5,96.0,217.16666666666663,0.0,0.0,50.60058037923662,31.84086730145465
1857.0,683.1666666666666,1615.003289134097,0.423012554378731,113.0,0.0,2.0,111.0,204.9038738153141,0.0,0.0,2.0,0.0,0.3333333333333333,99.66666666666669,11.0,0.0,0.0,0.0,41.05867030761522,50.84520350769889
1858.0,392.3333333333333,1176.06899297821,0.33359720873161597,231.0,37.0,12.166666666666668,181.83333333333331,291.5481981628968,36.66666666666666,0.3333333333333333,9.333333333333334,2.833333333333333,49.833333333333336,57.5,34.666666666666664,39.833333333333336,0.0,0.0,31.541427126509564,29.00677103638717
1859.0,606.5,1597.3563926857798,0.3796898442809226,856.5,138.83333333333334,51.83333333333333,665.8333333333334,972.6784878077927,89.16666666666667,49.66666666666666,16.333333333333332,35.5,101.16666666666669,124.66666666666669,60.5,379.5,0.0,0.0,71.16836439496954,45.0101234128233
1860.0,716.0,1968.0564428427324,0.36381070400896814,220.3333333333333,0.3333333333333333,1.3333333333333337,218.66666666666663,348.46250324773155,0.1666666666666666,0.1666666666666666,1.1666666666666667,0.1666666666666666,0.3333333333333333,2.333333333333333,0.0,216.0,0.0,0.0,74.95003270134102,53.1791372130572
1861.0,0.0,0.0,0.0,4368.333333333334,334.66666666666663,797.6666666666667,3236.0,4541.493800864601,276.3333333333333,58.333333333333336,367.5,430.1666666666667,1366.0,365.0,84.0,1421.0,0.0,0.0,173.16046753126827,0.0
1862.0,581.0,1295.139315948253,0.44860038827144505,711.6666666666667,53.833333333333336,202.33333333333331,455.5,962.0771030290598,33.833333333333336,20.0,53.5,148.83333333333334,53.333333333333336,51.5,23.0,327.6666666666667,0.0,0.0,207.23347551666163,43.17696084573142
1863.0,456.5,989.4673490850664,0.4613593368412946,452.0,111.66666666666666,28.333333333333336,312.0,534.3652528075503,48.0,63.66666666666666,12.333333333333334,16.0,74.0,45.5,20.166666666666668,172.33333333333334,0.0,0.0,48.35731435109636,34.00793845645393
1864.0,570.0,1405.3455378408264,0.4055942006090177,277.66666666666663,36.5,40.5,200.66666666666663,360.1053101157532,26.666666666666668,9.833333333333334,2.833333333333333,37.66666666666666,28.33333333333333,35.5,13.0,123.83333333333331,0.0,0.0,40.42883712052583,42.009806328560735
1865.0,437.8333333333333,844.1107905689622,0.518691785752694,196.33333333333337,30.0,11.666666666666668,154.66666666666669,260.64498371480755,24.33333333333333,5.666666666666667,1.3333333333333333,10.333333333333334,43.66666666666666,30.33333333333333,4.5,76.16666666666667,0.0,0.0,31.637507953753524,32.67414242772072
1866.0,993.0,1930.8778931219924,0.5142738458693734,895.1666666666666,113.0,80.33333333333334,701.8333333333333,1050.0285223939543,57.0,56.0,27.0,53.333333333333336,158.83333333333334,93.5,96.66666666666669,352.8333333333333,0.0,0.0,81.34475715982103,73.51709856746682
1867.0,263.1666666666667,673.7004746986371,0.390628590226818,202.83333333333331,12.5,11.833333333333334,178.5,248.47682973512767,9.166666666666666,3.333333333333333,1.8333333333333333,10.0,52.0,39.16666666666666,12.5,74.83333333333333,0.0,0.0,26.138851769654764,19.50464463213965
1868.0,505.5,1529.5745049035877,0.33048406493403387,172.33333333333334,14.833333333333334,0.3333333333333333,157.16666666666669,256.04485558664663,14.833333333333334,0.0,0.0,0.3333333333333333,7.0,60.0,6.5,83.66666666666667,0.0,0.0,46.03612493334512,37.67539731996819
1869.0,350.1666666666667,1085.0393022322137,0.3227225649303956,0.0,0.0,0.0,0.0,42.719436889042,0.0,0.0,0.0,0.0,0.0,0.0,0.0,0.0,0.0,0.0,16.713366304694876,26.00607058434712
1870.0,506.5,1162.7249162054934,0.4356146436191826,1798.6666666666663,178.83333333333334,460.6666666666666,1159.1666666666663,1927.881439469609,167.5,11.333333333333334,227.5,233.16666666666663,326.3333333333333,402.5,67.5,362.8333333333333,0.0,0.0,91.37261709460796,37.84215570833454
1871.0,0.0,0.0,0.0,757.3333333333333,233.33333333333331,299.3333333333333,224.66666666666669,787.3529521797767,226.83333333333331,6.5,179.66666666666666,119.66666666666669,80.0,11.5,4.666666666666667,128.5,0.0,0.0,30.01961884644345,0.0
1872.0,7.166666666666667,22.260601405973176,0.3219439823734339,2905.5,392.83333333333337,190.33333333333331,2322.333333333333,3096.889978101874,235.5,157.33333333333334,40.5,149.83333333333334,482.5,268.8333333333333,252.33333333333331,1318.6666666666667,0.0,0.0,190.88974464096853,0.5002334609055001
1873.0,318.3333333333333,854.6046757849509,0.3724919162663666,2958.166666666667,321.16666666666663,123.16666666666669,2513.833333333333,3203.5631208931454,220.66666666666663,100.5,30.666666666666668,92.5,593.5,126.33333333333331,160.0,1634.0,0.0,0.0,221.8916091224065,23.50484510407236
1874.0,182.16666666666663,455.71852513380674,0.3997350483243563,254.3333333333333,61.5,30.83333333333333,162.0,287.1374602336113,52.5,9.0,5.833333333333333,25.0,88.0,15.0,10.833333333333334,48.16666666666666,0.0,0.0,19.46765823975885,13.336468660519149
1875.0,142.5,337.26651959073433,0.42251451514642097,139.33333333333334,0.3333333333333333,51.16666666666666,87.83333333333334,161.67370731036672,0.3333333333333333,0.0,0.0,51.16666666666666,0.1666666666666666,78.33333333333333,0.1666666666666666,9.166666666666666,0.0,0.0,11.837859887378768,10.502514089654658
1876.0,159.33333333333334,406.3950002913954,0.39206519080964913,131.33333333333334,24.0,27.666666666666668,79.66666666666667,160.5252359059269,20.166666666666668,3.8333333333333335,22.5,5.166666666666667,13.833333333333334,12.0,14.333333333333334,39.5,0.0,0.0,17.355946624980444,11.835955947613144
1877.0,475.1666666666667,1333.844376437887,0.3562384600935443,826.0,118.83333333333331,69.16666666666666,638.0,921.250242948616,83.83333333333333,35.0,9.0,60.16666666666666,101.5,161.33333333333334,67.33333333333333,307.8333333333333,0.0,0.0,60.07546682117612,35.17477612743985
1878.0,623.6666666666666,1470.8146747171231,0.4240280420010185,1023.3333333333334,163.66666666666666,71.33333333333334,788.3333333333334,1141.7922910771506,56.66666666666666,107.0,3.6666666666666665,67.66666666666667,126.33333333333331,226.83333333333331,18.5,416.6666666666667,0.0,0.0,72.2815133022212,46.177444441596144
1879.0,555.8333333333334,1092.3704102943527,0.5088322862787515,1526.5,285.6666666666667,66.16666666666667,1174.6666666666663,1656.2105793832006,172.33333333333334,113.33333333333331,14.166666666666666,52.0,173.0,170.83333333333334,138.66666666666666,692.1666666666666,0.0,0.0,88.53433146112229,41.176247922078346
1880.0,465.3333333333333,1153.9485484515806,0.4032531034054666,2508.0,954.0,59.333333333333336,1494.6666666666667,2664.1973612791217,722.8333333333334,231.16666666666663,6.333333333333333,53.0,219.5,148.5,60.16666666666666,1066.5,0.0,0.0,121.52261019980902,34.67475107931248
1881.0,402.3333333333333,857.0643424532285,0.46943188907113975,680.0,109.16666666666666,14.666666666666666,556.1666666666666,760.4090511729396,49.0,60.16666666666666,1.1666666666666667,13.5,90.16666666666669,56.333333333333336,177.5,232.16666666666663,0.0,0.0,50.40204665253904,30.007004520400525
1882.0,454.8333333333333,1150.998813568172,0.3951640331611812,0.0,0.0,0.0,0.0,54.37013770563196,0.0,0.0,0.0,0.0,0.0,0.0,0.0,0.0,0.0,0.0,20.36219924917804,34.00793845645393
1883.0,1616.8333333333333,4044.0814738621625,0.39980236396900076,916.6666666666666,240.3333333333333,135.16666666666669,541.1666666666666,1176.11731284334,157.0,83.33333333333333,28.0,107.16666666666669,98.83333333333331,110.33333333333331,104.16666666666669,227.83333333333331,0.0,0.0,139.42251142588773,120.02813475078558
1884.0,397.3333333333333,1053.0089072322442,0.3773314077443984,80.0,0.1666666666666666,0.1666666666666666,79.66666666666667,137.42707973515635,0.0,0.1666666666666666,0.0,0.1666666666666666,0.1666666666666666,79.5,0.0,0.0,0.0,0.0,27.753525262275478,29.67355447288089
1885.0,638.6666666666666,1118.516642853734,0.5709943349946056,1317.8333333333337,146.0,226.5,945.3333333333334,1442.3960899079543,129.33333333333334,16.666666666666668,86.16666666666667,140.33333333333334,325.0,28.166666666666668,97.66666666666669,494.5,0.0,0.0,77.55178282599361,47.01097374862749
1886.0,0.0,0.0,0.0,3044.833333333333,117.66666666666666,136.66666666666666,2790.5,3235.969026068936,83.0,34.666666666666664,63.66666666666666,73.0,635.1666666666666,414.6666666666667,80.83333333333333,1659.8333333333333,0.0,0.0,191.1356927356027,0.0
1887.0,198.33333333333331,371.9641244371118,0.5332055440386043,3248.666666666667,139.66666666666666,1444.0,1665.0,3444.306935383333,84.5,55.16666666666666,1351.8333333333333,92.16666666666669,301.5,259.3333333333333,44.0,1060.1666666666667,0.0,0.0,180.9700748204209,14.670193896245692
1888.0,5.833333333333333,17.361413408719084,0.33599414955488427,1900.3333333333333,114.33333333333331,87.83333333333334,1698.1666666666663,2065.225118039001,82.83333333333333,31.5,2.6666666666666665,85.16666666666667,285.5,405.0,19.166666666666668,988.5,0.0,37.502837684128885,126.55531772449784,0.8336292970407836
1889.0,270.0,699.8898055341979,0.38577501467380254,0.0,0.0,0.0,0.0,32.707043263767154,0.0,0.0,0.0,0.0,0.0,0.0,0.0,0.0,0.0,0.0,12.70237358350014,20.00466968026701
1890.0,490.8333333333333,1245.880377770632,0.39396505642991697,1181.0,215.66666666666663,78.83333333333334,886.5,1296.447220101334,156.16666666666666,59.5,40.0,38.833333333333336,133.5,166.66666666666666,88.83333333333333,497.5,0.0,0.0,78.93871873816728,36.50850136316639
1891.0,337.6666666666667,863.2252391763532,0.391168667622429,1954.8333333333333,283.5,111.83333333333331,1559.5,2075.5448877370154,151.16666666666666,132.33333333333334,8.833333333333334,103.0,237.16666666666663,281.0,197.83333333333331,843.5,0.0,0.0,95.7057173033483,25.005837100333768
1892.0,346.8333333333333,869.6432119008459,0.39882256146774614,1048.8333333333333,13.666666666666666,3.666666666666667,1031.5,1133.4952279121358,13.5,0.1666666666666666,1.3333333333333333,2.333333333333333,5.0,56.5,953.0,17.0,0.0,0.0,58.989144865600885,25.67274971320176
1893.0,288.0,767.7112832118906,0.3751410280113222,1043.3333333333333,48.5,39.833333333333336,955.0,1120.6097072332798,23.166666666666668,25.33333333333333,2.333333333333333,37.5,127.5,578.1666666666666,61.833333333333336,187.5,0.0,0.0,56.10475405149312,21.17161984845316
1894.0,486.5,1141.2155166975124,0.42629984685789235,1229.0,467.33333333333337,38.833333333333336,722.8333333333333,1334.5068624942055,251.0,216.33333333333331,14.333333333333334,24.5,112.16666666666669,109.0,36.333333333333336,465.3333333333333,0.0,0.0,69.49845706972486,36.00840542448063
1895.0,522.0,1486.7771936302734,0.3510949739048857,633.1666666666667,77.33333333333334,31.166666666666668,524.6666666666667,724.4638754799596,62.333333333333336,15.0,1.1666666666666667,30.0,87.5,51.5,22.5,363.1666666666667,0.0,0.0,52.28810293677211,39.009105876520685
1896.0,334.0,881.1068845458485,0.37906865314320476,0.0,0.0,0.0,0.0,54.41051159310021,0.0,0.0,0.0,0.0,0.0,0.0,0.0,0.0,0.0,0.0,29.57140785611328,24.83910373698693
1897.0,562.8333333333334,1094.153503061262,0.5144007049820871,8022.166666666667,230.5,405.3333333333333,7386.333333333334,8437.801195155756,81.16666666666667,149.33333333333334,61.833333333333336,343.5,2951.5,740.6666666666666,65.83333333333333,3628.3333333333335,0.0,0.0,373.9581597008585,41.67636878823189
1898.0,1261.6666666666667,2534.447177071701,0.497807442222724,516.5,26.333333333333336,5.0,485.1666666666667,680.3244863685368,18.666666666666668,7.666666666666667,2.833333333333333,2.1666666666666665,22.166666666666668,8.5,354.8333333333333,99.66666666666669,0.0,0.0,70.46936390377952,93.35512246475736
1899.0,303.6666671258645,658.200518125161,0.4613589001583258,419.5000006343583,89.83333346917723,26.166666706235297,303.50000045894575,474.8378191722885,73.00000011038892,16.833333358788312,9.333333347446986,16.833333358788312,44.50000006729188,47.833333405665805,33.16666671682054,178.00000026916751,0.0,0.0,32.83250260608336,22.50531593184689
1900.0,197.5,556.8386736875519,0.35468082468499545,30.5,0.3333333333333333,0.0,30.166666666666668,55.87414169605729,0.1666666666666666,0.1666666666666666,0.0,0.0,7.666666666666667,1.5,15.0,6.0,0.0,0.0,10.537372799203872,14.836768896853425
1901.0,495.5,1391.3758906339183,0.356122312694557,372.00000000000006,12.666666666666668,13.0,346.33333333333337,445.5615009921084,7.666666666666667,5.0,1.6666666666666667,11.333333333333334,28.166666666666668,96.0,106.0,116.16666666666669,0.0,0.0,36.55286208361443,37.00863890849399
1902.0,116.66666666666669,314.0450023623647,0.37149665108203,400.16666666666674,44.0,31.333333333333336,324.83333333333337,432.1563068518252,41.0,3.0,14.166666666666666,17.166666666666668,44.333333333333336,59.5,163.33333333333334,57.66666666666666,0.0,0.0,23.154255513211112,8.835384671947365
1903.0,770.6666666666666,2153.5285351064863,0.35786229627487115,13.0,0.0,8.666666666666666,4.333333333333333,101.40985156335248,0.0,0.0,8.666666666666666,0.0,0.0,0.0,4.0,0.3333333333333333,0.0,0.0,31.396542974591483,57.013308588761
1904.0,996.3333333333334,2279.2721217533303,0.4371278549078659,0.0,0.0,0.0,0.0,115.50995500456132,0.0,0.0,0.0,0.0,0.0,0.0,0.0,0.0,0.0,0.0,41.49267718757337,74.01727781698797
1905.0,552.6666666666666,1449.0889411129965,0.38138905831562137,93.0,0.0,0.0,93.0,183.93511600379315,0.0,0.0,0.0,0.0,0.0,93.0,0.0,0.0,0.0,0.0,49.92557234561061,41.009543658182544
1906.0,194.5,470.2520482085674,0.4136079805307618,0.0,0.0,0.0,0.0,29.21369922330807,0.0,0.0,0.0,0.0,0.0,0.0,0.0,0.0,0.0,0.0,14.876980399601525,14.336718823706546
1907.0,246.33333333333331,628.0443170457041,0.392222852189915,104.5,101.83333333333334,0.1666666666666666,2.5,137.7438933470229,0.6666666666666666,101.16666666666669,0.1666666666666666,0.0,0.3333333333333333,0.3333333333333333,0.3333333333333333,1.5,0.0,0.0,14.906369763637224,18.337523583385675
1908.0,755.3333333333334,2071.362345860397,0.364655336543537,4177.0,904.5,180.16666666666663,3092.333333333333,4734.908766782171,536.6666666666666,367.8333333333333,33.5,146.66666666666666,677.0,393.8333333333333,213.83333333333331,1807.6666666666667,0.0,192.87173666505888,309.02445077103226,56.01257934608063
1909.0,422.8333333333333,1083.7279213816694,0.3901655803001306,1191.5,440.3333333333333,56.16666666666667,695.0,1342.3275067217285,274.3333333333333,166.0,20.166666666666668,36.0,107.33333333333331,66.16666666666667,26.0,495.5,0.0,0.0,119.4872312239371,31.34027549779118
1910.0,671.5,1700.78820305519,0.394816943575784,170.33333333333331,74.16666666666667,5.333333333333334,90.83333333333331,257.38038568538263,10.0,64.16666666666667,2.5,2.833333333333333,5.666666666666667,5.333333333333333,3.0,76.83333333333333,0.0,0.0,37.03537815138176,50.011674200667535
1911.0,675.6666666666666,1454.3230576004717,0.4645918684542264,242.0,58.0,6.0,178.0,332.8853474671718,14.833333333333334,43.16666666666666,1.0,5.0,10.5,67.66666666666667,3.1666666666666665,96.66666666666669,0.0,0.0,40.87367326650429,50.011674200667535
1912.0,232.16666666666663,659.4463355643543,0.35206301733101353,0.0,0.0,0.0,0.0,31.37311676517598,0.0,0.0,0.0,0.0,0.0,0.0,0.0,0.0,0.0,0.0,14.369147536949011,17.003969228226964
1913.0,267.6666666666667,717.1821360322857,0.373219930082889,203.0,84.0,8.5,110.5,245.49197325321572,24.5,59.5,1.1666666666666667,7.333333333333333,20.0,18.83333333333333,9.333333333333334,62.333333333333336,0.0,0.0,22.48730357294873,20.00466968026701
1914.0,258.3333333333333,746.1304413729376,0.34623079157309283,443.0,125.0,34.5,283.5,541.4615496165014,89.33333333333333,35.666666666666664,1.6666666666666667,32.833333333333336,33.833333333333336,40.5,9.5,199.66666666666663,0.0,0.0,79.45664655529042,19.00490306121103
1915.0,335.5,923.2345370883388,0.3633962839584477,0.0,0.0,0.0,0.0,40.13749127983584,0.0,0.0,0.0,0.0,0.0,0.0,0.0,0.0,0.0,0.0,15.298412567868423,24.839078711967417
1916.0,330.6666666666667,790.8944740774547,0.41809201796785284,126.33333333333331,7.166666666666667,10.166666666666666,109.0,180.11513085000885,5.166666666666667,2.0,0.6666666666666666,9.5,22.5,26.0,2.5,58.0,0.0,0.0,29.27629386725667,24.50550364941883
1917.0,201.1666539423363,460.99313071067365,0.4363766844686273,0.0,0.0,0.0,0.0,36.81144556522817,0.0,0.0,0.0,0.0,0.0,0.0,0.0,0.0,0.0,0.0,21.807890042658673,15.003555522569492
1918.0,0.0,0.0,0.0,1571.333333333333,1018.8333333333331,65.33333333333333,487.1666666666666,1633.619134087453,653.0,365.8333333333333,50.0,15.333333333333334,43.833333333333336,22.33333333333333,17.166666666666668,403.8333333333333,0.0,0.0,62.285800754119926,0.0
1919.0,52.0,146.02831416078877,0.35609532506650643,1544.1666666666667,1196.1666666666667,14.333333333333334,333.6666666666667,1655.7674328588846,827.3333333333334,368.8333333333333,3.8333333333333335,10.5,56.0,35.833333333333336,15.333333333333334,226.5,0.0,0.0,107.76641152818632,3.8343546640317303
1920.0,356.8333333333333,916.1606974452196,0.3894877114117522,584.1666666666666,179.83333333333331,26.83333333333333,377.5,703.3169048004114,84.33333333333333,95.5,6.333333333333333,20.5,71.66666666666667,44.66666666666666,46.66666666666666,214.5,1.0099233444762437,0.0,91.80091499856847,26.339399790700018
1921.0,241.83333333333331,667.7414270891268,0.3621661372539862,196.0,35.166666666666664,11.166666666666666,149.66666666666669,239.3589176753896,33.0,2.1666666666666665,0.1666666666666666,11.0,14.333333333333334,65.0,2.1666666666666665,68.16666666666667,0.0,0.0,25.521373361506164,17.8375443138834
1922.0,501.6666666666667,1364.0478714053954,0.36777790368148394,532.1666666666666,66.33333333333333,29.33333333333333,436.5,623.9876933514894,51.66666666666666,14.666666666666666,2.5,26.83333333333333,88.66666666666667,102.16666666666669,36.5,209.16666666666663,0.0,0.0,54.6456293879624,37.17539729686033
1923.0,407.0,1093.8336971197818,0.37208581256153317,340.6666666666667,8.166666666666666,11.666666666666666,320.83333333333337,402.97705151427846,5.333333333333333,2.833333333333333,1.0,10.666666666666666,42.0,84.16666666666667,41.66666666666666,153.0,0.0,0.0,32.30338032721129,30.007004520400525
1924.0,371.3333333333333,1085.471865024175,0.3420939273493405,110.5,16.166666666666668,2.0,92.33333333333334,181.4412829946621,3.1666666666666665,13.0,2.0,0.0,25.0,0.0,7.0,60.333333333333336,0.0,0.0,43.4347955047972,27.50648748986488
1925.0,28.5,75.71622806738574,0.37640543813983496,155.5,43.5,25.333333333333336,86.66666666666667,164.96059925876477,42.0,1.5,16.0,9.333333333333334,21.666666666666668,24.666666666666668,1.0,39.333333333333336,0.0,0.0,7.293373902371708,2.167225356393055
1926.0,132.0,364.2383763330741,0.36240003409002114,0.0,0.0,0.0,0.0,15.234589389927873,0.0,0.0,0.0,0.0,0.0,0.0,0.0,0.0,0.0,0.0,5.232254549794362,10.002334840133509
1927.0,513.3333333333334,1255.8929868057796,0.40873970849931895,0.0,0.0,0.0,0.0,60.35646191494422,0.0,0.0,0.0,0.0,0.0,0.0,0.0,0.0,0.0,0.0,22.180872838264094,38.175589076680126
1928.0,1.6666666666666667,5.098361980816322,0.32690238020326073,1766.3333333333333,1250.0,177.83333333333331,338.5,2025.081439118719,879.5,370.5,165.16666666666666,12.666666666666666,57.0,28.83333333333333,24.33333333333333,228.33333333333331,0.0,0.0,258.74810578538563,0.0
1929.0,715.5,1958.7721384962056,0.36527985360732457,1437.0,373.6666666666667,162.66666666666666,900.6666666666667,1578.9993425345222,290.1666666666667,83.5,12.166666666666666,150.5,199.16666666666663,171.33333333333334,78.5,451.6666666666667,0.0,0.0,88.98706787182395,53.01227466269816
1930.0,455.3333333333333,1252.932252661212,0.36341416893548006,119.0,8.5,7.333333333333333,103.16666666666669,175.77347004751587,5.5,3.0,0.5,6.833333333333333,31.166666666666668,17.0,1.6666666666666667,53.333333333333336,0.0,0.0,22.765531591061947,34.00793845645393
1931.0,486.5,1394.4532058600787,0.34888227009377043,217.8333333333333,29.666666666666664,14.166666666666666,174.0,281.76010475023315,27.33333333333333,2.333333333333333,0.5,13.666666666666666,49.66666666666666,67.83333333333333,8.666666666666666,47.833333333333336,0.0,0.0,27.918365992419226,36.00840542448063
1932.0,394.5000000335984,1191.549561849168,0.33108148638095514,296.00000002520943,5.166666667106695,5.000000000425835,285.83333335767685,352.37717172533064,3.6666666669789456,1.5000000001277505,0.6666666667234447,4.33333333370239,18.66666666825645,164.16666668064823,64.66666667217413,38.33333333659807,0.0,0.0,27.370400661263595,29.00677103885759
1933.0,457.66666673382093,1331.5801567892722,0.3437019276686687,41.83333333947161,0.0,0.0,41.83333333947161,99.4739169151669,0.0,0.0,0.0,0.0,0.0,41.66666667278048,0.0,0.1666666666911219,0.0,0.0,23.63264511425131,34.00793846144397
1934.0,429.6666666666667,1082.3239338824142,0.396985276972861,45.66666666666666,0.0,12.666666666666666,33.0,115.51486675575748,0.0,0.0,0.0,12.666666666666666,6.833333333333333,11.0,4.166666666666667,11.0,0.0,0.0,38.00748698902995,31.84071310006087
1935.0,438.1666666666667,1153.4117754450065,0.37988745736327717,0.0,0.0,0.0,0.0,68.54203158711893,0.0,0.0,0.0,0.0,0.0,0.0,0.0,0.0,0.0,0.0,36.20116426255642,32.34086732456251
1936.0,104.83333333333331,245.9333678200268,0.4262672213314705,0.0,0.0,0.0,0.0,14.990618737302714,0.0,0.0,0.0,0.0,0.0,0.0,0.0,0.0,0.0,0.0,7.155509253562261,7.835109483740453
1937.0,241.66666654165564,688.7119953367265,0.350896554986674,130.66666659907455,20.66666665597607,35.666666648216776,74.33333329488168,166.59600290651275,19.833333323073806,0.833333332902261,2.3333333321263305,33.33333331609044,11.666666660631652,7.166666662959444,12.666666660114366,42.83333331117621,0.0,0.0,17.925133604511224,18.004202702926975
1938.0,929.0000000060256,2928.1440494742715,0.31726581216959643,311.0000000020172,16.333333333439278,10.666666666735852,284.00000000184207,430.50088897154404,1.500000000009729,14.833333333429545,1.666666666677477,9.000000000058375,39.5000000002562,135.16666666754338,61.666666667066636,47.66666666697583,0.0,0.0,50.484778572157964,69.01611039736885
1939.0,720.5000003786049,2004.674170358452,0.35941002833880664,38.5000000202308,0.0,5.833333336398606,32.6666666838322,129.59334083712326,0.0,0.0,3.3333333350849172,2.500000001313688,8.333333337712293,2.0000000010509504,5.166666669381622,17.166666675687324,0.0,0.0,37.74751608863331,53.34582472825914
1940.0,206.5,565.4263923019619,0.36521110937057244,0.0,0.0,0.0,0.0,23.18900358010595,0.0,0.0,0.0,0.0,0.0,0.0,0.0,0.0,0.0,0.0,8.185501319905688,15.003502260200262
1941.0,542.5,1441.532463229067,0.3763356107740974,134.66666666666666,0.0,6.833333333333334,127.83333333333331,225.84992429918205,0.0,0.0,1.6666666666666667,5.166666666666667,17.833333333333332,46.0,19.0,45.0,0.0,0.0,50.840597400836,40.3426602316794
1942.0,288.1666666666667,800.1342727913297,0.3601478857559434,238.33333333333331,2.0,1.0,235.33333333333331,280.8743724585148,1.8333333333333333,0.1666666666666666,0.0,1.0,5.0,2.833333333333333,0.0,227.5,0.0,0.0,21.536135960901024,21.004903164280368
1943.0,258.0,724.9473736909681,0.35588790216099286,0.0,0.0,0.0,0.0,29.23111554357901,0.0,0.0,0.0,0.0,0.0,0.0,0.0,0.0,0.0,0.0,10.226679347325344,19.004436196253664
1944.0,250.16666666666663,637.3678633015032,0.3924996553337781,59.333333333333336,2.0,32.16666666666667,25.166666666666664,90.60564741352476,1.6666666666666667,0.3333333333333333,1.5,30.666666666666668,6.166666666666667,4.333333333333333,2.1666666666666665,12.5,0.0,0.0,12.267877883937755,19.004436196253664
1945.0,699.8333333333334,2019.5566885222768,0.34652819468286683,154.66666666666666,0.1666666666666666,16.0,138.5,241.2164459142741,0.1666666666666666,0.0,3.1666666666666665,12.833333333333334,9.833333333333334,72.0,17.0,39.66666666666666,0.0,0.0,34.5376380789132,52.01214116869424
1946.0,216.33333333333331,712.5163542075148,0.303618761949607,158.83333333333331,22.666666666666668,16.166666666666664,120.0,190.54142957927397,8.333333333333334,14.333333333333334,0.5,15.666666666666666,30.0,19.83333333333333,3.333333333333333,66.83333333333333,0.0,0.0,15.704360501726995,16.003735744213614
1947.0,284.0,844.8309726341258,0.33616191782660054,185.3333333333333,0.0,0.1666666666666666,185.16666666666663,224.94181420776957,0.0,0.0,0.0,0.1666666666666666,0.1666666666666666,70.16666666666667,113.16666666666669,1.6666666666666667,0.0,0.0,18.603577710155843,21.004903164280368
1948.0,345.0,910.7722146837656,0.3787994346311821,0.0,0.0,0.0,0.0,39.68128133949147,0.0,0.0,0.0,0.0,0.0,0.0,0.0,0.0,0.0,0.0,13.675210755144354,26.00607058434712
1949.0,294.8333333333333,730.348903241079,0.40368833584187985,73.83333333333334,0.1666666666666666,0.0,73.66666666666667,110.45187334715466,0.1666666666666666,0.0,0.0,0.0,0.1666666666666666,73.33333333333333,0.0,0.1666666666666666,0.0,0.0,14.613403365527612,22.00513664829372
1950.0,431.8333333333333,1119.353248165119,0.38578825231553027,413.5,28.166666666666664,22.0,363.3333333333333,494.339975899965,17.5,10.666666666666666,2.0,20.0,69.16666666666667,42.333333333333336,129.66666666666666,122.16666666666669,0.0,0.0,48.83250441153766,32.00747148842723
1951.0,376.0,858.8689600642541,0.43778506091531183,20.333333333333336,2.666666666666667,1.5,16.166666666666668,64.54691654576617,1.5,1.1666666666666667,1.3333333333333333,0.1666666666666666,4.333333333333333,1.1666666666666667,1.8333333333333333,8.833333333333334,0.0,0.0,16.207045660059,28.006537552373825
1952.0,364.0,1031.6161395618954,0.35284442152541623,0.0,0.0,0.0,0.0,42.44401353510715,0.0,0.0,0.0,0.0,0.0,0.0,0.0,0.0,1.0099233444762437,0.0,14.427686132261002,27.006404058369903
1953.0,0.0,0.0,0.0,0.0,0.0,0.0,0.0,3.0297697716836356,0.0,0.0,0.0,0.0,0.0,0.0,0.0,0.0,3.0297697716836356,0.0,0.0,0.0
1954.0,746.0,2275.3144143635413,0.3278667753742832,0.0,0.0,0.0,0.0,84.58300748548123,0.0,0.0,0.0,0.0,0.0,0.0,0.0,0.0,0.0,0.0,29.57016586474693,55.0128416207343
1955.0,280.3333333333333,917.7536285352174,0.3054559792705586,97.83333333333331,0.0,0.0,97.83333333333331,133.82805981555586,0.0,0.0,0.0,0.0,0.0,97.83333333333331,0.0,0.0,0.0,0.0,14.989823317942164,21.004903164280368
1956.0,428.8333333333333,1279.277153749623,0.3352153456945605,899.6666666666666,513.1666666666666,22.333333333333336,364.1666666666666,993.8332883572074,407.8333333333333,105.33333333333331,13.5,8.833333333333334,56.5,27.33333333333333,4.5,275.8333333333333,0.0,0.0,62.15915020211346,32.00747148842723
1957.0,392.8333333333333,934.718006890491,0.42026935443360575,0.0,0.0,0.0,0.0,59.100529772538295,0.0,0.0,0.0,0.0,0.0,0.0,0.0,0.0,2.355266102175887,0.0,27.738296825939614,29.00696684442279
1958.0,371.6666666666667,1130.4221964100482,0.3287857119640711,144.00000000000003,5.166666666666667,3.1666666666666665,135.66666666666669,205.6129940269905,5.166666666666667,0.0,0.0,3.1666666666666665,6.0,104.0,8.166666666666666,17.5,0.0,0.0,34.10666491050262,27.506329116487837
1959.0,274.0,711.2999213931289,0.38521022111650527,212.16666666666669,26.5,52.5,133.16666666666669,252.45012397476413,24.666666666666668,1.8333333333333333,19.33333333333333,33.166666666666664,9.666666666666666,4.833333333333333,17.0,101.66666666666669,1.0099233444762437,0.0,19.26886428335418,20.00466968026701
1960.0,484.1666666666667,757.0326847437215,0.6395584714160285,4880.0,400.8333333333333,2880.166666666667,1599.0,5142.63296269903,264.3333333333333,136.5,2763.833333333333,116.33333333333331,297.6666666666667,516.3333333333334,182.16666666666663,602.8333333333334,0.0,0.0,226.62455727454883,36.00840542448063
1961.0,264.3333333333333,650.1627416113336,0.4065648743239603,2021.8333333333333,128.0,97.66666666666669,1796.1666666666667,2152.90326152545,86.0,42.0,13.0,84.66666666666667,324.1666666666667,227.83333333333331,363.1666666666667,881.0,4.206911380883935,3.571698826932406,103.78682755355425,19.504490430745864
1962.0,294.0,727.0460630077614,0.4043760291937121,1122.5,92.16666666666666,35.5,994.8333333333334,1215.6466610877508,50.16666666666666,42.0,3.0,32.5,292.1666666666667,97.66666666666669,102.16666666666669,502.8333333333333,4.3758198775745605,1.785849413466203,65.14663021595665,21.83836158075332
1963.0,335.0,515.3553348118554,0.6500369305816945,1719.0,33.0,248.16666666666663,1437.8333333333337,1825.4238083680884,30.0,3.0,79.0,169.16666666666666,829.3333333333334,9.333333333333334,51.333333333333336,547.8333333333334,0.0,0.0,81.41797126775462,25.005837100333768
1964.0,0.0,0.0,0.0,1419.0,83.33333333333333,291.83333333333337,1043.8333333333333,1475.246193689641,64.5,18.83333333333333,36.5,255.33333333333331,266.3333333333333,254.33333333333331,38.16666666666666,485.0,0.0,0.0,56.24619368964088,0.0
1965.0,102.83333333333331,262.3245499608763,0.3920080425132536,410.6666666666666,26.666666666666668,190.16666666666669,193.8333333333333,439.53224040170767,21.0,5.666666666666667,21.33333333333333,168.83333333333334,19.5,21.5,14.166666666666666,138.66666666666666,1.0099233444762437,0.0,20.353961767978987,7.501688622585656
1966.0,877.3333333333334,2295.906237005833,0.382129426364333,1399.8333333333333,143.0,110.5,1146.3333333333333,1562.4932378511387,98.0,45.0,87.5,23.0,548.5,79.0,94.16666666666669,424.6666666666667,7.236964106357335,0.0,90.240955806709,65.18198460473904
1967.0,1458.333217106032,3756.00615645544,0.3882669932794433,257.49997947757936,11.666665736848255,8.16666601579378,237.66664772493738,436.7337590892309,8.499999322560873,3.1666664142873837,5.833332868424128,2.3333331473696513,38.333330278215705,143.83332187000067,13.833332230834362,41.66666334588662,3.0297697919599345,0.0,68.01209799202529,108.19191182766623
1968.0,679.9999695048111,2047.076875264093,0.33218096385221707,0.0,0.0,0.0,0.0,76.96570933892323,0.0,0.0,0.0,0.0,0.0,0.0,0.0,0.0,0.0,0.0,26.954037381072546,50.0116719578507
1969.0,150.0,502.4752662076444,0.29852215638811874,0.0,0.0,0.0,0.0,16.94831213073136,0.0,0.0,0.0,0.0,0.0,0.0,0.0,0.0,0.0,0.0,5.945743806584503,11.00256832414686
1970.0,120.0,377.7681269228801,0.31765517376350155,474.8333333333333,29.333333333333336,24.666666666666668,420.8333333333333,507.41520514314766,22.666666666666668,6.666666666666667,1.6666666666666667,23.0,90.83333333333331,93.33333333333331,68.5,168.16666666666666,0.0,0.0,23.579770453694262,9.002101356120157
1971.0,192.0,496.7093812537012,0.38654393745370663,936.6666666666669,85.33333333333333,142.5,708.8333333333334,1013.9211086408222,62.5,22.83333333333333,6.833333333333333,135.66666666666666,125.0,276.1666666666667,24.0,283.6666666666667,0.0,0.0,63.25117319796854,14.003268776186912
1972.0,601.0,999.4467224693432,0.6013327038735023,1889.3333333333333,39.0,1247.0,603.3333333333334,2048.995133857171,30.666666666666668,8.333333333333334,1185.5,61.5,163.0,96.66666666666669,99.83333333333331,243.83333333333331,10.93997125905974,0.0,104.2113224966469,44.51050676813086
1973.0,42.16666666666666,123.43083523883818,0.34162182071501274,2692.666666666667,460.83333333333337,193.8333333333333,2038.0,2804.206015988917,341.1666666666667,119.66666666666669,19.666666666666668,174.16666666666666,367.6666666666667,344.6666666666667,111.16666666666669,1214.5,0.0,0.0,108.3717489064684,3.167600415781807
1974.0,721.6666666666666,1907.013134498976,0.37842773791711093,646.0,66.0,145.5,434.5,766.8493398254991,54.66666666666666,11.333333333333334,82.66666666666667,62.833333333333336,84.66666666666667,101.5,47.5,200.83333333333331,13.129003478191166,0.0,54.20778244507917,53.512553902228746
1975.0,2904.1667165623853,8146.555935418806,0.35649012166428895,84.333334782242,20.333333682674947,2.833333382012083,61.166667717554965,418.0085257717527,14.666666918650783,5.666666764024167,2.833333382012083,0.0,14.000000240530294,1.6666666953012255,8.000000137445882,37.50000064427757,0.0,0.0,118.45820481566842,215.2169861738423
1976.0,502.6666233234582,1293.4027080164053,0.38863891362525466,0.0,0.0,0.0,0.0,56.933417513970866,0.0,0.0,0.0,0.0,0.0,0.0,0.0,0.0,0.0,0.0,19.924781796603842,37.008635717367035
1977.0,936.333332683792,2355.157399449909,0.3975671999257842,407.66666638386533,125.99999991259288,24.49999998300417,257.1666664882683,531.95664995894,103.83333326130337,22.16666665128949,0.0,24.49999998300417,1.6666666655104878,0.33333333310209756,0.16666666655104873,254.99999982310464,0.0,0.0,55.10711483777981,69.18286873729491
1978.0,725.0,2392.393964413215,0.3030437339269168,75.66666666666667,0.1666666666666666,0.0,75.5,161.41640116248234,0.0,0.1666666666666666,0.0,0.0,0.0,75.16666666666667,0.0,0.3333333333333333,0.0,0.0,31.73712635909473,54.01260813672095
1979.0,248.0,830.2430215158985,0.29870771999647694,73.33333333333334,7.833333333333333,3.8333333333333335,61.66666666666667,104.0746965179488,7.5,0.3333333333333333,0.3333333333333333,3.5,10.833333333333334,18.0,9.333333333333334,23.5,0.0,0.0,12.737160472375146,18.004202712240314
1980.0,700.0,2193.902179674455,0.3190661855780053,444.83333333333337,162.5,14.0,268.33333333333337,552.7229289834717,46.0,116.5,1.6666666666666667,12.333333333333334,20.666666666666668,6.666666666666667,4.166666666666667,236.83333333333331,0.0,0.0,55.877454481444126,52.01214116869424
1981.0,409.8333333333333,1055.4893715813396,0.3882875037569719,1648.6666666666663,430.0,99.66666666666666,1119.0,1767.77002863076,389.1666666666667,40.833333333333336,12.333333333333334,87.33333333333333,228.16666666666663,128.66666666666666,142.5,619.6666666666666,0.0,0.0,89.09635744369298,30.007004520400525
1982.0,659.6666666666666,2202.1606626828907,0.2995542867716996,40.0,0.0,0.0,40.0,148.91078716559025,0.0,0.0,0.0,0.0,0.0,0.0,40.0,0.0,0.0,0.0,60.06615904868676,48.844628116903486
1983.0,645.5,1891.658131236299,0.3412350198701768,243.5,20.83333333333333,17.0,205.66666666666669,340.91689492303266,18.83333333333333,2.0,1.1666666666666667,15.833333333333334,29.5,84.16666666666667,55.66666666666666,36.333333333333336,0.0,0.0,49.7392502457496,47.67764467728305
1984.0,223.16666666666663,669.8002645945905,0.3331839034159572,745.1666666666667,141.83333333333331,50.0,553.3333333333334,810.0522613729883,101.83333333333331,40.0,1.6666666666666667,48.333333333333336,107.5,105.66666666666669,40.16666666666666,300.0,0.0,0.0,48.0483296550766,16.83726505124496
1985.0,550.6666666666666,1187.3999202751454,0.4637583827183226,2450.166666666667,683.1666666666667,81.66666666666667,1685.3333333333337,2620.649229496762,339.1666666666667,344.0,7.166666666666667,74.5,228.66666666666663,509.1666666666667,333.8333333333333,613.6666666666666,2.0198466889524878,0.0,127.45314329659612,41.009572844547385
1986.0,351.1666666666667,754.0153483639028,0.465728804365381,328.8333333333333,6.5,7.0,315.3333333333333,386.1271896318631,3.8333333333333335,2.6666666666666665,0.0,7.0,103.83333333333331,114.66666666666669,56.0,40.833333333333336,0.0,0.0,31.28778571418265,26.00607058434712
1987.0,437.5,1215.7369596992671,0.35986402857096894,7174.166666666667,558.6666666666666,280.83333333333337,6334.666666666667,7547.867978017988,215.33333333333331,343.3333333333333,31.0,249.83333333333331,2819.333333333333,792.3333333333334,280.6666666666667,2442.333333333333,3.198113146030016,1.785849413466203,336.3762313502902,32.3411174415342
1988.0,857.1666666666666,1624.843907990141,0.5275378529910257,2047.3333333333333,70.66666666666666,49.0,1927.6666666666663,2225.977342093839,33.0,37.66666666666666,3.0,46.0,425.8333333333333,105.5,71.83333333333333,1324.5,0.0,0.0,115.12926171234652,63.51474704815926
1989.0,12.5,37.48333913260131,0.3334814957594871,2273.666666666667,1077.3333333333337,100.66666666666666,1095.6666666666667,2427.9458402520504,916.3333333333334,161.0,13.833333333333334,86.83333333333333,242.5,185.83333333333331,43.5,623.8333333333334,0.0,0.0,153.44574009637878,0.8334334890051665
1990.0,149.66666666666666,341.8160230782796,0.4378573752009026,144.0,23.666666666666668,21.83333333333333,98.5,278.543419804522,17.5,6.166666666666667,20.83333333333333,1.0,23.166666666666668,8.5,3.6666666666666665,63.16666666666666,7.406149636536274,0.0,115.96788497455314,11.169385193432548
1991.0,445.0,996.4984983703944,0.4465636433248245,0.0,0.0,0.0,0.0,50.47914391581992,0.0,0.0,0.0,0.0,0.0,0.0,0.0,0.0,0.0,0.0,17.638143120361338,32.84100079545858
1992.0,1006.8333333333334,2422.367515979005,0.41564020599344087,151.66666666666669,34.166666666666664,8.166666666666666,109.33333333333334,618.6134671708055,23.33333333333333,10.833333333333334,7.333333333333333,0.8333333333333334,27.666666666666668,7.166666666666667,6.333333333333333,68.16666666666667,5.386025914095476,0.0,387.0440007725472,74.51677381749606
1993.0,659.1666666666666,1456.208942641215,0.4526594002857144,62.0,6.333333333333333,6.833333333333334,48.83333333333333,148.85439022460093,5.333333333333333,1.0,4.5,2.333333333333333,16.333333333333332,3.6666666666666665,4.5,24.33333333333333,9.256810795309825,0.0,28.58613871263694,49.01144071665419
1994.0,241.0,441.5333648669857,0.5458251157816862,1096.3333333333333,215.3333333333333,84.16666666666666,796.8333333333333,1172.3916715924051,161.66666666666666,53.66666666666666,57.66666666666666,26.5,188.5,31.0,79.83333333333333,497.5,5.049616722381217,0.0,53.00451882445017,18.004202712240314
1995.0,1157.3333333333333,2298.2205598852697,0.5035780088013436,3423.166666666667,511.6666666666667,204.5,2707.0,3699.659031070964,362.6666666666667,149.0,140.83333333333334,63.66666666666666,849.5,166.33333333333334,352.1666666666667,1339.0,9.089310100286191,0.0,181.54982053941032,85.8532337646011
1996.0,1668.9999825170264,4310.229508749648,0.3872183555722502,2706.3333049841694,224.66666431325663,133.16666527172998,2348.499975399183,3003.4544606520717,98.16666563835918,126.49999867489744,39.6666662511536,93.49999902057637,889.9999906771441,222.83333099912764,287.8333303182449,947.8333234046664,0.0,0.0,173.4255424962919,123.69561317160982
1997.0,581.5,1922.3596347707432,0.3024928267750215,105.83333333333334,3.333333333333333,22.33333333333333,80.16666666666667,176.08807471447932,2.333333333333333,1.0,4.0,18.33333333333333,40.5,12.333333333333334,3.333333333333333,24.0,0.0,0.0,27.244701568571923,43.010039812574085
1998.0,470.1666666666667,1474.1996138873376,0.31893012468432114,0.0,0.0,0.0,0.0,54.65468640563795,0.0,0.0,0.0,0.0,0.0,0.0,0.0,0.0,1.0099233444762437,0.0,18.636591120694437,35.00817194046728
1999.0,792.3333333333334,1659.6572717725967,0.47740780389380144,883.3333333333333,429.5,58.66666666666666,395.1666666666666,1008.5926246266888,17.833333333333332,411.6666666666667,3.6666666666666665,55.0,147.66666666666666,61.0,14.833333333333334,171.66666666666666,0.0,0.0,66.4122490999144,58.84704219344086
2000.0,435.3333333333333,1333.2666282830658,0.3265163352164153,61.83333333333333,2.0,6.166666666666667,53.66666666666666,113.71413713701884,1.1666666666666667,0.8333333333333334,0.0,6.166666666666667,8.166666666666666,8.5,11.0,26.0,0.0,0.0,19.70672812828572,32.17407567539979
2001.0,50.0,150.3343053734827,0.33259208452643335,376.3333333333333,30.33333333333333,18.0,328.0,399.5668936642437,10.0,20.33333333333333,0.5,17.5,53.333333333333336,93.0,3.0,178.66666666666666,0.0,0.0,19.232626394857,4.000933936053404
2002.0,297.0,832.7129063783232,0.3566655418993412,30.0,0.0,1.0,29.0,64.96700439059025,0.0,0.0,1.0,0.0,14.0,0.0,0.0,15.0,0.0,0.0,12.961867742296532,22.00513664829372
2003.0,160.16666666666666,465.9746093953345,0.3437240215180495,30.333333333333336,9.833333333333332,0.8333333333333334,19.666666666666668,58.06021135427831,0.1666666666666666,9.666666666666666,0.0,0.8333333333333334,5.833333333333333,0.3333333333333333,0.6666666666666666,12.833333333333334,1.0099233444762437,0.0,14.714152868308515,12.002801808160212
2004.0,922.0,2135.202976368086,0.4318090646203076,13.333333333333334,2.833333333333333,0.8333333333333333,9.666666666666668,118.76037878591902,2.1666666666666665,0.6666666666666666,0.6666666666666666,0.1666666666666666,3.0,0.5,0.5,5.666666666666667,0.0,0.0,37.077943486558645,68.34910196602704
2005.0,535.3333333333334,1023.4211758508328,0.5230821346727342,0.0,0.0,0.0,0.0,63.08410367792101,0.0,0.0,0.0,0.0,0.0,0.0,0.0,0.0,2.0198466889524878,0.0,21.22153432259785,39.84272266637068
2006.0,1189.8333333333333,3190.487148078168,0.3729315549978144,37.83333333333333,7.666666666666667,4.0,26.166666666666664,174.51638126888128,1.0,6.666666666666667,1.0,3.0,6.833333333333333,4.5,0.5,14.333333333333334,0.0,0.0,48.66250134237305,88.02054659317487
2007.0,456.0,1244.402271283457,0.366440989801223,52.5,8.0,6.666666666666667,37.83333333333333,106.6640666960046,7.166666666666667,0.8333333333333334,0.0,6.666666666666667,8.833333333333334,5.166666666666667,7.0,16.833333333333332,0.0,0.0,20.15612823955067,34.00793845645393
2008.0,0.0,0.0,0.0,1089.0,417.1666666666666,159.16666666666669,512.6666666666666,1132.1658597999829,236.0,181.16666666666663,4.333333333333333,154.83333333333334,76.83333333333333,53.333333333333336,12.166666666666666,370.3333333333333,0.0,0.0,43.165859799982805,0.0
2009.0,776.3333279699287,1538.382368983766,0.5046426321713267,3371.499976707533,296.16666462055883,292.6666646447391,2782.6666474422345,3599.649461255663,195.1666653183311,100.99999930222774,113.83333254690021,178.83333209783888,807.9999944178219,439.83333029468474,344.33333095445954,1190.4999917752684,6.059540024994303,0.0,164.40976542419216,57.68017909894405
2010.0,476.0000067557909,1232.8335914339145,0.3861023986231208,0.0,0.0,0.0,0.0,53.87599971801543,0.0,0.0,0.0,0.0,0.0,0.0,0.0,0.0,0.0,0.0,18.867827280682835,35.00817243733259
2011.0,483.0,1760.3110698319076,0.2743833225147654,115.83333333333331,0.1666666666666666,2.1666666666666665,113.5,175.57848770653746,0.0,0.1666666666666666,2.1666666666666665,0.0,0.0,82.5,0.0,31.0,0.0,0.0,23.73674894872352,36.00840542448063
2012.0,457.0,1497.1314514491935,0.3052504170943928,24.0,0.0,0.0,24.0,77.07395692956823,0.0,0.0,0.0,0.0,19.166666666666668,0.1666666666666666,4.333333333333333,0.3333333333333333,0.0,0.0,19.0660184731143,34.00793845645393
2013.0,151.83333333333334,488.5244171082225,0.31079988638458944,919.5,300.33333333333337,26.5,592.6666666666667,973.302321851004,125.0,175.33333333333334,2.1666666666666665,24.33333333333333,90.0,172.83333333333334,28.0,301.8333333333333,0.0,0.0,42.46633266570243,11.335989185301656
2014.0,485.0,1033.1991518983205,0.4694157937595074,3580.5,1461.0,96.16666666666669,2023.3333333333333,3797.9998871141247,821.5,639.5,10.166666666666666,86.0,294.0,165.66666666666666,69.0,1494.6666666666667,0.0,0.0,181.49120248385907,36.008684630265435
2015.0,268.1666666666667,820.8984744414164,0.32667458280896644,353.83333333333337,215.0,25.83333333333333,113.0,398.3271032208812,2.1666666666666665,212.83333333333331,25.33333333333333,0.5,7.5,72.5,2.1666666666666665,30.83333333333333,0.0,0.0,24.6558168914536,19.83795299609422
2016.0,352.3333333333333,1186.7182831862433,0.2968971982022107,0.0,0.0,0.0,0.0,43.63867158490715,0.0,0.0,0.0,0.0,0.0,0.0,0.0,0.0,0.0,0.0,17.632601000560033,26.00607058434712
2017.0,139.33333333333334,425.378427706581,0.3275514794780406,40.66666666666666,0.3333333333333333,4.833333333333333,35.5,60.80354493475223,0.1666666666666666,0.1666666666666666,0.0,4.833333333333333,8.666666666666666,2.333333333333333,20.0,4.5,0.0,0.0,9.967880955163606,10.168997312921952
2018.0,205.5,611.5039803471642,0.3360566841827148,669.6666666666666,35.33333333333333,42.833333333333336,591.5,724.1942754396016,27.33333333333333,8.0,1.8333333333333333,41.0,202.16666666666663,77.66666666666667,61.5,250.16666666666663,0.0,0.0,39.19055647520562,15.33705229772933
2019.0,227.5,491.44430855382393,0.4629212222834884,906.8333333333331,102.5,28.5,775.8333333333333,968.8003201584476,52.833333333333336,49.66666666666666,1.8333333333333333,26.666666666666668,134.16666666666666,189.0,34.166666666666664,418.5,0.0,0.0,44.96301759688739,17.003969228226964
2020.0,285.8333333333333,971.019534704952,0.2943641431685356,0.0,0.0,0.0,0.0,34.17833197708454,0.0,0.0,0.0,0.0,0.0,0.0,0.0,0.0,1.0099233444762437,0.0,12.163505468327932,21.004903164280368
2021.0,300.0,776.0049925120366,0.3865954509246881,351.66666666666663,25.666666666666664,13.833333333333334,312.16666666666663,399.5018647621509,16.833333333333332,8.833333333333334,4.0,9.833333333333334,52.66666666666666,159.16666666666666,15.166666666666666,85.16666666666667,0.0,0.0,25.83006144719048,22.00513664829372
2022.0,1396.3333333333333,3248.318247416044,0.4298634637920966,235.16666666666663,40.5,12.333333333333334,182.3333333333333,504.3610677192922,25.0,15.5,8.5,3.8333333333333335,44.0,9.333333333333334,14.666666666666666,114.33333333333331,18.346687705023395,0.0,147.32362269433904,103.5240906532631
2023.0,755.1666666666666,1687.2749843557365,0.447565852435735,63.833333333333336,4.0,1.1666666666666667,58.66666666666667,187.3869194290865,2.333333333333333,1.6666666666666667,1.1666666666666667,0.0,5.0,36.333333333333336,1.1666666666666667,16.166666666666668,8.584280762482335,0.0,59.1229218983144,55.84638343495643
2024.0,183.0,399.5902755043901,0.45796910289922577,339.6666666666667,0.3333333333333333,0.0,339.33333333333337,374.3876357831413,0.1666666666666666,0.1666666666666666,0.0,0.0,1.0,337.5,0.1666666666666666,0.6666666666666666,0.0,0.0,20.717700340287703,14.003268776186912
2025.0,846.1666666666666,1841.415752525792,0.45951961989356055,199.66666666666669,3.1666666666666665,6.333333333333333,190.16666666666669,304.13630344668985,2.1666666666666665,1.0,0.0,6.333333333333333,20.166666666666668,100.33333333333331,19.83333333333333,49.833333333333336,0.0,0.0,41.45492728718208,63.0147094928411
2026.0,440.3333333333333,957.2402661376055,0.4600029364728315,301.8333333333333,103.83333333333331,31.666666666666668,166.33333333333331,372.9328895933272,49.66666666666666,54.16666666666666,2.6666666666666665,29.0,27.33333333333333,16.5,12.666666666666666,109.83333333333331,0.0,0.0,38.42517215869869,32.67438410129522
2027.0,0.0,0.0,0.0,2463.1666666666665,659.5,83.33333333333334,1720.3333333333333,2569.665182274418,374.1666666666667,285.3333333333333,49.833333333333336,33.5,372.8333333333333,98.5,161.66666666666666,1087.3333333333333,8.079386755809947,0.0,98.41912885194074,0.0
2028.0,769.0,2135.253426725425,0.36014460409007304,35.5,17.5,0.3333333333333333,17.666666666666668,132.57792397276413,16.666666666666668,0.8333333333333334,0.3333333333333333,0.0,1.8333333333333333,0.5,0.5,14.833333333333334,1.0099233444762437,0.0,39.05469203952688,57.013308588761
2029.0,1528.8333333333333,3331.975827206547,0.4588368621554714,184.3333333333333,22.0,11.833333333333332,150.5,376.1222183585211,14.5,7.5,7.0,4.833333333333333,39.333333333333336,9.333333333333334,25.166666666666668,76.66666666666667,4.039693377904974,0.0,74.72280795377414,113.02638369350863
2030.0,293.5,1063.5106339919491,0.27597279295490507,50.50000000000001,0.0,10.333333333333334,40.16666666666667,95.55223843628862,0.0,0.0,10.0,0.3333333333333333,2.0,4.5,27.666666666666668,6.0,7.912027763143164,0.0,15.301844920408874,21.83836575273657
2031.0,228.66666666666663,836.0267033671195,0.2735159842929725,288.3333333333333,31.5,72.16666666666667,184.66666666666663,407.6435977541272,17.0,14.5,64.66666666666667,7.5,61.0,32.166666666666664,17.333333333333332,74.16666666666667,8.080093842256135,0.0,94.22614713892638,17.004023439611313
2032.0,481.8333333333333,1787.005479470361,0.2696317044736431,360.0,27.83333333333333,101.16666666666669,231.0,429.21016097410825,14.666666666666666,13.166666666666666,83.16666666666667,18.0,13.166666666666666,108.83333333333331,62.16666666666666,46.833333333333336,0.0,0.0,33.368359736600134,35.841801237508065
2033.0,668.3333333333334,1978.177704052756,0.3378530310821406,284.0,6.333333333333334,7.166666666666666,270.5,371.2649699708151,4.0,2.333333333333333,4.0,3.1666666666666665,10.333333333333334,237.33333333333331,2.1666666666666665,20.666666666666668,0.0,0.0,37.75343322856125,49.51153674225375
2034.0,91.0,182.82378276484687,0.4977470579801249,0.0,0.0,0.0,0.0,24.462137247278704,0.0,0.0,0.0,0.0,0.0,0.0,0.0,0.0,2.0198466889524878,0.0,15.440639491058713,7.001651067267502
2035.0,461.3333333333333,1466.1888219228592,0.3146479678710888,3.0,0.0,0.0,3.0,79.17250331425748,0.0,0.0,0.0,0.0,0.0,0.0,3.0,0.0,9.427410498381134,0.0,32.57037095667449,34.17472185920186
2036.0,602.1666666666666,1437.6469243273352,0.4188557402217628,60.49999999999999,0.1666666666666666,0.0,60.33333333333333,155.11293414242215,0.1666666666666666,0.0,0.0,0.0,0.0,60.16666666666666,0.0,0.1666666666666666,0.3366862252025706,0.0,49.76583706466662,44.51041085255296
2037.0,144.16666666666666,412.5027647393941,0.3494926070562133,93.66666666666669,16.666666666666668,6.0,71.0,117.12246689554672,16.666666666666668,0.0,0.0,6.0,0.0,69.66666666666667,1.0,0.3333333333333333,2.524175311535534,0.0,10.095631583167457,10.83599333417706
2038.0,182.5,557.8971541353819,0.3271212241310586,902.1666666666669,167.5,446.33333333333337,288.33333333333337,959.1640464976142,49.0,118.5,431.1666666666667,15.166666666666666,2.833333333333333,32.0,80.0,173.5,0.0,0.0,43.494165289252784,13.50321454169471
2039.0,1210.1666666666667,3664.042318158397,0.33028184763840684,803.8333333333334,611.5,42.833333333333336,149.5,973.184390766382,333.6666666666667,277.8333333333333,15.166666666666666,27.666666666666668,12.333333333333334,10.333333333333334,7.5,119.33333333333331,0.0,0.0,79.8301273033421,89.5209301297066
2040.0,1105.5,3011.4486099759947,0.36709907528815916,92.5,26.33333333333333,18.666666666666664,47.5,224.6586153653888,24.33333333333333,2.0,16.833333333333332,1.8333333333333333,7.833333333333333,3.333333333333333,3.6666666666666665,32.666666666666664,0.0,0.0,50.140228152917366,82.01838721247145
2041.0,454.5,1565.181412957999,0.29038167476129895,17.666666666666668,0.0,11.833333333333334,5.833333333333333,77.06664250635762,0.0,0.0,0.0,11.833333333333334,5.833333333333333,0.0,0.0,0.0,1.0099233444762437,0.0,24.715564086280423,33.674488408934295
2042.0,256.3333333333333,981.0488339471816,0.26128498853823007,68.5,3.166666666666667,35.0,30.333333333333336,100.3804055647952,2.0,1.1666666666666667,35.0,0.0,3.5,8.0,0.1666666666666666,18.666666666666668,0.0,0.0,12.875969368541538,19.004436196253664
2043.0,372.0,1423.6610162316863,0.26129815718678134,64.66666666666666,27.166666666666664,14.0,23.5,109.98202473845691,26.33333333333333,0.8333333333333334,12.0,2.0,0.0,0.0,0.0,23.5,0.0,0.0,17.308820519416432,28.006537552373825
2044.0,819.5,2806.559499545841,0.2919945221658803,112.0,0.0,2.6666666666666665,109.33333333333331,221.26915793742944,0.0,0.0,2.5,0.1666666666666666,4.5,74.5,17.833333333333332,12.5,0.0,0.0,48.75494462208773,60.51421331534171
2045.0,298.0,797.0654470136274,0.3738714319087842,92.83333333333331,1.1666666666666667,54.16666666666666,37.5,130.3303295841445,0.1666666666666666,1.0,54.16666666666666,0.0,5.0,24.33333333333333,2.1666666666666665,6.0,0.0,0.0,15.491859602517415,22.00513664829372
2046.0,258.1666666666667,877.8809153835705,0.2940793701545118,0.0,0.0,0.0,0.0,29.23769610873816,0.0,0.0,0.0,0.0,0.0,0.0,0.0,0.0,0.0,0.0,10.233259912484492,19.004436196253664
2047.0,651.3333333333334,1595.9316892277272,0.4081210603998434,365.6666666666666,0.5,0.0,365.1666666666666,457.3542501017616,0.3333333333333333,0.1666666666666666,0.0,0.0,1.0,363.5,0.3333333333333333,0.3333333333333333,3.0297700334287305,0.0,40.31305613149629,48.34475727016991
2048.0,937.1666666666666,2790.816580683446,0.33580374760320614,0.0,0.0,0.0,0.0,115.66204124903273,0.0,0.0,0.0,0.0,0.0,0.0,0.0,0.0,0.0,0.0,46.312484965937216,69.34955628309551
2049.0,14.0,37.88266990659272,0.3695621252282322,94.5,0.1666666666666666,0.0,94.33333333333331,99.80079415793512,0.1666666666666666,0.0,0.0,0.0,0.0,94.33333333333331,0.0,0.0,0.0,0.0,4.300560673921768,1.0002334840133509
2050.0,371.5,1308.2776200081526,0.283961136626097,0.0,0.0,0.0,0.0,47.06474285889495,0.0,0.0,0.0,0.0,0.0,0.0,0.0,0.0,0.0,0.0,19.55830124520688,27.506441613688065
2051.0,339.0,1399.71995998936,0.2421913023249143,0.0,0.0,0.0,0.0,38.44321810321474,0.0,0.0,0.0,0.0,0.0,0.0,0.0,0.0,0.0,0.0,13.437381002880974,25.005837100333768
2052.0,613.0,2186.7855928103,0.28032012009564067,121.83333333333334,6.5,1.1666666666666663,114.16666666666669,204.3139253435433,3.8333333333333335,2.6666666666666665,0.6666666666666666,0.5,6.166666666666667,92.83333333333331,3.1666666666666665,12.0,0.0,0.0,37.470085229609175,45.01050678060079
2053.0,1986.0,4810.879346162161,0.412814343719577,722.0,137.83333333333334,43.66666666666667,540.5,979.3709455004098,121.0,16.833333333333332,8.333333333333334,35.333333333333336,116.83333333333331,172.33333333333334,28.5,222.83333333333331,0.0,0.0,110.17003584264852,147.2009096577611
2054.0,522.6666666666666,1324.657117542929,0.3945675146759088,0.0,0.0,0.0,0.0,61.55925894894296,0.0,0.0,0.0,0.0,0.0,0.0,0.0,0.0,0.0,0.0,22.55004057522205,39.009218373720906
2055.0,718.0,1973.899020950135,0.36374707742364204,37.83333333333333,36.66666666666666,0.1666666666666666,1.0,120.8056467305444,4.0,32.666666666666664,0.1666666666666666,0.0,0.5,0.0,0.1666666666666666,0.3333333333333333,0.0,0.0,29.95993874450349,53.01237465270759
2056.0,1498.0,3581.1539357230126,0.4183009239164591,155.0,30.166666666666668,7.333333333333333,117.5,407.5318594074752,19.166666666666668,11.0,5.333333333333333,2.0,31.666666666666668,5.0,11.666666666666666,69.16666666666667,0.0,0.0,141.50682183159253,111.0250375758826
2057.0,457.0,1168.538855148142,0.39108669599357365,399.8333333333333,0.3333333333333333,4.666666666666667,394.8333333333333,467.80468153480746,0.3333333333333333,0.0,0.0,4.666666666666667,10.0,301.5,56.5,26.83333333333333,0.0,0.0,33.96340974502024,34.00793845645393
2058.0,1668.3333333333333,4067.44356156856,0.41016754334262007,377.5,123.66666666666666,9.666666666666668,244.16666666666663,600.76802873105,52.16666666666666,71.5,5.666666666666667,4.0,48.5,13.666666666666666,24.0,158.0,1.5153770766816157,0.0,98.0575497224251,123.69510193194331
2059.0,195.0,429.43891264630616,0.4540808814887383,83.5,13.5,6.166666666666666,63.833333333333336,136.0314322403577,8.5,5.0,3.1666666666666665,3.0,17.166666666666668,3.333333333333333,5.5,37.833333333333336,0.0,0.0,38.02840502584468,14.503027214513017
2060.0,0.0,0.0,0.0,253.0,17.166666666666668,72.0,163.83333333333334,263.0280643052856,11.5,5.666666666666667,0.8333333333333334,71.16666666666667,36.833333333333336,64.66666666666667,2.1666666666666665,60.16666666666666,0.0,0.0,10.02806430528562,0.0
2061.0,1.0000000003572125,2.6470806841588623,0.37777465807581645,499.1666668449753,69.83333335827868,148.66666671977228,280.6666667669243,518.9862512966464,22.50000000803728,47.333333350241396,4.83333333505986,143.8333333847124,42.50000001518153,43.333333348812545,5.166666668512264,189.66666673441793,0.0,0.0,19.819584451671282,0.0
2062.0,582.8333333333334,2017.7164069878063,0.2888579045671881,74.0,0.0,0.0,74.0,146.5452595213026,0.0,0.0,0.0,0.0,0.0,73.83333333333333,0.0,0.1666666666666666,0.0,0.0,29.201786340382927,43.34347318091968
2063.0,235.66666666666663,701.3728177492452,0.3360076990479009,1019.8333333333331,163.0,41.0,815.8333333333333,1115.8684089023625,28.666666666666668,134.33333333333334,4.833333333333333,36.16666666666666,154.83333333333334,65.66666666666667,359.8333333333333,235.5,10.603002341812498,0.0,68.0948705787488,17.33720264846748
2064.0,415.0,1327.2079902752446,0.3126864839880407,1020.8333333333334,489.1666666666667,88.66666666666667,443.0,1109.588055733945,245.33333333333331,243.83333333333331,10.166666666666666,78.5,108.83333333333331,83.83333333333333,31.666666666666668,218.66666666666663,0.0,0.0,57.91420108037068,30.84052132024108
2065.0,254.33333333333331,786.6160003607419,0.32332590897807334,29.0,0.0,0.0,29.0,62.56920989534732,0.0,0.0,0.0,0.0,0.0,28.83333333333333,0.0,0.1666666666666666,0.0,0.0,14.564773699093658,19.004436196253664
2066.0,698.8333333333334,2139.8919587568967,0.32657412000337566,460.00000000000006,84.33333333333333,23.166666666666668,352.50000000000006,560.2800832270133,16.833333333333332,67.5,3.6666666666666665,19.5,36.333333333333336,208.33333333333331,20.166666666666668,87.66666666666667,0.0,0.0,48.434658742491735,51.84542448452145
2067.0,468.6666666666667,1196.1271543145538,0.3918201045567252,460.5,77.0,21.666666666666664,361.8333333333333,545.5051869808875,32.5,44.5,0.8333333333333334,20.83333333333333,56.0,44.5,90.33333333333331,171.0,0.0,0.0,50.16371921740219,34.84146776348528
2068.0,164.66666666666666,423.5332256284837,0.38879279523422683,0.0,0.0,0.0,0.0,18.696617422701305,0.0,0.0,0.0,0.0,0.0,0.0,0.0,0.0,0.0,0.0,6.527098930368301,12.169518492333005
2069.0,995.8333333333334,2711.282743044803,0.36729232164661685,1020.5,328.83333333333337,43.333333333333336,648.3333333333333,1192.605077531701,218.33333333333331,110.5,7.5,35.833333333333336,93.33333333333331,129.0,77.33333333333333,348.6666666666667,0.0,0.0,98.42120409367612,73.68387343802479
2070.0,1002.5,2318.785031231606,0.43233848178997836,248.66666666666663,21.666666666666664,16.5,210.5,392.9301255979847,17.833333333333332,3.8333333333333335,5.166666666666667,11.333333333333334,61.833333333333336,17.833333333333332,34.0,96.83333333333331,0.0,0.0,69.91254766841396,74.35091126290415
2071.0,752.1666666666666,1938.3352561524337,0.38804776639089056,417.83333333333337,220.8333333333333,12.333333333333334,184.66666666666669,539.3945281009381,149.66666666666666,71.16666666666667,6.666666666666667,5.666666666666667,44.833333333333336,13.5,17.833333333333332,108.5,2.524458003580204,0.0,63.19014917706607,55.84658758695856
2072.0,618.6666666666666,1574.1083792014936,0.39302672855378673,0.0,0.0,0.0,0.0,70.53367448905644,0.0,0.0,0.0,0.0,0.0,0.0,0.0,0.0,0.0,0.0,24.5229342244423,46.010740264614135
2073.0,277.0,701.9456916424816,0.3946174231112497,89.33333333333333,21.5,19.0,48.83333333333333,126.87548345732088,14.333333333333334,7.166666666666667,1.0,18.0,6.333333333333333,9.166666666666666,0.6666666666666666,32.666666666666664,2.0198466889524878,0.0,15.18432539081349,20.337978044221583
2074.0,432.5,1312.7345423688676,0.3294649344867099,2376.166666666667,311.16666666666663,237.83333333333331,1827.1666666666667,2838.2402757544764,206.66666666666663,104.5,92.0,145.83333333333334,495.8333333333333,129.16666666666666,239.83333333333331,962.3333333333334,7.406856722982462,0.0,422.4928267294763,32.17392563535133
2075.0,116.0,362.5126679099836,0.31998881768403264,1346.8333333333337,0.1666666666666666,3.0,1343.6666666666667,1417.9867293839864,0.1666666666666666,0.0,0.1666666666666666,2.833333333333333,21.83333333333333,69.33333333333333,1245.5,7.0,0.0,0.0,62.48460305848747,8.668792992165587
2076.0,130.0,394.76851540579406,0.32930691006695206,1638.3333333333333,89.83333333333333,170.83333333333334,1377.6666666666663,1721.2733852461702,69.33333333333333,20.5,5.833333333333333,165.0,530.5,263.8333333333333,140.66666666666666,442.6666666666667,1.0099233444762437,0.0,71.92779372822702,10.002334840133509
2077.0,351.1666666666667,1121.8627013693815,0.3130210731117288,292.6666666666667,28.333333333333336,31.0,233.33333333333331,344.69330353971355,20.0,8.333333333333334,2.1666666666666665,28.83333333333333,55.833333333333336,44.5,39.0,94.0,0.0,0.0,26.020566288699765,26.00607058434712
2078.0,279.0,910.6554420122974,0.3063727367438632,265.3333333333333,8.666666666666666,7.166666666666666,249.5,307.9144970966924,8.666666666666666,0.0,0.3333333333333333,6.833333333333333,12.166666666666666,187.16666666666663,3.333333333333333,46.833333333333336,0.0,0.0,21.57626059907868,21.004903164280368
2079.0,749.8333333333334,1603.2974372567787,0.46768198832544045,1034.6666666666663,189.0,139.5,706.1666666666666,1191.91735963041,84.16666666666667,104.83333333333331,2.833333333333333,136.66666666666666,72.33333333333333,282.5,56.333333333333336,295.0,0.0,0.0,101.5710637345323,55.67962922921127
2080.0,459.8333333333333,1144.0597379589417,0.40193122620825583,544.8333333333334,115.66666666666669,33.66666666666667,395.5,651.8344391251857,103.5,12.166666666666666,12.0,21.666666666666668,78.33333333333333,46.333333333333336,54.16666666666666,216.66666666666663,0.5050293378038558,0.0,72.48800882122023,34.0080676328282
2081.0,161.16666666666666,380.91134504896246,0.4231080768832187,230.5,5.666666666666667,8.0,216.8333333333333,275.0395846802002,4.0,1.6666666666666667,1.3333333333333333,6.666666666666667,59.16666666666666,29.5,79.5,48.66666666666666,1.0099233444762437,0.0,31.8601970778832,11.669464257840804
2082.0,446.0,1103.1869493929164,0.4042832452336694,2199.833333333333,1201.5,716.5,281.83333333333337,2337.87867239638,724.8333333333334,476.6666666666667,487.3333333333333,229.16666666666663,16.5,73.83333333333333,5.666666666666667,185.83333333333331,0.0,0.0,104.87104242146164,33.17429664158442
2083.0,428.6666666666667,952.7131186035066,0.4499430713151187,416.6666666666666,54.5,31.0,331.16666666666663,518.7688985117213,34.0,20.5,7.166666666666667,23.83333333333333,59.5,39.66666666666666,30.83333333333333,201.16666666666663,7.40572524213476,0.0,62.855343613488905,31.84116298943109
2084.0,0.0,0.0,0.0,1111.0,435.6666666666666,95.16666666666669,580.1666666666667,1157.0600872710588,267.3333333333333,168.33333333333334,4.5,90.66666666666669,108.33333333333331,154.33333333333334,30.33333333333333,287.1666666666667,2.0198466889524878,0.0,44.04024058210655,0.0
2085.0,145.5,449.2419348196588,0.32387893632060133,24.83333333333334,0.1666666666666666,0.0,24.66666666666667,44.26520174691787,0.1666666666666666,0.0,0.0,0.0,23.166666666666668,0.1666666666666666,1.1666666666666667,0.1666666666666666,0.8412975398302879,0.0,7.754423338183397,10.836147535570849
2086.0,380.5,1213.7858262404386,0.3134819930947413,0.0,0.0,0.0,0.0,46.25543155035341,0.0,0.0,0.0,0.0,0.0,0.0,0.0,0.0,0.0,0.0,18.24889399797959,28.006537552373825
2087.0,373.1666666666667,1060.4111693880016,0.35190752176067097,0.0,0.0,0.0,0.0,43.46509074116167,0.0,0.0,0.0,0.0,0.0,0.0,0.0,0.0,0.0,0.0,15.45855318878784,28.006537552373825
2088.0,404.8333333333333,1171.2836841810924,0.34563218014632735,100.0,0.5,14.5,85.0,170.35207696351603,0.3333333333333333,0.1666666666666666,0.0,14.5,3.0,66.83333333333333,2.6666666666666665,12.5,0.0,0.0,40.345097468135,30.006979495381007
2089.0,129.83333333333334,340.9341929566024,0.3808164039148161,99.0,2.6666666666666665,31.166666666666668,65.16666666666666,123.4055054788846,1.3333333333333333,1.3333333333333333,31.166666666666668,0.0,4.166666666666667,7.333333333333333,43.66666666666666,10.0,0.0,0.0,14.403170638751078,10.002334840133509
2090.0,500.0,1701.545358404096,0.293850526834593,87.0,0.5,0.1666666666666666,86.33333333333333,149.06216575172755,0.5,0.0,0.0,0.1666666666666666,0.3333333333333333,85.5,0.1666666666666666,0.3333333333333333,0.0,1.785849413466203,23.26767742976735,37.00863890849399
2091.0,522.8333333333334,1377.8078767920736,0.379467516581947,176.66666666666663,87.0,41.83333333333333,47.83333333333333,243.4031093183549,1.8333333333333333,85.16666666666667,41.66666666666666,0.1666666666666666,3.8333333333333335,2.1666666666666665,13.5,28.33333333333333,0.0,0.0,27.72733677516751,39.009105876520685
2092.0,940.6666666666666,2178.7182728065195,0.43175231897006366,166.0,3.0,115.33333333333334,47.66666666666666,280.55905067745266,0.0,3.0,115.16666666666669,0.1666666666666666,0.0,37.0,0.1666666666666666,10.5,1.0099233444762437,0.0,43.86620431319661,69.68292301977976
2093.0,162.33333333333334,519.6128032199905,0.31241211210995823,360.33333333333337,117.0,18.33333333333333,225.0,398.09389689148185,45.333333333333336,71.66666666666667,2.333333333333333,16.0,24.83333333333333,99.33333333333331,36.333333333333336,64.5,4.039693377904974,0.0,21.71806837208334,12.002801808160212
2094.0,522.5,1680.8092674649467,0.31086216033783065,1223.8333333333337,604.1666666666667,45.333333333333336,574.3333333333334,1332.230437065355,418.1666666666667,186.0,13.0,32.333333333333336,85.83333333333333,36.833333333333336,90.0,361.6666666666667,0.0,0.0,69.3879978555011,39.009105876520685
2095.0,317.8333333333333,1122.8451584111829,0.2830606971517471,193.16666666666663,0.5,0.1666666666666666,192.5,238.7602077850221,0.1666666666666666,0.3333333333333333,0.0,0.1666666666666666,0.0,192.16666666666663,0.0,0.3333333333333333,0.0,0.0,22.25485011490301,23.33869100345243
2096.0,137.5,384.5669449710267,0.35754503032068774,0.0,0.0,0.0,0.0,32.49334439418924,0.0,0.0,0.0,0.0,0.0,0.0,0.0,0.0,4.20831918255093,0.0,17.949494515388388,10.33553069624992
2097.0,544.8333333333334,1371.6672926262715,0.3972051650296077,113.33333333333331,26.83333333333333,17.333333333333332,69.16666666666666,187.43068836658165,3.333333333333333,23.5,0.5,16.833333333333332,17.333333333333332,13.0,2.0,36.833333333333336,0.0,0.0,33.754694801568924,40.3426602316794
2098.0,225.5,525.2656411202539,0.4293065876516644,293.83333333333337,4.333333333333334,5.333333333333333,284.1666666666667,333.7580170457924,3.333333333333333,1.0,1.0,4.333333333333333,13.5,14.5,185.5,70.66666666666667,0.0,0.0,23.08738946421125,16.83729424824773
2099.0,145.33333333333334,340.7927864609985,0.42645660092328797,230.8333333333333,9.666666666666666,45.66666666666667,175.49999999999997,278.0053704243319,6.833333333333333,2.833333333333333,1.3333333333333333,44.333333333333336,41.66666666666666,35.0,35.666666666666664,63.16666666666666,9.424729513509591,0.0,26.911635163928224,10.835672413560763
2100.0,474.0,1666.486414646423,0.28443076153163127,0.0,0.0,0.0,0.0,53.79672236927431,0.0,0.0,0.0,0.0,0.0,0.0,0.0,0.0,0.0,0.0,18.788550428807028,35.00817194046728
2101.0,368.5,982.3117019316096,0.3751355086938134,344.5,24.666666666666668,27.5,292.3333333333333,412.5220182948053,18.666666666666668,6.0,3.8333333333333335,23.666666666666668,56.66666666666666,101.33333333333331,8.0,126.33333333333331,8.752623875083621,0.0,31.929727776022304,27.339666643699392
2102.0,327.3333333333333,877.4605333951237,0.37304621789289516,270.66666666666663,62.66666666666667,11.5,196.5,323.39642178209533,59.833333333333336,2.833333333333333,0.6666666666666666,10.833333333333334,85.0,15.833333333333334,57.5,38.16666666666666,2.0198466889524878,0.0,26.70444233237548,24.00546609410068
2103.0,346.3333333333333,760.0256413416878,0.4556863801620488,1158.6666666666667,295.0,49.833333333333336,813.8333333333334,1244.3399471536352,264.5,30.5,4.0,45.833333333333336,178.0,201.83333333333331,20.5,413.5,0.0,0.0,59.66720990262153,26.00607058434712
2104.0,0.0,0.0,0.0,6034.333333333334,802.0,869.3333333333334,4363.0,6278.516222462287,691.6666666666666,110.33333333333331,224.5,644.8333333333334,1210.8333333333333,472.3333333333333,80.83333333333333,2599.0,0.0,0.0,244.18288912895292,0.0
2105.0,536.5,1158.132220270806,0.46324589767008656,2354.333333333333,349.0,172.83333333333334,1832.5,2508.762637294212,250.5,98.5,23.33333333333333,149.5,382.0,280.6666666666667,386.8333333333333,783.0,0.0,0.0,114.5865687873172,39.842735173561465
2106.0,306.6666666666667,706.6326985364767,0.4339831248989908,0.0,0.0,0.0,0.0,36.82796272925114,0.0,0.0,0.0,0.0,0.0,0.0,0.0,0.0,0.0,0.0,13.82259259694407,23.005370132307068
2107.0,284.0,651.298992356564,0.43605164960015735,692.1666666666666,192.0,18.666666666666668,481.5,751.8650789084805,178.83333333333334,13.166666666666666,3.6666666666666665,15.0,45.833333333333336,57.5,158.0,220.16666666666663,0.0,0.0,38.69350907753361,21.004903164280368
2108.0,643.0,1240.066747664818,0.5185204757815172,2996.0,860.5,309.0,1826.5,3188.254429768925,366.0,494.5,76.5,232.5,191.16666666666663,68.66666666666667,797.6666666666666,769.0,0.0,0.0,144.24322253628426,48.01120723264084
2109.0,724.1666666666666,1546.479971500696,0.4682677305959153,1328.5,246.0,41.0,1041.5,1480.7173502274466,81.16666666666667,164.83333333333334,4.666666666666667,36.333333333333336,147.66666666666666,424.8333333333333,51.16666666666666,417.8333333333333,0.673237119273673,0.0,97.86516751681908,53.67894559135372
2110.0,432.6666666666667,1223.27356152364,0.35369575561476346,431.5,7.166666666666667,23.666666666666668,400.6666666666667,572.099000258077,7.0,0.1666666666666666,23.166666666666668,0.5,92.33333333333331,20.33333333333333,214.83333333333331,73.16666666666667,0.0,0.0,108.59154128747848,32.0074589705985
2111.0,0.0,0.0,0.0,2384.3333293523574,187.3333330205543,1618.1666639649127,578.8333323668908,2479.8539936859834,154.3333330756524,32.999999944901916,1611.499997309377,6.6666666555357414,74.4999998756119,82.66666652864319,3.833333326933051,417.83333263570256,1.0099233427900365,0.0,94.51074099083553,0.0
2112.0,181.5,472.8929223023572,0.38380781661171265,1188.5,185.16666666666663,40.16666666666666,963.1666666666666,1273.97079534778,63.66666666666666,121.5,2.1666666666666665,38.0,198.5,127.33333333333331,78.66666666666667,558.6666666666666,0.0,0.0,71.96760165912156,13.503193688658454
2113.0,197.33333333333331,526.339743141976,0.3749162701553856,1634.5,505.8333333333333,58.66666666666666,1070.0,1746.4424470881177,237.0,268.8333333333333,7.0,51.66666666666666,130.66666666666666,108.0,150.66666666666666,680.6666666666666,0.0,0.0,97.1056782019024,14.83676888621549
2114.0,118.83333333333331,304.129114529346,0.3907331710653005,547.5,280.0,10.0,257.5,614.9134419522211,183.33333333333331,96.66666666666669,1.3333333333333333,8.666666666666666,32.333333333333336,25.5,34.0,165.66666666666666,0.0,0.0,58.74483225026245,8.668609701958694
2115.0,217.66666666666663,610.3591113942354,0.35662065594376646,0.0,0.0,0.0,0.0,24.631518012027392,0.0,0.0,0.0,0.0,0.0,0.0,0.0,0.0,0.0,0.0,8.62778226781378,16.003735744213614
2116.0,258.1666666666667,598.836126948639,0.4311140478149694,16.0,0.0,0.0,16.0,47.21559192678588,0.0,0.0,0.0,0.0,9.0,0.0,6.0,1.0,1.0099233444762437,0.0,11.201232386055976,19.004436196253664
2117.0,459.3333332465397,1055.3020933878038,0.43526241075856875,5605.49999894081,174.49999996702726,276.33333328111866,5154.6666656926645,5880.067083850037,107.3333333130521,67.16666665397516,16.666666663517407,259.6666666176012,2829.9999994652558,505.499999904483,55.3333333228778,1763.833333000047,0.0,0.0,240.39234637730954,34.17473853191841
2118.0,0.0,0.0,0.0,2474.833333333333,385.0,1531.5,558.3333333333334,2572.9312509185334,333.6666666666667,51.333333333333336,162.66666666666666,1368.8333333333333,260.1666666666667,14.166666666666666,32.5,251.5,0.0,0.0,98.09791758520022,0.0
2119.0,438.5,962.2699341442884,0.4556933397175524,821.3333333333334,51.66666666666666,114.33333333333331,655.3333333333334,912.2951136176964,42.5,9.166666666666666,1.5,112.83333333333331,198.66666666666663,155.83333333333334,28.166666666666668,272.6666666666667,2.0198466889524878,0.0,56.43438284747159,32.50755074793894
2120.0,192.5,457.5421718018475,0.4207262452812065,3977.666666666667,950.5,540.0,2487.166666666667,4157.965992990428,471.6666666666667,478.8333333333333,164.33333333333334,375.6666666666667,489.0,409.3333333333333,391.1666666666667,1197.6666666666667,0.0,0.0,166.12934086340198,14.169985460359705
2121.0,301.1666666666667,896.8638293818088,0.33579976892841706,1221.0,250.66666666666669,98.83333333333331,871.5,1313.746411054468,90.33333333333331,160.33333333333334,3.0,95.83333333333331,174.5,122.16666666666669,148.83333333333334,426.0,0.0,3.571698826932406,66.83625470809648,22.33845751943908
2122.0,444.8333333333333,1324.924745302089,0.33574233926162295,663.0,194.0,56.66666666666666,412.33333333333337,753.2544976186846,181.83333333333331,12.166666666666666,5.666666666666667,51.0,82.5,63.833333333333336,104.5,161.5,0.0,0.0,57.24716349619282,33.007334122491805
2123.0,309.5,912.188715197879,0.339293826862198,805.0,26.83333333333333,49.16666666666666,729.0,899.5240884807214,18.33333333333333,8.5,15.5,33.666666666666664,132.5,444.0,38.333333333333336,114.16666666666669,0.6736551424498116,0.0,70.844538154622,23.005895183649624
2124.0,345.3333333333333,1137.984989268647,0.3034603589589261,60.0,0.1666666666666666,0.0,59.833333333333336,112.57270126284864,0.1666666666666666,0.0,0.0,0.0,0.0,59.5,0.0,0.3333333333333333,0.0,0.0,27.06679741019396,25.505903852654694
2125.0,133.1666568816044,408.91537550172575,0.32565822871838285,0.0,0.0,0.0,0.0,15.780085349538325,0.0,0.0,0.0,0.0,0.0,0.0,0.0,0.0,0.0,0.0,5.777751244374546,10.00233410516378
2126.0,459.6666666653557,1518.3292115167976,0.3027450589626427,3.999999999988592,0.0,0.0,3.999999999988592,61.062704274696465,0.0,0.0,0.0,0.0,0.0,0.0,3.999999999988592,0.0,1.0099233444733633,0.0,22.044842473877573,34.00793845635694
2127.0,520.1666666666666,1157.9970834345877,0.449195144018728,2175.0,1127.1666666666667,6.0,1041.8333333333333,2322.009185624511,1126.1666666666667,1.0,4.666666666666667,1.3333333333333333,267.5,4.5,3.8333333333333335,766.0,0.0,0.0,108.66689237084826,38.34229325366213
2128.0,2.0,3.372534556928626,0.5930257989176556,4543.5,680.6666666666667,381.1666666666667,3481.666666666667,4735.671201362553,576.8333333333334,103.83333333333331,94.0,287.1666666666667,839.5,613.8333333333334,114.5,1913.8333333333333,0.0,0.0,192.17120136255244,0.0
2129.0,1083.3333333333333,2575.8637236064064,0.4205709034236422,1102.3333333333337,194.16666666666663,169.0,739.1666666666667,1280.6853661259192,181.66666666666663,12.5,17.5,151.5,125.16666666666669,66.16666666666667,50.333333333333336,497.5,2.0198466889524878,0.0,95.9800573350458,80.3521287685877
2130.0,331.3333333333333,985.4981700389952,0.3362089787748898,0.0,0.0,0.0,0.0,37.80579275577135,0.0,0.0,0.0,0.0,0.0,0.0,0.0,0.0,0.0,0.0,13.13340570295722,24.67238705281413
2131.0,19.0,56.882855713905705,0.3340197984355982,146.66666666666666,0.1666666666666666,0.1666666666666666,146.33333333333331,154.23374352620044,0.0,0.1666666666666666,0.1666666666666666,0.0,0.0,146.16666666666666,0.0,0.1666666666666666,0.0,0.0,6.566843375520434,1.0002334840133509
2132.0,275.3333333333333,790.1830228181402,0.3484424815296253,180.5,0.0,0.0,180.5,221.90634201028595,0.0,0.0,0.0,0.0,0.0,180.5,0.0,0.0,0.0,0.0,21.23496815303692,20.17137385724902
2133.0,0.0,0.0,0.0,0.0,0.0,0.0,0.0,2.0198466889524878,0.0,0.0,0.0,0.0,0.0,0.0,0.0,0.0,2.0198466889524878,0.0,0.0,0.0
2134.0,1388.1666666666667,3334.070677523434,0.41635790027636865,2159.0,254.16666666666663,111.66666666666669,1793.1666666666667,2413.5895340837187,201.16666666666663,53.0,34.5,77.16666666666667,334.6666666666667,234.33333333333331,167.0,1057.1666666666667,2.69308380822616,0.0,149.0397307380032,102.8567195374894
2135.0,635.3333333333334,2391.8086438724627,0.26562883070139576,64.0,0.0,0.0,64.0,142.2317722137566,0.0,0.0,0.0,0.0,0.0,63.833333333333336,0.1666666666666666,0.0,0.0,0.0,31.22079846512912,47.01097374862749
2136.0,569.6666666666666,1569.8581769418354,0.36287779051252045,11.0,0.0,4.666666666666667,6.333333333333333,83.20290627150617,0.0,0.0,4.666666666666667,0.0,0.0,3.0,3.1666666666666665,0.1666666666666666,1.0099233444762437,0.0,29.016514125680743,42.17646880134918
2137.0,221.50000001036366,738.4081568460662,0.2999696007644985,0.0,0.0,0.0,0.0,25.116882900598863,0.0,0.0,0.0,0.0,0.0,0.0,0.0,0.0,0.0,0.0,9.11314715563646,16.003735744962405
2138.0,1107.8333333333333,3239.4213796590407,0.34198494221518544,45.66666666666667,8.333333333333332,1.1666666666666667,36.16666666666667,444.908947431402,6.333333333333333,2.0,1.0,0.1666666666666666,6.5,2.333333333333333,3.1666666666666665,24.166666666666668,0.0,0.0,316.7230558161288,82.51922494860648
2139.0,0.0,0.0,0.0,2721.166666666667,292.6666666666667,264.5,2164.0,2831.863889969314,192.0,100.66666666666669,26.166666666666668,238.33333333333331,971.5,384.8333333333333,29.166666666666668,778.5,0.0,0.0,110.69722330264786,0.0
2140.0,542.5,1488.335841045663,0.36450106557862283,3337.833333333333,355.1666666666667,259.66666666666663,2723.0,3531.971412512168,241.33333333333331,113.83333333333331,163.16666666666666,96.5,926.8333333333334,219.0,360.0,1217.1666666666667,0.0,0.0,153.7954189471549,40.3426602316794
2141.0,1068.0,3277.015139893889,0.32590633683632664,314.3333333333333,35.333333333333336,27.166666666666668,251.8333333333333,516.4781759586119,24.166666666666668,11.166666666666666,18.166666666666668,9.0,113.5,20.666666666666668,26.166666666666668,91.5,0.0,0.0,122.79307234509533,79.35177028018333
2142.0,2.0,3.921848741596376,0.5099635737572853,3363.333333333333,146.33333333333331,213.83333333333331,3003.1666666666665,3496.7261413674955,106.83333333333331,39.5,8.333333333333334,205.5,1518.8333333333333,415.0,66.33333333333333,1003.0,0.0,0.0,133.39280803416193,0.0
2143.0,0.0,0.0,0.0,1319.6666666666663,333.66666666666663,44.16666666666666,941.8333333333331,1372.2816912890346,229.66666666666663,104.0,7.5,36.66666666666666,171.0,61.0,33.833333333333336,676.0,0.0,0.0,52.61502462236805,0.0
2144.0,409.8333333333333,933.0562282224386,0.43923755175409424,250.66666666666669,5.5,14.333333333333334,230.83333333333331,309.35469236328913,3.0,2.5,0.8333333333333334,13.5,69.0,18.166666666666668,25.5,118.16666666666669,0.0,0.0,28.51430449204913,30.173721204573315
2145.0,271.1666666666667,618.1503360546463,0.438674301137474,0.0,0.0,0.0,0.0,30.752880588148173,0.0,0.0,0.0,0.0,0.0,0.0,0.0,0.0,0.0,0.0,10.748210907881155,20.00466968026701
2146.0,835.9999997950807,1987.3093970789635,0.4206692732514983,190.83333328655644,3.1666666658904568,30.333333325898057,157.33333329476795,293.5496800177697,2.166666666135576,0.9999999997548812,14.66666666307159,15.666666662826472,46.999999988479416,58.166666652408914,1.4999999996323217,50.6666666542473,0.0,0.0,40.701870737586376,62.01447599362683
2147.0,473.5,1085.3903077266634,0.43624859797370025,0.0,0.0,0.0,0.0,53.77671075633039,0.0,0.0,0.0,0.0,0.0,0.0,0.0,0.0,0.0,0.0,18.768538815863103,35.00817194046728
2148.0,262.99999916813425,645.9462568039703,0.40715461448667956,0.0,0.0,0.0,0.0,29.429306910713958,0.0,0.0,0.0,0.0,0.0,0.0,0.0,0.0,0.0,0.0,10.42487077457109,19.004436136142868
2149.0,366.5,1012.709243154894,0.36190051831485437,3668.3333333333335,396.33333333333337,286.0,2986.0,3928.2631809862014,268.1666666666667,128.16666666666666,181.16666666666663,104.83333333333331,1035.5,258.1666666666667,408.1666666666667,1284.1666666666667,0.0,0.0,232.92354358450805,27.006304068360475
2150.0,391.5,892.8976156696359,0.4384601247998533,576.6666666666667,60.16666666666666,44.333333333333336,472.1666666666667,644.0501548841714,49.16666666666666,11.0,1.5,42.833333333333336,73.0,46.0,92.66666666666669,260.5,0.0,0.0,38.37671718111761,29.00677103638717
2151.0,403.0,917.1636187237268,0.4393981529280371,21.833333333333336,7.5,0.0,14.333333333333334,68.67989938574377,6.666666666666667,0.8333333333333334,0.0,0.0,0.0,0.0,0.0,14.333333333333334,0.0,0.0,16.839561532009903,30.007004520400525
2152.0,463.8333333333333,1057.880661326648,0.43845525330962903,173.16666666666669,16.666666666666668,13.833333333333334,142.66666666666669,234.09120199856685,13.5,3.1666666666666665,1.8333333333333333,12.0,26.33333333333333,35.333333333333336,30.0,51.0,0.0,0.0,26.749880191273476,34.17465514062672
2153.0,0.0,0.0,0.0,566.0,96.0,97.83333333333331,372.1666666666666,588.4348948558616,93.33333333333331,2.6666666666666665,6.0,91.83333333333331,12.333333333333334,296.8333333333333,2.5,60.5,0.0,0.0,22.4348948558616,0.0
2154.0,359.5,836.3346076199637,0.4298518759412134,2136.0,91.66666666666666,145.16666666666666,1899.1666666666667,2265.0982105917724,49.66666666666666,42.0,6.0,139.16666666666666,733.0,438.0,23.666666666666668,704.5,0.0,0.0,102.42539827512536,26.67281231664728
2155.0,721.6666666666666,1897.819840574248,0.3802608926505387,0.0,0.0,0.0,0.0,82.78432634676982,0.0,0.0,0.0,0.0,0.0,0.0,0.0,0.0,0.0,0.0,29.271926645934865,53.51239970083496
2156.0,489.1666666666667,1469.7281937504267,0.3328279805386462,91.66666666666666,6.833333333333333,2.0,82.83333333333333,155.19864065770724,0.0,6.833333333333333,0.0,2.0,13.0,1.3333333333333333,3.1666666666666665,65.33333333333333,0.0,0.0,27.52356856655996,36.00840542448063
2157.0,0.0,0.0,0.0,75.16666666666666,2.5,45.0,27.666666666666664,78.14566597471331,2.0,0.5,2.833333333333333,42.16666666666666,2.833333333333333,5.333333333333333,1.6666666666666667,17.833333333333332,0.0,0.0,2.978999308046632,0.0
2158.0,881.5,2275.906711283979,0.3873181601115327,2503.333333333333,132.5,143.5,2227.333333333333,2721.865185685426,103.33333333333331,29.166666666666668,6.5,137.0,485.1666666666667,218.33333333333331,52.16666666666666,1471.6666666666667,0.0,0.0,153.18346318022756,65.34838917186481
2159.0,0.16666666659733706,0.7158248698964549,0.23283162349674388,21.9999999908485,1.3333333327786974,11.499999995216262,9.166666662853544,22.87845035298049,1.1666666661813598,0.16666666659733706,0.16666666659733706,11.333333328618926,0.0,2.3333333323627197,0.16666666659733706,6.666666663893485,0.0,0.0,0.87845036213199,0.0
2160.0,0.0,0.0,0.0,0.0,0.0,0.0,0.0,0.0,0.0,0.0,0.0,0.0,0.0,0.0,0.0,0.0,0.0,0.0,0.0,0.0
2161.0,0.0,0.0,0.0,374.0,40.33333333333333,86.16666666666667,247.5,515.6165324087501,29.33333333333333,11.0,27.83333333333333,58.333333333333336,67.5,18.33333333333333,28.5,133.16666666666666,0.0,0.0,141.61653240875006,0.0
2162.0,196.83333333333331,555.2104747969405,0.35452020858454086,0.0,0.0,0.0,0.0,23.81547077313324,0.0,0.0,0.0,0.0,0.0,0.0,0.0,0.0,1.0099233444762437,0.0,7.802045168456737,15.003502260200262
2163.0,114.83333333333331,323.6051847360331,0.35485628398384167,0.0,0.0,0.0,0.0,32.15611604693987,0.0,0.0,0.0,0.0,0.0,0.0,0.0,0.0,10.605394263413991,0.0,13.048928853301144,8.501792930224735
2164.0,81.66666666666667,231.2761641422294,0.3531132011357798,89.0,0.6666666666666666,1.8333333333333333,86.5,102.77618315870816,0.6666666666666666,0.0,0.0,1.8333333333333333,2.5,80.33333333333333,0.0,3.6666666666666665,1.0099233444762437,0.0,6.764858910151804,6.001400904080104
2165.0,113.33333333333331,324.1597783967796,0.3496218250575508,347.66666666666674,11.666666666666668,64.16666666666667,271.83333333333337,376.2965668120818,8.833333333333334,2.833333333333333,11.833333333333334,52.333333333333336,9.833333333333334,202.83333333333331,3.1666666666666665,56.0,2.3556904965774037,0.0,18.27234177673095,8.001867872106807
2166.0,199.16666666666663,615.4684629751472,0.32360174184052226,171.16666666666669,40.66666666666667,19.33333333333333,111.16666666666669,213.8842703713802,38.333333333333336,2.333333333333333,5.666666666666667,13.666666666666666,8.0,46.66666666666666,25.83333333333333,30.666666666666668,3.7027244606577328,0.0,24.178122854393184,14.836756389662632
2167.0,625.8333333333334,1700.4133096662233,0.3680477739004402,817.5,99.83333333333331,24.666666666666664,693.0,934.2657724262197,22.83333333333333,77.0,1.8333333333333333,22.83333333333333,139.5,72.16666666666667,74.66666666666667,406.6666666666667,4.039693377904974,0.0,66.38199288753563,46.34408616077901
2168.0,20.666666666666668,56.48986641492067,0.3658473276404842,231.66666666666669,20.666666666666668,90.5,120.5,247.8832801609169,15.0,5.666666666666667,13.666666666666666,76.83333333333333,32.666666666666664,16.833333333333332,4.5,66.5,4.880990917735262,0.0,10.168684915519648,1.1669376609953543
2169.0,222.0,673.3001072004419,0.3297192405375787,0.0,0.0,0.0,0.0,27.156616600244497,0.0,0.0,0.0,0.0,0.0,0.0,0.0,0.0,2.0198466889524878,0.0,9.133034167078398,16.003735744213614
2170.0,0.0,0.0,0.0,934.0,71.83333333333334,467.3333333333333,394.83333333333337,974.0524233128486,68.16666666666667,3.6666666666666665,39.0,428.3333333333333,76.0,40.833333333333336,82.16666666666667,195.83333333333331,3.0297700334287305,0.0,37.02265327941992,0.0
2171.0,154.33333333333334,437.9063299496668,0.3524345796761433,0.0,0.0,0.0,0.0,24.482533245060843,0.0,0.0,0.0,0.0,0.0,0.0,0.0,0.0,2.8622693384050995,0.0,10.11764134801668,11.50262255863906
2172.0,174.33333333333334,650.8888665535828,0.26783886204171503,0.0,0.0,0.0,0.0,22.60629501980416,0.0,0.0,0.0,0.0,0.0,0.0,0.0,0.0,2.69308380822616,0.0,6.910175919404438,13.00303529217356
2173.0,177.16666666666666,659.4869823815246,0.268643159607012,0.0,0.0,0.0,0.0,20.0258368767612,0.0,0.0,0.0,0.0,0.0,0.0,0.0,0.0,0.0,0.0,7.022801584587641,13.00303529217356
2174.0,105.33333333333331,334.14111127981727,0.3152360777453835,1.6666666666666663,0.8333333333333333,0.1666666666666666,0.6666666666666666,15.576736216487278,0.6666666666666666,0.1666666666666666,0.1666666666666666,0.0,0.0,0.0,0.1666666666666666,0.5,0.0,0.0,5.908201677713804,8.001867872106807
2175.0,132.0,357.79278069566607,0.3689286288654256,29.83333333333333,3.5,1.0,25.33333333333333,57.59952862325461,2.5,1.0,0.8333333333333334,0.1666666666666666,4.166666666666667,0.8333333333333334,2.0,18.33333333333333,1.0094989500747278,0.0,16.754486514741988,10.002209825104558
2176.0,5.0,11.588322732853166,0.4314688255811933,0.0,0.0,0.0,0.0,7.267654871553188,0.0,0.0,0.0,0.0,0.0,0.0,0.0,0.0,7.069463411333705,0.0,0.1981914602194834,0.0
2177.0,399.0,1078.5586836362231,0.36993814620714227,3.0,0.0,3.0,0.0,49.28601719585981,0.0,0.0,0.0,3.0,0.0,0.0,0.0,0.0,1.0099233444762437,0.0,15.93588527466756,29.34020857671601
2178.0,511.8333333333333,1426.099017611599,0.3589044849007337,1881.6666666666667,142.16666666666666,690.8333333333334,1048.6666666666667,2060.8876018237647,99.0,43.16666666666666,135.33333333333334,555.5,206.5,113.0,44.333333333333336,684.8333333333334,0.0,7.143397655203439,134.23539431138892,37.842143190505816
2179.0,18.666666666666668,51.33742426290126,0.3636073865154167,1203.0,147.33333333333334,133.0,922.6666666666669,1252.590902801719,70.66666666666667,76.66666666666667,5.5,127.5,210.66666666666663,209.33333333333331,24.166666666666668,478.5,0.0,0.0,48.42400684491732,1.166895956801795
2180.0,188.83333333333331,702.722730737596,0.2687167001629917,0.0,0.0,0.0,0.0,29.808194347087397,0.0,0.0,0.0,0.0,0.0,0.0,0.0,0.0,1.0099233444762437,7.143397655203439,7.6516045712208,14.003268776186912
2181.0,331.5,888.4881908008201,0.3731056905789704,117.16666666666669,6.833333333333334,25.333333333333336,85.0,164.4868600505825,4.5,2.333333333333333,2.1666666666666665,23.166666666666668,8.166666666666666,7.166666666666667,8.0,61.66666666666666,3.0297700334287305,0.0,19.618061322692466,24.672362027794623
2182.0,1255.8333333333333,3388.8040190347037,0.3705830512119894,412.8333333333333,12.333333333333334,19.5,381.0,572.1459571229931,8.833333333333334,3.5,5.333333333333333,14.166666666666666,32.833333333333336,264.0,27.5,56.66666666666666,0.0,0.0,66.12425138869908,93.1883724009606
2183.0,1072.0,2882.965211193014,0.37183938114757564,91.0,0.0,3.0,88.0,216.11777888410657,0.0,0.0,0.0,3.0,0.0,88.0,0.0,0.0,0.0,0.0,46.09933364705184,79.01844523705472
2184.0,62.333333333333336,166.92255245565528,0.3734266725276253,365.5,12.666666666666666,211.8333333333333,141.0,387.46014645802273,11.666666666666666,1.0,6.166666666666667,205.66666666666663,13.333333333333334,20.83333333333333,5.5,101.33333333333331,0.0,0.0,16.958979037956023,5.001167420066754
2185.0,82.33333289307625,244.41235043761722,0.33686240791702815,1268.8333265485617,80.1666662379953,486.16666406701086,702.4999962435554,1781.026784901701,57.33333302675755,22.83333321123774,217.33333217119718,268.8333318958137,176.83333238776092,89.83333285297185,83.33333288772899,352.49999811509366,0.0,428.6038569935809,77.4215218298246,6.16807952973343
2186.0,429.666666510913,1163.7164702050784,0.3692193738868318,1833.1666660021453,163.4999999407314,268.9999999024878,1400.666666158926,1969.5327046350308,102.66666662945013,60.833333311281315,24.83333332433127,244.16666657815648,384.1666665274067,203.3333332596252,60.166666644856306,752.9999997270384,6.225767576419711,0.0,98.29956630315405,31.84070475331112
2187.0,28.399999999999995,53.6,0.5298507462686566,0.0,0.0,0.0,0.0,0.0,0.0,0.0,0.0,0.0,0.0,0.0,0.0,0.0,0.0,0.0,0.0,0.0
2188.0,417.8,1050.8,0.397601827179292,0.0,0.0,0.0,0.0,0.0,0.0,0.0,0.0,0.0,0.0,0.0,0.0,0.0,0.0,0.0,0.0,0.0
2189.0,188.1,473.5,0.39725448785638856,10.0,0.0,0.0,10.0,10.0,0.0,0.0,0.0,0.0,0.0,10.0,0.0,0.0,0.0,0.0,0.0,0.0
2190.0,7.000000014486569,13.700000028352283,0.5109489051094891,55.00000011382304,53.90000011154658,0.0,1.1000000022764609,55.00000011382304,0.0,53.90000011154658,0.0,0.0,0.0,1.1000000022764609,0.0,0.0,0.0,0.0,0.0,0.0
2191.0,0.0,0.0,0.0,0.0,0.0,0.0,0.0,0.0,0.0,0.0,0.0,0.0,0.0,0.0,0.0,0.0,0.0,0.0,0.0,0.0
2192.0,66.00000012882909,97.1000001895349,0.6797116374871268,51.00000009954975,51.00000009954975,0.0,0.0,51.00000009954975,0.0,51.00000009954975,0.0,0.0,0.0,0.0,0.0,0.0,0.0,0.0,0.0,0.0
2193.0,13.800000000445975,24.800000000801457,0.5564516129032259,0.0,0.0,0.0,0.0,0.0,0.0,0.0,0.0,0.0,0.0,0.0,0.0,0.0,0.0,0.0,0.0,0.0
2194.0,21.800000071849546,41.50000013677781,0.5253012048192771,106.90000035232644,74.10000024422253,0.0,32.8000001081039,106.90000035232644,30.700000101182617,43.40000014303992,0.0,0.0,0.0,0.0,0.0,32.8000001081039,0.0,0.0,0.0,0.0
2195.0,77.49999999801588,140.19999999641067,0.5527817403708987,65.4999999983231,22.499999999423967,0.0,42.999999998899135,65.4999999983231,9.599999999754225,12.89999999966974,0.0,0.0,0.0,9.699999999751665,0.0,33.29999999914747,0.0,0.0,0.0,0.0
2196.0,191.4,268.2,0.7136465324384788,197.7,108.5,0.0,89.19999999999999,197.7,0.0,108.5,0.0,0.0,0.0,39.3,0.0,49.9,0.0,0.0,0.0,0.0
2197.0,30.600004779813677,44.50000695103622,0.6876404494382024,684.4001069053751,512.1000799915877,0.0,172.3000269137874,684.4001069053752,32.600005092219796,479.5000748993678,0.0,0.0,0.0,34.10000532652439,0.0,138.20002158726305,0.0,0.0,0.0,0.0
2198.0,0.0,0.0,0.0,0.0,0.0,0.0,0.0,0.0,0.0,0.0,0.0,0.0,0.0,0.0,0.0,0.0,0.0,0.0,0.0,0.0
2199.0,18.79999999951108,52.599999998632065,0.3574144486692015,93.6999999975632,0.0,0.0,93.6999999975632,93.6999999975632,0.0,0.0,0.0,0.0,10.099999999737335,0.0,0.0,83.59999999782586,0.0,0.0,0.0,0.0
2200.0,1.0,2.510005981991799,0.3984054249968187,161.66666666666666,0.1666666666666666,0.0,161.5,168.11436492717792,0.1666666666666666,0.0,0.0,0.0,0.0,161.0,0.3333333333333333,0.1666666666666666,0.0,0.0,6.44769826051127,0.0
2201.0,0.0,0.0,0.0,0.0,0.0,0.0,0.0,0.0,0.0,0.0,0.0,0.0,0.0,0.0,0.0,0.0,0.0,0.0,0.0,0.0
2202.0,0.0,0.0,0.0,5.000000001661408,0.0,0.0,5.000000001661408,5.000000001661408,0.0,0.0,0.0,0.0,0.0,5.000000001661408,0.0,0.0,0.0,0.0,0.0,0.0
2203.0,0.0,0.0,0.0,0.0,0.0,0.0,0.0,0.0,0.0,0.0,0.0,0.0,0.0,0.0,0.0,0.0,0.0,0.0,0.0,0.0
2204.0,0.0,0.0,0.0,0.0,0.0,0.0,0.0,0.0,0.0,0.0,0.0,0.0,0.0,0.0,0.0,0.0,0.0,0.0,0.0,0.0
2205.0,0.0,0.0,0.0,0.0,0.0,0.0,0.0,10.0,0.0,0.0,0.0,0.0,0.0,0.0,0.0,0.0,0.0,0.0,10.0,0.0
2206.0,4.0,16.7,0.23952095808383234,15.0,4.5,0.0,10.5,15.0,0.0,4.5,0.0,0.0,0.0,0.0,0.0,10.5,0.0,0.0,0.0,0.0
2207.0,29.399999999999995,59.70000000000001,0.4924623115577888,0.0,0.0,0.0,0.0,0.0,0.0,0.0,0.0,0.0,0.0,0.0,0.0,0.0,0.0,0.0,0.0,0.0
2208.0,0.0,0.0,0.0,0.0,0.0,0.0,0.0,0.0,0.0,0.0,0.0,0.0,0.0,0.0,0.0,0.0,0.0,0.0,0.0,0.0
2209.0,0.0,0.0,0.0,0.0,0.0,0.0,0.0,0.0,0.0,0.0,0.0,0.0,0.0,0.0,0.0,0.0,0.0,0.0,0.0,0.0
2210.0,0.0,0.0,0.0,0.0,0.0,0.0,0.0,0.0,0.0,0.0,0.0,0.0,0.0,0.0,0.0,0.0,0.0,0.0,0.0,0.0
2211.0,1.0000000000684826,1.823432599661882,0.548416212507066,0.0,0.0,0.0,0.0,0.03963829204661113,0.0,0.0,0.0,0.0,0.0,0.0,0.0,0.0,0.0,0.0,0.03963829204661113,0.0
2212.0,2.0000000561968747,3.7844853301939994,0.5284734598493875,0.0,0.0,0.0,0.0,0.07927658631534143,0.0,0.0,0.0,0.0,0.0,0.0,0.0,0.0,0.0,0.0,0.07927658631534143,0.0
2213.0,0.0,0.0,0.0,0.0,0.0,0.0,0.0,0.0,0.0,0.0,0.0,0.0,0.0,0.0,0.0,0.0,0.0,0.0,0.0,0.0
2214.0,0.0,0.0,0.0,0.0,0.0,0.0,0.0,0.0,0.0,0.0,0.0,0.0,0.0,0.0,0.0,0.0,0.0,0.0,0.0,0.0
2215.0,0.0,0.0,0.0,0.0,0.0,0.0,0.0,0.0,0.0,0.0,0.0,0.0,0.0,0.0,0.0,0.0,0.0,0.0,0.0,0.0
2216.0,0.0,0.0,0.0,0.0,0.0,0.0,0.0,0.0,0.0,0.0,0.0,0.0,0.0,0.0,0.0,0.0,0.0,0.0,0.0,0.0
154.0,0.0,0.0,0.0,0.0,0.0,0.0,0.0,3.0048944385755507,0.0,0.0,0.0,0.0,0.0,0.0,0.0,0.0,3.0048944385755507,0.0,0.0,0.0
155.0,15.0,40.388977497206575,0.3713884561954421,0.0,0.0,0.0,0.0,23.53684538709252,0.0,0.0,0.0,0.0,0.0,0.0,0.0,0.0,22.035892549554035,0.0,0.5011794605884887,0.9997733769499948
156.0,6.0,16.68287069734644,0.3596503328983035,0.0,0.0,0.0,0.0,29.24778469046572,0.0,0.0,0.0,0.0,0.0,0.0,0.0,0.0,29.04731290623032,0.0,0.2004717842353954,0.0
157.0,96.33333333333331,262.27391975516645,0.3673004674778979,0.0,0.0,0.0,0.0,60.953012841314894,0.0,0.0,0.0,0.0,0.0,0.0,0.0,0.0,43.23705064857841,0.0,13.384152382899892,4.331809809836593
158.0,259.8333333333333,601.4047353847983,0.43204404296398413,0.0,0.0,0.0,0.0,105.72200233273198,0.0,0.0,0.0,0.0,0.0,0.0,0.0,0.0,29.215136507721965,0.0,65.01033275638356,11.49653306862645
159.0,0.0,0.0,0.0,636.8333333333334,0.0,367.0,269.83333333333337,1529.4221747734473,0.0,0.0,364.6666666666667,2.333333333333333,14.333333333333334,0.0,14.666666666666666,240.83333333333331,46.90920155900954,66.4,779.2796398811046,0.0
160.0,3.0,6.606971024124289,0.45406586301740753,73.5,0.0,25.33333333333333,48.16666666666667,92.08381873225235,0.0,0.0,22.5,2.833333333333333,1.8333333333333333,0.0,3.0,43.333333333333336,16.026103672402936,0.0,2.557715059849409,0.0
161.0,69.0,156.11389922067497,0.4419849888091321,5.0,0.0,5.0,0.0,28.65008569783791,0.0,0.0,5.0,0.0,0.0,0.0,0.0,0.0,5.674944450276076,0.0,14.975171685155836,2.999969562405996
162.0,133.16666666666666,337.2361519869051,0.3948766046643704,476.1666666666666,0.0,144.66666666666666,331.5,559.419862855623,0.0,0.0,144.66666666666666,0.0,16.333333333333332,0.0,25.166666666666668,290.0,41.73459916117603,0.0,35.520281488189575,5.998315539590874
163.0,43.833333333333336,98.3848119615902,0.4455294720738607,0.0,0.0,0.0,0.0,9.79434522178282,0.0,0.0,0.0,0.0,0.0,0.0,0.0,0.0,3.0048944385755507,0.0,4.790845365291968,1.9986054179153023
164.0,58.5,138.84501417239687,0.4213330982656928,0.0,0.0,0.0,0.0,46.98257251279527,0.0,0.0,0.0,0.0,0.0,0.0,0.0,0.0,17.69510656598328,0.0,26.621251956638694,2.6662139901732926
165.0,0.0,0.0,0.0,755.1666666666667,3.1666666666666665,535.8333333333334,216.16666666666669,789.4143725662033,0.1666666666666666,3.0,520.0,15.833333333333334,11.833333333333334,0.0,20.0,184.33333333333331,9.014683315726652,0.0,25.23302258380987,0.0
166.0,120.66666666666669,336.1993236102474,0.35891406731845293,53.333333333333336,0.0,15.0,38.333333333333336,132.35743949034975,0.0,0.0,15.0,0.0,2.1666666666666665,0.0,2.6666666666666665,33.5,25.707228417962185,0.0,47.983670739396416,5.333206999657816
167.0,173.33333333333334,387.9458995872181,0.4467976940026002,0.0,0.0,0.0,0.0,97.46684890634998,0.0,0.0,0.0,0.0,0.0,0.0,0.0,0.0,16.863039824209096,0.0,73.10380226933572,7.500006812805172
168.0,68.5,173.0027206649903,0.3959475304012488,0.0,0.0,0.0,0.0,47.96105682821151,0.0,0.0,0.0,0.0,0.0,0.0,0.0,0.0,3.672496533248687,0.0,41.28975962860989,2.998800666352926
169.0,84.16666666666667,229.01554188284013,0.36751508642031244,0.0,0.0,0.0,0.0,58.16379110132978,0.0,0.0,0.0,0.0,0.0,0.0,0.0,0.0,8.180414713696438,0.0,45.98451121157016,3.998865176063188
170.0,48.0,130.82151249514948,0.3669121315332577,8.666666666666666,8.5,0.0,0.1666666666666666,37.42352297179807,0.0,8.5,0.0,0.0,0.0,0.0,0.0,0.1666666666666666,18.02959731207128,0.0,8.561013045880895,2.1662459471792297
171.0,152.83333333333334,418.5324271995677,0.36516485557870104,0.0,0.0,0.0,0.0,82.80578145693856,0.0,0.0,0.0,0.0,0.0,0.0,0.0,0.0,14.856879113024554,0.0,61.11754621075463,6.831356133159379
172.0,112.0,281.6792486031076,0.3976153747761892,78.5,0.0,0.0,78.5,120.3790696385048,0.0,0.0,0.0,0.0,0.0,78.33333333333333,0.0,0.1666666666666666,10.184722917128012,0.0,26.69570707992824,4.998639641448542
173.0,345.6666666666667,917.1480318656148,0.3768929929048962,130.66666666666666,0.0,8.333333333333334,122.33333333333331,202.58133360260896,0.0,0.0,7.666666666666667,0.6666666666666666,6.666666666666667,0.0,57.66666666666666,58.0,16.02343612262699,0.0,40.22848184312322,15.662748970192084
174.0,366.6666666666667,1020.7383248899564,0.35921710562420217,0.0,0.0,0.0,0.0,117.27837249016716,0.0,0.0,0.0,0.0,0.0,0.0,0.0,0.0,20.53344959838087,0.0,80.41508674938714,16.329836142399152
175.0,311.0,857.8669187662923,0.36252709271882455,210.0,9.0,99.33333333333331,101.66666666666666,422.36386671068544,9.0,0.0,14.833333333333334,84.5,8.5,1.1666666666666667,33.333333333333336,58.66666666666666,5.842080217859042,0.0,192.5243773446192,13.99740914820723
176.0,254.33333333333331,626.7176841504831,0.4058180258278216,0.0,0.0,0.0,0.0,86.49387948902884,0.0,0.0,0.0,0.0,0.0,0.0,0.0,0.0,8.847901228930715,0.0,66.32276504999014,11.323213210107992
177.0,39.66666666666666,105.30064966636913,0.37669916370264694,76.0,0.0,24.166666666666664,51.833333333333336,559.8769729761475,0.0,0.0,19.83333333333333,4.333333333333333,1.5,0.0,4.5,45.833333333333336,9.014683315726652,0.0,473.1961087538129,1.6661809066078783
178.0,96.33333333333331,258.9571339398553,0.3720049410019631,60.33333333333334,8.333333333333334,4.833333333333334,47.16666666666667,105.76973731908564,8.333333333333334,0.0,2.833333333333333,2.0,4.5,2.5,5.666666666666667,34.5,18.197075290745364,0.0,22.74042981540042,4.498898879606531
179.0,1062.1666666666667,3020.468232141795,0.3516562946644504,134.33333333333334,20.33333333333333,20.833333333333336,93.16666666666669,248.33077802427712,20.33333333333333,0.0,12.333333333333334,8.5,6.833333333333333,5.166666666666667,16.0,65.16666666666667,20.86747898323292,0.0,45.63931815249489,47.49064755521599
180.0,140.5,367.610985522907,0.38219750098095207,0.0,0.0,0.0,0.0,53.19591736887561,0.0,0.0,0.0,0.0,0.0,0.0,0.0,0.0,13.354196945004196,0.0,33.34470374725219,6.497016676619225
181.0,160.16666666666666,439.5761336903768,0.3643661572843326,0.0,0.0,0.0,0.0,23.693105741780386,0.0,0.0,0.0,0.0,0.0,0.0,0.0,0.0,6.677160291206263,0.0,9.850767805716428,7.165177644857693
182.0,101.83333333333331,273.86453390035007,0.3718383387692945,17.5,0.0,1.0,16.5,129.49250206784149,0.0,0.0,0.6666666666666666,0.3333333333333333,1.6666666666666667,1.6666666666666667,7.833333333333333,5.333333333333333,6.844173058620175,0.0,100.48334818309512,4.664980826126182
183.0,47.833333333333336,125.82521122338842,0.3801569881604305,9.833333333333332,0.0,2.0,7.833333333333333,48.80048561135465,0.0,0.0,0.0,2.0,1.0,1.5,0.0,5.333333333333333,24.8733090094555,0.0,12.260995518293203,1.8328477502726164
184.0,114.83333333333331,288.2469130169495,0.3983853014466832,0.0,0.0,0.0,0.0,25.68751910050825,0.0,0.0,0.0,0.0,0.0,0.0,0.0,0.0,11.685548369450157,0.0,8.836079930668653,5.165890800389449
185.0,64.33333333333333,164.23376494804904,0.39171806938532683,10.166666666666666,0.0,0.8333333333333333,9.333333333333332,58.33657727794737,0.0,0.0,0.6666666666666666,0.1666666666666666,0.3333333333333333,0.0,4.166666666666667,4.833333333333333,8.680653930874605,0.0,36.82343268067413,2.6658239997319684
186.0,13.166666666666666,36.33881906605361,0.36233061516758214,0.0,0.0,0.0,0.0,5.614092239773248,0.0,0.0,0.0,0.0,0.0,0.0,0.0,0.0,4.841605991447955,0.0,0.439380107648601,0.3331061406766916
187.0,14.0,37.30812351147028,0.3752533947652376,4.833333333333333,3.8333333333333335,0.1666666666666666,0.8333333333333334,11.47054649925646,0.0,3.8333333333333335,0.1666666666666666,0.0,0.8333333333333334,0.0,0.0,0.0,5.008157397625918,0.0,0.6292823913472142,0.9997733769499948
188.0,4.0,9.688202105318586,0.4128733026537605,0.0,0.0,0.0,0.0,32.01837722228872,0.0,0.0,0.0,0.0,0.0,0.0,0.0,0.0,31.88472936613179,0.0,0.1336478561569302,0.0
189.0,78.33333333333333,197.0990192734861,0.3974313703948033,0.0,0.0,0.0,0.0,41.2977913898628,0.0,0.0,0.0,0.0,0.0,0.0,0.0,0.0,9.182161294400736,0.0,28.783203823935384,3.332426271526676
190.0,71.0,176.58470781354194,0.4020733215187003,4.0,0.0,4.0,0.0,38.34568046536075,0.0,0.0,4.0,0.0,0.0,0.0,0.0,0.0,5.174132978628092,0.0,26.005787755519364,3.1657597312132904
191.0,231.0,614.6195742724911,0.3758422439985393,0.0,0.0,0.0,0.0,25.72794725956041,0.0,0.0,0.0,0.0,0.0,0.0,0.0,0.0,4.50838759965317,0.0,11.221370998171777,9.99818866173546
192.0,189.83333333333331,536.6722042458814,0.3537230581935624,0.0,0.0,0.0,0.0,70.6961285143759,0.0,0.0,0.0,0.0,0.0,0.0,0.0,0.0,16.026103672402936,0.0,46.004552912622536,8.66547192935043
193.0,217.33333333333331,550.5977431324685,0.39472252845948375,0.0,0.0,0.0,0.0,25.9305856110808,0.0,0.0,0.0,0.0,0.0,0.0,0.0,0.0,3.0048944385755507,0.0,13.261388063225905,9.664303109279349
194.0,0.0,0.0,0.0,0.0,0.0,0.0,0.0,2.003262959050367,0.0,0.0,0.0,0.0,0.0,0.0,0.0,0.0,2.003262959050367,0.0,0.0,0.0
195.0,90.0,273.4174982999865,0.32916693539948333,0.0,0.0,0.0,0.0,27.855319960631284,0.0,0.0,0.0,0.0,0.0,0.0,0.0,0.0,9.34917342457537,0.0,14.507053028255934,3.9990935077999783
196.0,119.0,365.5348343428318,0.32555036844557195,0.0,0.0,0.0,0.0,25.82024564999042,0.0,0.0,0.0,0.0,0.0,0.0,0.0,0.0,6.009328153154428,0.0,14.64505904606104,5.165858450774946
197.0,198.5,588.2181396095505,0.33745984122788364,0.0,0.0,0.0,0.0,29.140512595565998,0.0,0.0,0.0,0.0,0.0,0.0,0.0,0.0,6.175871660342449,0.0,13.966680542673592,8.997960392549953
198.0,58.0,169.53243072123146,0.34211743294928376,0.0,0.0,0.0,0.0,50.78105935946423,0.0,0.0,0.0,0.0,0.0,0.0,0.0,0.0,12.352911247276102,0.0,35.92889337627592,2.4992547359122024
199.0,10.333333333333334,23.93311094859848,0.43175888648685906,70.16666666666667,0.0,51.0,19.166666666666668,89.553580919892,0.0,0.0,3.8333333333333335,47.16666666666666,0.6666666666666666,0.0,1.8333333333333333,16.666666666666668,13.021209233827385,0.0,6.032598878721266,0.3331061406766916
200.0,91.5,242.1431569501021,0.37787563833098614,0.0,0.0,0.0,0.0,35.7632716886237,0.0,0.0,0.0,0.0,0.0,0.0,0.0,0.0,23.0363674132044,0.0,8.560689272386016,4.166215003033284
201.0,42.16666666666666,114.58943194767664,0.3679804145108305,0.0,0.0,0.0,0.0,20.93631053648994,0.0,0.0,0.0,0.0,0.0,0.0,0.0,0.0,17.52727490652217,0.0,1.4094888760677833,1.9995467538999891
202.0,127.33333333333331,313.84268881023587,0.405723433660502,0.0,0.0,0.0,0.0,40.94101456278465,0.0,0.0,0.0,0.0,0.0,0.0,0.0,0.0,14.189038438743502,0.0,21.087480311893685,5.664495812147464
203.0,145.16666666666666,352.73918460297585,0.41154108475376333,8.833333333333332,0.1666666666666666,2.333333333333333,6.333333333333333,75.5050395825186,0.1666666666666666,0.0,0.0,2.333333333333333,5.5,0.0,0.0,0.8333333333333334,18.197428971532396,0.0,41.97609127491291,6.498186002739967
204.0,137.83333333333334,367.1922731501725,0.37537100699546294,0.0,0.0,0.0,0.0,22.12459050169315,0.0,0.0,0.0,0.0,0.0,0.0,0.0,0.0,11.518766282654218,0.0,4.607476368186455,5.998347850852475
205.0,302.1666666666667,858.794057103063,0.35184997400419127,0.0,0.0,0.0,0.0,26.594990234033887,0.0,0.0,0.0,0.0,0.0,0.0,0.0,0.0,2.8385730757762877,0.0,10.093313103575872,13.663104054681726
206.0,132.5,383.0634340411113,0.3458957139348878,0.0,0.0,0.0,0.0,17.435869022086184,0.0,0.0,0.0,0.0,0.0,0.0,0.0,0.0,5.008157397625918,0.0,6.59567324194644,5.832038382513827
207.0,54.5,140.0915089812756,0.38903142950144376,0.0,0.0,0.0,0.0,22.847934081995223,0.0,0.0,0.0,0.0,0.0,0.0,0.0,0.0,17.361995217398142,0.0,3.1527663158714745,2.3331725487256065
208.0,80.83333333333333,238.85448307252904,0.3384208338630512,0.0,0.0,0.0,0.0,11.872723880563417,0.0,0.0,0.0,0.0,0.0,0.0,0.0,0.0,4.506295716073482,0.0,3.5341964453078405,3.832231719182093
209.0,1144.3333333333333,2772.806270891408,0.4126986242588994,0.0,0.0,0.0,0.0,94.56728968708993,0.0,0.0,0.0,0.0,0.0,0.0,0.0,0.0,5.508968869273901,0.0,38.23557016999326,50.822750647822765
210.0,85.33333333333333,210.88586127054572,0.4046422686623789,0.0,0.0,0.0,0.0,30.70099271941445,0.0,0.0,0.0,0.0,0.0,0.0,0.0,0.0,16.694516760133336,0.0,10.173919314671322,3.832556644609794
211.0,59.5,162.9892962534889,0.3650546469472615,11.5,11.0,0.0,0.5,27.88486235110685,0.0,11.0,0.0,0.0,0.1666666666666666,0.0,0.0,0.3333333333333333,6.843358016597196,0.0,6.875258349339429,2.666245985170224
212.0,132.16666666666666,325.0163622820214,0.4066461938675682,40.5,0.0,9.5,31.0,54.27210447340769,0.0,0.0,1.0,8.5,3.1666666666666665,4.0,4.0,19.83333333333333,2.003262959050367,0.0,5.770298528899828,5.99854298545749
213.0,261.0,912.5161873970208,0.286022323334899,475.3333333333333,190.0,47.5,237.8333333333333,518.1022023499086,132.83333333333334,57.16666666666666,17.666666666666668,29.83333333333333,18.666666666666668,127.83333333333331,10.5,80.83333333333333,2.669354119822378,0.0,28.43573035266967,11.66378454408317
214.0,393.3333333333333,1359.0761324777366,0.28941228819628073,0.0,0.0,0.0,0.0,37.64983083023079,0.0,0.0,0.0,0.0,0.0,0.0,0.0,0.0,7.011420356676285,0.0,13.141905297469942,17.496505176084565
215.0,154.3333332486661,391.30659502327376,0.3944051421864914,47.999999973667215,1.1666666660266336,10.666666660814936,36.16666664682565,80.77152838409299,1.1666666660266336,0.0,3.9999999978056007,6.666666663009335,3.333333331504667,12.166666659992035,4.166666664380834,16.4999999909481,8.011895215931322,0.0,17.761739213832467,6.997893980661994
216.0,81.83333333333333,203.784189933911,0.4015686072598301,5.0,0.0,1.3333333333333333,3.666666666666667,11.900517259141932,0.0,0.0,0.0,1.3333333333333333,0.0,0.0,1.1666666666666667,2.5,0.0,0.0,2.901423751341956,3.9990935077999783
217.0,232.16666666666663,722.1803273041045,0.3214801869961532,31.33333333333333,15.333333333333334,1.1666666666666667,14.833333333333332,65.30809714143223,15.333333333333334,0.0,0.0,1.1666666666666667,0.0,0.1666666666666666,0.0,14.666666666666666,2.003262959050367,0.0,21.640010735647465,10.33149011340106
218.0,261.3333333333333,918.4087691643504,0.2845501285567183,0.0,0.0,0.0,0.0,27.73174770896754,0.0,0.0,0.0,0.0,0.0,0.0,0.0,0.0,2.003262959050367,0.0,13.897935883110463,11.830548866806708
219.0,134.16666666666666,334.9193230600959,0.4005939861600419,180.3333333333333,0.1666666666666666,0.0,180.16666666666663,197.1732320758296,0.1666666666666666,0.0,0.0,0.0,0.1666666666666666,177.66666666666666,0.1666666666666666,2.1666666666666665,0.0,0.0,10.841258480796336,5.998640261699968
220.0,194.16666666666663,386.4596438920209,0.502424172188385,1.0,0.0,0.0,1.0,35.03306356462384,0.0,0.0,0.0,0.0,0.0,0.0,1.0,0.0,9.348016808700551,0.0,16.020549879376116,8.66449687654717
221.0,278.3333333333333,553.7245085660626,0.5026566984620413,0.0,0.0,0.0,0.0,38.65257558400033,0.0,0.0,0.0,0.0,0.0,0.0,0.0,0.0,14.523537242800968,0.0,11.96476589715688,12.16427244404248
222.0,160.16666666666666,403.6507464261865,0.3967951702919878,0.0,0.0,0.0,0.0,32.026237613496725,0.0,0.0,0.0,0.0,0.0,0.0,0.0,0.0,9.348016808700551,0.0,15.51317246902851,7.165048335767665
223.0,93.16666666666669,223.02621194485812,0.41773864091679763,0.0,0.0,0.0,0.0,9.448610675297182,0.0,0.0,0.0,0.0,0.0,0.0,0.0,0.0,2.003262959050367,0.0,3.446254208446837,3.9990935077999783
224.0,669.3333333333334,1810.736314202907,0.36964704804519066,215.16666666666669,0.0,0.8333333333333333,214.33333333333331,274.71254689653824,0.0,0.0,0.1666666666666666,0.6666666666666666,33.833333333333336,109.16666666666669,4.333333333333333,67.0,0.0,0.0,29.552678921371733,29.99320130849984
225.0,28.166666666666668,75.61534667215972,0.372499339172337,1069.0,227.66666666666669,374.5,466.83333333333337,1106.6454312822575,146.0,81.66666666666667,65.0,309.5,57.833333333333336,37.833333333333336,62.0,309.1666666666667,0.0,0.0,36.64565790530721,0.9997733769499948
226.0,458.1666666666667,1216.2195785329427,0.3767137733626418,16.0,0.0,0.0,16.0,54.338302932454255,0.0,0.0,0.0,0.0,0.0,0.0,16.0,0.0,2.003262959050367,0.0,15.83934444387642,20.495695529527463
227.0,371.0,795.3471182428607,0.4664629964582514,299.3333333333333,22.0,78.33333333333333,199.0,378.06770309025376,20.166666666666668,1.8333333333333333,3.8333333333333335,74.5,10.333333333333334,116.16666666666669,24.166666666666668,48.333333333333336,2.670395793497614,0.0,59.39755368432327,16.666420279099572
228.0,310.1666666666667,1054.916783239905,0.29402003228545637,123.16666666666669,0.1666666666666666,0.0,123.0,152.97690104115668,0.1666666666666666,0.0,0.0,0.0,0.0,122.66666666666669,0.1666666666666666,0.1666666666666666,1.0016314795251835,0.0,14.811775617664887,13.996827277299928
229.0,169.33333333333334,526.4455490295569,0.3216540317331589,37.333333333333336,0.1666666666666666,1.3333333333333333,35.833333333333336,75.90829970870398,0.1666666666666666,0.0,0.3333333333333333,1.0,1.8333333333333333,2.1666666666666665,2.6666666666666665,29.166666666666668,3.006635415855376,0.0,28.070112176561235,7.498218782954027
230.0,18.33333333333333,48.288143180899965,0.3796653200072715,1387.0000000000002,149.16666666666669,1070.8333333333337,167.0,1435.7897270391545,8.833333333333334,140.33333333333334,4.666666666666667,1066.1666666666667,1.0,1.1666666666666667,3.0,161.83333333333334,1.0016314795251835,0.0,46.95476178304255,0.8333337765866887
231.0,39.333333333333336,103.70515636607163,0.3792804013957564,3443.833333333333,624.1666666666667,2174.333333333333,645.3333333333333,3562.2126055370472,443.1666666666667,181.0,1980.3333333333333,194.0,49.66666666666666,33.5,32.0,530.1666666666666,0.0,0.0,116.3797254498139,1.9995467538999891
232.0,107.83333333333331,359.922736247835,0.29960133793571075,0.0,0.0,0.0,0.0,14.771811255550151,0.0,0.0,0.0,0.0,0.0,0.0,0.0,0.0,2.003262959050367,0.0,7.769681411749812,4.998866884749973
233.0,81.66666666666667,248.1509522772393,0.3291007587004019,235.33333333333331,6.833333333333333,19.333333333333336,209.16666666666669,254.4272937015909,6.833333333333333,0.0,10.5,8.833333333333334,19.166666666666668,61.5,39.833333333333336,88.66666666666667,1.836941596251104,0.0,13.75782838057262,3.4991903914338915
234.0,167.5,507.2657074680868,0.33020170205481075,25.83333333333333,0.1666666666666666,2.333333333333333,23.33333333333333,49.29871555701899,0.1666666666666666,0.0,0.3333333333333333,2.0,1.6666666666666667,1.5,2.333333333333333,17.833333333333332,5.008157397625918,0.0,10.95903839272021,7.4981864333395265
235.0,976.0,2268.016501037624,0.43033196608290863,1178.8333333333337,10.333333333333334,558.6666666666667,609.8333333333334,1374.9722372234642,10.333333333333334,0.0,528.8333333333334,29.83333333333333,64.16666666666667,41.833333333333336,241.33333333333331,262.5,11.018176318155716,0.0,141.63121712055815,43.489510451416834
236.0,278.5,837.615018362706,0.33249165057282115,40.66666666666666,12.166666666666666,11.166666666666666,17.333333333333332,70.50602831244215,12.166666666666666,0.0,11.166666666666666,0.0,0.0,0.3333333333333333,0.0,17.0,6.009328153154428,0.0,11.33268761213396,12.497345880487098
237.0,65.5,194.5485700247717,0.33667685139839343,369.00000000000006,7.166666666666667,28.0,333.83333333333337,391.381791816102,7.166666666666667,0.0,19.166666666666668,8.833333333333334,26.166666666666668,73.66666666666667,79.66666666666667,154.33333333333334,5.008157397625918,0.0,14.541760694871476,2.831873723604577
238.0,881.1666666666666,1842.8861177448025,0.4781449369996763,381.0,48.0,123.33333333333331,209.66666666666669,519.4986355508163,48.0,0.0,8.0,115.33333333333331,15.166666666666666,78.16666666666667,20.666666666666668,95.66666666666669,4.173308004896671,0.0,94.83380803883335,39.49151950708622
239.0,9.166666666666666,27.618829895160484,0.33189916812054726,1.0,0.0,1.0,0.0,4.34462229843275,0.0,0.0,0.0,1.0,0.0,0.0,0.0,0.0,3.0048944385755507,0.0,0.3397278598571988,0.0
240.0,21.0,50.96758737189035,0.4120265659579155,0.0,0.0,0.0,0.0,1.7014246217738789,0.0,0.0,0.0,0.0,0.0,0.0,0.0,0.0,0.0,0.0,0.7016512448238843,0.9997733769499948
241.0,1.3333333333333333,2.3045782534865347,0.5785584982051136,0.0,0.0,0.0,0.0,0.0446290115657734,0.0,0.0,0.0,0.0,0.0,0.0,0.0,0.0,0.0,0.0,0.0446290115657734,0.0
242.0,7.0,19.486494738287643,0.3592231488532513,0.0,0.0,0.0,0.0,1.2355152277998116,0.0,0.0,0.0,0.0,0.0,0.0,0.0,0.0,1.0016314795251835,0.0,0.233883748274628,0.0
243.0,135.0,333.8124019267455,0.4044187670104165,5.0,0.0,0.0,5.0,18.51339596262496,0.0,0.0,0.0,0.0,0.8333333333333334,1.0,1.0,2.1666666666666665,2.003262959050367,0.0,5.511492741874625,5.998640261699968
244.0,0.0,0.0,0.0,3.8333333333333335,3.8333333333333335,0.0,0.0,12.976119579818713,0.0,3.8333333333333335,0.0,0.0,0.0,0.0,0.0,0.0,9.014683315726652,0.0,0.1281029307587254,0.0
245.0,326.5,1041.0031426085911,0.3136397832400794,359.5,81.5,171.0,107.0,399.7529615009168,9.666666666666666,71.83333333333333,121.5,49.5,16.666666666666668,24.5,9.5,56.333333333333336,2.003262959050367,0.0,23.41982954420969,14.829868997656694
246.0,53.66666666666666,153.26402272767618,0.35015828053804315,0.0,0.0,0.0,0.0,10.136325527468172,0.0,0.0,0.0,0.0,0.0,0.0,0.0,0.0,5.008157397625918,0.0,2.628556335370915,2.4996117944713405
247.0,481.1666666666667,1469.958084136042,0.32733359669195544,0.0,0.0,0.0,0.0,39.74136990772003,0.0,0.0,0.0,0.0,0.0,0.0,0.0,0.0,2.003262959050367,0.0,16.40949983081009,21.328607117859573
248.0,108.16666666666669,268.2704672329049,0.40320005322374686,0.0,0.0,0.0,0.0,9.9463005537853,0.0,0.0,0.0,0.0,0.0,0.0,0.0,0.0,0.0,0.0,4.947433669035326,4.998866884749973
249.0,314.0,1030.4385926750238,0.30472461166740117,0.0,0.0,0.0,0.0,24.820341034704697,0.0,0.0,0.0,0.0,0.0,0.0,0.0,0.0,0.0,0.0,10.489790180168995,14.3305508545357
250.0,277.8333333333333,688.2203746993305,0.4036982099733869,260.0,1.6666666666666667,19.5,238.8333333333333,290.134243185961,1.6666666666666667,0.0,3.8333333333333335,15.666666666666666,10.166666666666666,124.33333333333331,29.666666666666668,74.66666666666667,0.0,0.0,17.970328471862135,12.163914714098818
251.0,91.0,301.60554458578497,0.30171859116508076,201.16666666666663,0.1666666666666666,0.0,201.0,214.9278420380387,0.1666666666666666,0.0,0.0,0.0,0.0,200.5,0.1666666666666666,0.3333333333333333,0.0,0.0,9.762081863572076,3.9990935077999783
252.0,105.16666666666669,254.02409834338104,0.4140027160907624,954.0,304.6666666666667,431.1666666666667,218.16666666666669,1013.4065529743126,46.16666666666666,258.5,414.6666666666667,16.5,59.333333333333336,12.833333333333334,8.166666666666666,137.83333333333334,10.182636158051098,0.0,44.39152188148916,4.832394934772165
253.0,540.6666666666666,1787.6624709279283,0.30244337253778164,1026.6666666666663,58.33333333333333,489.6666666666667,478.6666666666666,1113.6988883690797,41.66666666666666,16.666666666666668,215.5,274.1666666666667,38.66666666666666,100.5,113.83333333333331,225.66666666666663,2.170045045846304,0.0,60.70150092141555,24.16067573515108
254.0,347.6666666666667,1146.8033310236033,0.30316154240356935,185.66666666666663,23.83333333333333,27.5,134.33333333333331,222.82249395515447,1.5,22.33333333333333,19.166666666666668,8.333333333333334,3.6666666666666665,86.83333333333333,5.833333333333333,38.0,3.0048944385755507,0.0,18.821096277578565,15.3298365723337
255.0,239.0,526.1893789806159,0.4542090919110027,280.0,12.333333333333334,14.833333333333332,252.8333333333333,310.34212109300944,12.333333333333334,0.0,13.666666666666666,1.1666666666666667,31.166666666666668,52.66666666666666,42.16666666666666,126.83333333333331,2.003262959050367,0.0,17.34135098750916,10.997507146449944
256.0,87.33333333333333,196.53030837163817,0.44437590342648975,29.166666666666664,1.3333333333333333,5.166666666666666,22.666666666666664,38.725922789663336,1.3333333333333333,0.0,1.5,3.6666666666666665,2.0,1.5,3.5,15.666666666666666,0.8341535008510991,0.0,4.7260091143456,3.9990935077999783
257.0,375.0,980.1787783156748,0.38258326776304485,372.0,124.83333333333331,76.33333333333333,170.83333333333334,415.9607163915782,76.83333333333333,48.0,19.666666666666668,56.66666666666666,20.666666666666668,11.666666666666666,20.83333333333333,117.66666666666669,2.003262959050367,0.0,24.96130602437796,16.99614740814991
258.0,7.5,21.36574638651708,0.3510291596802299,161.16666666666666,6.833333333333333,32.83333333333333,121.5,169.13931855748476,6.833333333333333,0.0,9.5,23.33333333333333,15.166666666666666,23.83333333333333,18.5,64.0,2.003262959050367,0.0,5.6356653545319775,0.3337235772357723
259.0,141.33333333333334,310.1876679077116,0.4556381441166238,266.6666666666667,18.5,21.666666666666664,226.5,296.965414908696,14.5,4.0,13.0,8.666666666666666,28.5,22.166666666666668,38.16666666666666,137.66666666666666,1.0016314795251835,0.0,23.132036900440863,6.165079862063275
260.0,39.833333333333336,104.89682342927055,0.37973822305679267,0.0,0.0,0.0,0.0,2.9964469378220158,0.0,0.0,0.0,0.0,0.0,0.0,0.0,0.0,0.0,0.0,1.33052648491532,1.665920452906695
261.0,190.5,550.2483043559606,0.3462073367458554,0.0,0.0,0.0,0.0,17.200175386113337,0.0,0.0,0.0,0.0,0.0,0.0,0.0,0.0,0.0,0.0,8.86907744029057,8.33109794582277
262.0,246.16666666666663,514.3994739510246,0.4785515521155138,0.0,0.0,0.0,0.0,35.01008688199874,0.0,0.0,0.0,0.0,0.0,0.0,0.0,0.0,0.0,0.0,24.01449251547662,10.995594366522122
263.0,396.5,1166.205223809205,0.33999161717429305,7.0,1.6666666666666667,0.8333333333333334,4.5,39.81441100349126,1.6666666666666667,0.0,0.0,0.8333333333333334,2.6666666666666665,0.1666666666666666,0.0,1.6666666666666667,0.0,0.0,15.15172683254581,17.662684170945443
264.0,764.5,2264.1292957826736,0.3376573950189203,0.0,0.0,0.0,0.0,61.0355660484162,0.0,0.0,0.0,0.0,0.0,0.0,0.0,0.0,0.0,0.0,27.043271232116386,33.99229481629982
265.0,367.0,1010.73972441988,0.3631004017484737,86.50000000000001,0.1666666666666666,0.0,86.33333333333334,118.81617502516964,0.1666666666666666,0.0,0.0,0.0,0.0,86.16666666666667,0.0,0.1666666666666666,0.0,0.0,15.986629737013152,16.32954528815645
266.0,213.5,632.0752762739978,0.33777622383611483,0.0,0.0,0.0,0.0,18.13282626596603,0.0,0.0,0.0,0.0,0.0,0.0,0.0,0.0,1.0016314795251835,0.0,7.133461016940902,9.997733769499948
267.0,291.0,963.1874126229108,0.3021218884158393,0.0,0.0,0.0,0.0,24.053504904656364,0.0,0.0,0.0,0.0,0.0,0.0,0.0,0.0,0.0,0.0,11.056451004306432,12.997053900349933
268.0,153.5,422.5150565361993,0.36330066260454974,0.0,0.0,0.0,0.0,12.793632380509983,0.0,0.0,0.0,0.0,0.0,0.0,0.0,0.0,0.0,0.0,5.795218741860018,6.998413638649964
269.0,157.83333333333334,341.6460209959492,0.4619791352266466,175.66666666666666,3.666666666666667,14.5,157.5,198.14121458757415,2.833333333333333,0.8333333333333334,12.166666666666666,2.333333333333333,25.33333333333333,11.666666666666666,73.5,47.0,3.0048944385755507,0.0,12.470915159172408,6.998738323159578
270.0,90.83333333333331,195.71836937410933,0.4641022384552384,339.83333333333337,268.1666666666667,14.0,57.66666666666666,358.7228648632985,163.83333333333334,104.33333333333331,4.333333333333333,9.666666666666666,1.8333333333333333,2.5,4.833333333333333,48.5,0.0,0.0,14.724193670106455,4.165337859858784
271.0,371.8333333333333,954.5362272779138,0.38954344812423114,147.5,7.0,3.0,137.5,181.68089384943164,7.0,0.0,2.0,1.0,5.666666666666667,68.83333333333333,39.16666666666666,23.83333333333333,0.0,0.0,17.517917698238236,16.662976151193376
272.0,212.66666666666663,557.2950972339245,0.38160512755668446,111.33333333333334,0.1666666666666666,7.0,104.16666666666669,132.15584253501208,0.1666666666666666,0.0,7.0,0.0,1.1666666666666667,90.83333333333331,0.1666666666666666,12.0,0.0,0.0,11.324970604774808,9.497538596903938
273.0,311.3333333333333,822.1697277136224,0.3786728248911844,0.0,0.0,0.0,0.0,26.23199333902138,0.0,0.0,0.0,0.0,0.0,0.0,0.0,0.0,0.0,0.0,12.235166061721452,13.996827277299928
274.0,639.1666666469613,1829.3953075812442,0.34938685149031173,0.0,0.0,0.0,0.0,52.5201385869499,0.0,0.0,0.0,0.0,0.0,0.0,0.0,0.0,0.0,0.0,23.859947270438095,28.6601913165118
275.0,22.500000132585043,43.30870925805219,0.5195259918396603,11.333333400116912,0.33333333529755615,3.50000002062434,7.500000044195014,15.131981822372868,0.33333333529755615,0.0,1.1666666735414468,2.333333347082893,0.0,3.0000000176780057,0.16666666764877802,4.33333335886823,1.001631485427466,0.0,1.7972435539871638,0.999773382841328
276.0,1042.8333333333333,2603.82051043566,0.4005012362234027,284.83333333333337,84.0,10.5,190.33333333333331,453.6724666109679,54.0,30.0,4.166666666666667,6.333333333333333,7.166666666666667,81.5,32.5,69.16666666666667,1.0016314795251835,0.0,121.181646668176,46.65585512993334
277.0,68.5,149.42852575625133,0.458413142024419,94.5,35.5,4.333333333333333,54.66666666666667,103.60388429487872,35.5,0.0,2.5,1.8333333333333333,4.333333333333333,1.8333333333333333,6.666666666666667,41.833333333333336,0.6678321380518358,0.0,5.437835488983182,2.998216667843708
278.0,551.6666666666666,1284.0386051826656,0.4296340191330831,902.3333333333334,424.0,28.666666666666668,449.6666666666667,1000.073371137778,261.6666666666667,162.33333333333334,24.666666666666668,4.0,14.833333333333334,192.83333333333331,134.66666666666666,107.33333333333331,2.003262959050367,0.0,70.90933490107868,24.827439944315504
279.0,139.33333333333334,346.3240052437232,0.4023207494244542,89.0,1.3333333333333333,4.0,83.66666666666667,113.1373712247306,1.3333333333333333,0.0,2.6666666666666665,1.3333333333333333,4.666666666666667,6.833333333333333,47.833333333333336,24.33333333333333,2.5051246406028027,0.0,15.466582558589613,6.165664025538198
280.0,151.33333333333334,393.1591112309693,0.38491625657488454,0.0,0.0,0.0,0.0,12.721695630757685,0.0,0.0,0.0,0.0,0.0,0.0,0.0,0.0,0.0,0.0,5.723281992107718,6.998413638649964
281.0,337.6666666666667,764.133457115708,0.44189488566725055,2.0,0.0,0.0,2.0,36.35500188032575,0.0,0.0,0.0,0.0,0.0,2.0,0.0,0.0,6.009788877151101,0.0,13.181328372052262,15.163884631122388
282.0,857.0,2493.13787246044,0.34374352476312897,457.33333333333337,85.0,36.833333333333336,335.5,616.0804506372755,63.5,21.5,21.166666666666668,15.666666666666666,47.16666666666666,27.0,49.66666666666666,211.66666666666663,1.6684185321753418,0.0,118.91905358329622,38.15964518847061
283.0,479.8333333333333,1288.115328245666,0.3725080532865305,313.16666666666663,101.83333333333331,13.0,198.3333333333333,371.3222671447096,23.83333333333333,78.0,7.666666666666667,5.333333333333333,12.166666666666666,94.33333333333331,20.5,71.33333333333333,0.0,0.0,36.66035916948447,21.49524130855845
284.0,374.0,1002.6276858211731,0.37301982110506565,8.0,0.0,0.0,8.0,38.76124104877797,0.0,0.0,0.0,0.0,2.6666666666666665,0.1666666666666666,4.166666666666667,1.0,1.0016314795251835,0.0,12.763462161102874,16.99614740814991
285.0,87.66666666666667,226.4266442593499,0.38717469383264347,8.666666666666666,0.0,0.1666666666666666,8.5,32.223343809718145,0.0,0.0,0.1666666666666666,0.0,0.0,0.3333333333333333,1.0,7.166666666666667,2.8383430323975887,0.0,16.71933767628006,3.998996434373826
286.0,217.0,559.280765595524,0.3879983245426609,136.0,10.833333333333334,2.666666666666667,122.5,180.29396106133325,1.3333333333333333,9.5,1.5,1.1666666666666667,47.333333333333336,5.0,40.333333333333336,29.83333333333333,1.0016314795251835,0.0,33.62822160713373,9.664107974674332
287.0,147.66666666666666,393.2264615518247,0.37552576213695416,0.0,0.0,0.0,0.0,31.099898039253286,0.0,0.0,0.0,0.0,0.0,0.0,0.0,0.0,0.0,0.0,24.43449307538567,6.6654049638676165
288.0,1055.5,2564.8401126185768,0.4115266268673512,494.8333333333333,32.0,86.33333333333333,376.5,595.8013980201127,31.166666666666668,0.8333333333333334,26.83333333333333,59.5,10.333333333333334,227.16666666666663,22.666666666666668,116.33333333333331,2.003262959050367,0.0,51.808428943889815,47.15637278383934
289.0,68.5,192.98604986935985,0.35494793559622806,218.66666666666663,62.66666666666666,18.666666666666664,137.33333333333331,235.0999178142808,60.66666666666666,2.0,14.666666666666666,4.0,14.666666666666666,11.0,15.333333333333334,96.33333333333331,3.839743831304797,0.0,9.594706181639364,2.9988011346699825
290.0,118.83333333333331,360.5161549276536,0.32961999541235576,12.0,0.0,4.333333333333333,7.666666666666666,24.04306649861154,0.0,0.0,4.0,0.3333333333333333,0.1666666666666666,0.0,1.1666666666666667,6.333333333333333,2.003262959050367,0.0,5.040936654811201,4.998866884749973
291.0,820.0,2435.896247686382,0.3366317431536081,9.0,0.0,0.0,9.0,90.86395434894968,0.0,0.0,0.0,0.0,0.0,9.0,0.0,0.0,0.0,0.0,45.37185264167525,36.49210170727442
292.0,152.5,430.2654306516904,0.35443237856459864,294.6666666666667,71.66666666666667,24.166666666666664,198.83333333333331,331.61954894381364,57.5,14.166666666666666,15.166666666666666,9.0,21.0,43.333333333333336,37.0,97.5,9.014683315726652,0.0,21.106679106385155,6.831519855035147
293.0,514.6666666666666,1472.2461161781655,0.3495792320394776,219.16666666666663,17.833333333333332,19.666666666666668,181.66666666666663,268.68439931591354,17.833333333333332,0.0,7.666666666666667,12.0,16.166666666666668,54.66666666666666,39.333333333333336,71.5,2.003262959050367,0.0,24.519682020346607,22.99478766984988
294.0,277.6666666666667,796.448846652313,0.34863088550353705,1270.0,583.3333333333334,69.0,617.6666666666667,1428.2184547626266,476.1666666666667,107.16666666666669,39.833333333333336,29.166666666666668,60.16666666666666,163.5,91.33333333333331,302.6666666666667,1.6686492127933166,0.0,144.21915874882237,12.33064680101086
295.0,10.333333333333334,18.933136861359745,0.5457803114719159,0.0,0.0,0.0,0.0,4.685389623772909,0.0,0.0,0.0,0.0,0.0,0.0,0.0,0.0,4.006525918100734,0.0,0.3453677263554058,0.3334959793167689
296.0,11.0,25.984017371766715,0.4233371553989261,0.0,0.0,0.0,0.0,9.38221492015821,0.0,0.0,0.0,0.0,0.0,0.0,0.0,0.0,9.014683315726652,0.0,0.3675316044315584,0.0
297.0,44.833333333333336,112.81542134100636,0.39740429810403266,0.0,0.0,0.0,0.0,23.8612883831551,0.0,0.0,0.0,0.0,0.0,0.0,0.0,0.0,19.19754951715645,0.0,2.664192112098661,1.9995467538999891
298.0,33.166666666666664,68.26849609112757,0.4858268244607944,0.0,0.0,0.0,0.0,15.127213386850554,0.0,0.0,0.0,0.0,0.0,0.0,0.0,0.0,12.685668915074212,0.0,1.108599837869814,1.332944633906529
299.0,20.33333333333333,39.89423401540221,0.509681006169541,284.1666666666667,69.33333333333333,72.66666666666667,142.16666666666669,297.34411223775817,51.0,18.33333333333333,10.333333333333334,62.333333333333336,16.666666666666668,16.166666666666668,19.33333333333333,90.0,2.003262959050367,0.0,10.174409235091204,0.9997733769499948
300.0,5.0,14.989195790630117,0.3335735999342637,498.1666666666666,99.66666666666669,23.166666666666668,375.3333333333333,517.9827664677103,91.5,8.166666666666666,20.0,3.1666666666666665,23.666666666666668,147.83333333333334,16.666666666666668,187.16666666666663,3.0048944385755507,0.0,16.81120536246808,0.0
301.0,12.0,36.972989476575286,0.32456125863457036,0.0,0.0,0.0,0.0,4.405611383996336,0.0,0.0,0.0,0.0,0.0,0.0,0.0,0.0,3.0048944385755507,0.0,0.400943568470791,0.9997733769499948
302.0,84.33333333333333,211.4173326127552,0.39889507776452454,14.0,1.0,1.3333333333333333,11.666666666666666,35.303761424022355,1.0,0.0,0.3333333333333333,1.0,2.6666666666666665,2.0,1.3333333333333333,5.666666666666667,12.18601405930105,0.0,5.118653856921328,3.9990935077999783
303.0,58.0,145.95998820053725,0.3973691743542256,143.66666666666669,54.333333333333336,7.333333333333334,82.0,157.40931728839257,18.0,36.333333333333336,4.166666666666667,3.1666666666666665,6.5,4.5,9.666666666666666,61.333333333333336,3.0048944385755507,0.0,7.738436052300375,2.999320130849984
304.0,95.33333333333331,237.54272567331557,0.4013313102437075,98.5,17.166666666666668,1.0,80.33333333333333,114.99135345122788,1.0,16.166666666666668,1.0,0.0,2.1666666666666665,57.16666666666666,7.833333333333333,13.166666666666666,5.008157397625918,0.0,7.150801156820788,4.332394896781172
305.0,2.0,4.912205782006595,0.4071490667850272,0.0,0.0,0.0,0.0,11.084770202855482,0.0,0.0,0.0,0.0,0.0,0.0,0.0,0.0,11.017946274777016,0.0,0.0668239280784651,0.0
306.0,27.83333333333333,70.01047229694454,0.39755957102074935,0.0,0.0,0.0,0.0,10.944511880234009,0.0,0.0,0.0,0.0,0.0,0.0,0.0,0.0,9.014683315726652,0.0,0.9300551875573604,0.9997733769499948
307.0,93.66666666666669,235.45839315088165,0.3978055970451014,0.0,0.0,0.0,0.0,16.143266746380903,0.0,0.0,0.0,0.0,0.0,0.0,0.0,0.0,9.014683315726652,0.0,3.1294899228542703,3.9990935077999783
308.0,209.16666666666663,613.4079962316346,0.34099109883086903,458.5,89.33333333333333,36.0,333.16666666666663,564.6449194240179,86.83333333333333,2.5,20.83333333333333,15.166666666666666,39.5,70.83333333333333,49.0,173.83333333333334,3.672142215222383,0.0,93.1404111923385,9.332366016456971
309.0,191.83333333333331,472.0833118330781,0.40635482874506446,296.16666666666663,48.66666666666666,89.0,158.5,328.65041132932464,40.0,8.666666666666666,81.16666666666667,7.833333333333333,19.0,18.33333333333333,23.83333333333333,97.33333333333331,8.013051836201468,0.0,16.3058716201577,8.164821206298841
310.0,0.0,0.0,0.0,173.66666666666669,60.333333333333336,44.0,69.33333333333333,180.4709575924661,59.333333333333336,1.0,17.666666666666668,26.33333333333333,7.333333333333333,0.0,3.0,59.0,1.0016314795251835,0.0,5.802659446274293,0.0
311.0,24.33333333333333,60.128528249818665,0.4046886568092029,1572.6666666666667,427.5,227.83333333333331,917.3333333333334,1630.0304917947262,280.8333333333333,146.66666666666666,180.83333333333331,47.0,106.0,199.0,105.16666666666669,507.1666666666667,3.0048944385755507,0.0,53.35915731253393,0.9997733769499948
312.0,416.8333333333333,1399.7984617750874,0.2977809625570999,472.1666666666667,3.1666666666666665,7.833333333333334,461.1666666666667,527.877063469627,3.1666666666666665,0.0,4.166666666666667,3.6666666666666665,10.5,15.833333333333334,235.83333333333331,199.0,7.011420356676285,0.0,29.70328228423418,18.9956941620499
313.0,713.0,1796.8277432833677,0.396810435872459,80.66666666666666,19.5,0.0,61.16666666666666,140.17733060151434,1.1666666666666667,18.33333333333333,0.0,0.0,1.0,46.16666666666666,3.333333333333333,10.666666666666666,0.0,0.0,27.51791587244785,31.99274806239983
314.0,612.1666666666666,1565.0347391247751,0.3911521267630217,15.166666666666666,0.0,1.1666666666666667,14.0,65.29007261726647,0.0,0.0,0.1666666666666666,1.0,6.0,0.1666666666666666,0.0,7.833333333333333,1.0016314795251835,0.0,21.79481950236257,27.326954968712045
315.0,0.0,0.0,0.0,1549.0,153.5,653.1666666666667,742.3333333333334,1600.7493494100263,152.5,1.0,379.5,273.6666666666667,61.333333333333336,1.5,61.66666666666666,617.8333333333334,0.0,0.0,51.74934941002627,0.0
316.0,1190.5,3331.93637482596,0.35729973987338953,257.66666666666663,9.0,20.333333333333336,228.3333333333333,361.37478388853305,9.0,0.0,8.5,11.833333333333334,17.166666666666668,34.833333333333336,62.66666666666666,113.66666666666669,0.0,0.0,50.72012824351662,52.987988978349726
317.0,529.6666666666666,1225.847181134384,0.4320821345581751,8.833333333333332,0.0,1.0,7.833333333333333,50.48622801860788,0.0,0.0,0.1666666666666666,0.8333333333333334,0.0,0.0,0.0,7.833333333333333,0.0,0.0,17.991374966222878,23.66151971905167
318.0,119.66666666666669,269.9244675209243,0.4433338991671448,0.0,0.0,0.0,0.0,9.16295243271066,0.0,0.0,0.0,0.0,0.0,0.0,0.0,0.0,0.0,0.0,3.997645947597382,5.16530648511328
319.0,0.0,0.0,0.0,3152.166666666667,289.3333333333333,2089.333333333333,773.5,3257.4860339207507,275.3333333333333,14.0,1605.5,483.8333333333333,113.66666666666669,249.5,37.0,373.3333333333333,0.0,0.0,105.3193672540843,0.0
320.0,684.3333333333334,1666.1963588027463,0.41071589774992934,47.833333333333336,0.0,1.1666666666666667,46.66666666666667,115.29277845730466,0.0,0.0,0.0,1.1666666666666667,0.0,27.666666666666668,0.0,19.0,2.003262959050367,0.0,34.962980274160685,30.493201890760275
321.0,517.3333333333334,1144.848320133911,0.45187936623152114,131.83333333333334,0.0,1.8333333333333333,130.0,181.18406188165616,0.0,0.0,0.3333333333333333,1.5,3.6666666666666665,114.66666666666669,0.0,11.666666666666666,0.0,0.0,26.35594087847296,22.99478766984988
322.0,339.0,648.9386807693659,0.5223914216333813,469.6666666666667,49.66666666666666,42.83333333333333,377.1666666666667,512.3510727683192,49.66666666666666,0.0,23.83333333333333,19.0,37.0,110.66666666666669,53.16666666666666,176.33333333333334,0.0,0.0,27.521171256703692,15.163234844948803
323.0,373.5,777.2319494460288,0.48055152682054786,212.16666666666663,50.16666666666666,78.0,84.0,248.56443696724097,50.16666666666666,0.0,4.166666666666667,73.83333333333333,5.666666666666667,10.5,6.833333333333333,61.0,0.0,0.0,19.5683545490176,16.82941575155668
324.0,636.3333333333334,1557.8342656840894,0.40847306247555243,516.0,153.5,51.66666666666667,310.8333333333333,582.6627091174697,134.83333333333334,18.666666666666668,37.833333333333336,13.833333333333334,34.166666666666664,58.0,46.0,172.66666666666666,0.0,0.0,38.50219277425197,28.16051634321774
325.0,497.66666669719405,1129.0522139594377,0.440782685286044,0.0,0.0,0.0,0.0,38.9520888320714,0.0,0.0,0.0,0.0,0.0,0.0,0.0,0.0,0.0,0.0,16.623416127861006,22.32867270421039
326.0,0.0,0.0,0.0,4556.0,163.16666666666666,1783.6666666666663,2609.1666666666665,4710.398378977516,163.16666666666666,0.0,1391.8333333333333,391.8333333333333,310.3333333333333,493.8333333333333,236.5,1568.5,2.169814365228329,0.0,152.22856461228733,0.0
327.0,525.6666666666666,1154.4482725299076,0.45534016479984685,164.99999999999997,1.3333333333333333,32.33333333333333,131.33333333333331,213.57618381028277,1.3333333333333333,0.0,1.5,30.83333333333333,2.0,72.83333333333333,4.5,52.0,2.003032915671668,0.0,23.0787201696281,23.494430724982976
328.0,328.0,621.0164098584834,0.5281663975268291,543.0,126.16666666666666,8.666666666666666,408.1666666666667,588.2654184671478,66.0,60.16666666666666,6.5,2.1666666666666665,5.833333333333333,15.0,18.33333333333333,369.0,0.0,0.0,30.26881781289787,14.99660065424992
329.0,910.3333333333334,1979.0424446787224,0.45998676571139274,377.3333333333333,71.33333333333333,33.0,273.0,465.1815921633091,69.0,2.333333333333333,22.0,11.0,22.166666666666668,145.16666666666666,13.333333333333334,92.33333333333331,0.0,0.0,47.02405478831787,40.82420404165799
330.0,440.0,1210.0005088610717,0.363636210710486,171.66666666666666,29.166666666666668,8.333333333333334,134.16666666666666,212.0991608695093,29.166666666666668,0.0,2.833333333333333,5.5,6.0,85.33333333333333,9.833333333333334,33.0,0.0,0.0,20.437026663842776,19.995467538999893
331.0,319.3333333333333,615.8231331756162,0.5185471544185528,411.0,0.1666666666666666,0.1666666666666666,410.6666666666667,450.0655381840028,0.1666666666666666,0.0,0.1666666666666666,0.0,0.0,410.1666666666667,0.0,0.5,0.0,0.0,24.735637115640696,14.329901068362114
332.0,392.83333340309497,868.9814540394345,0.452061815102061,138.3333333578994,3.8333333340140796,13.166666669004883,121.33333335488044,174.24320754089223,3.8333333340140796,0.0,8.50000000150948,4.666666667495401,10.333333335168389,32.16666667237901,12.33333333552356,66.50000001180946,0.0,0.0,18.247449374073128,17.662424808919734
333.0,944.0,2627.0384675910427,0.35933999887928353,966.3333333333331,127.0,214.5,624.8333333333333,1071.9904237118408,95.66666666666669,31.33333333333333,175.66666666666666,38.833333333333336,67.83333333333333,103.0,81.83333333333333,372.1666666666667,0.0,0.0,63.833015645806405,41.824074732701085
334.0,314.0,603.6866779282733,0.5201373684070394,1082.1666666666663,545.3333333333333,62.5,474.33333333333337,1145.480095125618,262.5,282.8333333333333,35.333333333333336,27.166666666666668,44.833333333333336,55.333333333333336,112.16666666666669,262.0,0.0,0.0,49.31660118165154,13.996827277299928
335.0,465.0,1130.9463860420078,0.4111600741988914,719.5,450.3333333333333,58.833333333333336,210.33333333333331,780.0716660670644,26.83333333333333,423.5,14.833333333333334,44.0,18.666666666666668,19.666666666666668,25.5,146.5,0.0,0.0,39.57642515111458,20.99524091594989
336.0,222.16666666666663,617.437062244666,0.3598207497602901,149.33333333333334,3.5,5.833333333333334,140.0,173.74359470269795,3.5,0.0,2.833333333333333,3.0,6.0,97.5,8.666666666666666,27.83333333333333,0.0,0.0,14.412527599864648,9.997733769499948
337.0,331.33333328795385,925.2751431037872,0.3580916830603635,433.83333327391546,2.1666666663699194,16.166666664452475,415.4999999430931,475.5629309451945,2.1666666663699194,0.0,5.499999999246719,10.666666665205758,6.666666665753599,303.66666662507646,69.83333332376895,35.33333332849408,0.0,0.0,26.732997019083125,14.996600652195985
338.0,685.1666662089086,1729.0351992630615,0.39627109182099707,9.83333332676371,0.0,0.0,9.83333332676371,63.88094180984264,0.0,0.0,0.0,0.0,0.9999999993319028,1.6666666655531712,0.9999999993319028,6.166666662546734,0.0,0.0,23.55430933644866,30.49329914663026
339.0,2.5,6.52328792393953,0.3832423203068132,759.8333333333334,50.66666666666666,59.0,650.1666666666667,785.3041389450826,40.5,10.166666666666666,33.666666666666664,25.33333333333333,50.66666666666666,291.5,95.5,212.5,0.0,0.0,25.470805611749327,0.0
340.0,528.1666666666666,1084.375090075082,0.4870700844207851,2648.1666666666665,248.8333333333333,1754.8333333333333,644.5,2779.130565122329,174.0,74.83333333333333,1612.5,142.33333333333334,84.0,167.66666666666666,106.5,286.3333333333333,0.0,0.0,107.30250851426916,23.66138994139345
341.0,86.16666666666667,166.63501685305138,0.5170981963692154,487.6666666666667,149.5,17.0,321.1666666666667,510.83855784524496,87.16666666666667,62.333333333333336,10.0,7.0,31.33333333333333,157.83333333333334,72.33333333333333,59.66666666666666,0.0,0.0,19.172797670778348,3.9990935077999783
342.0,238.16666666666663,644.8103466334957,0.3693592509954534,68.66666666666667,65.5,0.6666666666666666,2.5,89.91597465103268,0.3333333333333333,65.16666666666667,0.6666666666666666,0.0,0.0,1.3333333333333333,0.6666666666666666,0.5,0.0,0.0,10.251800837916068,10.997507146449944
343.0,147.16666666666666,398.4215889478568,0.36937422757461824,184.5,97.83333333333334,7.0,79.66666666666667,202.57981832874032,3.1666666666666665,94.66666666666669,2.6666666666666665,4.333333333333333,5.5,11.833333333333334,8.833333333333334,53.5,0.0,0.0,11.08140469009034,6.998413638649964
344.0,444.5,964.3525873278336,0.46093099748058364,405.33333333333337,78.66666666666667,55.0,271.6666666666667,454.7235124096245,72.66666666666667,6.0,33.5,21.5,40.16666666666666,20.5,46.66666666666666,164.33333333333334,0.0,0.0,29.39471153729116,19.995467538999893
345.0,239.5,461.7600762786768,0.5186676204883927,50.16666666666667,0.1666666666666666,1.3333333333333333,48.66666666666667,70.84242207678996,0.1666666666666666,0.0,0.3333333333333333,1.0,2.0,3.8333333333333335,29.0,13.833333333333334,0.0,0.0,9.678248263673344,10.997507146449944
346.0,411.8333333333333,641.028985859317,0.6424566476994162,129.0,27.166666666666668,2.833333333333333,99.0,165.39934997491986,0.0,27.166666666666668,1.5,1.3333333333333333,1.8333333333333333,68.5,19.83333333333333,8.833333333333334,0.0,0.0,18.070193119934952,18.32915685498493
347.0,718.5,1140.690016686406,0.6298819043644942,314.0,165.33333333333334,14.833333333333332,133.83333333333334,387.8257216246202,163.83333333333334,1.5,7.333333333333333,7.5,18.666666666666668,14.0,29.166666666666668,72.0,0.0,0.0,41.83307102811474,31.992650596505484
348.0,206.66666714734893,417.967344452419,0.4944564925714565,312.1666673927295,103.33333357367447,6.33333334806392,202.50000047099113,338.667366294874,2.0000000046517643,101.3333335690227,5.333333345738038,1.0000000023258822,21.16666671589784,19.166666711246076,24.66666672403843,137.5000003198088,0.0,0.0,17.335876699660368,9.164822202484137
349.0,218.33333333333331,440.0394749552197,0.4961676071346823,0.0,0.0,0.0,0.0,20.12531489175909,0.0,0.0,0.0,0.0,0.0,0.0,0.0,0.0,0.0,0.0,10.461174567470255,9.664140324288832
350.0,259.0,507.8974617832004,0.5099454505849764,18.5,6.333333333333333,1.1666666666666667,11.0,39.769095066915824,6.333333333333333,0.0,0.1666666666666666,1.0,1.1666666666666667,0.8333333333333334,1.1666666666666667,7.833333333333333,0.0,0.0,9.27181454351589,11.997280523399937
351.0,3.0,9.382139275183413,0.3197564981725719,139.83333333333334,18.5,54.0,67.33333333333334,144.60552703265245,18.5,0.0,23.166666666666668,30.83333333333333,7.666666666666667,7.5,10.166666666666666,42.0,0.0,0.0,4.772193699319103,0.0
352.0,270.3333333333333,493.7218340087218,0.5475417830692044,274.5,1.0,214.66666666666663,58.833333333333336,304.7007520812373,1.0,0.0,1.6666666666666667,213.0,1.1666666666666667,1.0,0.1666666666666666,56.5,0.0,0.0,18.20347155783739,11.997280523399937
353.0,249.66666064109836,478.4291993033075,0.5218466201575176,636.8333179637096,348.49999158914335,54.49999868467235,233.83332768989388,682.128906149402,339.1666584810649,9.333333108078445,27.833332661591072,26.666666023081273,41.833332323708746,12.833333023607862,62.166665166308206,116.99999717626908,0.0,0.0,34.294898400854095,11.000689784838427
354.0,354.5,622.6950817428055,0.5692995021059452,138.5,43.16666666666666,17.0,78.33333333333334,170.80128206205603,43.16666666666666,0.0,10.833333333333334,6.166666666666667,8.5,1.5,13.5,54.833333333333336,0.0,0.0,16.47150975824101,15.82977230381502
355.0,111.83333333333331,209.5110898678913,0.5337824045679426,189.66666666666669,67.16666666666667,42.83333333333333,79.66666666666667,204.76043120077225,33.833333333333336,33.333333333333336,24.0,18.83333333333333,8.166666666666666,4.833333333333333,32.833333333333336,33.833333333333336,0.0,0.0,10.095059776377193,4.998704757728384
356.0,401.8333333333333,748.1336309270445,0.5371143826743953,96.16666666666666,24.5,10.5,61.16666666666666,137.13053984422572,10.833333333333334,13.666666666666666,7.5,3.0,8.666666666666666,1.1666666666666667,14.166666666666666,37.16666666666666,0.0,0.0,22.8014805942826,18.162392583276468
357.0,50.0,133.65924565821663,0.3740856066766697,4.666666666666667,0.1666666666666666,0.6666666666666666,3.8333333333333335,8.492766985604963,0.1666666666666666,0.0,0.6666666666666666,0.0,0.1666666666666666,1.0,0.3333333333333333,2.333333333333333,0.0,0.0,1.8265535650383051,1.9995467538999891
358.0,106.0,200.6207214853604,0.528360177429304,184.83333333333331,148.66666666666669,30.0,6.166666666666666,199.54937007258005,26.0,122.66666666666669,29.83333333333333,0.1666666666666666,0.3333333333333333,1.0,2.0,2.833333333333333,0.0,0.0,9.71716985449668,4.998866884749973
359.0,145.0,347.1373386263176,0.4177021134453298,147.5,54.333333333333336,9.833333333333334,83.33333333333333,168.77912918597815,13.0,41.333333333333336,6.666666666666667,3.1666666666666665,10.5,1.3333333333333333,25.83333333333333,45.66666666666666,0.0,0.0,14.947155540300065,6.331973645678091
360.0,395.5,671.7249584682758,0.5887826483354923,241.5,49.333333333333336,1.8333333333333333,190.3333333333333,280.4508203006474,0.0,49.333333333333336,1.6666666666666667,0.1666666666666666,1.6666666666666667,0.0,18.0,170.66666666666666,0.0,0.0,21.288070772504085,17.66274952814337
361.0,166.16666666666666,420.6127371260206,0.3950585705084845,299.00000000000006,0.0,0.1666666666666666,298.83333333333337,321.54062469514975,0.0,0.0,0.1666666666666666,0.0,0.0,298.6666666666667,0.0,0.1666666666666666,0.0,0.0,15.542211056499694,6.998413638649964
362.0,317.6666666666667,649.5287690052902,0.4890725119891947,274.16666666666663,133.83333333333334,12.166666666666666,128.16666666666666,311.10522810401784,105.0,28.83333333333333,7.833333333333333,4.333333333333333,13.666666666666666,16.5,18.0,80.0,0.0,0.0,22.941734160051222,13.996827277299928
363.0,258.3333333333333,650.2696443448186,0.3972710945066764,0.0,0.0,0.0,0.0,21.628975996689448,0.0,0.0,0.0,0.0,0.0,0.0,0.0,0.0,0.0,0.0,9.965061675199197,11.663914321490251
364.0,1.3333333333333333,2.166616868577472,0.6153987595456852,666.1666666666666,196.8333333333333,352.3333333333333,117.0,688.469150837064,132.66666666666666,64.16666666666667,80.5,271.8333333333333,9.666666666666666,12.333333333333334,33.333333333333336,61.66666666666666,0.0,0.0,22.302484170397364,0.0
365.0,0.6666666666666666,1.499824499148082,0.4444964507816355,1164.333333333333,4.166666666666667,571.3333333333333,588.8333333333333,1204.2419426185509,4.166666666666667,0.0,502.3333333333333,69.0,46.333333333333336,81.33333333333333,135.0,326.1666666666667,1.0016314795251835,0.0,38.90697780569209,0.0
366.0,76.66666666666667,216.10531420442533,0.3547653001912931,978.1666666666666,119.5,389.1666666666666,469.5,1019.7482976925838,107.83333333333331,11.666666666666666,297.8333333333333,91.33333333333331,48.16666666666666,43.66666666666666,93.33333333333331,284.3333333333333,0.0,0.0,38.24894469315767,3.332686332759667
367.0,0.0,0.0,0.0,27.000000000000004,1.1666666666666667,5.0,20.833333333333336,27.902043911475943,1.1666666666666667,0.0,3.1666666666666665,1.8333333333333333,2.833333333333333,3.6666666666666665,4.166666666666667,10.166666666666666,0.0,0.0,0.9020439114759444,0.0
368.0,443.8333401639705,801.4924498157026,0.5537586040467715,463.66667380254063,150.83333565467265,79.33333455428087,233.50000359358717,536.3175603715193,36.50000056173847,114.33333509293418,38.166667254055284,41.16666730022557,30.166667130934535,17.666666938558347,91.333334738962,94.33333478513228,0.0,0.0,52.988817240800095,19.66206932817858
369.0,9.5,17.82329579698004,0.533010286549229,1130.0,70.16666666666667,196.0,863.8333333333334,1168.2417214997683,70.16666666666667,0.0,108.33333333333331,87.66666666666667,153.33333333333334,36.5,211.83333333333331,462.1666666666667,0.0,0.0,38.07521708647674,0.1665044132917964
370.0,74.5,151.47878673684477,0.491818040036355,646.0,55.83333333333333,100.83333333333334,489.33333333333337,685.4120745415064,30.83333333333333,25.0,43.5,57.333333333333336,37.333333333333336,41.16666666666666,63.833333333333336,347.0,0.0,0.0,35.91236449592362,3.4997100455828174
371.0,325.3333333333333,558.9703837012038,0.5820224878090132,869.1666666666667,33.166666666666664,161.33333333333334,674.6666666666667,923.7400959210617,29.5,3.6666666666666665,109.66666666666669,51.66666666666666,169.66666666666666,62.66666666666666,118.66666666666669,323.6666666666667,0.0,0.0,39.91016198412293,14.663267270271795
372.0,293.0,555.3510336510727,0.5275942282374358,1166.5,306.1666666666667,33.666666666666664,826.6666666666667,1228.260649344151,258.6666666666667,47.5,10.666666666666666,23.0,64.16666666666667,458.6666666666667,21.666666666666668,282.1666666666667,0.0,0.0,48.76359544380096,12.997053900349933
373.0,169.0,319.5310205552681,0.5289001352867668,1996.6666666666667,256.0,143.16666666666669,1597.5,2077.0266017913564,59.833333333333336,196.16666666666663,93.66666666666669,49.5,288.5,169.66666666666666,146.33333333333334,993.0,0.0,0.0,72.36174810908976,7.998187015599957
374.0,176.33333333333334,370.1336309851338,0.47640451602306755,57.99999999999999,4.0,7.666666666666666,46.33333333333333,101.66784076244494,4.0,0.0,4.5,3.1666666666666665,6.333333333333333,1.5,9.666666666666666,28.83333333333333,0.0,0.0,35.836418310486614,7.831422451958331
375.0,182.0,345.2921357650176,0.5270899077871176,1430.8333333333333,72.0,118.16666666666666,1240.6666666666663,1492.7208944923334,65.83333333333333,6.166666666666667,70.0,48.16666666666666,207.5,315.0,272.3333333333333,445.8333333333333,0.0,0.0,53.88937414340001,7.998187015599957
376.0,213.16666666666663,470.9228254384496,0.45265732547195864,220.8333333333333,16.166666666666668,27.666666666666664,177.0,262.83750292395786,16.166666666666668,0.0,16.333333333333332,11.333333333333334,26.166666666666668,17.0,34.666666666666664,99.16666666666669,0.0,0.0,32.50568977143539,9.49847981918914
377.0,743.1666666666666,1244.9835875828255,0.596928886516125,334.66666666666663,8.333333333333332,20.5,305.8333333333333,411.34344908210846,5.333333333333333,3.0,12.5,8.0,38.0,21.5,156.16666666666666,90.16666666666669,0.0,0.0,43.51756166911323,33.15922074632855
378.0,327.3333333333333,540.9986381278442,0.6050538952668874,63.833333333333336,3.5,0.5,59.833333333333336,94.56573335752182,3.5,0.0,0.5,0.0,1.0,54.0,1.3333333333333333,3.5,0.0,0.0,16.06939281514968,14.663007209038808
379.0,713.1666666666666,1677.1230437308388,0.4252321672715163,45.99999999999999,1.8333333333333333,5.333333333333334,38.83333333333333,103.35823599879416,1.8333333333333333,0.0,2.5,2.833333333333333,3.6666666666666665,4.5,5.833333333333333,24.83333333333333,0.0,0.0,25.36548793639433,31.99274806239983
380.0,469.3333333333333,1187.8611483767716,0.39510790800312284,40.16666666666667,1.3333333333333333,4.0,34.833333333333336,79.35185003370363,1.3333333333333333,0.0,1.0,3.0,4.833333333333333,19.0,2.6666666666666665,8.333333333333334,0.0,0.0,18.189942451087077,20.99524091594989
381.0,388.0,910.767913042976,0.42601412988260556,40.33333333333333,16.5,2.333333333333333,21.5,71.80782869331159,16.5,0.0,1.3333333333333333,1.0,4.166666666666667,3.333333333333333,1.8333333333333333,12.166666666666666,0.0,0.0,14.478347951828349,16.99614740814991
382.0,160.5,410.78395826407046,0.39071632854957633,1.0,0.0,0.0,1.0,13.394581548071288,0.0,0.0,0.0,0.0,0.8333333333333334,0.0,0.1666666666666666,0.0,0.0,0.0,5.396167909421322,6.998413638649964
383.0,0.0,0.0,0.0,1958.0,95.33333333333331,1276.3333333333337,586.3333333333334,2023.421315737583,80.83333333333333,14.5,1036.1666666666667,240.16666666666663,426.0,34.666666666666664,17.0,108.66666666666669,0.0,0.0,65.4213157375828,0.0
384.0,6.0,15.156762808077607,0.3958628947338527,1004.1666666666666,146.0,545.3333333333333,312.83333333333337,1037.9199092703898,135.33333333333334,10.666666666666666,309.3333333333333,236.0,85.83333333333333,32.166666666666664,37.5,157.33333333333334,0.0,0.0,33.75324260372315,0.0
385.0,8.0,22.983793685945177,0.3480713458062444,419.0,60.5,195.66666666666663,162.83333333333331,433.2670303641112,57.5,3.0,168.66666666666666,27.0,20.166666666666668,22.83333333333333,20.83333333333333,99.0,0.0,0.0,14.267030364111292,0.0
386.0,6.0,15.156762808077607,0.3958628947338527,776.6666666666666,47.0,636.5,93.16666666666666,802.8173168914823,40.5,6.5,143.83333333333334,492.6666666666667,6.166666666666667,4.333333333333333,30.5,52.16666666666666,0.0,0.0,26.15065022481566,0.0
387.0,308.5,873.5911771013043,0.35314001341410683,400.5,19.33333333333333,224.8333333333333,156.33333333333334,442.1863990929389,7.666666666666667,11.666666666666666,196.66666666666663,28.166666666666668,73.16666666666667,5.0,3.6666666666666665,74.5,0.0,0.0,27.68957181563899,13.996827277299928
388.0,0.0,0.0,0.0,12.0,0.0,11.833333333333334,0.1666666666666666,12.400942959873996,0.0,0.0,0.0,11.833333333333334,0.0,0.0,0.0,0.1666666666666666,0.0,0.0,0.4009429598739961,0.0
389.0,148.66666666666666,259.6667159721952,0.5725287744717567,333.5,28.833333333333336,80.33333333333333,224.33333333333331,368.6126139712015,13.5,15.333333333333334,68.83333333333333,11.5,25.33333333333333,37.16666666666666,33.333333333333336,128.5,0.0,0.0,28.614395505147517,6.498218466053953
390.0,372.0,787.8043506481657,0.47219845853089937,971.3333333333331,233.66666666666663,83.5,654.1666666666666,1033.2126502405597,32.166666666666664,201.5,49.66666666666666,33.833333333333336,114.83333333333331,66.0,111.83333333333331,361.5,0.0,0.0,44.88316949907615,16.99614740814991
391.0,77.0,163.01677382334387,0.4723440305808191,531.0,3.0,21.0,507.0,554.314136906699,3.0,0.0,14.5,6.5,28.0,403.8333333333333,14.0,61.16666666666666,0.0,0.0,20.31481677584893,2.999320130849984
392.0,356.0,620.8532504111806,0.5734044232904107,1376.1666666666667,407.1666666666667,136.33333333333334,832.6666666666667,1451.2064677307624,74.5,332.6666666666667,81.5,54.833333333333336,153.33333333333334,104.0,201.16666666666663,374.1666666666667,0.0,0.0,59.04342703289587,15.996374031199917
393.0,299.0,562.2905350462697,0.5317535710882914,747.3333333333334,64.16666666666667,62.0,621.1666666666667,798.7996824166853,61.0,3.1666666666666665,34.166666666666664,27.83333333333333,103.0,25.5,130.83333333333334,361.8333333333333,0.0,0.0,37.96822333554863,13.498125747803384
394.0,12.333333333333334,22.318459735509364,0.5526068321690952,8888.500000000002,289.1666666666667,384.1666666666666,8215.166666666668,9186.566019803717,78.83333333333333,210.33333333333331,208.0,176.16666666666666,1053.8333333333333,5713.166666666667,405.6666666666667,1042.5,0.0,0.0,297.3997099427676,0.6663098609472135
395.0,186.66666666666663,299.31589610242906,0.6236443473178829,754.4999999999999,41.66666666666667,76.0,636.8333333333333,805.1060972050024,29.166666666666668,12.5,43.0,33.0,103.16666666666669,108.83333333333331,119.5,305.3333333333333,0.0,0.0,42.10803992881852,8.498057276183866
396.0,446.0,675.203495880341,0.6605416037108903,1507.1666666666663,185.16666666666663,135.66666666666669,1186.3333333333333,1612.758621478392,47.16666666666666,138.0,82.16666666666667,53.5,148.0,400.0,142.5,495.8333333333333,0.0,0.0,85.76344633758622,19.82850847413953
397.0,608.5,1441.7606937516048,0.4220533980688726,286.33333333333337,44.16666666666667,23.0,219.16666666666669,346.5626923339794,31.166666666666668,13.0,7.0,16.0,14.5,30.666666666666668,111.16666666666669,62.833333333333336,0.0,0.0,33.06858338141248,27.1607756192336
398.0,753.0,1323.208627864283,0.5690712591674792,407.1666666666666,26.666666666666664,15.0,365.5,483.4228000542074,23.83333333333333,2.833333333333333,9.166666666666666,5.833333333333333,172.0,56.16666666666666,31.5,105.83333333333331,0.0,0.0,42.59713996022212,33.65899342731863
399.0,547.8333333333334,1130.675365869234,0.484518677836563,108.33333333333334,42.333333333333336,5.666666666666666,60.333333333333336,154.418116808847,42.333333333333336,0.0,3.6666666666666665,2.0,5.666666666666667,11.333333333333334,6.5,36.833333333333336,0.0,0.0,21.923588238014904,24.16119523749876
400.0,653.3333333333334,1233.1335822054143,0.5298155388525472,423.83333333333326,39.0,36.66666666666666,348.16666666666663,488.9837376330441,38.0,1.0,21.5,15.166666666666666,46.16666666666666,92.5,42.0,167.5,0.0,0.0,35.99034217746196,29.16006212224873
401.0,322.0,749.0381200494375,0.42988466325151464,77.0,14.333333333333334,2.333333333333333,60.33333333333333,104.32826665740758,0.0,14.333333333333334,0.3333333333333333,2.0,11.166666666666666,35.166666666666664,2.0,12.0,0.0,0.0,13.331439380107648,13.996827277299928
402.0,357.0,769.8867593460449,0.4637045587110005,85.5,1.6666666666666667,1.6666666666666667,82.16666666666667,116.44748727645712,1.6666666666666667,0.0,0.5,1.1666666666666667,2.6666666666666665,3.1666666666666665,57.66666666666666,18.666666666666668,0.0,0.0,14.951113245257206,15.996374031199917
403.0,228.66666790474852,475.6196359518546,0.4807763402095865,19.666666773148926,0.0,0.0,19.666666773148926,37.961979521936726,0.0,0.0,0.0,0.0,4.000000021657409,0.0,2.0000000108287046,13.666666740662814,0.0,0.0,8.297578925156602,9.9977338236312
404.0,191.00000001673365,392.0310139987948,0.48720635152942476,37.83333333664794,0.0,0.0,37.83333333664794,54.4768266922728,0.0,0.0,0.0,0.0,0.0,36.666666669879056,1.0000000000876108,0.1666666666812684,0.0,0.0,8.145566007904819,8.497927347720042
405.0,10.0,25.53790883486521,0.3915747395239999,1642.3333333333333,719.6666666666666,269.6666666666667,653.0,1697.5418361608745,621.5,98.16666666666669,203.83333333333331,65.83333333333333,80.0,4.166666666666667,47.833333333333336,521.0,0.0,0.0,55.20850282754071,0.0
406.0,2.0,3.9416668364953336,0.5073995553054571,194.3333333333333,78.33333333333333,22.333333333333336,93.66666666666669,202.897513179971,60.66666666666666,17.666666666666668,21.166666666666668,1.1666666666666667,8.666666666666666,2.5,8.833333333333334,73.66666666666667,2.003262959050367,0.0,6.560916887587304,0.0
407.0,0.0,0.0,0.0,391.33333333333337,164.16666666666669,105.5,121.66666666666666,404.4081694382165,138.83333333333334,25.33333333333333,73.5,32.0,4.0,0.3333333333333333,3.5,113.83333333333331,0.0,0.0,13.074836104883138,0.0
408.0,0.0,0.0,0.0,721.3333333333335,199.0,382.6666666666667,139.66666666666669,745.434034801999,190.5,8.5,28.166666666666668,354.5,19.166666666666668,0.0,14.833333333333334,105.66666666666669,0.0,0.0,24.100701468665783,0.0
409.0,103.0,266.97646665873503,0.38580179477639365,948.1666666666666,64.0,642.8333333333333,241.33333333333331,994.7842067932448,57.5,6.5,328.8333333333333,314.0,24.83333333333333,57.833333333333336,41.5,117.16666666666669,0.0,0.0,42.11834894992709,4.499191176651022
410.0,89.5,259.87100663316784,0.3444016366409724,143.83333333333331,39.5,15.166666666666666,89.16666666666666,155.795045000201,39.5,0.0,9.166666666666666,6.0,13.666666666666666,7.333333333333333,17.0,51.16666666666666,0.0,0.0,7.962618159067728,3.9990935077999783
411.0,316.1666666666667,910.5239313040028,0.3472359767786334,87.83333333333333,7.333333333333333,17.5,63.0,115.49590647034928,7.333333333333333,0.0,13.0,4.5,7.666666666666667,12.333333333333334,10.166666666666666,32.833333333333336,0.0,0.0,13.665745859716004,13.996827277299928
412.0,96.0,195.89195790630117,0.4900660600161984,717.3333333333334,40.16666666666667,6.333333333333334,670.8333333333334,748.6743998145669,35.333333333333336,4.833333333333333,2.333333333333333,4.0,1.0,1.3333333333333333,1.5,667.0,0.0,0.0,27.34197297343353,3.9990935077999783
413.0,166.83333333333334,347.333500828026,0.4803260639575822,399.6666666666666,44.833333333333336,52.66666666666667,302.16666666666663,426.0958433818868,32.833333333333336,12.0,29.666666666666668,23.0,47.5,27.83333333333333,59.0,167.83333333333334,0.0,0.0,18.93082749689007,7.498349218330039
414.0,68.16666666666667,138.09103720107748,0.4936357061856784,201.66666666666663,27.0,72.0,102.66666666666666,213.68206166465995,21.166666666666668,5.833333333333333,3.8333333333333335,68.16666666666667,12.5,38.5,14.5,37.16666666666666,0.0,0.0,9.01607486714332,2.999320130849984
415.0,415.1666666666667,1143.9625295725298,0.36291981243634275,80.5,4.0,9.333333333333334,67.16666666666667,116.0574697797148,4.0,0.0,6.0,3.333333333333333,7.833333333333333,7.833333333333333,10.166666666666666,41.333333333333336,0.0,0.0,16.56177561766489,18.9956941620499
416.0,426.1666666666667,912.5848667128934,0.46698853138087615,27.166666666666668,6.833333333333333,2.5,17.833333333333336,62.30933817187508,6.833333333333333,0.0,1.5,1.0,1.6666666666666667,1.6666666666666667,1.5,13.0,0.0,0.0,16.14697734315852,18.9956941620499
417.0,375.5,879.1519537698073,0.42711615254889035,463.33333333333337,94.0,31.833333333333336,337.5,515.8553429475887,60.0,34.0,17.5,14.333333333333334,34.5,42.16666666666666,75.66666666666667,185.16666666666663,0.0,0.0,36.02612219163009,16.49588742262541
418.0,411.0,1075.2815200769028,0.38222548451367955,138.66666666666666,2.0,1.0,135.66666666666666,175.02791776159103,2.0,0.0,0.0,1.0,0.8333333333333334,35.0,11.0,88.83333333333333,0.0,0.0,18.365330309824454,17.995920785099905
419.0,521.6666666666666,1026.5367291881323,0.5081811997893563,28.5,0.1666666666666666,0.0,28.33333333333333,69.87686230329204,0.1666666666666666,0.0,0.0,0.0,7.166666666666667,1.3333333333333333,13.166666666666666,6.666666666666667,0.0,0.0,18.38207463344215,22.99478766984988
420.0,149.0,342.9568849347347,0.4344569435553246,156.66666666666666,0.0,0.3333333333333333,156.33333333333331,173.8779881564587,0.0,0.0,0.3333333333333333,0.0,0.0,156.16666666666666,0.0,0.1666666666666666,0.0,0.0,10.212907851142091,6.998413638649964
421.0,108.0,247.84792779117836,0.4357510710801433,60.83333333333333,0.0,2.0,58.83333333333333,71.4732772153154,0.0,0.0,2.0,0.0,15.666666666666666,11.333333333333334,9.5,22.33333333333333,0.0,0.0,5.641076997232101,4.998866884749973
422.0,0.0,0.0,0.0,4113.666666666666,28.83333333333333,3352.333333333333,732.5,4251.113247082995,28.83333333333333,0.0,3283.1666666666665,69.16666666666667,437.0,87.83333333333333,87.16666666666667,120.5,0.0,0.0,137.44658041632889,0.0
423.0,37.0,80.286998119611,0.4608467232126136,584.5,122.66666666666669,159.33333333333334,302.5,607.2709285850947,121.66666666666669,1.0,51.16666666666666,108.16666666666669,37.333333333333336,22.5,49.16666666666666,193.5,0.0,0.0,20.771381831194724,1.9995467538999891
424.0,1.0,1.693188061693026,0.5906018490350657,480.1666666666667,158.83333333333334,129.16666666666666,192.16666666666669,497.5769972321018,157.83333333333334,1.0,116.83333333333331,12.333333333333334,17.833333333333332,9.5,57.16666666666666,107.66666666666669,0.0,0.0,17.410330565435114,0.0
425.0,142.0,360.0974414287575,0.3943377088062249,700.0,210.0,61.16666666666667,428.83333333333337,735.4667729163261,195.66666666666663,14.333333333333334,33.833333333333336,27.33333333333333,51.833333333333336,29.0,67.83333333333333,280.1666666666667,0.0,0.0,29.46813265462619,5.998640261699968
426.0,179.5,457.3939090220746,0.39244073097470356,574.6666666666666,78.33333333333334,65.66666666666667,430.6666666666666,607.8648586727603,77.66666666666667,0.6666666666666666,31.166666666666668,34.5,66.33333333333333,19.5,178.0,166.83333333333334,0.0,0.0,25.20000499049372,7.998187015599957
427.0,88.66666666666667,217.83922390079567,0.4070280139587975,447.0,71.83333333333333,35.833333333333336,339.33333333333337,468.8984562487262,37.16666666666666,34.666666666666664,19.166666666666668,16.666666666666668,49.66666666666666,84.5,65.83333333333333,139.33333333333334,0.0,0.0,17.899427553854732,3.999028694871489
428.0,58.0,140.41086527269846,0.4130734461849196,333.3333333333333,34.5,51.83333333333333,247.0,349.40770562092865,34.5,0.0,24.5,27.33333333333333,40.66666666666666,16.0,52.833333333333336,137.5,0.0,0.0,13.075052156745322,2.999320130849984
429.0,139.16666666666666,352.5448948503976,0.3947487786646918,497.0,69.66666666666667,53.66666666666667,373.6666666666666,524.2558583486948,69.66666666666667,0.0,29.166666666666668,24.5,49.333333333333336,59.833333333333336,63.833333333333336,200.66666666666663,0.0,0.0,21.25686071166875,5.998997637026058
430.0,384.1666666666667,1007.7979716559688,0.38119412567919847,0.0,0.0,0.0,0.0,29.8319011309365,0.0,0.0,0.0,0.0,0.0,0.0,0.0,0.0,0.0,0.0,12.835753722786594,16.99614740814991
431.0,241.0,660.5462232064649,0.3648495616705258,45.333333333333336,0.1666666666666666,5.333333333333334,39.833333333333336,65.89784881269058,0.1666666666666666,0.0,1.5,3.8333333333333335,2.5,5.0,3.8333333333333335,28.5,0.0,0.0,9.567008332907315,10.997507146449944
432.0,855.5,1608.7293721794283,0.531786150482856,368.33333333333337,55.0,28.833333333333336,284.5,447.5516718219004,26.33333333333333,28.666666666666668,20.166666666666668,8.666666666666666,24.5,54.16666666666666,39.333333333333336,166.5,0.0,0.0,40.893648927287295,38.32468956127975
433.0,382.33333318069793,884.1492617980883,0.43243075541696346,365.3333331874847,9.999999996007793,18.499999992614416,336.83333319886253,407.3110279240554,9.999999996007793,0.0,13.33333332801039,5.166666664604026,15.999999993612468,154.83333327152067,59.333333309646235,106.66666662408313,0.0,0.0,24.98154733520591,16.996147401364695
434.0,319.1666666666667,1003.704693215297,0.3179886163969592,1416.5,714.5,160.33333333333334,541.6666666666667,1488.8267193706138,468.1666666666667,246.33333333333331,33.666666666666664,126.66666666666669,89.16666666666667,45.5,73.83333333333333,333.1666666666667,0.0,0.0,57.99685112018327,14.329868250430556
435.0,77.0,185.21628773182624,0.4157301765570851,321.6666666666667,13.0,30.666666666666664,278.0,337.9859431732984,13.0,0.0,17.833333333333332,12.833333333333334,30.0,13.833333333333334,48.833333333333336,185.33333333333331,0.0,0.0,13.319956375781745,2.999320130849984
436.0,592.3333333333334,1196.115700167854,0.4952140777436579,590.1666666666666,59.16666666666667,42.0,489.0,658.0052316161733,34.333333333333336,24.83333333333333,20.166666666666668,21.83333333333333,48.66666666666666,85.66666666666667,104.16666666666669,250.5,0.0,0.0,41.34455403244065,26.49401091706595
437.0,238.3333334021739,683.4082079258784,0.34874227531669216,3869.8333344511025,41.00000001184251,15.500000004477045,3813.333334434783,4022.4244568865956,1.1666666670036487,39.83333334483886,1.0000000002888416,14.500000004188204,13.000000003754941,3719.333334407632,21.500000006210094,59.500000017186075,0.0,0.0,142.09371299271268,10.497409442780366
438.0,197.66666666666663,454.470343776969,0.4349385375158195,0.0,0.0,0.0,0.0,19.43698461828632,0.0,0.0,0.0,0.0,0.0,0.0,0.0,0.0,0.0,0.0,10.605983480248598,8.83100113803772
439.0,305.0,655.1753800634266,0.46552420814480755,1903.3333333333333,197.0,64.5,1641.8333333333337,1991.1154981749316,23.166666666666668,173.83333333333334,40.333333333333336,24.166666666666668,174.0,55.833333333333336,384.5,1027.5,0.0,0.0,73.78533756429825,13.996827277299928
440.0,172.0,376.2209690189777,0.4571781324377053,4746.333333333333,230.5,27.0,4488.833333333333,4918.662755849115,171.83333333333334,58.66666666666666,13.833333333333334,13.166666666666666,25.666666666666668,37.833333333333336,4002.5,422.8333333333333,0.0,0.0,164.33123550018135,7.998187015599957
441.0,292.0,679.6260459477129,0.4296480420976465,335.16666666666663,169.16666666666666,25.666666666666664,140.33333333333334,369.4505683829492,43.833333333333336,125.33333333333331,12.0,13.666666666666666,11.666666666666666,17.666666666666668,16.5,94.5,0.0,0.0,21.2862954956534,12.997606220629171
442.0,263.8333333333333,580.019167991015,0.4548700248082496,598.1666666666666,31.33333333333333,48.333333333333336,518.5,638.9650212416901,3.0,28.33333333333333,0.5,47.833333333333336,2.1666666666666665,0.0,2.1666666666666665,514.1666666666666,0.0,0.0,28.801074051623612,11.997280523399937
443.0,436.5,973.9768222002308,0.4481626154243987,731.6666666666666,109.5,19.0,603.1666666666666,795.1929388687599,8.0,101.5,17.833333333333332,1.1666666666666667,9.5,169.16666666666666,350.3333333333333,74.16666666666667,0.0,0.0,44.197276651062246,19.328995551031092
444.0,463.0,1204.1404020724633,0.3845066565353376,0.0,0.0,0.0,0.0,36.29847774000725,0.0,0.0,0.0,0.0,0.0,0.0,0.0,0.0,0.0,0.0,15.469838551442251,20.828639188565
445.0,207.0,524.0330499932531,0.3950132534630499,0.0,0.0,0.0,0.0,15.919054083603026,0.0,0.0,0.0,0.0,0.0,0.0,0.0,0.0,0.0,0.0,6.921256703693696,8.99779737990933
446.0,239.0,601.9407803928942,0.3970490250619035,197.3333333333333,50.16666666666667,8.0,139.16666666666666,223.24278017514408,1.3333333333333333,48.833333333333336,8.0,0.0,4.5,12.5,85.0,37.16666666666666,0.0,0.0,14.911939695360788,10.997507146449944
447.0,446.8333333333333,1202.1214997308366,0.3717039695516488,225.66666666666669,86.0,21.33333333333333,118.33333333333334,284.13522692747586,81.5,4.5,18.33333333333333,3.0,15.833333333333334,0.0,9.333333333333334,93.16666666666669,2.003262959050367,0.0,36.46950504039865,19.99579226136013
448.0,779.1666666666666,2140.0093827110904,0.36409497685452774,666.6666666666667,100.33333333333334,154.5,411.83333333333337,763.9797562791579,88.16666666666667,12.166666666666666,41.333333333333336,113.16666666666669,45.5,85.5,65.16666666666667,215.66666666666663,0.500581428269285,0.0,61.81852495612017,34.99398322810166
449.0,282.0,701.6891859439564,0.40188733936470156,0.0,0.0,0.0,0.0,27.75739958071136,0.0,0.0,0.0,0.0,0.0,0.0,0.0,0.0,3.840204555301471,0.0,11.420368760969955,12.496826264439932
450.0,476.8333333333333,1195.4627027246677,0.398869268147427,166.5,0.0,113.5,53.0,213.99789230235615,0.0,0.0,0.0,113.5,0.0,53.0,0.0,0.0,3.5052451862268605,0.0,22.830058473980056,21.162588642149277
451.0,9.666666666666666,24.37773084963599,0.3965367706408576,643.1666666666667,142.0,90.66666666666669,410.5,665.4816709812686,59.5,82.5,32.833333333333336,57.833333333333336,48.833333333333336,81.16666666666667,70.83333333333333,209.66666666666663,0.0,0.0,21.81506873492202,0.499935579680075
452.0,137.0,332.88742264950724,0.41155054435398564,0.0,0.0,0.0,0.0,49.26083667496034,0.0,0.0,0.0,0.0,0.0,0.0,0.0,0.0,10.683686209306998,0.0,32.41132318680757,6.165827278845767
453.0,362.8333333333333,990.4849537765008,0.3663188743553648,613.1666666666667,178.83333333333334,213.0,221.33333333333331,665.7797305476,129.33333333333334,49.5,169.33333333333334,43.66666666666666,35.5,6.5,15.5,163.83333333333334,4.006525918100734,0.0,32.61016393163267,15.996374031199917
454.0,189.0,521.9732004299372,0.3620875551547955,323.3333333333333,12.833333333333334,228.8333333333333,81.66666666666667,353.1186595025405,2.0,10.833333333333334,215.16666666666663,13.666666666666666,0.0,30.166666666666668,9.0,42.5,1.0016314795251835,0.0,20.45220628510082,8.33148840458115
455.0,594.1666666666666,1635.4019468497029,0.36331537198620684,781.0,141.66666666666666,103.5,535.8333333333334,853.2856091053507,64.33333333333333,77.33333333333333,50.0,53.5,57.16666666666666,70.66666666666667,84.5,323.5,0.0,0.0,45.95852595421891,26.32708315113183
456.0,163.33333333333334,494.2188505905181,0.330487866130914,0.0,0.0,0.0,0.0,19.467079416368627,0.0,0.0,0.0,0.0,0.0,0.0,0.0,0.0,6.675880037923112,0.0,5.459517358397783,7.3316820200477295
457.0,148.16666666666666,400.8190610736107,0.369659731924415,478.5,122.83333333333331,48.833333333333336,306.83333333333337,525.4554750187917,96.33333333333331,26.5,35.0,13.833333333333334,33.5,57.16666666666666,34.333333333333336,181.83333333333331,11.017946274777016,0.0,29.605847154566547,6.33168158944817
458.0,188.66666666666663,586.4354182933255,0.32171772164739654,156.5,0.0,0.3333333333333333,156.16666666666666,184.04248297290985,0.0,0.0,0.3333333333333333,0.0,6.833333333333333,117.66666666666669,13.0,18.666666666666668,7.011420356676285,0.0,12.199704343677045,8.331358272556493
459.0,466.1666666666667,1260.0381057752147,0.3699623563208562,657.0,163.83333333333331,273.6666666666667,219.5,737.467203910742,69.0,94.83333333333331,87.83333333333333,185.83333333333331,20.0,5.833333333333333,9.666666666666666,184.0,5.507697152219966,16.6,37.53106278041097,20.828443978111117
460.0,365.5,1002.727667465472,0.3645057495260403,282.16666666666663,42.0,7.333333333333333,232.8333333333333,320.8047121256854,1.3333333333333333,40.66666666666666,0.3333333333333333,7.0,15.166666666666666,169.0,0.1666666666666666,48.5,1.0016314795251835,0.0,21.640039948293616,15.996374031199917
461.0,307.1666666666667,842.132616908169,0.36474856869266936,0.0,0.0,0.0,0.0,43.27781841581928,0.0,0.0,0.0,0.0,0.0,0.0,0.0,0.0,10.350467817512213,0.0,19.263889396052885,13.663461202254188
462.0,703.1666666666666,1975.0600589335684,0.35602292876417174,35.83333333333333,0.0,0.0,35.83333333333333,151.01656386541714,0.0,0.0,0.0,0.0,0.0,0.0,1.1666666666666667,34.666666666666664,3.840204555301471,0.0,80.01749533206258,31.32553064471977
463.0,164.5,457.3092332448037,0.35971283333337156,37.833333333333336,0.1666666666666666,0.1666666666666666,37.5,58.94171345927709,0.1666666666666666,0.0,0.0,0.1666666666666666,6.166666666666667,0.0,0.3333333333333333,31.0,6.678201964881499,0.0,7.096969553119546,7.333208607942699
464.0,431.3333333333333,1172.334130124237,0.36792696062480346,121.66666666666666,16.666666666666668,19.33333333333333,85.66666666666666,162.31089355754165,8.333333333333334,8.333333333333334,4.666666666666667,14.666666666666666,13.5,5.0,13.0,54.16666666666666,2.8368320984964623,0.0,18.6449689737354,19.16242581864313
465.0,824.0,1942.9164335069972,0.42410470455111954,93.66666666666669,45.66666666666667,22.0,26.0,162.9990843567067,9.833333333333334,35.833333333333336,10.333333333333334,11.666666666666666,6.0,0.0,2.1666666666666665,17.833333333333332,2.003262959050367,0.0,30.67006141958854,36.65909331140115
466.0,418.1666666666667,1084.1268976818792,0.38571745388921386,42.833333333333336,14.0,0.1666666666666666,28.666666666666668,78.89621600352845,14.0,0.0,0.1666666666666666,0.0,2.1666666666666665,5.666666666666667,5.5,15.333333333333334,2.003262959050367,0.0,15.397518994305967,18.662100716838783
467.0,722.6666666666666,2002.8113902472032,0.3608261218134321,26.33333333333333,2.5,1.3333333333333333,22.5,87.18745570855376,1.5,1.0,1.3333333333333333,0.0,5.5,0.0,5.166666666666667,11.833333333333334,1.0016314795251835,0.0,27.526409449317278,32.326081446377955
468.0,283.3333333333333,789.2800658369189,0.35897692795889724,13.499999999999998,3.333333333333333,1.3333333333333333,8.833333333333332,65.75151131752115,0.1666666666666666,3.1666666666666665,1.3333333333333333,0.0,1.0,0.0,2.0,5.833333333333333,0.6684130877303981,0.0,38.75219155705839,12.83090667273236
469.0,313.3333333333333,801.4155014845827,0.3909748847544111,0.0,0.0,0.0,0.0,26.969211564250728,0.0,0.0,0.0,0.0,0.0,0.0,0.0,0.0,1.8368266540515188,0.0,11.135557632899284,13.996827277299928
470.0,218.66666666666663,563.1534904702459,0.38828964104275554,196.16666666666669,0.0,6.0,190.16666666666669,220.02496299869995,0.0,0.0,1.1666666666666667,4.833333333333333,0.0,186.33333333333331,0.3333333333333333,3.5,0.0,0.0,13.86056256253332,9.997733769499948
471.0,151.5,419.8142898241346,0.3608738522537316,95.33333333333331,0.0,0.0,95.33333333333331,111.7479904953956,0.0,0.0,0.0,0.0,0.0,95.0,0.0,0.3333333333333333,1.0016314795251835,0.0,8.414612043887132,6.998413638649964
472.0,309.3333333333333,857.4931115228047,0.3607414790586416,61.66666666666666,0.0,12.833333333333334,48.83333333333333,89.0606025755509,0.0,0.0,1.0,11.833333333333334,10.5,13.166666666666666,8.333333333333334,16.833333333333332,1.0016314795251835,0.0,12.395477152059128,13.996827277299928
473.0,401.8333333333333,1097.459493198972,0.36614866956231246,418.0,54.16666666666667,38.5,325.3333333333333,506.8966947598145,27.166666666666668,27.0,29.33333333333333,9.166666666666666,35.833333333333336,40.66666666666666,53.16666666666666,195.66666666666663,4.1730773242786965,0.0,66.72753425791359,17.996083177622225
474.0,160.83333333333334,447.4447461109641,0.35944847879261377,0.0,0.0,0.0,0.0,12.70563693586684,0.0,0.0,0.0,0.0,0.0,0.0,0.0,0.0,0.0,0.0,5.37375998403042,7.33187695183642
475.0,284.5,914.9317097782448,0.31095216939082293,0.0,0.0,0.0,0.0,45.36996530182969,0.0,0.0,0.0,0.0,0.0,0.0,0.0,0.0,21.2006973750277,0.0,11.172214026452052,12.997053900349933
476.0,45.0,144.89195790630114,0.3105762435006961,0.0,0.0,0.0,0.0,27.542240644269853,0.0,0.0,0.0,0.0,0.0,0.0,0.0,0.0,24.0391555086044,0.0,1.5035383817654664,1.9995467538999891
477.0,112.0,359.5102550266442,0.31153492406412553,0.0,0.0,0.0,0.0,22.763445288015173,0.0,0.0,0.0,0.0,0.0,0.0,0.0,0.0,14.02284071335257,0.0,3.7417376899126302,4.998866884749973
478.0,30.83333333333333,100.2029798748276,0.30770874650484414,0.0,0.0,0.0,0.0,12.71281622422726,0.0,0.0,0.0,0.0,0.0,0.0,0.0,0.0,10.51678048510273,0.0,1.029757948882738,1.1662777902417911
479.0,112.0,358.1226814852223,0.3127419897994414,37.5,3.1666666666666665,0.0,34.333333333333336,51.500217295707,3.1666666666666665,0.0,0.0,0.0,5.5,17.166666666666668,1.6666666666666667,10.0,4.006525918100734,0.0,4.994824492856291,4.998866884749973
480.0,135.33333333333334,429.5997638408878,0.31502189880964915,70.16666666666667,6.833333333333334,11.333333333333334,52.0,94.86965496873972,2.833333333333333,4.0,2.333333333333333,9.0,4.666666666666667,6.5,17.0,23.83333333333333,3.0048944385755507,0.0,15.69945360179755,5.998640261699968
481.0,96.66666666666669,306.581244273902,0.3153052199772011,8.833333333333334,0.0,7.166666666666667,1.6666666666666667,20.53092749559453,0.0,0.0,7.0,0.1666666666666666,0.8333333333333334,0.0,0.0,0.8333333333333334,4.006525918100734,0.0,3.5253730089755853,4.165695235184875
482.0,66.5,209.9616331600787,0.31672453199722994,0.0,0.0,0.0,0.0,8.89399405302367,0.0,0.0,0.0,0.0,0.0,0.0,0.0,0.0,3.672496533248687,0.0,2.222177388924999,2.999320130849984
483.0,112.0,356.3185716518321,0.3143254629720453,0.0,0.0,0.0,0.0,11.745901295719571,0.0,0.0,0.0,0.0,0.0,0.0,0.0,0.0,3.0048944385755507,0.0,3.7421399723940496,4.998866884749973
484.0,223.16666666666663,753.5628555926481,0.29614870877778954,0.0,0.0,0.0,0.0,24.793676749702517,0.0,0.0,0.0,0.0,0.0,0.0,0.0,0.0,5.008157397625918,0.0,9.62128116928485,10.164238182791744
485.0,254.16666666666663,859.3386433097298,0.29577008859714204,23.0,0.3333333333333333,0.6666666666666666,22.0,54.09780737418011,0.3333333333333333,0.0,0.5,0.1666666666666666,1.6666666666666667,2.0,1.1666666666666667,17.166666666666668,3.8384635780216456,0.0,15.9285032657304,11.330840530428064
486.0,81.0,211.691978260744,0.3826314093972477,0.0,0.0,0.0,0.0,32.41139971178744,0.0,0.0,0.0,0.0,0.0,0.0,0.0,0.0,23.70593711680962,0.0,4.70636908717784,3.9990935077999783
487.0,112.33333333333331,294.08025321472434,0.3819818981565978,0.0,0.0,0.0,0.0,21.93976385973384,0.0,0.0,0.0,0.0,0.0,0.0,0.0,0.0,13.021209233827385,0.0,3.91968774115648,4.998866884749973
488.0,103.66666666666669,270.9889443807843,0.38254943168824584,0.0,0.0,0.0,0.0,24.1519317090291,0.0,0.0,0.0,0.0,0.0,0.0,0.0,0.0,14.02284071335257,0.0,5.2968583016254405,4.832232694051091
489.0,168.33333333333334,483.4093680511309,0.34822108229298626,29.0,21.166666666666664,4.833333333333333,3.0,44.593018399697165,12.0,9.166666666666666,0.0,4.833333333333333,0.0,0.0,0.0,3.0,1.0016314795251835,0.0,6.593199904572022,7.998187015599957
490.0,105.0,299.0956291120146,0.351058289657173,159.0,5.666666666666667,32.833333333333336,120.5,173.8211899249851,3.8333333333333335,1.8333333333333333,26.0,6.833333333333333,5.0,95.16666666666669,2.1666666666666665,18.166666666666668,1.0016314795251835,0.0,8.820691560709966,4.998866884749973
491.0,123.83333333333331,332.3542309146424,0.37259442430608647,18.5,16.5,0.1666666666666666,1.8333333333333333,62.59934885542159,16.5,0.0,0.1666666666666666,0.0,0.0,0.3333333333333333,0.1666666666666666,1.3333333333333333,4.841375310829981,0.0,33.759562272841244,5.498411271750363
492.0,165.33333333333334,433.9320014656443,0.38101207741052784,0.0,0.0,0.0,0.0,16.194166466488895,0.0,0.0,0.0,0.0,0.0,0.0,0.0,0.0,3.0048944385755507,0.0,6.190858389263379,6.998413638649964
493.0,101.16666666666669,264.7270834570891,0.3821545772556561,40.83333333333333,0.0,17.0,23.83333333333333,63.426329067124925,0.0,0.0,1.1666666666666667,15.833333333333334,2.5,4.333333333333333,2.5,14.5,9.848252455172746,0.0,8.24542213490887,4.4993211437099765
494.0,260.8333333333333,714.0610593336065,0.365281553900663,0.0,0.0,0.0,0.0,39.07205166322109,0.0,0.0,0.0,0.0,0.0,0.0,0.0,0.0,8.3469661198744,0.0,19.39528726985912,11.329798273487569
495.0,77.16666666666667,252.51854075240428,0.3055881221107205,0.0,0.0,0.0,0.0,9.74771879984549,0.0,0.0,0.0,0.0,0.0,0.0,0.0,0.0,3.0048944385755507,0.0,3.2435038378113887,3.49932052345855
496.0,499.3333333333333,1632.1860529097382,0.30592917544121856,100.66666666666666,0.1666666666666666,0.1666666666666666,100.33333333333331,151.20584170050464,0.1666666666666666,0.0,0.1666666666666666,0.0,4.833333333333333,95.16666666666669,0.0,0.3333333333333333,1.0016314795251835,0.0,27.377421910945248,22.16012164336753
497.0,657.3333333333334,1598.802782310542,0.41114097411275136,98.33333333333334,21.5,30.166666666666668,46.66666666666667,154.74271976592698,21.5,0.0,1.6666666666666667,28.5,4.0,2.833333333333333,5.0,34.833333333333336,0.0,0.0,27.082365055832668,29.32702137676096
498.0,725.5,1483.0138365985952,0.4892064942994661,51.33333333333333,17.166666666666664,4.0,30.166666666666668,109.2816160967052,10.666666666666666,6.5,2.1666666666666665,1.8333333333333333,0.8333333333333334,3.8333333333333335,2.333333333333333,23.166666666666668,0.0,0.0,25.95553470097205,31.99274806239983
499.0,517.3333333333334,1340.3258551643758,0.38597579188673364,276.0,147.33333333333331,2.6666666666666665,126.0,328.6702062300599,81.33333333333333,66.0,2.6666666666666665,0.0,14.5,88.5,4.666666666666667,18.33333333333333,2.003262959050367,0.0,27.672155601159744,22.99478766984988
500.0,711.6666666666666,1650.6921727533015,0.4311322719121091,247.16666666666669,112.5,6.166666666666666,128.5,311.8466945399986,41.0,71.5,2.1666666666666665,4.0,14.166666666666666,6.5,46.0,61.833333333333336,0.0,0.0,33.18883845650115,31.49118941683077
501.0,363.1666666666667,818.7847833475666,0.4435434976965196,50.5,0.1666666666666666,0.0,50.333333333333336,81.31951867710816,0.1666666666666666,0.0,0.0,0.0,0.0,50.333333333333336,0.0,0.0,1.0016314795251835,0.0,13.82151316638306,15.996374031199917
502.0,437.3333333333333,1203.7271668415306,0.3633159950031333,729.0,92.5,119.0,517.5,787.4650658202893,56.833333333333336,35.666666666666664,50.0,69.0,40.66666666666666,149.0,18.666666666666668,309.1666666666667,0.0,0.0,38.969696139792255,19.495369680496985
503.0,712.5,1763.7302777584948,0.40397333366953836,184.66666666666669,37.333333333333336,11.333333333333334,136.0,247.46988162165303,37.333333333333336,0.0,8.333333333333334,3.0,14.666666666666666,3.0,16.5,101.83333333333331,0.0,0.0,30.97697130587832,31.82624364910804
504.0,490.83333333979374,1183.8303733834457,0.4146145802434244,438.8333333391093,6.833333333423274,11.333333333482505,420.66666667220346,495.3895645585608,6.833333333423274,0.0,6.166666666747833,5.166666666734671,18.333333333574636,313.3333333374575,13.166666666839967,75.83333333433146,0.0,0.0,34.56121692626208,21.995014293189385
505.0,711.5,1645.626851322031,0.4323580399945524,411.0,74.0,46.333333333333336,290.6666666666667,491.4546193271895,38.66666666666666,35.333333333333336,35.833333333333336,10.5,33.0,19.83333333333333,63.5,174.33333333333334,0.0,0.0,48.628928188012594,31.82569113917693
506.0,636.1666666666666,2188.518013462141,0.29068376990887934,11.0,1.0,2.0,8.0,60.95018973165804,0.0,1.0,0.0,2.0,0.6666666666666666,0.1666666666666666,3.0,4.166666666666667,0.0,0.0,21.623071661055405,28.32711807060264
507.0,105.16666666666669,338.10972814339567,0.31104300738151036,165.5,16.166666666666668,0.1666666666666666,149.16666666666666,180.20957587567216,9.833333333333334,6.333333333333333,0.1666666666666666,0.0,1.0,90.5,32.666666666666664,25.0,0.0,0.0,9.71070899092217,4.998866884749973
508.0,421.3333333333333,1178.575770451521,0.35749363248144617,55.33333333333333,0.1666666666666666,1.0,54.16666666666666,91.92297375996344,0.1666666666666666,0.0,0.1666666666666666,0.8333333333333334,1.3333333333333333,2.5,1.3333333333333333,49.0,0.0,0.0,17.76058045527909,18.82905997135102
509.0,428.3333333333333,1181.5519533692188,0.36251756184900064,87.16666666666666,12.5,13.833333333333334,60.83333333333333,123.38618203758456,12.5,0.0,11.0,2.833333333333333,3.6666666666666665,7.833333333333333,4.666666666666667,44.66666666666666,0.0,0.0,17.223821208867985,18.9956941620499
510.0,477.0,1137.9517881466927,0.41917417325461437,0.0,0.0,0.0,0.0,36.93274776266384,0.0,0.0,0.0,0.0,0.0,0.0,0.0,0.0,0.0,0.0,15.937506846713944,20.99524091594989
511.0,395.3333333333333,960.277798194663,0.4116864245706462,297.50000000000006,9.833333333333334,6.833333333333333,280.83333333333337,339.47821913872383,9.833333333333334,0.0,0.0,6.833333333333333,0.0,192.0,26.33333333333333,62.5,0.0,0.0,23.98229835362395,17.995920785099905
512.0,415.6666667461758,998.7819358581212,0.4161735928764555,351.8333334006324,40.33333334104834,22.33333333760528,289.1666667219788,396.1372871656609,15.666666669663401,24.66666667138493,12.000000002295373,10.333333335309904,23.333333337796553,38.333333340665774,43.500000008320725,184.0000000351957,0.0,0.0,25.64156083658878,18.66239292843971
513.0,579.1666666666666,1369.0023317142222,0.42305747276664757,0.0,0.0,0.0,0.0,45.34524319888041,0.0,0.0,0.0,0.0,0.0,0.0,0.0,0.0,0.0,0.0,19.351135398180546,25.994107800699865
514.0,211.83333333333331,684.0977182571283,0.3096536177214855,330.83333333333337,115.0,9.0,206.83333333333331,361.79649336557975,15.5,99.5,6.0,3.0,17.5,43.5,26.166666666666668,119.66666666666669,0.0,0.0,21.465004467100474,9.498155565145964
515.0,324.6666666666667,909.5810530765812,0.3569408856621508,92.66666666666666,2.833333333333333,3.0,86.83333333333333,123.61088851503384,2.833333333333333,0.0,2.0,1.0,6.166666666666667,14.166666666666666,36.16666666666666,30.33333333333333,1.0016314795251835,0.0,15.445535455632076,14.497054913209922
516.0,413.5,1044.6227697307668,0.3958366713627852,655.1666666666666,13.333333333333334,20.833333333333336,621.0,709.0350821630605,13.333333333333334,0.0,13.833333333333334,7.0,25.666666666666668,196.83333333333331,115.66666666666669,282.8333333333333,0.0,0.0,35.872494711293854,17.995920785099905
517.0,606.8333333333334,1576.8951536951818,0.3848279525187988,139.66666666666666,0.0,1.1666666666666667,138.5,191.60259786610428,0.0,0.0,0.3333333333333333,0.8333333333333334,1.8333333333333333,114.5,12.166666666666666,10.0,0.0,0.0,24.942050021787765,26.993881177649858
518.0,232.5,495.6772023365167,0.46905526198107267,595.3333333333334,189.16666666666669,31.166666666666668,375.0,642.3247198481536,47.833333333333336,141.33333333333334,17.166666666666668,14.0,36.5,33.166666666666664,38.0,267.3333333333333,0.0,0.0,36.49387995063063,10.497506564189507
519.0,113.5,216.85818694762472,0.5233835143489988,908.5,341.8333333333333,102.0,464.6666666666666,949.9784787791596,270.8333333333333,71.0,40.16666666666666,61.833333333333336,86.16666666666667,40.333333333333336,83.83333333333333,254.33333333333331,0.0,0.0,36.64575893237516,4.832719846784268
520.0,687.0,1586.7213520124194,0.432968270785974,0.0,0.0,0.0,0.0,53.445903176316406,0.0,0.0,0.0,0.0,0.0,0.0,0.0,0.0,0.0,0.0,22.952733938521988,30.49316923779442
521.0,439.6666666666667,1020.4240473632636,0.4308666262841888,367.5,157.5,3.833333333333333,206.16666666666663,415.1326510096254,136.33333333333334,21.166666666666668,2.6666666666666665,1.1666666666666667,5.333333333333333,9.0,119.83333333333331,72.0,0.0,0.0,28.303623463597397,19.329027546028023
522.0,322.5,1026.4529274735248,0.31418878680953266,564.3333333333334,169.0,22.83333333333333,372.5,609.6322066414226,147.66666666666666,21.33333333333333,15.666666666666666,7.166666666666667,38.16666666666666,56.833333333333336,81.5,196.0,1.0016314795251835,0.0,29.633812785888345,14.663429042675816
523.0,611.3333333333334,1435.1641035271198,0.4259675474260364,40.333333333333336,7.833333333333333,3.6666666666666665,28.833333333333336,89.10065887671578,7.833333333333333,0.0,3.6666666666666665,0.0,3.0,0.0,6.166666666666667,19.666666666666668,0.0,0.0,21.77344436573259,26.993881177649858
524.0,478.0,1360.7936025589297,0.3512656137573957,2.6666666666666665,1.0,0.8333333333333333,0.8333333333333334,39.72195782836795,1.0,0.0,0.1666666666666666,0.6666666666666666,0.0,0.0,0.0,0.8333333333333334,0.0,0.0,16.060050245751388,20.99524091594989
525.0,339.1666666666667,903.0010751600704,0.37559940513530876,56.83333333333333,0.1666666666666666,0.0,56.66666666666666,85.72772380746294,0.1666666666666666,0.0,0.0,0.0,0.0,56.66666666666666,0.0,0.0,0.0,0.0,13.897789819879693,14.99660065424992
526.0,381.0,955.227711827009,0.3988577752536966,1361.3333333333333,286.5,79.16666666666666,995.6666666666666,1441.378652767484,165.83333333333334,120.66666666666669,41.66666666666666,37.5,89.5,86.0,277.0,543.1666666666666,0.0,0.0,63.04897743566524,16.996341998485487
527.0,0.0,0.0,0.0,340.66666666666663,0.0,178.0,162.66666666666666,352.0496913197056,0.0,0.0,178.0,0.0,86.33333333333333,76.33333333333333,0.0,0.0,0.0,0.0,11.383024653038968,0.0
528.0,348.1666666666667,856.2280612483747,0.4066284234588645,0.0,0.0,0.0,0.0,27.629345736317727,0.0,0.0,0.0,0.0,0.0,0.0,0.0,0.0,0.0,0.0,11.632971705117813,15.996374031199917
529.0,308.3333333333333,679.0461972083317,0.4540682719392897,92.5,2.6666666666666665,33.5,56.33333333333333,120.056198937625,2.6666666666666665,0.0,3.6666666666666665,29.83333333333333,6.166666666666667,8.666666666666666,6.5,35.0,0.0,0.0,13.55937166032509,13.996827277299928
530.0,662.5,1626.1794912144312,0.4073966026377844,165.66666666666669,5.666666666666667,14.166666666666666,145.83333333333334,223.4977962143012,5.666666666666667,0.0,4.0,10.166666666666666,11.5,95.66666666666669,6.666666666666667,32.0,0.0,0.0,27.83792823913472,29.99320130849984
531.0,309.0,683.7328867348178,0.4519308724136945,70.83333333333334,25.166666666666668,4.166666666666666,41.5,98.02111028941589,25.166666666666668,0.0,2.1666666666666665,2.0,5.333333333333333,4.166666666666667,6.666666666666667,25.33333333333333,0.0,0.0,13.19094967878261,13.996827277299928
532.0,0.0,0.0,0.0,2378.666666666667,1064.1666666666667,138.66666666666666,1175.8333333333333,2458.1442118793225,565.8333333333334,498.3333333333333,74.33333333333333,64.33333333333333,140.33333333333334,181.16666666666663,164.16666666666666,690.1666666666666,0.0,0.0,79.4775452126559,0.0
533.0,123.66666666666669,293.20813971699755,0.421770919409089,992.5,442.5,81.5,468.5,1034.9573842589148,159.16666666666666,283.3333333333333,51.5,30.0,72.16666666666667,84.66666666666667,72.33333333333333,239.33333333333331,0.0,0.0,37.292077773801616,5.16530648511328
534.0,3.0,5.497298947657529,0.5457225500312911,3037.833333333333,120.0,82.83333333333333,2835.0,3214.434121222744,22.33333333333333,97.66666666666669,80.5,2.333333333333333,128.66666666666666,0.3333333333333333,537.1666666666666,2168.833333333333,0.0,0.0,176.60078788941067,0.0
535.0,306.6666666666667,743.2790791338463,0.41258616753216,1898.5,596.1666666666666,229.5,1072.8333333333333,1986.180807914184,486.3333333333333,109.83333333333331,70.16666666666667,159.33333333333334,119.0,235.16666666666663,155.0,563.6666666666666,0.0,0.0,73.68398063688439,13.996827277299928
536.0,181.16666666666663,340.8453726327516,0.5315215672939971,1387.8333333333333,848.6666666666666,74.16666666666667,465.0,1450.0882236386835,620.0,228.66666666666663,32.333333333333336,41.833333333333336,55.833333333333336,95.0,73.83333333333333,240.33333333333331,2.003262959050367,0.0,52.42046370206996,7.831163644229922
537.0,637.1666666666666,1347.9308263139044,0.47269982570921937,824.0,183.66666666666663,44.333333333333336,596.0,904.976368584184,183.16666666666663,0.5,12.666666666666666,31.666666666666668,22.666666666666668,181.16666666666663,153.83333333333334,238.33333333333331,0.0,0.0,52.6493478276746,28.327020756509537
538.0,900.5,1830.3582221110207,0.4919801977131119,2275.833333333333,1112.1666666666667,171.16666666666669,992.5,2422.821225694571,836.3333333333334,275.8333333333333,65.0,106.16666666666669,109.16666666666669,179.66666666666666,138.16666666666666,565.5,0.667247776646832,0.0,106.16681455568782,40.15383002890207
539.0,227.0,475.48278054260487,0.4774095073242301,61.83333333333333,0.0,14.666666666666666,47.16666666666666,88.65905534891266,0.0,0.0,2.5,12.166666666666666,0.1666666666666666,0.1666666666666666,1.6666666666666667,45.16666666666666,7.011420356676285,0.0,9.649966162018204,10.164335496884844
540.0,0.0,0.0,0.0,89.83333333333334,0.1666666666666666,2.0,87.66666666666667,92.83493029132312,0.1666666666666666,0.0,2.0,0.0,0.0,86.5,0.0,1.1666666666666667,0.0,0.0,3.0015969579897805,0.0
541.0,0.0,0.0,0.0,3483.6666666666665,0.0,1374.0,2109.6666666666665,3600.0622874475694,0.0,0.0,1374.0,0.0,279.8333333333333,1829.8333333333333,0.0,0.0,0.0,0.0,116.39562078090272,0.0
542.0,333.1666666666667,815.1546329972119,0.40871590883518444,92.0,36.333333333333336,5.166666666666667,50.5,122.369913759751,10.833333333333334,25.5,2.333333333333333,2.833333333333333,6.5,7.666666666666667,5.166666666666667,31.166666666666668,1.0016314795251835,0.0,14.371681625975889,14.99660065424992
543.0,851.0,2339.390172803888,0.3637700157473217,266.83333333333337,10.166666666666666,14.0,242.66666666666669,342.17405256611687,10.166666666666666,0.0,6.833333333333333,7.166666666666667,15.0,96.66666666666669,27.83333333333333,103.16666666666669,0.0,0.0,37.3493309086837,37.9913883240998
544.0,524.8333333333334,1242.3920846322842,0.42243776326751986,0.0,0.0,0.0,0.0,41.52951992230658,0.0,0.0,0.0,0.0,0.0,0.0,0.0,0.0,0.0,0.0,18.368227839164906,23.161292083141674
545.0,393.0,773.421873026497,0.5081314787001583,195.16666666666669,0.3333333333333333,0.0,194.83333333333331,232.81457963251492,0.3333333333333333,0.0,0.0,0.0,2.333333333333333,165.0,0.3333333333333333,27.166666666666668,0.0,0.0,19.651992180748383,17.995920785099905
546.0,439.0,1167.378859733446,0.3760561503574249,29.666666666666668,0.0,1.0,28.666666666666668,65.32124088294715,0.0,0.0,1.0,0.0,3.1666666666666665,0.1666666666666666,21.166666666666668,4.166666666666667,0.0,0.0,15.659106677280596,19.995467538999893
547.0,426.0,1128.5734372743182,0.37746768258949703,123.83333333333334,0.0,0.0,123.83333333333334,162.0332835344892,0.0,0.0,0.0,0.0,0.1666666666666666,123.66666666666669,0.0,0.0,0.0,0.0,19.204256039106,18.9956941620499
548.0,347.8333333333333,775.5700988539096,0.4484872919254369,585.5,57.33333333333333,21.833333333333336,506.3333333333333,646.850574719403,33.166666666666664,24.166666666666668,14.833333333333334,7.0,62.16666666666666,26.666666666666668,81.0,336.5,0.0,0.0,45.68759935342677,15.662975365976244
549.0,16.0,46.22033969879043,0.34616794476780344,2047.5,9.333333333333334,48.0,1990.1666666666667,2117.101396359701,5.5,3.8333333333333335,44.0,4.0,9.333333333333334,3.1666666666666665,1876.5,101.16666666666669,0.0,0.0,68.93420946927925,0.6671868904222285
550.0,108.0,249.51360703392663,0.4328421254609779,861.5000000000001,13.0,60.83333333333333,787.6666666666667,898.8916309122975,13.0,0.0,35.166666666666664,25.666666666666668,37.0,329.6666666666667,190.5,230.5,0.0,0.0,32.39276402754753,4.998866884749973
551.0,452.3333333333333,1035.0659655593354,0.4370091843266227,41.833333333333336,24.0,0.6666666666666666,17.166666666666668,109.02133309154468,0.0,24.0,0.6666666666666666,0.0,0.6666666666666666,15.333333333333334,0.5,0.6666666666666666,4.006525918100734,0.0,43.01924139626711,20.162232443843497
552.0,227.83333333333331,468.42038580445313,0.4863864601922869,99.5,2.833333333333333,29.5,67.16666666666666,310.6126438315813,2.833333333333333,0.0,3.0,26.5,5.0,13.166666666666666,16.333333333333332,32.666666666666664,3.671912171843684,0.0,197.11109447613205,10.329637183605517
553.0,179.83333333333334,556.2248644477542,0.3233104897456898,1085.8333333333333,423.6666666666667,94.83333333333334,567.3333333333333,1136.121245896123,376.6666666666667,47.0,51.833333333333336,43.0,75.83333333333333,82.16666666666667,103.33333333333331,306.0,0.0,0.0,42.28972554718938,7.998187015599957
554.0,281.5,698.9601705498159,0.4027411172493084,1529.1666666666663,514.3333333333334,118.16666666666666,896.6666666666666,1603.997639041906,358.1666666666667,156.16666666666666,63.66666666666666,54.5,102.33333333333331,72.66666666666667,173.5,548.1666666666666,0.0,0.0,62.16699226595193,12.663980109287742
555.0,133.0,272.01630808626913,0.48894127317476666,365.5,61.5,32.0,272.0,390.6544836429664,20.83333333333333,40.66666666666666,16.5,15.5,32.166666666666664,14.5,54.833333333333336,170.5,0.0,0.0,19.15584338126642,5.998640261699968
556.0,313.0,642.6434610907938,0.487050781577592,94.66666666666669,7.833333333333333,0.0,86.83333333333334,122.28440508640016,0.0,7.833333333333333,0.0,0.0,0.0,82.66666666666667,0.1666666666666666,4.0,0.0,0.0,13.62091114243356,13.996827277299928
557.0,326.0,564.9082659925703,0.5770848465585873,26.83333333333333,0.1666666666666666,1.1666666666666667,25.5,53.618795327323895,0.0,0.1666666666666666,1.1666666666666667,0.0,8.833333333333334,2.333333333333333,6.0,8.333333333333334,0.0,0.0,11.788861339740642,14.99660065424992
558.0,176.0,426.9780523185957,0.41219917287147845,153.33333333333331,0.1666666666666666,0.0,153.16666666666666,172.33509220352246,0.1666666666666666,0.0,0.0,0.0,3.1666666666666665,0.0,0.3333333333333333,149.66666666666666,0.0,0.0,11.003571854589188,7.998187015599957
559.0,0.0,0.0,0.0,206.66666666666669,52.5,8.5,145.66666666666669,213.5722702607959,30.0,22.5,5.5,3.0,9.666666666666666,11.666666666666666,60.16666666666666,64.16666666666667,0.0,0.0,6.905603594129232,0.0
560.0,459.0,1085.82203586204,0.4227212055386198,10.333333333333334,0.1666666666666666,1.0,9.166666666666668,46.67684642458613,0.1666666666666666,0.0,0.0,1.0,0.0,0.3333333333333333,0.0,8.833333333333334,0.0,0.0,16.348045552252902,19.995467538999893
561.0,553.1666666666666,1268.7807974356972,0.43598284887717303,313.1666666666667,11.666666666666666,28.5,273.0,368.1071682695217,11.666666666666666,0.0,14.166666666666666,14.333333333333334,20.5,102.0,27.166666666666668,123.33333333333331,0.0,0.0,29.94616717910517,24.994334423749876
562.0,157.83333333333334,367.34376935110095,0.4296611144708948,166.0,4.166666666666667,11.333333333333334,150.5,183.98392532365204,4.166666666666667,0.0,5.166666666666667,6.166666666666667,47.5,8.666666666666666,18.5,75.83333333333333,0.0,0.0,10.819072084638774,7.1648532390132695
563.0,495.3333333333333,1138.9433033708044,0.43490605007935873,79.0,1.6666666666666667,3.666666666666667,73.66666666666667,120.18453072623052,1.6666666666666667,0.0,1.6666666666666667,2.0,8.0,32.166666666666664,6.333333333333333,27.166666666666668,0.0,0.0,19.189516433330656,21.995014292899885
564.0,375.5,926.710829283854,0.4051965166849079,8.0,0.0,0.0,8.0,39.31022997429484,0.0,0.0,0.0,0.0,2.0,0.0,1.0,5.0,0.0,0.0,14.480586979436731,16.829642994858116
565.0,288.1666666666667,662.067644788708,0.4352526043749383,196.0,0.0,2.0,194.0,225.17380927608545,0.0,0.0,2.0,0.0,0.8333333333333334,170.33333333333334,2.1666666666666665,20.666666666666668,0.0,0.0,16.17675537573549,12.997053900349933
566.0,366.5,901.7539829593596,0.406430142728316,416.83333333333337,51.16666666666667,134.5,231.16666666666669,460.3357543822872,33.0,18.166666666666668,132.5,2.0,2.0,1.6666666666666667,104.66666666666669,122.83333333333331,0.0,0.0,27.506047017753986,15.996374031199917
567.0,169.66666666666666,430.3589067681263,0.3942445805079657,0.0,0.0,0.0,0.0,14.500880052067902,0.0,0.0,0.0,0.0,0.0,0.0,0.0,0.0,0.0,0.0,6.836059238377627,7.664820813690276
568.0,955.1666666666666,2355.322913758558,0.4055353349161107,540.6666666666666,76.0,15.166666666666666,449.5,716.4686783847114,16.5,59.5,7.833333333333333,7.333333333333333,14.166666666666666,20.0,158.66666666666666,256.6666666666667,0.0,83.0,49.97826092248668,42.82375079555798
569.0,214.83333333333331,532.5547592360846,0.4034013960207545,1115.8333333333333,220.66666666666669,41.83333333333333,853.3333333333333,1169.6254605324452,117.16666666666669,103.5,24.0,17.833333333333332,111.33333333333331,50.5,303.0,388.5,0.0,0.0,44.46109301549975,9.33103418361214
570.0,1186.0,2567.835452079106,0.46186760099434265,1030.3333333333337,99.16666666666666,38.83333333333333,892.3333333333334,1163.872737177512,55.0,44.16666666666666,25.83333333333333,13.0,146.5,31.666666666666668,330.1666666666667,384.0,0.0,0.0,80.55141486582875,52.987988978349726
571.0,391.3333333333333,1100.1649531280834,0.35570423527913775,381.33333333333337,5.166666666666667,35.5,340.6666666666667,427.14585709837854,5.166666666666667,0.0,7.333333333333333,28.166666666666668,19.33333333333333,115.0,56.0,150.33333333333334,0.8348493927292463,0.0,27.648225575184835,17.329448797131104
572.0,927.6666666666666,1945.166256720544,0.47690867732338094,1267.1666666666663,294.0,65.0,908.1666666666666,1381.6514662517698,191.16666666666663,102.83333333333331,7.0,58.0,17.0,25.33333333333333,419.0,446.8333333333333,0.0,0.0,73.32761921802616,41.15718036707697
573.0,307.1666666666667,734.1994762092116,0.4183694985082486,0.0,0.0,0.0,0.0,24.426101454594168,0.0,0.0,0.0,0.0,0.0,0.0,0.0,0.0,0.0,0.0,10.595875904679136,13.830225549915031
574.0,100.5,270.4531892000645,0.37159850211881335,0.0,0.0,0.0,0.0,13.700211771089045,0.0,0.0,0.0,0.0,0.0,0.0,0.0,0.0,6.009788877151101,0.0,3.3578658701351816,4.33255702380276
575.0,313.5,845.5600917810343,0.3707601660098024,384.3333333333333,73.33333333333333,91.5,219.5,426.9852127507355,44.5,28.83333333333333,75.0,16.5,30.666666666666668,23.166666666666668,20.33333333333333,145.33333333333334,4.006525918100734,0.0,24.648526222001504,13.996827277299928
576.0,9.0,20.237229972188107,0.44472489626142714,399.0,28.166666666666668,119.5,251.3333333333333,412.63251099734407,7.5,20.666666666666668,90.5,29.0,22.83333333333333,20.166666666666668,23.83333333333333,184.5,0.0,0.0,13.632510997344085,0.0
577.0,1.0,2.6644202275752846,0.3753161718450227,0.0,0.0,0.0,0.0,0.0334119640392325,0.0,0.0,0.0,0.0,0.0,0.0,0.0,0.0,0.0,0.0,0.0334119640392325,0.0
578.0,3.999999999718045,7.885562730334944,0.507256125720801,0.0,0.0,0.0,0.0,0.13364785614750954,0.0,0.0,0.0,0.0,0.0,0.0,0.0,0.0,0.0,0.0,0.13364785614750954,0.0
579.0,35.5,67.3,0.5274888558692422,0.0,0.0,0.0,0.0,3.16896549527313,0.0,0.0,0.0,0.0,0.0,0.0,0.0,0.0,0.0,0.0,1.1694187413731405,1.9995467538999891
580.0,1.999999999854081,5.330863635250576,0.3751737310684503,12.666666665742513,0.0,0.1666666666545067,12.499999999088006,13.156624818591151,0.0,0.0,0.1666666666545067,0.0,0.8333333332725338,3.8333333330536554,0.9999999999270405,6.833333332834776,0.0,0.0,0.4899581528486365,0.0
581.0,8.333333333333334,19.29335585546748,0.4319276229475536,0.0,0.0,0.0,0.0,0.2784634635000158,0.0,0.0,0.0,0.0,0.0,0.0,0.0,0.0,0.0,0.0,0.2784634635000158,0.0
3391.0,0.0,0.0,0.0,0.0,0.0,0.0,0.0,5.037960410264169,0.0,0.0,0.0,0.0,0.0,0.0,0.0,0.0,5.037960410264169,0.0,0.0,0.0
3392.0,0.0,0.0,0.0,0.0,0.0,0.0,0.0,5.037960410264169,0.0,0.0,0.0,0.0,0.0,0.0,0.0,0.0,5.037960410264169,0.0,0.0,0.0
3382.0,0.0,0.0,0.0,0.0,0.0,0.0,0.0,4.030368328211336,0.0,0.0,0.0,0.0,0.0,0.0,0.0,0.0,4.030368328211336,0.0,0.0,0.0
2227.0,0.0,0.0,0.0,0.0,0.0,0.0,0.0,0.0,0.0,0.0,0.0,0.0,0.0,0.0,0.0,0.0,0.0,0.0,0.0,0.0
2236.0,3.1666666666666665,8.499147134964767,0.37258640383330577,0.0,0.0,0.0,0.0,5.330138091758472,0.0,0.0,0.0,0.0,0.0,0.0,0.0,0.0,5.037960410264169,0.0,0.1254270440799904,0.1667506374143116
2235.0,0.0,0.0,0.0,302.00000000000006,0.0,5.166666666666666,296.83333333333337,313.9546481608851,0.0,0.0,4.333333333333333,0.8333333333333334,296.6666666666667,0.0,0.0,0.1666666666666666,0.0,0.0,11.95464816088502,0.0
2226.0,0.0,0.0,0.0,0.0,0.0,0.0,0.0,0.0,0.0,0.0,0.0,0.0,0.0,0.0,0.0,0.0,0.0,0.0,0.0,0.0
2246.0,35.33333324323658,94.95528720834706,0.3721049588919636,60.33333317948887,1.4999999961751378,0.6666666649667279,58.166666518347,95.33805860893511,0.0,1.4999999961751378,0.6666666649667279,0.0,54.99999985975505,0.6666666649667279,2.4999999936252295,0.0,6.885303863233969,0.0,25.951089864951115,2.168331701261185
2253.0,1197.2375245410876,3113.8677672105446,0.38448566671589696,67.39085374535759,0.8957884444679433,4.961289846283994,61.53377545460565,327.637584059333,0.0,0.8957884444679433,4.961289846283994,0.0,51.74900936887889,6.132705504434382,3.6520605812923845,0.0,3.4150879261829825,0.0,180.273026807617,76.55861558017538
2252.0,974.2437920000751,2547.657146064278,0.38240773233758146,0.0,0.0,0.0,0.0,196.17808874764162,0.0,0.0,0.0,0.0,0.0,0.0,0.0,0.0,3.0296892539728337,0.0,130.85510651294402,62.293292980724786
2273.0,62.6754568438126,160.5803719666852,0.3903058392268238,0.0,0.0,0.0,0.0,29.03554817323816,0.0,0.0,0.0,0.0,0.0,0.0,0.0,0.0,7.053152391993851,0.0,17.976607089829667,4.005788691414643
2250.0,253.99999685144732,656.9774328227744,0.3866190589836685,36.999999541352565,0.9999999876041233,0.0,35.99999955374844,142.56338442544705,0.0,0.9999999876041233,0.0,0.0,30.833332951127133,4.1666666150171805,0.9999999876041233,0.0,6.045870987253325,0.0,83.33608891424545,16.181424982595708
2251.0,107.00000000547169,297.12851241957975,0.36011353852966943,40.16666666872067,0.16666666667518948,3.000000000153412,37.00000000189208,68.02370117922258,0.0,0.16666666667518948,3.000000000153412,0.0,36.000000001840945,0.33333333335037907,0.6666666667007581,0.0,3.3587769938136818,0.0,17.82471515685929,6.673542359828944
2300.0,0.0,0.0,0.0,0.0,0.0,0.0,0.0,0.0,0.0,0.0,0.0,0.0,0.0,0.0,0.0,0.0,0.0,0.0,0.0,0.0
2298.0,228.6275977978912,616.1391081567454,0.3710649020184067,0.0,0.0,0.0,0.0,28.48700608930595,0.0,0.0,0.0,0.0,0.0,0.0,0.0,0.0,0.9389810758692193,0.0,13.088581603406267,14.45944341003046
2264.0,17.833333333333332,50.253826329600365,0.35486518412288925,11.333333333333334,0.6666666666666666,0.1666666666666666,10.5,17.34918627108409,0.0,0.6666666666666666,0.1666666666666666,0.0,10.333333333333334,0.0,0.1666666666666666,0.0,3.862800029590833,0.0,1.1515933829963805,1.0014595251635443
2295.0,60.66666666666666,160.50039091662555,0.3779845414718081,75.0,3.333333333333333,4.0,67.66666666666667,96.3851456519873,0.5,2.833333333333333,1.8333333333333333,2.1666666666666665,59.833333333333336,2.1666666666666665,4.166666666666667,1.5,2.18325253089894,0.0,15.36353196937553,3.838361151712817
2294.0,104.66666666666669,273.74999500637955,0.38234399479798165,209.0,9.333333333333334,14.166666666666668,185.5,260.11701160418164,1.3333333333333333,8.0,11.333333333333334,2.833333333333333,164.5,7.0,12.0,2.0,4.198891673740151,0.0,40.07618317042692,6.841936760014537
2302.0,247.5177639519483,635.4385236990594,0.38952275431945876,63.71435185640057,0.0,0.0,63.71435185640057,98.54367386401312,0.0,0.0,0.0,0.0,0.0,63.71435185640057,0.0,0.0,1.2585727799958784,0.0,17.62471576291713,15.946033464699545
2301.0,181.0,482.3591947204157,0.3752390375908786,0.0,0.0,0.0,0.0,43.84978975278415,0.0,0.0,0.0,0.0,0.0,0.0,0.0,0.0,2.6867754986750807,0.0,29.651524159877557,11.511490094231512
2309.0,206.33333333333331,544.6975923327402,0.37880346129250037,0.0,0.0,0.0,0.0,33.85722612238118,0.0,0.0,0.0,0.0,0.0,0.0,0.0,0.0,1.847434367192589,0.0,18.49530574418688,13.514486011001711
2312.0,563.0,1638.547407871907,0.3435970160492374,0.0,0.0,0.0,0.0,58.32371813714017,0.0,0.0,0.0,0.0,0.0,0.0,0.0,0.0,0.0,0.0,22.28631428668301,36.03740385045716
2344.0,565.8343936349696,1534.8353875135201,0.368661289828376,409.80659782849233,26.272445442454355,87.99881976043335,295.5353326256046,502.40284085454977,7.985619867267759,18.28682557518659,9.987203266942824,78.01161649349052,183.97597292625412,60.134919735478384,24.39533537374245,27.02910459012966,3.508683827535382,0.0,53.229056302865104,35.85850289565699
2290.0,0.0,0.0,0.0,0.0,0.0,0.0,0.0,4.030368328211336,0.0,0.0,0.0,0.0,0.0,0.0,0.0,0.0,4.030368328211336,0.0,0.0,0.0
2288.0,1.0,3.462149456942235,0.288837906172658,72.66666666666667,2.5,1.6666666666666667,68.5,75.57890648461189,0.0,2.5,1.6666666666666667,0.0,60.5,1.1666666666666667,6.833333333333333,0.0,0.0,0.0,2.912239817945216,0.0
2332.0,5.593848031534479,14.39909592243456,0.3884860592406337,53.2736462546779,0.963422522425954,1.100025709958803,51.210198022293135,86.80507168196702,0.054641275013139604,0.9087812474128145,0.8541399723996749,0.24588573755912824,46.70893271074884,0.6902161473602562,3.6744459766511794,0.13660318753284903,5.1595870923215985,0.0,27.984954732974234,0.3868836019933033
2336.0,230.16666666666663,587.4288326587391,0.3918205131758993,191.66666666666669,17.333333333333332,32.333333333333336,142.0,558.5703211134579,8.166666666666666,9.166666666666666,12.166666666666666,20.166666666666668,104.16666666666669,5.833333333333333,10.666666666666666,21.33333333333333,4.030368328211336,0.0,348.35833458459666,14.514951533983217
2341.0,21.5,51.72410976812969,0.4156668929901512,0.0,0.0,0.0,0.0,17.368336181948408,0.0,0.0,0.0,0.0,0.0,0.0,0.0,0.0,2.1830248576846434,0.0,13.85031217002974,1.3349991542340216
2339.0,0.33333333219777705,0.8803001037413413,0.378658744649791,14.333333284504413,0.0,0.4999999982966656,13.833333286207747,17.936973019276117,0.0,0.0,0.4999999982966656,0.0,13.166666621812194,0.0,0.6666666643955541,0.0,3.0227762358609045,0.0,0.5808634989107985,0.0
2343.0,0.0,0.0,0.0,0.0,0.0,0.0,0.0,0.0,0.0,0.0,0.0,0.0,0.0,0.0,0.0,0.0,0.0,0.0,0.0,0.0
2337.0,1.5000000003286567,4.646922868845727,0.32279425388897176,0.0,0.0,0.0,0.0,11.22622579656796,0.0,0.0,0.0,0.0,0.0,0.0,0.0,0.0,0.0,0.0,11.22622579656796,0.0
2387.0,52.11388434789222,178.31902765394247,0.2922508328669659,98.81703753398143,1.9934272701379534,1.42387662152711,95.39973364231638,123.3065515556158,0.0,1.9934272701379534,1.42387662152711,0.0,84.29349599440492,7.119383107635549,3.9868545402759077,0.0,0.0,0.0,21.06856148900363,3.4209525326307344
2389.0,0.0,0.0,0.0,0.0,0.0,0.0,0.0,0.0,0.0,0.0,0.0,0.0,0.0,0.0,0.0,0.0,0.0,0.0,0.0,0.0
2391.0,0.0,0.0,0.0,0.0,0.0,0.0,0.0,7.0531445743698375,0.0,0.0,0.0,0.0,0.0,0.0,0.0,0.0,7.0531445743698375,0.0,0.0,0.0
2395.0,0.0,0.0,0.0,0.0,0.0,0.0,0.0,5.037960410264169,0.0,0.0,0.0,0.0,0.0,0.0,0.0,0.0,5.037960410264169,0.0,0.0,0.0
2397.0,0.0,0.0,0.0,0.0,0.0,0.0,0.0,0.0,0.0,0.0,0.0,0.0,0.0,0.0,0.0,0.0,0.0,0.0,0.0,0.0
2402.0,0.0,0.0,0.0,0.0,0.0,0.0,0.0,0.0,0.0,0.0,0.0,0.0,0.0,0.0,0.0,0.0,0.0,0.0,0.0,0.0
2409.0,0.0,0.0,0.0,0.0,0.0,0.0,0.0,2.015184164105668,0.0,0.0,0.0,0.0,0.0,0.0,0.0,0.0,2.015184164105668,0.0,0.0,0.0
2407.0,0.0,0.0,0.0,0.0,0.0,0.0,0.0,5.037960410264169,0.0,0.0,0.0,0.0,0.0,0.0,0.0,0.0,5.037960410264169,0.0,0.0,0.0
2405.0,0.0,0.0,0.0,0.0,0.0,0.0,0.0,11.083512902581171,0.0,0.0,0.0,0.0,0.0,0.0,0.0,0.0,11.083512902581171,0.0,0.0,0.0
2319.0,327.6666666666667,1069.196298644326,0.30646071921697404,0.0,0.0,0.0,0.0,38.16203212637923,0.0,0.0,0.0,0.0,0.0,0.0,0.0,0.0,0.0,0.0,17.30711674206538,20.85491538431385
2320.0,0.0,0.0,0.0,0.0,0.0,0.0,0.0,0.0,0.0,0.0,0.0,0.0,0.0,0.0,0.0,0.0,0.0,0.0,0.0,0.0
2347.0,47.66666666666666,126.44744528450286,0.37696820650997037,18.83333333333333,0.8333333333333333,1.3333333333333337,16.666666666666664,28.160343078535316,0.3333333333333333,0.5,0.1666666666666666,1.1666666666666667,14.666666666666666,0.6666666666666666,0.5,0.8333333333333334,3.694367580727915,0.0,2.629563478609047,3.003078685865022
2357.0,65.66666666666666,172.92560972531254,0.3797393964432238,64.83333333333333,2.5,7.666666666666667,54.666666666666664,85.39406754409075,1.5,1.0,1.5,6.166666666666666,46.0,0.6666666666666666,3.166666666666667,4.833333333333333,6.045552492317004,0.0,10.511140482164247,4.004041236276152
2356.0,3.6666666666666665,8.178591303535011,0.4483249658265517,116.0,8.333333333333334,8.666666666666666,99.0,135.96559386055296,4.666666666666667,3.6666666666666665,3.1666666666666665,5.5,72.83333333333333,2.1666666666666665,9.333333333333334,14.666666666666666,4.030368328211336,0.0,15.601494815733306,0.3337307166083064
2366.0,0.0,0.0,0.0,0.0,0.0,0.0,0.0,3.022776246158502,0.0,0.0,0.0,0.0,0.0,0.0,0.0,0.0,3.022776246158502,0.0,0.0,0.0
2367.0,6.860873979731268,17.19018919610041,0.3991156758930644,72.07221428132038,6.813047647523976,6.79884484707356,58.460321786722844,97.21010815661847,4.449857721172094,2.3631899263518816,1.9962330612616714,4.802611785811888,42.151906032440095,1.9057983277031303,4.2211619218477185,10.181455504731902,3.9445045525504407,0.0,20.81188031073506,0.3815090120126059
2375.0,0.0,0.0,0.0,44.97693662239346,7.630016034156033,11.378094086022154,25.968826502215272,53.05351725272149,5.488257147375392,2.1417588867806407,2.543338678052011,8.834755407970144,12.850553320683845,0.8031595825427403,3.2126383301709613,9.102475268817724,3.633698636095517,0.0,4.442881994232514,0.0
2374.0,0.0,0.0,0.0,0.0,0.0,0.0,0.0,3.022776246158502,0.0,0.0,0.0,0.0,0.0,0.0,0.0,0.0,3.022776246158502,0.0,0.0,0.0
2417.0,490.3333333333333,1403.778840453749,0.3492952872653651,41.33333333333333,2.833333333333333,6.0,32.5,98.43442241102908,2.1666666666666665,0.6666666666666666,2.1666666666666665,3.8333333333333335,12.0,12.666666666666666,2.333333333333333,5.5,3.1908446129517736,0.0,22.5441901823454,31.36605428239858
2416.0,21.0,55.609194969557166,0.3776353894620537,0.0,0.0,0.0,0.0,1.8323224772320763,0.0,0.0,0.0,0.0,0.0,0.0,0.0,0.0,0.0,0.0,0.8312834813860447,1.001038995846032
2403.0,0.0,0.0,0.0,0.0,0.0,0.0,0.0,6.045552492317004,0.0,0.0,0.0,0.0,0.0,0.0,0.0,0.0,6.045552492317004,0.0,0.0,0.0
2476.0,151.57536331643144,441.57512072972526,0.34326065079469487,154.49459253585897,31.774687273000065,9.880468127293307,112.83943713556562,219.17283781704703,20.434604535992975,11.340082737007092,9.431355939689066,0.44911218760424126,4.378843829141353,3.143785313229689,23.690667896123728,81.62614009707086,1.3575656525503812,0.0,53.65482951602192,9.66585011261576
2475.0,556.4246533049088,1744.9393341997486,0.31887908215450494,169.67209107224045,32.72531621132065,9.452866289503673,127.49390857141614,317.4407102735618,21.732064371473626,10.993251839847026,8.90197842785956,0.5508878616441131,7.621156651030228,5.522881698175551,27.142668035060193,87.20720218715016,2.504551873957415,0.0,109.54977488159871,35.71429244576525
2470.0,1304.0,3957.326575570365,0.3295153874966854,0.0,0.0,0.0,0.0,279.5483680871241,0.0,0.0,0.0,0.0,0.0,0.0,0.0,0.0,1.5115242213358464,0.0,194.61836810230972,83.41847576347851
2474.0,200.5,623.0877571264745,0.32178452827360315,249.5,51.16666666666666,23.666666666666664,174.66666666666666,300.0087123529348,32.666666666666664,18.5,10.166666666666666,13.5,17.5,8.666666666666666,30.166666666666668,118.33333333333331,3.022776246158502,0.0,34.80692501622606,12.679011090550183
2483.0,189.0,668.5706030128129,0.2826926567639976,408.6666666666666,0.0,0.3333333333333333,408.3333333333333,445.6708276407432,0.0,0.0,0.3333333333333333,0.0,0.0,408.3333333333333,0.0,0.0,0.0,0.0,24.99169302392416,12.012467950152384
2482.0,447.6666666666667,1503.6347106054247,0.29772301976616233,102.66666666666669,16.333333333333332,7.5,78.83333333333334,197.15731183984275,12.5,3.8333333333333335,3.333333333333333,4.166666666666667,9.166666666666666,7.166666666666667,9.166666666666666,53.333333333333336,1.3432743562499994,0.0,64.61902118106347,28.528349635862625
2480.0,722.5,2552.845298302669,0.283017541439105,739.0,383.0,56.66666666666666,299.3333333333333,845.8929110841283,241.0,142.0,8.666666666666666,48.0,21.166666666666668,18.83333333333333,66.66666666666667,192.66666666666663,0.0,0.0,60.678328441297175,46.21458264283111
2479.0,509.3333333333333,1687.745311591304,0.3017832903076498,77.5,14.833333333333332,12.0,50.66666666666666,133.59715942526313,9.5,5.333333333333333,2.0,10.0,7.666666666666667,5.833333333333333,6.333333333333333,30.83333333333333,0.0,0.0,23.22985264153807,32.86730678372506
2579.0,989.8815070341668,2781.973553437032,0.3558198839853105,51.83219428300745,8.738761198293405,6.470685772782141,36.62274731193191,171.85019472106325,5.269939959276176,3.4688212390172297,2.868448332264248,3.6022374405178925,0.06670810075033132,10.940128523054339,10.40646371705169,15.209446971075547,0.4703926836942075,0.0,56.24265321801869,63.30495453634286
2581.0,486.2845017145158,1407.8288176866095,0.34541451034763904,13.153413662858107,0.7836076224681423,10.354815011186169,2.0149910292037947,70.06671037672476,0.7836076224681423,0.0,0.3918038112340712,9.963011199952096,0.6716636764012649,0.0,0.0,1.3433273528025298,0.22560270531328788,0.0,25.590857767968863,31.096836240584505
2568.0,552.4860429601738,1625.1844397526795,0.3399528259354065,82.87610646817008,19.515020356854333,8.309570964603317,55.05151514671243,166.3348133640752,12.68500106399456,6.830019292859769,7.02108262601329,1.288488338590027,0.7200549799143949,5.330746765158844,13.826624422130754,35.17408897950844,1.0317667504065482,0.0,47.11817703315254,35.30876311234605
2565.0,311.5,1039.7647416182924,0.29958700033930813,121.83333333333331,26.5,17.833333333333332,77.5,233.19295962100367,22.166666666666668,4.333333333333333,4.333333333333333,13.5,7.0,5.166666666666667,20.0,45.333333333333336,2.8545252955881595,0.0,88.48416828927272,20.02093270280947
2738.0,229.0,707.0648581947667,0.323874107652116,1059.6666666666667,184.16666666666669,29.33333333333333,846.1666666666666,1128.8619827632472,117.16666666666669,67.0,26.83333333333333,2.5,44.5,136.33333333333334,111.16666666666669,554.1666666666666,0.1675682986205031,0.0,54.179028139702346,14.8487196582576
2739.0,300.5,994.1430084758832,0.3022703951423401,149.49999999999997,1.5,0.1666666666666666,147.83333333333331,188.50195556401025,0.6666666666666666,0.8333333333333334,0.1666666666666666,0.0,9.666666666666666,103.33333333333331,2.333333333333333,32.5,0.335954669155638,0.0,19.64625997377998,19.01974092107461
3112.0,182.5,490.0022061138773,0.37244730273232013,231.66666666666663,1.0,4.166666666666667,226.5,260.9074108383012,1.0,0.0,1.1666666666666667,3.0,2.0,156.0,7.0,61.5,0.0,0.0,17.561777496310793,11.678966675323762
3113.0,319.0,1041.2321134775077,0.3063678077836109,195.33333333333331,0.6666666666666666,4.5,190.16666666666669,238.54787146663745,0.5,0.1666666666666666,1.1666666666666667,3.333333333333333,7.0,78.33333333333333,1.1666666666666667,103.66666666666669,0.0,0.0,22.86021874505549,20.35431938824858
3124.0,83.66666666666667,268.7375880033732,0.3113322080780768,0.0,0.0,0.0,0.0,10.996395808671782,0.0,0.0,0.0,0.0,0.0,0.0,0.0,0.0,1.679320391615927,0.0,4.145129800411383,5.171945616644472
3128.0,784.8017858970164,2420.7016663585796,0.32420425730428004,110.33846890829341,22.533912664369776,9.238040824090293,78.56651541983334,207.47162295428222,16.403997725020144,6.129914939349633,9.151703993958607,0.08633683013168494,0.43168415065842486,27.36877515174414,10.792103766460619,39.973952350970144,0.0,0.0,46.91899464002826,50.21415940596055
3134.0,0.0,0.0,0.0,0.0,0.0,0.0,0.0,5.037960410264169,0.0,0.0,0.0,0.0,0.0,0.0,0.0,0.0,5.037960410264169,0.0,0.0,0.0
3136.0,33.333333333333336,109.4574588512841,0.3045323149573766,1084.6666666666667,214.33333333333331,104.83333333333334,765.5,1176.6125269319311,181.83333333333331,32.5,32.833333333333336,72.0,46.5,163.0,87.66666666666667,468.3333333333333,2.015184164105668,0.0,87.76192433812203,2.168751763036717
3131.0,8.0,18.66931431341635,0.42851064938421174,0.0,0.0,0.0,0.0,15.424007566066106,0.0,0.0,0.0,0.0,0.0,0.0,0.0,0.0,14.106289148739677,0.0,0.3166794214803979,1.001038995846032
3132.0,0.0,0.0,0.0,368.8671548740535,71.51199203411865,153.60944293956183,143.74571990037308,387.10710755965914,66.94099843059215,4.5709936035265075,103.68938121683814,49.92006172272371,21.170917742649085,13.352112894511642,19.9078800364115,89.31480922680085,3.636076548969048,0.0,14.60387613663653,0.0
3143.0,13.0,31.05576268424305,0.41860185924836063,0.0,0.0,0.0,0.0,7.561195548068682,0.0,0.0,0.0,0.0,0.0,0.0,0.0,0.0,6.045552492317004,0.0,0.5146040599056466,1.001038995846032
3144.0,12.0,30.876479169890462,0.38864534825919955,0.0,0.0,0.0,0.0,5.506426456277964,0.0,0.0,0.0,0.0,0.0,0.0,0.0,0.0,4.030368328211336,0.0,0.4750191322205969,1.001038995846032
3145.0,0.0,0.0,0.0,42.48891017647505,9.18679138950812,15.50271046979495,17.79940831717198,51.11267375115577,8.89970415858599,0.2870872309221287,14.497905161567498,1.0048053082274504,0.14354361546106428,2.1531542319159653,4.019221232909802,11.483489236885148,6.942403697654649,0.0,1.681359877026073,0.0
3151.0,17.091919296246363,40.29121577223572,0.42420956947206934,0.0,0.0,0.0,0.0,6.631473219714852,0.0,0.0,0.0,0.0,0.0,0.0,0.0,0.0,4.967793043264581,0.0,0.6765833843697399,0.9870967920805314
3366.0,20.0,54.47009239719128,0.367173968682882,0.0,0.0,0.0,0.0,6.830697959811196,0.0,0.0,0.0,0.0,0.0,0.0,0.0,0.0,5.037960410264169,0.0,0.791698553700995,1.001038995846032
3371.0,7.0,20.131463770358582,0.3477144076481288,0.0,0.0,0.0,0.0,4.307462822006684,0.0,0.0,0.0,0.0,0.0,0.0,0.0,0.0,4.030368328211336,0.0,0.2770944937953482,0.0
3364.0,35.0,98.33061216582688,0.3559420533350819,142.83333333333334,1.1666666666666667,2.333333333333333,139.33333333333334,166.9888391383351,0.1666666666666666,1.0,2.0,0.3333333333333333,120.5,15.333333333333334,3.1666666666666665,0.3333333333333333,15.113881230792508,0.0,7.039546582517187,2.0020779916920644
3387.0,69.99999999358879,194.61220504554132,0.3596896709392304,0.0,0.0,0.0,0.0,21.88898215012533,0.0,0.0,0.0,0.0,0.0,0.0,0.0,0.0,15.113881229408246,0.0,2.770944937699695,4.004155983017392
3260.0,187.83333333333331,583.681550058854,0.32180789904082735,21.666666666666664,4.166666666666667,11.166666666666666,6.333333333333333,56.66107345676824,4.166666666666667,0.0,10.666666666666666,0.5,0.0,0.3333333333333333,1.0,5.0,3.0222305692023426,0.0,19.95928732074643,12.01288890015281
3261.0,239.4999995580129,723.5820434427407,0.33099218219746396,1214.9999977577688,299.9999994463627,52.833333235831645,862.1666650755747,1294.0990539689444,184.99999965859033,114.99999978777237,49.666666575008925,3.166666660822717,59.99999988927254,214.1666662714311,72.66666653256341,515.3333323823075,1.0075920801933653,0.0,62.74214861018373,15.349315520798516
3273.0,413.6666666666667,1204.296419976855,0.3434923992173096,0.0,0.0,0.0,0.0,240.761437443668,0.0,0.0,0.0,0.0,0.0,0.0,0.0,0.0,3.1908902217351645,0.0,211.0434729258897,26.527074296043107
3506.0,33.333333334979876,120.3291623966673,0.27701791212587296,38.500000001901746,0.5000000000246981,0.6666666666995975,37.33333333517746,45.35757471555597,0.0,0.5000000000246981,0.6666666666995975,0.0,35.50000000175357,1.1666666667242958,0.6666666666995975,0.0,2.0151841642052104,0.0,2.8403125576580526,2.0020779917909595
2222.0,5.999999999847086,21.45670611948591,0.2796328554082299,104.99999999732401,1.9999999999490288,0.9999999999745144,101.99999999740047,126.52299236471418,0.0,1.9999999999490288,0.9999999999745144,0.0,94.83333333091643,7.16666666648402,0.0,0.0,17.129065394461634,0.0,4.39392697292854,0.0
2266.0,1.0,2.5043544189707787,0.39930450435644516,143.33333333333334,5.0,18.33333333333333,120.0,149.04422186756304,2.1666666666666665,2.833333333333333,2.6666666666666665,15.666666666666666,94.5,10.333333333333334,7.5,7.666666666666667,0.0,0.0,5.7108885342297215,0.0
2381.0,0.6559847210135752,1.597760874326963,0.4105650173026678,447.0090953243283,57.374872136102844,88.98578976981946,300.64843341840594,519.1785219387251,39.21988153706181,18.154990599041042,12.70874876591791,76.27704100390156,147.6752626463179,10.380059528917217,41.85537684300385,100.737734400167,0.042114189802236864,0.0,72.12731242459465,0.0
3049.0,71.83333333333333,250.21674077882716,0.2870844417113906,0.0,0.0,0.0,0.0,16.37409263074216,0.0,0.0,0.0,0.0,0.0,0.0,0.0,0.0,3.358640018648243,0.0,8.511006677710075,4.504445934383842
3055.0,303.0,1123.0247145269093,0.26980706308644614,113.0,9.5,7.5,96.0,149.99484071967058,5.5,4.0,1.8333333333333333,5.666666666666667,0.0,82.66666666666667,5.666666666666667,7.666666666666667,1.007592082052834,0.0,16.466682489093827,19.520566148523887
3139.0,27.5,89.85027587774219,0.306064725248243,0.0,0.0,0.0,0.0,17.131267408328277,0.0,0.0,0.0,0.0,0.0,0.0,0.0,0.0,5.709962001824949,0.0,9.586819110908756,1.834486295594573
2555.0,329.6666666666667,999.0983335943632,0.3299641842867013,1361.6666666666663,248.3333333333333,29.833333333333336,1083.5,1449.6400766213565,103.33333333333331,145.0,20.0,9.833333333333334,286.3333333333333,87.66666666666667,261.3333333333333,448.1666666666667,0.0,0.0,66.95159104192298,21.021818912766676
2552.0,140.83333333333334,405.63484955483113,0.34719239110715605,1859.833333333333,362.5,324.66666666666663,1172.6666666666663,1948.0385574678924,126.66666666666669,235.83333333333331,26.33333333333333,298.3333333333333,152.66666666666666,135.5,325.6666666666667,558.8333333333334,0.0,0.0,79.19587317194457,9.00935096261429
2573.0,1607.3333333333333,5068.010250316104,0.31715273922997295,395.5,88.16666666666667,14.833333333333332,292.5,607.7431850919336,65.5,22.666666666666668,13.666666666666666,1.1666666666666667,10.833333333333334,59.66666666666666,40.5,181.5,2.3510932244779155,0.0,106.95159649097316,102.9404953764826
2572.0,272.6666666666667,888.2034111478106,0.30698673664662474,45.333333333333336,9.833333333333334,2.0,33.5,122.98941296010533,7.5,2.333333333333333,2.0,0.0,0.0,1.1666666666666667,11.833333333333334,20.5,6.045552492317004,0.0,54.42588444138759,17.184642693067385
3146.0,0.5741245798673129,1.0453180873798107,0.5492343304863411,64.01489065520539,8.803243557965464,11.769553887279915,43.44209320996001,68.30676351969105,8.611868698009694,0.19137485995577097,11.099741877434713,0.6698120098451984,10.716992157523174,4.210246919026961,3.731809769137534,24.783044364272335,1.7354501423586433,0.0,2.556422722126997,0.0
3365.0,7.0,20.131463770358582,0.3477144076481288,29.666666666666664,3.0,5.0,21.666666666666664,44.21682904348922,3.0,0.0,0.0,5.0,2.0,3.0,1.0,15.666666666666666,13.09869706668684,0.0,1.4514653101357176,0.0
2296.0,0.0,0.0,0.0,552.0,20.666666666666668,16.666666666666668,514.6666666666666,602.8683386607902,0.5,20.166666666666668,11.833333333333334,4.833333333333333,476.0,7.833333333333333,28.83333333333333,2.0,3.022776246158502,0.0,47.84556241463154,0.0
2297.0,493.88730429855167,1304.050977701054,0.3787331268055476,10.573001000228484,0.48059095455584006,1.7621668333714136,8.330243212301228,68.3930463389053,0.1601969848519466,0.32039396970389333,0.8009849242597334,0.9611819091116801,4.4855155758545076,2.5631517576311467,0.1601969848519466,1.1213788939636269,1.452106406538885,0.0,24.776110657872298,31.591828274265644
2268.0,21.5,55.56201575697312,0.38695500346928496,61.16666666666667,0.5,0.8333333333333334,59.833333333333336,80.62529719665417,0.0,0.5,0.8333333333333334,0.0,53.0,3.0,3.8333333333333335,0.0,3.022776246158502,0.0,14.934448733721467,1.5014055501075394
2325.0,6.0,16.670860130136216,0.35990944397366104,0.0,0.0,0.0,0.0,9.109539952771804,0.0,0.0,0.0,0.0,0.0,0.0,0.0,0.0,5.037960410264169,0.0,3.571136542702793,0.5004429998048415
2342.0,0.0,0.0,0.0,0.0,0.0,0.0,0.0,0.0,0.0,0.0,0.0,0.0,0.0,0.0,0.0,0.0,0.0,0.0,0.0,0.0
2349.0,20.83333333333333,59.81653159046351,0.34828721725240863,0.0,0.0,0.0,0.0,2.1590521496778083,0.0,0.0,0.0,0.0,0.0,0.0,0.0,0.0,0.0,0.0,0.8240529954437869,1.3349991542340216
2351.0,320.75028024925683,834.6894828385578,0.3842749751182561,186.9338295588255,14.038077572483944,24.233200132822375,148.66255185351918,244.5329170725517,4.684135560249334,9.35394201223461,2.3999122133661737,21.833287919456197,110.68461629758154,10.38941357065917,9.567375987591292,18.021145997687146,3.9664686042335457,0.0,33.02414758551608,20.60847132397666
2463.0,761.5,2293.88377873367,0.33196973929532875,21.5,5.333333333333333,1.6666666666666663,14.5,245.07121228916105,3.5,1.8333333333333333,1.0,0.6666666666666666,1.6666666666666667,1.3333333333333333,1.8333333333333333,9.666666666666666,1.8468425153147097,0.0,172.83703646746554,48.88733330638078
2484.0,6.0,18.858076322750453,0.3181660683365449,177.66666666666666,0.0,0.0,177.66666666666666,185.94469631955715,0.0,0.0,0.0,0.0,0.0,177.5,0.0,0.1666666666666666,1.007592082052834,0.0,7.270437570837653,0.0
2560.0,315.6666666666667,985.872875248288,0.3201900311814212,238.3333333333333,59.16666666666666,7.833333333333334,171.33333333333331,319.9545337834695,44.0,15.166666666666666,7.666666666666667,0.1666666666666666,0.3333333333333333,9.0,42.66666666666666,119.33333333333331,3.190344544779005,0.0,58.40881397992166,20.02204192543553
2785.0,312.8333333333333,1260.6183472224884,0.24815863899061663,0.0,0.0,0.0,0.0,34.90358579720921,0.0,0.0,0.0,0.0,0.0,0.0,0.0,0.0,0.0,0.0,14.716055242874257,20.187530554334952
2781.0,359.3333333333333,1124.1042366518125,0.3196619331349746,12.666666666666668,1.8333333333333333,1.3333333333333337,9.5,52.24924839871632,1.0,0.8333333333333334,0.1666666666666666,1.1666666666666667,3.1666666666666665,3.1666666666666665,1.8333333333333333,1.3333333333333333,0.0,0.0,16.89218610241954,22.690395629630117
2871.0,628.5,1934.3885204973992,0.32490887602992524,0.0,0.0,0.0,0.0,68.75305699400853,0.0,0.0,0.0,0.0,0.0,0.0,0.0,0.0,0.0,0.0,28.71153535666657,40.041521637341965
2872.0,437.6666666666667,1354.2732676822886,0.3231745594562994,0.0,0.0,0.0,0.0,45.5208644233822,0.0,0.0,0.0,0.0,0.0,0.0,0.0,0.0,0.0,0.0,17.491772539693304,28.029091883688896
3137.0,0.0,0.0,0.0,665.8333333333334,258.6666666666667,134.5,272.6666666666667,696.2204495634586,216.83333333333331,41.833333333333336,97.0,37.5,42.66666666666666,42.333333333333336,27.83333333333333,159.83333333333334,4.030368328211336,0.0,26.356747901913867,0.0
3379.0,1.0,1.8207164856474116,0.5492343304863411,0.0,0.0,0.0,0.0,5.077545337949219,0.0,0.0,0.0,0.0,0.0,0.0,0.0,0.0,5.037960410264169,0.0,0.0395849276850497,0.0
2736.0,324.1666666666667,738.8995555388163,0.43871547118509174,1290.1666666666667,152.83333333333334,137.33333333333334,1000.0,1375.9277006982468,127.0,25.83333333333333,35.333333333333336,102.0,75.33333333333333,139.66666666666666,308.1666666666667,476.8333333333333,0.0,0.0,64.7392151188135,21.021818912766676
2792.0,907.8333333333334,2716.713029200456,0.3341660762750911,15.333333333333332,1.8333333333333333,0.8333333333333334,12.666666666666666,119.4173943528436,1.3333333333333333,0.5,0.8333333333333334,0.0,0.0,0.5,7.333333333333333,4.833333333333333,0.0,0.0,45.85570995876481,58.228351060745446
2796.0,2017.6471672450816,5248.355524980254,0.38443416373792105,105.95624233813703,18.788117198102647,3.713930143810989,83.45419499622338,328.2244272199479,11.687956629052229,7.10016056905042,3.604696904287136,0.10923323952385257,0.21846647904770522,6.772460850478862,24.795945371914545,51.66732229478228,0.0,0.0,93.12956034998642,129.13862453182452
2797.0,2599.5280514059277,7171.2490750883835,0.3624930642049815,20.21374669552367,3.1175430226927054,0.30169771187348765,16.79450596095748,290.32619071848086,1.5084885593674382,1.6090544633252675,0.30169771187348765,0.0,0.0,0.6033954237469753,8.648667740373313,7.542442796837191,0.0,0.0,103.7039406602812,166.40850336267602
2793.0,0.0,0.0,0.0,537.833334760454,124.16666699613826,22.333333392593993,391.3333343717217,592.6040092075809,88.33333356772252,35.83333342841574,22.333333392593993,0.0,1.0000000026534626,18.833333383306872,135.16666702532635,236.33333396043497,0.0,0.0,54.77067444712698,0.0
2794.0,0.0,0.0,0.0,119.33333333333334,29.166666666666668,4.333333333333333,85.83333333333334,140.72132689618874,22.5,6.666666666666667,4.333333333333333,0.0,0.0,4.166666666666667,25.83333333333333,55.833333333333336,0.0,0.0,21.3879935628554,0.0
2795.0,0.0,0.0,0.0,2728.5,539.6666666666666,155.33333333333334,2033.5,2837.520308550616,454.0,85.66666666666667,98.0,57.333333333333336,143.83333333333334,176.33333333333334,241.16666666666663,1472.1666666666667,1.007592082052834,0.0,108.01271646856344,0.0
2798.0,700.6666666666666,2171.3634603056867,0.32268511443405523,2234.333333333333,364.33333333333337,145.16666666666666,1724.8333333333333,2395.38813265872,215.0,149.33333333333334,144.16666666666666,1.0,1.5,313.3333333333333,468.3333333333333,941.6666666666666,0.0,0.0,116.17471854646789,44.88008077891893
3058.0,324.0,726.2829808255607,0.44610710777183776,282.1666666666667,34.666666666666664,101.66666666666669,145.83333333333334,331.34973061783745,22.83333333333333,11.833333333333334,9.166666666666666,92.5,18.83333333333333,24.666666666666668,12.666666666666666,89.66666666666667,0.0,0.0,28.328110317837044,20.85495363333379
3057.0,260.1666666666667,556.3111644559453,0.4676639321468614,159.66666666666669,69.0,35.0,55.66666666666667,195.1368814721405,17.166666666666668,51.833333333333336,1.1666666666666667,33.833333333333336,3.5,4.166666666666667,17.666666666666668,30.33333333333333,0.0,0.0,18.61930251350557,16.850912291968232
3064.0,280.1666666666667,624.5914719510297,0.44855986552540184,793.1666666666667,313.33333333333337,83.66666666666666,396.1666666666667,856.5057335212974,145.83333333333334,167.5,2.333333333333333,81.33333333333333,35.833333333333336,106.0,56.5,197.83333333333331,0.0,0.0,45.48715376331586,17.85191309131495
3065.0,282.1666666666667,629.3304134370857,0.4483601310885557,1033.5,124.66666666666666,218.16666666666663,690.6666666666666,1106.5993347496608,111.83333333333331,12.833333333333334,21.0,197.16666666666663,121.33333333333331,110.33333333333331,137.66666666666666,321.3333333333333,0.0,0.0,55.080632824432406,18.01870192522858
3059.0,466.6666666666667,1219.684236176164,0.38261269009240856,67.5,1.6666666666666663,4.5,61.333333333333336,153.84471811040123,0.3333333333333333,1.3333333333333333,1.1666666666666667,3.333333333333333,2.833333333333333,53.833333333333336,2.0,2.6666666666666665,0.0,0.0,56.48060481227821,29.86411329812301
3066.0,199.66666666666663,437.1262059864735,0.45677121145384986,543.6666666666667,134.33333333333334,34.666666666666664,374.6666666666667,590.9378301035806,132.33333333333334,2.0,3.333333333333333,31.33333333333333,12.833333333333334,210.0,44.5,107.33333333333331,0.0,0.0,34.59115776574412,12.680005671169797
3060.0,333.00000698399106,1005.3029985714924,0.3312434235819199,0.0,0.0,0.0,0.0,34.537070044856094,0.0,0.0,0.0,0.0,0.0,0.0,0.0,0.0,0.0,0.0,13.348347159222584,21.188722885633506
3067.0,378.0,1117.0542884743727,0.33838999939408226,55.83333333333333,0.0,7.333333333333334,48.49999999999999,107.03143298445748,0.0,0.0,2.1666666666666665,5.166666666666667,23.33333333333333,18.83333333333333,0.1666666666666666,6.166666666666667,0.0,0.0,27.173163750819374,24.02493590030477
3068.0,301.00000091796136,923.3822573496616,0.3259755085417244,84.66666692487507,0.0,0.0,84.66666692487507,120.45365303235985,0.0,0.0,0.0,0.0,0.0,84.66666692487507,0.0,0.0,0.0,0.0,16.60022685220288,19.186759255281885
3381.0,0.0,0.0,0.0,0.0,0.0,0.0,0.0,5.037960410264169,0.0,0.0,0.0,0.0,0.0,0.0,0.0,0.0,5.037960410264169,0.0,0.0,0.0
3408.0,30.166666666666668,80.90401744068126,0.3728698230441379,80.83333333333334,0.8333333333333334,2.1666666666666665,77.83333333333334,92.09964332567247,0.0,0.8333333333333334,2.0,0.1666666666666666,68.5,6.166666666666667,3.0,0.1666666666666666,5.037960410264169,0.0,4.393098515598007,1.8352510664769568
3403.0,15.0,42.083644026364574,0.35643301208903855,0.0,0.0,0.0,0.0,4.61758915728028,0.0,0.0,0.0,0.0,0.0,0.0,0.0,0.0,3.022776246158502,0.0,0.5937739152757462,1.001038995846032
3405.0,14.0,38.621494569422346,0.36249244510294454,606.6666666666666,91.83333333333331,21.83333333333333,493.0,637.7774941844448,80.5,11.333333333333334,20.5,1.3333333333333333,33.666666666666664,55.16666666666666,33.833333333333336,370.3333333333333,5.541892549547183,0.0,24.56789597238502,1.001038995846032
3404.0,31.166666666666668,87.38528122092349,0.35665808052814435,0.0,0.0,0.0,0.0,60.26945300345666,0.0,0.0,0.0,0.0,0.0,0.0,0.0,0.0,4.534028270981157,0.0,53.90002082748065,1.835403904994845
3395.0,11.0,31.51791214118529,0.3490078895684848,0.0,0.0,0.0,0.0,4.459249446540081,0.0,0.0,0.0,0.0,0.0,0.0,0.0,0.0,3.022776246158502,0.0,0.4354342045355472,1.001038995846032
2245.0,4.0,9.469566787313976,0.42240580692230295,0.0,0.0,0.0,0.0,5.325030610419313,0.0,0.0,0.0,0.0,0.0,0.0,0.0,0.0,0.0,0.0,5.158279973005001,0.1667506374143116
2267.0,324.5,853.7240190018251,0.38009941477271036,50.833333333333336,1.6666666666666667,1.8333333333333333,47.333333333333336,99.56298940691288,0.0,1.6666666666666667,1.8333333333333333,0.0,42.833333333333336,1.3333333333333333,3.1666666666666665,0.0,3.022776246158502,0.0,24.85196444313129,20.85491538428977
2241.0,0.5514156239869729,1.909083303135961,0.2888379061726581,3.03278593192835,0.04595130199891439,0.0,2.986834629929436,4.563671332951643,0.04595130199891439,0.0,0.0,0.0,2.619224213938121,0.3216591139924009,0.0,0.04595130199891439,1.3890050416237414,0.0,0.14188035939955085,0.0
2223.0,9.0,30.748658119018675,0.2926956996030118,219.83333333333331,1.0,2.1666666666666665,216.66666666666669,238.96105494592555,0.0,1.0,2.1666666666666665,0.0,189.83333333333331,25.83333333333333,1.0,0.0,9.068328738475506,0.0,9.05835387827064,1.001038995846032
2229.0,29.0,101.6337261012672,0.28533835285252246,40.83333333333333,1.0,2.0,37.83333333333333,49.63015202760182,0.0,1.0,2.0,0.0,27.83333333333333,10.0,0.0,0.0,4.030368328211336,0.0,2.764372374365085,2.0020779916920644
2230.0,4.0,14.669273749701334,0.272678802526365,0.0,0.0,0.0,0.0,3.181115956898701,0.0,0.0,0.0,0.0,0.0,0.0,0.0,0.0,3.022776246158502,0.0,0.1583397107401989,0.0
2224.0,0.0,0.0,0.0,144.4999999858991,3.1666666663576506,13.16666666538181,128.16666665415963,150.22005382195658,1.6666666665040266,1.499999999853624,3.499999999658456,9.666666665723353,100.83333332349359,15.833333331788253,5.3333333328128845,6.1666666660648985,0.0,0.0,5.7200538360574935,0.0
2221.0,0.9999999936892654,2.641526167564564,0.37856902799916087,0.0,0.0,0.0,0.0,38.328083803814366,0.0,0.0,0.0,0.0,0.0,0.0,0.0,0.0,38.28849887637913,0.0,0.03958492743523973,0.0
2308.0,0.0,0.0,0.0,0.0,0.0,0.0,0.0,0.0,0.0,0.0,0.0,0.0,0.0,0.0,0.0,0.0,0.0,0.0,0.0,0.0
2306.0,753.3910932080844,1997.2109681241036,0.3772215881208148,392.4978576870314,26.674145015102372,60.52742074292736,305.2962919290017,487.92365222772537,11.002492775336696,15.671652239765681,28.512463970517,32.01495677241036,170.23646486414648,94.03988469573993,15.66915942547922,25.350782943636062,1.0987992695113833,0.0,45.73001720973263,48.596978061449946
2310.0,128.83333333333334,410.0803184260811,0.3141660975776777,71.66666666666666,12.166666666666668,5.333333333333333,54.16666666666666,104.457777163514,0.3333333333333333,11.833333333333334,1.3333333333333333,4.0,46.5,2.0,3.1666666666666665,2.5,1.007592082052834,0.0,23.44189657622051,8.341621838573975
2275.0,0.0,0.0,0.0,227.50000000000003,8.0,4.833333333333333,214.66666666666669,259.2214365300713,0.0,8.0,4.833333333333333,0.0,197.33333333333331,2.333333333333333,15.0,0.0,6.045552492317004,0.0,25.675884037754248,0.0
2292.0,0.0,0.0,0.0,0.0,0.0,0.0,0.0,5.037960410264169,0.0,0.0,0.0,0.0,0.0,0.0,0.0,0.0,5.037960410264169,0.0,0.0,0.0
2271.0,268.8333332738976,831.4241603256754,0.3233407761070997,208.16666662064355,5.833333332043655,6.833333331822569,195.49999995677737,280.25034221099105,0.8333333331490937,4.9999999988945625,3.9999999991156496,2.833333332706918,178.66666662716568,5.499999998784018,10.833333330938219,0.4999999998894562,1.6790925195851232,0.0,53.22112547138259,17.18345759937976
2281.0,0.0,0.0,0.0,147.4999993005721,2.9999999857743482,7.666666630312223,136.83333268448555,153.34011445369057,0.6666666635054107,2.3333333222689374,5.499999973919639,2.166666656392585,112.3333328006617,15.166666594748094,7.8333332961885755,1.4999999928871741,0.0,0.0,5.840115153118446,0.0
2386.0,89.33333253080784,259.08376663421393,0.3448048239044349,82.4999992588617,0.6666666606776704,4.16666662923544,77.6666659689486,97.13903372047162,0.0,0.6666666606776704,3.6666666337271874,0.49999999550825286,41.66666629235439,32.499999708036434,2.4999999775412642,0.9999999910165057,0.0,0.0,8.632800540490665,6.006233921119224
2328.0,1.438587609523323,4.980151298308218,0.28886423792225313,0.018663498610702718,0.00037649709012944953,0.00026892649294960687,0.018018075027623662,7.348990135551347,0.0,0.00037649709012944953,0.00026892649294960687,0.0,0.015920448382616727,0.0013446324647480342,0.0007529941802588992,0.0,7.269144557538707,0.0,0.06053596670281965,0.0006461126991190949
2398.0,0.0,0.0,0.0,0.0,0.0,0.0,0.0,4.030368328211336,0.0,0.0,0.0,0.0,0.0,0.0,0.0,0.0,4.030368328211336,0.0,0.0,0.0
2316.0,480.8333333333333,1634.8736445089382,0.294110394982702,0.0,0.0,0.0,0.0,61.22795110744957,0.0,0.0,0.0,0.0,0.0,0.0,0.0,0.0,0.0,0.0,30.69668205316981,30.531269054279765
2315.0,265.1666666666667,917.499440862203,0.28901016704433224,367.3333333333333,11.333333333333332,32.16666666666667,323.8333333333333,409.3857155922324,5.0,6.333333333333333,6.0,26.166666666666668,152.16666666666666,147.16666666666666,9.666666666666666,14.833333333333334,0.0,0.0,25.034719329516577,17.017662929382546
2314.0,327.0,1153.599246439764,0.28346065673082466,710.5,117.5,53.833333333333336,539.1666666666666,772.588149595036,23.83333333333333,93.66666666666669,9.0,44.833333333333336,461.8333333333333,32.666666666666664,20.5,24.166666666666668,0.0,0.0,41.06633068226952,21.021818912766676
2311.0,255.56935320174358,813.0714638702947,0.3143258182807327,199.1337783710775,27.15589168018822,3.7672913313555916,168.2105953595337,243.89728136227828,20.720102322455755,6.435789357732468,3.296379914936143,0.47091141641944895,133.11096037456426,27.40808185011844,7.534582662711183,0.15697047213981624,0.4788680403368194,0.0,27.75338847647289,16.53124647439109
2317.0,436.3333333333333,1349.789630950432,0.3232602498406336,38.833333333333336,0.0,0.0,38.833333333333336,93.33922784479904,0.0,0.0,0.0,0.0,0.0,38.833333333333336,0.0,0.0,0.0,0.0,26.64397379450865,27.86192071695708
2313.0,660.5,1871.955884094663,0.35283951166372635,0.0,0.0,0.0,0.0,107.17489278980848,0.0,0.0,0.0,0.0,0.0,0.0,0.0,0.0,0.0,0.0,65.13060525627488,42.044287533533584
2355.0,4.0,11.38928869200179,0.35120718318511224,83.66666666666667,8.166666666666666,22.166666666666668,53.333333333333336,87.6374732766685,6.833333333333333,1.3333333333333333,7.833333333333333,14.333333333333334,28.33333333333333,7.666666666666667,6.5,10.833333333333334,0.0,0.0,3.6371142476112976,0.3336923623905298
2354.0,231.16666666666663,596.0225575833821,0.3878488552580109,72.0,7.833333333333334,17.833333333333336,46.33333333333333,122.87511819067709,5.666666666666667,2.1666666666666665,6.5,11.333333333333334,25.83333333333333,6.166666666666667,3.1666666666666665,11.166666666666666,1.6792290254056372,0.0,34.34885283366754,14.847036331603904
2353.0,1045.0,2700.5247542526454,0.38696182967935716,215.0,16.666666666666668,45.5,152.83333333333331,457.6257676020472,12.0,4.666666666666667,7.666666666666667,37.833333333333336,103.33333333333331,3.333333333333333,13.666666666666666,32.5,2.015184164105668,0.0,173.7085619916238,66.90202144631773
2360.0,40.45753940243722,120.96344249197352,0.3344608798242639,0.0,0.0,0.0,0.0,5.243147911738932,0.0,0.0,0.0,0.0,0.0,0.0,0.0,0.0,1.0741306401995732,0.0,1.6002376292445049,2.568779642294854
2365.0,28.042460737974153,106.21352665291359,0.26401967453365704,0.0,0.0,0.0,0.0,4.994676583116909,0.0,0.0,0.0,0.0,0.0,0.0,0.0,0.0,1.9486456138524293,0.0,1.1100587804235533,1.935972188840926
2345.0,330.2926334152221,933.1181100820783,0.3539665877732982,40.19513815946412,0.45163076583667555,0.30108717722445033,39.44242021640299,76.10473604490079,0.0,0.45163076583667555,0.30108717722445033,0.0,36.73263562138293,0.30108717722445033,2.4086974177956026,0.0,0.0,0.0,14.66096659190701,21.248631293529655
2358.0,671.0,2584.497958519937,0.2596248907018914,240.66666666666663,5.0,27.33333333333333,208.3333333333333,319.79961749535016,2.1666666666666665,2.833333333333333,4.333333333333333,23.0,54.333333333333336,131.66666666666666,5.166666666666667,17.166666666666668,0.0,0.0,36.08827400730414,43.044676821379376
2364.0,373.792637247797,998.3684359251722,0.3744035005487822,27.086422988970796,0.0,0.0,27.086422988970796,68.7273414602032,0.0,0.0,0.0,0.0,0.0,27.086422988970796,0.0,0.0,2.0469049001115622,0.0,15.868768609923153,23.72524496119768
2368.0,212.87196122870685,570.2518794659458,0.37329462452288,119.1492933720086,11.374773378725287,12.426368771735412,95.34815122154791,176.83737897293634,7.142963386285082,4.231809992440204,3.2006476895020546,9.225721082233356,62.90755665256004,9.21001189989884,7.165593008369999,16.064989660719018,3.8606328671392753,0.0,40.24446810791304,13.582984625875394
2380.0,0.0,0.0,0.0,0.0,0.0,0.0,0.0,2.015184164105668,0.0,0.0,0.0,0.0,0.0,0.0,0.0,0.0,2.015184164105668,0.0,0.0,0.0
2372.0,79.29809895327878,215.74212758379377,0.3675596409536639,0.0,0.0,0.0,0.0,22.606561269023903,0.0,0.0,0.0,0.0,0.0,0.0,0.0,0.0,4.492377159760327,0.0,13.013721917459605,5.1004621918039685
2379.0,335.0,1326.9718293890812,0.2524544926882353,0.0,0.0,0.0,0.0,34.28276968725834,0.0,0.0,0.0,0.0,0.0,0.0,0.0,0.0,0.0,0.0,13.260950774491665,21.021818912766676
2378.0,364.0,1096.353166274428,0.3320098041372256,69.83333333333334,25.0,1.0,43.833333333333336,110.03048742973102,25.0,0.0,0.0,1.0,1.0,29.0,0.0,13.833333333333334,0.0,0.0,17.17325719193896,23.023896904458734
2377.0,154.33333333333334,622.9626228300162,0.24774092004464493,58.66666666666666,9.0,16.333333333333332,33.33333333333333,86.27019685106133,5.833333333333333,3.1666666666666665,2.333333333333333,14.0,5.5,2.5,4.5,20.83333333333333,0.0,0.0,17.42638958852002,10.177140595874633
2371.0,716.1666666666666,2179.884694682244,0.3285341965167842,49.0,0.0,0.0,49.0,158.83780221753472,0.0,0.0,0.0,0.0,0.0,49.0,0.0,0.0,1.1756604488461058,0.0,62.94731353753952,45.71482823114909
2383.0,263.6610885151525,1052.300295325989,0.250556889213334,0.0,0.0,0.0,0.0,31.47810863565132,0.0,0.0,0.0,0.0,0.0,0.0,0.0,0.0,3.9974343593725257,0.0,10.436682352079867,17.043991924198927
2370.0,485.88643150003395,1901.2887481897792,0.255556359844157,79.33098737918529,10.28129596434241,15.358479156610269,53.69121225823259,132.9627414524361,6.600338149948214,3.6809578143941963,3.1732394951674108,12.185239661442857,15.231549576803571,12.566028400862946,6.727267729754911,19.166366550811162,0.0,0.0,22.374635131488702,31.25711894176213
2384.0,466.0,1605.4284765255932,0.2902651888974209,109.0,24.0,2.1666666666666665,82.83333333333333,161.79250329428456,24.0,0.0,0.0,2.1666666666666665,54.66666666666666,0.0,26.166666666666668,2.0,0.0,0.0,22.761333418903604,30.031169875380964
2385.0,266.0,918.4702519618012,0.28961199280198663,171.0,41.333333333333336,14.5,115.16666666666669,205.31544948484012,35.5,5.833333333333333,3.1666666666666665,11.333333333333334,4.833333333333333,42.0,8.333333333333334,60.0,0.0,0.0,17.297786555457606,17.017662929382546
2404.0,0.0,0.0,0.0,34.348025444477386,2.6295139096250635,8.545920206281455,23.17259132857087,45.58911488427377,1.6434461935156646,0.9860677161093987,0.8217230967578323,7.724197109523623,12.161501832015917,1.1504123354609652,5.752061677304826,4.108615483789161,2.9806620693592554,0.0,8.260427370437124,0.0
2435.0,118.5,316.97206632704894,0.37384997792749586,0.0,0.0,0.0,0.0,29.530124221140056,0.0,0.0,0.0,0.0,0.0,0.0,0.0,0.0,0.0,0.0,21.855351935986977,7.674772285153078
2429.0,2.0,5.009454756862829,0.39924504703032787,0.0,0.0,0.0,0.0,0.0791698553700994,0.0,0.0,0.0,0.0,0.0,0.0,0.0,0.0,0.0,0.0,0.0791698553700994,0.0
2434.0,106.83333333333331,285.2201480335488,0.3745644691298846,0.0,0.0,0.0,0.0,100.4169758524536,0.0,0.0,0.0,0.0,0.0,0.0,0.0,0.0,2.015184164105668,0.0,91.56146044231755,6.8403312460303605
2432.0,0.0,0.0,0.0,0.0,0.0,0.0,0.0,0.0,0.0,0.0,0.0,0.0,0.0,0.0,0.0,0.0,0.0,0.0,0.0,0.0
2438.0,255.833333718475,751.6529056693678,0.34036099879192017,189.3333336183632,16.66666669175733,20.833333364696664,151.83333356190926,321.47288468380356,10.833333349642265,5.833333342115065,11.000000016559838,9.833333348136826,48.83333340684898,75.66666678057828,6.1666666759502125,21.16666669853181,0.0,0.0,115.78866037800238,16.350890687437936
2437.0,335.5,903.5968472129426,0.3712939028448554,0.0,0.0,0.0,0.0,280.4729536478227,0.0,0.0,0.0,0.0,0.0,0.0,0.0,0.0,0.0,0.0,258.9493918456377,21.523561802185004
2436.0,228.0,620.4452026332038,0.36747806096711744,8.5,1.1666666666666663,0.1666666666666666,7.166666666666666,187.7109587482752,0.5,0.6666666666666666,0.1666666666666666,0.0,5.833333333333333,0.0,0.3333333333333333,1.0,0.0,0.0,164.52826341596514,14.682695332310056
2431.0,50.5,139.51842810818115,0.3619593532177901,598.1666666666667,67.16666666666667,128.16666666666669,402.83333333333337,682.85414808573,40.833333333333336,26.33333333333333,50.0,78.16666666666667,216.83333333333331,46.833333333333336,25.0,114.16666666666669,0.0,0.0,81.35074809404334,3.336733325020049
2440.0,463.5,1552.8179257372606,0.29848959901717736,26.33333333333333,0.8333333333333333,1.1666666666666667,24.33333333333333,185.2448778519586,0.3333333333333333,0.5,1.1666666666666667,0.0,21.33333333333333,0.3333333333333333,1.8333333333333333,0.8333333333333334,0.0,0.0,129.3802819459648,29.53126257266044
2442.0,586.1666666666666,1814.6258042280797,0.32302343838652453,181.0,15.666666666666666,27.166666666666668,138.16666666666666,261.57227584621376,8.666666666666666,7.0,8.5,18.666666666666668,69.0,41.66666666666666,7.666666666666667,19.83333333333333,0.0,0.0,43.20017872884557,37.37209711736816
2445.0,971.3333333333334,2733.1446241274084,0.35539038979448223,223.5,21.83333333333333,47.66666666666667,154.0,380.8782556761023,15.0,6.833333333333333,5.833333333333333,41.833333333333336,44.333333333333336,71.16666666666667,6.833333333333333,31.666666666666668,0.0,0.0,95.14735482923082,62.23090084687149
2444.0,540.6622531220994,1685.2767576017027,0.32081511281951663,0.0,0.0,0.0,0.0,62.79850455912359,0.0,0.0,0.0,0.0,0.0,0.0,0.0,0.0,0.0,0.0,27.947985117280698,34.850519441842906
2448.0,546.6710910781959,1849.5643248771573,0.29556749323357767,0.0,0.0,0.0,0.0,84.81411180576126,0.0,0.0,0.0,0.0,0.0,0.0,0.0,0.0,0.0,0.0,49.75880447154069,35.05530733422056
2450.0,353.0,1099.574682248164,0.321033219206416,101.83333333333331,2.1666666666666665,5.166666666666667,94.5,143.02616936019632,1.8333333333333333,0.3333333333333333,0.1666666666666666,5.0,25.166666666666668,33.5,1.1666666666666667,34.666666666666664,0.0,0.0,18.16893912240424,23.023896904458734
2453.0,285.0,807.3739643193754,0.3529962726012077,92.0,7.166666666666666,9.5,75.33333333333333,145.4349194967169,6.333333333333333,0.8333333333333334,2.0,7.5,10.666666666666666,46.0,4.0,14.666666666666666,0.3358192491908453,0.0,34.91337967851411,18.185720569011945
2449.0,439.0,1609.20510238053,0.2728054984107236,83.33333333333333,31.83333333333333,5.5,46.0,132.0416904913153,29.33333333333333,2.5,1.5,4.0,18.166666666666668,2.0,1.8333333333333333,24.0,0.0,0.0,20.67926527429308,28.029091883688896
2452.0,500.0,1394.851984882248,0.3584609732209038,2.5,0.0,0.0,2.5,83.09524448419054,0.0,0.0,0.0,0.0,2.333333333333333,0.0,0.0,0.1666666666666666,0.0,0.0,48.72966454839887,31.86557993579168
2451.0,178.83333333333334,483.3168742199279,0.3700126001641673,95.83333333333331,19.33333333333333,16.666666666666668,59.83333333333333,177.53937837333103,14.166666666666666,5.166666666666667,2.833333333333333,13.833333333333334,16.333333333333332,2.833333333333333,4.333333333333333,36.333333333333336,0.0,0.0,70.02642849877458,11.67961654122312
2461.0,128.5056880465971,376.15705473861544,0.34162774944070456,129.5647029253855,20.301056246791934,33.7488896841573,75.51475699443625,151.09130455012507,16.939097887450593,3.36195835934134,13.835751709597051,19.913137974560243,7.499753263146065,14.870200435548234,8.792814170585043,44.3519891251569,3.146694873944685,0.0,10.217335389662695,8.162571361132224
2456.0,224.94589177037506,624.4484467140651,0.3602313256667892,24.97766270474446,4.554750257923989,5.583242251648761,14.83967019517171,52.395482801312625,3.3793308365242503,1.175419421399739,0.2938548553499348,5.289387396298826,2.644693698149413,0.2938548553499348,1.469274276749674,10.431847364922685,2.6647724297103763,0.0,10.192051986350677,14.560995680507116
2454.0,0.0,0.0,0.0,0.0,0.0,0.0,0.0,0.0,0.0,0.0,0.0,0.0,0.0,0.0,0.0,0.0,0.0,0.0,0.0,0.0
2460.0,68.99430913623941,195.5712810186954,0.35278343924967176,37.43529378396358,5.865609904273733,9.7511094586971,21.818574420992746,53.262331107027556,4.894235015667892,0.9713748886058413,3.9975812723394237,5.753528186357676,2.1669132130437996,4.296465853448914,2.540518939430662,12.814676415069366,6.929225951036223,0.0,4.213358908487608,4.684452463540149
2468.0,886.0,2733.049852486738,0.32417996297939805,38.833333333333336,0.0,0.0,38.833333333333336,186.1794537668645,0.0,0.0,0.0,0.0,0.0,38.833333333333336,0.0,0.0,1.17543277563181,0.0,89.44527216189249,56.72541549600686
2467.0,1376.5,5031.015257218136,0.27360282758536614,48.833333333333336,0.0,0.0,48.833333333333336,193.34649501295883,0.0,0.0,0.0,0.0,0.0,48.833333333333336,0.0,0.0,0.0,0.0,56.42173004517465,88.09143163445083
2466.0,459.0,1618.669189198432,0.2835662796715725,40.16666666666666,4.5,7.833333333333334,27.83333333333333,88.95622803569583,1.8333333333333333,2.6666666666666665,2.1666666666666665,5.666666666666667,7.0,13.666666666666666,2.6666666666666665,4.5,0.0,0.0,19.759430489494232,29.030130879534934
2473.0,737.0,2721.217816716847,0.27083462245194007,0.0,0.0,0.0,0.0,76.22292450864518,0.0,0.0,0.0,0.0,0.0,0.0,0.0,0.0,0.0,0.0,29.17409170388166,47.04883280476352
2472.0,469.0,1720.869969793422,0.272536570590688,174.16666666666669,59.0,12.0,103.16666666666669,229.8251736472804,56.333333333333336,2.6666666666666665,3.1666666666666665,8.833333333333334,4.5,5.0,2.6666666666666665,91.0,0.0,0.0,25.46054827131911,30.197958709294596
2471.0,598.5,1701.819446461541,0.3516824309678761,370.6666666666666,83.0,6.5,281.16666666666663,447.4044607285731,6.333333333333333,76.66666666666667,1.0,5.5,99.33333333333331,59.0,51.66666666666666,71.16666666666667,0.0,0.0,38.364658106410666,38.37313595549573
2458.0,389.8333333333333,1331.3377474133722,0.29281325049990675,58.833333333333336,0.0,0.0,58.833333333333336,110.45518459600272,0.0,0.0,0.0,0.0,0.0,58.833333333333336,0.0,0.0,0.335954669155638,0.0,26.42659604697646,24.859300546537288
2459.0,424.1666666666667,1100.986834242418,0.3852604349792549,0.0,0.0,0.0,0.0,44.48548288974801,0.0,0.0,0.0,0.0,0.0,0.0,0.0,0.0,0.0,0.0,17.45743000190515,27.028052887842865
2465.0,1018.8333329247519,3143.6715166868435,0.32409026436658805,41.99999998315679,0.0,0.0,41.99999998315679,149.06047027939414,0.0,0.0,0.0,0.0,0.0,41.83333331655697,0.0,0.16666666659982848,0.0,0.0,41.992935592339215,65.06753470389813
2477.0,558.0,2021.2096137489727,0.2760723065061087,78.0,15.833333333333334,2.0,60.16666666666666,139.2134208853989,12.333333333333334,3.5,1.6666666666666667,0.3333333333333333,4.0,5.833333333333333,2.833333333333333,47.5,0.0,0.0,25.176017034941733,36.03740385045716
2478.0,151.5,525.3328809045947,0.2883885732397432,358.83333333333337,55.16666666666666,13.5,290.1666666666667,389.88556183188666,42.66666666666666,12.5,11.166666666666666,2.333333333333333,12.166666666666666,100.33333333333331,12.333333333333334,165.33333333333334,1.007592082052834,0.0,20.200997095454444,9.843639321046007
2485.0,501.8333333333333,1483.1410086391431,0.3383584773195576,28.166666666666668,4.333333333333333,3.5,20.333333333333336,88.35175204406272,3.1666666666666665,1.1666666666666667,3.1666666666666665,0.3333333333333333,0.0,6.166666666666667,4.166666666666667,10.0,0.3358637724897409,0.0,27.649108616118856,32.20011298878745
2486.0,824.5,2558.438726858873,0.3222668541342325,0.0,0.0,0.0,0.0,145.6873695109477,0.0,0.0,0.0,0.0,0.0,0.0,0.0,0.0,0.5038876159841171,0.0,92.2960824154711,52.88739947949247
2494.0,173.5,502.6324814857053,0.34518262625439633,0.0,0.0,0.0,0.0,18.552883666458875,0.0,0.0,0.0,0.0,0.0,0.0,0.0,0.0,0.671955416639059,0.0,6.869346509540279,11.01158174027954
2493.0,172.79694141155713,569.5191743656319,0.30340847014330957,199.98398676475747,27.9218303627463,3.18406837469914,168.87808802731203,260.9291731688191,24.125441146758867,3.796389215987436,2.816675869926162,0.36739250477297763,11.021775143189329,27.187045353200347,14.818164359176766,115.8511031717456,0.8638911867785266,0.0,49.0491645454452,11.032130671837878
2492.0,280.37333572185025,939.7729312333806,0.29834157422887414,27.7502618973845,9.951818059751684,0.5741433496010586,17.22430048803176,70.49444734021407,7.368172986546919,2.5836450732047638,0.5741433496010586,0.0,0.0,0.47845279133421553,2.679335631471607,14.066512065225936,0.5785022930213187,0.0,24.157994109501647,18.007689040306616
2498.0,340.85543257635504,1053.3754095873742,0.323584003835702,48.233415111224815,11.364830647728297,1.521276543396701,35.34730792009982,113.59880216032236,8.322277560934895,3.0425530867934025,1.521276543396701,0.0,0.0,2.0581976763602428,9.127659260380208,24.161450983359373,1.0819949645218028,0.0,42.515410798441266,21.76798128613447
2491.0,329.0,1170.3708570204967,0.28110747804978725,0.0,0.0,0.0,0.0,34.04526012114804,0.0,0.0,0.0,0.0,0.0,0.0,0.0,0.0,0.0,0.0,13.023441208381366,21.021818912766676
2490.0,362.1666666666667,1233.8902353380304,0.2935161137469001,0.0,0.0,0.0,0.0,37.356728775385385,0.0,0.0,0.0,0.0,0.0,0.0,0.0,0.0,0.0,0.0,14.332869962252207,23.023858813133177
2495.0,1140.6666653052434,3606.4834363785085,0.3162822415318388,149.16666648863134,26.66666663483912,32.16666662827469,90.33333322551749,303.3005784740194,19.166666643790617,7.499999991048502,11.999999985677604,20.166666642597086,0.999999998806467,36.666666622903776,13.999999983290538,38.666666620516715,0.0,0.0,81.05814187401846,73.07577011136961
2496.0,224.5,678.3543975872113,0.3309479540465979,155.16666666666666,33.666666666666664,6.333333333333333,115.16666666666666,213.8850810644148,25.33333333333333,8.333333333333334,6.333333333333333,0.0,1.0,40.0,16.333333333333332,57.833333333333336,1.007592082052834,0.0,43.19625379818979,14.514568517505538
2510.0,330.6666666666667,950.0489614583504,0.34805223739109675,676.6666666666667,117.0,17.833333333333336,541.8333333333334,767.9073824095276,89.5,27.5,17.166666666666668,0.6666666666666666,21.0,79.33333333333333,103.83333333333331,337.6666666666667,0.8393411314824917,0.0,69.0453665717321,21.35600803964645
2511.0,570.6666666666666,1546.9238672913118,0.3689041708729422,1474.9999999999998,368.1666666666666,46.66666666666667,1060.1666666666663,1593.6815570980616,119.5,248.66666666666663,18.5,28.166666666666668,82.33333333333333,340.6666666666667,200.16666666666663,437.0,0.0,0.0,82.14298388372777,36.53857321433375
2507.0,149.83333333333334,474.1506152222578,0.3160036674487896,1278.1666666666663,370.8333333333333,32.33333333333333,875.0,1346.5491967491248,144.66666666666666,226.16666666666663,28.83333333333333,3.5,41.16666666666666,80.66666666666667,99.33333333333331,653.8333333333334,2.015184164105668,0.0,56.52370659730631,9.843639321046007
2487.0,920.5,3052.994334870566,0.30150727418202866,425.8333333333333,39.0,29.33333333333333,357.5,538.1849909647084,32.833333333333336,6.166666666666667,5.0,24.33333333333333,139.66666666666666,10.166666666666666,73.83333333333333,133.83333333333334,0.0,0.0,53.290356876459136,59.06130075491589
2501.0,0.0,0.0,0.0,157.16666666666669,35.333333333333336,10.5,111.33333333333334,171.7275630313833,26.666666666666668,8.666666666666666,9.666666666666666,0.8333333333333334,0.6666666666666666,6.333333333333333,44.333333333333336,60.0,0.0,0.0,14.560896364716632,0.0
2418.0,390.833333407079,1412.218149688608,0.2767513882279853,266.0000000501911,16.000000003019014,11.666666668868032,238.33333337830405,322.19365836099837,3.0000000005660654,13.00000000245295,5.666666667735901,6.000000001132131,62.50000001179303,140.16666669311448,4.333333334150983,31.333333339245566,0.0,0.0,31.334434047380125,24.859224263427137
2503.0,1182.9929779836168,3635.957326242726,0.3253594230727898,0.0,0.0,0.0,0.0,179.46327216659134,0.0,0.0,0.0,0.0,0.0,0.0,0.0,0.0,0.12880676982389933,0.0,103.78746735097333,75.54699804579413
2506.0,215.87272257839894,690.2006775345553,0.3127680537050634,141.66870179047643,28.74949435646267,4.242543451156066,108.67666398285769,170.6747496649222,22.47407830989325,6.275416046569418,4.211907399602132,0.030636051553933646,3.925646415307479,30.501879876058673,13.23236360488932,61.01677408660221,1.0075920822205446,0.0,14.15066048549012,13.847795306735062
2514.0,902.7059610417675,3047.8595336610397,0.2961770222912641,117.0957073021303,13.307916998215457,3.447844920194664,100.33994538372016,214.78898936513392,11.588935393412351,1.7189816048031072,1.7451390740078274,1.702705846186837,15.99957857946317,11.514110507536223,13.126137127146697,59.70011916957407,0.0,0.0,40.37570412828797,57.317577934715665
2512.0,2.9606108456241547,10.385589264390292,0.28506912513624844,1465.831325344582,632.5838506816945,30.757457118428718,802.4900175444585,1523.9722845710992,524.1925980557878,108.39125262590653,28.45475979405437,2.3026973243743423,69.57435487216763,87.83145508684993,80.10097121216464,564.9832363732762,0.0,0.0,58.14095922651754,0.0
2515.0,184.83333333333331,619.1104821679597,0.2985466062310822,374.00000000000006,41.66666666666667,4.0,328.33333333333337,414.7983614907919,9.333333333333334,32.333333333333336,3.6666666666666665,0.3333333333333333,2.333333333333333,76.5,145.33333333333334,104.16666666666669,0.0,0.0,29.119241766687008,11.679119724104812
2519.0,1154.1273787862572,3871.9914368752848,0.2980707466950504,313.070961147229,40.35874989855526,32.7188219342197,239.99338931445405,446.95590020923584,25.4110647509422,14.947685147613058,22.421527721419586,10.297294212800107,47.50042169130371,51.652556454529574,36.04052974480037,104.79988142382047,0.0,0.0,60.066408125419926,73.81853093658684
2518.0,491.54426232608853,1590.2160412522437,0.309105335108438,0.0,0.0,0.0,0.0,57.35334050533257,0.0,0.0,0.0,0.0,0.0,0.0,0.0,0.0,0.0,0.0,25.91096458552738,31.442375919805187
2522.0,376.6666666666667,1335.2535583431152,0.2820937374127379,20.833333333333336,5.333333333333333,3.833333333333333,11.666666666666668,62.61239621271733,4.5,0.8333333333333334,1.6666666666666667,2.1666666666666665,2.0,0.3333333333333333,2.833333333333333,6.5,2.015184164105668,0.0,15.738981011472871,24.02489770380545
2521.0,762.3333333333334,2217.8726647310627,0.3437227688749089,0.0,0.0,0.0,0.0,99.9296154652789,0.0,0.0,0.0,0.0,0.0,0.0,0.0,0.0,4.702005741108532,0.0,46.51081192462067,48.7167977995497
2526.0,0.0,0.0,0.0,687.5,165.33333333333334,108.0,414.1666666666667,721.565835507236,145.5,19.83333333333333,95.5,12.5,22.33333333333333,30.5,54.16666666666666,307.1666666666667,2.015184164105668,0.0,32.05065134313032,0.0
2513.0,506.86947161576967,1421.7499627282457,0.3565109793589304,679.2619305227465,391.0241409677203,37.190228945302266,251.04756060972392,769.5687871610492,149.86568399251772,241.15845697520257,13.841234449264011,23.348994496038255,18.538749892649495,15.002673997243543,88.8169257965909,128.68921092323998,0.08170702596390488,0.0,57.74882113306903,32.47632847926964
2516.0,812.1305348086214,1993.9983736530637,0.40728746098261576,166.40473875742546,46.30919354828604,15.47643790585547,104.61910730328398,258.21044275426465,21.800983153780013,24.508210394506026,6.492098957493817,8.984338948361653,1.46125015864634,6.4973260788332174,23.516407889905683,73.14412317589874,0.9258850622946717,0.0,38.934834642711046,51.944984291833414
2517.0,623.5,1535.4404689821224,0.4060724024118838,109.83333333333331,19.0,3.5,87.33333333333333,200.42602328543632,15.0,4.0,3.333333333333333,0.1666666666666666,4.833333333333333,26.5,6.333333333333333,49.66666666666666,2.8546622705818394,0.0,47.69635289017621,40.04167479134494
2520.0,1575.6666666666667,4303.730384888136,0.36611649098637067,359.5,66.16666666666667,27.5,265.8333333333333,571.7051827955949,60.0,6.166666666666667,25.5,2.0,15.666666666666666,24.83333333333333,29.83333333333333,195.5,0.0,0.0,111.26680365982428,100.9383791357706
2525.0,284.8333333333333,821.5799609414763,0.3466897281756156,257.5,67.33333333333334,6.333333333333333,183.83333333333331,302.99822980221484,59.833333333333336,7.5,6.333333333333333,0.0,10.333333333333334,34.666666666666664,24.666666666666668,114.16666666666669,2.015184164105668,0.0,25.297516524749184,18.185529113359983
2523.0,1151.6666666666667,2640.4446794370665,0.4361639066462843,182.5,33.333333333333336,11.0,138.16666666666666,309.3886569326003,27.5,5.833333333333333,7.333333333333333,3.6666666666666665,18.0,12.333333333333334,13.0,94.83333333333331,0.0,0.0,52.81177123999393,74.07688569260638
2527.0,491.8333333333333,1353.341976318023,0.36342132435102786,123.83333333333331,28.833333333333336,5.666666666666667,89.33333333333333,180.74933178799293,21.166666666666668,7.666666666666667,5.666666666666667,0.0,0.1666666666666666,2.6666666666666665,23.0,63.5,1.007592082052834,0.0,24.376060546616426,31.53234582599036
2530.0,863.6666666666666,2081.33185754885,0.41495865425506556,0.0,0.0,0.0,0.0,96.7531158960482,0.0,0.0,0.0,0.0,0.0,0.0,0.0,0.0,1.007592082052834,0.0,40.5214755139867,55.22404830000867
2535.0,442.1666666666667,1315.1294934793448,0.3362153072066369,559.5,53.0,18.666666666666668,487.83333333333337,627.8460539513762,38.16666666666666,14.833333333333334,12.833333333333334,5.833333333333333,2.1666666666666665,135.83333333333334,126.66666666666669,223.16666666666663,0.0,0.0,39.98323145627682,28.36282249509937
2536.0,0.0,0.0,0.0,2106.6667254460917,332.33334260597366,80.166668903447,1694.166713936671,2190.058968365792,269.33334084817125,63.00000175780243,79.33333554686232,0.8333333565846883,80.83333558871476,602.6666834820466,124.66667014506938,886.0000247208405,0.0,0.0,83.39224291970034,0.0
2561.0,334.6666666666667,978.9321782250356,0.34186910402053816,0.0,0.0,0.0,0.0,36.45174407700541,0.0,0.0,0.0,0.0,0.0,0.0,0.0,0.0,2.015184164105668,0.0,13.24795216621944,21.1886077466803
2562.0,272.5,774.655099333501,0.3517694522819949,0.0,0.0,0.0,0.0,34.66788642366399,0.0,0.0,0.0,0.0,0.0,0.0,0.0,0.0,3.694185985841402,0.0,13.4553268703562,17.518373567466387
2578.0,361.5,1024.1008309108904,0.3529925853867948,98.33333333333334,25.83333333333333,4.833333333333333,67.66666666666667,157.73784756959944,17.833333333333332,8.0,4.833333333333333,0.0,0.6666666666666666,2.833333333333333,22.33333333333333,41.833333333333336,1.343683726202152,0.0,34.70331758356017,23.357512926503773
2577.0,289.8333333333333,1159.778159491441,0.2499041139560899,0.0,0.0,0.0,0.0,38.661120116492654,0.0,0.0,0.0,0.0,0.0,0.0,0.0,0.0,0.5038876159841171,0.0,19.63797277573808,18.519259724770453
2576.0,441.3333333333333,1388.0322949322874,0.3179560986762653,112.0,57.5,10.833333333333334,43.66666666666667,166.9396134344805,53.66666666666666,3.8333333333333335,10.833333333333334,0.0,4.333333333333333,0.6666666666666666,11.5,27.166666666666668,0.0,0.0,26.91052155079161,28.029091883688896
2574.0,427.5,1502.0852329725792,0.28460435574217785,6.0,1.6666666666666667,0.3333333333333333,4.0,63.52580390466376,1.5,0.1666666666666666,0.3333333333333333,0.0,0.0,0.0,1.0,3.0,0.6717283095630929,0.0,29.65915727008237,27.19491832501829
2591.0,56.833333333333336,204.2902499465773,0.27819895148297813,30.83333333333333,0.0,0.0,30.83333333333333,38.30775990443991,0.0,0.0,0.0,0.0,0.0,30.83333333333333,0.0,0.0,0.0,0.0,3.4702705877224425,4.004155983384128
2592.0,141.33333333333334,506.6887740815869,0.2789351976260202,75.83333333333334,1.5,0.1666666666666666,74.16666666666667,93.60589138084302,1.3333333333333333,0.1666666666666666,0.1666666666666666,0.0,1.8333333333333333,0.3333333333333333,71.33333333333333,0.6666666666666666,0.0,0.0,8.763207084895393,9.00935096261429
2597.0,481.5,1347.3551139282667,0.3573668107409099,22.0,1.0,21.0,0.0,74.46294881994942,1.0,0.0,21.0,0.0,0.0,0.0,0.0,0.0,0.0,0.0,21.43073994872242,31.032208871226995
2590.0,176.66666666666666,566.647862705203,0.3117750516577471,197.33333333333331,46.66666666666666,7.333333333333334,143.33333333333334,241.9733073261941,36.0,10.666666666666666,7.166666666666667,0.1666666666666666,4.166666666666667,15.833333333333334,29.166666666666668,94.16666666666669,1.007592082052834,0.0,32.45443181341161,11.17795009739628
2589.0,667.8333333333334,2527.029020426344,0.2642760838657329,0.0,0.0,0.0,0.0,72.50349252027564,0.0,0.0,0.0,0.0,0.0,0.0,0.0,0.0,3.022776246158502,0.0,26.436039452737763,43.044676821379376
2594.0,189.33333333333331,705.9644483971784,0.2681910310968147,40.16666666666667,6.333333333333334,2.166666666666667,31.666666666666668,69.10055656139663,5.166666666666667,1.1666666666666667,1.1666666666666667,1.0,4.833333333333333,1.3333333333333333,1.3333333333333333,24.166666666666668,0.5038876159841171,0.0,16.417572419894928,12.012429858850906
2595.0,165.0,480.5742488282395,0.34333924550121314,7.666666666666666,2.333333333333333,0.1666666666666666,5.166666666666667,28.520082940508917,1.8333333333333333,0.5,0.1666666666666666,0.0,0.0,0.1666666666666666,1.5,3.5,1.007592082052834,0.0,9.334761791744569,10.511062400044844
2603.0,61.16666666666666,191.80893312064143,0.31889373279707917,928.8333333333331,135.33333333333331,154.83333333333331,638.6666666666666,974.8609543183904,86.33333333333333,49.0,123.83333333333331,31.0,126.5,20.0,111.33333333333331,380.8333333333333,0.0,0.0,42.190750862968095,3.83687012208903
2602.0,17.0,45.72507699765939,0.3717872361564357,1048.8333333333333,337.0,11.833333333333332,700.0,1092.0252668856187,190.66666666666663,146.33333333333334,9.666666666666666,2.1666666666666665,70.5,48.5,221.0,360.0,0.0,0.0,42.19089455643925,1.001038995846032
2601.0,341.5,944.1933085232456,0.36168441029742,1076.6666666666663,125.33333333333334,355.5,595.8333333333333,1163.3244912336863,115.66666666666669,9.666666666666666,320.5,35.0,109.66666666666669,66.0,77.83333333333333,342.3333333333333,0.0,0.0,64.80164085027786,21.856183716741725
2600.0,168.66666666666666,394.49356197797937,0.42755239355739255,800.6666666666666,186.5,14.166666666666666,600.0,853.2152200012027,159.0,27.5,11.666666666666666,2.5,85.0,50.5,86.66666666666667,377.8333333333333,0.0,0.0,42.03791146383284,10.510641870703257
2599.0,200.16666666666663,463.6115732385959,0.4317551118674331,217.3333333333333,53.83333333333333,3.6666666666666665,159.83333333333331,256.87280552567034,29.83333333333333,24.0,3.1666666666666665,0.5,14.166666666666666,52.16666666666666,17.166666666666668,76.33333333333333,0.0,0.0,26.85950471766655,12.679967474670478
2598.0,395.8333333333333,1336.3741938743358,0.2961994740303665,91.83333333333334,7.666666666666667,0.5,83.66666666666667,139.49685685473548,7.166666666666667,0.5,0.5,0.0,0.0,35.0,21.0,27.666666666666668,0.0,0.0,22.47075979133771,25.192763730064428
2611.0,96.66666666666669,264.3657554188682,0.36565502409154854,972.1666666666669,209.66666666666669,40.833333333333336,721.6666666666667,1021.9840468555008,105.16666666666669,104.5,39.833333333333336,1.0,47.5,255.83333333333331,94.66666666666669,323.6666666666667,0.0,0.0,43.81114621375776,6.006233975076193
2610.0,224.33333333333331,534.5649001581022,0.419655935634728,642.3333333333334,35.5,139.66666666666666,467.1666666666667,695.8220027600155,26.33333333333333,9.166666666666666,11.833333333333334,127.83333333333331,71.5,213.33333333333331,66.0,116.33333333333331,0.0,0.0,39.30737284742337,14.181296579258762
2609.0,208.16666666666663,476.9565424771615,0.4364478692031663,1207.8333333333337,131.83333333333334,43.333333333333336,1032.6666666666667,1278.232537168449,53.66666666666666,78.16666666666667,43.0,0.3333333333333333,35.0,290.6666666666667,119.16666666666669,587.8333333333334,0.0,0.0,57.38569688911708,13.013506945998415
2616.0,217.83333333333331,573.3419220368427,0.3799361689085339,1528.0,174.0,167.16666666666666,1186.8333333333333,1617.1210143126546,146.5,27.5,164.66666666666666,2.5,442.5,269.5,93.16666666666669,381.6666666666667,0.0,0.0,75.27321900822443,13.847795304430138
2615.0,320.1666666666667,867.7057547506297,0.36898068834253556,77.33333333333334,7.666666666666667,4.5,65.16666666666667,130.08722543491237,6.0,1.6666666666666667,3.5,1.0,4.0,23.5,6.0,31.666666666666668,0.0,0.0,32.23278382689619,20.521108274682835
2608.0,131.66666666666666,382.4055566843859,0.3443115937128922,372.50000000000006,74.0,13.166666666666668,285.33333333333337,412.46737149139017,67.66666666666667,6.333333333333333,12.333333333333334,0.8333333333333334,14.5,40.5,33.333333333333336,197.0,0.0,0.0,31.6257114037722,8.341660087617994
2596.0,603.6666666666666,1683.457893826926,0.35858732723892456,2043.0,326.5,5.0,1711.5,2188.475405293914,144.0,182.5,2.1666666666666665,2.833333333333333,99.5,162.5,498.1666666666667,951.3333333333334,0.0,0.0,106.4348844559184,39.04052083799525
2606.0,164.16666666666666,557.2783315416438,0.29458648824999034,171.0,50.66666666666666,10.666666666666666,109.66666666666669,194.77566499408564,28.33333333333333,22.33333333333333,2.5,8.166666666666666,2.1666666666666665,82.66666666666667,3.1666666666666665,21.666666666666668,0.0,0.0,13.264640790540128,10.51102420354553
2614.0,139.83333333333334,338.7224336751145,0.41282572227694386,243.0,33.33333333333333,19.833333333333336,189.8333333333333,268.33076096690894,27.83333333333333,5.5,19.666666666666668,0.1666666666666666,14.0,66.16666666666667,11.833333333333334,97.83333333333331,0.0,0.0,16.32141000429466,9.00935096261429
2612.0,175.0,603.0186389230863,0.2902066183435515,77.83333333333333,0.0,0.0,77.83333333333333,102.02164697591756,0.0,0.0,0.0,0.0,5.0,72.83333333333333,0.0,0.0,0.1677497969130787,0.0,13.008982052846909,11.01158179282424
2605.0,359.8333333333333,1238.8196767530485,0.2904646576783943,74.83333333333334,9.166666666666666,4.0,61.66666666666667,117.41192849193058,8.0,1.1666666666666667,2.0,2.0,12.833333333333334,7.666666666666667,7.333333333333333,33.833333333333336,2.015184164105668,0.0,17.53951409003284,23.023896904458734
2539.0,92.83333333333331,301.1617255670449,0.3082507684485513,173.5,26.666666666666668,13.166666666666666,133.66666666666666,193.220466209519,16.166666666666668,10.5,12.666666666666666,0.5,0.3333333333333333,69.16666666666667,28.0,36.16666666666666,0.6716374128971959,0.0,13.042594821545626,6.006233975076193
2538.0,246.16666666666663,868.8155488893082,0.2833359358972863,99.66666666666666,17.666666666666664,7.0,75.0,131.2064105164412,11.166666666666666,6.5,6.833333333333333,0.1666666666666666,0.1666666666666666,35.166666666666664,11.166666666666666,28.5,0.0,0.0,15.52311991623801,16.01662393353651
2537.0,206.83333333333331,709.5242951964022,0.29150986757413305,34.166666666666664,6.666666666666667,3.6666666666666665,23.83333333333333,63.22852323666692,3.8333333333333335,2.833333333333333,3.5,0.1666666666666666,0.1666666666666666,8.666666666666666,4.833333333333333,10.166666666666666,1.007592082052834,0.0,14.706988628841378,13.34727585910604
2542.0,260.5,658.4128636823333,0.39564840599117507,21.0,5.0,2.333333333333333,13.666666666666668,49.32768000964718,3.8333333333333335,1.1666666666666667,2.1666666666666665,0.1666666666666666,0.0,1.6666666666666667,3.6666666666666665,8.333333333333334,0.0,0.0,11.81053652558874,16.517143484058447
2679.0,240.66666666666663,641.8592827537974,0.37495238151596677,96.0,0.0,0.0,96.0,126.84236853787948,0.0,0.0,0.0,0.0,0.0,96.0,0.0,0.0,0.0,0.0,15.659918320756118,15.182450217123366
2678.0,266.1666666666667,760.649476193075,0.3499202655062446,47.66666666666666,0.0,0.0,47.66666666666666,83.94121598456405,0.0,0.0,0.0,0.0,0.0,47.66666666666666,0.0,0.0,0.0,0.0,19.25688638851485,17.017662929382546
2686.0,430.0,1500.2167743290518,0.2866252446699316,0.0,0.0,0.0,0.0,47.38579577958964,0.0,0.0,0.0,0.0,0.0,0.0,0.0,0.0,0.1682509505703422,0.0,19.68916337301856,27.52838145600073
2684.0,295.0,684.4325684280708,0.43101397216898,0.0,0.0,0.0,0.0,39.53107291224981,0.0,0.0,0.0,0.0,0.0,0.0,0.0,0.0,0.0,0.0,20.67808262858951,18.8529902836603
2683.0,198.33333333333331,728.9229272901244,0.2720909521541131,0.0,0.0,0.0,0.0,25.697750477967283,0.0,0.0,0.0,0.0,0.0,0.0,0.0,0.0,0.0,0.0,13.018012339878652,12.67973813808863
2617.0,479.6666666666667,1471.499776668584,0.32597128064308145,3.0,0.0,3.0,0.0,53.304878378454745,0.0,0.0,3.0,0.0,0.0,0.0,0.0,0.0,0.0,0.0,19.60643831513754,30.698440063317207
2540.0,372.0,950.1991575871692,0.39149687413385603,371.3333333333333,37.83333333333333,7.0,326.5,435.62254078222696,26.33333333333333,11.5,5.333333333333333,1.6666666666666667,26.83333333333333,119.5,51.5,128.66666666666666,1.007592082052834,0.0,39.59048652348985,23.691128843350967
2620.0,328.5,926.5246410429168,0.35455074311918255,0.0,0.0,0.0,0.0,37.19184804702158,0.0,0.0,0.0,0.0,0.0,0.0,0.0,0.0,0.0,0.0,16.170029134254907,21.021818912766676
2621.0,297.1666666666667,1064.9467911400693,0.2790436753638532,0.0,0.0,0.0,0.0,98.49537317020491,0.0,0.0,0.0,0.0,0.0,0.0,0.0,0.0,0.0,65.87922704807247,13.596405201057843,19.01974092107461
2685.0,318.3333134713858,956.310778200654,0.33287642545485646,0.0,0.0,0.0,0.0,45.62342817693693,0.0,0.0,0.0,0.0,0.0,0.0,0.0,0.0,0.0,0.0,25.26911005866664,20.354318118270285
2622.0,289.66666621563184,993.8297481085821,0.29146507917167314,65.8333332308254,9.499999985207717,5.999999990657506,50.33333325496018,112.4244746533294,5.8333333242503524,3.6666666609573646,5.8333333242503524,0.16666666640715289,0.0,22.999999964187104,10.166666650836328,17.166666639936754,0.0,0.0,28.07211127352262,18.519030148981358
2628.0,256.3333331504209,810.1857165357038,0.3163883637031814,0.0,0.0,0.0,0.0,46.4654035054369,0.0,0.0,0.0,0.0,0.0,0.0,0.0,0.0,0.0,10.135265691503385,19.81287980484059,16.51725800909292
2627.0,133.16666666666666,459.12722454743584,0.29004306333158475,146.66666666666666,0.0,0.0,146.66666666666666,166.41941336408064,0.0,0.0,0.0,0.0,0.0,146.33333333333334,0.1666666666666666,0.1666666666666666,0.0,0.0,11.077241093426588,8.67550560398741
2626.0,457.6666666666667,1684.3638420679572,0.2717148487970224,121.0,1.1666666666666667,0.1666666666666666,119.66666666666666,174.9367345632543,1.1666666666666667,0.0,0.1666666666666666,0.0,37.333333333333336,34.166666666666664,1.8333333333333333,46.333333333333336,0.0,0.0,24.906603683719368,29.030130879534934
2636.0,104.33333333333331,320.8651532403974,0.3251625559200724,1436.8333333333333,552.5,23.166666666666668,861.1666666666666,1504.847409047348,420.3333333333333,132.16666666666666,22.0,1.1666666666666667,73.16666666666667,81.83333333333333,188.66666666666663,517.5,0.0,0.0,61.34045685643892,6.673618857575714
2635.0,161.0,510.62522288579726,0.31529973997388705,492.1666666666666,63.66666666666666,3.0,425.5,528.0331968570385,60.0,3.6666666666666665,2.6666666666666665,0.3333333333333333,33.166666666666664,97.33333333333331,103.33333333333331,191.66666666666663,0.0,0.0,25.856140231911574,10.01038995846032
2634.0,332.8333333333333,777.3906050086426,0.428141697608544,87.00000000000001,1.8333333333333333,0.3333333333333333,84.83333333333334,124.807698679387,1.1666666666666667,0.6666666666666666,0.3333333333333333,0.0,12.0,0.1666666666666666,0.5,72.16666666666667,0.0,0.0,16.618899687426335,21.18879899196067
2633.0,367.5,1352.4983496896084,0.2717193703669505,213.16666666666663,44.0,9.666666666666666,159.5,259.8437139731956,12.166666666666666,31.83333333333333,0.5,9.166666666666666,13.5,7.166666666666667,81.66666666666667,57.16666666666666,0.0,0.0,22.98572732307136,23.69131998345757
2625.0,332.1666666666667,1212.2458205943533,0.2740093312953707,251.0,36.33333333333333,7.5,207.16666666666663,295.60731288663493,27.83333333333333,8.5,7.333333333333333,0.1666666666666666,14.666666666666666,29.166666666666668,34.166666666666664,129.16666666666666,0.0,0.0,23.4185138946743,21.188798991960667
2644.0,268.6666666666667,782.9567174280716,0.34314370218216883,195.33333333333331,44.66666666666666,6.833333333333333,143.83333333333334,240.8888231411953,34.5,10.166666666666666,6.5,0.3333333333333333,0.1666666666666666,9.833333333333334,42.333333333333336,91.5,1.007592082052834,0.0,27.363254875083552,17.18464285072557
2645.0,0.0,0.0,0.0,1143.5,0.1666666666666666,1143.0,0.3333333333333333,1188.765283980277,0.1666666666666666,0.0,1138.0,5.0,0.0,0.0,0.1666666666666666,0.1666666666666666,0.0,0.0,45.265283980276855,0.0
2643.0,80.16666666666667,227.23372947699087,0.352793869339649,425.1666666666666,71.5,12.333333333333334,341.3333333333333,453.6801366967552,56.5,15.0,11.333333333333334,1.0,0.0,154.5,56.66666666666666,130.16666666666666,1.007592082052834,0.0,22.333397107401996,5.172480840633691
2642.0,704.5,1875.5176131737187,0.37562963688080603,177.5,24.0,10.333333333333332,143.16666666666666,257.627017303909,18.5,5.5,10.166666666666666,0.1666666666666666,4.833333333333333,31.83333333333333,34.666666666666664,71.83333333333333,0.0,0.0,35.08026249083753,45.04675481307144
2632.0,161.0,588.1825597079749,0.27372453899336024,218.66666666666663,4.0,49.66666666666666,165.0,243.7059521309118,4.0,0.0,0.0,49.66666666666666,11.5,0.0,0.3333333333333333,153.16666666666666,0.0,0.0,15.028895505784874,10.01038995846032
2656.0,981.3333333333334,3060.76553667734,0.3206169572853445,283.16666666666663,51.16666666666667,23.33333333333333,208.66666666666663,451.45578573734815,32.333333333333336,18.83333333333333,22.83333333333333,0.5,0.0,91.83333333333331,45.5,71.33333333333333,0.0,0.0,105.22400641615566,63.06511265452585
2655.0,442.5,1246.6818804178615,0.3549421925115999,0.0,0.0,0.0,0.0,50.5482982598973,0.0,0.0,0.0,0.0,0.0,0.0,0.0,0.0,0.1681139755766621,0.0,22.01728539622264,28.362898888098
2624.0,648.5,1748.3974373946812,0.3709110904248073,0.0,0.0,0.0,0.0,67.21391536470674,0.0,0.0,0.0,0.0,0.0,0.0,0.0,0.0,0.0,0.0,25.670873535214582,41.54304182949216
2623.0,726.5,1904.636959188144,0.38143752093820144,1149.3333333333337,43.66666666666666,6.0,1099.6666666666667,1270.1401379551885,35.666666666666664,8.0,5.166666666666667,0.8333333333333334,136.33333333333334,37.0,735.3333333333334,191.0,0.0,0.0,74.25833805584348,46.54846656601115
2618.0,268.0,667.6889285102893,0.4013845198810572,3351.166666666667,316.6666666666667,458.6666666666667,2575.833333333333,3512.6113736760394,264.0,52.66666666666666,24.666666666666668,434.0,1309.1666666666667,199.66666666666663,393.8333333333333,673.1666666666666,0.0,0.0,144.42704407999045,17.017662929382546
2550.0,0.0,0.0,0.0,4545.833333333334,453.33333333333337,182.83333333333331,3909.666666666667,4725.779019623038,365.1666666666667,88.16666666666667,55.16666666666666,127.66666666666669,1057.5,329.6666666666667,725.1666666666666,1797.3333333333333,0.0,0.0,179.94568628970544,0.0
2631.0,0.8333333332312682,0.8333333332312682,1.0,1732.6666664544525,344.1666666245137,16.166666664686602,1372.3333331652525,1801.2860196155389,119.49999998536386,224.66666663914987,13.666666664992798,2.4999999996938045,207.16666664129323,124.16666665145898,268.4999999671146,772.4999999053856,0.0,0.0,68.61935316108611,0.0
2629.0,0.0,0.0,0.0,1176.5,403.3333333333333,15.666666666666668,757.5,1236.405248081127,92.83333333333331,310.5,14.833333333333334,0.8333333333333334,40.0,43.66666666666666,159.83333333333334,514.0,0.0,0.0,59.90524808112707,0.0
2543.0,317.3333333333333,911.94811809421,0.3479730118819663,964.6666666666669,134.0,242.16666666666669,588.5,1300.9535123121875,121.83333333333331,12.166666666666666,144.5,97.66666666666669,51.333333333333336,62.333333333333336,104.66666666666669,370.1666666666667,0.0,263.5169082551984,52.58248328150682,20.187454108815697
2547.0,0.0,0.0,0.0,685.3333333333333,144.0,15.5,525.8333333333333,725.2944844310545,81.16666666666667,62.833333333333336,14.5,1.0,20.166666666666668,35.333333333333336,94.5,375.8333333333333,0.0,0.0,39.96115109772125,0.0
2546.0,231.16666666666663,714.0215687502294,0.32375305842831004,123.5,46.16666666666666,4.333333333333333,73.0,166.40455664659237,38.16666666666666,8.0,3.1666666666666665,1.1666666666666667,0.0,1.5,18.0,53.5,1.007592082052834,0.0,26.881379626849043,15.015584937690482
2545.0,23.83333333333333,58.4396564981716,0.40782808732079046,308.1666666666667,4.166666666666666,1.0,303.0,322.81276703956235,2.6666666666666665,1.5,1.0,0.0,0.0,284.5,8.166666666666666,10.333333333333334,0.0,0.0,13.14480951735139,1.501290855544265
2544.0,422.8333333333333,1259.006326037561,0.33584686954203485,28.5,3.5,2.0,23.0,73.39420080493335,3.333333333333333,0.1666666666666666,0.0,2.0,1.0,1.0,2.833333333333333,18.166666666666668,0.0,0.0,17.866147917090483,27.028052887842865
2541.0,267.8333333333333,1029.04481839502,0.2602737301093138,49.0,0.0,0.0,49.0,78.55945048423632,0.0,0.0,0.0,0.0,0.0,49.0,0.0,0.0,0.0,0.0,12.541787554853771,17.017662929382546
2549.0,1057.1666666666667,2841.418184444208,0.37205599388864774,2641.6666666666665,156.83333333333334,59.83333333333333,2425.0,2855.823985946228,94.16666666666669,62.66666666666666,57.66666666666666,2.1666666666666665,899.3333333333334,152.16666666666666,142.16666666666666,1231.3333333333333,0.0,0.0,146.42158352627007,67.73573575329077
2548.0,15.5,41.21140302003589,0.3761094955312323,619.0,58.833333333333336,13.5,546.6666666666666,644.9568929533405,45.5,13.333333333333334,11.333333333333334,2.1666666666666665,177.66666666666666,51.0,100.5,217.5,0.0,0.0,25.12252814938954,0.8343648039509769
2551.0,0.0,0.0,0.0,627.8333333333333,32.833333333333336,7.833333333333333,587.1666666666666,652.685438846319,26.5,6.333333333333333,6.833333333333333,1.0,357.6666666666667,31.0,62.833333333333336,135.66666666666666,0.0,0.0,24.85210551298569,0.0
2554.0,146.83333333333334,436.409356246728,0.3364578032793591,492.33333333333337,60.5,13.5,418.33333333333337,526.6437215125566,50.16666666666666,10.333333333333334,10.833333333333334,2.6666666666666665,39.66666666666666,67.16666666666667,102.33333333333331,209.16666666666663,0.0,0.0,25.30103721660903,9.00935096261429
2556.0,0.0,0.0,0.0,959.1666666666666,375.3333333333333,14.833333333333332,569.0,997.134660156868,103.0,272.3333333333333,5.833333333333333,9.0,240.33333333333331,34.333333333333336,108.83333333333331,185.5,0.0,0.0,37.9679934902014,0.0
2557.0,665.1666666666666,2016.2026262912889,0.3299106240577664,1473.3333333333337,340.3333333333333,143.33333333333331,989.6666666666669,1605.1982250006702,307.8333333333333,32.5,67.33333333333333,76.0,481.1666666666667,66.33333333333333,181.5,260.6666666666667,0.0,0.0,88.82021484595737,43.044676821379376
2558.0,1.8333333002730792,3.884963696465862,0.4719048731242601,57.99999895409378,13.49999975655631,3.9999999278685365,40.49999926966893,60.36785722478835,12.499999774589178,0.9999999819671341,3.9999999278685365,0.0,3.4999999368849695,6.166666555463994,8.999999837704207,21.833332939615758,0.0,0.0,2.3678582706945748,0.0
2641.0,844.8333333333334,2202.034807657036,0.383660299281207,124.0,23.666666666666668,4.833333333333334,95.5,219.57112536110927,16.0,7.666666666666667,4.666666666666667,0.1666666666666666,0.1666666666666666,9.333333333333334,28.666666666666668,57.333333333333336,0.0,0.0,41.68177022283791,53.88935513827142
2649.0,121.16666666666669,313.62217824497475,0.3863459763742272,0.0,0.0,0.0,0.0,13.971468113135394,0.0,0.0,0.0,0.0,0.0,0.0,0.0,0.0,0.0,0.0,5.963156146367138,8.008311966768256
2637.0,0.0,0.0,0.0,2449.333339547008,345.83333421067243,26.666666734316916,2076.833338602019,2546.286704803447,79.5000002016823,266.33333400899016,23.66666672670626,3.0000000076106526,1455.1666703582562,70.16666684467138,229.83333391639388,321.6666674826978,0.0,0.0,96.95336525643779,0.0
2652.0,478.3333333333333,1292.3456231276468,0.37012802517619364,34.0,0.0,0.0,34.0,87.64580130243291,0.0,0.0,0.0,0.0,0.0,33.833333333333336,0.0,0.1666666666666666,0.0,0.0,22.94713190253385,30.698669399899057
2647.0,638.166666833925,1811.656754430303,0.3522558372458386,0.0,0.0,0.0,0.0,66.30444609121814,0.0,0.0,0.0,0.0,0.0,0.0,0.0,0.0,0.0,0.0,25.26184725077389,41.04259884044425
2651.0,235.9999999022576,671.1166267128299,0.35165273889606935,94.49999996086163,19.666666658521468,2.166666665769314,72.66666663657084,122.60395657348636,15.333333326982839,4.333333331538628,2.166666665769314,0.0,0.0,3.66666666514807,20.33333332491202,48.66666664651074,0.0,0.0,13.08837168115315,15.015584931471587
2650.0,205.66666666666663,571.5681742002288,0.35982875875558906,372.16666666666674,74.5,19.333333333333336,278.33333333333337,434.9228218657226,47.16666666666666,27.33333333333333,19.166666666666668,0.1666666666666666,1.8333333333333333,10.333333333333334,87.16666666666667,179.0,1.175706057629496,0.0,48.56774521533032,13.012703926096094
2653.0,391.0,1098.9363755176262,0.35579857825329453,375.33333333333337,68.0,104.5,202.83333333333331,442.87081562313176,61.16666666666666,6.833333333333333,102.16666666666669,2.333333333333333,15.833333333333334,14.0,50.0,123.0,0.0,0.0,42.51231041341742,25.02517187638099
2711.0,528.5,1482.3080422080122,0.3565385769699788,279.5,20.83333333333333,61.16666666666667,197.5,345.52048668243543,19.83333333333333,1.0,24.83333333333333,36.333333333333336,74.83333333333333,39.333333333333336,27.5,55.833333333333336,0.0,0.0,31.98516082367036,34.03532585876509
2707.0,357.6666666666667,1037.762176934344,0.3446518620704126,385.6666666666666,97.66666666666669,28.83333333333333,259.16666666666663,439.44855308957466,68.66666666666667,29.0,2.0,26.83333333333333,14.333333333333334,11.0,55.16666666666666,178.66666666666666,0.0,0.0,30.757989518449275,23.023896904458734
2714.0,203.83333333333331,527.4712537989332,0.38643496089178836,0.0,0.0,0.0,0.0,21.082205745108485,0.0,0.0,0.0,0.0,0.0,0.0,0.0,0.0,0.0,0.0,8.068698799110068,13.013506945998415
2708.0,119.0,381.2211454021101,0.31215477272248215,57.83333333333333,16.833333333333332,2.1666666666666665,38.83333333333333,74.68231385881519,16.833333333333332,0.0,0.0,2.1666666666666665,0.1666666666666666,0.0,0.0,38.66666666666666,1.007592082052834,0.0,8.166730642551995,7.674657800877043
2709.0,76.16666666666667,246.7384940280917,0.3086938945894471,0.0,0.0,0.0,0.0,8.020225074132433,0.0,0.0,0.0,0.0,0.0,0.0,0.0,0.0,0.0,0.0,3.015030094902272,5.00519497923016
2706.0,77.0,232.66340142878963,0.3309502032856985,0.0,0.0,0.0,0.0,17.393229720979694,0.0,0.0,0.0,0.0,0.0,0.0,0.0,0.0,0.8393411314824917,0.0,11.715405998637335,4.838482590859867
2699.0,387.0,1394.0163198121418,0.27761511432818253,0.0,0.0,0.0,0.0,40.5121423663742,0.0,0.0,0.0,0.0,0.0,0.0,0.0,0.0,0.0,0.0,15.652918107637712,24.85922425873649
2702.0,470.6666666666667,1310.6680378899312,0.35910440558572077,1218.5,455.1666666666666,85.33333333333333,678.0,1318.226531686876,237.66666666666663,217.5,8.833333333333334,76.5,45.0,199.0,80.16666666666667,353.8333333333333,0.0,0.0,69.69543825701435,30.03109342986171
2690.0,350.3333333333333,1110.043721946091,0.3156031842774092,61.0,0.0,0.0,61.0,100.81332389975876,0.0,0.0,0.0,0.0,0.0,61.0,0.0,0.0,1.007592082052834,0.0,16.61589382989922,22.1898379878067
2691.0,227.16666666666663,670.6252846984911,0.33873859493502295,95.66666666666666,13.5,28.83333333333333,53.333333333333336,124.2944557624472,12.5,1.0,1.0,27.83333333333333,4.166666666666667,4.166666666666667,3.0,42.0,0.0,0.0,13.945973071197692,14.681816024582858
2689.0,151.16666666666666,479.1808171086982,0.31546894464344916,0.0,0.0,0.0,0.0,15.994315462275464,0.0,0.0,0.0,0.0,0.0,0.0,0.0,0.0,0.0,0.0,5.983925503815143,10.01038995846032
2703.0,244.83333333333331,723.9953423909923,0.33816976297771756,563.8333333333334,73.5,109.16666666666669,381.1666666666667,611.8611233797516,25.5,48.0,2.0,107.16666666666669,54.333333333333336,21.33333333333333,50.5,255.0,0.0,0.0,32.01116611288172,16.01662393353651
2704.0,225.0,862.6967259663047,0.26081007754837365,0.0,0.0,0.0,0.0,22.92115467098064,0.0,0.0,0.0,0.0,0.0,0.0,0.0,0.0,0.0,0.0,8.906608729136192,14.014545941844448
2705.0,343.0,1161.664593707421,0.2952659501356797,87.83333333333333,0.0,0.5,87.33333333333333,126.91072251061408,0.0,0.0,0.0,0.5,30.83333333333333,1.3333333333333333,0.6666666666666666,54.5,0.0,0.0,17.054531268668043,22.022857908612707
2710.0,122.0,393.1093252914446,0.3103462374227609,14.0,0.0,1.0,13.0,28.39945421398785,0.0,0.0,1.0,0.0,5.0,4.0,2.0,2.0,1.007592082052834,0.0,5.383550165166764,8.008311966768256
2698.0,381.0,1188.3101300731917,0.32062337125455037,103.66666666666669,1.0,13.0,89.66666666666667,146.87712536902643,0.0,1.0,13.0,0.0,18.0,47.833333333333336,1.0,22.83333333333333,0.0,0.0,19.18552280205498,24.02493590030477
2692.0,717.0,2141.0730703270688,0.33487880910597395,190.83333333333331,50.333333333333336,1.6666666666666667,138.83333333333334,272.4856001366037,4.5,45.833333333333336,0.8333333333333334,0.8333333333333334,0.5,124.0,5.0,9.333333333333334,0.0,0.0,35.93797426918146,45.714292534088855
2694.0,385.1666666666667,1310.7993662543806,0.2938410534689862,85.99999999999999,1.0,8.333333333333334,76.66666666666666,136.51016180712702,0.0,1.0,7.166666666666667,1.1666666666666667,43.66666666666666,4.5,10.166666666666666,18.33333333333333,0.0,0.0,25.98493579808,24.52522600904702
2695.0,468.5,1397.6823531028122,0.33519776432745557,0.0,0.0,0.0,0.0,50.4089611336249,0.0,0.0,0.0,0.0,0.0,0.0,0.0,0.0,0.0,0.0,20.544580092157567,29.864381041467336
2787.0,373.5,1005.4546082072336,0.371473756200656,1945.0,184.66666666666663,164.16666666666666,1596.1666666666667,2074.477344998485,154.66666666666666,30.0,38.16666666666666,126.0,81.33333333333333,295.8333333333333,720.8333333333334,498.1666666666667,1.3435011424250816,0.0,104.44198880644004,23.691855049619903
2677.0,452.6666666666667,1421.784452703477,0.31837924926379363,108.16666666666669,1.0,3.0,104.16666666666669,169.22933828895654,1.0,0.0,0.0,3.0,5.0,1.0,0.0,98.16666666666669,0.1680683667932718,0.0,32.03122285565749,28.86338039983908
2671.0,549.8333333333334,1656.2871575587217,0.33196739516096846,171.0,11.166666666666668,69.16666666666667,90.66666666666669,255.0701447526751,8.833333333333334,2.333333333333333,2.1666666666666665,67.0,21.5,12.0,21.166666666666668,36.0,0.0,0.0,48.86691461863108,35.203230134044006
2670.0,459.3333333333333,1212.7560311716325,0.3787516380269621,714.3333333333333,4.0,22.166666666666668,688.1666666666666,808.6565254579051,3.0,1.0,20.166666666666668,2.0,3.0,385.3333333333333,4.0,295.8333333333333,0.0,0.0,65.12619596560398,29.196996158967817
2783.0,655.0,1638.3502937296298,0.3997924024592582,230.66666666666663,0.0,3.166666666666667,227.5,318.2698058409873,0.0,0.0,2.0,1.1666666666666667,26.666666666666668,152.83333333333334,1.0,47.0,0.0,0.0,45.726251828459056,41.876887345861576
2788.0,658.6666666666666,2040.3274084497127,0.3228240055683693,395.5,1.3333333333333337,3.0,391.1666666666667,493.7789891436912,0.5,0.8333333333333334,0.8333333333333334,2.1666666666666665,4.0,380.6666666666667,3.8333333333333335,2.6666666666666665,1.007592082052834,0.0,55.22741509976202,42.04398196187631
2672.0,370.3333333333333,999.0069170769152,0.37070147063338177,441.83333333333337,36.333333333333336,5.166666666666667,400.33333333333337,504.50798448065257,30.666666666666668,5.666666666666667,4.666666666666667,0.5,24.666666666666668,60.333333333333336,47.833333333333336,267.5,0.0,0.0,38.98321652184303,23.69143462547615
2661.0,406.8333333333333,995.1578501311872,0.4088128665012313,1786.3333333333333,690.6666666666666,205.33333333333331,890.3333333333333,1899.007239460597,221.16666666666663,469.5,149.83333333333334,55.5,86.83333333333333,72.0,214.83333333333331,516.6666666666666,0.0,0.0,86.81421645080354,25.859689676459883
2669.0,539.5,1822.9647195136315,0.295946484440982,567.3333333333334,151.83333333333334,7.0,408.5,645.6827544254874,89.0,62.833333333333336,6.833333333333333,0.1666666666666666,21.5,28.0,105.0,254.0,0.0,0.0,43.81357568286689,34.53584540928703
2667.0,409.5,1081.5253975089474,0.37863188506085194,256.8333333333333,7.0,3.6666666666666665,246.16666666666663,328.238065755309,7.0,0.0,0.1666666666666666,3.5,14.833333333333334,41.0,144.66666666666666,45.66666666666666,0.0,0.0,45.04394961687123,26.36078280510446
2668.0,314.3333333333333,701.9783190531881,0.4477821106459509,604.5,33.66666666666667,193.33333333333331,377.5,676.227312508241,29.666666666666668,4.0,24.0,169.33333333333334,24.666666666666668,89.83333333333333,117.16666666666669,145.83333333333334,0.0,0.0,51.53974375740668,20.18756875083427
2779.0,794.3333333333334,2543.284216195094,0.3123258219727026,384.8333333333333,31.833333333333336,18.166666666666668,334.8333333333333,518.1356703091996,30.666666666666668,1.1666666666666667,14.0,4.166666666666667,113.33333333333331,39.833333333333336,80.5,101.16666666666669,0.0,30.40579709306147,52.01030173207141,50.88623815073333
2664.0,455.3333333333333,1030.1210264983615,0.44201925950499715,1748.0,434.0,250.16666666666669,1063.8333333333333,1874.2494731787212,229.16666666666663,204.83333333333331,40.833333333333336,209.33333333333331,154.66666666666666,107.33333333333331,162.66666666666666,639.1666666666666,0.0,0.0,97.052553465273,29.19691971344856
2665.0,17.0,42.30564694975981,0.40183760858658885,1843.3333333333333,299.0,516.1666666666666,1028.1666666666667,1917.975832698843,273.5,25.5,20.666666666666668,495.5,134.33333333333334,256.3333333333333,206.33333333333331,431.1666666666667,0.0,0.0,73.64146036966356,1.001038995846032
2666.0,188.66666666666663,361.5639044593208,0.5218072499487939,887.5,271.1666666666667,219.8333333333333,396.5,945.7786572800242,151.83333333333334,119.33333333333331,82.33333333333333,137.5,50.16666666666666,11.5,79.0,255.83333333333331,0.0,0.0,46.26618932987177,12.012467950152384
2770.0,552.0,1238.672727975141,0.44563829293501495,1130.3333333333337,314.83333333333337,32.166666666666664,783.3333333333334,1233.4664969300932,64.0,250.83333333333331,22.33333333333333,9.833333333333334,450.0,56.333333333333336,205.66666666666663,71.33333333333333,0.0,0.0,67.59601165854556,35.537151938214215
2658.0,473.1666666666667,1165.0341641515051,0.40613973497616196,354.16666666666663,28.83333333333333,99.33333333333331,226.0,438.11502397890206,27.83333333333333,1.0,11.0,88.33333333333333,14.0,111.83333333333331,26.0,74.16666666666667,0.0,0.0,53.58364796552649,30.364709346708903
2659.0,124.66666666666669,306.4559660998362,0.4068012388639652,1076.6666666666663,125.66666666666666,396.83333333333337,554.1666666666666,1133.8977527569857,114.33333333333331,11.333333333333334,12.166666666666666,384.6666666666667,79.83333333333333,86.16666666666667,78.33333333333333,309.8333333333333,0.0,0.0,49.22277412355055,8.008311966768256
2755.0,371.0,1044.9193818476133,0.3550513144315521,1019.6666666666669,58.16666666666667,237.0,724.5000000000001,1098.7418468458725,6.833333333333333,51.333333333333336,211.33333333333331,25.666666666666668,531.8333333333334,63.833333333333336,22.5,106.33333333333331,0.0,0.0,55.05024427890096,24.02493590030477
2748.0,16.166666666666668,43.9265523556073,0.3680385962410493,2326.0,241.33333333333331,544.3333333333334,1540.3333333333333,2420.3823102471424,175.83333333333334,65.5,128.33333333333334,416.0,748.1666666666666,61.66666666666666,130.66666666666666,599.8333333333334,0.0,0.0,93.38127125129569,1.001038995846032
2757.0,571.3333333333334,1308.8880506710773,0.43650282622750375,701.5,79.83333333333333,80.66666666666666,541.0,788.5840877854389,52.66666666666666,27.166666666666668,14.833333333333334,65.83333333333333,246.83333333333331,32.333333333333336,48.833333333333336,213.0,0.3363649261470043,0.0,50.37704722833053,36.370675630961394
2663.0,142.0,306.2797023384575,0.4636285033445718,1550.0000000000002,1234.8333333333337,10.666666666666668,304.5,1625.9828330590535,676.8333333333334,558.0,4.5,6.166666666666667,93.0,11.333333333333334,27.166666666666668,173.0,0.0,0.0,66.97348209643931,9.00935096261429
2604.0,295.1666666666667,826.7165175883888,0.3570349211452749,415.83333333333337,89.83333333333333,16.333333333333332,309.6666666666667,462.8349140084053,78.33333333333333,11.5,9.666666666666666,6.666666666666667,17.833333333333332,26.5,32.0,233.33333333333331,0.0,0.0,28.14813182342171,18.85344885165023
2588.0,401.8333333333333,1065.396387719179,0.37716791418223766,0.0,0.0,0.0,0.0,96.10222769159526,0.0,0.0,0.0,0.0,0.0,0.0,0.0,0.0,0.0,0.0,70.24230836296003,25.859919328635232
2583.0,700.4892304758845,2041.3422816723528,0.3431512866632119,16.581550593766586,0.9753853290450933,5.85231197427056,9.753853290450934,136.3798979443863,0.9753853290450933,0.0,0.9753853290450933,4.876926645225467,8.77846796140584,0.0,0.0,0.9753853290450933,0.9827905344963341,0.0,74.06419609091823,44.75136072520515
2657.0,112.0,261.37040038782885,0.42851064938421185,813.0,436.8333333333333,91.83333333333331,284.33333333333337,856.6233569121274,291.3333333333333,145.5,6.333333333333333,85.5,23.0,28.0,15.5,217.83333333333331,0.0,0.0,36.616083941205154,7.007272970922226
2564.0,266.5840168859818,777.0188186279316,0.34308566342925745,0.0,0.0,0.0,0.0,32.93923483880081,0.0,0.0,0.0,0.0,0.0,0.0,0.0,0.0,1.716257360002332,0.0,14.171286919438721,17.05169055935976
2571.0,1.0,2.0942451157429125,0.4774990245806351,1449.3333333333337,307.6666666666667,632.1666666666667,509.5,1527.5770021424858,301.6666666666667,6.0,315.1666666666667,317.0,365.1666666666667,13.0,25.0,106.33333333333331,0.0,0.0,78.24366880915245,0.0
2569.0,18.666666666666668,58.469674468045866,0.3192538155290765,349.6666666666667,0.0,227.33333333333331,122.33333333333331,370.7567100753029,0.0,0.0,62.5,164.83333333333334,120.33333333333331,1.0,1.0,0.0,1.175706057629496,0.0,19.080278434354685,0.8340589166520372
2730.0,0.0,0.0,0.0,1338.1666666666663,341.5,16.5,980.1666666666666,1391.1377388702144,323.6666666666667,17.833333333333332,11.166666666666666,5.333333333333333,710.3333333333334,43.16666666666666,54.66666666666666,172.0,0.0,0.0,52.97107220354746,0.0
2729.0,0.0,0.0,0.0,3344.1666666666665,336.8333333333333,791.1666666666667,2216.1666666666665,3477.5528738907824,308.3333333333333,28.5,326.6666666666667,464.5,1223.0,25.5,32.333333333333336,935.3333333333334,1.007592082052834,0.0,132.37861514206278,0.0
2726.0,0.0,0.0,0.0,202.83333333333331,0.0,171.5,31.33333333333333,211.8701040699632,0.0,0.0,130.0,41.5,17.333333333333332,0.0,0.0,14.0,1.007592082052834,0.0,8.02917865457704,0.0
2566.0,18.666666666666668,54.77365820883273,0.3407964207082394,830.8333333333333,36.333333333333336,520.8333333333333,273.6666666666667,872.9950855183919,31.666666666666668,4.666666666666667,137.5,383.3333333333333,140.0,54.0,21.0,58.66666666666666,4.030368328211336,0.0,36.96328833628793,1.1680955205592831
2784.0,419.1666666666667,1244.6619548361057,0.3367714944913389,48.83333333333334,0.3333333333333333,0.0,48.50000000000001,97.88572684329743,0.0,0.3333333333333333,0.0,0.0,18.0,2.5,19.166666666666668,8.833333333333334,0.0,0.0,22.357880093449197,26.694513416514926
2786.0,295.3333333333333,962.9821474804882,0.30668619777223577,47.83333333333333,0.0,0.0,47.83333333333333,80.43657008907857,0.0,0.0,0.0,0.0,14.166666666666666,1.0,0.1666666666666666,32.5,0.0,0.0,13.583151698327669,19.020085057417567
2772.0,458.8333333333333,1279.2636129124796,0.3586698853168461,240.0,14.0,6.166666666666666,219.83333333333331,313.68818397384564,8.833333333333334,5.166666666666667,3.1666666666666665,3.0,101.0,58.333333333333336,18.33333333333333,42.16666666666666,0.0,0.0,44.324245932183146,29.363938041662493
2768.0,35.833333333333336,72.76586275142257,0.49244703461765515,651.8333333333333,50.0,113.5,488.3333333333333,681.3917908471786,47.0,3.0,50.5,63.0,258.0,22.5,88.83333333333333,119.0,0.0,0.0,27.2225341635264,2.3359233503189434
2774.0,440.5,1199.8064272127606,0.36714255734011547,138.66666666666666,3.1666666666666665,1.0,134.5,199.95687280369668,3.1666666666666665,0.0,0.0,1.0,4.0,111.5,6.0,13.0,0.0,0.0,32.92730724893199,28.362898888098
2773.0,995.8333333333334,2556.702492434166,0.38949910530467236,684.6666666666666,19.5,62.5,602.6666666666666,838.4202445272624,4.166666666666667,15.333333333333334,39.66666666666666,22.83333333333333,343.0,211.66666666666663,32.0,16.0,0.0,0.0,90.02092737990294,63.73265048069294
2769.0,380.1666666666667,687.3909513992536,0.5530574208066008,1627.6666666666663,259.0,225.8333333333333,1142.8333333333333,1734.337573871945,109.5,149.5,20.166666666666668,205.66666666666663,472.6666666666667,268.1666666666667,136.16666666666666,265.8333333333333,0.0,0.0,82.4790677764969,24.191839428781677
2752.0,721.3333333333334,1765.8315246898355,0.40849499131013306,690.6666666666666,207.66666666666663,101.33333333333334,381.6666666666666,800.9421838353812,89.83333333333333,117.83333333333331,1.1666666666666667,100.16666666666669,129.66666666666666,57.333333333333336,71.83333333333333,122.83333333333331,0.0,0.0,64.22787625085975,46.047640917854885
2753.0,622.8333333333334,1810.955953657334,0.3439251695081176,688.3333333333334,30.666666666666664,40.0,617.6666666666667,790.6101163371852,24.33333333333333,6.333333333333333,4.833333333333333,35.166666666666664,20.0,180.16666666666663,19.33333333333333,398.1666666666667,0.0,0.0,62.40197380742492,39.87480919642697
2754.0,603.8333333333334,1860.212076232806,0.32460456581713076,0.0,0.0,0.0,0.0,62.60966783176426,0.0,0.0,0.0,0.0,0.0,0.0,0.0,0.0,0.0,0.0,23.902762910616204,38.70690492114806
2746.0,456.1666666666667,1414.488687407078,0.3224958041218931,159.16666666666666,9.0,26.83333333333333,123.33333333333331,215.0609719501825,8.666666666666666,0.3333333333333333,2.5,24.33333333333333,25.666666666666668,18.33333333333333,8.0,71.33333333333333,0.8394781064761717,0.0,25.857716218310745,29.197110958728928
2747.0,437.1666666666667,1319.5701029601412,0.3312947646252271,0.0,0.0,0.0,0.0,48.333983976790726,0.0,0.0,0.0,0.0,0.0,0.0,0.0,0.0,0.0,0.0,20.304662651322143,28.029321325468583
2737.0,42.333333333333336,135.0749792217716,0.3134061806060229,544.5,106.83333333333334,9.0,428.6666666666667,570.9005349941533,41.66666666666666,65.16666666666667,0.3333333333333333,8.666666666666666,39.66666666666666,162.83333333333334,0.3333333333333333,225.83333333333331,0.0,0.0,23.56439808580922,2.836136908344102
2766.0,650.5,1429.4969013458438,0.45505520116032905,887.8333333333333,306.5,49.0,532.3333333333333,1007.4350973047588,191.66666666666663,114.83333333333331,8.5,40.5,358.0,29.83333333333333,77.33333333333333,67.16666666666667,0.0,0.0,77.89166561721997,41.71009835420541
2758.0,256.8333333333333,681.8301802307177,0.3766822601581321,1571.5000000000002,293.1666666666667,110.5,1167.8333333333337,1660.8940564134623,179.83333333333334,113.33333333333331,13.166666666666666,97.33333333333331,631.3333333333334,45.16666666666666,236.83333333333331,254.5,0.0,0.0,73.0433960337373,16.350660379725298
2749.0,0.0,0.0,0.0,786.8333333333334,102.0,344.0,340.83333333333337,825.314563575481,69.33333333333333,32.666666666666664,214.5,129.5,47.833333333333336,31.5,87.33333333333333,174.16666666666666,0.0,0.0,38.48123024214772,0.0
2759.0,676.0,1510.1216860958402,0.4476460448347588,2806.1666666666665,1958.1666666666663,470.83333333333337,377.1666666666666,2987.0526221419764,1954.8333333333333,3.333333333333333,273.6666666666667,197.16666666666663,120.0,35.166666666666664,94.16666666666669,127.83333333333331,0.0,0.0,137.84127865393123,43.044676821379376
2750.0,86.33333333333333,231.21027543348575,0.3733974762647155,2683.6666666666665,339.83333333333337,732.1666666666667,1611.6666666666663,2809.4943533364235,293.6666666666667,46.16666666666666,132.33333333333334,599.8333333333334,129.0,236.66666666666663,257.6666666666667,988.3333333333334,1.007592082052834,0.0,119.31403602669792,5.5060585610056485
2741.0,0.0,0.0,0.0,2113.833333333333,311.1666666666667,480.6666666666667,1322.0,2203.852107471785,186.33333333333331,124.83333333333331,29.666666666666668,451.0,382.1666666666667,95.66666666666669,255.0,589.1666666666666,1.007592082052834,0.0,89.01118205639888,0.0
2727.0,101.83333333333331,282.6751136070846,0.36024866863547306,2966.833333333333,321.5,1014.1666666666669,1631.1666666666663,3136.844293923968,295.3333333333333,26.166666666666668,64.83333333333333,949.3333333333334,532.6666666666666,105.66666666666669,126.0,866.8333333333334,4.198118125124414,0.0,159.30555387374994,6.507288591760453
2743.0,258.5,728.0960233156065,0.3550355883319369,70.83333333333333,11.333333333333334,4.833333333333333,54.66666666666666,116.90493751792074,5.666666666666667,5.666666666666667,3.0,1.8333333333333333,6.0,2.5,19.33333333333333,26.83333333333333,1.007592082052834,0.0,28.546524797618243,16.51748730491633
2744.0,94.83333333333331,261.9861718500044,0.36197839246121927,2023.8333333333333,648.0,380.6666666666666,995.1666666666669,2113.5379150255453,523.1666666666666,124.83333333333331,110.83333333333331,269.8333333333333,77.66666666666667,100.5,99.0,718.0,0.0,0.0,83.8652512456125,5.839330446599291
2732.0,4.833333333333333,10.8565586660704,0.4451993934725163,1422.3333333333337,67.0,1025.8333333333337,329.5,1480.0022492556127,62.5,4.5,859.3333333333334,166.5,42.0,77.33333333333333,42.5,167.66666666666666,1.007592082052834,0.0,56.49453500631282,0.1667888339136277
2824.0,28.999999968334816,69.89633932708769,0.41490012563642414,4299.833328638333,860.9999990598716,494.99999945950805,2943.8333301189527,4478.859760863373,809.4999991161046,51.499999943767,356.16666627776726,138.8333331817408,1334.6666652093404,195.49999978653298,431.83333286181323,981.8333322612667,0.0,0.0,177.0243542355331,2.0020779895059895
2735.0,231.33333333333331,693.262262195179,0.3336880513311489,269.3333333333333,53.83333333333333,37.333333333333336,178.16666666666666,313.3373935424929,21.83333333333333,32.0,3.333333333333333,34.0,33.333333333333336,18.666666666666668,11.333333333333334,114.83333333333331,0.6717283095630929,0.0,28.48353579581965,14.848796103776854
2800.0,0.0,0.0,0.0,1485.1666666666663,177.5,708.0,599.6666666666666,1543.9574810615231,174.0,3.5,644.0,64.0,298.1666666666667,32.333333333333336,30.83333333333333,238.33333333333331,0.0,0.0,58.79081439485674,0.0
2791.0,237.0492011670643,665.710245206868,0.3560846522549789,992.4028610262476,139.85748840785857,2.1563929930727093,850.3889796253163,1144.1419229571748,75.78181089941236,64.07567750844622,2.1563929930727093,0.0,1.0781964965363549,34.81034403103087,430.04637404707177,384.45406505067734,0.0,0.0,136.6286157158575,15.110446215069686
2803.0,1379.1174672526658,3902.701451047454,0.35337508762873,149.4304796414886,11.64251262575718,0.17694035619742865,137.611026659534,308.48542375208524,6.3848563273193015,5.25765629843788,0.17694035619742865,0.0,0.08847017809871434,70.68965622629221,35.286962464515774,31.54593779062728,0.0,0.0,70.72468112166848,88.33026298892811
2805.0,168.66666666666666,436.09039819961527,0.38676996183131157,131.66666666666669,22.0,18.0,91.66666666666669,154.39995319808463,13.0,9.0,18.0,0.0,0.0,7.0,26.166666666666668,58.5,0.0,0.0,11.888875905349597,10.84441062606834
2810.0,1170.5,2483.373285913606,0.4713346989111167,149.66666666666669,25.5,7.333333333333333,116.83333333333334,277.00355928079887,14.166666666666666,11.333333333333334,7.333333333333333,0.0,0.0,10.166666666666666,35.0,71.66666666666667,0.0,0.0,52.2589679256798,75.07792468845241
2811.0,495.8333333333333,1048.8594989472358,0.4727357037153332,372.1666666666667,67.16666666666667,13.333333333333334,291.6666666666667,438.5628961490481,49.333333333333336,17.833333333333332,13.0,0.3333333333333333,20.0,21.666666666666668,58.5,191.5,0.0,0.0,34.362981615308364,32.03324786707302
2808.0,291.1666666666667,864.430676741178,0.3368305573841242,56.16666666666667,8.833333333333334,5.833333333333333,41.5,88.6009037426717,5.0,3.8333333333333335,5.833333333333333,0.0,0.1666666666666666,16.5,10.666666666666666,14.166666666666666,0.0,0.0,13.74841795910064,18.6858191169044
2813.0,365.6666666666667,1239.046051910557,0.29511951238844114,0.0,0.0,0.0,0.0,38.840333742324894,0.0,0.0,0.0,0.0,0.0,0.0,0.0,0.0,1.007592082052834,0.0,14.4750758427057,23.35766581756636
2809.0,752.3333333333334,2220.7309352247867,0.33877734641327933,0.0,0.0,0.0,0.0,78.83879551750658,0.0,0.0,0.0,0.0,0.0,0.0,0.0,0.0,1.007592082052834,0.0,29.781331634844214,48.04987180060954
2814.0,173.0,589.6479117809128,0.2933954255472361,39.0,0.0,0.0,39.0,60.5853067163413,0.0,0.0,0.0,0.0,0.0,38.833333333333336,0.0,0.1666666666666666,2.015184164105668,0.0,8.558617047212186,11.011505505023443
2816.0,324.0,688.260717992648,0.4707518408793758,290.5,79.33333333333334,3.833333333333333,207.33333333333331,335.84690258595924,50.333333333333336,29.0,3.1666666666666665,0.6666666666666666,10.5,17.5,49.5,129.83333333333334,0.0,0.0,24.32508367319261,21.021818912766676
2815.0,400.1666666666667,1212.8255840765653,0.329945766250759,333.8333333333333,51.83333333333333,24.166666666666664,257.8333333333333,396.4171690566704,24.5,27.33333333333333,10.166666666666666,14.0,8.833333333333334,60.5,40.5,148.0,0.0,0.0,37.2242831068143,25.35955261652276
2817.0,0.0,0.0,0.0,2657.166666666667,391.6666666666667,606.5,1659.0,2762.3500152977035,335.5,56.16666666666666,179.0,427.5,364.0,112.33333333333331,356.0,826.6666666666666,0.0,0.0,105.18334863103712,0.0
2812.0,1.0,1.8207164856474116,0.5492343304863411,1794.8333333333337,257.0,1026.8333333333337,511.0,1865.9211308514728,214.0,43.0,923.8333333333334,103.0,48.833333333333336,40.16666666666666,71.66666666666667,350.3333333333333,0.0,0.0,71.08779751813928,0.0
2807.0,1.0,1.8207164856474116,0.5492343304863411,2648.333333333333,224.33333333333331,604.0,1820.0,2753.206847760804,190.33333333333331,34.0,144.33333333333334,459.6666666666667,221.33333333333331,426.3333333333333,232.66666666666663,939.6666666666666,0.0,0.0,104.87351442747033,0.0
2818.0,900.6666666666666,2475.902219748193,0.3637731165159936,268.3333333333333,0.0,0.0,268.3333333333333,389.6790560083149,0.0,0.0,0.0,0.0,0.0,0.0,0.0,268.3333333333333,1.3434558545425748,0.0,62.27558288691485,57.72668393352415
2820.0,221.0,701.9398605893831,0.3148417868938766,506.83333333333337,53.66666666666666,270.6666666666667,182.5,549.658516709103,53.16666666666666,0.5,224.0,46.66666666666666,23.0,6.333333333333333,8.333333333333334,144.83333333333334,0.0,0.0,28.810637433925223,14.014545941844448
2930.0,938.3333333333334,2294.5551257719767,0.40893911102599545,2189.333333333333,312.5,54.333333333333336,1822.5,2373.202830348312,173.83333333333334,138.66666666666666,52.333333333333336,2.0,88.0,538.0,308.8333333333333,887.6666666666666,0.0,0.0,123.8070808186976,60.062416196281184
2823.0,21.0,62.17115176757193,0.3377772391688819,2480.166666666667,124.83333333333334,1168.0,1187.3333333333337,2581.516976918775,108.66666666666669,16.166666666666668,1099.1666666666667,68.83333333333333,232.5,314.1666666666667,175.66666666666666,465.0,1.007592082052834,0.0,99.00833079044324,1.3343873796120649
2934.0,614.348649351023,1600.8845170624877,0.38375575677270607,15.338531904271454,2.059432430654746,0.6290133123508554,12.650086161265854,79.81744604646659,1.8932486360681298,0.1661837945866158,0.598601867045133,0.030411445305722505,0.7906975779487851,4.566305745811616,1.2380531101665047,6.0550297273389475,0.14912423500798433,0.0,24.98422227587239,39.34556763131476
2933.0,239.58866760380133,551.1183025412441,0.4347318288996058,68.86606204946959,18.188668483011096,2.634220952711952,48.04317261374655,109.10226533574182,12.543909298628343,5.644759184382754,2.634220952711952,0.0,0.0,2.508781859725668,14.30005660043631,31.23433415358457,5.30844034866047,0.0,19.48260871393905,15.445154223672688
2936.0,53.679480158195894,145.1922386663801,0.3697131516894616,147.65061792489868,19.157799027558095,6.069114458428463,122.42370443891214,160.29051356121897,17.923232824177486,1.2345662033806066,5.766192570734483,0.30292188769398054,7.875969080043494,45.29699050029663,11.266069097942482,57.984675760629536,1.089708471686972,0.0,8.000458180754688,3.5497289838786035
2833.0,440.5,1378.0306516314367,0.31965907251663556,910.3333333333331,237.0,269.8333333333333,403.5,992.170101394905,86.33333333333333,150.66666666666666,265.0,4.833333333333333,49.16666666666666,31.166666666666668,73.0,250.16666666666663,0.0,0.0,53.80767617788283,28.029091883688896
2826.0,231.33333333333331,616.1131469290057,0.3754721587851293,824.5,243.33333333333331,12.833333333333334,568.3333333333334,881.3105615996104,56.833333333333336,186.5,11.833333333333334,1.0,25.83333333333333,89.16666666666667,134.66666666666666,318.6666666666667,0.0,0.0,41.79497666191994,15.015584937690482
2825.0,328.5,747.2008569608764,0.4396408234007156,87.83333333333334,0.1666666666666666,0.0,87.66666666666667,127.16908514447806,0.0,0.1666666666666666,0.0,0.0,0.0,87.66666666666667,0.0,0.0,0.0,0.0,18.31393289837804,21.021818912766676
2832.0,536.6666666666666,1844.7561886139856,0.29091468562568074,33.0,0.0,0.0,33.0,90.08586808723516,0.0,0.0,0.0,0.0,0.0,33.0,0.0,0.0,0.0,0.0,22.88375339455644,34.20211469267872
2831.0,335.1666666666667,633.2235707935292,0.5293022593057455,688.5,68.0,17.5,603.0,750.2105451760316,61.333333333333336,6.666666666666667,10.5,7.0,297.8333333333333,30.166666666666668,170.0,105.0,0.0,0.0,40.52186098383206,21.18868419219956
2837.0,954.3333333333334,2147.3824721563747,0.44441702663941546,2922.1666666666665,598.6666666666666,49.5,2274.0,3137.0158390129413,411.3333333333333,187.33333333333331,36.5,13.0,227.16666666666663,357.5,472.3333333333333,1217.0,0.0,0.0,153.78579359966676,61.06337874660796
2854.0,394.1666666666667,1084.1320250188924,0.3635781044839053,648.5,5.833333333333334,22.5,620.1666666666666,716.1362895347528,5.666666666666667,0.1666666666666666,1.0,21.5,12.0,48.16666666666666,550.3333333333334,9.666666666666666,0.0,0.0,42.27677521981872,25.35951431493404
2853.0,829.8333333333334,2487.2708068960646,0.3336320802031628,331.3333333333333,55.83333333333333,83.33333333333333,192.16666666666663,430.35359178250366,21.166666666666668,34.666666666666664,3.333333333333333,80.0,8.833333333333334,23.83333333333333,59.66666666666666,99.83333333333331,0.0,0.0,45.96519166933064,53.055066779839706
2843.0,2788.333333333333,7315.274081107281,0.3811659416199585,679.6666666666666,196.16666666666663,61.83333333333333,421.6666666666666,995.6303742367328,115.83333333333331,80.33333333333333,42.5,19.33333333333333,27.33333333333333,80.0,73.0,241.33333333333331,0.0,0.0,137.61163307629965,178.3520744937666
2844.0,585.6666666666666,1730.8392257165017,0.3383715009256408,218.83333333333337,17.0,7.333333333333333,194.50000000000003,288.3847629208968,15.666666666666666,1.3333333333333333,1.3333333333333333,6.0,31.666666666666668,88.16666666666667,32.833333333333336,41.833333333333336,0.0,0.0,32.179370824413034,37.37205876315039
2838.0,536.6666666666666,1561.6033213226672,0.34366388655738367,2910.4999999999995,398.3333333333333,48.833333333333336,2463.333333333333,3086.656605166582,302.8333333333333,95.5,35.5,13.333333333333334,117.5,174.66666666666666,1381.0,790.1666666666666,0.0,0.0,142.12127930781725,34.03532585876509
2845.0,366.3333333333333,822.105306571401,0.445603903058515,999.8333333333334,299.3333333333333,80.83333333333333,619.6666666666667,1079.7711402967684,227.66666666666663,71.66666666666667,11.5,69.33333333333333,70.16666666666667,65.33333333333333,153.83333333333334,330.3333333333333,0.0,0.0,56.58017934236826,23.35762762106704
2855.0,759.5,1437.275427893477,0.5284303796337427,2596.1666666666665,655.6666666666666,105.16666666666669,1835.3333333333333,2777.7186319388443,407.8333333333333,247.83333333333331,39.0,66.16666666666667,158.33333333333334,176.33333333333334,467.8333333333333,1032.8333333333333,0.0,0.0,132.83489983434887,48.71706543782869
2827.0,152.5,442.8965675571528,0.34432418575996504,955.3333333333331,334.3333333333333,28.0,593.0,1009.8630799325308,139.16666666666666,195.16666666666663,18.33333333333333,9.666666666666666,31.33333333333333,27.5,303.1666666666667,231.0,0.0,0.0,44.519356640737264,10.01038995846032
2830.0,152.83333333333334,470.5857537426939,0.3247725459553527,0.0,0.0,0.0,0.0,18.893361918859046,0.0,0.0,0.0,0.0,0.0,0.0,0.0,0.0,0.0,0.0,8.882971960398725,10.01038995846032
2740.0,451.6666666666667,1314.7776862050134,0.343530827611139,0.0,0.0,0.0,0.0,53.40793041226246,0.0,0.0,0.0,0.0,0.0,0.0,0.0,0.0,0.0,0.0,24.544588366641158,28.863342045621305
2834.0,481.0,1297.886180812134,0.3706026053062843,571.5,186.33333333333331,11.5,373.6666666666667,644.1947429378814,100.66666666666669,85.66666666666667,9.0,2.5,60.833333333333336,65.16666666666667,29.83333333333333,217.83333333333331,0.0,0.0,41.6625340666544,31.032208871226995
2829.0,669.8333333333334,2051.100439704438,0.3265726633210882,7.0,0.0,7.0,0.0,76.83705247001816,0.0,0.0,7.0,0.0,0.0,0.0,0.0,0.0,0.0,0.0,26.792375648638785,43.044676821379376
2835.0,307.3333333333333,810.7015339357689,0.3790955369743793,252.8333333333333,0.0,0.1666666666666666,252.66666666666663,294.6939460063685,0.0,0.0,0.1666666666666666,0.0,0.0,252.66666666666663,0.0,0.0,0.0,0.0,22.173372227442545,19.687240445592703
2828.0,677.5,2245.8993087540434,0.3016608969775481,31.83333333333333,0.0,0.0,31.83333333333333,107.95688205909224,0.0,0.0,0.0,0.0,0.0,31.83333333333333,0.0,0.0,0.0,0.0,32.74487365469005,43.37867507106885
2839.0,705.8333333333334,1659.3670107555506,0.42536300213172856,1102.5,292.3333333333333,52.16666666666667,758.0,1220.4625558880275,205.0,87.33333333333333,34.333333333333336,17.833333333333332,33.833333333333336,136.66666666666666,93.33333333333331,494.1666666666667,0.0,0.0,72.91580107495632,45.04675481307144
2840.0,582.8333333333334,1541.5670707916415,0.37807847895585284,25.833333333333336,4.0,8.333333333333334,13.5,86.96590872314013,4.0,0.0,1.1666666666666667,7.166666666666667,0.0,1.5,0.5,11.5,0.0,0.0,24.0941325435036,37.03844284630319
2847.0,828.6666666666666,2192.969460198746,0.377874239339186,412.5,37.833333333333336,8.166666666666666,366.5,516.3536414294052,33.0,4.833333333333333,6.833333333333333,1.3333333333333333,19.5,69.0,49.0,229.0,0.0,0.0,50.79857464956552,53.055066779839706
2849.0,432.0,1258.458837120759,0.3432770204771872,851.3333333333335,240.33333333333331,12.333333333333334,598.6666666666667,931.3292424514938,223.83333333333331,16.5,9.5,2.833333333333333,63.5,44.833333333333336,148.33333333333334,342.0,0.0,0.0,52.13360606838518,27.862303049775267
2850.0,86.5,279.50567617147544,0.30947493154640854,1141.3333333333333,94.5,36.33333333333333,1010.5,1195.4424562615118,80.83333333333333,13.666666666666666,16.0,20.33333333333333,109.66666666666669,171.66666666666666,363.5,365.6666666666667,0.0,0.0,48.60333195290729,5.505790975271352
2846.0,368.8333333333333,776.1828343372416,0.4751887274707236,791.1666666666667,205.33333333333331,46.83333333333333,539.0,861.276748819478,157.5,47.833333333333336,16.0,30.83333333333333,71.5,58.0,66.33333333333333,343.1666666666667,0.0,0.0,46.08514625250657,24.02493590030477
2856.0,251.0,603.9080888283869,0.41562616007835407,1198.6666666666663,257.6666666666667,81.16666666666666,859.8333333333333,1272.067876084902,110.33333333333331,147.33333333333334,79.33333333333333,1.8333333333333333,121.33333333333331,249.0,212.5,277.0,0.0,0.0,57.38458548469907,16.01662393353651
2858.0,531.8333333333334,1474.421644853198,0.360706406603442,0.0,0.0,0.0,0.0,55.08772654881666,0.0,0.0,0.0,0.0,0.0,0.0,0.0,0.0,0.0,0.0,21.05240069005157,34.03532585876509
2859.0,437.1666666666667,1335.8438410161568,0.327258810681135,55.0,0.0,0.0,55.0,106.84398152675364,0.0,0.0,0.0,0.0,0.0,55.0,0.0,0.0,0.0,0.0,23.98167847697837,27.862303049775267
2863.0,647.1666666666666,1738.3078453941598,0.37229692564605676,310.5,5.0,6.5,299.0,393.9515379509579,5.0,0.0,3.333333333333333,3.1666666666666665,59.333333333333336,0.8333333333333334,58.333333333333336,180.5,0.0,0.0,42.24218848385628,41.20934946710162
2864.0,226.66666666666663,704.187564389128,0.32188393849768776,893.5,5.166666666666667,1.6666666666666667,886.6666666666666,957.1897438193048,3.8333333333333335,1.3333333333333333,1.6666666666666667,0.0,201.66666666666663,188.83333333333331,142.16666666666666,354.0,0.0,0.0,49.34135251883353,14.348391300471327
2865.0,525.3333333333334,1373.958039591579,0.38235034709611165,1418.1666666666663,484.6666666666666,25.83333333333333,907.6666666666666,1529.9688723260936,392.3333333333333,92.33333333333331,23.33333333333333,2.5,57.66666666666666,111.0,163.0,576.0,0.0,0.0,78.10053396655333,33.70167169287388
2866.0,488.6666666666667,1272.3148253760587,0.38407684711386686,1713.1666666666667,364.5,51.833333333333336,1296.8333333333337,1835.855338555392,196.16666666666663,168.33333333333334,47.333333333333336,4.5,135.83333333333334,98.16666666666669,163.5,899.3333333333334,0.0,0.0,91.65646301749833,31.032208871226995
2867.0,285.0,686.3303614815841,0.41525191947616796,2292.333333333333,593.6666666666666,41.5,1657.1666666666667,2412.375794126386,413.5,180.16666666666663,35.166666666666664,6.333333333333333,118.16666666666669,235.33333333333331,238.5,1065.1666666666667,0.0,0.0,102.0237588678246,18.01870192522858
2873.0,456.0,1273.025191176421,0.3582018668292053,71.00000000000001,1.1666666666666667,0.0,69.83333333333334,122.22483856019316,1.0,0.1666666666666666,0.0,0.0,11.666666666666666,28.83333333333333,1.3333333333333333,28.0,0.0,0.0,22.19470768065821,29.030130879534934
2874.0,613.0,1340.424798577394,0.4573177105128038,1509.1666666666667,232.0,36.5,1240.6666666666667,1637.879297980511,171.33333333333334,60.66666666666666,30.166666666666668,6.333333333333333,143.83333333333334,164.83333333333334,205.66666666666663,726.3333333333334,0.0,0.0,89.33837975924077,39.37425155460356
2884.0,667.3333333333334,1395.718157580195,0.4781290045622909,42.0,2.0,0.0,40.0,113.1235986440584,2.0,0.0,0.0,0.0,1.0,0.0,26.0,13.0,0.0,0.0,28.078921822679025,43.044676821379376
2885.0,13.666666666666666,29.25944778548215,0.4670855980217011,1515.3333333333333,288.8333333333333,74.5,1152.0,1576.8611762069656,234.5,54.333333333333336,39.66666666666666,34.833333333333336,220.33333333333331,117.0,336.0,478.6666666666667,0.0,0.0,60.52680387778628,1.001038995846032
2896.0,0.0,0.0,0.0,1347.1666666666667,578.3333333333334,25.0,743.8333333333334,1400.4942260249866,489.5,88.83333333333333,22.83333333333333,2.1666666666666665,55.66666666666666,69.5,83.33333333333333,535.3333333333334,0.0,0.0,53.32755935831985,0.0
2883.0,405.6666666666667,1171.1213685569523,0.3463916529561119,126.83333333333334,2.0,4.166666666666666,120.66666666666669,173.9393988161299,2.0,0.0,2.1666666666666665,2.0,2.0,108.66666666666669,1.5,8.5,0.0,0.0,21.079051590799743,26.027013891996837
2897.0,21.5,45.57447793125123,0.4717552668937337,1220.5,597.8333333333334,13.0,609.6666666666666,1270.6653873943903,485.5,112.33333333333331,11.5,1.5,27.666666666666668,35.833333333333336,64.83333333333333,481.3333333333333,0.0,0.0,49.16434839854434,1.001038995846032
2875.0,85.66666666666667,200.2926585297458,0.42770747213355387,1039.3333333333333,76.66666666666667,45.66666666666666,917.0,1089.205075579046,64.0,12.666666666666666,9.666666666666666,36.0,243.16666666666663,168.83333333333334,115.5,389.5,0.0,0.0,44.53277845857269,5.338963787139947
2876.0,459.3333333333333,1084.3088703350395,0.42361853333488303,19.0,0.0,0.0,19.0,66.96489343818286,0.0,0.0,0.0,0.0,5.666666666666667,0.1666666666666666,13.166666666666666,0.0,0.0,0.0,18.934762558647925,29.030130879534934
2877.0,255.33333333333331,761.8477127018808,0.3351500950600714,0.0,0.0,0.0,0.0,40.42585134086477,0.0,0.0,0.0,0.0,0.0,0.0,0.0,0.0,0.0,10.135265698735632,14.10721107117832,16.183374570950825
2886.0,190.5,574.185949178022,0.3317740538108098,468.6666666666666,160.33333333333331,9.166666666666666,299.1666666666667,508.605541399928,67.5,92.83333333333331,8.5,0.6666666666666666,28.666666666666668,26.5,58.5,185.5,0.0,0.0,27.59279086626174,12.34608386699958
2898.0,70.0,175.05171016286866,0.39988184025664064,2986.5,1916.5,27.0,1043.0,3111.4947600045407,1052.5,864.0,4.333333333333333,22.666666666666668,255.0,36.333333333333336,116.5,635.1666666666666,0.0,0.0,120.99060402115684,4.004155983384128
2888.0,334.3333333333333,861.0955073571314,0.3882651000694069,1372.5,210.0,87.5,1075.0,1463.253928712147,153.5,56.5,20.83333333333333,66.66666666666667,276.8333333333333,113.0,136.5,548.6666666666666,0.0,0.0,69.398493882533,21.35543482961387
2899.0,570.1666666666666,1386.082320327043,0.41135122950860314,2649.6666666666665,973.5,56.5,1619.6666666666663,2813.658382059982,821.6666666666666,151.83333333333334,52.833333333333336,3.6666666666666665,177.16666666666666,163.83333333333334,227.83333333333331,1050.8333333333333,0.0,0.0,127.45386854307736,36.53784685023792
2900.0,203.0,545.2387745149706,0.3723139466384855,707.6666666666666,143.83333333333334,107.16666666666666,456.6666666666666,756.7285298965904,61.833333333333336,82.0,15.333333333333334,91.83333333333331,31.33333333333333,43.5,96.0,285.8333333333333,0.0,0.0,36.04835628392538,13.013506945998415
2901.0,7.0,17.669314313416347,0.39616704280849685,534.6666666666666,176.5,4.0,354.16666666666663,558.7736474650211,83.33333333333333,93.16666666666669,3.0,1.0,42.66666666666666,19.0,144.5,148.0,0.0,0.0,24.10698079835447,0.0
2902.0,0.0,0.0,0.0,3344.0,1263.3333333333337,62.66666666666666,2018.0,3476.3721241124103,616.0,647.3333333333334,46.66666666666666,16.0,130.0,190.33333333333331,259.6666666666667,1438.0,0.0,0.0,132.37212411241026,0.0
2905.0,422.6666666666667,1146.1338492644315,0.36877600896084406,0.0,0.0,0.0,0.0,50.75966423083297,0.0,0.0,0.0,0.0,0.0,0.0,0.0,0.0,0.0,0.0,23.898514871467,26.861149359365967
2906.0,835.1666666666666,1618.8143057830584,0.515912581006428,172.33333333333331,88.0,9.833333333333334,74.5,265.2715559285608,44.5,43.5,9.833333333333334,0.0,5.0,9.166666666666666,9.666666666666666,50.66666666666666,0.0,0.0,39.8831558153878,53.055066779839706
2904.0,468.5,1133.8336401478186,0.41319994698598056,242.0,18.83333333333333,22.666666666666664,200.5,300.98982993489614,17.0,1.8333333333333333,10.0,12.666666666666666,16.0,77.33333333333333,15.666666666666666,91.5,0.0,0.0,29.12541069692948,29.86441923796665
2907.0,454.8333333333333,1345.7224329366595,0.3379845072068747,105.5,4.5,1.1666666666666667,99.83333333333334,157.04413009487172,4.333333333333333,0.1666666666666666,1.1666666666666667,0.0,5.166666666666667,60.0,5.0,29.666666666666668,0.0,0.0,22.51399921533677,29.030130879534934
2903.0,198.16666666666663,436.9920656518113,0.4534788666496358,1299.6666666666663,359.66666666666663,13.5,926.5,1371.6377131077036,238.16666666666663,121.5,8.0,5.5,244.16666666666663,60.5,298.0,323.8333333333333,0.0,0.0,59.29119360838524,12.679852832651903
2851.0,374.0,1158.8831710784152,0.3227245069509198,1924.1666666666667,72.16666666666667,16.833333333333336,1835.1666666666667,2038.83070220384,60.0,12.166666666666666,13.833333333333334,3.0,96.83333333333331,184.83333333333331,1076.1666666666667,477.3333333333333,0.0,0.0,90.97263910819636,23.69139642897683
2861.0,110.0,250.4801090912147,0.43915662764240676,1820.6666666666663,540.1666666666667,71.83333333333333,1208.6666666666663,1904.0985013725017,218.0,322.1666666666667,53.0,18.83333333333333,111.16666666666669,145.0,244.83333333333331,707.6666666666666,0.0,0.0,76.42456173491298,7.007272970922226
2862.0,501.1666666666667,1244.054140403602,0.4028495628848402,174.16666666666669,18.166666666666664,4.666666666666667,151.33333333333334,240.77642383855425,17.333333333333332,0.8333333333333334,2.333333333333333,2.333333333333333,6.0,55.0,13.166666666666666,77.16666666666667,1.007592082052834,0.0,33.40224303086665,32.199922058968085
2852.0,8.5,25.185390015579667,0.3374972551444272,633.6666666666667,56.5,50.833333333333336,526.3333333333334,659.923988342953,44.66666666666666,11.833333333333334,27.666666666666668,23.166666666666668,91.0,56.333333333333336,134.33333333333334,244.66666666666663,0.0,0.0,25.756802230962236,0.500519445324098
2842.0,703.6666666666666,2211.323277799043,0.3182106721939972,648.6666666666667,58.16666666666666,16.666666666666668,573.8333333333334,808.2550528208851,16.0,42.16666666666666,4.666666666666667,12.0,125.16666666666669,33.666666666666664,293.1666666666667,121.83333333333331,0.0,50.67632849367816,63.86625891626061,45.04579874427964
2882.0,394.5,1046.4303596130148,0.37699594280300874,106.83333333333334,13.166666666666666,1.8333333333333333,91.83333333333334,166.537882907419,13.166666666666666,0.0,1.5,0.3333333333333333,11.833333333333334,12.166666666666666,10.0,57.833333333333336,0.0,0.0,34.67834539389771,25.02620418018795
2870.0,110.5,320.054957262486,0.34525320571546675,487.1666666666666,73.16666666666666,0.1666666666666666,413.8333333333333,629.3206407933044,3.333333333333333,69.83333333333333,0.0,0.1666666666666666,284.0,3.8333333333333335,81.33333333333333,44.66666666666666,0.0,111.48792269552824,23.65877846018722,7.007272970922226
2878.0,624.1666666666666,1809.6812233717567,0.3449042066667043,332.66666666666663,54.5,20.333333333333336,257.8333333333333,416.58311154270905,44.16666666666666,10.333333333333334,12.833333333333334,7.5,16.0,75.0,25.33333333333333,141.5,0.0,0.0,43.708019710223546,40.20842516581887
2879.0,117.16666666666669,324.5331646810088,0.36103141194161936,724.6666666666666,44.83333333333333,7.333333333333333,672.5,765.9979450594813,37.66666666666666,7.166666666666667,5.5,1.8333333333333333,48.5,157.33333333333334,136.66666666666666,330.0,0.0,0.0,33.82363886763087,7.507639525183731
2881.0,435.5,1249.109095187786,0.3486484900940768,0.0,0.0,0.0,0.0,65.93494557786236,0.0,0.0,0.0,0.0,0.0,0.0,0.0,0.0,0.0,0.0,38.072374889808096,27.862570688054277
2889.0,418.1666666666667,1117.2929452838778,0.37426770519921293,1480.3333333333337,3.333333333333333,6.666666666666666,1470.3333333333337,1590.180890330725,2.333333333333333,1.0,3.6666666666666665,3.0,280.6666666666667,47.66666666666666,186.33333333333331,955.6666666666666,0.0,0.0,82.98644599224377,26.86111100514819
2890.0,72.5,206.6873149716747,0.35077140563723375,1678.5,238.16666666666669,16.333333333333332,1424.0,1756.8183407925835,113.16666666666669,125.0,14.666666666666666,1.6666666666666667,424.0,87.33333333333333,384.8333333333333,527.8333333333334,0.0,0.0,73.31314581335347,5.00519497923016
2880.0,402.8333333333333,1120.8283371923333,0.3594068065252774,198.5,19.666666666666668,5.833333333333334,173.0,251.4971836273349,19.0,0.6666666666666666,3.8333333333333335,2.0,61.0,0.8333333333333334,34.833333333333336,76.33333333333333,0.0,0.0,27.303823901229308,25.693359726105623
2891.0,501.6666666666667,1443.5772838475204,0.34751632093405527,794.5,183.66666666666663,18.166666666666668,592.6666666666666,882.17535526099,158.16666666666666,25.5,8.333333333333334,9.833333333333334,159.16666666666666,131.33333333333334,103.0,199.16666666666663,0.0,0.0,55.64210739391709,32.03324786707302
2893.0,333.1666666666667,913.5472213896898,0.36469561601846145,545.1666666666666,51.5,2.333333333333333,491.3333333333333,601.1239830834405,50.66666666666666,0.8333333333333334,1.0,1.3333333333333333,201.33333333333331,138.16666666666666,20.33333333333333,131.5,0.0,0.0,34.76859397553013,21.188722441243574
2894.0,558.6666666666666,1656.391564051828,0.3372793479460066,0.0,0.0,0.0,0.0,59.31898239697034,0.0,0.0,0.0,0.0,0.0,0.0,0.0,0.0,0.0,0.0,23.61534751216551,35.703634884804835
2960.0,746.0,1898.422767322528,0.3929577820287804,559.1666666666666,98.16666666666669,362.3333333333333,98.66666666666666,658.882070722424,16.0,82.16666666666667,358.3333333333333,4.0,25.5,1.5,15.5,56.16666666666666,0.0,0.0,51.66553225514794,48.04987180060954
2911.0,419.1666666666667,1121.561480275301,0.3737348991013646,1285.5,331.83333333333337,47.333333333333336,906.3333333333334,1381.3411448161448,75.66666666666667,256.1666666666667,8.0,39.333333333333336,195.83333333333331,119.5,373.1666666666667,217.83333333333331,0.0,0.0,68.8130919283018,27.028052887842865
2910.0,335.3333333333333,950.1880614047463,0.35291259378441425,125.0,0.0,3.0,122.0,164.57789597850444,0.0,0.0,3.0,0.0,4.0,0.0,95.0,23.0,0.0,0.0,18.22253759440984,21.35535838409461
2916.0,457.1666666666667,1462.9550172582294,0.31249536812379736,801.8333333333333,352.1666666666667,12.833333333333332,436.8333333333333,880.7007477039416,263.1666666666667,89.0,10.166666666666666,2.6666666666666665,27.166666666666668,49.5,83.33333333333333,276.8333333333333,0.0,0.0,49.83728349107325,29.030130879534934
2915.0,469.0,840.5078775580422,0.5579959599695872,557.1666666666667,41.16666666666667,10.333333333333334,505.6666666666667,627.8192803304535,21.0,20.166666666666668,9.0,1.3333333333333333,55.833333333333336,61.333333333333336,217.5,171.0,0.0,0.0,40.62144378840571,30.031169875380964
2908.0,579.3333333333334,1615.4895975549864,0.35861161483809223,777.5,153.83333333333331,16.666666666666668,607.0,869.5811983139205,80.5,73.33333333333333,15.0,1.6666666666666667,29.83333333333333,127.16666666666669,157.83333333333334,292.1666666666667,0.0,0.0,55.042755467617305,37.03844284630319
2918.0,62.833333333333336,147.64005982746798,0.42558458325443854,1673.6666666666663,217.16666666666663,55.16666666666666,1401.3333333333333,1747.741604600859,201.16666666666663,16.0,50.66666666666666,4.5,39.0,32.166666666666664,72.83333333333333,1257.3333333333333,0.0,0.0,70.0707819508084,4.004155983384128
2917.0,349.6666666666667,843.6017728534447,0.4144925697393156,533.5,177.83333333333334,11.666666666666666,344.0,590.4832602664771,164.0,13.833333333333334,10.666666666666666,1.0,24.83333333333333,33.166666666666664,37.833333333333336,248.16666666666663,0.0,0.0,34.96040235786455,22.022857908612707
2981.0,226.33333333333331,506.7445649624342,0.4466418566326642,1817.8333333333333,575.1666666666666,53.16666666666666,1189.5,1913.26683229214,346.3333333333333,228.83333333333331,48.16666666666666,5.0,139.0,125.83333333333331,257.5,667.1666666666666,0.0,0.0,80.91843357163846,14.515065387168548
2961.0,320.5,1261.5879431739172,0.25404491358222914,25.0,0.0,0.1666666666666666,24.83333333333333,59.197808881918206,0.0,0.0,0.1666666666666666,0.0,0.0,24.83333333333333,0.0,0.0,0.0,0.0,13.676547610974952,20.52126127094326
2962.0,355.0,1052.745039234132,0.3372136526601551,548.5,0.1666666666666666,0.1666666666666666,548.1666666666666,608.2890404203313,0.1666666666666666,0.0,0.1666666666666666,0.0,0.0,516.8333333333334,0.1666666666666666,31.166666666666668,0.0,0.0,36.76514351587248,23.023896904458734
2964.0,645.0,1878.536877928059,0.3433523225327393,1341.6666666666663,482.5,42.5,816.6666666666666,1461.351656644513,99.0,383.5,40.5,2.0,31.166666666666668,135.5,268.0,382.0,0.0,0.0,78.64239114815928,41.042598829687314
2965.0,168.0,662.892040845389,0.2534349330635331,614.5,251.66666666666663,5.333333333333334,357.5,656.4862460680373,47.0,204.66666666666663,4.666666666666667,0.6666666666666666,14.0,134.83333333333334,34.0,174.66666666666666,0.0,0.0,30.97481711373096,11.011428954306352
2968.0,187.66666666666663,776.9417408004739,0.24154535251679987,362.1666666666666,234.3333333333333,4.0,123.83333333333334,396.4443473558103,8.666666666666666,225.66666666666663,3.0,1.0,5.833333333333333,17.5,15.833333333333334,84.66666666666667,0.0,0.0,22.265212738991305,12.012467950152384
2963.0,826.0,1951.202301822601,0.4233287338931697,17.0,0.0,0.0,17.0,103.42516081833664,0.0,0.0,0.0,0.0,0.0,17.0,0.0,0.0,0.0,0.0,33.37009403849694,53.055066779839706
2966.0,2.0,10.207164856474114,0.19594079532588884,15731.999999999998,10.166666666666666,32.5,15689.333333333332,16354.828655626485,8.0,2.1666666666666665,9.5,23.0,4.0,15636.666666666666,11.0,37.66666666666666,0.0,0.0,622.8286556264874,0.0
2970.0,472.0,1391.8872907412706,0.33910791709911314,14.666666666666666,0.6666666666666666,0.1666666666666666,13.833333333333332,83.12912139578705,0.3333333333333333,0.3333333333333333,0.0,0.1666666666666666,0.0,12.0,0.6666666666666666,1.1666666666666667,0.0,0.0,38.43128485373942,30.031169875380964
2972.0,840.3333333333334,1903.7078675869896,0.4414192679670346,2074.5,266.0,27.666666666666664,1780.8333333333333,2243.939431117079,145.66666666666666,120.33333333333331,24.83333333333333,2.833333333333333,80.0,586.1666666666666,188.0,926.6666666666666,0.0,0.0,115.38332534139307,54.05610577568573
2973.0,580.1666666666666,1714.9451567514625,0.33830041991876186,95.5,30.333333333333336,2.0,63.16666666666666,160.11807809092113,9.166666666666666,21.166666666666668,1.5,0.5,4.0,8.0,5.0,46.16666666666666,0.0,0.0,27.57963524461795,37.03844284630319
3004.0,487.8333333333333,1282.287196904143,0.380439993872762,161.16666666666666,12.166666666666666,6.666666666666667,142.33333333333331,218.0559907461523,0.1666666666666666,12.0,0.6666666666666666,6.0,1.0,44.16666666666666,84.0,13.166666666666666,0.0,0.0,25.857115208258666,31.032208871226995
2974.0,466.0,1532.931431341635,0.30399272300924296,148.83333333333334,20.333333333333336,5.5,123.0,203.20258993014596,16.666666666666668,3.6666666666666665,4.333333333333333,1.1666666666666667,6.166666666666667,11.166666666666666,10.5,95.16666666666669,0.0,0.0,24.33808672143164,30.031169875380964
3003.0,428.3333333333333,1259.309638317955,0.34013345113871524,0.0,0.0,0.0,0.0,47.15103695330433,0.0,0.0,0.0,0.0,0.0,0.0,0.0,0.0,0.0,0.0,19.622541065656616,27.528495887647708
2976.0,416.0,1390.1904684634774,0.2992395714378537,0.0,0.0,0.0,0.0,43.49538280482356,0.0,0.0,0.0,0.0,0.0,0.0,0.0,0.0,0.0,0.0,16.46732991698069,27.028052887842865
2978.0,288.0,1020.8998216831384,0.2821040751336207,119.66666666666666,30.5,8.166666666666666,81.0,153.82259989317686,7.0,23.5,0.0,8.166666666666666,5.833333333333333,1.0,67.0,7.166666666666667,0.0,0.0,16.137231301281616,18.01870192522858
2980.0,435.1666666666667,1424.9515951879869,0.30539049055154555,548.3333333333334,14.333333333333334,0.8333333333333333,533.1666666666667,615.2944228872506,2.5,11.833333333333334,0.3333333333333333,0.5,3.0,62.5,441.1666666666667,26.5,0.0,0.0,38.93199767022833,28.029091883688896
2977.0,388.5,1037.276561880132,0.37453849270036355,333.0,60.33333333333333,7.166666666666666,265.5,423.5909614021687,32.666666666666664,27.666666666666668,5.0,2.1666666666666665,80.5,48.5,20.33333333333333,116.16666666666669,0.0,0.0,65.73181369414925,24.8591477080194
2991.0,296.6666666666667,665.8522480179491,0.4455442893671353,1407.0,200.0,30.5,1176.5,1499.9571208401542,84.66666666666667,115.33333333333331,25.666666666666668,4.833333333333333,349.3333333333333,140.0,200.5,486.6666666666667,0.0,0.0,73.93737991907959,19.01974092107461
2992.0,205.66666666666663,432.862975888529,0.4751311110507866,61.833333333333336,15.833333333333332,1.8333333333333333,44.16666666666667,85.43487432661173,15.666666666666666,0.1666666666666666,1.0,0.8333333333333334,4.333333333333333,8.833333333333334,11.5,19.5,0.0,0.0,10.588034047279995,13.013506945998415
2994.0,116.16666666666669,254.8677527410792,0.4557919368664921,0.0,0.0,0.0,0.0,11.605700173226488,0.0,0.0,0.0,0.0,0.0,0.0,0.0,0.0,0.0,0.0,4.598427202304262,7.007272970922226
3002.0,0.0,0.0,0.0,2558.5,190.0,51.33333333333333,2317.1666666666665,2659.776949589424,153.33333333333334,36.66666666666666,44.16666666666666,7.166666666666667,94.83333333333331,252.5,1192.8333333333333,777.0,0.0,0.0,101.27694958942416,0.0
2913.0,332.5000002908081,882.1034778930278,0.3769399040178483,57.000000049852815,0.0,0.0,57.000000049852815,97.94032737308662,0.0,0.0,0.0,0.0,0.0,57.000000049852815,0.0,0.0,0.0,0.0,19.75160486345837,21.18872245977546
2914.0,377.3333333333333,1027.7511781680048,0.36714463709585865,115.16666666666669,0.1666666666666666,1.0,114.0,158.6869173929086,0.0,0.1666666666666666,1.0,0.0,16.0,90.33333333333331,2.6666666666666665,5.0,0.0,0.0,19.49531482593716,24.02493590030477
2921.0,493.8333333333333,1306.8899818516782,0.3778690939490112,393.5,120.66666666666666,3.166666666666667,269.66666666666663,461.49066918741926,9.833333333333334,110.83333333333331,2.833333333333333,0.3333333333333333,34.0,97.33333333333331,72.33333333333333,66.0,0.0,0.0,36.62484439934514,31.365824788074192
2982.0,244.0,648.749811880871,0.3761080088679939,1839.8333333333333,85.33333333333334,14.833333333333334,1739.6666666666667,1938.5056961661453,67.16666666666667,18.166666666666668,12.333333333333334,2.5,38.833333333333336,70.33333333333333,1268.5,362.0,0.0,0.0,82.65573889927572,16.01662393353651
2920.0,338.3333333333333,1254.7993965576932,0.26963141220938375,0.0,0.0,0.0,0.0,35.58244508857183,0.0,0.0,0.0,0.0,0.0,0.0,0.0,0.0,0.0,0.0,13.559587179959122,22.022857908612707
2923.0,0.0,0.0,0.0,478.5,72.83333333333333,19.666666666666668,386.0,497.4400804279805,61.66666666666666,11.166666666666666,16.5,3.1666666666666665,33.0,147.0,41.5,164.5,0.0,0.0,18.940080427980508,0.0
2925.0,380.0,932.0718402787296,0.4076938960910606,0.0,0.0,0.0,0.0,42.73399759001083,0.0,0.0,0.0,0.0,0.0,0.0,0.0,0.0,0.0,0.0,18.709061689706058,24.02493590030477
2984.0,331.6666666666667,637.5198539938908,0.5202452356406848,331.00000000000006,14.833333333333334,5.333333333333333,310.83333333333337,379.5869368786483,12.0,2.833333333333333,4.5,0.8333333333333334,5.0,12.666666666666666,258.6666666666667,34.5,0.0,0.0,27.56511796588168,21.021818912766676
2927.0,497.6666666666667,1333.020706038719,0.37333753662804053,67.16666666666666,8.166666666666668,1.1666666666666667,57.83333333333333,122.72554040760588,6.666666666666667,1.5,1.0,0.1666666666666666,3.0,7.833333333333333,4.833333333333333,42.16666666666666,0.0,0.0,23.525625873866197,32.03324786707302
2986.0,225.5,467.337879879283,0.48252027004155623,329.16666666666663,0.1666666666666666,1.3333333333333337,327.66666666666663,365.80439807480445,0.1666666666666666,0.0,0.1666666666666666,1.1666666666666667,0.0,165.66666666666666,156.16666666666666,5.833333333333333,0.0,0.0,22.623185466293386,14.014545941844448
2987.0,679.5,1510.86718591712,0.449741715442402,62.66666666666666,6.0,0.6666666666666666,56.0,205.75706101645252,1.8333333333333333,4.166666666666667,0.6666666666666666,0.0,2.833333333333333,11.333333333333334,20.33333333333333,21.5,0.0,0.0,99.5450067326042,43.54538761718168
2969.0,477.8333333333333,916.7816881177564,0.5212073272475287,546.8333333333334,57.16666666666666,6.666666666666666,483.0,664.4271033370036,44.16666666666666,13.0,5.333333333333333,1.3333333333333333,23.0,32.166666666666664,200.83333333333331,227.0,0.0,0.0,86.89540649107,30.698363512600118
2975.0,384.6666666666667,867.6695343822826,0.44333314865148665,805.6666666666667,299.83333333333337,6.5,499.33333333333337,877.8121244791711,137.33333333333334,162.5,2.1666666666666665,4.333333333333333,24.33333333333333,24.666666666666668,61.833333333333336,388.5,0.0,0.0,47.619964270376215,24.525493542128185
2988.0,298.8333333333333,645.5794275205382,0.46289166072260934,275.5,85.5,3.1666666666666665,186.8333333333333,376.2476442974416,81.33333333333333,4.166666666666667,2.5,0.6666666666666666,12.333333333333334,61.16666666666666,29.83333333333333,83.5,0.0,0.0,81.39444019283987,19.353204104601755
2990.0,107.16666666666669,283.6247977079548,0.377846604149948,1028.6666666666663,325.8333333333333,136.83333333333334,566.0,1081.468618821733,50.0,275.8333333333333,108.16666666666669,28.666666666666668,70.83333333333333,15.0,27.666666666666668,452.5,0.0,0.0,45.794679184144,7.007272970922226
2937.0,391.16666666702184,1094.5132440660961,0.35738870113060034,432.1666666670591,105.33333333342898,16.83333333334862,310.0000000002815,573.29670036017,80.66666666673991,24.666666666689064,16.6666666666818,0.16666666666681793,1.1666666666677261,16.6666666666818,84.3333333334099,207.833333333522,3.190344544781902,0.0,112.91321701437822,25.026472133950666
2938.0,339.6666666666667,1004.4452549766588,0.33816344393459236,169.33333333333331,29.83333333333333,54.83333333333333,84.66666666666667,226.52037531940985,25.0,4.833333333333333,21.666666666666668,33.166666666666664,8.0,4.166666666666667,18.666666666666668,53.833333333333336,1.8469332135353256,0.0,33.65094333149276,21.689165441048416
2940.0,400.5,1050.9216048342523,0.38109407795757083,68.0,0.0,0.0,68.0,112.91326817895516,0.0,0.0,0.0,0.0,0.0,68.0,0.0,0.0,1.007592082052834,0.0,18.54616172942358,25.35951436747874
2941.0,358.3333333333333,1125.4254573910414,0.3183981053387763,0.0,0.0,0.0,0.0,42.21649060179311,0.0,0.0,0.0,0.0,0.0,0.0,0.0,0.0,1.007592082052834,0.0,18.18496336623752,23.02393515350276
2943.0,561.8333333333334,1472.1325450959005,0.3816458886157791,0.0,0.0,0.0,0.0,69.6138935305801,0.0,0.0,0.0,0.0,0.0,0.0,0.0,0.0,0.6717283095630929,0.0,32.90464646562497,36.03751875539203
2944.0,134.66666666666666,351.337496667607,0.3832971656710811,0.0,0.0,0.0,0.0,18.83987116709728,0.0,0.0,0.0,0.0,0.0,0.0,0.0,0.0,0.0,0.0,10.164250921091297,8.675620246005982
2945.0,25.307132014856418,79.80391835950488,0.3171164090070305,57.658517270961525,5.087516229790722,0.13044913409719797,52.4405519070736,65.1392035559305,4.826617961596327,0.260898268194396,0.13044913409719797,0.0,5.348414497985118,22.43725106471806,2.7394318160411584,21.915454528329267,2.6286480352905217,0.0,3.285261623610392,1.5667766260680538
2948.0,2.0,5.283479752397567,0.3785384053175237,349.8333333333333,3.0,323.66666666666663,23.166666666666668,366.7834146084404,3.0,0.0,1.8333333333333333,321.8333333333333,0.0,14.833333333333334,0.3333333333333333,8.0,3.022776246158502,0.0,13.927305028948584,0.0
2950.0,37.66666666666666,94.70596010645174,0.3977222407579041,214.5,18.166666666666668,13.666666666666668,182.66666666666663,229.67391725841304,17.166666666666668,1.0,13.333333333333334,0.3333333333333333,5.5,98.33333333333331,11.0,67.83333333333333,3.022776246158502,0.0,9.982312383148146,2.168828629106376
2954.0,27.76728253872313,85.12240237474035,0.3262041691032317,3.469649801984546,0.8261070957106063,0.238653160983064,2.4048895452908754,15.554804413589428,0.7710332893298991,0.05507380638070708,0.238653160983064,0.0,0.0,0.20193729006259262,0.660885676568485,1.5420665786597982,7.386096259432692,0.0,3.014884885161309,1.6841734670108812
2957.0,85.83333333333333,248.7424226858653,0.3450691378114119,82.0,5.166666666666666,1.8333333333333333,75.0,109.67670551302766,4.833333333333333,0.3333333333333333,1.6666666666666667,0.1666666666666666,20.5,9.333333333333334,25.166666666666668,20.0,3.694003402064331,0.0,18.476261112026013,5.506440998937325
2952.0,465.5,1156.2730066193224,0.40258658408105147,135.16666666666666,36.333333333333336,22.166666666666668,76.66666666666666,188.9755368894952,33.333333333333336,3.0,5.0,17.166666666666668,7.666666666666667,10.5,7.333333333333333,51.16666666666666,0.0,0.0,23.77770034744758,30.031169875380964
2953.0,290.6666666666667,802.2432314917311,0.3623173811341313,68.5,0.8333333333333334,0.1666666666666666,67.5,105.7360784310686,0.8333333333333334,0.0,0.1666666666666666,0.0,0.0,65.0,1.0,1.5,0.0,0.0,18.716857060515935,18.519221370552675
2929.0,353.3333333333333,954.9193050057274,0.370013813189392,249.8333333333333,24.666666666666664,151.83333333333334,73.33333333333333,296.2353974014105,23.83333333333333,0.8333333333333334,65.66666666666667,86.16666666666667,5.0,2.5,6.333333333333333,59.5,0.0,0.0,23.878916050722182,22.52314801735496
2995.0,275.3333333333333,673.1070563102197,0.4090483538274459,175.0,19.5,4.5,151.0,210.8456088102448,17.166666666666668,2.333333333333333,3.333333333333333,1.1666666666666667,11.0,17.833333333333332,20.33333333333333,101.83333333333331,0.0,0.0,17.82690688501616,18.01870192522858
2997.0,218.0,507.2930328591039,0.4297319022328216,2121.333333333333,151.16666666666666,891.1666666666667,1079.0,2240.946581197656,105.33333333333331,45.833333333333336,19.83333333333333,871.3333333333334,74.5,146.0,357.8333333333333,500.6666666666667,0.0,0.0,105.76533786532856,13.84790999899341
3006.0,216.33333333333331,530.8049665574481,0.4075571009374117,273.5,47.333333333333336,20.5,205.66666666666669,307.07191051478424,45.5,1.8333333333333333,11.666666666666666,8.833333333333334,18.0,110.66666666666669,10.333333333333334,66.66666666666667,0.0,0.0,19.557364572939772,14.014545941844448
3018.0,132.83333333333334,399.2979384015505,0.3326672155260433,234.66666666666663,20.33333333333333,3.8333333333333335,210.5,351.3876827976863,18.0,2.333333333333333,3.333333333333333,0.5,13.166666666666666,14.666666666666666,25.0,157.66666666666666,0.0,0.0,108.37958527480974,8.341430856209904
3008.0,1910.3333333333333,4867.636472250401,0.3924560398509278,966.6666666666669,161.5,41.66666666666667,763.5,1295.01252826784,116.0,45.5,36.833333333333336,4.833333333333333,80.33333333333333,71.83333333333333,291.0,320.3333333333333,0.0,0.0,206.05185639048457,122.29400521068892
3007.0,296.5,698.1050376411418,0.4247211866596136,270.0,26.166666666666668,23.5,220.33333333333331,377.6126645827072,23.166666666666668,3.0,20.33333333333333,3.1666666666666665,17.5,35.333333333333336,32.5,135.0,0.0,0.0,88.59292366163255,19.01974092107461
3023.0,318.5,896.2847196167976,0.3553558294915183,0.0,0.0,0.0,0.0,32.79531015322934,0.0,0.0,0.0,0.0,0.0,0.0,0.0,0.0,0.0,0.0,12.607664956875814,20.187645196353525
3016.0,756.6666666666666,1461.2512702875267,0.5178210497074738,0.0,0.0,0.0,0.0,78.00238837379472,0.0,0.0,0.0,0.0,0.0,0.0,0.0,0.0,0.0,0.0,29.952516573185186,48.04987180060954
3021.0,935.0,2792.97581688093,0.3347683837249139,246.16666666666669,37.66666666666667,13.5,195.0,361.3225200758709,26.666666666666668,11.0,12.333333333333334,1.1666666666666667,12.333333333333334,50.5,47.333333333333336,84.83333333333333,0.3355904904920546,0.0,54.92459725464744,59.8956656640647
3022.0,167.0,508.4180580293232,0.3284698435915276,73.5,20.0,3.333333333333333,50.16666666666667,112.03501117317477,14.166666666666666,5.833333333333333,3.333333333333333,0.0,0.6666666666666666,1.6666666666666667,15.0,32.833333333333336,1.007592082052834,0.0,26.51599013681556,11.011428954306352
3025.0,1.0,2.2309986086242666,0.4482297730416984,1655.5,724.8333333333333,30.166666666666668,900.5,1722.0705193873168,350.8333333333333,374.0,27.166666666666668,3.0,58.833333333333336,99.33333333333331,120.5,621.8333333333334,0.0,0.0,66.57051938731688,0.0
2998.0,272.5,550.310671989787,0.49517484190286104,2228.1666666666665,165.16666666666666,28.0,2035.0,2382.173721200818,120.0,45.16666666666666,24.83333333333333,3.1666666666666665,70.5,1133.5,140.5,690.5,0.0,0.0,136.48910149602662,17.517953038124798
2999.0,249.0,548.5615172613051,0.4539144510959012,261.5,16.0,14.0,231.5,297.72507048602336,9.5,6.5,11.5,2.5,25.166666666666668,14.0,108.33333333333331,84.0,0.0,0.0,20.208446552486865,16.01662393353651
3000.0,336.0,715.1710163691041,0.4698176971794231,447.5,91.83333333333331,6.166666666666667,349.5,499.5368584930526,78.33333333333333,13.5,5.0,1.1666666666666667,22.83333333333333,33.0,56.333333333333336,237.33333333333331,0.0,0.0,31.0150395802859,21.021818912766676
3001.0,363.0,1069.6368941424212,0.33936750124072185,52.833333333333336,5.5,1.8333333333333333,45.5,92.31806125427,5.166666666666667,0.3333333333333333,1.8333333333333333,0.0,5.0,13.333333333333334,5.333333333333333,21.83333333333333,0.0,0.0,16.46083101647793,23.023896904458734
3011.0,315.1666666666667,658.5022920111753,0.4786113434838554,460.6666666666666,93.0,20.0,347.66666666666663,512.0664413428119,80.33333333333333,12.666666666666666,16.166666666666668,3.8333333333333335,27.0,41.5,58.0,221.16666666666663,0.0,0.0,31.37899475922464,20.02077991692064
3012.0,279.1666666666667,574.7613273744557,0.48570885578178474,496.8333333333333,31.33333333333333,2.0,463.5,545.5699064478595,29.83333333333333,1.5,1.8333333333333333,0.1666666666666666,6.5,237.5,189.5,30.0,0.0,0.0,30.717871189297583,18.01870192522858
3020.0,423.0,1066.8526132093496,0.3964933813373847,289.5,25.0,88.0,176.5,345.3987233147578,23.166666666666668,1.8333333333333333,87.16666666666667,0.8333333333333334,14.0,7.166666666666667,78.0,77.33333333333333,0.0,0.0,28.87067042691492,27.028052887842865
3013.0,431.0,1276.477670806941,0.337647896126172,131.16666666666666,18.666666666666668,10.0,102.5,181.6155977688753,17.166666666666668,1.5,1.8333333333333333,8.166666666666666,4.0,56.16666666666666,12.0,30.33333333333333,0.0,0.0,22.75356993512805,27.69536116708059
3027.0,0.0,0.0,0.0,1155.1666666666667,119.83333333333331,413.83333333333337,621.5,1200.8940319177104,102.83333333333331,17.0,211.0,202.83333333333331,31.5,213.83333333333331,90.5,285.6666666666667,0.0,0.0,45.7273652510438,0.0
3033.0,0.0,0.0,0.0,968.1666666666669,70.0,253.5,644.6666666666667,1006.4924883834324,62.833333333333336,7.166666666666667,205.83333333333331,47.66666666666666,111.33333333333331,50.5,68.16666666666667,414.6666666666667,0.0,0.0,38.32582171676564,0.0
3034.0,0.0,0.0,0.0,98.5,0.0,98.5,0.0,102.39919620455493,0.0,0.0,0.1666666666666666,98.33333333333331,0.0,0.0,0.0,0.0,0.0,0.0,3.8991962045549218,0.0
3028.0,0.0,0.0,0.0,2776.5,177.16666666666669,40.333333333333336,2559.0,2886.406215186624,99.16666666666669,78.0,39.0,1.3333333333333333,893.3333333333334,28.33333333333333,1468.8333333333333,168.5,0.0,0.0,109.90621518662392,0.0
3035.0,759.1666666666666,2010.2265615804056,0.3776522911277338,252.16666666666663,23.5,51.16666666666666,177.5,370.58411467752575,19.5,4.0,50.16666666666666,1.0,7.5,97.5,11.0,61.5,0.0,0.0,69.86732450829386,48.55012350256524
3037.0,0.0,0.0,0.0,57.5,8.333333333333334,5.166666666666667,44.0,62.79892886154113,6.166666666666667,2.1666666666666665,4.166666666666667,1.0,4.5,11.333333333333334,10.666666666666666,17.5,3.022776246158502,0.0,2.276152615382628,0.0
3032.0,551.0000011237888,1670.6014327293533,0.32982133878790576,350.166667380847,0.3333333340131813,2.000000004079088,347.83333404275476,441.04395173726846,0.3333333340131813,0.0,0.0,2.000000004079088,86.83333351043375,227.83333379800945,23.333333380922692,9.83333335338885,0.0,0.0,55.67382481397255,35.20345954244894
3041.0,0.0,0.0,0.0,1660.1666666666663,148.66666666666666,452.5,1059.0,1725.8819451171669,93.33333333333331,55.333333333333336,354.5,98.0,507.6666666666667,194.0,49.333333333333336,308.0,0.0,0.0,65.71527845050002,0.0
3043.0,0.0,0.0,0.0,886.5,260.0,112.16666666666669,514.3333333333333,932.4415463055582,182.5,77.5,34.5,77.66666666666667,63.16666666666666,51.833333333333336,50.0,349.3333333333333,2.015184164105668,0.0,43.9263621414525,0.0
3044.0,0.0,0.0,0.0,575.3333333333334,36.0,436.0,103.33333333333331,598.1087985611277,35.5,0.5,361.1666666666667,74.83333333333333,47.16666666666666,5.166666666666667,6.166666666666667,44.833333333333336,0.0,0.0,22.775465227794516,0.0
3039.0,0.0,0.0,0.0,1445.1666666666667,238.5,736.3333333333334,470.33333333333337,1503.3831840103546,230.33333333333331,8.166666666666666,601.3333333333334,135.0,87.0,58.0,61.833333333333336,263.5,1.007592082052834,0.0,57.20892526163514,0.0
3051.0,344.1666666666667,1107.2859615661744,0.31082003982048895,702.1666666666667,110.16666666666669,199.5,392.5,794.774120043827,87.0,23.166666666666668,39.333333333333336,160.16666666666666,84.16666666666667,72.83333333333333,47.333333333333336,188.16666666666663,0.0,0.0,70.75153703578128,21.855916341379025
3045.0,0.0,0.0,0.0,1926.1666666666667,291.6666666666667,1190.5,444.0,2002.413639214756,28.666666666666668,263.0,952.5,238.0,168.66666666666666,17.166666666666668,124.0,134.16666666666666,0.0,0.0,76.24697254808888,0.0
3048.0,0.0,0.0,0.0,529.0,101.83333333333331,22.0,405.1666666666666,571.2890059393649,83.33333333333333,18.5,20.5,1.5,17.333333333333332,102.33333333333331,89.66666666666667,195.83333333333331,3.022776246158502,0.0,39.26622969320636,0.0
3050.0,0.0,0.0,0.0,20.5,2.833333333333333,14.166666666666666,3.5,23.32641594813277,2.6666666666666665,0.1666666666666666,9.166666666666666,5.0,0.0,0.1666666666666666,0.5,2.833333333333333,2.015184164105668,0.0,0.8112317840270983,0.0
3054.0,1.0,3.462149456942235,0.288837906172658,302.8333333333333,67.16666666666667,114.33333333333334,121.33333333333331,332.0512833142153,61.0,6.166666666666667,64.66666666666667,49.66666666666666,19.166666666666668,9.833333333333334,22.5,69.83333333333333,2.015184164105668,0.0,27.20276581677629,0.0
3056.0,426.0,1591.003986900131,0.2677554572506175,112.0,4.166666666666667,11.166666666666666,96.66666666666666,161.99143692540548,4.0,0.1666666666666666,0.0,11.166666666666666,10.166666666666666,50.5,3.5,32.5,0.0,0.0,22.62976812071543,27.361668804690066
3141.0,55.16666666666666,169.69267033432172,0.3250975222322773,758.3333333333333,216.66666666666663,139.0,402.6666666666666,822.2129903344356,154.16666666666666,62.5,24.666666666666668,114.33333333333331,46.5,30.33333333333333,45.333333333333336,280.5,1.3429101775864158,0.0,59.19967015082971,3.337076672686349
3061.0,0.0,0.0,0.0,287.83333333333337,78.5,59.333333333333336,150.0,324.72913768814766,41.66666666666666,36.833333333333336,10.833333333333334,48.5,15.166666666666666,7.333333333333333,26.166666666666668,101.33333333333331,2.015184164105668,0.0,34.88062019070868,0.0
3062.0,802.0,2334.433883265781,0.3435522444002713,87.0,6.0,1.3333333333333333,79.66666666666667,202.41356797476004,3.5,2.5,1.3333333333333333,0.0,2.1666666666666665,59.0,3.8333333333333335,14.666666666666666,0.8394781064761717,0.0,63.35197957938176,51.22211028890212
3063.0,414.1666666666667,990.576263126576,0.418106795088572,513.3333333333333,37.5,52.16666666666666,423.6666666666666,585.9081224852999,35.666666666666664,1.8333333333333333,4.166666666666667,48.0,16.5,32.0,201.66666666666663,173.5,0.0,0.0,46.21404454336152,26.360744608605145
3040.0,0.0,0.0,0.0,1501.3333333333333,0.5,1255.6666666666663,245.16666666666669,1560.763518689838,0.5,0.0,1187.3333333333333,68.33333333333333,0.0,0.5,0.3333333333333333,244.33333333333331,0.0,0.0,59.43018535650512,0.0
3046.0,238.33333333333331,764.8209068312007,0.31161979386885996,420.33333333333337,29.33333333333333,219.0,172.0,465.0966943227732,15.166666666666666,14.166666666666666,201.5,17.5,5.166666666666667,105.0,5.833333333333333,56.0,1.007592082052834,0.0,28.57328044121968,15.182488466167383
3148.0,326.3333333333333,826.5620580140616,0.3948080245993843,1854.5,389.33333333333337,520.1666666666667,945.0,1961.848912680022,252.83333333333331,136.5,131.0,389.1666666666667,127.66666666666669,133.5,102.0,581.8333333333334,0.0,0.0,86.32709376725533,21.021818912766676
3069.0,60.333333333333336,171.50066262452776,0.3517965027658415,2211.833333333333,901.1666666666669,110.66666666666666,1200.0,2333.625431699781,627.0,274.1666666666667,47.0,63.66666666666666,80.33333333333333,115.83333333333331,93.33333333333331,910.5,1.8470701885290053,0.0,116.1065513324744,3.838476845444731
3070.0,535.3333333333334,1524.9343481287467,0.3510533643564676,23.166666666666664,3.833333333333333,1.6666666666666667,17.666666666666664,80.84266404819874,1.3333333333333333,2.5,1.6666666666666667,0.0,4.333333333333333,0.0,3.6666666666666665,9.666666666666666,1.3434558545425748,0.0,22.132304350844564,34.20023717614494
3080.0,338.6666666666667,1210.9632856172204,0.2796671630668393,0.0,0.0,0.0,0.0,35.937415536655266,0.0,0.0,0.0,0.0,0.0,0.0,0.0,0.0,0.8395237152595622,0.0,13.40891731005822,21.68897451133748
3072.0,494.5,1406.1832967168884,0.35166112494334323,712.0,69.0,173.16666666666666,469.83333333333337,791.4587487736105,49.5,19.5,55.16666666666666,118.0,73.0,113.16666666666669,116.83333333333331,166.83333333333334,0.0,0.0,47.7590403778654,31.699708395745088
3082.0,317.43506891904616,1001.9329793744623,0.31682265725720565,657.0115630720192,85.33171243286958,46.07560106067354,525.604249578476,770.278141580585,51.005877769678825,34.32583466319075,3.73750245851281,42.33809860216074,13.172838240834862,36.8302356835737,195.4553323164416,280.14584333762576,4.701845090252637,0.0,88.37108161833571,20.193651799977747
3081.0,522.6666666666666,1551.154347681824,0.3369533582829999,53.66666666666666,13.333333333333334,3.1666666666666665,37.16666666666666,119.85125860143908,10.5,2.833333333333333,3.1666666666666665,0.0,0.0,2.1666666666666665,7.0,28.0,1.007592082052834,0.0,31.8090588239093,33.36794102881027
3094.0,75.20685684096823,215.37894026940668,0.34918389303474034,367.4321927361029,83.07162618381456,20.767906545953643,263.5926600063347,419.7742462294596,53.33296710617681,29.738659077637763,20.64501952497167,0.12288702098197417,1.2288702098197422,11.428492951323602,65.37589516241029,185.55940168278104,3.343240060125321,0.0,44.201691476324505,4.797121956906921
3073.0,257.0,568.1876993678452,0.45231531813506926,232.5,45.0,43.5,144.0,272.0606057613458,40.16666666666666,4.833333333333333,3.1666666666666665,40.333333333333336,27.166666666666668,24.666666666666668,9.166666666666666,83.0,0.0,0.0,23.210098220138395,16.35050754120741
3074.0,283.8333333333333,553.4365805830763,0.5128561126810575,854.6666666666666,84.66666666666667,77.66666666666667,692.3333333333333,918.2523604255854,41.333333333333336,43.333333333333336,6.166666666666667,71.5,20.33333333333333,243.5,251.33333333333331,177.16666666666666,0.0,0.0,45.56699183369015,18.01870192522858
3075.0,425.0,906.0741756711582,0.4690565203286904,41.833333333333336,0.0,0.0,41.833333333333336,102.17579316910331,0.0,0.0,0.0,0.0,0.0,41.833333333333336,0.0,0.0,0.0,0.0,33.14746522295091,27.194994612819087
3076.0,246.5,721.142491674195,0.3418187152274564,461.5,17.0,17.5,427.0,513.8757721230573,11.333333333333334,5.666666666666667,8.333333333333334,9.166666666666666,5.666666666666667,377.6666666666667,15.333333333333334,28.33333333333333,0.0,0.0,36.35888049869707,16.016891624360216
3078.0,238.16667135310365,678.6140018881156,0.3509604439201811,0.0,0.0,0.0,0.0,44.27620267512667,0.0,0.0,0.0,0.0,0.0,0.0,0.0,0.0,0.0,0.0,28.926504385947563,15.349698289179099
3085.0,228.16666734443214,643.5905210064623,0.3545214851636094,43.00000012773083,0.0,0.0,43.00000012773083,80.91650367108198,0.0,0.0,0.0,0.0,0.16666666716174733,42.83333346056908,0.0,0.0,0.0,0.0,23.06766919896676,14.848834344384398
3084.0,244.66666666666663,760.7595428633176,0.3216084095978601,26.666666666666668,2.0,7.166666666666667,17.5,57.42402132205894,2.0,0.0,1.0,6.166666666666667,2.0,2.333333333333333,1.1666666666666667,12.0,0.0,0.0,15.074346638702949,15.68300801668932
3089.0,201.83333333333331,578.8178387380029,0.3486992276765186,0.0,0.0,0.0,0.0,37.16929654395064,0.0,0.0,0.0,0.0,0.0,0.0,0.0,0.0,0.0,0.0,24.32288447690733,12.846412067043312
3092.0,131.3333327886549,408.1850374641868,0.3217495026386845,0.0,0.0,0.0,0.0,18.711127136952737,0.0,0.0,0.0,0.0,0.0,0.0,0.0,0.0,0.3363649247519988,0.0,10.032910808700683,8.341851403500055
3086.0,356.0,924.61698556898,0.38502429174057284,0.0,0.0,0.0,0.0,42.11543702962662,0.0,0.0,0.0,0.0,0.0,0.0,0.0,0.0,0.0,0.0,19.425079596495817,22.6903574331308
3099.0,100.0,320.3591005917572,0.31214970892127974,97.33333333333334,13.833333333333334,43.16666666666666,40.333333333333336,113.98438978219971,13.5,0.3333333333333333,8.666666666666666,34.5,7.833333333333333,2.1666666666666665,3.6666666666666665,26.666666666666668,0.0,0.0,10.31120655694298,6.3398498919233885
3111.0,168.16666666666666,472.36976241063775,0.3560064171094783,200.66666666666669,40.33333333333333,19.0,141.33333333333334,227.61673713643896,19.5,20.83333333333333,7.666666666666667,11.333333333333334,31.166666666666668,8.0,39.0,63.16666666666666,1.007592082052834,0.0,15.097723467565638,10.844754920153834
3108.0,469.6539414407761,1497.2456943737125,0.3136786054590921,16.381372216280994,2.1295783881165296,1.3105097773024799,12.941284050861983,66.4583209703202,1.6381372216280996,0.49144116648842984,1.1466960551396697,0.16381372216280987,0.0,7.2078037751636375,1.4743234994652896,4.259156776233058,0.8251530278437192,0.0,19.243038451448747,30.00875727474674
3115.0,248.83333333333331,579.3037182250416,0.4295386435560029,494.00000000000006,131.0,79.66666666666667,283.33333333333337,540.7550027240572,96.0,35.0,66.5,13.166666666666666,13.0,101.16666666666669,18.5,150.66666666666666,0.0,0.0,30.738378790520752,16.01662393353651
3110.0,503.75168989333235,1673.6539634591868,0.3009891536074486,13.598541243582915,3.8713033433690764,0.7683653782152461,8.958872521998591,78.42313877399826,1.5196130849939846,2.3516902583750916,0.5525004854615702,0.21586489275367587,0.0,0.33854153804864484,0.9842302709689219,7.636100712981024,0.014370691120969089,0.0,32.515998846805196,32.2942279924892
3119.0,424.0,1022.557387238417,0.4146466548396674,172.16666666666666,25.83333333333333,13.166666666666668,133.16666666666666,269.65917389072,24.33333333333333,1.5,9.0,4.166666666666667,13.833333333333334,19.166666666666668,10.333333333333334,89.83333333333333,1.511752092995424,0.0,68.78579824145024,27.194956889607656
3120.0,175.16666666666666,559.2553743934444,0.3132140962554869,321.1666666666667,46.333333333333336,10.333333333333332,264.5,352.1584230811904,43.333333333333336,3.0,3.5,6.833333333333333,16.0,30.666666666666668,69.66666666666667,148.16666666666666,0.0,0.0,19.64667329432621,11.345083120197566
3199.0,283.0,997.4337742393716,0.2837281103858867,0.0,0.0,0.0,0.0,38.05950455874371,0.0,0.0,0.0,0.0,0.0,0.0,0.0,0.0,0.6719098078556686,0.0,19.368892825659454,18.01870192522858
3122.0,67.5,229.72004917741228,0.29383591132644193,186.8333333333333,31.83333333333333,4.5,150.5,204.58616918812135,26.5,5.333333333333333,4.0,0.5,9.0,18.5,11.5,111.5,1.007592082052834,0.0,12.74143187314934,4.003811899585873
3125.0,114.44942309482919,347.32439075978914,0.3295173795438479,0.0,0.0,0.0,0.0,18.318291155438224,0.0,0.0,0.0,0.0,0.0,0.0,0.0,0.0,4.793833683846566,0.0,6.248126991152476,7.276330480439184
3095.0,190.2517867494203,576.1377744698324,0.33021925515037065,186.39039557567997,40.805512133309556,7.931506194709787,137.65337724766061,287.2128761237434,29.221338612088683,11.584173521220874,7.827144271095185,0.10436192361460242,0.3130857708438074,6.783525034949161,32.143472473297564,98.41329396857012,2.313992192061781,0.0,86.28732410907766,12.221164246923994
3103.0,0.6666666666666666,2.034083600183913,0.3277479188202439,1847.666666666667,204.33333333333331,241.5,1401.8333333333337,1922.3323440280024,167.83333333333334,36.5,221.5,20.0,72.83333333333333,128.66666666666666,557.8333333333334,642.5,0.0,0.0,74.6656773613358,0.0
3097.0,176.47052630259958,527.8178462986399,0.33433982488487585,157.27078163409018,18.975787201096363,67.08285602345684,71.212138409537,209.37935068328167,16.88242495849267,2.0933622426036935,54.7980709464452,12.284785077011657,7.4187061595647315,5.983619137300612,8.883191767668132,48.926621345003525,0.9789632208597302,0.0,39.83435379503109,11.295252033300605
3104.0,256.20278011092785,715.153133231596,0.3582488395921756,84.18334054705883,15.800304078459076,5.691507383100849,62.691529085498914,129.0272844613489,11.977649865928655,3.8226542125304217,5.606559511711285,0.08494787138956489,0.5946350997269545,5.096872283373895,14.016398779278212,42.98362292311985,1.027113631192417,0.0,27.404765907889114,16.412064375208505
3177.0,0.0,0.0,0.0,2211.166666666667,702.0,354.33333333333337,1154.8333333333337,2300.027327793869,403.5,298.5,349.6666666666667,4.666666666666667,113.66666666666669,140.0,133.16666666666666,768.0,0.0,0.0,88.86066112720262,0.0
3178.0,0.0,0.0,0.0,2627.5,1271.1666666666667,45.16666666666666,1311.1666666666667,2741.510176000284,824.5,446.6666666666667,42.5,2.6666666666666665,77.66666666666667,122.33333333333331,120.33333333333331,990.8333333333334,0.0,0.0,114.01017600028416,0.0
3106.0,233.16666666666663,623.5488537098284,0.37393488141214976,22.333333333333336,4.166666666666667,2.0,16.166666666666668,50.46283288481128,3.0,1.1666666666666667,2.0,0.0,0.0,8.166666666666666,2.333333333333333,5.666666666666667,0.0,0.0,13.11391461378747,15.015584937690482
3179.0,581.8333333333334,1608.1387001420624,0.36180544208154086,186.0,51.5,18.833333333333336,115.66666666666669,256.6091345644806,47.5,4.0,16.166666666666668,2.6666666666666665,20.5,23.666666666666668,22.0,49.5,1.007592082052834,0.0,32.39657844048991,37.20496404193782
3107.0,219.66666666666663,804.0226161688533,0.27320956183219386,0.0,0.0,0.0,0.0,29.548158750692423,0.0,0.0,0.0,0.0,0.0,0.0,0.0,0.0,0.6719098078556686,0.0,14.861741250036326,14.01450769280043
3188.0,313.5,1128.7453355447265,0.2777420115306227,58.66666666666666,0.0,0.1666666666666666,58.5,100.2731751963728,0.0,0.0,0.1666666666666666,0.0,0.0,58.5,0.0,0.0,2.686456928794888,0.0,18.89927168399061,20.02077991692064
3189.0,248.66666666666663,914.947919262868,0.27178231834988603,0.0,0.0,0.0,0.0,26.029568853798395,0.0,0.0,0.0,0.0,0.0,0.0,0.0,0.0,0.3356822741971652,0.0,9.844357367277285,15.849529212323946
3187.0,546.3333333333334,1410.404769223851,0.3873592498088204,427.0,98.16666666666669,7.0,321.8333333333333,507.5671881978491,21.666666666666668,76.5,6.0,1.0,22.33333333333333,48.0,44.0,207.5,0.0,0.0,45.698070955513145,34.86911724233597
3197.0,419.1666666666667,1346.5761495626346,0.3112832993535577,47.66666666666666,0.0,0.0,47.66666666666666,98.24184338993746,0.0,0.0,0.0,0.0,0.0,47.66666666666666,0.0,0.0,0.0,5.067632849367817,18.47949098606012,27.028052887842865
3198.0,169.5,594.0762968475981,0.28531688757729184,121.66666666666669,0.0,0.0,121.66666666666669,149.0436202006502,0.0,0.0,0.0,0.0,0.0,121.66666666666669,0.0,0.0,1.007592082052834,0.0,15.524721331537974,10.844640120392723
3207.0,277.6666666666667,759.4293016524063,0.3656254322324737,390.1666666666666,67.33333333333334,137.16666666666666,185.66666666666663,436.78891324456407,41.333333333333336,26.0,4.5,132.66666666666666,7.833333333333333,24.166666666666668,13.666666666666666,140.0,0.0,0.0,28.77029529008321,17.851951287814266
3212.0,408.5,1408.9432046913846,0.28993361736641327,46.0,4.5,0.0,41.5,111.69499008601385,4.333333333333333,0.1666666666666666,0.0,0.0,9.833333333333334,7.333333333333333,2.833333333333333,21.5,1.175843032623176,0.0,38.158784514687405,26.36036253870324
3213.0,93.66666666666669,279.4490427441429,0.3351833513075431,224.50000000000003,52.0,24.333333333333336,148.16666666666669,255.6278528639129,35.666666666666664,16.333333333333332,24.166666666666668,0.1666666666666666,0.3333333333333333,36.66666666666666,23.0,88.16666666666667,3.69473166279756,0.0,21.426772636565307,6.006348564550064
3200.0,103.83333333333331,312.0301904090141,0.33276694539469703,198.0,31.0,4.166666666666667,162.83333333333334,242.1402862690722,28.666666666666668,2.333333333333333,4.0,0.1666666666666666,8.5,29.0,10.333333333333334,115.0,2.18329813968233,0.0,35.45042595426995,6.506562175119924
3202.0,521.0,1620.491814688441,0.3215073320812598,102.83333333333334,27.166666666666668,13.5,62.16666666666667,161.72961588116118,22.5,4.666666666666667,12.833333333333334,0.6666666666666666,4.0,15.0,6.833333333333333,36.333333333333336,0.0,0.0,25.528341519017587,33.36794102881027
3232.0,124.5,368.94063412609086,0.337452664423649,316.83333333333337,61.333333333333336,139.0,116.5,342.3296951347119,58.833333333333336,2.5,58.66666666666666,80.33333333333333,22.33333333333333,11.0,6.666666666666667,76.5,0.0,0.0,17.485984437512716,8.010377363865848
3230.0,173.5,538.7237476179988,0.32205745665963537,39.5,7.833333333333334,5.5,26.166666666666668,70.12604149025513,3.1666666666666665,4.666666666666667,0.5,5.0,1.0,0.5,4.0,20.666666666666668,2.015184164105668,0.0,17.59935192629978,11.011505399849687
3221.0,552.6666666666666,1903.0197341541896,0.29041562562266504,0.0,0.0,0.0,0.0,58.58117204991981,0.0,0.0,0.0,0.0,0.0,0.0,0.0,0.0,0.0,0.0,23.21103828220106,35.37013376771875
3209.0,408.1666666666667,1151.319976545033,0.35452061545177366,112.5,26.166666666666668,6.666666666666667,79.66666666666666,177.80592432409776,20.666666666666668,5.5,3.8333333333333335,2.833333333333333,5.0,14.666666666666666,8.666666666666666,51.333333333333336,1.007592082052834,0.0,37.93670827319196,26.361623968852964
3219.0,393.1666666666667,1314.5547980793842,0.2990873162846452,113.66666666666666,4.666666666666667,1.3333333333333337,107.66666666666666,158.7555599287805,3.8333333333333335,0.8333333333333334,1.1666666666666667,0.1666666666666666,7.0,75.5,2.333333333333333,22.83333333333333,0.0,0.0,20.062918365963053,25.025974896150803
3224.0,399.6666666666667,1385.616405768665,0.2884396179222151,297.33333333333337,35.166666666666664,4.0,258.1666666666667,353.2837625482209,31.83333333333333,3.333333333333333,3.6666666666666665,0.3333333333333333,15.0,84.5,11.833333333333334,146.83333333333334,0.0,0.0,30.25706943623723,25.69335977865032
3225.0,454.6666666666667,1482.209729333989,0.30674921211788636,0.0,0.0,0.0,0.0,48.70161122863325,0.0,0.0,0.0,0.0,0.0,0.0,0.0,0.0,0.8394781064761717,0.0,18.831619909779874,29.030513212377205
3228.0,7.333333333333333,23.332377781022185,0.31429858551741924,0.0,0.0,0.0,0.0,7.676370386466249,0.0,0.0,0.0,0.0,0.0,0.0,0.0,0.0,7.0531445743698375,0.0,0.2892656537084217,0.3339601583879895
3227.0,8.333333332308287,24.74798460509536,0.33672775643284253,0.0,0.0,0.0,0.0,11.406784363628466,0.0,0.0,0.0,0.0,0.0,0.0,0.0,0.0,10.075920819288946,0.0,0.3298245486166223,1.0010389957228985
3250.0,56.833333333333336,170.6385037317042,0.33306277358533737,0.0,0.0,0.0,0.0,13.094270592863472,0.0,0.0,0.0,0.0,0.0,0.0,0.0,0.0,1.007592082052834,0.0,8.582927278187332,3.503751232623305
3242.0,132.33333333333334,383.3418538475085,0.3452097181800944,96.5,23.83333333333333,7.166666666666666,65.5,134.2733088032594,18.5,5.333333333333333,6.833333333333333,0.3333333333333333,4.0,2.333333333333333,11.166666666666666,48.0,4.366187577402181,0.0,25.231943664086643,8.175177561770573
3222.0,370.3333333333333,1050.196284645551,0.3526324923710081,232.16666666666669,33.333333333333336,18.333333333333336,180.5,320.221698444585,22.166666666666668,11.166666666666666,17.666666666666668,0.6666666666666666,0.5,24.5,21.0,134.5,1.5107508711653914,0.0,62.85162236387063,23.692658542882345
3175.0,0.0,0.0,0.0,1776.5,1006.5,18.33333333333333,751.6666666666666,1846.8229252438755,652.8333333333334,353.6666666666667,17.833333333333332,0.5,57.0,42.66666666666666,37.5,614.5,0.0,0.0,70.32292524387526,0.0
3181.0,44.0,100.6294375096714,0.4372477983469916,431.0,264.3333333333333,12.166666666666668,154.5,452.8063057716975,109.83333333333331,154.5,7.5,4.666666666666667,9.333333333333334,18.83333333333333,24.33333333333333,102.0,0.0,0.0,18.80318878415949,3.0031169875380965
3180.0,77.83333333333333,180.1477204589584,0.4320528349458936,844.5,221.33333333333331,29.83333333333333,593.3333333333333,886.5155308183193,159.0,62.333333333333336,27.83333333333333,2.0,44.0,69.66666666666667,131.83333333333334,347.8333333333333,0.0,0.0,37.01033583908914,5.00519497923016
3184.0,296.0,682.6949873527543,0.4335757629447106,294.3333333333333,66.83333333333333,28.166666666666668,199.3333333333333,336.7215305506038,35.166666666666664,31.666666666666668,26.0,2.1666666666666665,7.0,13.0,95.83333333333331,83.5,0.0,0.0,23.368456296195838,19.01974092107461
3185.0,320.3333333333333,643.0119018372316,0.49817636721508257,172.50000000000003,37.833333333333336,5.0,129.66666666666669,212.36311729831425,33.5,4.333333333333333,4.5,0.5,13.0,10.666666666666666,28.33333333333333,77.66666666666667,0.0,0.0,19.50864501900306,20.35447227931117
3186.0,180.33333333333331,370.7365544720876,0.48641907887966424,401.33333333333337,152.0,72.0,177.33333333333334,439.203814765548,53.5,98.5,71.83333333333333,0.1666666666666666,6.0,7.666666666666667,7.166666666666667,156.5,0.0,0.0,26.358456481867176,11.512024950347543
3195.0,266.3333333333333,719.7790470658257,0.3700209590971553,39.66666666666666,0.0,0.0,39.66666666666666,68.79724663002222,0.0,0.0,0.0,0.0,0.0,39.66666666666666,0.0,0.0,0.0,0.0,12.112917033973012,17.017662929382546
3194.0,248.66666666666663,673.9355959934642,0.36897689949156237,1102.5,258.8333333333333,43.333333333333336,800.3333333333333,1172.001093333285,147.5,111.33333333333331,35.5,7.833333333333333,88.0,117.33333333333331,161.16666666666666,433.8333333333333,0.0,0.0,53.484469399748775,16.01662393353651
3211.0,628.1666666666666,2070.849663638032,0.30333764816279063,543.0,112.16666666666666,9.666666666666668,421.1666666666666,630.56872448838,63.16666666666666,49.0,6.666666666666667,3.0,21.5,119.0,20.33333333333333,260.3333333333333,0.0,0.0,47.360299269908005,40.208425218472
3196.0,242.83333333333331,630.0762258005725,0.3854031042431258,117.0,27.83333333333333,0.0,89.16666666666666,148.4268387017276,27.83333333333333,0.0,0.0,0.0,0.0,83.83333333333333,0.0,5.333333333333333,0.0,0.0,15.91069612221372,15.516142579513897
3215.0,431.0,1154.722176281564,0.3732499547102369,1420.8333333333337,181.16666666666669,83.33333333333334,1156.3333333333337,1543.1611696059797,135.83333333333334,45.333333333333336,77.16666666666667,6.166666666666667,65.16666666666667,322.1666666666667,74.0,695.0,0.0,0.0,94.7994168305418,27.528419442104376
3206.0,176.16666666666666,444.6776833480911,0.39616709644671877,205.16666666666663,40.333333333333336,0.1666666666666666,164.66666666666666,231.6065023671393,15.166666666666666,25.166666666666668,0.1666666666666666,0.0,4.833333333333333,19.166666666666668,0.5,140.16666666666666,0.0,0.0,15.42840674616629,11.011428954306352
3208.0,208.16666666666663,524.4173437804872,0.3969484784122661,50.0,15.833333333333332,0.5,33.66666666666667,73.23307844076571,2.1666666666666665,13.666666666666666,0.3333333333333333,0.1666666666666666,2.0,4.166666666666667,12.0,15.5,0.0,0.0,10.219571494767298,13.013506945998415
3210.0,277.1666666666667,708.7267260607813,0.3910769221406454,25.666666666666664,1.0,0.0,24.666666666666664,55.67292841035712,1.0,0.0,0.0,0.0,1.0,1.3333333333333333,0.0,22.33333333333333,0.0,0.0,11.987559818461866,18.01870192522858
3216.0,259.8333333333333,641.7379504453753,0.4048900850464045,96.5,0.3333333333333333,0.3333333333333333,95.83333333333334,126.78886232955873,0.1666666666666666,0.1666666666666666,0.3333333333333333,0.0,0.0,93.5,0.6666666666666666,1.6666666666666667,0.0,0.0,14.105487758607884,16.183374570950825
3223.0,240.33333333333331,734.2689987473059,0.3273096559208576,0.0,0.0,0.0,0.0,24.696165721217756,0.0,0.0,0.0,0.0,0.0,0.0,0.0,0.0,0.0,0.0,9.513791949613642,15.18237377160411
3183.0,265.3333333333333,713.5817287027531,0.3718331379023573,832.0,190.8333333333333,12.5,628.6666666666667,897.5227766061664,82.33333333333333,108.5,11.5,1.0,54.0,38.333333333333336,195.16666666666663,341.1666666666667,0.0,5.067632849367817,43.43748082741607,17.017662929382546
3201.0,566.0,1762.912092873397,0.3210596843076095,16.333333333333332,0.0,16.333333333333332,0.0,75.4222317373293,0.0,0.0,15.0,1.3333333333333333,0.0,0.0,0.0,0.0,0.0,0.0,23.052794232563844,36.03610417143212
3191.0,312.1666666666667,813.0826444558693,0.3839298118035402,335.49999999999994,51.66666666666666,21.666666666666664,262.16666666666663,384.15656846635545,39.66666666666666,12.0,20.33333333333333,1.3333333333333333,24.83333333333333,76.33333333333333,27.166666666666668,133.83333333333334,0.1678406935789758,0.0,28.46771841407615,20.02100935870033
3182.0,135.16666666666666,368.2498561877997,0.3670515124321854,95.5,2.6666666666666665,1.8333333333333333,91.0,113.64033442333432,2.6666666666666665,0.0,1.5,0.3333333333333333,9.0,67.5,1.3333333333333333,13.166666666666666,0.0,0.0,9.130983460720016,9.00935096261429
3192.0,60.16666666666666,157.42118711817025,0.3822018355223161,109.83333333333334,0.0,0.0,109.83333333333334,120.56676758800428,0.0,0.0,0.0,0.0,0.0,109.66666666666669,0.0,0.1666666666666666,0.0,0.0,6.729278271286816,4.004155983384128
3203.0,313.3333333333333,1077.1411432774746,0.2908934778778734,48.833333333333336,0.0,0.0,48.833333333333336,84.69311254369528,0.0,0.0,0.0,0.0,0.0,48.833333333333336,0.0,0.0,0.5034773589927508,0.0,15.335101247388494,20.02120060398069
3204.0,328.5,709.3092572606101,0.4631266216215539,299.0,25.666666666666668,6.833333333333334,266.5,349.8616902990373,22.166666666666668,3.5,4.5,2.333333333333333,9.666666666666666,18.5,190.16666666666663,48.16666666666666,0.0,0.0,29.83987138627065,21.021818912766676
3193.0,198.0,506.5893938351339,0.3908490829250124,749.3333333333333,155.83333333333334,73.33333333333334,520.1666666666666,799.8461775133778,136.83333333333334,19.0,13.0,60.333333333333336,49.66666666666666,66.5,67.5,336.5,0.0,0.0,37.49933723404599,13.013506945998415
3205.0,148.0,314.6079907088193,0.470426703614719,772.8333333333333,92.16666666666666,31.0,649.6666666666666,820.2947242005072,39.5,52.66666666666666,16.5,14.5,81.0,227.0,113.5,228.16666666666663,0.0,0.0,37.95148226273625,9.509908604437705
3233.0,220.0,675.7519388785264,0.3255632538252285,0.0,0.0,0.0,0.0,48.727975149489446,0.0,0.0,0.0,0.0,0.0,0.0,0.0,0.0,0.8398422851397552,0.0,33.707486308756906,14.180646555592787
3214.0,139.0,299.8592079364905,0.4635508809502354,945.6666666666666,141.16666666666666,58.0,746.5,998.7788750961786,89.83333333333333,51.333333333333336,55.333333333333336,2.6666666666666665,60.333333333333336,140.33333333333334,97.66666666666669,448.1666666666667,0.0,0.0,44.26960810431177,8.842600325199976
3239.0,772.1666666666666,2048.4583799453208,0.3769501368571999,121.83333333333334,38.5,5.833333333333333,77.5,264.1196131938128,27.5,11.0,5.833333333333333,0.0,0.5,4.333333333333333,13.166666666666666,59.5,1.847343470526692,0.0,91.05452400326782,49.38441238668492
3234.0,259.3333333333333,745.3838298507744,0.347919183308889,29.83333333333333,10.333333333333334,1.6666666666666667,17.833333333333332,105.16919983697252,7.666666666666667,2.6666666666666665,1.6666666666666667,0.0,0.0,0.8333333333333334,2.833333333333333,14.166666666666666,1.67927510373342,0.0,57.30719302876776,16.349398371138005
3240.0,95.83333333333331,277.7677594990964,0.3450124431508944,42.66666666666666,11.0,1.1666666666666667,30.5,95.0096366994144,8.5,2.5,1.1666666666666667,0.0,0.0,1.5,4.5,24.5,3.526936257101092,0.0,42.64262868638335,6.173405089263315
3236.0,294.5,879.1200881182968,0.3349940514160692,239.0,0.1666666666666666,56.0,182.83333333333331,279.30491393447204,0.0,0.1666666666666666,49.0,7.0,1.0,181.83333333333331,0.0,0.0,0.0,0.0,21.2851730133974,19.01974092107461
3237.0,256.5,762.7458267193089,0.33628502577752184,228.3333333333333,53.5,6.5,168.33333333333331,301.543929937451,50.16666666666666,3.333333333333333,5.333333333333333,1.1666666666666667,12.5,10.833333333333334,5.333333333333333,139.66666666666666,0.0,0.0,56.86024195397289,16.35035465014482
3238.0,30.5,80.43704722561746,0.3791785135330827,423.50000000000006,118.33333333333334,20.33333333333333,284.83333333333337,455.99289360945744,88.16666666666667,30.166666666666668,20.33333333333333,0.0,0.3333333333333333,14.166666666666666,53.0,217.33333333333331,2.015184164105668,0.0,28.475554955487315,2.002154489864455
3241.0,461.5,1288.7796553483893,0.3580906930713808,184.66666666666669,34.0,54.833333333333336,95.83333333333331,248.78119954398383,29.0,5.0,52.333333333333336,2.5,7.5,8.5,14.0,65.83333333333333,0.8393411314824917,0.0,33.7445031192785,29.53068862655618
3130.0,19.666666666666668,49.34997733392834,0.398514198569768,0.0,0.0,0.0,0.0,27.97695971412641,0.0,0.0,0.0,0.0,0.0,0.0,0.0,0.0,26.19739413337368,0.0,0.7785265849066961,1.001038995846032
3147.0,308.8333333333333,768.6904713838413,0.4017655282982155,210.8333333333333,35.33333333333333,94.5,81.0,260.58901702498,26.83333333333333,8.5,56.5,38.0,1.6666666666666667,4.5,21.33333333333333,53.5,0.0,0.0,30.06848144255329,19.687202249093385
3154.0,0.0,0.0,0.0,1308.5,560.8333333333334,227.5,520.1666666666666,1361.309984699437,545.0,15.833333333333334,215.66666666666663,11.833333333333334,151.5,24.166666666666668,62.66666666666666,281.8333333333333,1.007592082052834,0.0,51.80239261738465,0.0
3157.0,14.0,32.05576268424305,0.4367389457522305,0.0,0.0,0.0,0.0,5.585596311648064,0.0,0.0,0.0,0.0,0.0,0.0,0.0,0.0,4.030368328211336,0.0,0.5541889875906963,1.001038995846032
3152.0,4.667289462521724,11.499812121017607,0.40585788823380536,1933.3449757975545,435.60745143249034,711.7644492896892,785.973075075375,2018.5961614243602,416.711661816321,18.89578961616932,633.9102543168301,77.85419497285906,45.70423159475047,60.750804639769974,116.35223319813349,563.1658056427211,8.521378418847284,0.0,76.71586500419284,0.013942203765503612
3158.0,0.0,0.0,0.0,998.6666560379639,176.9999981162079,518.8333278114454,302.83333011031056,1038.1962455742112,170.49999818538672,6.499999930821194,466.3333283701974,52.49999944124811,57.99999938271219,19.666666457356435,27.33333304242758,197.83333122781426,0.0,0.0,39.52958953624733,0.0
3165.0,0.0,0.0,0.0,1458.8333333333337,188.5,716.0,554.3333333333334,1516.5791605718032,174.16666666666666,14.333333333333334,697.8333333333334,18.166666666666668,61.5,41.16666666666666,103.5,348.1666666666667,0.0,0.0,57.745827238469815,0.0
3155.0,14.0,32.05576268424305,0.4367389457522305,0.0,0.0,0.0,0.0,6.593188393700897,0.0,0.0,0.0,0.0,0.0,0.0,0.0,0.0,5.037960410264169,0.0,0.5541889875906963,1.001038995846032
3149.0,15.0,37.98006159812752,0.3949440671981302,0.0,0.0,0.0,0.0,6.632773321385947,0.0,0.0,0.0,0.0,0.0,0.0,0.0,0.0,5.037960410264169,0.0,0.5937739152757462,1.001038995846032
3150.0,13.0,32.833612428506335,0.39593572069801625,97.33333333333331,14.5,1.5,81.33333333333333,105.72456107570112,13.666666666666666,0.8333333333333334,1.5,0.0,6.833333333333333,16.166666666666668,6.166666666666667,52.16666666666666,3.022776246158502,0.0,4.36741250036327,1.001038995846032
3169.0,16.166666666666668,43.52134898438313,0.371465201422589,162.0,39.66666666666666,53.33333333333333,69.0,173.24339604549883,37.66666666666666,2.0,51.16666666666666,2.1666666666666665,11.333333333333334,5.5,5.833333333333333,46.333333333333336,3.022776246158502,0.0,7.052715524061391,1.1679042752789164
3161.0,5.666666666666667,14.966765658992497,0.3786166494336709,0.0,0.0,0.0,0.0,11.26227138279103,0.0,0.0,0.0,0.0,0.0,0.0,0.0,0.0,5.037960410264169,0.0,6.057560335112548,0.1667506374143116
3168.0,177.33333333333334,468.2413687456096,0.3787220548419262,0.0,0.0,0.0,0.0,93.88202952548376,0.0,0.0,0.0,0.0,0.0,0.0,0.0,0.0,3.1904804342881903,0.0,79.34359813295359,11.34795095824199
3166.0,2.0,2.820716485647412,0.7090397103631488,0.0,0.0,0.0,0.0,7.132314429739937,0.0,0.0,0.0,0.0,0.0,0.0,0.0,0.0,7.0531445743698375,0.0,0.0791698553700994,0.0
3167.0,2.0,2.820716485647412,0.7090397103631488,0.0,0.0,0.0,0.0,4.109538183581435,0.0,0.0,0.0,0.0,0.0,0.0,0.0,0.0,4.030368328211336,0.0,0.0791698553700994,0.0
3170.0,3.333333333333333,6.206001814028244,0.5371144632601558,0.0,0.0,0.0,0.0,6.313748722837548,0.0,0.0,0.0,0.0,0.0,0.0,0.0,0.0,2.015184164105668,0.0,4.29856455873188,0.0
3171.0,270.3333333333333,725.6372055502212,0.3725461308566042,0.0,0.0,0.0,0.0,150.7672146409314,0.0,0.0,0.0,0.0,0.0,0.0,0.0,0.0,2.350366370130065,0.0,131.0676729649614,17.34917530583992
3172.0,159.33333333333334,407.7255895256047,0.39078570839451177,15.666666666666666,3.833333333333333,0.6666666666666666,11.166666666666666,100.76193556396244,1.8333333333333333,2.0,0.6666666666666666,0.0,0.0,0.1666666666666666,1.3333333333333333,9.666666666666666,0.672183089853355,0.0,74.41395848873218,10.009127318710256
3174.0,3.0,8.74501539953188,0.3430525691424843,36.0,6.0,0.3333333333333333,29.666666666666664,40.398347911244834,5.833333333333333,0.1666666666666666,0.3333333333333333,0.0,3.0,5.0,1.6666666666666667,20.0,2.8546622705818394,0.0,1.543685640662992,0.0
3341.0,11.5,39.13054517368844,0.29388805979970484,0.0,0.0,0.0,0.0,4.47901597694013,0.0,0.0,0.0,0.0,0.0,0.0,0.0,0.0,3.022776246158502,0.0,0.4552007349355962,1.001038995846032
3348.0,12.0,40.45121604134799,0.2966536281068527,0.0,0.0,0.0,0.0,35.23052897509316,0.0,0.0,0.0,0.0,0.0,0.0,0.0,0.0,33.75447084702653,0.0,0.4750191322205969,1.001038995846032
3377.0,59.16666666666666,169.81494591135916,0.3484184878376416,142.66666666666669,29.83333333333333,5.166666666666667,107.66666666666669,197.17761072607644,22.33333333333333,7.5,5.0,0.1666666666666666,5.333333333333333,11.833333333333334,10.833333333333334,79.66666666666667,2.015184164105668,0.0,48.49129786687849,4.004462028425606
3375.0,38.66666666666666,107.60910906391092,0.35932521886880275,0.0,0.0,0.0,0.0,33.057588935172284,0.0,0.0,0.0,0.0,0.0,0.0,0.0,0.0,3.190936300062947,0.0,27.364322888916877,2.502329746192461
3376.0,48.66666666666666,136.213723046237,0.35728167161356444,120.16666666666669,30.5,8.0,81.66666666666667,156.5363816025757,21.666666666666668,8.833333333333334,8.0,0.0,0.3333333333333333,18.83333333333333,7.166666666666667,55.333333333333336,3.1905260430715807,0.0,30.17584246351962,3.00334642931778
3370.0,18.5,52.14725278669426,0.3547646138843273,22.33333333333333,4.333333333333334,0.1666666666666666,17.833333333333332,45.4735901506992,4.166666666666667,0.1666666666666666,0.1666666666666666,0.0,1.0,4.833333333333333,1.0,11.0,3.022776246158502,0.0,18.94969093794702,1.1677896332603437
3384.0,9.0,24.593613227300818,0.3659486679252686,0.0,0.0,0.0,0.0,4.380079591169982,0.0,0.0,0.0,0.0,0.0,0.0,0.0,0.0,3.022776246158502,0.0,0.3562643491654476,1.001038995846032
3386.0,4.5,13.253749960417318,0.33952655010388544,2.333333333333333,0.6666666666666666,0.1666666666666666,1.5,5.786019313789058,0.3333333333333333,0.3333333333333333,0.1666666666666666,0.0,0.0,0.0,0.3333333333333333,1.1666666666666667,2.015184164105668,0.0,1.4375018163500568,0.0
3394.0,0.0,0.0,0.0,0.0,0.0,0.0,0.0,5.037960410264169,0.0,0.0,0.0,0.0,0.0,0.0,0.0,0.0,5.037960410264169,0.0,0.0,0.0
3409.0,19.33333333333333,55.985992890832186,0.3453244701943868,0.0,0.0,0.0,0.0,24.61667780217868,0.0,0.0,0.0,0.0,0.0,0.0,0.0,0.0,2.3508208295194426,0.0,21.09783789761921,1.1680190750400268
3413.0,9.0,20.216365144641497,0.44518388620347604,0.0,0.0,0.0,0.0,8.410447919381317,0.0,0.0,0.0,0.0,0.0,0.0,0.0,0.0,7.0531445743698375,0.0,0.3562643491654476,1.001038995846032
3414.0,46.333333333333336,142.2311691542516,0.32576075700456497,93.83333333333331,1.0,8.0,84.83333333333333,107.74828078422205,1.0,0.0,3.1666666666666665,4.833333333333333,83.33333333333333,1.0,0.0,0.5,4.030368328211336,0.0,7.048403912660202,2.836175210017176
3416.0,138.0,429.74260575557327,0.32112245365424835,0.0,0.0,0.0,0.0,119.33205935763424,0.0,0.0,0.0,0.0,0.0,0.0,0.0,0.0,4.030368328211336,0.0,106.45859367684146,8.843097352581447
3417.0,107.33333333333331,341.7841264368608,0.3140383798753201,151.49999999999997,2.666666666666667,138.66666666666666,10.166666666666668,250.44516291284867,1.5,1.1666666666666667,133.16666666666666,5.5,1.3333333333333333,1.0,2.1666666666666665,5.666666666666667,4.030368328211336,0.0,87.90694798296344,7.007846601673921
3422.0,7.0,21.36159094928439,0.3276909485168519,917.6666666666669,648.3333333333334,139.5,129.83333333333331,955.2871253285244,601.3333333333334,47.0,97.5,42.0,101.83333333333331,4.5,8.5,15.0,1.007592082052834,0.0,36.61286657980477,0.0
3419.0,0.0,0.0,0.0,759.6666666666667,25.33333333333333,664.1666666666667,70.16666666666667,790.7436431190675,23.83333333333333,1.5,510.1666666666667,154.0,27.666666666666668,3.6666666666666665,4.5,34.333333333333336,1.007592082052834,0.0,30.06938437034813,0.0
3418.0,637.6666666666666,2021.371815906871,0.3154623318919597,369.1666666666667,37.0,120.0,212.16666666666669,597.2535827594754,27.666666666666668,9.333333333333334,23.0,97.0,122.66666666666669,7.333333333333333,17.333333333333332,64.83333333333333,3.022776246158502,0.0,184.18767961683892,40.87646022981126
3427.0,35.0,98.4574281660345,0.3554835897295373,0.0,0.0,0.0,0.0,12.234158384127095,0.0,0.0,0.0,0.0,0.0,0.0,0.0,0.0,1.8470701885290053,0.0,8.217991875668014,2.169096319930077
3415.0,38.333333333333336,142.1539107363272,0.2696607721502333,98.0,0.0,18.666666666666668,79.33333333333333,114.46713088229536,0.0,0.0,18.0,0.6666666666666666,79.33333333333333,0.0,0.0,0.0,9.068328738475506,0.0,5.396724152127793,2.0020779916920644
3433.0,94.66666666666669,297.3939627553307,0.3183207412470239,0.0,0.0,0.0,0.0,65.81012161507789,0.0,0.0,0.0,0.0,0.0,0.0,0.0,0.0,7.3884626699034195,0.0,52.41519542312077,6.006463522053712
3444.0,13.0,48.016005531485774,0.2707430544482807,172.0,0.1666666666666666,8.666666666666668,163.16666666666666,189.39257935605576,0.0,0.1666666666666666,6.166666666666667,2.5,161.16666666666666,2.0,0.0,0.0,9.068328738475506,0.0,7.323211621734202,1.001038995846032
3446.0,21.0,50.54579348330682,0.41546483995617617,157.99999999999997,1.0,6.166666666666666,150.83333333333331,170.11710937968124,0.0,1.0,4.0,2.1666666666666665,148.66666666666666,2.1666666666666665,0.0,0.0,4.030368328211336,0.0,7.085702055623904,1.001038995846032
3243.0,431.82461377450215,1129.220213565234,0.38240956775926155,171.01767783877239,52.16138718714595,8.162659826996121,110.6936308246303,310.90074849503054,38.52377259814023,13.637614589005713,8.162659826996121,0.0,0.6968124242557665,5.076776233863441,15.827596493809553,89.09244567270157,1.8054068949158155,0.0,110.57495924829166,27.502704513050627
3385.0,6.0,14.207164856474115,0.4223221213109129,0.0,0.0,0.0,0.0,6.283062058427302,0.0,0.0,0.0,0.0,0.0,0.0,0.0,0.0,6.045552492317004,0.0,0.2375095661102984,0.0
3245.0,482.8333333333333,1332.7198045075274,0.36229170730433624,443.1666666666666,95.16666666666666,19.666666666666668,328.3333333333333,555.3638428409699,82.83333333333333,12.333333333333334,17.0,2.6666666666666665,24.5,52.5,67.83333333333333,183.5,1.847115797312396,0.0,79.4845640517684,30.8654963252226
3246.0,10.333333333333334,32.358224203734224,0.31934179293253184,447.6666666666666,80.5,220.3333333333333,146.83333333333334,478.4626171834511,76.16666666666667,4.333333333333333,80.16666666666667,140.16666666666666,28.5,9.5,11.333333333333334,97.5,0.0,0.0,30.12868032884816,0.6672701879362458
3248.0,191.0,565.9260154887826,0.33749994658760457,33.33333333333333,3.0,21.83333333333333,8.5,65.08093383949839,2.5,0.5,21.83333333333333,0.0,0.5,0.5,1.1666666666666667,6.333333333333333,3.022776246158502,0.0,16.545567581138375,12.179256678868178
3256.0,833.166668910818,2333.2157666513162,0.3570894217411352,14.333333371940457,3.500000009427321,1.3333333369246936,9.500000025588443,142.77536184224275,3.333333342311734,0.16666666711558664,1.3333333369246936,0.0,0.0,0.5000000013467601,1.0000000026935203,8.000000021548162,1.8476158704617558,0.0,73.20515612881378,53.38925647102677
3249.0,302.0000003120652,865.3192950818216,0.3490041214018106,9.666666676655508,1.1666666678722166,0.8333333341944404,7.666666674588852,64.54898183372701,1.1666666678722166,0.0,0.8333333341944404,0.0,0.0,1.3333333347111047,0.0,6.333333339877747,3.0233219262387463,0.0,32.67311353222987,19.18587969860288
3277.0,92.83333333333331,295.82401609267896,0.3138127004003944,354.16666666666663,40.5,42.66666666666666,271.0,378.874358021661,33.833333333333336,6.666666666666667,36.66666666666666,6.0,17.166666666666668,136.33333333333334,34.0,83.5,1.007592082052834,0.0,17.693865297865262,6.006233975076193
3285.0,90.6666675018077,295.13641361924306,0.3072025792750101,0.0,0.0,0.0,0.0,120.29256355116273,0.0,0.0,0.0,0.0,0.0,0.0,0.0,0.0,4.366187617619633,0.0,110.0868540301324,5.839521903410697
3290.0,98.3333334110057,292.97694785697564,0.3356350529633126,153.5000001212479,14.833333345050013,3.333333335966295,135.3333334402316,179.64804757846392,13.166666677066866,1.6666666679831477,2.833333335571351,0.5000000003949443,8.000000006319109,18.833333348209564,17.83333334741968,90.66666673828325,1.0075920828487195,0.0,18.967394311481495,6.173061062885791
3281.0,177.83333333333334,571.496029245316,0.31117159915908704,0.0,0.0,0.0,0.0,58.23716508957827,0.0,0.0,0.0,0.0,0.0,0.0,0.0,0.0,2.8546622705818394,0.0,44.03734314808177,11.34515967091466
3267.0,186.42747800568256,524.8421511641368,0.35520675614977437,64.72065044737094,15.113338703369593,5.77862950422955,43.828682239771815,96.02863338233699,10.75714107710424,4.356197626265352,5.77862950422955,0.0,0.08890199237276228,4.445099618638116,6.756551420329935,32.538129208431,2.1498466462444017,0.0,17.232966644512242,11.92516964420937
3280.0,174.5,548.1852336988844,0.31832305810676403,22.33333333333333,3.5,0.1666666666666666,18.666666666666664,52.47626996176551,3.5,0.0,0.1666666666666666,0.0,0.6666666666666666,3.1666666666666665,1.1666666666666667,13.666666666666666,1.175843032623176,0.0,17.955587617497667,11.011505978311336
3279.0,365.1666666666667,1053.477115506705,0.3466298994933815,31.5,5.166666666666667,3.8333333333333335,22.5,71.73358690812094,3.8333333333333335,1.3333333333333333,3.8333333333333335,0.0,0.0,8.166666666666666,3.8333333333333335,10.5,0.8398422851397552,0.0,15.869557609780196,23.524187013200983
3265.0,76.46111222083303,220.82079597833217,0.34625865685374896,0.0,0.0,0.0,0.0,36.364695339633045,0.0,0.0,0.0,0.0,0.0,0.0,0.0,0.0,1.4519273531992687,0.0,29.954152130168257,4.9586158562655225
3297.0,208.83333333333331,609.2060201802623,0.3427959120816635,0.0,0.0,0.0,0.0,28.94664895693416,0.0,0.0,0.0,0.0,0.0,0.0,0.0,0.0,0.0,0.0,15.599526094088548,13.347122862845614
3295.0,340.33333338560897,927.6993459355966,0.3668573604979515,75.00000001152009,6.833333334382942,2.5000000003840035,65.66666667675315,145.48244872392124,6.3333333343061415,0.5000000000768007,1.500000000230402,1.0000000001536014,12.833333335304552,9.333333334766946,2.833333333768537,40.66666667291311,2.351138833622444,0.0,46.27573809104438,21.85557178773428
3291.0,120.16666666666669,390.4556888957989,0.3077600610878425,511.1666666666667,108.66666666666666,3.8333333333333335,398.6666666666667,544.1663596487826,75.83333333333333,32.833333333333336,3.8333333333333335,0.0,24.33333333333333,235.66666666666663,40.66666666666666,98.0,0.0,0.0,24.99138101534776,8.008311966768256
3296.0,219.0,711.019857826716,0.3080082751407105,36.83333333333333,0.3333333333333333,5.166666666666667,31.33333333333333,61.47501631192779,0.3333333333333333,0.0,5.166666666666667,0.0,23.83333333333333,0.6666666666666666,3.0,3.8333333333333335,0.0,0.0,10.627137036750009,14.014545941844448
3309.0,78.5,245.2317566670805,0.32010536101394615,0.0,0.0,0.0,0.0,16.795922217859513,0.0,0.0,0.0,0.0,0.0,0.0,0.0,0.0,2.015184164105668,0.0,9.942675992211491,4.838062061542355
3311.0,258.0,819.6439626353091,0.3147708172832526,15.666666666666668,4.5,0.6666666666666666,10.5,43.350122047458186,3.5,1.0,0.6666666666666666,0.0,0.1666666666666666,0.1666666666666666,2.333333333333333,7.833333333333333,0.0,0.0,11.166541338512758,16.516914042278763
3316.0,498.3333333333333,1554.8418089683037,0.3205042020731333,194.8333333333333,21.0,31.666666666666668,142.16666666666666,298.96904475903574,19.0,2.0,2.0,29.666666666666668,14.833333333333334,12.833333333333334,11.166666666666666,103.33333333333331,0.0,0.0,72.26974957779952,31.86596184790288
3317.0,287.1426846253654,919.3577607938337,0.3123296467062263,64.51991496642826,5.086029332939165,12.642415770448782,46.79146986304031,98.6580591522881,5.086029332939165,0.0,0.0,12.642415770448782,7.265756189913093,3.6328780949565465,1.017205866587833,34.875629711582846,0.0,0.0,15.80941487921986,18.328729306639993
3318.0,394.5,1299.3428454232303,0.3036150169214969,70.0,15.666666666666668,7.166666666666666,47.16666666666667,122.43685100920868,10.5,5.166666666666667,5.0,2.1666666666666665,3.5,11.0,2.6666666666666665,30.0,1.007592082052834,0.0,26.2368011895882,25.19245773756765
3288.0,270.0,781.8541498606327,0.34533294994741426,217.66666666666669,30.33333333333333,7.166666666666667,180.16666666666669,297.4868342276251,22.5,7.833333333333333,6.666666666666667,0.5,7.833333333333333,25.5,63.5,83.33333333333333,0.0,0.0,62.63579234840339,17.184375212555004
3284.0,350.6666666666667,1059.0716678781505,0.33110758912966404,0.0,0.0,0.0,0.0,323.4215783024142,0.0,0.0,0.0,0.0,0.0,0.0,0.0,0.0,2.1829339610187466,0.0,298.71480841946874,22.523835921926736
3271.0,462.1666666666667,1381.4404372128313,0.3345541756393968,66.33333333333333,15.0,17.5,33.83333333333333,348.1419994284667,14.166666666666666,0.8333333333333334,16.166666666666668,1.3333333333333333,6.333333333333333,1.8333333333333333,3.333333333333333,22.33333333333333,2.015184164105668,0.0,250.0976865351145,29.69579539591317
3272.0,707.1666662510402,2152.7693923628995,0.32849160191507903,23.333333319619516,7.666666662160701,2.333333331961952,13.333333325496868,348.99002061773353,6.499999996179724,1.1666666659809761,2.333333331961952,0.0,0.33333333313742175,0.6666666662748435,1.8333333322558196,10.499999993828785,3.0227762443819115,0.0,277.2527754217522,45.38113563197992
3270.0,165.16666666666666,471.140527085545,0.3505677333435537,552.3333333333334,179.66666666666666,63.0,309.6666666666667,607.5772536277725,121.5,58.16666666666666,23.666666666666668,39.333333333333336,20.666666666666668,31.666666666666668,19.5,237.83333333333331,0.0,0.0,44.565801317136334,10.6781189773028
3283.0,308.0,892.7554662248299,0.34499928776961847,300.6666666666667,134.33333333333334,12.833333333333332,153.5,356.61412930478417,129.5,4.833333333333333,6.0,6.833333333333333,7.833333333333333,71.0,4.333333333333333,70.33333333333333,0.0,0.0,36.25999275074511,19.687469887372384
3287.0,261.1666666666667,599.295988931754,0.43578911170788354,372.1666666666667,97.66666666666669,47.5,227.0,431.4200071978133,49.833333333333336,47.833333333333336,15.333333333333334,32.166666666666664,15.333333333333334,44.16666666666666,13.333333333333334,154.16666666666666,0.0,0.0,42.73619715228602,16.517143378860613
3286.0,280.0,718.949413701515,0.3894571643899373,227.33333333333331,75.5,26.333333333333336,125.5,281.09982843904686,49.833333333333336,25.666666666666668,2.1666666666666665,24.166666666666668,11.5,15.0,23.166666666666668,75.83333333333333,0.0,0.0,36.08156198839473,17.684933117318792
3292.0,277.6666666666667,645.3410552138326,0.4302634466277096,258.8333333333333,21.33333333333333,24.666666666666668,212.8333333333333,305.75417171521354,18.83333333333333,2.5,6.666666666666667,18.0,72.0,19.83333333333333,23.83333333333333,97.16666666666669,0.0,0.0,29.068887094065943,17.851951287814266
3293.0,407.0,1035.787105580171,0.3929378902356858,1742.3333333333333,127.0,45.5,1569.8333333333333,1854.7694925589608,102.0,25.0,20.0,25.5,67.33333333333333,151.83333333333334,906.6666666666666,444.0,0.0,0.0,86.57559003122508,25.860569194402085
3301.0,599.6666666666666,1751.8116051345962,0.3423123039652387,16.5,3.1666666666666665,0.5,12.833333333333332,100.93335039506393,1.8333333333333333,1.3333333333333333,0.5,0.0,0.0,1.5,1.3333333333333333,10.0,1.007592082052834,0.0,45.0515897906596,38.374168522351496
3304.0,298.8333333333333,953.7447163816832,0.313326331669807,80.5,10.0,13.0,57.5,154.40366579948778,10.0,0.0,1.0,12.0,4.0,9.0,1.1666666666666667,43.333333333333336,5.037960410264169,0.0,49.679022690652175,19.18668269857145
3303.0,589.6666667914614,1773.727099435564,0.33244497813621116,30.83333333985878,2.1666666671252113,5.16666666776012,23.500000004973447,118.30965062385663,2.000000000423272,0.16666666670193928,0.0,5.16666666776012,3.000000000634908,3.1666666673368473,0.16666666670193928,17.166666670299755,0.0,15.202898552893645,34.400343539621076,37.873075191483146
3432.0,330.3333333333333,1131.6218739830954,0.291911406917774,44.16666666666667,16.0,28.166666666666668,0.0,80.17994038871957,16.0,0.0,28.166666666666668,0.0,0.0,0.0,0.0,0.0,0.0,0.0,14.824551280809333,21.188722441243574
3426.0,748.5,2055.197171096011,0.36419863287415594,286.5,55.16666666666667,56.5,174.83333333333334,430.6867424597072,15.833333333333334,39.333333333333336,1.0,55.5,7.0,66.5,47.0,54.333333333333336,0.0,0.0,96.30346830025157,47.88327415945565
3431.0,251.33333333333331,835.5471200168557,0.3008009091435359,93.83333333333334,3.0,23.833333333333336,67.0,123.51341908476984,3.0,0.0,0.1666666666666666,23.666666666666668,11.166666666666666,26.166666666666668,20.83333333333333,8.833333333333334,0.0,0.0,13.663461817900007,16.01662393353651
3450.0,221.66666666666663,726.948306765841,0.30492768826005145,0.0,0.0,0.0,0.0,35.970330357989624,0.0,0.0,0.0,0.0,0.0,0.0,0.0,0.0,1.8469332135353256,0.0,19.775464622344497,14.3479325221098
3442.0,656.0,1961.6177355688976,0.334417857314973,58.833333333333336,0.0,0.0,58.833333333333336,143.00491892740192,0.0,0.0,0.0,0.0,0.0,58.833333333333336,0.0,0.0,0.0,0.0,41.96104413488458,42.21054145918401
3443.0,624.0000000889704,1985.610491748466,0.3142610308930709,0.0,0.0,0.0,0.0,74.08487489369905,0.0,0.0,0.0,0.0,0.0,0.0,0.0,0.0,0.16756829864439513,0.0,33.876320491321316,40.04098610373333
3282.0,642.6666666666666,2042.9570232033057,0.31457669415824585,166.50000000000003,97.5,33.66666666666667,35.333333333333336,262.2420795190435,21.666666666666668,75.83333333333333,18.166666666666668,15.5,1.6666666666666667,8.833333333333334,1.3333333333333333,23.5,0.0,0.0,54.532462413662834,41.20961710538062
3421.0,287.6666666666667,750.1322805607682,0.3834879182263945,1180.3333333333333,225.16666666666663,345.5,609.6666666666666,1269.6301601723376,164.0,61.16666666666666,18.0,327.5,55.833333333333336,217.0,64.33333333333333,272.5,0.0,0.0,70.94447074788415,18.35235609111979
3420.0,390.0,1052.728669543969,0.37046582968899655,618.1666666666666,82.66666666666667,102.16666666666666,433.3333333333333,710.9345283307478,33.833333333333336,48.833333333333336,7.333333333333333,94.83333333333331,19.666666666666668,226.5,16.166666666666668,171.0,0.0,0.0,67.74188676793021,25.025974896150803
3425.0,456.1666666666667,1140.797087216685,0.39986661236979615,355.0,138.83333333333331,43.0,173.16666666666669,456.30643912211497,135.66666666666666,3.1666666666666665,3.333333333333333,39.66666666666666,10.166666666666666,69.16666666666667,2.833333333333333,91.0,0.0,0.0,71.9423482419346,29.364090880180385
3424.0,412.3333333333333,1069.020814278436,0.3857112301519111,141.16666666666669,34.833333333333336,4.0,102.33333333333334,229.60306011675584,3.1666666666666665,31.666666666666668,0.6666666666666666,3.333333333333333,16.333333333333332,78.16666666666667,1.1666666666666667,6.666666666666667,0.0,0.0,62.2423995840962,26.193993865992997
3423.0,136.83333333333334,384.5525123151599,0.355824832633499,476.0,102.33333333333331,41.333333333333336,332.3333333333333,512.4348285533408,47.66666666666666,54.66666666666666,6.333333333333333,35.0,157.5,23.0,59.66666666666666,92.16666666666669,0.0,0.0,27.592954539583516,8.841874013757284
3430.0,394.1666666666667,876.493730335189,0.449708483956787,141.33333333333331,8.833333333333334,1.3333333333333333,131.16666666666666,202.5566584732593,0.0,8.833333333333334,0.0,1.3333333333333333,53.66666666666666,6.333333333333333,54.0,17.166666666666668,0.0,0.0,36.03098188654997,25.192343253375977
3436.0,288.8333333333333,819.9800627672042,0.35224433672033595,194.16666666666669,2.1666666666666665,2.0,190.00000000000003,232.138420326945,0.3333333333333333,1.8333333333333333,1.1666666666666667,0.8333333333333334,156.33333333333334,16.0,6.333333333333333,11.333333333333334,0.0,0.0,19.619397569158536,18.35235609111979
3438.0,219.66666666666663,615.9310626403447,0.35664164383106406,0.0,0.0,0.0,0.0,23.37722190899269,0.0,0.0,0.0,0.0,0.0,0.0,0.0,0.0,0.0,0.0,9.3627521497512,14.014469759241493
3435.0,561.5,1527.0518984542043,0.36770197566198776,0.0,0.0,0.0,0.0,65.76726838748515,0.0,0.0,0.0,0.0,0.0,0.0,0.0,0.0,0.6717283095630929,0.0,29.224733763445027,35.87080631447703
3440.0,115.5,317.5515044621106,0.3637205252598045,0.0,0.0,0.0,0.0,32.43078973640482,0.0,0.0,0.0,0.0,0.0,0.0,0.0,0.0,2.015184164105668,0.0,23.07456379344306,7.341041778856089
3449.0,24.5,55.41420477707183,0.4421249045901154,0.0,0.0,0.0,0.0,5.153802436791122,0.0,0.0,0.0,0.0,0.0,0.0,0.0,0.0,2.015184164105668,0.0,1.1365402809933902,2.0020779916920644
3470.0,8.666666666666666,21.79769082852764,0.3975956322549635,0.0,0.0,0.0,0.0,5.374396752765284,0.0,0.0,0.0,0.0,0.0,0.0,0.0,0.0,4.030368328211336,0.0,0.5098547081408001,0.8341737164131479
3478.0,570.8333333333334,1578.674919613382,0.3615901704912945,368.5,144.66666666666669,45.333333333333336,178.5,448.54386098849886,47.0,97.66666666666669,19.166666666666668,26.166666666666668,118.83333333333331,36.16666666666666,5.5,18.0,0.0,0.0,43.33891941702428,36.70494157147456
3457.0,653.6666666666666,1890.8479551426888,0.34570027954327986,120.83333333333334,8.0,15.0,97.83333333333334,217.39399159148095,4.833333333333333,3.1666666666666665,2.1666666666666665,12.833333333333334,58.5,3.8333333333333335,3.0,32.5,4.870119716685194,0.0,49.8138041393407,41.87673440212177
3453.0,6.166666666666667,13.962732515899605,0.4416518514298385,0.0,0.0,0.0,0.0,5.281954749710126,0.0,0.0,0.0,0.0,0.0,0.0,0.0,0.0,5.037960410264169,0.0,0.2439943394459567,0.0
3456.0,7.833333333333333,17.135796342391775,0.45713272828497997,0.0,0.0,0.0,0.0,5.341039539926669,0.0,0.0,0.0,0.0,0.0,0.0,0.0,0.0,4.030368328211336,0.0,0.8101516611933985,0.5005195505219341
3455.0,0.0,0.0,0.0,0.0,0.0,0.0,0.0,2.1818508307723343,0.0,0.0,0.0,0.0,0.0,0.0,0.0,0.0,2.015184164105668,0.0,0.1666666666666666,0.0
3469.0,7.666666666666667,20.11412165590814,0.3811584118769974,0.0,0.0,0.0,0.0,5.000930245724397,0.0,0.0,0.0,0.0,0.0,0.0,0.0,0.0,4.030368328211336,0.0,0.4701571667522369,0.5004047507608235
3477.0,197.33333333333331,543.2632415748881,0.36323704280318253,503.6666666666666,236.16666666666663,18.33333333333333,249.16666666666663,548.6103778921665,176.0,60.16666666666666,4.833333333333333,13.5,220.0,12.166666666666666,7.0,10.0,2.015184164105668,0.0,30.081923643872685,12.846603417521516
3484.0,415.1666666666667,1099.9254136820623,0.37744983569101553,246.33333333333337,87.5,6.166666666666666,152.66666666666669,354.8560289611005,32.833333333333336,54.66666666666666,2.6666666666666665,3.5,123.83333333333331,8.166666666666666,8.833333333333334,11.833333333333334,0.0,35.473429955011,46.35505809091114,26.694207581845045
3486.0,764.8333333333334,2128.0404999187394,0.359407320190823,0.0,0.0,0.0,0.0,96.49304775561627,0.0,0.0,0.0,0.0,0.0,0.0,0.0,0.0,0.0,0.0,47.44278719319829,49.050260562418
3501.0,390.99118660897875,1178.2771881432777,0.33183294265851004,11.814246264982375,0.6898829935756132,1.6384721097420816,9.485891161664679,55.03544468577274,0.3449414967878066,0.3449414967878066,0.8623537419695165,0.7761183677725649,4.398004084044534,3.1044734710902597,0.6036476193786616,1.3797659871512264,0.0,0.0,18.18671234378463,25.03448607700573
3483.0,433.1666666666667,1017.39543195268,0.4257603809320167,1444.6666666666667,22.0,22.166666666666664,1400.5,1563.1959389838064,1.0,21.0,10.666666666666666,11.5,1017.5,329.8333333333333,41.16666666666666,12.0,0.0,0.0,90.66712236871422,27.86214994842544
3482.0,852.3333333333334,2194.369154616775,0.38841838964975106,96.83333333333334,2.833333333333333,2.1666666666666665,91.83333333333334,235.79702021332028,0.0,2.833333333333333,2.1666666666666665,0.0,76.5,13.166666666666666,2.1666666666666665,0.0,0.1675682986205031,0.0,84.40819359546897,54.38792498589745
3489.0,2.6666666666666665,4.719742061627644,0.5650026276535636,0.0,0.0,0.0,0.0,4.136021778307724,0.0,0.0,0.0,0.0,0.0,0.0,0.0,0.0,4.030368328211336,0.0,0.1056534500963876,0.0
3490.0,56.833333333333336,160.1240131563294,0.35493323089427464,0.0,0.0,0.0,0.0,8.7781935416994,0.0,0.0,0.0,0.0,0.0,0.0,0.0,0.0,3.022776246158502,0.0,2.252010094062715,3.503407201478183
3497.0,136.66666666666666,391.7600672993247,0.34885297934729614,55.0,1.0,1.0,53.0,78.60281306991172,0.0,1.0,1.0,0.0,48.833333333333336,4.166666666666667,0.0,0.0,1.1756604488461058,0.0,13.584666937908276,8.842485683157328
3500.0,4.333333333333333,12.266620463319114,0.3532622001545824,711.1666666666666,50.16666666666666,22.333333333333336,638.6666666666666,790.5207917370094,26.33333333333333,23.83333333333333,15.333333333333334,7.0,599.1666666666666,13.666666666666666,20.83333333333333,5.0,3.022776246158502,0.0,75.9975800162745,0.3337688079097863
3495.0,65.0,168.56845761590702,0.3856000162741375,51.66666666666667,0.8333333333333334,1.1666666666666667,49.66666666666667,77.83507894358458,0.0,0.8333333333333334,1.1666666666666667,0.0,48.0,0.3333333333333333,1.3333333333333333,0.0,3.8622543526346735,0.0,18.30154337282482,4.004614551458419
3502.0,0.9999999985844776,0.9999999985844776,1.0,994.9999985915553,30.166666623965078,40.499999942671344,924.3333320249188,1052.1100586278653,4.49999999363015,25.666666630334927,23.499999966735224,16.99999997593612,860.6666654483737,18.999999973105076,31.833333288272534,12.833333315167463,0.0,0.0,57.11006003630999,0.0
3481.0,15.5,42.719325756828056,0.36283344190006445,59.66666666666666,0.8333333333333334,25.83333333333333,33.0,68.84796034893311,0.8333333333333334,0.0,4.0,21.83333333333333,30.83333333333333,0.5,0.1666666666666666,1.5,5.037960410264169,0.0,3.142294276156248,1.001038995846032
3452.0,3.5,6.646529201469941,0.5265906300729022,0.0,0.0,0.0,0.0,3.831561058958813,0.0,0.0,0.0,0.0,0.0,0.0,0.0,0.0,3.526299213934644,0.0,0.3052618450241695,0.0
3451.0,1.0,3.324562916880827,0.30079141980510943,0.0,0.0,0.0,0.0,6.252708745872651,0.0,0.0,0.0,0.0,0.0,0.0,0.0,0.0,6.213120790937507,0.0,0.0395879549351441,0.0
3468.0,858.1666666666666,2291.9727792457675,0.37442271323530657,64.0,0.0,0.0,64.0,173.89484476328053,0.0,0.0,0.0,0.0,0.0,64.0,0.0,0.0,0.0,0.0,55.004335829401946,54.89050893387857
3466.0,0.5,1.32090036260273,0.37852968638360385,205.0,5.0,9.5,190.5,215.1500362486297,0.1666666666666666,4.833333333333333,9.166666666666666,0.3333333333333333,144.66666666666666,42.5,3.1666666666666665,0.1666666666666666,2.015184164105668,0.0,8.13485208452405,0.0
3465.0,7.333333333333333,23.884838176938946,0.307028805429117,0.0,0.0,0.0,0.0,5.492728188949213,0.0,0.0,0.0,0.0,0.0,0.0,0.0,0.0,4.702051349891922,0.0,0.4571373677293525,0.3335394713279394
3474.0,431.0,1180.8612468267845,0.36498784354062347,28.0,0.0,1.0,27.0,94.199011981757,0.0,0.0,1.0,0.0,27.0,0.0,0.0,0.0,0.0,0.0,38.670286652329615,27.52872532942739
3467.0,871.6666666666666,2543.065838954837,0.3427621311703471,0.0,0.0,0.0,0.0,90.2299840283604,0.0,0.0,0.0,0.0,0.0,0.0,0.0,0.0,0.0,0.0,34.505645619609474,55.72433840875092
3472.0,592.3333333333334,1596.4718243440768,0.37102648747133277,154.83333333333334,0.6666666666666666,16.166666666666668,138.0,252.79245750359783,0.0,0.6666666666666666,4.333333333333333,11.833333333333334,133.66666666666666,2.1666666666666665,1.8333333333333333,0.3333333333333333,1.175160380673337,0.0,58.911347384617365,37.8726164049738
3471.0,3.1666666666666665,11.921158012255958,0.2656341492505229,1.0,0.0,0.0,1.0,5.361947269206599,0.0,0.0,0.0,0.0,1.0,0.0,0.0,0.0,4.030368328211336,0.0,0.331578940995263,0.0
3473.0,282.5,781.4985744103786,0.3614849844264134,164.16666666666669,51.83333333333333,24.666666666666668,87.66666666666667,227.86770418154225,32.166666666666664,19.666666666666668,1.5,23.166666666666668,39.333333333333336,3.0,41.16666666666666,4.166666666666667,0.0,0.0,45.51543211371481,18.185605401160775
3459.0,44.0,160.95256431914476,0.273372469622507,0.0,0.0,0.0,0.0,26.91187961084263,0.0,0.0,0.0,0.0,0.0,0.0,0.0,0.0,22.167025805162343,0.0,1.7417368181421888,3.0031169875380965
3461.0,113.16666666666669,412.726248839231,0.27419304438460473,73.0,0.0,32.0,41.0,139.93815493872904,0.0,0.0,32.0,0.0,17.166666666666668,23.83333333333333,0.0,0.0,52.39478826674736,0.0,7.536093701059457,7.007272970922226
3479.0,188.00000214105214,497.00236453524315,0.3782678223610761,0.0,0.0,0.0,0.0,50.79658944035513,0.0,0.0,0.0,0.0,0.0,0.0,0.0,0.0,1.0075920935278722,0.0,37.94335634470347,11.845641002123788
3464.0,21.33333333333333,77.00562214035385,0.27703604932183074,90.0,0.0,5.666666666666667,84.33333333333333,98.2633479033856,0.0,0.0,0.1666666666666666,5.5,74.33333333333333,8.0,2.0,0.0,2.855207947537999,0.0,4.40710096000155,1.001038995846032
3505.0,0.0,0.0,0.0,0.0,0.0,0.0,0.0,65.49348530497076,0.0,0.0,0.0,0.0,0.0,0.0,0.0,0.0,65.49348530497076,0.0,0.0,0.0
3508.0,140.33333333333334,475.0441548597102,0.2954111357812128,121.16666666666666,11.666666666666666,9.0,100.5,218.81113421088065,10.666666666666666,1.0,9.0,0.0,53.0,47.0,0.5,0.0,59.61600120791047,0.0,29.019077124645207,9.009389211658307
3510.0,20.83333333333333,60.22541253101932,0.34592263394797074,209.0,1.0,3.0,205.0,267.6239103433135,0.0,1.0,3.0,0.0,190.5,13.5,1.0,0.0,47.52489622327647,0.0,9.930995044997044,1.1680190750400268
3512.0,164.66666666666666,556.0013516733474,0.29616234955379905,0.0,0.0,0.0,0.0,35.08874726037253,0.0,0.0,0.0,0.0,0.0,0.0,0.0,0.0,7.89262268084601,0.0,16.684870934201307,10.511253645325212
3511.0,314.3333333333333,870.6418805182731,0.3610363116764127,17.0,0.0,1.0,16.0,63.83630619516616,0.0,0.0,0.0,1.0,14.0,2.0,0.0,0.0,4.534437442488028,0.0,22.28074475195924,20.021124000718896
3556.0,0.0,0.0,0.0,0.0,0.0,0.0,0.0,5.037960407193618,0.0,0.0,0.0,0.0,0.0,0.0,0.0,0.0,5.037960407193618,0.0,0.0,0.0
2728.0,0.0,0.0,0.0,2676.6666666666665,443.5,1240.1666666666663,993.0,3098.833026329932,415.3333333333333,28.166666666666668,1020.1666666666666,220.0,182.0,191.5,69.33333333333333,550.1666666666666,2.015184164105668,314.19323671742234,105.9579387817377,0.0
3552.0,0.9999999989611188,2.504272767422678,0.3993175232226354,109.99999988572307,13.666666652468622,22.999999976105734,73.33333325714872,195.4754975783975,6.833333326234311,6.833333326234311,8.33333332467599,14.666666651429741,41.333333290392915,3.4999999963639157,4.833333328312074,23.666666642079814,0.0,81.08212551823208,4.393372174442353,0.0
3515.0,53.833333329997494,147.39358903414248,0.3652352431524512,0.0,0.0,0.0,0.0,5.467775261309193,0.0,0.0,0.0,0.0,0.0,0.0,0.0,0.0,0.0,0.0,2.130927557369561,3.3368477039396307
2720.0,1087.5,3855.211605599436,0.2820856832918015,96.33333333333334,9.5,12.166666666666668,74.66666666666667,240.611610010245,5.166666666666667,4.333333333333333,6.666666666666667,5.5,9.833333333333334,34.666666666666664,14.5,15.666666666666666,1.8476158654851649,0.0,72.69169980496437,69.73896100646213
3509.0,50.333333333333336,143.07333388224038,0.35180093989255384,0.0,0.0,0.0,0.0,157.47806172974754,0.0,0.0,0.0,0.0,0.0,0.0,0.0,0.0,152.48258673234787,0.0,1.9923580098615696,3.0031169875380965
2909.0,411.1666666666667,903.5968435052584,0.455033314494169,1053.6666666666667,147.5,37.833333333333336,868.3333333333334,1139.0145680746034,120.16666666666669,27.33333333333333,34.833333333333336,3.0,86.66666666666667,136.66666666666666,124.66666666666669,520.3333333333334,0.0,0.0,59.15413687852574,26.193764529411144
2958.0,162.0,491.65568232801706,0.3294988867675056,59.0,0.0,0.0,59.0,82.43046531632497,0.0,0.0,0.0,0.0,0.0,59.0,0.0,0.0,0.6714097396829,0.0,12.415164343353126,10.343891233288945
3015.0,144.16666666666666,436.4788966672716,0.3302947009980303,141.83333333333334,10.166666666666668,10.166666666666666,121.5,162.33034139004587,9.333333333333334,0.8333333333333334,9.666666666666666,0.5,4.0,7.833333333333333,64.0,45.66666666666666,0.0,0.0,11.487657094098234,9.00935096261429
2318.0,659.6666666666666,2116.2948059862683,0.3117083049113465,0.0,0.0,0.0,0.0,73.8231164348698,0.0,0.0,0.0,0.0,0.0,0.0,0.0,0.0,0.0,0.0,31.27911205507496,42.54400437979485
2457.0,625.8333333333334,2112.568239875356,0.29624289597871556,19.833333333333336,2.5,3.0,14.333333333333336,113.27834258969494,1.6666666666666667,0.8333333333333334,1.5,1.5,5.166666666666667,5.5,1.8333333333333333,1.8333333333333333,1.007592082052834,0.0,52.39589569468529,40.04152147962351
2713.0,283.6666666666667,842.434966240145,0.33672233232755505,783.3333333333333,60.66666666666666,201.16666666666663,521.5,846.1039777561574,37.66666666666666,23.0,67.5,133.66666666666666,116.0,114.33333333333331,128.33333333333334,162.83333333333334,2.015184164105668,0.0,42.5698548050128,18.18560545370548
2712.0,88.16666666666667,265.85279839564447,0.33163715860329696,0.0,0.0,0.0,0.0,14.339427212747722,0.0,0.0,0.0,0.0,0.0,0.0,0.0,0.0,1.3431825725448885,0.0,7.156761302540953,5.839483337661881
2765.0,911.0,2155.343715956749,0.4226704043793825,650.3333333333334,195.83333333333331,15.0,439.5,771.0318907748181,148.33333333333334,47.5,4.833333333333333,10.166666666666666,270.1666666666667,43.16666666666666,31.83333333333333,94.33333333333331,0.0,0.0,62.63829568241482,58.06026175906987
2764.0,487.3333333333333,994.5329176165976,0.49001227078660176,538.0,74.16666666666667,16.333333333333332,447.5,622.2919579390617,69.0,5.166666666666667,8.5,7.833333333333333,352.5,20.83333333333333,23.666666666666668,50.5,0.0,0.0,53.09299853561822,31.19895940344347
2848.0,471.0,1374.74399591754,0.3426092431745027,541.1666666666667,51.5,81.5,408.1666666666667,613.0973748258633,7.833333333333333,43.66666666666666,69.66666666666667,11.833333333333334,91.66666666666669,4.5,174.0,138.0,0.0,0.0,41.8995382838156,30.031169875380964
3308.0,324.1666666666667,924.6543615535852,0.35058144983170636,7.666666666666667,0.6666666666666666,3.5,3.5,46.1625728981337,0.6666666666666666,0.0,1.5,2.0,3.0,0.0,0.0,0.5,0.8393411314824917,0.0,16.968362209262903,20.68820289072164
2321.0,22.33333333333333,61.3177808515745,0.3642227918748932,71.66666666666667,3.0,8.666666666666668,60.0,79.24074850767468,0.1666666666666666,2.833333333333333,7.666666666666667,1.0,55.833333333333336,2.0,2.1666666666666665,0.0,2.8546622705818394,0.0,3.71838057458014,1.001038995846032
2382.0,126.6345816305176,482.20930875858915,0.26261330781134984,58.44594353313962,0.6603488668855162,2.4308730879145792,55.354721578339536,83.03947734676342,0.468634679725205,0.19171418716031116,1.052898851069117,1.3779742368454622,46.56968735149995,6.249806228108976,1.3849428757687454,1.150285122961867,4.3582781133848165,0.0,12.503484702123423,7.7317709981155645
2441.0,655.8333333333334,2054.463920630716,0.3192235827300359,0.0,0.0,0.0,0.0,225.33624634884907,0.0,0.0,0.0,0.0,0.0,0.0,0.0,0.0,0.0,0.0,183.45912929829151,41.87711705055755
2446.0,539.3333333333334,1674.6595774518446,0.32205550345580136,29.0,0.0,0.1666666666666666,28.83333333333333,92.7006214189408,0.0,0.0,0.1666666666666666,0.0,21.83333333333333,2.0,0.0,5.0,0.0,0.0,29.16508200215056,34.53553941679025
2607.0,129.66666666666666,436.885732920851,0.2967976678930779,55.33333333333333,13.0,17.333333333333332,25.0,71.83299598699627,12.833333333333334,0.1666666666666666,16.833333333333332,0.5,4.0,2.0,2.333333333333333,16.666666666666668,0.0,0.0,8.157696521003464,8.34196613265947
2613.0,225.0,776.1109760601406,0.28990699389692026,48.0,0.0,0.0,48.0,73.49144732803353,0.0,0.0,0.0,0.0,0.0,48.0,0.0,0.0,0.5040691142766928,0.0,10.805966992479505,14.181411221277337
2553.0,45.833333333333336,125.8541476791542,0.36417817114918116,4558.499999999999,104.66666666666666,50.16666666666667,4403.666666666666,4743.765694202597,35.166666666666664,69.5,49.833333333333336,0.3333333333333333,2957.6666666666665,3.5,36.0,1406.5,0.0,0.0,182.26257721505908,3.0031169875380965
2648.0,301.6666666666667,771.2533723598931,0.39113821407823773,203.8333333333333,66.83333333333333,4.0,133.0,242.8633011124937,64.83333333333333,2.0,4.0,0.0,12.0,62.16666666666666,31.0,27.83333333333333,0.0,0.0,20.010226858085744,19.01974092107461
2722.0,362.1666670221198,950.3520979275387,0.38108682856796705,0.0,0.0,0.0,0.0,37.5276738066684,0.0,0.0,0.0,0.0,0.0,0.0,0.0,0.0,0.0,0.0,14.336988045535245,23.190685761133164
2725.0,318.0,1016.83857179282,0.31273400598811296,0.0,0.0,0.0,0.0,32.77556117073151,0.0,0.0,0.0,0.0,0.0,0.0,0.0,0.0,0.0,0.0,12.588030616396557,20.187530554334952
2715.0,240.16666666666663,616.3296311844566,0.3896724325992838,0.0,0.0,0.0,0.0,25.02256214370817,0.0,0.0,0.0,0.0,0.0,0.0,0.0,0.0,0.0,0.0,10.00697720601769,15.015584937690482
2700.0,228.83333333333331,716.615054732445,0.3193253223221363,68.33333333333334,2.333333333333333,0.8333333333333333,65.16666666666667,98.1117604651286,2.333333333333333,0.0,0.1666666666666666,0.6666666666666666,11.5,36.333333333333336,2.333333333333333,15.0,0.0,0.0,15.096572910713077,14.681854221082176
2701.0,278.1666666666667,771.9571338806645,0.360339524642139,85.66666666666666,6.666666666666666,9.166666666666666,69.83333333333333,118.91934580658246,6.333333333333333,0.3333333333333333,0.6666666666666666,8.5,11.0,24.5,3.1666666666666665,31.166666666666668,0.0,0.0,15.567746022597008,17.684933117318792
2687.0,376.0,1256.2278467105975,0.2993087607352018,34.833333333333336,0.0,0.0,34.833333333333336,75.45435778433607,0.0,0.0,0.0,0.0,0.0,34.833333333333336,0.0,0.0,0.0,0.0,16.59608855069796,24.02493590030477
2688.0,327.6666666666667,1095.0332305375125,0.2992298841066466,0.0,0.0,0.0,0.0,41.17022754292447,0.0,0.0,0.0,0.0,0.0,0.0,0.0,0.0,1.511252024822655,0.0,18.63692716355546,21.02204835454636
2681.0,475.1666666666667,1668.0789417364906,0.2848586207628833,0.0,0.0,0.0,0.0,50.84882441285375,0.0,0.0,0.0,0.0,0.0,0.0,0.0,0.0,1.007592082052834,0.0,19.476370093029413,30.364862237771494
2660.0,643.6666666666666,1848.3346993047787,0.3482414017919868,926.8333333333331,290.8333333333333,36.66666666666666,599.3333333333333,1040.2140889298494,40.66666666666666,250.16666666666663,6.833333333333333,29.83333333333333,311.3333333333333,34.833333333333336,189.66666666666663,63.5,0.0,0.0,72.17140612941454,41.20934946710162
2763.0,1857.1666666666667,3898.0052582179865,0.4764402671728795,2941.6666666666665,492.0,278.5,2171.1666666666665,3250.578710073532,114.0,378.0,100.83333333333331,177.66666666666666,1251.3333333333333,188.16666666666663,283.8333333333333,447.8333333333333,0.0,0.0,189.95492404427696,118.9571193625879
2570.0,402.1666666666667,1204.2269485256236,0.3339625202367819,1513.1666666666663,120.16666666666666,207.16666666666669,1185.8333333333333,1654.0257584299943,111.33333333333331,8.833333333333334,11.833333333333334,195.33333333333331,377.8333333333333,159.83333333333334,87.66666666666667,560.5,2.3510023278120187,0.0,112.8143855731755,25.693703862340143
2760.0,627.6666666666666,1904.4352724406413,0.32958151728741947,0.0,0.0,0.0,0.0,78.72258351760765,0.0,0.0,0.0,0.0,0.0,0.0,0.0,0.0,0.0,0.0,38.68117668000272,40.04140683760493
2782.0,357.8333333333333,1057.90257380138,0.33824790882918876,36.0,0.0,0.1666666666666666,35.833333333333336,75.61377575794629,0.0,0.0,0.1666666666666666,0.0,0.0,35.833333333333336,0.0,0.0,0.0,0.0,16.58987885348755,23.023896904458734
2751.0,134.16666666666666,371.9004365031319,0.360759637520718,1900.6666666666667,261.0,96.66666666666669,1543.0,1999.391982926637,154.5,106.5,11.666666666666666,85.0,63.833333333333336,6.5,50.0,1422.6666666666667,0.0,0.0,90.21659954244124,8.508716717529081
2762.0,178.16666666666666,292.5213516985117,0.6090723485043062,633.0,82.66666666666667,114.16666666666666,436.1666666666667,676.121539525625,55.833333333333336,26.83333333333333,4.333333333333333,109.83333333333331,27.666666666666668,35.0,105.33333333333331,268.1666666666667,0.0,0.0,32.110110571318785,11.011428954306352
2806.0,513.3333333333334,1341.1418878273907,0.3827584075872224,892.1666666666667,237.3333333333333,11.666666666666668,643.1666666666667,988.5027740737304,30.166666666666668,207.16666666666663,11.333333333333334,0.3333333333333333,110.83333333333331,22.666666666666668,90.66666666666669,419.0,0.0,0.0,63.46818884874082,32.86791855832295
2857.0,379.1666666666667,914.136728196736,0.4147811317182568,233.66666666666669,21.333333333333336,7.166666666666666,205.16666666666669,281.9508936011447,18.166666666666668,3.1666666666666665,6.833333333333333,0.3333333333333333,11.333333333333334,45.66666666666666,42.833333333333336,105.33333333333331,0.0,0.0,24.259291034173213,24.02493590030477
2892.0,622.6666666666666,1669.0800560723717,0.3730597968631336,236.5,0.0,6.0,230.5,318.2180932105737,0.0,0.0,6.0,0.0,29.666666666666668,159.66666666666666,10.166666666666666,31.0,0.0,0.0,41.84366634698906,39.874426863584695
2895.0,343.5,827.4471420729577,0.41513225743876325,0.0,0.0,0.0,0.0,38.95356758483418,0.0,0.0,0.0,0.0,0.0,0.0,0.0,0.0,0.0,0.0,16.930709676221475,22.022857908612707
2993.0,110.0,242.13535418923323,0.4542913626484837,67.66666666666667,0.0,0.0,67.66666666666667,81.70691365651768,0.0,0.0,0.0,0.0,0.0,67.66666666666667,0.0,0.0,0.0,0.0,7.0329740189287895,7.007272970922226
2919.0,345.8333321468077,929.227487955458,0.37217294648453736,0.0,0.0,0.0,0.0,35.879444234088794,0.0,0.0,0.0,0.0,0.0,0.0,0.0,0.0,0.0,0.0,13.856586401034697,22.0228578330541
2983.0,1.0,1.0,1.0,5991.000000000001,270.0,74.66666666666666,5646.333333333334,6228.1923990997375,101.0,169.0,8.833333333333334,65.83333333333333,144.66666666666666,224.33333333333331,4753.666666666667,523.6666666666666,0.0,0.0,237.1923990997362,0.0
2967.0,347.0,626.0436051201199,0.5542744900867099,276.6666666666667,2.833333333333333,1.0,272.83333333333337,323.3774231632085,2.333333333333333,0.5,0.6666666666666666,0.3333333333333333,14.833333333333334,184.83333333333331,37.5,35.666666666666664,0.0,0.0,24.6878985879291,22.022857908612707
2985.0,110.0,192.0716485647412,0.5727029513308026,1822.3333333333333,158.83333333333334,56.833333333333336,1606.6666666666667,1905.8309069949528,123.5,35.333333333333336,48.5,8.333333333333334,68.5,483.5,132.33333333333334,922.3333333333334,0.0,0.0,76.49030069069738,7.007272970922226
2989.0,344.8333333333333,758.2094751920663,0.45479955687177565,574.1666666666666,123.5,2.833333333333333,447.8333333333333,649.5686420491895,73.5,50.0,2.833333333333333,0.0,49.16666666666666,47.5,43.66666666666666,307.5,0.0,0.0,53.37900283189155,22.02297255063128
2946.0,467.6928688429894,1488.878668552316,0.3141242323645768,136.0081513491267,89.24581727599075,24.20288420368268,22.55944986945328,196.09972774224116,47.506715535299584,41.73910174069113,24.20288420368268,0.0,1.651585683202212,6.729416362051332,2.9272349434311304,11.251212880768609,0.7298105741153161,0.0,29.562755800357632,29.799010018641493
2951.0,274.8333333333333,769.8716320348217,0.35698592063579565,200.5,19.833333333333336,6.0,174.66666666666666,239.17619802384883,19.166666666666668,0.6666666666666666,4.333333333333333,1.6666666666666667,11.0,39.66666666666666,15.666666666666666,108.33333333333331,1.007592082052834,0.0,20.15030881987297,17.51829712192305
2956.0,43.899384678132265,134.9397750714699,0.32532575850879597,28.030350351915533,6.67389294093227,1.9280135162693224,19.428443894713936,50.77627144757371,6.228966744870119,0.44492619606215134,1.9280135162693224,0.0,0.0,1.631396052227888,5.339114352745816,12.457933489740238,2.689824673500663,0.0,17.23521209367359,2.8208843284839245
2959.0,108.5,330.4909812184599,0.3282994277180585,0.0,0.0,0.0,0.0,33.98682523693762,0.0,0.0,0.0,0.0,0.0,0.0,0.0,0.0,2.855026449245423,0.0,24.12467870785664,7.007120079835556
2996.0,354.5,881.1237011677691,0.40232716419973125,2358.166666666667,287.16666666666663,28.666666666666668,2042.3333333333333,2620.903202612548,171.66666666666666,115.5,24.0,4.666666666666667,203.0,749.1666666666666,199.33333333333331,890.8333333333334,0.0,0.0,240.2133880337244,22.52314791215712
3017.0,259.0,707.2506114442582,0.3662068237326834,78.66666666666667,2.1666666666666665,66.33333333333333,10.166666666666666,169.21672312409163,1.3333333333333333,0.8333333333333334,66.33333333333333,0.0,0.3333333333333333,0.1666666666666666,1.8333333333333333,7.833333333333333,0.0,0.0,74.19993130160452,16.350125155820436
3024.0,1.0,3.462149456942235,0.288837906172658,4525.0,902.6666666666666,133.5,3488.833333333333,4704.1618616135,651.6666666666666,251.0,124.33333333333331,9.166666666666666,299.6666666666667,302.6666666666667,473.8333333333333,2412.6666666666665,0.0,0.0,179.1618616135001,0.0
3038.0,55.66666666666666,156.33738687957376,0.3560675266342179,584.5,65.83333333333333,307.1666666666667,211.5,619.1785997892003,44.5,21.33333333333333,302.1666666666667,5.0,25.0,39.0,52.16666666666666,95.33333333333331,0.0,0.0,30.841232639729792,3.837367149470501
3083.0,50.5,152.4086061558952,0.33134611800297376,111.33333333333331,6.0,63.66666666666666,41.66666666666667,125.58463420520135,6.0,0.0,24.0,39.66666666666666,6.166666666666667,7.0,3.5,25.0,1.007592082052834,0.0,10.074032410143143,3.1696763796720417
3077.0,355.3333333333333,1039.8116083489797,0.34172856936799745,326.6666666666667,7.833333333333333,7.833333333333334,311.0,376.85427138853805,1.8333333333333333,6.0,6.166666666666667,1.6666666666666667,272.8333333333333,20.166666666666668,10.166666666666666,7.833333333333333,0.0,0.0,27.33045845482697,22.857146267044424
3088.0,377.6666666666667,1207.961584565631,0.31264791156622024,0.0,0.0,0.0,0.0,41.474899088943616,0.0,0.0,0.0,0.0,0.0,0.0,0.0,0.0,0.0,0.0,17.44996318863885,24.02493590030477
3087.0,217.83333333333331,645.423771908912,0.33750435421531993,0.0,0.0,0.0,0.0,22.46993136699983,0.0,0.0,0.0,0.0,0.0,0.0,0.0,0.0,0.0,0.0,8.62221250811303,13.847718858886802
3101.0,226.33333333333331,675.2637010316693,0.3351776987087278,41.0,3.0,4.0,34.0,67.26395112339131,3.0,0.0,0.0,4.0,10.833333333333334,2.0,0.0,21.166666666666668,0.0,0.0,11.748770936461652,14.515180186929657
3220.0,365.5,1291.6775639251682,0.28296535467358697,0.0,0.0,0.0,0.0,37.99286016990722,0.0,0.0,0.0,0.0,0.0,0.0,0.0,0.0,0.0,0.0,14.468635065404747,23.524225104502467
3226.0,262.5,834.9501545347076,0.3143900250503975,68.0,0.0,0.0,68.0,97.76676419956613,0.0,0.0,0.0,0.0,0.0,68.0,0.0,0.0,0.0,0.0,13.082717187030775,16.68404701253535
3251.0,18.83333333333333,58.50098922564819,0.3219318781207269,0.0,0.0,0.0,0.0,3.7541999910272814,0.0,0.0,0.0,0.0,0.0,0.0,0.0,0.0,1.007592082052834,0.0,1.7455689131284169,1.001038995846032
3269.0,434.054052727359,1359.3609405269635,0.3193074332112968,0.0,0.0,0.0,0.0,84.4363893697008,0.0,0.0,0.0,0.0,0.0,0.0,0.0,0.0,3.315184965231941,0.0,53.37913267130615,27.7420717331627
3153.0,0.0,0.0,0.0,3001.984518528917,363.40250870624664,279.79661531920004,2358.7853945034703,3120.8178326919183,307.11009443369335,56.292414272553344,240.15876148231334,39.63785383688666,89.10189833081668,1303.55244529963,142.06340051623667,824.0676503567868,0.0,0.0,118.83331416300095,0.0
3162.0,3.333333333333333,6.615769115395196,0.503846684367584,0.0,0.0,0.0,0.0,4.162271265693374,0.0,0.0,0.0,0.0,0.0,0.0,0.0,0.0,4.030368328211336,0.0,0.1319029374820383,0.0
3164.0,1.0,3.7354754679316975,0.2677035383004916,1264.0,277.5,450.6666666666667,535.8333333333333,1319.0725351322465,266.0,11.5,388.6666666666667,62.0,67.33333333333333,45.333333333333336,50.66666666666666,372.5,0.0,0.0,55.07253513224643,0.0
3355.0,23.0,56.92617946286035,0.4040320326609238,0.0,0.0,0.0,0.0,6.275920415524351,0.0,0.0,0.0,0.0,0.0,0.0,0.0,0.0,4.030368328211336,0.0,0.9109736201390436,1.3345784671739718
3360.0,10.5,27.32425244337605,0.38427400792607636,0.0,0.0,0.0,0.0,8.954593215343396,0.0,0.0,0.0,0.0,0.0,0.0,0.0,0.0,5.037960410264169,0.0,2.9155938092331937,1.001038995846032
3362.0,15.333333333333334,41.04864368130864,0.37354055964376026,0.0,0.0,0.0,0.0,29.131708433700084,0.0,0.0,0.0,0.0,0.0,0.0,0.0,0.0,3.1905260430715807,0.0,24.94014339478247,1.001038995846032
3410.0,538.6666666666666,1405.3279757216387,0.38330316906276646,179.0,24.33333333333333,61.333333333333336,93.33333333333334,246.9760544001574,21.5,2.833333333333333,4.333333333333333,57.0,23.666666666666668,9.5,5.333333333333333,54.833333333333336,4.030368328211336,0.0,29.410031539909653,34.53565453203644
3406.0,0.0,0.0,0.0,339.83333333333337,58.333333333333336,52.5,229.0,357.7975022788474,45.333333333333336,13.0,49.333333333333336,3.1666666666666665,16.333333333333332,24.0,26.0,162.66666666666666,2.015184164105668,0.0,15.948984781408326,0.0
3411.0,34.0,83.78971453603134,0.4057777280692284,400.33333333333337,41.66666666666666,239.0,119.66666666666666,421.5434698671321,40.5,1.1666666666666667,29.83333333333333,209.16666666666663,51.5,5.166666666666667,2.333333333333333,60.66666666666666,2.015184164105668,0.0,17.19287437800101,2.0020779916920644
3247.0,168.0000007763405,510.5230639037144,0.3290742625646108,107.00000049445497,17.666666748305648,9.666666711337054,79.66666703481226,132.92159050963488,11.833333388016047,5.8333333602896005,9.333333376463361,0.33333333487369143,0.6666666697473829,28.666666799137467,11.833333388016047,38.50000017791137,3.022776260126976,0.0,12.220962471751337,10.677851283301617
3299.0,217.5,677.8122187148593,0.32088533371732775,63.83333333333333,0.0,0.0,63.83333333333333,116.9981322603,0.0,0.0,0.0,0.0,0.0,63.66666666666666,0.0,0.1666666666666666,1.5111611281567578,0.0,37.80614822385183,13.847489574958091
3307.0,257.8333333333333,773.6566391059138,0.33326584469216436,48.0,0.0,0.0,48.0,86.29716204026099,0.0,0.0,0.0,0.0,0.0,48.0,0.0,0.0,1.007592082052834,0.0,20.772426474149707,16.517143484058447
3313.0,230.83333333333331,742.9840278386156,0.3106841125573602,84.16666666666667,13.0,1.5,69.66666666666667,115.6545326117868,11.833333333333334,1.1666666666666667,1.3333333333333333,0.1666666666666666,5.833333333333333,16.166666666666668,2.333333333333333,45.333333333333336,0.0,0.0,16.806164772819006,14.681701172301125
3306.0,363.8333333333333,1092.0716674399666,0.3331588431244912,87.5,3.6666666666666665,0.0,83.83333333333333,156.90251216881947,3.5,0.1666666666666666,0.0,0.0,2.1666666666666665,68.83333333333333,0.5,12.333333333333334,1.679320391615927,0.0,44.531893896095085,23.19129788110845
3305.0,9.333333333333334,24.38090320557455,0.38281327211861954,0.0,0.0,0.0,0.0,5.400936477686677,0.0,0.0,0.0,0.0,0.0,0.0,0.0,0.0,4.030368328211336,0.0,0.3695291536293095,1.001038995846032
3437.0,351.8333333333333,980.3716244042556,0.35887751601045426,0.0,0.0,0.0,0.0,39.786664852857385,0.0,0.0,0.0,0.0,0.0,0.0,0.0,0.0,0.0,0.0,17.262981453855023,22.52368339900236
3448.0,4.166666666666667,9.7744602006342,0.42628099978312045,0.0,0.0,0.0,0.0,3.1876915477371925,0.0,0.0,0.0,0.0,0.0,0.0,0.0,0.0,3.022776246158502,0.0,0.1649153015786907,0.0
3441.0,206.0,588.3140738922763,0.35015310552934314,23.5,4.166666666666666,5.166666666666667,14.166666666666668,51.94032284612081,2.6666666666666665,1.5,2.833333333333333,2.333333333333333,7.166666666666667,2.5,0.5,4.0,1.175843032623176,0.0,14.084260479128924,13.18021933436871
3454.0,15.333333333333334,37.76616849602624,0.4060071207633019,0.0,0.0,0.0,0.0,3.623174089438569,0.0,0.0,0.0,0.0,0.0,0.0,0.0,0.0,2.015184164105668,0.0,0.606950929486869,1.001038995846032
3476.0,928.6666666666666,2434.8159848740474,0.38141143825072527,633.6666666666667,24.0,107.0,502.6666666666667,803.9209168980209,13.5,10.5,59.0,48.0,355.3333333333333,81.5,24.666666666666668,41.16666666666666,2.015184164105668,0.0,108.8445319386994,59.394534128549225
3475.0,472.6666666666667,1274.911045899844,0.3707448203439591,121.0,52.16666666666666,2.333333333333333,66.5,208.0309483208458,12.0,40.16666666666666,1.3333333333333333,1.0,39.0,2.1666666666666665,13.166666666666666,12.166666666666666,0.0,0.0,56.666162528617605,30.36478579222816
2776.0,685.5000007819316,2244.4572564056552,0.3054190490041735,0.0,0.0,0.0,0.0,81.51399074112055,0.0,0.0,0.0,0.0,0.0,0.0,0.0,0.0,0.0,0.0,37.635293096884055,43.878697644236496
3014.0,224.16666687443404,539.1850258763241,0.41575091316770435,0.0,0.0,0.0,0.0,22.88816432611509,0.0,0.0,0.0,0.0,0.0,0.0,0.0,0.0,0.0,0.0,8.87361837128135,14.01454595483374
2352.0,0.0,0.0,0.0,22.5,1.3333333333333333,6.666666666666667,14.5,24.398234085107536,0.3333333333333333,1.0,0.6666666666666666,6.0,9.833333333333334,1.1666666666666667,0.5,3.0,1.007592082052834,0.0,0.8906420030546972,0.0
2509.0,80.33333333333333,246.39732248086105,0.3260316813693186,1990.3333333333333,1016.6666666666669,21.83333333333333,951.8333333333334,2082.9731740496404,579.3333333333334,437.3333333333333,20.5,1.3333333333333333,54.333333333333336,76.66666666666667,55.833333333333336,765.0,0.0,0.0,87.3017562894148,5.338084426892126
2508.0,426.6666666666667,1345.3994532439108,0.31713010261593677,1317.6666666666667,505.1666666666667,26.666666666666668,785.8333333333334,1432.430942710531,427.6666666666667,77.5,24.5,2.1666666666666665,89.33333333333333,81.0,61.66666666666666,553.8333333333334,1.847115797312396,0.0,85.55556820273374,27.36159204381824
2504.0,703.5070607868156,2066.7567226931546,0.3403918095740305,0.0,0.0,0.0,0.0,129.35791904799345,0.0,0.0,0.0,0.0,0.0,0.0,0.0,0.0,1.7181264479325686,0.0,82.89585521627069,44.74393738379019
2630.0,0.0,0.0,0.0,4288.5,503.3333333333333,125.33333333333334,3659.833333333333,4466.596988653059,390.8333333333333,112.5,61.16666666666666,64.16666666666667,1107.5,293.3333333333333,782.3333333333334,1476.6666666666667,0.0,0.0,178.09698865305938,0.0
2646.0,0.0,0.0,0.0,1670.1666666666663,253.66666666666663,11.833333333333332,1404.6666666666663,1736.279658776442,227.16666666666663,26.5,11.666666666666666,0.1666666666666666,530.6666666666666,49.5,67.66666666666667,756.8333333333334,0.0,0.0,66.11299210977535,0.0
2639.0,2.0,7.335117738340396,0.2726609267014314,1316.0,762.6666666666667,22.166666666666668,531.1666666666667,1368.171913698347,343.0,419.6666666666667,6.833333333333333,15.333333333333334,58.66666666666666,84.66666666666667,91.33333333333331,296.5,0.0,0.0,52.17191369834705,0.0
2640.0,229.33333333333331,630.3842427814661,0.36379927950203506,3041.0,298.1666666666667,50.83333333333333,2692.0,3185.131145584696,245.33333333333331,52.833333333333336,32.666666666666664,18.166666666666668,1476.8333333333333,160.16666666666666,392.1666666666667,662.8333333333334,0.0,0.0,129.4495970931941,14.681548491501696
2717.0,153.66666666666666,385.5193812340005,0.3985964756811925,761.1666666666666,23.666666666666668,71.0,666.5,807.7238399499034,19.666666666666668,4.0,18.166666666666668,52.833333333333336,401.0,122.5,90.83333333333331,52.16666666666666,0.0,0.0,36.54678332477631,10.01038995846032
2724.0,225.0,746.8407462688828,0.30126904714836483,0.0,0.0,0.0,0.0,22.92115467098064,0.0,0.0,0.0,0.0,0.0,0.0,0.0,0.0,0.0,0.0,8.906608729136192,14.014545941844448
2718.0,271.8333333333333,685.2055276167539,0.39671795158864204,78.99999999999999,0.0,0.3333333333333333,78.66666666666666,113.73975542454336,0.0,0.0,0.0,0.3333333333333333,27.5,46.16666666666666,0.0,5.0,0.0,0.0,17.22168774439999,17.51806768014337
2676.0,323.5,971.328707038188,0.3330489438394427,0.0,0.0,0.0,0.0,42.66392716691015,0.0,0.0,0.0,0.0,0.0,0.0,0.0,0.0,0.3355904904920546,0.0,21.64005734015312,20.688279336264973
2693.0,623.0,1788.1425090278572,0.3484062354396466,780.5000000000001,167.33333333333334,91.0,522.1666666666667,876.0983815199307,58.833333333333336,108.5,9.5,81.5,176.33333333333334,119.5,120.66666666666669,105.66666666666669,0.0,0.0,55.55682168608951,40.04155983384128
2696.0,232.33333333333331,887.9493490844483,0.2616515610635774,1026.3333333333333,348.5,63.333333333333336,614.5,1091.1741298959869,293.6666666666667,54.833333333333336,20.5,42.833333333333336,352.6666666666667,53.16666666666666,72.5,136.16666666666666,0.0,0.0,49.82521162496327,15.015584937690482
2789.0,444.3333333333333,1264.9169719654749,0.35127470275215905,277.8333333333333,0.6666666666666666,2.166666666666667,275.0,343.46177707660297,0.0,0.6666666666666666,1.1666666666666667,1.0,135.5,109.83333333333331,6.5,23.166666666666668,1.5111611281567578,0.0,35.58767118090201,28.529611434210832
2780.0,162.33333333333334,471.0513890297889,0.34461915857564224,3158.5,52.66666666666667,20.666666666666664,3085.1666666666665,3301.130780909454,36.0,16.666666666666668,11.166666666666666,9.5,1329.5,166.0,1574.5,15.166666666666666,0.0,0.0,132.28677503414738,10.344005875307516
2771.0,636.8333333333334,1933.83298125227,0.32931144494233755,807.8333333333334,18.833333333333336,6.166666666666667,782.8333333333334,908.0630277073964,17.166666666666668,1.6666666666666667,2.0,4.166666666666667,87.33333333333333,7.166666666666667,469.5,218.83333333333331,0.0,0.0,59.35384618179,40.87584819227301
2777.0,448.3333333333333,1287.3738190060403,0.34825419525735263,147.83333333333334,0.0,0.0,147.83333333333334,206.79516312001488,0.0,0.0,0.0,0.0,0.0,147.83333333333334,0.0,0.0,0.0,0.0,30.43221845766855,28.529611329013
2778.0,555.8333333333334,1661.6080513899203,0.334515310556171,0.0,0.0,0.0,0.0,58.03928120371865,0.0,0.0,0.0,0.0,0.0,0.0,0.0,0.0,0.0,0.0,22.502626240365277,35.53665496335338
2767.0,136.0,222.9959474786256,0.6098765539810348,686.6666666666667,138.0,65.83333333333333,482.83333333333337,728.2394909910946,17.0,121.0,5.666666666666667,60.16666666666666,283.5,52.66666666666666,52.66666666666666,94.0,0.0,0.0,32.5634733618137,9.00935096261429
2761.0,0.0,0.0,0.0,837.6666666666667,39.5,669.8333333333334,128.33333333333334,870.8258475492997,37.66666666666666,1.8333333333333333,151.33333333333334,518.5,43.5,9.0,5.166666666666667,70.66666666666667,0.0,0.0,33.15918088263311,0.0
2836.0,222.16666666666663,587.9262277519042,0.37788187731678735,3627.000000000001,297.5,154.33333333333334,3175.166666666667,3794.21678969906,223.66666666666663,73.83333333333333,59.833333333333336,94.5,781.3333333333334,498.8333333333333,770.3333333333334,1124.6666666666667,0.0,0.0,152.86862784036785,14.348161858691643
2926.0,0.0,0.0,0.0,258.1666666666667,54.0,87.83333333333334,116.33333333333331,268.3848218120231,49.5,4.5,87.66666666666667,0.1666666666666666,10.0,13.5,19.0,73.83333333333333,0.0,0.0,10.21815514535644,0.0
2947.0,429.5,1246.7966329108897,0.3444828039014258,64.66666666666666,27.5,0.5,36.66666666666666,111.75708726095527,9.333333333333334,18.166666666666668,0.5,0.0,1.8333333333333333,5.0,4.0,25.83333333333333,0.0,0.0,19.56207759770349,27.52834299658512
3009.0,227.5,494.9243542855395,0.459666205613206,178.83333333333331,38.333333333333336,11.833333333333334,128.66666666666666,277.437063560231,25.666666666666668,12.666666666666666,11.333333333333334,0.5,7.5,15.666666666666666,15.166666666666666,90.33333333333331,0.0,0.0,84.08855009251276,14.515180134384956
3019.0,136.83333333333334,347.76797349274784,0.39346157140081445,731.8333333333334,78.16666666666667,212.83333333333331,440.83333333333337,1041.394383914818,48.5,29.666666666666668,106.66666666666669,106.16666666666669,30.166666666666668,45.5,124.0,241.16666666666663,0.0,0.0,300.885277917704,8.675772663780682
3029.0,541.5,1603.90843128733,0.33761278975594694,418.1666666666666,53.66666666666666,22.166666666666668,342.3333333333333,510.8549248066542,48.0,5.666666666666667,13.333333333333334,8.833333333333334,179.83333333333334,18.0,37.16666666666666,107.33333333333331,0.0,0.0,57.98558564776695,34.70267249222059
3030.0,544.3333365888276,1315.8095273665663,0.41368703088679176,0.0,0.0,0.0,0.0,56.250377235659,0.0,0.0,0.0,0.0,0.0,0.0,0.0,0.0,0.0,0.0,21.547742890110154,34.70263434554885
3031.0,176.66666666666666,523.009353503988,0.33778873261646086,265.0,51.66666666666666,26.83333333333333,186.5,294.828714254599,40.66666666666666,11.0,24.33333333333333,2.5,48.833333333333336,18.0,24.666666666666668,95.0,0.0,0.0,18.650420020859773,11.178294233739235
3053.0,489.3333333333333,1574.0480160614563,0.3108757346283063,0.0,0.0,0.0,0.0,51.23578094561178,0.0,0.0,0.0,0.0,0.0,0.0,0.0,0.0,0.0,0.0,20.20357207438478,31.032208871226995
3052.0,414.5,1119.361964084139,0.37030023647368043,700.8333333333333,115.33333333333334,114.33333333333331,471.1666666666666,773.6773121137693,85.66666666666667,29.666666666666668,13.833333333333334,100.5,42.66666666666666,91.66666666666669,137.66666666666666,199.16666666666663,0.0,0.0,46.31667477969692,26.527304000739083
3098.0,61.66757356351821,204.63322943149782,0.3013565965549197,59.50060688111302,5.333413343901448,7.500221269390177,46.6669722678214,75.65364763260516,5.166735389251953,0.1666779546494946,3.6668487038565436,3.833372565533633,12.8333577444124,4.33335905265978,4.50004575681711,25.000209713932104,2.183439518703272,0.0,10.132558404851938,3.8370428279369477
3218.0,466.5,1535.0759257274206,0.30389376328662143,22.5,4.833333333333334,3.0,14.666666666666666,71.88829033087312,3.333333333333333,1.5,2.5,0.5,0.0,6.833333333333333,1.3333333333333333,6.5,0.0,0.0,19.35712045549216,30.031169875380964
3217.0,191.0,583.9870554718595,0.327062043944917,0.0,0.0,0.0,0.0,19.90662015059993,0.0,0.0,0.0,0.0,0.0,0.0,0.0,0.0,0.0,0.0,7.894152200447549,12.012467950152384
3159.0,8.0,18.66931431341635,0.42851064938421174,0.0,0.0,0.0,0.0,6.355678827590599,0.0,0.0,0.0,0.0,0.0,0.0,0.0,0.0,5.037960410264169,0.0,0.3166794214803979,1.001038995846032
3142.0,5.0,10.061406979585508,0.49694839003580205,0.0,0.0,0.0,0.0,9.266253376900757,0.0,0.0,0.0,0.0,0.0,0.0,0.0,0.0,9.068328738475506,0.0,0.1979246384252486,0.0
3325.0,7.0,17.669314313416347,0.39616704280849685,0.0,0.0,0.0,0.0,5.315054904059518,0.0,0.0,0.0,0.0,0.0,0.0,0.0,0.0,5.037960410264169,0.0,0.2770944937953482,0.0
3428.0,430.8333333333333,1200.5377521964135,0.35886695986453826,168.66666666666669,23.333333333333336,36.333333333333336,109.0,266.1208729534052,14.5,8.833333333333334,6.333333333333333,30.0,40.16666666666666,5.5,12.5,50.833333333333336,3.022776246158502,0.0,66.90327855221562,27.528151488364376
3278.0,144.5,416.0194563197599,0.34733952416142466,255.00000000000003,58.66666666666667,16.666666666666664,179.66666666666669,280.8241306127883,28.5,30.166666666666668,5.0,11.666666666666666,70.83333333333333,15.666666666666666,9.666666666666666,83.5,0.0,0.0,16.647876121697067,9.176254491091193
3263.0,216.18554274059545,627.5239765065536,0.3445056297993702,161.6433186546654,40.26207814343199,8.032582092655153,113.34865841857827,203.49877846542051,19.337697630466106,20.92438051296589,3.570036485624512,4.46254560703064,7.0409052910927885,14.379313622654285,5.850893129217951,86.07754637561324,1.499025104127978,0.0,26.45848144609203,13.897953260535095
3298.0,299.0,935.198518831202,0.3197182138116365,53.16666666666667,0.0,0.0,53.16666666666667,87.4679603052278,0.0,0.0,0.0,0.0,0.0,49.833333333333336,0.0,3.333333333333333,1.007592082052834,0.0,14.27441941379522,19.01928214271308
3312.0,298.8333333333333,938.7217079143828,0.31834070823531946,56.5,13.5,2.333333333333333,40.66666666666666,118.25245745110809,10.5,3.0,2.333333333333333,0.0,1.5,1.5,5.5,32.166666666666664,1.007592082052834,0.0,41.55791492700695,19.18695044204829
3319.0,353.5,1188.9924943460012,0.29731053953746,163.33333333333331,47.16666666666666,8.166666666666668,108.0,210.33177997217197,35.0,12.166666666666666,7.666666666666667,0.5,8.0,4.833333333333333,13.333333333333334,81.83333333333333,1.5116151180017436,0.0,22.963568861463347,22.52326265937353
3314.0,353.8333333333333,1180.438386995928,0.2997473965869545,17.166666666666664,3.333333333333333,4.0,9.833333333333332,66.87788343327168,2.6666666666666665,0.6666666666666666,1.3333333333333333,2.6666666666666665,0.0,5.5,0.3333333333333333,4.0,0.0,0.0,27.187762967124872,22.523453799480137
3445.0,342.35731763242427,1102.211522364099,0.3106094526195052,9.480085596509264,0.7473040447698743,1.8575843398565448,6.875197211882843,52.89698495104358,0.7473040447698743,0.0,0.0,1.8575843398565448,1.0675772068141063,0.5337886034070531,0.14946080895397487,5.1243705927077094,0.0,0.0,21.370261416049217,22.046637938485095
3429.0,66.0,164.0761220919065,0.402252315318803,1542.5,642.0,28.5,872.0,1610.177258785568,451.6666666666667,190.33333333333331,20.0,8.5,721.1666666666666,38.833333333333336,56.16666666666666,55.833333333333336,0.0,0.0,63.67310280218414,4.004155983384128
2270.0,0.0,0.0,0.0,0.0,0.0,0.0,0.0,0.0,0.0,0.0,0.0,0.0,0.0,0.0,0.0,0.0,0.0,0.0,0.0,0.0
2255.0,47.833333333333336,122.5578350487029,0.3902919247416943,0.0,0.0,0.0,0.0,30.780476934604547,0.0,0.0,0.0,0.0,0.0,0.0,0.0,0.0,5.709734328610653,0.0,21.90209853012881,3.1686440758650822
2276.0,0.0,0.0,0.0,0.0,0.0,0.0,0.0,5.037960410264169,0.0,0.0,0.0,0.0,0.0,0.0,0.0,0.0,5.037960410264169,0.0,0.0,0.0
2324.0,0.0,0.0,0.0,0.0,0.0,0.0,0.0,2.015184164105668,0.0,0.0,0.0,0.0,0.0,0.0,0.0,0.0,2.015184164105668,0.0,0.0,0.0
3344.0,19.666666666666668,66.58485811860764,0.29536244759483343,113.16666666666669,18.666666666666668,1.5,93.0,122.44110537974136,18.0,0.6666666666666666,0.8333333333333334,0.6666666666666666,6.166666666666667,18.0,4.833333333333333,64.0,2.015184164105668,0.0,6.258215553122992,1.001038995846032
3358.0,18.0,61.497973739312805,0.2926925702674564,0.0,0.0,0.0,0.0,4.73634394033543,0.0,0.0,0.0,0.0,0.0,0.0,0.0,0.0,3.022776246158502,0.0,0.7125286983308955,1.001038995846032
3494.0,304.83333459754317,932.6612860664451,0.3268424873548639,20.666666752375807,1.5000000062208247,2.6666666777259107,16.500000068429074,53.06917728794755,0.0,1.5000000062208247,1.3333333388629554,1.3333333388629554,10.833333378261514,4.666666686020345,0.8333333367893472,0.16666666735786936,0.0,0.0,12.881561920727357,19.520948614844386
2422.0,0.0,0.0,0.0,0.0,0.0,0.0,0.0,55.41756448725058,0.0,0.0,0.0,0.0,0.0,0.0,0.0,0.0,55.41756448725058,0.0,0.0,0.0
3503.0,15.999999985065742,57.58266606321324,0.27786139612746,83.99999992159515,0.0,0.9999999990666089,82.99999992252853,341.8651440405185,0.0,0.0,0.9999999990666089,0.0,75.83333326255116,7.166666659977364,0.0,0.0,252.90561235920143,0.0,3.958492764810152,1.001038994911671
3504.0,0.9999999996368801,1.8207164849862734,0.5492343304863411,0.0,0.0,0.0,0.0,29.931255734252115,0.0,0.0,0.0,0.0,0.0,0.0,0.0,0.0,29.89167080658144,0.0,0.03958492767067563,0.0
3513.0,14.5,46.23523102504756,0.3136136595088006,0.0,0.0,0.0,0.0,38.18333632632314,0.0,0.0,0.0,0.0,0.0,0.0,0.0,0.0,36.44142892947868,0.0,0.7408684009984273,1.001038995846032
2426.0,0.0,0.0,0.0,0.0,0.0,0.0,0.0,0.0,0.0,0.0,0.0,0.0,0.0,0.0,0.0,0.0,0.0,0.0,0.0,0.0
3557.0,0.0,0.0,0.0,0.0,0.0,0.0,0.0,0.0,0.0,0.0,0.0,0.0,0.0,0.0,0.0,0.0,0.0,0.0,0.0,0.0
2654.0,1707.3333300348058,5144.899741886561,0.331849679428107,0.0,0.0,0.0,0.0,223.86670178406933,0.0,0.0,0.0,0.0,0.0,0.0,0.0,0.0,0.0,0.0,114.58735067646201,109.27935110760733
2719.0,1462.833333106534,4647.752549554476,0.3147399345188371,383.16666660725997,77.49999998798431,29.16666666214463,276.49999995713114,567.17740523284,57.166666657803475,20.333333330180828,19.499999996976698,9.666666665167936,0.33333333328165293,61.66666665710579,73.83333332188613,140.66666664485754,0.0,0.0,90.41359258108625,93.59714604449368
3347.0,16.0,39.80077808377493,0.40200219117129554,111.66666666666669,17.666666666666668,1.1666666666666667,92.83333333333334,119.73650262760776,16.166666666666668,1.5,1.1666666666666667,0.0,4.666666666666667,14.0,7.5,66.66666666666667,2.015184164105668,0.0,5.053612800989386,1.001038995846032
3321.0,6.0,21.045877480872388,0.28509146294580107,0.0,0.0,0.0,0.0,3.2602858122688003,0.0,0.0,0.0,0.0,0.0,0.0,0.0,0.0,3.022776246158502,0.0,0.2375095661102984,0.0
2242.0,1.3026431001883505,4.509945101906646,0.28883790617265803,7.164537051035927,0.1085535916823625,0.0,7.055983459353564,10.781041948744775,0.1085535916823625,0.0,0.0,0.0,6.187554725894665,0.7598751417765378,0.0,0.1085535916823625,3.281332183726346,0.0,0.3351727139825016,0.0
3356.0,7.833333333333333,24.794437073591727,0.3159310820440657,0.0,0.0,0.0,0.0,4.840876165040405,0.0,0.0,0.0,0.0,0.0,0.0,0.0,0.0,4.030368328211336,0.0,0.3099883915049711,0.500519445324098
3507.0,25.666666666666668,90.23002840389027,0.28445814681312953,98.83333333333331,1.0,2.0,95.83333333333331,173.4391187156638,0.0,1.0,1.1666666666666667,0.8333333333333334,80.83333333333333,10.0,1.0,4.0,67.50866949753988,0.0,5.095037893098516,2.0020779916920644
2428.0,0.0,0.0,0.0,41.833333333333336,0.0,1.8333333333333333,40.0,44.49691678731976,0.0,0.0,1.1666666666666667,0.6666666666666666,40.0,0.0,0.0,0.0,1.007592082052834,0.0,1.6559913719335977,0.0
2575.0,118.33333333333331,405.0691927208439,0.2921311604530822,379.83333333333337,62.16666666666667,33.66666666666667,284.0,424.2593928064061,43.5,18.666666666666668,32.833333333333336,0.8333333333333334,0.8333333333333334,141.5,42.0,99.66666666666669,4.03014065499704,0.0,32.888164703394075,7.50775411468168
2593.0,278.5,1070.7636127147027,0.2600947554558004,56.16666666666666,2.666666666666667,45.66666666666666,7.833333333333333,87.5980717721558,1.5,1.1666666666666667,44.66666666666666,1.0,0.0,0.0,2.5,5.333333333333333,0.0,0.0,13.24572310106656,18.18568200442257
2534.0,550.6666666666666,1650.421642807306,0.33365211191123445,0.0,0.0,0.0,0.0,80.85318262679658,0.0,0.0,0.0,0.0,0.0,0.0,0.0,0.0,2.5183429532182253,0.0,43.13164784120742,35.20319183237093
2697.0,434.0,1497.3735724871922,0.2898408306212525,0.0,0.0,0.0,0.0,45.20895049900048,0.0,0.0,0.0,0.0,0.0,0.0,0.0,0.0,0.0,0.0,17.179858615311588,28.029091883688896
2745.0,230.83333333333331,704.3850748107178,0.3277090068885443,691.6666666666667,68.66666666666667,51.83333333333333,571.1666666666667,742.8663179412872,47.833333333333336,20.83333333333333,6.666666666666667,45.16666666666666,80.66666666666667,105.66666666666669,108.66666666666669,276.1666666666667,0.0,0.0,36.517835144839786,14.681816129780694
2734.0,211.83333333333331,511.9486550480737,0.41377847415858815,0.0,0.0,0.0,0.0,23.569075515180423,0.0,0.0,0.0,0.0,0.0,0.0,0.0,0.0,0.335408992199479,0.0,9.719487135398,13.514179387582942
2799.0,0.0,0.0,0.0,385.3333333333333,79.0,16.833333333333332,289.5,437.0655764933626,53.66666666666666,25.33333333333333,16.333333333333332,0.5,0.5,13.0,87.0,189.0,0.0,0.0,51.73224316002933,0.0
2804.0,630.1666666666666,1784.5044588376347,0.3531325817348395,34.0,0.0,0.0,34.0,100.33252922390288,0.0,0.0,0.0,0.0,0.0,34.0,0.0,0.0,0.0,0.0,26.29096939006158,40.04155983384128
2868.0,395.1666666666667,1049.96108265556,0.3763631559249908,222.5,0.1666666666666666,0.1666666666666666,222.16666666666663,273.309736193155,0.1666666666666666,0.0,0.1666666666666666,0.0,96.0,100.5,1.1666666666666667,24.5,0.0,0.0,25.61678121781024,25.192954975344797
2860.0,18.0,60.6815287416402,0.2966306283521206,3398.833333333333,37.0,229.83333333333331,3132.0,3541.9225260848684,28.166666666666668,8.833333333333334,8.0,221.83333333333331,1789.0,46.16666666666666,164.83333333333334,1132.0,0.0,0.0,141.75457619305945,1.3346165584754517
3005.0,287.3333333333333,718.350718237367,0.3999903195452626,0.0,0.0,0.0,0.0,53.05897439651461,0.0,0.0,0.0,0.0,0.0,0.0,0.0,0.0,0.0,0.0,34.706503663376246,18.352470733138365
2955.0,6.0,13.3864483708267,0.4482144803304135,709.5,103.66666666666669,217.5,388.3333333333333,737.8256941686283,88.16666666666667,15.5,164.16666666666666,53.333333333333336,7.5,7.666666666666667,75.83333333333333,297.3333333333333,0.0,0.0,28.32569416862832,0.0
3042.0,129.83333333333334,347.3221549083666,0.37381241449336006,324.1666666666667,187.33333333333331,9.0,127.83333333333331,350.1550496406132,126.5,60.833333333333336,8.5,0.5,0.3333333333333333,6.666666666666667,29.5,91.33333333333331,0.0,0.0,17.980071007178214,8.008311966768256
3047.0,173.83333333333334,492.1191264439833,0.3532342556759382,226.3333333333333,59.83333333333333,19.0,147.5,261.6795007567873,13.666666666666666,46.16666666666666,3.1666666666666665,15.833333333333334,12.166666666666666,8.833333333333334,55.16666666666666,71.33333333333333,0.0,0.0,24.00074006173976,11.34542736171428
3079.0,570.5,1411.7412297525425,0.4041108865964057,510.5,78.83333333333333,122.33333333333331,309.33333333333337,621.1600163707735,64.5,14.333333333333334,108.33333333333331,14.0,97.5,12.5,35.5,163.83333333333334,1.007592082052834,0.0,73.11404216192479,36.53838212679592
3090.0,178.66666666666666,537.0458159761428,0.3326842167868292,59.66666666666666,3.8333333333333335,6.0,49.83333333333333,81.77946679124561,3.8333333333333335,0.0,0.0,6.0,16.333333333333332,11.5,1.0,21.0,0.0,0.0,10.93458233635897,11.178217788219982
3129.0,985.2172437496486,3168.467401709976,0.3109444153403444,235.5,61.333333333333336,10.166666666666668,164.0,391.66695460938485,49.5,11.833333333333334,9.833333333333334,0.3333333333333333,4.5,10.166666666666666,24.0,125.33333333333331,1.2517188159182357,0.0,91.95204750925019,62.963188284216365
3231.0,178.333332111088,596.081539030446,0.299176069772527,1.666666655243813,0.0,1.4999999897194316,0.16666666552438122,21.8034107493536,0.0,0.0,0.49999999657314387,0.9999999931462877,0.0,0.0,0.16666666552438122,0.0,0.0,0.0,8.79169930071191,11.345044793397873
3235.0,96.0,287.48942130261145,0.33392533041746386,0.0,0.0,0.0,0.0,27.319011410998023,0.0,0.0,0.0,0.0,0.0,0.0,0.0,0.0,2.015184164105668,0.0,19.464190860449424,5.839636386442932
3363.0,161.0,485.4403459341245,0.33165764104380424,0.0,0.0,0.0,0.0,107.25738656262466,0.0,0.0,0.0,0.0,0.0,0.0,0.0,0.0,5.542393703204446,0.0,91.37144560475576,10.343547254664449
3334.0,15.0,51.93224185413352,0.288837906172658,13.0,0.0,0.0,13.0,37.27644277618976,0.0,0.0,0.0,0.0,11.0,2.0,0.0,0.0,22.167025805162343,0.0,1.108377975181393,1.001038995846032
3412.0,63.0,153.41477698642396,0.41065144595279124,0.0,0.0,0.0,0.0,15.566335166017767,0.0,0.0,0.0,0.0,0.0,0.0,0.0,0.0,9.068328738475506,0.0,2.493850444158134,4.004155983384128
3447.0,8.166666666666666,20.34060620003528,0.4014957364767478,0.0,0.0,0.0,0.0,6.362251391178996,0.0,0.0,0.0,0.0,0.0,0.0,0.0,0.0,5.037960410264169,0.0,0.3232519850687952,1.001038995846032
3498.0,2050.6666666666665,5554.518182721564,0.36918893758340265,59.833333333333336,0.0,1.0,58.833333333333336,328.8406922630933,0.0,0.0,1.0,0.0,7.0,51.833333333333336,0.0,0.0,0.0,0.0,137.70270244634096,131.30465648341894
3496.0,30.83333333333333,87.74133583060033,0.35141171537281307,693.6666666666666,6.0,30.666666666666668,657.0,727.0380923962676,0.1666666666666666,5.833333333333333,9.0,21.666666666666668,578.1666666666666,67.66666666666667,10.833333333333334,0.3333333333333333,3.022776246158502,0.0,28.680302208358764,1.668347275083758
3488.0,485.8333333333333,1428.0645463278918,0.340204043705587,0.0,0.0,0.0,0.0,77.10343674254499,0.0,0.0,0.0,0.0,0.0,0.0,0.0,0.0,0.0,0.0,46.071075190434215,31.03236155211077
3480.0,540.8333333333334,1397.8709677258018,0.38689789388302115,0.0,0.0,0.0,0.0,166.58764096536964,0.0,0.0,0.0,0.0,0.0,0.0,0.0,0.0,1.007592082052834,0.0,130.87653501761457,34.70351386570222
3458.0,5.0,16.490124386599277,0.30321178195982906,0.0,0.0,0.0,0.0,13.29662170511209,0.0,0.0,0.0,0.0,0.0,0.0,0.0,0.0,13.09869706668684,0.0,0.1979246384252486,0.0
3462.0,53.333333333333336,194.4959956185952,0.27421301484231836,0.0,0.0,0.0,0.0,10.15231935338968,0.0,0.0,0.0,0.0,0.0,0.0,0.0,0.0,5.037960410264169,0.0,2.111241955587416,3.0031169875380965
3463.0,51.833333333333336,189.84986121513143,0.2730227612576317,110.5,0.1666666666666666,2.333333333333333,108.0,125.97364141634854,0.0,0.1666666666666666,2.0,0.3333333333333333,97.5,9.166666666666666,1.3333333333333333,0.0,5.877984193696501,0.0,6.425674955681058,3.169982266970981
3036.0,23.33333333333333,62.85982748361676,0.37119626743192585,1033.6666666666663,80.83333333333334,116.83333333333331,835.9999999999999,1077.1733300416654,58.833333333333336,22.0,113.83333333333331,3.0,188.0,391.8333333333333,85.0,171.16666666666666,0.0,0.0,41.838239496653074,1.6684238783455525
3327.0,11.0,35.621494569422346,0.3088023153706316,0.0,0.0,0.0,0.0,11.512394020909918,0.0,0.0,0.0,0.0,0.0,0.0,0.0,0.0,10.07592082052834,0.0,0.4354342045355472,1.001038995846032
2447.0,228.64780199728528,587.7713599116421,0.38900806945009575,1.0478438885615347,0.10478438885615346,0.10478438885615346,0.8382751108492277,67.51123116910813,0.034928129618717815,0.06985625923743563,0.05239219442807673,0.05239219442807673,0.5413860090901262,0.017464064809358904,0.034928129618717815,0.24449690733102472,0.0,0.0,51.970235318054215,14.49315196249237
2443.0,133.6855322253132,344.68609508105334,0.3878471865651468,8.952156175802223,0.8952156175802223,0.8952156175802223,7.161724940641778,118.74992193423988,0.2984052058600741,0.5968104117201481,0.44760780879011114,0.44760780879011114,4.625280690831149,0.14920260293003698,0.2984052058600741,2.0888364410205185,0.0,0.0,101.43335071124932,8.364415047188333
2305.0,1055.760699950519,3084.8524670981633,0.3422402566122212,407.09580267923315,23.51193036903763,73.87707815717731,309.70679415301817,541.359117924287,6.670643469340587,16.84128689969704,9.186550949212403,64.69052720796489,214.94468349447365,51.06362946281603,22.337309961506858,21.361171234221615,0.03604842171370669,0.0,66.37339031876567,67.85387650457471
2682.0,369.0,1198.1981412189818,0.30796242065990803,214.50000000000003,1.6666666666666667,0.6666666666666666,212.16666666666669,263.7894432987898,1.1666666666666667,0.5,0.1666666666666666,0.5,0.3333333333333333,207.83333333333331,1.1666666666666667,2.833333333333333,0.0,0.0,25.431487477679077,23.857955821110775
2680.0,230.83333333333331,779.8858081638855,0.29598350286280106,0.0,0.0,0.0,0.0,32.4915357326056,0.0,0.0,0.0,0.0,0.0,0.0,0.0,0.0,0.8395237152595622,0.0,16.803368804631774,14.848643212714263
3156.0,19.0,46.083644026364574,0.41229378451777926,0.0,0.0,0.0,0.0,5.783520950073313,0.0,0.0,0.0,0.0,0.0,0.0,0.0,0.0,4.030368328211336,0.0,0.7521136260159452,1.001038995846032
2673.0,411.6666666666667,1478.0531733823582,0.2785195242500064,2177.833333333333,933.3333333333334,54.0,1190.5,2311.199676140592,671.8333333333334,261.5,39.66666666666666,14.333333333333334,242.33333333333331,85.16666666666667,217.66666666666663,645.3333333333334,0.0,0.0,106.83888591545656,26.52745689180168
2674.0,608.3333333333334,1960.326158570236,0.3103225096873784,30.33333333333333,2.1666666666666665,4.0,24.166666666666664,94.65511456488724,1.3333333333333333,0.8333333333333334,4.0,0.0,7.833333333333333,5.166666666666667,2.5,8.666666666666666,0.0,0.0,25.281260393558657,39.04052083799525
2423.0,0.0,0.0,0.0,0.0,0.0,0.0,0.0,51.38719612792962,0.0,0.0,0.0,0.0,0.0,0.0,0.0,0.0,51.38719612792962,0.0,0.0,0.0
3460.0,195.16666666666663,715.2269899736856,0.272873744143586,0.0,0.0,0.0,0.0,53.15552663325235,0.0,0.0,0.0,0.0,0.0,0.0,0.0,0.0,33.25053870774352,0.0,7.725731141442812,12.179256784066013
2425.0,0.0,0.0,0.0,0.0,0.0,0.0,0.0,0.0,0.0,0.0,0.0,0.0,0.0,0.0,0.0,0.0,0.0,0.0,0.0,0.0
2439.0,152.83333333333334,407.35934532442224,0.3751806239074162,50.83333333333333,1.3333333333333333,1.1666666666666667,48.33333333333333,189.5688304631375,0.3333333333333333,1.0,1.1666666666666667,0.0,44.5,1.0,2.1666666666666665,0.6666666666666666,0.0,0.0,128.89178125817355,9.843715871630591
2500.0,0.0,0.0,0.0,606.6666633622323,81.99999955335666,205.49999888066822,319.1666649282073,666.1894951636815,63.83333298564146,18.166666567715193,14.833333252538095,190.66666562813006,36.33333313543039,26.6666665214168,64.16666631715917,191.99999895420095,0.0,0.0,59.522831801449236,0.0
2721.0,447.0,1656.7358142216715,0.26980765198825557,0.0,0.0,0.0,0.0,46.7246962794387,0.0,0.0,0.0,0.0,0.0,0.0,0.0,0.0,0.0,0.0,17.694565399903773,29.030130879534934
2723.0,364.8333333333333,1037.6813400040085,0.35158513434569805,326.8333333333333,0.0,65.83333333333333,261.0,381.7452658901726,0.0,0.0,61.66666666666666,4.166666666666667,213.66666666666663,13.833333333333334,0.5,33.0,1.007592082052834,0.0,30.37992412500364,23.52441634978284
2716.0,368.0,1131.8141452560417,0.32514172184758316,145.83333333333331,0.0,2.5,143.33333333333331,190.19825182089556,0.0,0.0,2.0,0.5,113.83333333333331,14.333333333333334,3.1666666666666665,12.0,0.0,0.0,20.339982587257456,24.02493590030477
2869.0,360.0,952.278005667604,0.37804086396767966,27.5,1.3333333333333333,0.0,26.166666666666664,87.3001372241564,1.3333333333333333,0.0,0.0,0.0,5.833333333333333,2.1666666666666665,1.1666666666666667,17.0,0.0,20.270531400616694,16.338805390604062,23.19080043293564
3118.0,274.5,795.7963780399342,0.3449374834754842,0.0,0.0,0.0,0.0,63.48218471044788,0.0,0.0,0.0,0.0,0.0,0.0,0.0,0.0,3.3581852383579807,30.40579709306147,12.200019899123951,17.51818247990448
3114.0,294.8333333333333,955.3778626664194,0.30860389889134116,0.0,0.0,0.0,0.0,38.21209501891158,0.0,0.0,0.0,0.0,0.0,0.0,0.0,0.0,2.686958082452151,0.0,16.505472460904073,19.01966447555536
3333.0,56.0,204.2769878056108,0.27413758447079406,0.0,0.0,0.0,0.0,30.403121903014927,0.0,0.0,0.0,0.0,0.0,0.0,0.0,0.0,24.182209969268012,0.0,2.2167559503627854,4.004155983384128
3434.0,715.8333333333334,2102.953829255426,0.34039422234333216,0.0,0.0,0.0,0.0,156.4098800975901,0.0,0.0,0.0,0.0,0.0,0.0,0.0,0.0,1.847115797312396,0.0,108.84954284487242,45.71322145540528
3439.0,82.16666666666667,266.53002079850324,0.308282970978285,0.0,0.0,0.0,0.0,80.77872402767932,0.0,0.0,0.0,0.0,0.0,0.0,0.0,0.0,3.1908446129517736,0.0,72.58230205013449,5.005577364593059
3315.0,652.3333333333334,2026.057194847964,0.3219718253720299,129.16666666666666,34.166666666666664,9.0,86.0,306.1510993823138,26.0,8.166666666666666,6.833333333333333,2.1666666666666665,3.8333333333333335,13.333333333333334,13.666666666666666,55.16666666666666,1.678864846742054,0.0,133.5965018712442,41.70906599766096
3300.0,213.500000218001,647.511077229934,0.32972408924857083,0.0,0.0,0.0,0.0,53.80550076456141,0.0,0.0,0.0,0.0,0.0,0.0,0.0,0.0,1.175432776832023,0.0,38.782043280032724,13.848024707696654
3320.0,496.1666666666667,1363.2599480227452,0.3639560212902172,0.0,0.0,0.0,0.0,59.50841023114402,0.0,0.0,0.0,0.0,0.0,0.0,0.0,0.0,0.0,0.0,27.641836555941968,31.86657367520205
3499.0,429.0,1193.9085921571736,0.359323990813129,264.0,14.0,13.5,236.5,328.777054037761,3.333333333333333,10.666666666666666,5.333333333333333,8.166666666666666,216.83333333333331,6.166666666666667,8.5,5.0,1.007592082052834,0.0,36.7414090678653,27.028052887842865
3493.0,432.5,1314.5972540110913,0.3289981008863046,0.0,0.0,0.0,0.0,46.645201975735226,0.0,0.0,0.0,0.0,0.0,0.0,0.0,0.0,0.0,0.0,19.115979198351884,27.529222777383342
3491.0,361.4999959316431,1079.2241939154655,0.3349628353123809,0.0,0.0,0.0,0.0,50.66953214217741,0.0,0.0,0.0,0.0,0.0,0.0,0.0,0.0,0.0,0.0,27.645597300333012,23.023934841844397
3487.0,170.66666350729133,436.8574640426813,0.39066898829641394,0.0,0.0,0.0,0.0,42.76944326825594,0.0,0.0,0.0,0.0,0.0,0.0,0.0,0.0,0.0,0.0,31.75797621609633,11.011467052159611
2505.0,947.4557406577062,3067.938444657921,0.3088248860753621,137.6666666665805,29.6666666666481,3.8333333333309345,104.16666666660147,302.1637589520942,23.666666666651857,5.999999999996245,3.8333333333309345,0.0,7.999999999994993,14.666666666657488,6.9999999999956195,74.49999999995337,2.183435114674644,0.0,101.49373168425281,60.819925486586264
2675.0,295.5,875.340943682077,0.33758274662326926,0.0,0.0,0.0,0.0,35.71725627528709,0.0,0.0,0.0,0.0,0.0,0.0,0.0,0.0,0.0,0.0,16.69751535421248,19.01974092107461
2775.0,610.6666666666666,1532.2019328343274,0.3985549512635266,33.0,0.0,0.0,33.0,105.35295486910324,0.0,0.0,0.0,0.0,0.0,0.0,33.0,0.0,0.0,0.0,33.14556875167508,39.207386117428136
2841.0,339.6666666666667,737.9825886261424,0.46026379470415907,135.16666666666666,4.0,1.3333333333333337,129.83333333333331,177.81817171287332,4.0,0.0,1.1666666666666667,0.1666666666666666,8.833333333333334,93.5,4.333333333333333,23.166666666666668,0.0,0.0,20.962301250940467,21.689203795266195
2533.0,0.0,0.0,0.0,690.5,111.0,28.83333333333333,550.6666666666666,717.8337775318305,90.83333333333331,20.166666666666668,28.5,0.3333333333333333,31.166666666666668,177.16666666666666,43.833333333333336,298.5,0.0,0.0,27.333777531830524,0.0
2532.0,0.0,0.0,0.0,0.0,0.0,0.0,0.0,0.0,0.0,0.0,0.0,0.0,0.0,0.0,0.0,0.0,0.0,0.0,0.0,0.0
2531.0,0.0,0.0,0.0,558.0000006521817,143.3333335008591,148.33333350670304,266.3333336446196,591.6167336988124,137.3333334938464,6.000000007012707,140.83333349793713,7.500000008765883,50.33333339216215,24.16666669491229,25.166666696081077,166.66666686146405,3.022776249691476,0.0,30.593956796939196,0.0
3102.0,219.16666666666663,697.9189826331958,0.31402880867313177,54.0,0.0,0.0,54.0,80.16117180925251,0.0,0.0,0.0,0.0,0.0,54.0,0.0,0.0,0.0,0.0,12.14662586740806,14.014545941844448
3091.0,113.83333333333331,342.9493375183524,0.3319246339912865,0.0,0.0,0.0,0.0,11.513370256245794,0.0,0.0,0.0,0.0,0.0,0.0,0.0,0.0,0.0,0.0,4.506097285323569,7.007272970922226
3100.0,188.5,504.4714430235762,0.37365841537077954,193.8333333333333,36.833333333333336,53.333333333333336,103.66666666666666,226.14700055888312,34.833333333333336,2.0,4.0,49.333333333333336,8.0,31.33333333333333,7.166666666666667,57.16666666666666,0.0,0.0,20.30119927539742,12.012467950152384
3117.0,141.83333333333334,454.7998649948813,0.3118587850392824,0.0,0.0,0.0,0.0,16.123683538731466,0.0,0.0,0.0,0.0,0.0,0.0,0.0,0.0,0.0,0.0,7.114332576117175,9.00935096261429
3116.0,92.0,293.33684957403847,0.31363260406456067,115.66666666666666,7.166666666666667,0.3333333333333333,108.16666666666666,147.23241523184086,5.5,1.6666666666666667,0.3333333333333333,0.0,0.0,91.33333333333331,3.0,13.833333333333334,1.007592082052834,0.0,24.71882598397737,5.839330499143993
3121.0,43.833333333333336,141.0935308766408,0.3106686257051513,0.0,0.0,0.0,0.0,6.754999783513021,0.0,0.0,0.0,0.0,0.0,0.0,0.0,0.0,2.1829339610187466,0.0,1.7356994723704904,2.836366350123785
3123.0,79.16666666666667,253.5772611278867,0.3121993916747154,17.5,3.0,4.833333333333333,9.666666666666668,33.00745946583455,2.0,1.0,0.8333333333333334,4.0,0.5,0.6666666666666666,3.333333333333333,5.166666666666667,1.007592082052834,0.0,9.495016540894516,5.004850842887203
3126.0,124.0,396.6235026435596,0.31263906241944817,7.5,0.1666666666666666,0.8333333333333334,6.5,29.060594285271137,0.1666666666666666,0.0,0.8333333333333334,0.0,6.0,0.0,0.0,0.5,1.6795474986918928,0.0,11.872620177792417,8.008426608786829
3190.0,194.33333333333331,721.915977999121,0.2691910682901798,62.5,18.0,3.0,41.5,88.36063914860752,15.166666666666666,2.833333333333333,3.0,0.0,0.0,3.1666666666666665,10.333333333333334,28.0,1.007592082052834,0.0,12.340174313096773,12.512872753457913
2756.0,551.3333333333334,1659.5844545377042,0.3322116761372734,2252.0,310.5,254.5,1687.0,2398.5074534599976,302.1666666666667,8.333333333333334,61.333333333333336,193.16666666666663,1433.6666666666667,52.833333333333336,52.333333333333336,148.16666666666666,0.0,0.0,110.97076019497104,35.53669326502645
2662.0,0.0,0.0,0.0,2560.1666666666665,1283.8333333333333,36.5,1239.8333333333333,2661.5106115206645,1002.0,281.8333333333333,31.666666666666668,4.833333333333333,81.0,113.33333333333331,123.33333333333331,922.1666666666666,0.0,0.0,101.34394485399775,0.0
2638.0,0.0,0.0,0.0,2147.333333333333,903.3333333333331,39.5,1204.5,2235.33472808836,684.6666666666666,218.66666666666663,37.5,2.0,82.33333333333333,112.5,175.33333333333334,834.3333333333334,0.0,0.0,88.00139475502685,0.0
2822.0,0.0,0.0,0.0,644.8333333333333,31.33333333333333,278.0,335.5,670.3589263110819,22.33333333333333,9.0,85.5,192.5,47.833333333333336,172.83333333333334,17.5,97.33333333333331,0.0,0.0,25.525592977748506,0.0
3026.0,0.0,0.0,0.0,2315.5,845.1666666666667,56.333333333333336,1414.0,2407.159039610962,635.3333333333334,209.83333333333331,43.333333333333336,13.0,98.0,150.83333333333334,180.83333333333331,984.3333333333334,0.0,0.0,91.65903961096204,0.0
2790.0,0.0,0.0,0.0,2564.6666666666665,521.8333333333333,840.1666666666667,1202.6666666666663,2666.677591810441,447.3333333333333,74.5,463.6666666666667,376.5,96.5,161.66666666666666,133.83333333333334,810.6666666666666,0.0,0.0,102.0109251437742,0.0
3140.0,189.0,572.846031798072,0.3299315863405028,182.66666666666663,43.0,15.333333333333334,124.33333333333331,241.7530288983283,29.0,14.0,12.833333333333334,2.5,13.5,10.666666666666666,23.33333333333333,76.83333333333333,2.183116544795817,0.0,44.890969349698246,12.012276337167537
3135.0,64.33333333333333,199.3109476927132,0.32277872378851447,17.166666666666664,6.166666666666666,1.3333333333333333,9.666666666666666,45.45382725946341,3.5,2.6666666666666665,1.3333333333333333,0.0,0.0,0.1666666666666666,2.5,7.0,5.709915826903228,0.0,18.406491877282548,4.170752888610967
3339.0,21.0,50.54579348330682,0.41546483995617617,0.0,0.0,0.0,0.0,5.862690805443412,0.0,0.0,0.0,0.0,0.0,0.0,0.0,0.0,4.030368328211336,0.0,0.8312834813860447,1.001038995846032
3345.0,24.5,59.92744857585674,0.40882768384486895,33.5,6.666666666666667,12.0,14.833333333333334,39.97999287261826,6.5,0.1666666666666666,11.0,1.0,3.5,1.1666666666666667,0.6666666666666666,9.5,2.015184164105668,0.0,2.462730716820532,2.0020779916920644
3340.0,7.166666666666667,15.784056603195957,0.4540446633481763,0.0,0.0,0.0,0.0,6.496197610728014,0.0,0.0,0.0,0.0,0.0,0.0,0.0,0.0,6.045552492317004,0.0,0.2836650392170158,0.1669800791939947
3337.0,4.0,12.207164856474115,0.3276764135677733,0.0,0.0,0.0,0.0,4.188708038951535,0.0,0.0,0.0,0.0,0.0,0.0,0.0,0.0,4.030368328211336,0.0,0.1583397107401989,0.0
3343.0,9.0,30.338628626832698,0.2966515102149357,0.0,0.0,0.0,0.0,5.387671673222815,0.0,0.0,0.0,0.0,0.0,0.0,0.0,0.0,4.030368328211336,0.0,0.3562643491654476,1.001038995846032
3338.0,9.0,30.338628626832698,0.2966515102149357,0.0,0.0,0.0,0.0,5.387671673222815,0.0,0.0,0.0,0.0,0.0,0.0,0.0,0.0,4.030368328211336,0.0,0.3562643491654476,1.001038995846032
3346.0,17.000000102836356,41.75854825467208,0.40710227757820444,0.0,0.0,0.0,0.0,3.689166952914044,0.0,0.0,0.0,0.0,0.0,0.0,0.0,0.0,2.0151841762959144,0.0,0.6729437747166153,1.0010390019015145
3329.0,16.0,51.70093816285797,0.3094721405170636,0.0,0.0,0.0,0.0,4.657174084965329,0.0,0.0,0.0,0.0,0.0,0.0,0.0,0.0,3.022776246158502,0.0,0.6333588429607959,1.001038995846032
3330.0,7.0,24.233768149123787,0.288853139013509,0.0,0.0,0.0,0.0,4.307462822006684,0.0,0.0,0.0,0.0,0.0,0.0,0.0,0.0,4.030368328211336,0.0,0.2770944937953482,0.0
3323.0,0.0,0.0,0.0,0.0,0.0,0.0,0.0,5.0379603788883935,0.0,0.0,0.0,0.0,0.0,0.0,0.0,0.0,5.0379603788883935,0.0,0.0,0.0
3324.0,8.0,29.338628626832698,0.27267804851257815,0.0,0.0,0.0,0.0,5.348086745537765,0.0,0.0,0.0,0.0,0.0,0.0,0.0,0.0,4.030368328211336,0.0,0.3166794214803979,1.001038995846032
3331.0,12.0,30.46607182211648,0.3938807756400267,0.0,0.0,0.0,0.0,6.514018538330798,0.0,0.0,0.0,0.0,0.0,0.0,0.0,0.0,5.037960410264169,0.0,0.4750191322205969,1.001038995846032
3332.0,9.0,23.910885310426924,0.3763976064941155,0.0,0.0,0.0,0.0,6.395263755275649,0.0,0.0,0.0,0.0,0.0,0.0,0.0,0.0,5.037960410264169,0.0,0.3562643491654476,1.001038995846032
3326.0,10.0,23.952087182125712,0.41750015036111415,0.0,0.0,0.0,0.0,4.419664518855031,0.0,0.0,0.0,0.0,0.0,0.0,0.0,0.0,3.022776246158502,0.0,0.3958492768504973,1.001038995846032
3322.0,5.0,10.061127163534868,0.4969622109659634,0.0,0.0,0.0,0.0,3.2207008845837506,0.0,0.0,0.0,0.0,0.0,0.0,0.0,0.0,3.022776246158502,0.0,0.1979246384252486,0.0
3354.0,18.166666666666668,45.38730033749681,0.40025880657321755,0.0,0.0,0.0,0.0,3.7354221011407054,0.0,0.0,0.0,0.0,0.0,0.0,0.0,0.0,2.015184164105668,0.0,0.7191989411890068,1.001038995846032
3361.0,20.5,51.144010060869725,0.40082895290380344,0.0,0.0,0.0,0.0,6.010349840560191,0.0,0.0,0.0,0.0,0.0,0.0,0.0,0.0,4.030368328211336,0.0,0.812153682589195,1.1678278297596598
3353.0,14.0,32.05576268424305,0.4367389457522305,0.6666666666666666,0.0,0.0,0.6666666666666666,5.271040868201307,0.0,0.0,0.0,0.0,0.0,0.0,0.0,0.6666666666666666,3.022776246158502,0.0,0.5805589595301063,1.001038995846032
3352.0,17.0,57.899910817462434,0.2936101240914667,56.33333333333334,3.5,5.666666666666667,47.16666666666667,63.25977747968322,3.333333333333333,0.1666666666666666,5.666666666666667,0.0,2.1666666666666665,28.666666666666668,1.0,15.333333333333334,3.022776246158502,0.0,2.9026289043453555,1.001038995846032
3359.0,22.666666666666668,77.10738809441443,0.2939623196536288,7.333333333333334,1.5,0.6666666666666666,5.166666666666667,13.55123733639544,1.1666666666666667,0.3333333333333333,0.6666666666666666,0.0,1.0,1.5,0.3333333333333333,2.333333333333333,3.8622543526346735,0.0,1.1876305753874072,1.1680190750400268
3351.0,8.0,26.87662072697364,0.2976564680979823,0.0,0.0,0.0,0.0,5.348086745537765,0.0,0.0,0.0,0.0,0.0,0.0,0.0,0.0,4.030368328211336,0.0,0.3166794214803979,1.001038995846032
3350.0,7.666666666666667,25.31093784368081,0.3028993518144467,0.0,0.0,0.0,0.0,5.167652878302505,0.0,0.0,0.0,0.0,0.0,0.0,0.0,0.0,4.030368328211336,0.0,0.6367651047670712,0.500519445324098
3349.0,243.33333333333331,691.4418002186412,0.3519216414980823,0.0,0.0,0.0,0.0,28.337718462691846,0.0,0.0,0.0,0.0,0.0,0.0,0.0,0.0,3.022776246158502,0.0,9.632087196104454,15.68285502042889
3357.0,10.333333333333334,35.22839118911676,0.29332402032953603,0.0,0.0,0.0,0.0,5.773763921202226,0.0,0.0,0.0,0.0,0.0,0.0,0.0,0.0,4.030368328211336,0.0,0.7423565971448592,1.001038995846032
3367.0,13.0,34.338628626832694,0.37858238723725895,0.0,0.0,0.0,0.0,7.561195548068682,0.0,0.0,0.0,0.0,0.0,0.0,0.0,0.0,6.045552492317004,0.0,0.5146040599056466,1.001038995846032
3380.0,3.0,8.74501539953188,0.3430525691424843,0.0,0.0,0.0,0.0,5.156715193319318,0.0,0.0,0.0,0.0,0.0,0.0,0.0,0.0,5.037960410264169,0.0,0.1187547830551492,0.0
3390.0,7.0,20.131463770358582,0.3477144076481288,0.0,0.0,0.0,0.0,4.307462822006684,0.0,0.0,0.0,0.0,0.0,0.0,0.0,0.0,4.030368328211336,0.0,0.2770944937953482,0.0
3397.0,17.0,45.72507699765939,0.3717872361564357,0.0,0.0,0.0,0.0,4.69675901265038,0.0,0.0,0.0,0.0,0.0,0.0,0.0,0.0,3.022776246158502,0.0,0.6729437706458455,1.001038995846032
3396.0,7.0,16.848597827768938,0.4154648399561762,0.0,0.0,0.0,0.0,4.307462822006684,0.0,0.0,0.0,0.0,0.0,0.0,0.0,0.0,4.030368328211336,0.0,0.2770944937953482,0.0
3402.0,4.0,10.565731885179291,0.3785823872372589,0.0,0.0,0.0,0.0,4.188708038951535,0.0,0.0,0.0,0.0,0.0,0.0,0.0,0.0,4.030368328211336,0.0,0.1583397107401989,0.0
3401.0,5.0,12.3864483708267,0.40366696330614815,0.0,0.0,0.0,0.0,4.228292966636585,0.0,0.0,0.0,0.0,0.0,0.0,0.0,0.0,4.030368328211336,0.0,0.1979246384252486,0.0
3378.0,4.0,10.565731885179291,0.3785823872372589,0.0,0.0,0.0,0.0,4.188708038951535,0.0,0.0,0.0,0.0,0.0,0.0,0.0,0.0,4.030368328211336,0.0,0.1583397107401989,0.0
3388.0,19.0,52.64937591154387,0.36087797188559023,0.0,0.0,0.0,0.0,3.768336785967645,0.0,0.0,0.0,0.0,0.0,0.0,0.0,0.0,2.015184164105668,0.0,0.7521136260159452,1.001038995846032
3389.0,7.0,18.35321586956374,0.38140454783232447,0.0,0.0,0.0,0.0,4.307462822006684,0.0,0.0,0.0,0.0,0.0,0.0,0.0,0.0,4.030368328211336,0.0,0.2770944937953482,0.0
3399.0,4.0,10.565731885179291,0.3785823872372589,0.0,0.0,0.0,0.0,5.196300121004368,0.0,0.0,0.0,0.0,0.0,0.0,0.0,0.0,5.037960410264169,0.0,0.1583397107401989,0.0
3398.0,8.0,22.7728967416534,0.3512947909418733,0.0,0.0,0.0,0.0,6.355678827590599,0.0,0.0,0.0,0.0,0.0,0.0,0.0,0.0,5.037960410264169,0.0,0.3166794214803979,1.001038995846032
3255.0,798.8333333333334,2414.5058141156105,0.3308475501128298,244.33333333333331,68.16666666666667,10.166666666666666,166.0,508.03408208106526,51.333333333333336,16.833333333333332,10.166666666666666,0.0,0.5,10.833333333333334,27.0,127.66666666666669,2.3508208295194426,0.0,210.29663276953823,51.05329514867419
3259.0,10.333333354419624,36.33015141254513,0.2844285793659377,0.0,0.0,0.0,0.0,4.266337927965476,0.0,0.0,0.0,0.0,0.0,0.0,0.0,0.0,3.0227762523268056,0.0,0.40927331550449414,0.8342883601341765
3276.0,41.333333333333336,130.3798587028337,0.317022381712667,60.33333333333334,8.333333333333334,2.833333333333333,49.16666666666667,69.54233321984954,6.5,1.8333333333333333,2.833333333333333,0.0,2.0,17.166666666666668,1.3333333333333333,28.666666666666668,2.015184164105668,0.0,4.524467647980058,2.669348074430474
3289.0,94.83333328453315,272.29053668030053,0.3482799455343469,61.33333330177189,6.666666663236075,2.8333333318753318,51.83333330666048,175.05474684685262,4.666666664265253,1.9999999989708226,2.8333333318753318,0.0,2.8333333318753318,7.499999996140585,5.833333330331565,35.666666648313,3.862299959430568,0.0,103.6872379886022,6.171875597047938
3294.0,353.0000002012768,910.2355625236638,0.38781169922934067,23.83333334692284,5.166666669612645,0.3333333335233964,18.333333343786798,82.77474779145712,3.833333335519059,1.3333333340935856,0.3333333335233964,0.0,0.0,0.16666666676169814,1.6666666676169821,16.500000009408122,0.6722739869025754,0.0,35.41249109989487,22.856649357736824
3302.0,305.0,869.9135643169999,0.35060954617883944,32.666666666666664,7.333333333333334,6.5,18.83333333333333,120.7308857759858,4.0,3.333333333333333,6.5,0.0,0.0,3.1666666666666665,2.1666666666666665,13.5,1.6793649149148226,0.0,66.86417314094554,19.520681053458755
3310.0,346.0,1078.4702487934117,0.3208247982613368,0.0,0.0,0.0,0.0,44.38985123422295,0.0,0.0,0.0,0.0,0.0,0.0,0.0,0.0,0.5031587891125578,0.0,21.86303146402658,22.023660981083808
3275.0,23.33333333333333,75.97582851052783,0.30711522060072133,0.0,0.0,0.0,0.0,8.636485514665345,0.0,0.0,0.0,0.0,0.0,0.0,0.0,0.0,6.045552492317004,0.0,0.9226238912191989,1.6683091311291438
3258.0,603.5,1883.0598481300049,0.32048901717027894,14.833333333333332,4.5,1.0,9.333333333333332,136.38032668515814,3.0,1.5,1.0,0.0,0.0,0.1666666666666666,1.0,8.166666666666666,3.358640018648243,0.0,79.64953808199891,38.53881525117767
3274.0,672.5,2175.205569540288,0.30916618154031644,0.0,0.0,0.0,0.0,183.183227861081,0.0,0.0,0.0,0.0,0.0,0.0,0.0,0.0,3.022776246158502,0.0,137.28348118422795,42.87697043069454
3369.0,16.0,44.72507699765939,0.3577411392905446,3.166666666666667,0.3333333333333333,0.0,2.833333333333333,9.267364290788011,0.1666666666666666,0.1666666666666666,0.0,0.0,0.0,0.8333333333333334,0.3333333333333333,1.6666666666666667,1.007592082052834,0.0,4.092066546222477,1.001038995846032
3372.0,28.0,76.42638004963818,0.3663656447134389,0.0,0.0,0.0,0.0,11.799156918275935,0.0,0.0,0.0,0.0,0.0,0.0,0.0,0.0,2.8547078793652303,0.0,6.942371047218643,2.0020779916920644
3368.0,13.0,35.15934511248011,0.3697452258684289,0.0,0.0,0.0,0.0,3.530827219857346,0.0,0.0,0.0,0.0,0.0,0.0,0.0,0.0,2.015184164105668,0.0,0.5146040599056466,1.001038995846032
3373.0,32.333333333333336,92.65790658749891,0.34895385104346444,12.5,3.5,4.166666666666667,4.833333333333334,53.29965187110261,3.5,0.0,3.0,1.1666666666666667,1.0,0.1666666666666666,0.1666666666666666,3.5,3.022776246158502,0.0,35.60804699583773,2.168828629106376
3374.0,23.5,67.96217423602438,0.34578057962635733,36.16666666666666,4.5,1.5,30.166666666666664,79.2293730109956,4.5,0.0,1.3333333333333333,0.1666666666666666,3.1666666666666665,5.666666666666667,2.5,18.83333333333333,4.198118125124414,0.0,37.19616439340366,1.6684238258008506
3176.0,70.33333333333333,179.54937717652615,0.39172139964698544,43.16666666666667,11.0,1.5,30.666666666666668,54.01226954923447,7.5,3.5,1.5,0.0,0.3333333333333333,2.333333333333333,5.5,22.5,1.847434367192589,0.0,4.495901305188787,4.502267210186415
2587.0,272.1656748445412,811.6632220313418,0.3353184762559461,508.49692722455546,94.33276269879042,6.1666333665924675,407.9975311591726,646.4292578130116,69.6662444407659,24.666518258024517,5.8332996263893495,0.33333374020311807,1.833322173289096,20.499882127413503,204.33209151193353,181.33223534653644,1.007586242836324,0.0,119.90714247412812,17.017601871491667
2731.0,442.1666666666667,1293.9327541541509,0.341723065010216,134.83333333333334,6.333333333333333,102.66666666666669,25.83333333333333,187.0436222375358,6.333333333333333,0.0,3.1666666666666665,99.5,14.5,0.0,0.1666666666666666,11.166666666666666,1.007592082052834,0.0,22.839759579833828,28.36293724231578
2733.0,43.66666666666666,124.37770905366835,0.35108113020336074,1400.3333333333337,149.16666666666666,918.0,333.16666666666663,1461.830704383364,141.66666666666666,7.5,728.3333333333334,189.66666666666663,22.83333333333333,72.66666666666667,40.0,197.66666666666663,0.0,0.0,58.66100469990668,2.836366350123785
2742.0,92.0,270.2318029876542,0.3404484556697537,841.8333333333334,39.0,223.5,579.3333333333334,884.8123109576425,34.5,4.5,63.66666666666666,159.83333333333334,39.333333333333336,12.666666666666666,21.166666666666668,506.1666666666667,0.0,0.0,36.97274364923294,6.006233975076193
3400.0,1.0,1.8207164856474116,0.5492343304863411,0.0,0.0,0.0,0.0,4.069953255896385,0.0,0.0,0.0,0.0,0.0,0.0,0.0,0.0,4.030368328211336,0.0,0.0395849276850497,0.0
3257.0,96.83333333333331,322.2261188141626,0.3005136073068614,16.666666666666664,4.166666666666667,0.3333333333333333,12.166666666666666,40.510230649650005,2.833333333333333,1.3333333333333333,0.3333333333333333,0.0,0.0,0.1666666666666666,1.8333333333333333,10.166666666666666,2.015184164105668,0.0,15.654515688420888,6.173864130456786
3229.0,0.0,0.0,0.0,0.0,0.0,0.0,0.0,4.030368328211336,0.0,0.0,0.0,0.0,0.0,0.0,0.0,0.0,4.030368328211336,0.0,0.0,0.0
3252.0,13.0,38.44221105506976,0.33816993464234046,0.0,0.0,0.0,0.0,4.538419301910181,0.0,0.0,0.0,0.0,0.0,0.0,0.0,0.0,3.022776246158502,0.0,0.5146040599056466,1.001038995846032
3253.0,13.833333333333334,42.010475844507134,0.32928294800883673,0.0,0.0,0.0,0.0,2.5562353929007875,0.0,0.0,0.0,0.0,0.0,0.0,0.0,0.0,1.007592082052834,0.0,0.5476043150019213,1.001038995846032
3254.0,21.666666666666668,66.53133387927303,0.3256610893444996,0.0,0.0,0.0,0.0,5.8804196972613285,0.0,0.0,0.0,0.0,0.0,0.0,0.0,0.0,2.855026449245423,0.0,1.857488972736989,1.1679042752789164
3342.0,12.333333333333334,41.60557533667699,0.29643463005932774,0.0,0.0,0.0,0.0,4.5121060404558735,0.0,0.0,0.0,0.0,0.0,0.0,0.0,0.0,3.022776246158502,0.0,0.4882907984513396,1.001038995846032
3336.0,4.0,14.94266383484932,0.26768988743969396,0.0,0.0,0.0,0.0,4.188708038951535,0.0,0.0,0.0,0.0,0.0,0.0,0.0,0.0,4.030368328211336,0.0,0.1583397107401989,0.0
3335.0,14.0,50.52146609187303,0.277109931341681,0.0,0.0,0.0,0.0,4.57800422959523,0.0,0.0,0.0,0.0,0.0,0.0,0.0,0.0,3.022776246158502,0.0,0.5541889875906963,1.001038995846032
3328.0,8.0,29.612119190700724,0.270159658229131,0.0,0.0,0.0,0.0,8.370862991696267,0.0,0.0,0.0,0.0,0.0,0.0,0.0,0.0,7.0531445743698375,0.0,0.3166794214803979,1.001038995846032
3407.0,11.0,27.004011045357533,0.40734689307909666,0.0,0.0,0.0,0.0,5.466841528592915,0.0,0.0,0.0,0.0,0.0,0.0,0.0,0.0,4.030368328211336,0.0,0.4354342045355472,1.001038995846032
3160.0,6.166666666666667,14.647283272582612,0.4210109514444694,0.0,0.0,0.0,0.0,9.61539787131355,0.0,0.0,0.0,0.0,0.0,0.0,0.0,0.0,5.037960410264169,0.0,4.577437461049382,0.0
2949.0,2.0,2.820716485647412,0.7090397103631488,336.8333333333333,47.16666666666666,141.16666666666666,148.5,352.2607789097682,43.66666666666666,3.5,28.33333333333333,112.83333333333331,15.5,20.166666666666668,15.833333333333334,97.0,2.015184164105668,0.0,13.412261412329222,0.0
2939.0,121.16666666666669,318.95807423704093,0.37988273837087105,336.1666666666667,0.0,0.1666666666666666,336.0,363.2859500953132,0.0,0.0,0.1666666666666666,0.0,0.0,336.0,0.0,0.0,1.007592082052834,0.0,18.10337937982544,8.008311966768256
2979.0,447.0,1043.6608850656685,0.4283000411305768,23.0,1.6666666666666667,0.6666666666666666,20.666666666666664,70.63519623584631,1.5,0.1666666666666666,0.5,0.1666666666666666,4.666666666666667,3.8333333333333335,2.1666666666666665,10.0,0.0,0.0,18.60506535631137,29.030130879534934
2971.0,563.0,1398.489382389065,0.402577243052226,0.0,0.0,0.0,0.0,58.32371813714017,0.0,0.0,0.0,0.0,0.0,0.0,0.0,0.0,0.0,0.0,22.28631428668301,36.03740385045716
2928.0,150.5,406.7085409668817,0.3700438639479057,225.16666666666669,10.666666666666666,159.66666666666669,54.833333333333336,254.0449294480637,9.0,1.6666666666666667,158.83333333333334,0.8333333333333334,4.666666666666667,5.833333333333333,8.5,35.833333333333336,0.0,0.0,19.36835417695932,9.509908604437705
3010.0,117.0,263.0875344452392,0.44471890409673953,111.66666666666666,1.1666666666666667,84.66666666666666,25.833333333333336,127.72569693608706,1.0,0.1666666666666666,40.66666666666666,44.0,1.1666666666666667,21.33333333333333,0.6666666666666666,2.6666666666666665,0.0,0.0,9.051757298498162,7.007272970922226
2924.0,125.33333333333331,318.6120569625944,0.39337285138599654,847.0,37.833333333333336,72.83333333333334,736.3333333333334,893.4984292061099,32.0,5.833333333333333,71.66666666666667,1.1666666666666667,444.1666666666667,172.66666666666666,56.16666666666666,63.333333333333336,0.0,0.0,38.49011723934166,8.008311966768256
2922.0,287.0,773.6848759889149,0.370952061888453,43.66666666666667,7.166666666666667,12.5,24.0,74.77512009906216,7.166666666666667,0.0,11.0,1.5,7.833333333333333,0.3333333333333333,2.0,13.833333333333334,0.0,0.0,13.089751507166914,18.01870192522858
2912.0,147.83333333333334,358.2127276820365,0.4126970425924004,43.99999999999999,3.833333333333333,0.8333333333333333,39.33333333333333,62.4428476314459,3.6666666666666665,0.1666666666666666,0.6666666666666666,0.1666666666666666,4.833333333333333,7.833333333333333,4.666666666666667,22.0,0.6717739183464833,0.0,8.094529113265976,9.67654459983344
2821.0,160.66666666666666,442.1722358693831,0.3633576548531358,145.0,15.833333333333332,1.5,127.66666666666666,169.9435133620904,14.666666666666666,1.1666666666666667,0.6666666666666666,0.8333333333333334,7.333333333333333,16.5,12.333333333333334,91.5,0.0,0.0,14.933123403630118,10.01038995846032
2819.0,2.0,6.103582428237057,0.32767641356777333,134.66666666666669,7.333333333333333,58.5,68.83333333333334,144.08520754540777,6.0,1.3333333333333333,58.16666666666666,0.3333333333333333,2.833333333333333,33.5,6.0,26.5,1.007592082052834,0.0,8.410948796688269,0.0
2887.0,735.5,1860.4306451658813,0.3953385749214106,1264.0,657.3333333333334,15.5,591.1666666666666,1390.3669742012346,469.1666666666667,188.16666666666663,14.666666666666666,0.8333333333333334,35.833333333333336,48.833333333333336,64.66666666666667,441.8333333333333,0.0,0.0,79.15139075905672,47.215583442177824
2932.0,593.5,1465.783213538835,0.4049029860064471,41.333333333333336,0.3333333333333333,0.1666666666666666,40.833333333333336,104.50234414344052,0.3333333333333333,0.0,0.1666666666666666,0.0,1.0,7.0,0.5,32.333333333333336,0.0,0.0,25.12952896795797,38.03948184214922
2274.0,0.0,0.0,0.0,850.0,0.0,775.0,75.0,886.6699647784508,0.0,0.0,775.0,0.0,74.0,1.0,0.0,0.0,3.022776246158502,0.0,33.64718853229228,0.0
2278.0,0.0,0.0,0.0,0.0,0.0,0.0,0.0,6.045552492317004,0.0,0.0,0.0,0.0,0.0,0.0,0.0,0.0,6.045552492317004,0.0,0.0,0.0
2279.0,0.0,0.0,0.0,0.0,0.0,0.0,0.0,5.037960410264169,0.0,0.0,0.0,0.0,0.0,0.0,0.0,0.0,5.037960410264169,0.0,0.0,0.0
2248.0,0.0,0.0,0.0,0.0,0.0,0.0,0.0,3.022776246158502,0.0,0.0,0.0,0.0,0.0,0.0,0.0,0.0,3.022776246158502,0.0,0.0,0.0
2244.0,0.0,0.0,0.0,0.0,0.0,0.0,0.0,6.045552492317004,0.0,0.0,0.0,0.0,0.0,0.0,0.0,0.0,6.045552492317004,0.0,0.0,0.0
2262.0,40.0,107.57616383156868,0.3718295817150326,0.0,0.0,0.0,0.0,5.427004666359841,0.0,0.0,0.0,0.0,0.0,0.0,0.0,0.0,1.007592082052834,0.0,1.5831991252458126,2.8362134590611947
2259.0,0.0,0.0,0.0,217.8333331378152,3.166666663824399,13.499999987882966,201.16666648610786,228.4714369661077,0.16666666651707357,2.9999999973073255,5.999999994614651,7.499999993268314,126.4999998864589,61.66666661131724,4.166666662926842,8.833333325404904,2.0151841622969227,0.0,8.622919665995521,0.0
2258.0,1.0,1.8207164856474116,0.5492343304863411,129.83333333333331,1.0,2.6666666666666665,126.16666666666666,137.53150461804185,0.0,1.0,2.0,0.6666666666666666,110.5,13.333333333333334,2.333333333333333,0.0,2.5191163033886808,0.0,5.179054981319848,0.0
2237.0,8.666666666666666,24.53905946683909,0.3531784369477724,0.0,0.0,0.0,0.0,0.6778437608202332,0.0,0.0,0.0,0.0,0.0,0.0,0.0,0.0,0.0,0.0,0.3443042894922938,0.3335394713279394
2299.0,27.33333333333333,74.50872070456496,0.36684743845908874,0.0,0.0,0.0,0.0,4.763876725814158,0.0,0.0,0.0,0.0,0.0,0.0,0.0,0.0,2.015184164105668,0.0,1.0804596657270082,1.6682328959814818
2307.0,345.0,901.0361465524225,0.3828925191514809,0.0,0.0,0.0,0.0,54.5130001053702,0.0,0.0,0.0,0.0,0.0,0.0,0.0,0.0,0.0,0.0,32.48991259723527,22.023087508134925
2269.0,76.83333333333333,195.973728334356,0.39205935400813485,130.66666666666666,3.5,18.33333333333333,108.83333333333331,146.06688940138787,2.5,1.0,2.6666666666666665,15.666666666666666,42.16666666666666,51.0,5.166666666666667,10.5,2.015184164105668,0.0,8.212863512191342,5.172175058424155
2265.0,0.0,0.0,0.0,75.66666666666666,2.6666666666666665,1.6666666666666667,71.33333333333333,87.16048663650717,0.0,2.6666666666666665,1.6666666666666667,0.0,66.83333333333333,1.6666666666666667,2.833333333333333,0.0,0.0,0.0,11.493819969840516,0.0
2257.0,27.0,91.8366023661455,0.29400042362578993,0.0,0.0,0.0,0.0,3.0708710391884075,0.0,0.0,0.0,0.0,0.0,0.0,0.0,0.0,0.0,0.0,1.0687930474963432,2.0020779916920644
2234.0,0.0,0.0,0.0,220.8333333333333,4.666666666666667,69.0,147.16666666666666,234.612891510052,4.0,0.6666666666666666,16.333333333333332,52.66666666666666,139.83333333333334,2.6666666666666665,1.0,3.6666666666666665,5.037960410264169,0.0,8.741597766454516,0.0
2243.0,1.0,1.8207164856474116,0.5492343304863411,47.99999999999999,0.0,1.0,46.99999999999999,49.93966145656743,0.0,0.0,1.0,0.0,40.66666666666666,5.166666666666667,1.0,0.1666666666666666,0.0,0.0,1.9396614565674373,0.0
2233.0,0.8463357684625191,1.5409374860327794,0.5492343304863411,39.91883707914881,0.2821119228208397,9.591805375908551,30.044919780419423,45.79628663632048,0.2821119228208397,0.0,1.9747834597458778,7.617021916162672,28.35224824349439,0.5642238456416794,0.1410559614104198,0.987391729872939,4.263806095304674,0.0,1.6136434618669946,0.0
2232.0,1.1536642744578276,3.7419285551432933,0.3083074028423424,7.24783102456452,0.0512214206683005,1.7415283027222173,5.455081301174003,8.354550277355218,0.0512214206683005,0.0,0.3585499446781035,1.3829783580441137,5.147752777164201,0.102442841336601,0.025610710334150244,0.1792749723390518,0.7741544684531545,0.0,0.33256478433754205,0.0
2240.0,0.0,0.0,0.0,0.0,0.0,0.0,0.0,0.0,0.0,0.0,0.0,0.0,0.0,0.0,0.0,0.0,0.0,0.0,0.0,0.0
2287.0,0.0,0.0,0.0,0.0,0.0,0.0,0.0,4.030368328211336,0.0,0.0,0.0,0.0,0.0,0.0,0.0,0.0,4.030368328211336,0.0,0.0,0.0
2350.0,26.639533404149926,71.98226771034732,0.37008466461970807,92.14316045125965,5.9141429200252125,12.037060905452382,74.19195662578207,123.65526881445268,2.882863225090246,3.031279694934966,1.4021876199455654,10.634873285506815,62.765680924991756,0.8783566403171881,4.901568072691363,5.646350987781745,5.0091893306489865,0.0,24.98112672161488,1.5217923109291618
2348.0,38.5,104.01997784301471,0.37012120939021526,0.0,0.0,0.0,0.0,6.548819160498272,0.0,0.0,0.0,0.0,0.0,0.0,0.0,0.0,3.022776246158502,0.0,1.5239649226477054,2.0020779916920644
2359.0,759.8333333333334,1994.2937324941945,0.3810037212437287,251.5,25.0,57.83333333333333,168.66666666666669,473.607959159989,15.833333333333334,9.166666666666666,6.666666666666667,51.16666666666666,101.16666666666669,5.666666666666667,13.333333333333334,48.5,1.511024153163078,0.0,172.04971874828456,48.54721625854137
2376.0,40.492019662574364,136.53201319083595,0.2965752772280384,78.05110180255937,2.34682666283578,5.035425445451983,70.66884969427161,88.39481627986231,1.651328597147288,0.6954980656884922,1.853201046438861,3.1822243990131223,57.27990584104222,7.997003688144281,2.272390670176459,3.1195494949086626,3.1244705119379295,0.0,4.691437113613343,2.527806851751664
2340.0,402.0,1031.5077104961406,0.38972079016902716,0.0,0.0,0.0,0.0,800.2927094644544,0.0,0.0,0.0,0.0,0.0,0.0,0.0,0.0,2.6873672539590228,0.0,772.0798045688066,25.525537641688867
2361.0,0.0,0.0,0.0,33.5,3.333333333333333,2.833333333333333,27.33333333333333,39.86793450507603,2.0,1.3333333333333333,0.8333333333333334,2.0,19.83333333333333,0.8333333333333334,2.0,4.666666666666667,5.037960410264169,0.0,1.3299740948118586,0.0
2362.0,92.08882643402067,235.11187236784411,0.39168088581227906,89.37129622256907,6.775851653331143,16.28159646518251,66.31384810405544,112.94707135355313,3.974131565924588,2.8017200874065558,2.21551434814754,14.06608211703497,48.02795142035653,1.7679567322215837,7.78878587036885,8.729154081108465,3.9210651569444144,0.0,13.77479960359075,5.879910370448889
2338.0,53.833333333333336,145.07529231150866,0.37107168612654795,0.0,0.0,0.0,0.0,40.48565400791913,0.0,0.0,0.0,0.0,0.0,0.0,0.0,0.0,2.015184164105668,0.0,34.8000446822114,3.670425161602064
2286.0,0.0,0.0,0.0,0.0,0.0,0.0,0.0,5.037960410264169,0.0,0.0,0.0,0.0,0.0,0.0,0.0,0.0,5.037960410264169,0.0,0.0,0.0
2293.0,0.0,0.0,0.0,0.0,0.0,0.0,0.0,4.701868766114851,0.0,0.0,0.0,0.0,0.0,0.0,0.0,0.0,4.701868766114851,0.0,0.0,0.0
2303.0,304.69043275454806,803.3863342201149,0.379257674391892,4.03346934381769,0.0,0.0,4.03346934381769,36.147410779714114,0.0,0.0,0.0,0.0,0.0,4.03346934381769,0.0,0.0,0.0796745878623706,0.0,12.554649869066868,19.479616978967183
2304.0,514.5558759987775,1477.120301064922,0.34835068993893814,100.78512493192208,3.6774479411062724,11.73270960406586,85.37496738674996,159.74165920164123,1.7799024695258079,1.8975454715804645,3.8702875342612195,7.862422069804642,69.55573740376293,9.177447972032175,4.632085768900603,2.0096962420542246,0.029272462515189748,0.0,25.96220624019256,32.965055567011376
2261.0,0.0,0.0,0.0,28.666666666666668,0.1666666666666666,1.0,27.5,31.822507768260834,0.0,0.1666666666666666,1.0,0.0,25.666666666666668,0.0,1.8333333333333333,0.0,2.015184164105668,0.0,1.1406569374884965,0.0
2260.0,0.0,0.0,0.0,81.0,1.0,1.1666666666666667,78.83333333333333,89.24417587943142,0.0,1.0,1.1666666666666667,0.0,71.16666666666667,1.3333333333333333,6.333333333333333,0.0,5.037960410264169,0.0,3.206215469167256,0.0
2249.0,0.979274943451858,2.7085014438247805,0.3615559983121093,0.802678853088798,0.012161800804375726,0.0,0.7905170522844224,11.277763881386159,0.012161800804375726,0.0,0.0,0.0,0.6932226458494166,0.08513260563063012,0.0,0.012161800804375726,5.237516072014016,0.0,5.237568956283346,0.0
2329.0,0.0,0.0,0.0,0.0,0.0,0.0,0.0,5.037960410264169,0.0,0.0,0.0,0.0,0.0,0.0,0.0,0.0,5.037960410264169,0.0,0.0,0.0
2333.0,1.1132534139471506,2.076003188191388,0.5362484124684875,0.0,0.0,0.0,0.0,4.131493002716997,0.0,0.0,0.0,0.0,0.0,0.0,0.0,0.0,4.087424946830764,0.0,0.04406805588623266,0.0
2330.0,0.0,0.0,0.0,0.0,0.0,0.0,0.0,4.030368328211336,0.0,0.0,0.0,0.0,0.0,0.0,0.0,0.0,4.030368328211336,0.0,0.0,0.0
2331.0,7.001612971462839,16.77087815135337,0.41748636584649124,0.0,0.0,0.0,0.0,14.429885189830193,0.0,0.0,0.0,0.0,0.0,0.0,0.0,0.0,4.2328618749866225,0.0,9.612967163514403,0.5840561513291659
2326.0,87.55440253835182,237.33608233793592,0.3689047264784866,44.48103092168678,2.193616853791168,6.163145669372616,36.12426839852299,73.64304793172863,0.5594072923678928,1.6342095614232752,1.055471362403791,5.107674306968825,27.79888023639314,3.9393434550757886,2.5525810764735173,1.833463630580548,5.663788319021037,0.0,18.117615011115944,5.380613679904869
2280.0,0.0,0.0,0.0,0.0,0.0,0.0,0.0,4.030368328211336,0.0,0.0,0.0,0.0,0.0,0.0,0.0,0.0,4.030368328211336,0.0,0.0,0.0
2277.0,0.0,0.0,0.0,114.0,4.833333333333333,2.1666666666666665,107.0,132.05906316885591,0.0,4.833333333333333,2.1666666666666665,0.0,98.83333333333331,2.1666666666666665,6.0,0.0,5.037960410264169,0.0,13.021102758591738,0.0
2263.0,5.7732145766617196,15.205890029744843,0.3796696257416374,195.97096995749183,7.70939706972163,12.563461891398212,175.69811099637198,211.898013126135,0.0,7.70939706972163,12.563461891398212,0.0,159.32753944091368,5.7106644960900965,10.65990705936818,0.0,4.788544004392074,0.0,10.83735054048,0.30114862377108575
2254.0,859.0089176102942,2214.796477928127,0.3878500467970178,240.9423105763188,7.937542642289173,9.372031044473367,223.63273688955627,496.9915964215782,0.0,7.937542642289173,9.372031044473367,0.0,199.41752751480786,11.20061244849254,13.014596926255857,0.0,5.142703391301679,0.0,196.06208523860607,54.84449721535161
2231.0,0.0,0.0,0.0,0.0,0.0,0.0,0.0,0.0,0.0,0.0,0.0,0.0,0.0,0.0,0.0,0.0,0.0,0.0,0.0,0.0
2247.0,118.16764282848231,311.2664554503312,0.3796350064690422,0.00016897100300372153,2.246035827247832e-06,1.2439583043218764e-05,0.00015428538413325495,26.5467247493731,0.0,2.246035827247832e-06,1.2439583043218764e-05,0.0,0.00012975176202024017,1.5376706817312084e-05,9.156915295702702e-06,0.0,4.366051780203901,0.0,14.67219089597299,7.508313102193206
2239.0,2.0,6.103582428237057,0.32767641356777333,0.0,0.0,0.0,0.0,2.0943540194757677,0.0,0.0,0.0,0.0,0.0,0.0,0.0,0.0,2.015184164105668,0.0,0.0791698553700994,0.0
2238.0,9.0,32.11615431861881,0.28023280467245726,34.0,1.1666666666666667,1.0,31.83333333333333,40.73355921451451,0.0,1.1666666666666667,1.0,0.0,29.83333333333333,2.0,0.0,0.0,4.030368328211336,0.0,1.7021518904571389,1.001038995846032
2285.0,0.0,0.0,0.0,0.0,0.0,0.0,0.0,0.0,0.0,0.0,0.0,0.0,0.0,0.0,0.0,0.0,0.0,0.0,0.0,0.0
2323.0,0.0,0.0,0.0,0.0,0.0,0.0,0.0,5.037960410264169,0.0,0.0,0.0,0.0,0.0,0.0,0.0,0.0,5.037960410264169,0.0,0.0,0.0
2388.0,10.33427622968404,35.41973947027206,0.29176601477708897,16.830967706030563,0.33952960790263376,0.2425211485018813,16.24891694962605,21.79438386969802,0.0,0.33952960790263376,0.2425211485018813,0.0,14.357251991311376,1.2126057425094066,0.6790592158052676,0.0,0.7345357334045778,0.0,3.6462082207183353,0.5826722095445467
2392.0,0.0,0.0,0.0,0.0,0.0,0.0,0.0,5.037960410264169,0.0,0.0,0.0,0.0,0.0,0.0,0.0,0.0,5.037960410264169,0.0,0.0,0.0
2401.0,0.0,0.0,0.0,0.0,0.0,0.0,0.0,5.037960410264169,0.0,0.0,0.0,0.0,0.0,0.0,0.0,0.0,5.037960410264169,0.0,0.0,0.0
2335.0,18.0,55.34755120966645,0.3252176402857061,0.0,0.0,0.0,0.0,40.569453196346274,0.0,0.0,0.0,0.0,0.0,0.0,0.0,0.0,3.022776246158502,0.0,36.37861978384627,1.1680571663415067
2334.0,1.0,3.051912319583522,0.32766341076812605,0.0,0.0,0.0,0.0,0.0394793775650899,0.0,0.0,0.0,0.0,0.0,0.0,0.0,0.0,0.0,0.0,0.0394793775650899,0.0
2291.0,0.0,0.0,0.0,0.0,0.0,0.0,0.0,1.007592082052834,0.0,0.0,0.0,0.0,0.0,0.0,0.0,0.0,1.007592082052834,0.0,0.0,0.0
2284.0,0.0,0.0,0.0,0.0,0.0,0.0,0.0,1.007592082052834,0.0,0.0,0.0,0.0,0.0,0.0,0.0,0.0,1.007592082052834,0.0,0.0,0.0
3173.0,1.3333333333333333,2.974096554348133,0.44831541578029743,0.0,0.0,0.0,0.0,10.734746188501028,0.0,0.0,0.0,0.0,0.0,0.0,0.0,0.0,2.015184164105668,0.0,8.552811386981048,0.1667506374143116
3071.0,112.33333316200236,334.6110864865141,0.33571312397782654,1279.83333138133,461.3333326297071,62.99999990391231,755.4999988477103,1341.9491525659664,314.49999952032414,146.83333310938295,16.499999974834175,46.499999929078136,33.83333328173069,166.16666641322902,49.333333258090065,506.1666658946606,0.0,0.0,55.10854822440174,7.007272960234723
2481.0,926.0,3081.593658279867,0.3004938686552494,73.33333333333334,12.666666666666666,11.666666666666668,49.0,197.9526515235562,9.5,3.1666666666666665,4.5,7.166666666666667,4.333333333333333,2.833333333333333,7.333333333333333,34.5,0.0,0.0,65.22455414660608,59.3947640436168
2488.0,599.999998475048,1772.8993054818386,0.33842869508710194,83.66666645402057,11.166666638285614,16.666666624306885,55.83333319142807,162.09648558226124,7.999999979667306,3.1666666586183085,8.499999978396513,8.166666645910375,7.333333314695031,25.333333268946465,5.666666652264342,17.49999995552223,0.0,0.0,39.888862080434826,38.54095704780583
2489.0,415.6666666666667,1104.5568488762467,0.3763198490775349,0.0,0.0,0.0,0.0,61.15551693802272,0.0,0.0,0.0,0.0,0.0,0.0,0.0,0.0,0.0,0.0,34.62840444545622,26.527112492566506
2469.0,672.3333333333334,2092.741229172896,0.3212692156875298,22.333333333333336,6.333333333333334,4.333333333333334,11.666666666666668,157.2264563798355,4.666666666666667,1.6666666666666667,0.5,3.8333333333333335,0.0,1.0,1.6666666666666667,9.0,1.007592082052834,0.0,90.841122044193,43.04440892025631
2462.0,386.5,1162.2039617501082,0.33255780630620796,0.0,0.0,0.0,0.0,49.49815206755868,0.0,0.0,0.0,0.0,0.0,0.0,0.0,0.0,1.007592082052834,0.0,23.63057074562381,24.85998923988204
2433.0,141.33333333333334,381.3235854978106,0.3706388450869762,0.0,0.0,0.0,0.0,94.1089646140977,0.0,0.0,0.0,0.0,0.0,0.0,0.0,0.0,0.0,0.0,85.09930813208175,9.00965648201596
2464.0,205.5,623.0795693752706,0.3298134140492588,159.33333333333334,38.0,15.666666666666668,105.66666666666669,197.1416323121742,28.166666666666668,9.833333333333334,6.833333333333333,8.833333333333334,14.833333333333334,5.5,17.166666666666668,68.16666666666667,1.8470701885290053,0.0,22.947185989402204,13.014042800909634
2559.0,541.6666666666666,1615.2794851115784,0.3353392844144554,70.33333333333334,17.333333333333336,4.333333333333333,48.66666666666667,147.5864633447668,12.833333333333334,4.5,4.333333333333333,0.0,0.1666666666666666,3.0,12.166666666666666,33.333333333333336,0.0,0.0,42.54976940426948,34.70336060716397
2346.0,209.33333333333331,646.6370447819992,0.3237261691431642,175.66666666666669,1.5,7.5,166.66666666666669,204.08701463279183,0.5,1.0,1.1666666666666667,6.333333333333333,7.166666666666667,155.83333333333334,1.8333333333333333,1.8333333333333333,0.0,0.0,15.406841020126777,13.013506945998415
2399.0,0.0,0.0,0.0,0.0,0.0,0.0,0.0,5.037960410264169,0.0,0.0,0.0,0.0,0.0,0.0,0.0,0.0,5.037960410264169,0.0,0.0,0.0
2396.0,0.0,0.0,0.0,0.0,0.0,0.0,0.0,5.037960410264169,0.0,0.0,0.0,0.0,0.0,0.0,0.0,0.0,5.037960410264169,0.0,0.0,0.0
2400.0,0.0,0.0,0.0,0.0,0.0,0.0,0.0,5.037960410264169,0.0,0.0,0.0,0.0,0.0,0.0,0.0,0.0,5.037960410264169,0.0,0.0,0.0
2327.0,5.0,13.207164856474115,0.37858238723725884,74.33333333333333,2.5,6.666666666666667,65.16666666666666,86.1516620837471,0.1666666666666666,2.333333333333333,2.5,4.166666666666667,57.66666666666666,2.833333333333333,3.1666666666666665,1.5,2.015184164105668,0.0,9.803144586308113,0.0
2322.0,2.0,4.462149456942234,0.4482144803304134,0.0,0.0,0.0,0.0,5.117130265634269,0.0,0.0,0.0,0.0,0.0,0.0,0.0,0.0,5.037960410264169,0.0,0.0791698553700994,0.0
2272.0,78.83333333333333,195.36329982659493,0.40352171264155573,635.8333333333334,21.666666666666668,21.166666666666668,593.0,710.4941072221726,1.5,20.166666666666668,15.333333333333334,5.833333333333333,543.3333333333334,13.0,34.0,2.6666666666666665,5.205528708884672,0.0,64.2828022729401,5.172442907014472
2289.0,0.0,0.0,0.0,0.0,0.0,0.0,0.0,5.037960410264169,0.0,0.0,0.0,0.0,0.0,0.0,0.0,0.0,5.037960410264169,0.0,0.0,0.0
2283.0,0.0,0.0,0.0,0.0,0.0,0.0,0.0,2.686684588631946,0.0,0.0,0.0,0.0,0.0,0.0,0.0,0.0,2.686684588631946,0.0,0.0,0.0
2282.0,0.5,0.7733786602141612,0.646513830445673,356.0,9.833333333333334,8.166666666666666,338.0,389.1429164175916,0.0,9.833333333333334,8.166666666666666,0.0,308.6666666666667,5.833333333333333,23.5,0.0,1.007592082052834,0.0,32.13532433553879,0.0
2228.0,17.499999965246932,51.41974040336093,0.34033621772433303,0.0,0.0,0.0,0.0,24.027538584242134,0.0,0.0,0.0,0.0,0.0,0.0,0.0,0.0,22.167025761141076,0.0,0.6924937503805889,1.1680190727204698
2455.0,117.22077779641556,349.6741338829089,0.3352286212730503,3.355671030244795,0.6119164819858156,0.7500911714664835,1.993663376792496,18.504476343734545,0.4540025511507664,0.15791393083504918,0.039478482708762294,0.7106126887577213,0.35530634437886066,0.039478482708762294,0.19739241354381148,1.4014861361610615,2.3731880067937596,0.0,4.813159055651585,7.962458251044404
2619.0,441.3333333333333,1172.3043909646908,0.376466501989436,179.16666666666669,34.833333333333336,42.66666666666667,101.66666666666669,235.09183935470887,33.0,1.8333333333333333,40.833333333333336,1.8333333333333333,11.333333333333334,6.333333333333333,8.333333333333334,75.66666666666667,0.0,0.0,27.729100672614607,28.196072015427596
3485.0,282.6666666666667,829.2598186882323,0.3408662282875396,176.66666666666663,45.83333333333333,2.5,128.33333333333331,228.0346464532272,14.0,31.83333333333333,2.0,0.5,116.83333333333331,8.333333333333334,2.0,1.1666666666666667,0.0,0.0,33.01596793698154,18.352011849579
3561.0,0.0,0.0,0.0,0.0,0.0,0.0,0.0,0.0,0.0,0.0,0.0,0.0,0.0,0.0,0.0,0.0,0.0,0.0,0.0,0.0
3514.0,0.9999999994942917,3.5990573115818396,0.2778505349932249,0.0,0.0,0.0,0.0,39.50374447456148,0.0,0.0,0.0,0.0,0.0,0.0,0.0,0.0,39.464159546896454,0.0,0.03958492766503128,0.0
2217.0,0.99999999854513,2.231291799883919,0.4481708750944875,0.0,0.0,0.0,0.0,762.7868806301452,0.0,0.0,0.0,0.0,0.0,0.0,0.0,0.0,762.7472957025178,0.0,0.03958492762745878,0.0
3553.0,0.0,0.0,0.0,0.0,0.0,0.0,0.0,0.0,0.0,0.0,0.0,0.0,0.0,0.0,0.0,0.0,0.0,0.0,0.0,0.0
3554.0,0.0,0.0,0.0,0.0,0.0,0.0,0.0,0.0,0.0,0.0,0.0,0.0,0.0,0.0,0.0,0.0,0.0,0.0,0.0,0.0
2219.0,0.0,0.0,0.0,0.0,0.0,0.0,0.0,0.0,0.0,0.0,0.0,0.0,0.0,0.0,0.0,0.0,0.0,0.0,0.0,0.0
2528.0,96.0,222.52743118369224,0.43140748755938224,694.6666666666666,178.33333333333331,12.333333333333334,504.0,732.1355094612929,84.83333333333333,93.5,10.5,1.8333333333333333,22.666666666666668,95.5,67.16666666666667,318.6666666666667,0.0,0.0,31.46260881955006,6.006233975076193
2529.0,3.0,8.74501539953188,0.3430525691424843,2759.0,318.3333333333333,74.16666666666667,2366.5,2868.3376633100515,194.16666666666663,124.16666666666669,52.0,22.166666666666668,10.333333333333334,452.0,796.5,1107.6666666666667,0.0,0.0,109.33766331005177,0.0
2524.0,426.3333333333333,1005.0763550485314,0.4241800448213184,464.8333333333333,93.83333333333331,56.66666666666667,314.3333333333333,528.6481869010794,76.5,17.333333333333332,52.333333333333336,4.333333333333333,6.833333333333333,62.16666666666666,73.33333333333333,172.0,1.007592082052834,0.0,35.278689047328434,27.5285724383648
2218.0,0.0,0.0,0.0,0.0,0.0,0.0,0.0,1.007592082432344,0.0,0.0,0.0,0.0,0.0,0.0,0.0,0.0,1.007592082432344,0.0,0.0,0.0
3550.0,0.0,0.0,0.0,0.0,0.0,0.0,0.0,0.0,0.0,0.0,0.0,0.0,0.0,0.0,0.0,0.0,0.0,0.0,0.0,0.0
3562.0,1.0000000000322393,6.000000000193436,0.16666666666666666,0.0,0.0,0.0,0.0,0.0,0.0,0.0,0.0,0.0,0.0,0.0,0.0,0.0,0.0,0.0,0.0,0.0
3492.0,149.3333329530597,413.4642434676717,0.36117593071802334,0.0,0.0,0.0,0.0,15.418048896157336,0.0,0.0,0.0,0.0,0.0,0.0,0.0,0.0,0.0,0.0,5.907566737839278,9.51048215831806
2421.0,0.0,0.0,0.0,0.0,0.0,0.0,0.0,19.144249833248107,0.0,0.0,0.0,0.0,0.0,0.0,0.0,0.0,19.144249833248107,0.0,0.0,0.0
2420.0,0.0,0.0,0.0,0.0,0.0,0.0,0.0,20.151841539001012,0.0,0.0,0.0,0.0,0.0,0.0,0.0,0.0,20.151841539001012,0.0,0.0,0.0
2390.0,7.0,20.131463770358582,0.3477144076481288,0.0,0.0,0.0,0.0,4.307462822006684,0.0,0.0,0.0,0.0,0.0,0.0,0.0,0.0,4.030368328211336,0.0,0.2770944937953482,0.0
2394.0,0.0,0.0,0.0,0.0,0.0,0.0,0.0,10.915672177144227,0.0,0.0,0.0,0.0,0.0,0.0,0.0,0.0,10.915672177144227,0.0,0.0,0.0
2931.0,206.83333333333331,522.6692847028851,0.39572505863035196,6012.5,11.833333333333334,5.666666666666667,5995.0,6271.872292648871,9.0,2.833333333333333,5.666666666666667,0.0,3.0,5929.0,8.833333333333334,54.16666666666666,0.0,0.0,246.19211151097724,13.180181137893472
2502.0,1379.8332838601543,4348.977488189048,0.31727763310054036,475.3333162905134,86.16666357720737,50.166664867967924,338.9999878453381,662.531171094122,61.166664473568865,24.999999103638505,49.16666490382238,0.9999999641455402,0.3333333213818467,135.16666182033885,51.666664814186234,151.8333278894312,0.504069096203567,0.0,98.43316023769681,88.2606254697081
2563.0,235.16664852643407,714.7550294585494,0.329017130113209,0.0,0.0,0.0,0.0,32.3404853102424,0.0,0.0,0.0,0.0,0.0,0.0,0.0,0.0,2.015184008658853,0.0,15.142737508393,15.182563793190551
2413.0,0.0,0.0,0.0,0.0,0.0,0.0,0.0,5.037960410264169,0.0,0.0,0.0,0.0,0.0,0.0,0.0,0.0,5.037960410264169,0.0,0.0,0.0
2412.0,0.0,0.0,0.0,0.0,0.0,0.0,0.0,4.030368328211336,0.0,0.0,0.0,0.0,0.0,0.0,0.0,0.0,4.030368328211336,0.0,0.0,0.0
2406.0,0.0,0.0,0.0,0.0,0.0,0.0,0.0,5.037960410264169,0.0,0.0,0.0,0.0,0.0,0.0,0.0,0.0,5.037960410264169,0.0,0.0,0.0
2414.0,0.0,0.0,0.0,0.0,0.0,0.0,0.0,5.037960410264169,0.0,0.0,0.0,0.0,0.0,0.0,0.0,0.0,5.037960410264169,0.0,0.0,0.0
2415.0,0.0,0.0,0.0,0.0,0.0,0.0,0.0,4.030368328211336,0.0,0.0,0.0,0.0,0.0,0.0,0.0,0.0,4.030368328211336,0.0,0.0,0.0
2408.0,0.0,0.0,0.0,22.0,0.0,0.0,22.0,24.88605257317676,0.0,0.0,0.0,0.0,20.0,2.0,0.0,0.0,2.015184164105668,0.0,0.8708684090710944,0.0
2410.0,0.0,0.0,0.0,0.0,0.0,0.0,0.0,0.0,0.0,0.0,0.0,0.0,0.0,0.0,0.0,0.0,0.0,0.0,0.0,0.0
2411.0,27.666666666666668,79.23890695334562,0.3491550771006506,0.0,0.0,0.0,0.0,10.953641191617027,0.0,0.0,0.0,0.0,0.0,0.0,0.0,0.0,3.022776246158502,0.0,6.095537591180772,1.8353273542777528
2393.0,0.0,0.0,0.0,0.0,0.0,0.0,0.0,0.0,0.0,0.0,0.0,0.0,0.0,0.0,0.0,0.0,0.0,0.0,0.0,0.0
2427.0,0.0,0.0,0.0,0.0,0.0,0.0,0.0,0.0,0.0,0.0,0.0,0.0,0.0,0.0,0.0,0.0,0.0,0.0,0.0,0.0
2424.0,1.0,2.6413829596099823,0.37858955527889704,0.0,0.0,0.0,0.0,15.153466158477558,0.0,0.0,0.0,0.0,0.0,0.0,0.0,0.0,15.113881230792508,0.0,0.0395849276850497,0.0
2430.0,0.0,0.0,0.0,38.0,0.0,1.8333333333333333,36.16666666666666,39.50422725203189,0.0,0.0,1.0,0.8333333333333334,36.16666666666666,0.0,0.0,0.0,0.0,0.0,1.5042272520318904,0.0
3163.0,0.1666666666666666,0.1666666666666666,1.0,353.66666666666663,39.16666666666666,219.33333333333331,95.16666666666666,369.6890252116796,35.0,4.166666666666667,216.83333333333331,2.5,7.5,11.166666666666666,13.333333333333334,63.16666666666666,2.015184164105668,0.0,14.007174380907172,0.0
3383.0,6.666666666666667,18.567186887278204,0.35905636686592024,1.8333333333333333,0.1666666666666666,1.3333333333333333,0.3333333333333333,10.867160277040751,0.1666666666666666,0.0,1.0,0.3333333333333333,0.0,0.0,0.0,0.3333333333333333,4.030368328211336,0.0,4.669919144168144,0.3335394713279394
3393.0,13.0,38.44221105506976,0.33816993464234046,0.0,0.0,0.0,0.0,3.530827219857346,0.0,0.0,0.0,0.0,0.0,0.0,0.0,0.0,2.015184164105668,0.0,0.5146040599056466,1.001038995846032
2419.0,437.49999992128136,1552.818901358999,0.28174566882099983,69.83333332076835,8.666666665107288,14.166666664117683,46.99999999154337,123.4452841350475,4.833333332463679,3.8333333326436083,4.333333332553644,9.83333333156404,9.166666665017324,18.999999996581362,5.99999999892043,12.833333331024255,0.0,0.0,25.750679915737933,27.86127089854123
2225.0,0.0,0.0,0.0,0.0,0.0,0.0,0.0,0.0,0.0,0.0,0.0,0.0,0.0,0.0,0.0,0.0,0.0,0.0,0.0,0.0
2220.0,8.000000015161632,21.131463810407016,0.3785823872372589,0.0,0.0,0.0,0.0,6.355678839635907,0.0,0.0,0.0,0.0,0.0,0.0,0.0,0.0,5.037960419812132,0.0,0.31667942208057,1.001038997743205
2942.0,6.5,21.683768207472838,0.29976339618682685,0.0,0.0,0.0,0.0,6.302897408312832,0.0,0.0,0.0,0.0,0.0,0.0,0.0,0.0,6.045552492317004,0.0,0.257344915995828,0.0
3547.0,5.0,25.0,0.2,0.0,0.0,0.0,0.0,0.0,0.0,0.0,0.0,0.0,0.0,0.0,0.0,0.0,0.0,0.0,0.0,0.0
3546.0,0.0,0.0,0.0,0.0,0.0,0.0,0.0,0.0,0.0,0.0,0.0,0.0,0.0,0.0,0.0,0.0,0.0,0.0,0.0,0.0
3549.0,0.0,0.0,0.0,0.0,0.0,0.0,0.0,0.0,0.0,0.0,0.0,0.0,0.0,0.0,0.0,0.0,0.0,0.0,0.0,0.0
3516.0,1.99999999983763,4.735073152855117,0.42237995808611445,0.0,0.0,0.0,0.0,0.079169855363672,0.0,0.0,0.0,0.0,0.0,0.0,0.0,0.0,0.0,0.0,0.079169855363672,0.0
3531.0,9.999999999835163,22.037193534572403,0.4537782900598008,0.0,0.0,0.0,0.0,1.3968882726735035,0.0,0.0,0.0,0.0,0.0,0.0,0.0,0.0,0.0,0.0,0.39584927684397225,1.0010389958295312
3538.0,5.000000000051208,19.00000000019459,0.2631578947368421,0.0,0.0,0.0,0.0,0.0,0.0,0.0,0.0,0.0,0.0,0.0,0.0,0.0,0.0,0.0,0.0,0.0
3537.0,0.0,0.0,0.0,0.0,0.0,0.0,0.0,0.0,0.0,0.0,0.0,0.0,0.0,0.0,0.0,0.0,0.0,0.0,0.0,0.0
3530.0,1.9999999999522384,3.6414329712078626,0.5492343304863412,0.0,0.0,0.0,0.0,0.07916985536820877,0.0,0.0,0.0,0.0,0.0,0.0,0.0,0.0,0.0,0.0,0.07916985536820877,0.0
3520.0,0.0,0.0,0.0,0.0,0.0,0.0,0.0,0.0,0.0,0.0,0.0,0.0,0.0,0.0,0.0,0.0,0.0,0.0,0.0,0.0
3518.0,1.0,1.0,1.0,5.0,0.0,0.0,5.0,5.0,0.0,0.0,0.0,0.0,0.0,5.0,0.0,0.0,0.0,0.0,0.0,0.0
3519.0,0.0,0.0,0.0,0.0,0.0,0.0,0.0,0.0,0.0,0.0,0.0,0.0,0.0,0.0,0.0,0.0,0.0,0.0,0.0,0.0
3517.0,0.0,0.0,0.0,0.0,0.0,0.0,0.0,0.0,0.0,0.0,0.0,0.0,0.0,0.0,0.0,0.0,0.0,0.0,0.0,0.0
3521.0,0.9999999999136254,2.9146525880018714,0.34309406343319,0.0,0.0,0.0,0.0,0.03958492768163057,0.0,0.0,0.0,0.0,0.0,0.0,0.0,0.0,0.0,0.0,0.03958492768163057,0.0
3524.0,0.0,0.0,0.0,0.0,0.0,0.0,0.0,0.0,0.0,0.0,0.0,0.0,0.0,0.0,0.0,0.0,0.0,0.0,0.0,0.0
3534.0,31.0,76.0,0.40789473684210525,0.0,0.0,0.0,0.0,0.0791698553700994,0.0,0.0,0.0,0.0,0.0,0.0,0.0,0.0,0.0,0.0,0.0791698553700994,0.0
3533.0,54.0,166.0,0.3253012048192771,0.0,0.0,0.0,0.0,0.0,0.0,0.0,0.0,0.0,0.0,0.0,0.0,0.0,0.0,0.0,0.0,0.0
3532.0,41.0,87.0,0.47126436781609193,2.0,2.0,0.0,0.0,2.0,2.0,0.0,0.0,0.0,0.0,0.0,0.0,0.0,0.0,0.0,0.0,0.0
3535.0,0.0,0.0,0.0,0.0,0.0,0.0,0.0,0.0,0.0,0.0,0.0,0.0,0.0,0.0,0.0,0.0,0.0,0.0,0.0,0.0
3536.0,0.0,0.0,0.0,0.0,0.0,0.0,0.0,0.0,0.0,0.0,0.0,0.0,0.0,0.0,0.0,0.0,0.0,0.0,0.0,0.0
3539.0,0.0,0.0,0.0,0.0,0.0,0.0,0.0,0.0,0.0,0.0,0.0,0.0,0.0,0.0,0.0,0.0,0.0,0.0,0.0,0.0
3540.0,65.0,247.0,0.2631578947368421,8.0,7.2,0.0,0.8000000000000002,16.0,7.2,0.0,0.0,0.0,0.8000000000000002,0.0,0.0,0.0,0.0,0.0,8.0,0.0
3542.0,1.0,6.0,0.16666666666666666,0.0,0.0,0.0,0.0,0.0,0.0,0.0,0.0,0.0,0.0,0.0,0.0,0.0,0.0,0.0,0.0,0.0
3541.0,0.0,0.0,0.0,0.0,0.0,0.0,0.0,0.0,0.0,0.0,0.0,0.0,0.0,0.0,0.0,0.0,0.0,0.0,0.0,0.0
3543.0,0.0,0.0,0.0,0.0,0.0,0.0,0.0,0.0,0.0,0.0,0.0,0.0,0.0,0.0,0.0,0.0,0.0,0.0,0.0,0.0
3544.0,37.6,107.8,0.3487940630797774,25.100000000000005,0.0,0.0,25.100000000000005,25.100000000000005,0.0,0.0,0.0,0.0,0.0,0.0,25.100000000000005,0.0,0.0,0.0,0.0,0.0
3545.0,34.7,145.5,0.23848797250859108,0.0,0.0,0.0,0.0,0.0,0.0,0.0,0.0,0.0,0.0,0.0,0.0,0.0,0.0,0.0,0.0,0.0
3560.0,366.6754808540236,1101.9731095785387,0.3327444904660718,11.01908709241292,0.6434503411627984,1.5281945602616465,8.847442190988476,51.33127789622121,0.3217251705813992,0.3217251705813992,0.8043129264534981,0.7238816338081483,4.10199592491284,2.895526535232593,0.5630190485174487,1.2869006823255968,0.0,0.0,16.962653625632967,23.349537178175318
3559.0,3.0,7.514303035924107,0.3992386234169302,0.0,0.0,0.0,0.0,0.1187547830551492,0.0,0.0,0.0,0.0,0.0,0.0,0.0,0.0,0.0,0.0,0.1187547830551492,0.0
3551.0,14.999999979716744,41.99999994320688,0.35714285714285715,0.0,0.0,0.0,0.0,0.0,0.0,0.0,0.0,0.0,0.0,0.0,0.0,0.0,0.0,0.0,0.0,0.0
3555.0,5.0,9.0,0.5555555555555556,0.0,0.0,0.0,0.0,0.0,0.0,0.0,0.0,0.0,0.0,0.0,0.0,0.0,0.0,0.0,0.0,0.0
3558.0,0.0,0.0,0.0,0.0,0.0,0.0,0.0,0.0,0.0,0.0,0.0,0.0,0.0,0.0,0.0,0.0,0.0,0.0,0.0,0.0
3527.0,4.0,10.0,0.4,42.0,0.0,0.0,42.0,42.0,0.0,0.0,0.0,0.0,0.0,10.5,0.0,31.5,0.0,0.0,0.0,0.0
3522.0,0.0,0.0,0.0,0.0,0.0,0.0,0.0,0.0,0.0,0.0,0.0,0.0,0.0,0.0,0.0,0.0,0.0,0.0,0.0,0.0
3525.0,18.0,95.0,0.18947368421052632,0.0,0.0,0.0,0.0,2.0,0.0,0.0,0.0,0.0,0.0,0.0,0.0,0.0,0.0,0.0,2.0,0.0
3528.0,34.0,83.0,0.40963855421686746,0.0,0.0,0.0,0.0,0.0,0.0,0.0,0.0,0.0,0.0,0.0,0.0,0.0,0.0,0.0,0.0,0.0
3523.0,32.0,103.0,0.3106796116504854,385.9,269.70000000000005,0.0,116.2,385.9,114.40000000000002,155.3,0.0,0.0,0.0,0.0,0.0,116.2,0.0,0.0,0.0,0.0
3526.0,0.0,0.0,0.0,0.0,0.0,0.0,0.0,0.0,0.0,0.0,0.0,0.0,0.0,0.0,0.0,0.0,0.0,0.0,0.0,0.0
3548.0,2.0,5.0,0.4,0.0,0.0,0.0,0.0,0.0,0.0,0.0,0.0,0.0,0.0,0.0,0.0,0.0,0.0,0.0,0.0,0.0
3529.0,6.0,17.0,0.35294117647058826,37.0,0.0,0.0,37.0,37.0,0.0,0.0,0.0,0.0,0.0,0.0,0.0,37.0,0.0,0.0,0.0,0.0
3093.0,26.79314523482277,76.73075926259038,0.34918389303474034,130.9011507387583,29.595042775719268,7.398760693929818,93.90734726910922,149.5484962075616,19.000367699204382,10.594675076514887,7.354981044853309,0.043779649076507776,0.437796490765078,4.071507364115225,23.290773308702146,66.10727010552677,1.1910604996460867,0.0,15.747265463497643,1.709019505659607
3096.0,216.59250235235004,653.2853571205969,0.3315434824790768,206.58564711494213,35.157015663576004,48.40763273094145,123.02099872042473,296.73713877251623,27.323542745774063,7.833472917801945,40.28669489061886,8.120937840322592,5.0329280704028685,7.629510379864755,23.64197870903374,86.71658156112338,1.9261906696583668,0.0,74.33747850671668,13.887822481198961
3105.0,201.54638206284542,562.5876759078478,0.35824883959217557,66.22429198417765,12.429584570188743,4.477323474207773,49.317383939781145,101.50156200225118,9.422427012885015,3.0071575573037284,4.410497750712135,0.06682572349563838,0.46778006446946885,4.0095434097383045,11.026244376780337,33.81381608879303,0.8079968384598873,0.0,21.55843671026064,12.910836469352974
3264.0,65.03889003369505,187.83325339694213,0.3462586568537489,0.0,0.0,0.0,0.0,30.93231778361188,0.0,0.0,0.0,0.0,0.0,0.0,0.0,0.0,1.235029686579837,0.0,25.479420189702292,4.217867907329747
3266.0,163.07252558483722,459.09184654155905,0.3552067561497744,56.61268413245659,13.219994921040692,5.0547039403979115,38.337985271018,83.99851750202176,9.409525796740727,3.8104691242999635,5.0547039403979115,0.0,0.07776467600612168,3.888233800306086,5.910115376465249,28.461871418240545,1.8805217233721334,0.0,15.07408362813453,10.43122801805848
3268.0,137.61261536526985,430.9721636646235,0.3193074332112968,0.0,0.0,0.0,0.0,26.769735935315236,0.0,0.0,0.0,0.0,0.0,0.0,0.0,0.0,1.0510471463602418,0.0,16.923334793609584,8.795353995345408
3138.0,0.0,0.0,0.0,313.4417289883807,60.76670728308898,130.5283182514796,122.14670345381218,328.9409737188978,56.88254432807237,3.8841629550166217,88.10917019011389,42.41914806136574,17.989807370603298,11.345844421232764,16.91655181724344,75.89449984473268,3.0897251359560682,0.0,12.409519594560928,0.0
3133.0,0.0,0.0,0.0,339.8579162680614,65.88799322398908,141.52896105472507,132.4409619893473,356.66340363837105,61.67648146198474,4.211511762004349,95.53481944336181,45.99414161136329,19.505949213493825,12.302047515328493,18.342242016097885,82.29072324442708,3.3501204512115486,0.0,13.455366919098052,0.0
3262.0,147.1477922576458,427.1273951120633,0.34450562979937016,110.0233492568636,27.404588833304675,5.467417969206106,77.15134245435283,138.51248144860986,13.162302518459143,14.242286314845535,2.4299635418693804,3.0374544273367254,4.7924280964646115,9.78735315475167,3.982440249174818,58.589120953961725,1.0203190824647095,0.0,18.00910034004433,9.45971276923722
2584.0,647.3852179169675,1819.4183266714058,0.35581988398531056,33.898397083461404,5.715173768254109,4.231846225348463,23.951377089858827,112.39049822427766,3.446555173221944,2.268618595032166,1.8759730689689065,2.3558731563795567,0.04362728067369548,7.15487403048606,6.805855785096497,9.947019993602574,0.30763810403158753,0.0,36.78284931180021,41.40161372498444
2582.0,699.1748217471826,2024.1616979075516,0.34541451034763904,18.911841978658835,1.1266629263881855,14.888045812986741,2.8971332392839058,100.74119073368706,1.1266629263881855,0.0,0.5633314631940929,14.324714349792647,0.965711079761302,0.0,0.0,1.931422159522604,0.32436923388872985,0.0,36.79427034008441,44.71070918105509
2586.0,262.54098460811423,760.0751466517212,0.3454145103476391,7.101419358069388,0.42306328090626133,5.590479069118454,1.0878770080446722,37.828438014576726,0.42306328090626133,0.0,0.2115316404531307,5.378947428665324,0.36262566934822404,0.0,0.0,0.7252513386964481,0.12180103658326563,0.0,13.816292667523848,16.788924952400226
2585.0,340.73621628872274,957.60898104125,0.3558197792988798,17.844613802962343,3.008603182118891,2.2273606855558827,12.608649935287568,59.15774556523882,1.8144254678880385,1.1941777142308527,0.9874053693402822,1.2399553162156003,0.0229731430970145,3.765907621744887,3.5833183275238585,5.2364508429218075,0.16192348230189993,0.0,19.360430076515694,21.790778203458874
2580.0,495.16540678385246,1391.6181446574094,0.3558198839853105,25.927860440127596,4.371363857988049,3.2368114062964954,18.31968517584305,85.96409870297984,2.6361659906950834,1.7351978672929664,1.4348751594922609,1.8019362468042344,0.03336918975563396,5.47254711992397,5.205593601878899,7.6081752642845455,0.2353030973045047,0.0,28.134090859768047,31.66684430577967
2567.0,151.10741337416522,440.44354773618744,0.34308009312620025,0.042345707639031574,0.009594941720852129,0.00478404058288261,0.027966725335296833,18.724885669981298,0.006280684447603374,0.0033142572732487545,0.0035322759771044075,0.0012517646057782022,0.0014771550752010556,0.002586737383999028,0.006709350089747479,0.017193482786349273,0.9711451465715955,0.0,8.046032644963992,9.665362170806679
2801.0,1060.8528883288666,2759.517723435418,0.38443416373792105,55.71042724698178,9.87854998606275,1.952736625151939,43.87914063576709,172.5761755023813,6.145377026213454,3.733172959849295,1.8953031950004111,0.05743343015152759,0.11486686030305522,3.5608726693947124,13.037388644396769,27.16601246167256,0.0,0.0,48.96632309650988,67.89942515888961
2802.0,1708.6388545548054,4713.576681259229,0.3624930642049815,13.2862551652101,2.0491239309528013,0.1983023158986582,11.038828918358641,190.82795036129534,0.991511579493291,1.0576123514595104,0.1983023158986582,0.0,0.0,0.3966046317973164,5.684666389094869,4.957557897466455,0.0,0.0,68.16336614900911,109.37832904707615
2363.0,115.23450967378015,294.20508849903035,0.391680885812279,50.726808643412326,4.724877389813309,5.774850143105156,40.22708111049386,74.03620579241317,2.8874250715525775,1.8374523182607314,1.312465941614808,4.462384201490347,29.85860017173688,1.3780892386955483,3.28116485403702,5.709226846024415,1.1240656026165539,0.0,14.827559548389349,7.357771997994931
2256.0,3.893452506338852,10.32856680936894,0.3769596090337664,147.1956997786272,5.790603051029044,9.436538305380664,131.96855842221748,158.78976755256693,0.0,5.790603051029044,9.436538305380664,0.0,119.67246305460023,4.289335593354847,8.006759774262381,0.0,3.272192965856984,0.0,8.1225422110881,0.19933259699464267
2497.0,293.97790122968655,908.5056669826986,0.323584003835702,41.59991828900001,9.801836034699447,1.3120567920463824,30.48602546225418,97.97566431280809,7.17772245060668,2.624113584092765,1.3120567920463824,0.0,0.0,1.7751356598274586,7.872340752278294,20.838549050148426,0.9331892010844071,0.0,36.6683058033523,18.774251019371377
2499.0,270.3297367575658,902.6169692834449,0.2994955179849664,92.76575610679672,17.459685808261767,1.575121690004392,73.73094860853054,146.46789847953607,14.173053261876891,3.286632546384877,1.442514187958989,0.132607502045403,3.97822506136209,10.167835711591128,7.335833719793229,52.249054115784105,0.740904697960036,0.0,35.62251555481268,17.338722119966672
3109.0,279.9277072266589,930.646860843567,0.300788321547578,7.520086697470959,2.1657849688716357,0.42112485505837366,4.933176873540949,43.644115166198006,0.8422497101167472,1.3235352587548885,0.30080346789883833,0.12032138715953533,0.0,0.12032138715953533,0.5414462422179089,4.271409244163505,0.0,0.0,18.177602242552048,17.946426226175
3127.0,730.1982167500129,2252.278310042948,0.32420425730428004,102.66153146386321,20.96608741163403,8.595292540401692,73.10015151182748,193.03652441908116,15.262668996974968,5.703418414659067,8.514962703575508,0.080329836826184,0.4016491841309202,25.46455827390034,10.041229603273003,37.19271445052321,0.0,0.0,43.65454670658426,46.72044624863369
3244.0,291.1754170295828,761.422939116645,0.3824095677592616,115.3156676940579,35.17194986710497,5.504007421951541,74.63971040500137,209.63755240020376,25.97623014994203,9.19571971716294,5.504007421951541,0.0,0.46985429211781454,3.4232241282869342,10.672404635247501,60.07422734934914,1.2173694800308692,0.0,74.55969123835885,18.544823987756107
2369.0,231.15451571136248,768.0782050798662,0.3009517965521839,26.93195387047211,2.555252010080243,3.817104854564314,20.55959700582755,53.01320690270838,1.6404086978292918,0.9148433122509512,0.7886580278025442,3.0284468267617695,3.7855585334522117,10.338588965506577,1.6719550189413936,4.763494487927367,1.0563686585205962,0.0,10.216942816446366,14.80794155726932
2373.0,45.20190133719863,122.97841302684527,0.36755964095366384,0.0,0.0,0.0,0.0,12.886305794768397,0.0,0.0,0.0,0.0,0.0,0.0,0.0,0.0,2.560767431065568,0.0,7.418147243218697,2.907391120484133
2935.0,75.88320801061923,174.55176494137774,0.43473182889960577,21.811456124518305,5.760767100282613,0.8343179938340335,15.216371030401657,34.55518150212591,3.9729428277811123,1.7878242725015003,0.8343179938340335,0.0,0.0,0.7945885655562223,4.529154823670467,9.892627641174968,1.6813044090027545,0.0,6.170587550802355,4.891833417802492
