;TAZID,TOTHH,HHPOP,HHSIZE,TOTEMP,RETEMP,INDEMP,OTHEMP,ALLEMP,RETL,FOOD,MANU,WSLE,OFFI,GVED,HLTH,OTHR,FM_AGRI,FM_MING,FM_CONS,HBJ
1.0,0.0,0.0,0.0,0.0,0.0,0.0,0.0,0.0,0.0,0.0,0.0,0.0,0.0,0.0,0.0,0.0,0.0,0.0,0.0,0.0
2.0,24.0,53.0,0.4528301886792453,0.0,0.0,0.0,0.0,4.0,0.0,0.0,0.0,0.0,0.0,0.0,0.0,0.0,0.0,0.0,2.0,2.0
3.0,38.0,88.0,0.4318181818181818,0.0,0.0,0.0,0.0,4.0,0.0,0.0,0.0,0.0,0.0,0.0,0.0,0.0,0.0,0.0,2.0,2.0
4.0,2.0,4.0,0.5,0.0,0.0,0.0,0.0,0.0,0.0,0.0,0.0,0.0,0.0,0.0,0.0,0.0,0.0,0.0,0.0,0.0
5.0,98.99999999772365,259.99999999402166,0.3807692307692308,2.9999999999310196,0.0,0.0,2.9999999999310196,19.99999999954013,0.0,0.0,0.0,0.0,0.0,0.0,2.9999999999310196,0.0,0.0,0.0,10.999999999747072,5.999999999862039
6.0,5.0,12.0,0.4166666666666667,7.0,0.0,7.0,0.0,8.0,0.0,0.0,0.0,7.0,0.0,0.0,0.0,0.0,0.0,0.0,1.0,0.0
7.0,60.99999995210975,143.9999998869476,0.4236111111111111,34.999999972521984,2.999999997644742,24.99999998037285,6.999999994504397,255.99999979901796,2.999999997644742,0.0,0.0,24.99999998037285,0.0,0.0,0.0,6.999999994504397,207.9999998367021,0.0,6.999999994504397,5.999999995289484
8.0,78.0,203.0,0.3842364532019704,71.0,21.0,0.0,50.0,84.0,21.0,0.0,0.0,0.0,47.0,0.0,0.0,3.0,0.0,0.0,7.0,6.0
9.0,24.0,54.0,0.4444444444444444,82.0,0.0,82.0,0.0,86.0,0.0,0.0,0.0,82.0,0.0,0.0,0.0,0.0,0.0,0.0,2.0,2.0
10.0,34.0,80.0,0.425,85.0,0.0,85.0,0.0,90.0,0.0,0.0,0.0,85.0,0.0,0.0,0.0,0.0,0.0,0.0,3.0,2.0
11.0,13.0,31.0,0.41935483870967744,0.0,0.0,0.0,0.0,0.0,0.0,0.0,0.0,0.0,0.0,0.0,0.0,0.0,0.0,0.0,0.0,0.0
12.0,27.0,68.0,0.39705882352941174,0.0,0.0,0.0,0.0,7.0,0.0,0.0,0.0,0.0,0.0,0.0,0.0,0.0,0.0,0.0,5.0,2.0
13.0,0.0,0.0,0.0,0.0,0.0,0.0,0.0,0.0,0.0,0.0,0.0,0.0,0.0,0.0,0.0,0.0,0.0,0.0,0.0,0.0
14.0,0.0,0.0,0.0,0.0,0.0,0.0,0.0,0.0,0.0,0.0,0.0,0.0,0.0,0.0,0.0,0.0,0.0,0.0,0.0,0.0
15.0,2.0,4.0,0.5,270.0,0.0,259.0,11.0,322.0,0.0,0.0,125.0,134.0,0.0,0.0,0.0,11.0,47.0,0.0,5.0,0.0
16.0,2.0,4.0,0.5,102.0,0.0,76.0,26.0,112.0,0.0,0.0,8.0,68.0,0.0,0.0,0.0,26.0,0.0,0.0,10.0,0.0
17.0,5.0,14.0,0.35714285714285715,0.0,0.0,0.0,0.0,1.0,0.0,0.0,0.0,0.0,0.0,0.0,0.0,0.0,0.0,0.0,1.0,0.0
18.0,0.0,0.0,0.0,734.0,0.0,734.0,0.0,745.0,0.0,0.0,536.0,198.0,0.0,0.0,0.0,0.0,0.0,0.0,11.0,0.0
19.0,380.0,993.0,0.3826787512588117,29.0,19.0,9.0,1.0,72.0,19.0,0.0,0.0,9.0,1.0,0.0,0.0,0.0,0.0,0.0,23.0,20.0
20.0,257.0,512.0,0.501953125,148.0,15.0,79.0,54.0,187.0,15.0,0.0,77.0,2.0,0.0,0.0,0.0,54.0,0.0,0.0,21.0,18.0
21.0,0.0,0.0,0.0,478.0,0.0,478.0,0.0,486.0,0.0,0.0,442.0,36.0,0.0,0.0,0.0,0.0,0.0,0.0,8.0,0.0
22.0,4.0,8.0,0.5,10.0,0.0,10.0,0.0,10.0,0.0,0.0,10.0,0.0,0.0,0.0,0.0,0.0,0.0,0.0,0.0,0.0
23.0,5.0,14.0,0.35714285714285715,51.0,0.0,51.0,0.0,52.0,0.0,0.0,26.0,25.0,0.0,0.0,0.0,0.0,0.0,0.0,1.0,0.0
24.0,224.0,587.0,0.38160136286201024,2.0,0.0,0.0,2.0,24.0,0.0,0.0,0.0,0.0,0.0,0.0,1.0,1.0,0.0,0.0,12.0,10.0
25.0,510.0,1334.0,0.3823088455772114,170.0,6.0,2.0,162.0,248.0,6.0,0.0,0.0,2.0,1.0,135.0,21.0,5.0,0.0,0.0,43.0,35.0
26.0,344.0,764.0,0.450261780104712,231.0,25.0,32.0,174.0,282.0,24.0,1.0,15.0,17.0,0.0,61.0,90.0,23.0,0.0,0.0,29.0,22.0
27.0,0.0,0.0,0.0,0.0,0.0,0.0,0.0,0.0,0.0,0.0,0.0,0.0,0.0,0.0,0.0,0.0,0.0,0.0,0.0,0.0
28.0,2.0,4.0,0.5,90.0,0.0,90.0,0.0,97.0,0.0,0.0,90.0,0.0,0.0,0.0,0.0,0.0,0.0,0.0,7.0,0.0
29.0,392.0,982.0,0.39918533604887985,2.0,0.0,2.0,0.0,40.0,0.0,0.0,0.0,2.0,0.0,0.0,0.0,0.0,0.0,0.0,20.0,18.0
30.0,490.0,894.0,0.5480984340044742,122.0,16.0,7.0,99.0,204.0,16.0,0.0,0.0,7.0,53.0,0.0,35.0,11.0,0.0,0.0,45.0,37.0
31.0,371.0,709.0,0.5232722143864598,261.0,76.0,91.0,94.0,315.0,6.0,70.0,91.0,0.0,50.0,0.0,0.0,44.0,0.0,0.0,31.0,23.0
32.0,190.0,421.0,0.4513064133016627,2.0,0.0,2.0,0.0,31.0,0.0,0.0,0.0,2.0,0.0,0.0,0.0,0.0,0.0,0.0,15.0,14.0
33.0,275.0,526.0,0.5228136882129277,14.0,0.0,13.0,1.0,49.0,0.0,0.0,0.0,13.0,1.0,0.0,0.0,0.0,0.0,0.0,19.0,16.0
34.0,338.0,752.0,0.449468085106383,26.0,3.0,16.0,7.0,73.0,3.0,0.0,16.0,0.0,7.0,0.0,0.0,0.0,0.0,0.0,25.0,22.0
35.0,474.0,971.0,0.4881565396498455,0.0,0.0,0.0,0.0,67.0,0.0,0.0,0.0,0.0,0.0,0.0,0.0,0.0,0.0,0.0,36.0,31.0
36.0,132.0,263.0,0.5019011406844106,8.0,0.0,8.0,0.0,29.0,0.0,0.0,2.0,6.0,0.0,0.0,0.0,0.0,0.0,0.0,11.0,10.0
37.0,0.0,0.0,0.0,126.0,0.0,112.0,14.0,126.0,0.0,0.0,0.0,112.0,0.0,0.0,0.0,14.0,0.0,0.0,0.0,0.0
38.0,0.0,0.0,0.0,1668.0,0.0,1636.0,32.0,2007.0,0.0,0.0,1636.0,0.0,0.0,28.0,4.0,0.0,0.0,0.0,339.0,0.0
39.0,101.0,253.0,0.39920948616600793,173.0,21.0,0.0,152.0,190.0,21.0,0.0,0.0,0.0,0.0,0.0,4.0,148.0,0.0,0.0,11.0,6.0
40.0,494.0,901.0,0.5482796892341842,344.0,49.0,19.0,276.0,439.0,47.0,2.0,0.0,19.0,75.0,105.0,31.0,65.0,0.0,0.0,54.0,41.0
41.0,183.0,335.0,0.5462686567164179,433.0,266.0,0.0,167.0,470.0,266.0,0.0,0.0,0.0,14.0,0.0,28.0,125.0,0.0,0.0,23.0,14.0
42.0,110.0,202.0,0.5445544554455446,92.0,0.0,0.0,92.0,110.0,0.0,0.0,0.0,0.0,4.0,0.0,0.0,88.0,0.0,0.0,10.0,8.0
43.0,326.0,668.0,0.4880239520958084,100.0,0.0,2.0,98.0,149.0,0.0,0.0,0.0,2.0,0.0,50.0,48.0,0.0,0.0,0.0,27.0,22.0
44.0,168.0,401.0,0.41895261845386533,0.0,0.0,0.0,0.0,31.0,0.0,0.0,0.0,0.0,0.0,0.0,0.0,0.0,0.0,0.0,17.0,14.0
45.0,152.0,362.0,0.4198895027624309,50.0,0.0,0.0,50.0,64.0,0.0,0.0,0.0,0.0,46.0,0.0,4.0,0.0,0.0,0.0,8.0,6.0
46.0,0.0,0.0,0.0,0.0,0.0,0.0,0.0,0.0,0.0,0.0,0.0,0.0,0.0,0.0,0.0,0.0,0.0,0.0,0.0,0.0
47.0,4.0,8.0,0.5,0.0,0.0,0.0,0.0,0.0,0.0,0.0,0.0,0.0,0.0,0.0,0.0,0.0,0.0,0.0,0.0,0.0
48.0,14.0,35.0,0.4,0.0,0.0,0.0,0.0,1.0,0.0,0.0,0.0,0.0,0.0,0.0,0.0,0.0,0.0,0.0,1.0,0.0
49.0,0.0,0.0,0.0,129.0,121.0,0.0,8.0,135.0,93.0,28.0,0.0,0.0,0.0,4.0,0.0,4.0,0.0,0.0,6.0,0.0
50.0,5.0,14.0,0.35714285714285715,323.0,1.0,52.0,270.0,958.0,1.0,0.0,14.0,38.0,43.0,167.0,55.0,5.0,0.0,0.0,635.0,0.0
51.0,9.0,19.0,0.47368421052631576,95.0,0.0,49.0,46.0,112.0,0.0,0.0,13.0,36.0,32.0,0.0,14.0,0.0,0.0,0.0,17.0,0.0
52.0,85.0,152.0,0.5592105263157895,2109.0,0.0,249.0,1860.0,2164.0,0.0,0.0,249.0,0.0,0.0,0.0,28.0,1832.0,0.0,0.0,49.0,6.0
53.0,407.0,726.0,0.5606060606060606,1616.0,397.0,66.0,1153.0,1700.0,358.0,39.0,7.0,59.0,81.0,440.0,73.0,559.0,0.0,0.0,59.0,25.0
54.0,237.0,580.0,0.4086206896551724,777.0,58.0,22.0,697.0,833.0,15.0,43.0,21.0,1.0,117.0,285.0,89.0,206.0,0.0,0.0,36.0,20.0
55.0,277.0,677.0,0.4091580502215657,281.0,0.0,1.0,280.0,326.0,0.0,0.0,1.0,0.0,4.0,258.0,0.0,18.0,0.0,0.0,27.0,18.0
56.0,65.0,154.0,0.42207792207792205,0.0,0.0,0.0,0.0,9.0,0.0,0.0,0.0,0.0,0.0,0.0,0.0,0.0,0.0,0.0,5.0,4.0
57.0,87.0,207.0,0.42028985507246375,0.0,0.0,0.0,0.0,18.0,0.0,0.0,0.0,0.0,0.0,0.0,0.0,0.0,0.0,0.0,10.0,8.0
58.0,0.0,0.0,0.0,95.0,0.0,95.0,0.0,122.0,0.0,0.0,95.0,0.0,0.0,0.0,0.0,0.0,0.0,0.0,27.0,0.0
59.0,0.0,0.0,0.0,0.0,0.0,0.0,0.0,0.0,0.0,0.0,0.0,0.0,0.0,0.0,0.0,0.0,0.0,0.0,0.0,0.0
60.0,0.0,0.0,0.0,0.0,0.0,0.0,0.0,0.0,0.0,0.0,0.0,0.0,0.0,0.0,0.0,0.0,0.0,0.0,0.0,0.0
61.0,434.0,1181.0,0.3674851820491109,0.0,0.0,0.0,0.0,51.0,0.0,0.0,0.0,0.0,0.0,0.0,0.0,0.0,0.0,0.0,28.0,23.0
62.0,342.0,931.0,0.3673469387755102,19.0,3.0,0.0,16.0,68.0,3.0,0.0,0.0,0.0,0.0,0.0,0.0,16.0,0.0,0.0,27.0,22.0
63.0,33.0,70.0,0.4714285714285714,264.0,0.0,0.0,264.0,273.0,0.0,0.0,0.0,0.0,0.0,264.0,0.0,0.0,0.0,0.0,7.0,2.0
64.0,374.0,1019.0,0.36702649656526004,156.0,73.0,0.0,83.0,209.0,0.0,73.0,0.0,0.0,0.0,0.0,57.0,26.0,0.0,0.0,30.0,23.0
65.0,463.0,1007.0,0.45978152929493543,89.0,53.0,0.0,36.0,158.0,53.0,0.0,0.0,0.0,0.0,7.0,1.0,28.0,0.0,0.0,38.0,31.0
66.0,232.0,393.0,0.5903307888040712,143.0,87.0,0.0,56.0,188.0,66.0,21.0,0.0,0.0,0.0,0.0,9.0,47.0,0.0,0.0,25.0,20.0
67.0,230.0,561.0,0.40998217468805703,158.0,106.0,0.0,52.0,199.0,106.0,0.0,0.0,0.0,4.0,0.0,1.0,47.0,0.0,0.0,23.0,18.0
68.0,288.0,702.0,0.41025641025641024,50.0,0.0,1.0,49.0,97.0,0.0,0.0,0.0,1.0,0.0,0.0,28.0,21.0,0.0,0.0,25.0,22.0
69.0,49.0,119.0,0.4117647058823529,26.0,0.0,0.0,26.0,33.0,0.0,0.0,0.0,0.0,0.0,0.0,0.0,26.0,0.0,0.0,5.0,2.0
70.0,174.0,295.0,0.5898305084745763,29.0,0.0,0.0,29.0,51.0,0.0,0.0,0.0,0.0,10.0,0.0,1.0,18.0,0.0,0.0,12.0,10.0
71.0,0.0,0.0,0.0,0.0,0.0,0.0,0.0,0.0,0.0,0.0,0.0,0.0,0.0,0.0,0.0,0.0,0.0,0.0,0.0,0.0
72.0,156.0,379.0,0.41160949868073876,104.0,3.0,4.0,97.0,126.0,3.0,0.0,0.0,4.0,0.0,0.0,5.0,92.0,0.0,0.0,12.0,10.0
73.0,5.0,15.0,0.3333333333333333,1.0,0.0,0.0,1.0,2.0,0.0,0.0,0.0,0.0,1.0,0.0,0.0,0.0,0.0,0.0,1.0,0.0
74.0,0.0,0.0,0.0,0.0,0.0,0.0,0.0,0.0,0.0,0.0,0.0,0.0,0.0,0.0,0.0,0.0,0.0,0.0,0.0,0.0
75.0,222.0,606.0,0.36633663366336633,202.0,19.0,0.0,183.0,237.0,6.0,13.0,0.0,0.0,0.0,54.0,111.0,18.0,0.0,0.0,21.0,14.0
76.0,147.0,398.0,0.3693467336683417,9.0,0.0,0.0,9.0,27.0,0.0,0.0,0.0,0.0,0.0,0.0,6.0,3.0,0.0,0.0,10.0,8.0
77.0,130.0,354.0,0.3672316384180791,938.0,0.0,44.0,894.0,988.0,0.0,0.0,44.0,0.0,1.0,207.0,675.0,11.0,0.0,0.0,34.0,16.0
78.0,713.0,1504.0,0.4740691489361702,214.0,118.0,2.0,94.0,328.0,83.0,35.0,0.0,2.0,1.0,0.0,12.0,81.0,0.0,0.0,63.0,51.0
79.0,69.0,145.0,0.47586206896551725,413.0,182.0,0.0,231.0,437.0,77.0,105.0,0.0,0.0,18.0,75.0,112.0,26.0,0.0,0.0,16.0,8.0
80.0,271.0,572.0,0.4737762237762238,324.0,119.0,0.0,205.0,367.0,37.0,82.0,0.0,0.0,28.0,156.0,0.0,21.0,0.0,0.0,25.0,18.0
81.0,40.0,66.0,0.6060606060606061,200.0,0.0,0.0,200.0,223.0,0.0,0.0,0.0,0.0,0.0,75.0,0.0,125.0,0.0,0.0,15.0,8.0
82.0,570.0,969.0,0.5882352941176471,465.0,131.0,12.0,322.0,572.0,64.0,67.0,5.0,7.0,61.0,20.0,82.0,159.0,0.0,0.0,62.0,45.0
83.0,0.0,0.0,0.0,219.0,204.0,0.0,15.0,224.0,96.0,108.0,0.0,0.0,0.0,0.0,0.0,15.0,0.0,0.0,5.0,0.0
84.0,0.0,0.0,0.0,284.0,153.0,4.0,127.0,289.0,111.0,42.0,0.0,4.0,8.0,86.0,15.0,18.0,0.0,0.0,5.0,0.0
85.0,71.0,183.0,0.3879781420765027,169.0,4.0,19.0,146.0,181.0,4.0,0.0,0.0,19.0,7.0,0.0,86.0,53.0,0.0,0.0,8.0,4.0
86.0,2.0,4.0,0.5,80.0,80.0,0.0,0.0,80.0,54.0,26.0,0.0,0.0,0.0,0.0,0.0,0.0,0.0,0.0,0.0,0.0
87.0,0.0,0.0,0.0,0.0,0.0,0.0,0.0,0.0,0.0,0.0,0.0,0.0,0.0,0.0,0.0,0.0,0.0,0.0,0.0,0.0
88.0,5.0,14.0,0.35714285714285715,0.0,0.0,0.0,0.0,28.0,0.0,0.0,0.0,0.0,0.0,0.0,0.0,0.0,28.0,0.0,0.0,0.0
89.0,114.0,295.0,0.3864406779661017,330.0,274.0,9.0,47.0,345.0,4.0,270.0,0.0,9.0,0.0,0.0,0.0,47.0,0.0,0.0,11.0,4.0
90.0,90.0,234.0,0.38461538461538464,1055.0,738.0,23.0,294.0,1084.0,649.0,89.0,23.0,0.0,214.0,69.0,0.0,11.0,0.0,0.0,23.0,6.0
91.0,344.0,893.0,0.38521836506159013,191.0,0.0,4.0,187.0,243.0,0.0,0.0,0.0,4.0,156.0,0.0,3.0,28.0,0.0,0.0,29.0,23.0
92.0,358.0,931.0,0.3845327604726101,86.0,0.0,11.0,75.0,133.0,0.0,0.0,9.0,2.0,14.0,0.0,23.0,38.0,0.0,0.0,25.0,22.0
93.0,0.0,0.0,0.0,0.0,0.0,0.0,0.0,0.0,0.0,0.0,0.0,0.0,0.0,0.0,0.0,0.0,0.0,0.0,0.0,0.0
94.0,36.0,99.0,0.36363636363636365,9.0,0.0,8.0,1.0,14.0,0.0,0.0,0.0,8.0,1.0,0.0,0.0,0.0,0.0,0.0,3.0,2.0
95.0,421.0,1157.0,0.36387208297320656,146.0,50.0,3.0,93.0,208.0,0.0,50.0,0.0,3.0,7.0,15.0,32.0,39.0,0.0,0.0,35.0,27.0
96.0,418.0,1085.0,0.38525345622119817,58.0,37.0,0.0,21.0,129.0,20.0,17.0,0.0,0.0,0.0,0.0,12.0,9.0,0.0,0.0,38.0,33.0
97.0,0.0,0.0,0.0,0.0,0.0,0.0,0.0,0.0,0.0,0.0,0.0,0.0,0.0,0.0,0.0,0.0,0.0,0.0,0.0,0.0
98.0,0.0,0.0,0.0,0.0,0.0,0.0,0.0,0.0,0.0,0.0,0.0,0.0,0.0,0.0,0.0,0.0,0.0,0.0,0.0,0.0
99.0,0.0,0.0,0.0,0.0,0.0,0.0,0.0,0.0,0.0,0.0,0.0,0.0,0.0,0.0,0.0,0.0,0.0,0.0,0.0,0.0
100.0,34.0,79.0,0.43037974683544306,3.0,0.0,0.0,3.0,7.0,0.0,0.0,0.0,0.0,0.0,0.0,3.0,0.0,0.0,0.0,2.0,2.0
101.0,765.0,1756.0,0.4356492027334852,138.0,17.0,9.0,112.0,261.0,3.0,14.0,0.0,9.0,7.0,22.0,30.0,53.0,0.0,15.0,59.0,49.0
102.0,0.0,0.0,0.0,0.0,0.0,0.0,0.0,0.0,0.0,0.0,0.0,0.0,0.0,0.0,0.0,0.0,0.0,0.0,0.0,0.0
103.0,380.0,871.0,0.4362801377726751,13.0,0.0,8.0,5.0,62.0,0.0,0.0,0.0,8.0,0.0,0.0,3.0,2.0,0.0,0.0,27.0,22.0
104.0,114.0,261.0,0.4367816091954023,158.0,0.0,2.0,156.0,177.0,0.0,0.0,2.0,0.0,0.0,156.0,0.0,0.0,0.0,0.0,11.0,8.0
105.0,47.0,102.0,0.46078431372549017,11.0,6.0,0.0,5.0,20.0,0.0,6.0,0.0,0.0,0.0,0.0,0.0,5.0,0.0,0.0,5.0,4.0
106.0,13.0,28.0,0.4642857142857143,13.0,13.0,0.0,0.0,538.0,13.0,0.0,0.0,0.0,0.0,0.0,0.0,0.0,521.0,0.0,2.0,2.0
107.0,0.0,0.0,0.0,0.0,0.0,0.0,0.0,0.0,0.0,0.0,0.0,0.0,0.0,0.0,0.0,0.0,0.0,0.0,0.0,0.0
108.0,16.0,35.0,0.45714285714285713,0.0,0.0,0.0,0.0,1.0,0.0,0.0,0.0,0.0,0.0,0.0,0.0,0.0,0.0,0.0,1.0,0.0
109.0,0.0,0.0,0.0,17.0,0.0,0.0,17.0,17.0,0.0,0.0,0.0,0.0,0.0,17.0,0.0,0.0,0.0,0.0,0.0,0.0
110.0,4.0,7.0,0.5714285714285714,0.0,0.0,0.0,0.0,0.0,0.0,0.0,0.0,0.0,0.0,0.0,0.0,0.0,0.0,0.0,0.0,0.0
111.0,0.0,0.0,0.0,0.0,0.0,0.0,0.0,0.0,0.0,0.0,0.0,0.0,0.0,0.0,0.0,0.0,0.0,0.0,0.0,0.0
112.0,0.0,0.0,0.0,0.0,0.0,0.0,0.0,0.0,0.0,0.0,0.0,0.0,0.0,0.0,0.0,0.0,0.0,0.0,0.0,0.0
113.0,43.0,93.0,0.46236559139784944,0.0,0.0,0.0,0.0,10.0,0.0,0.0,0.0,0.0,0.0,0.0,0.0,0.0,0.0,0.0,8.0,2.0
114.0,56.0,126.0,0.4444444444444444,2.0,0.0,2.0,0.0,11.0,0.0,0.0,0.0,2.0,0.0,0.0,0.0,0.0,0.0,0.0,5.0,4.0
115.0,0.0,0.0,0.0,74.0,74.0,0.0,0.0,75.0,74.0,0.0,0.0,0.0,0.0,0.0,0.0,0.0,0.0,0.0,1.0,0.0
116.0,0.0,0.0,0.0,50.0,0.0,50.0,0.0,50.0,0.0,0.0,50.0,0.0,0.0,0.0,0.0,0.0,0.0,0.0,0.0,0.0
117.0,34.0,75.0,0.4533333333333333,29.0,29.0,0.0,0.0,66.0,28.0,1.0,0.0,0.0,0.0,0.0,0.0,0.0,0.0,0.0,35.0,2.0
118.0,7.0,16.0,0.4375,0.0,0.0,0.0,0.0,0.0,0.0,0.0,0.0,0.0,0.0,0.0,0.0,0.0,0.0,0.0,0.0,0.0
119.0,0.0,0.0,0.0,48.0,0.0,0.0,48.0,49.0,0.0,0.0,0.0,0.0,0.0,48.0,0.0,0.0,0.0,0.0,1.0,0.0
120.0,40.0,85.0,0.47058823529411764,5.0,3.0,0.0,2.0,35.0,3.0,0.0,0.0,0.0,0.0,0.0,0.0,2.0,0.0,0.0,28.0,2.0
121.0,81.0,176.0,0.4602272727272727,4.0,0.0,2.0,2.0,25.0,0.0,0.0,0.0,2.0,0.0,0.0,0.0,2.0,0.0,11.0,6.0,4.0
122.0,25.0,57.0,0.43859649122807015,2.0,0.0,2.0,0.0,6.0,0.0,0.0,2.0,0.0,0.0,0.0,0.0,0.0,0.0,0.0,2.0,2.0
123.0,0.0,0.0,0.0,0.0,0.0,0.0,0.0,0.0,0.0,0.0,0.0,0.0,0.0,0.0,0.0,0.0,0.0,0.0,0.0,0.0
124.0,123.0,267.0,0.4606741573033708,2.0,0.0,0.0,2.0,20.0,0.0,0.0,0.0,0.0,0.0,0.0,0.0,2.0,0.0,0.0,10.0,8.0
125.0,109.0,236.0,0.461864406779661,92.0,0.0,0.0,92.0,110.0,0.0,0.0,0.0,0.0,18.0,74.0,0.0,0.0,0.0,0.0,10.0,8.0
126.0,317.0,711.0,0.44585091420534456,11.0,0.0,10.0,1.0,57.0,0.0,0.0,8.0,2.0,0.0,0.0,1.0,0.0,0.0,0.0,24.0,22.0
127.0,36.0,79.0,0.45569620253164556,0.0,0.0,0.0,0.0,26.0,0.0,0.0,0.0,0.0,0.0,0.0,0.0,0.0,0.0,0.0,14.0,12.0
128.0,145.0,314.0,0.46178343949044587,11.0,0.0,9.0,2.0,25.0,0.0,0.0,0.0,9.0,0.0,0.0,0.0,2.0,0.0,0.0,8.0,6.0
129.0,119.0,259.0,0.4594594594594595,3.0,0.0,0.0,3.0,6.0,0.0,0.0,0.0,0.0,3.0,0.0,0.0,0.0,0.0,0.0,1.0,2.0
130.0,81.0,183.0,0.4426229508196721,1.0,0.0,1.0,0.0,18.0,0.0,0.0,1.0,0.0,0.0,0.0,0.0,0.0,0.0,0.0,9.0,8.0
131.0,197.0,443.0,0.44469525959367945,3.0,0.0,2.0,1.0,19.0,0.0,0.0,2.0,0.0,0.0,0.0,0.0,1.0,0.0,0.0,8.0,8.0
132.0,58.0,130.0,0.4461538461538462,6.0,1.0,5.0,0.0,157.0,1.0,0.0,5.0,0.0,0.0,0.0,0.0,0.0,142.0,0.0,5.0,4.0
133.0,304.0,660.0,0.46060606060606063,9.0,0.0,0.0,9.0,48.0,0.0,0.0,0.0,0.0,4.0,0.0,0.0,5.0,0.0,0.0,21.0,18.0
134.0,4.0,7.0,0.5714285714285714,0.0,0.0,0.0,0.0,7.0,0.0,0.0,0.0,0.0,0.0,0.0,0.0,0.0,6.0,0.0,1.0,0.0
135.0,11.0,23.0,0.4782608695652174,6.0,0.0,6.0,0.0,6.0,0.0,0.0,0.0,6.0,0.0,0.0,0.0,0.0,0.0,0.0,0.0,0.0
136.0,270.0,606.0,0.44554455445544555,51.0,11.0,9.0,31.0,90.0,11.0,0.0,0.0,9.0,14.0,0.0,0.0,17.0,0.0,0.0,21.0,18.0
137.0,7.0,15.0,0.4666666666666667,50.0,0.0,50.0,0.0,51.0,0.0,0.0,0.0,50.0,0.0,0.0,0.0,0.0,0.0,0.0,1.0,0.0
138.0,266.0,577.0,0.4610051993067591,83.0,0.0,15.0,68.0,133.0,0.0,0.0,15.0,0.0,43.0,0.0,4.0,21.0,0.0,0.0,32.0,18.0
139.0,72.0,163.0,0.44171779141104295,17.0,0.0,0.0,17.0,75.0,0.0,0.0,0.0,0.0,0.0,17.0,0.0,0.0,0.0,48.0,6.0,4.0
140.0,5.0,11.0,0.45454545454545453,0.0,0.0,0.0,0.0,1.0,0.0,0.0,0.0,0.0,0.0,0.0,0.0,0.0,0.0,0.0,1.0,0.0
141.0,0.0,0.0,0.0,0.0,0.0,0.0,0.0,0.0,0.0,0.0,0.0,0.0,0.0,0.0,0.0,0.0,0.0,0.0,0.0,0.0
142.0,0.0,0.0,0.0,0.0,0.0,0.0,0.0,0.0,0.0,0.0,0.0,0.0,0.0,0.0,0.0,0.0,0.0,0.0,0.0,0.0
143.0,99.0,215.0,0.4604651162790698,127.0,50.0,77.0,0.0,213.0,50.0,0.0,17.0,60.0,0.0,0.0,0.0,0.0,0.0,0.0,78.0,8.0
144.0,0.0,0.0,0.0,0.0,0.0,0.0,0.0,0.0,0.0,0.0,0.0,0.0,0.0,0.0,0.0,0.0,0.0,0.0,0.0,0.0
145.0,25.0,50.0,0.5,0.0,0.0,0.0,0.0,4.0,0.0,0.0,0.0,0.0,0.0,0.0,0.0,0.0,0.0,0.0,2.0,2.0
146.0,0.0,0.0,0.0,0.0,0.0,0.0,0.0,0.0,0.0,0.0,0.0,0.0,0.0,0.0,0.0,0.0,0.0,0.0,0.0,0.0
147.0,0.0,0.0,0.0,0.0,0.0,0.0,0.0,0.0,0.0,0.0,0.0,0.0,0.0,0.0,0.0,0.0,0.0,0.0,0.0,0.0
148.0,0.0,0.0,0.0,0.0,0.0,0.0,0.0,0.0,0.0,0.0,0.0,0.0,0.0,0.0,0.0,0.0,0.0,0.0,0.0,0.0
149.0,0.0,0.0,0.0,0.0,0.0,0.0,0.0,0.0,0.0,0.0,0.0,0.0,0.0,0.0,0.0,0.0,0.0,0.0,0.0,0.0
150.0,792.0,2335.0,0.339186295503212,196.0,66.0,5.0,125.0,287.0,37.0,29.0,1.0,4.0,14.0,64.0,13.0,34.0,0.0,0.0,50.0,41.0
151.0,58.0,171.0,0.3391812865497076,30.0,0.0,30.0,0.0,35.0,0.0,0.0,30.0,0.0,0.0,0.0,0.0,0.0,0.0,0.0,3.0,2.0
152.0,5.0,12.0,0.4166666666666667,0.0,0.0,0.0,0.0,0.0,0.0,0.0,0.0,0.0,0.0,0.0,0.0,0.0,0.0,0.0,0.0,0.0
153.0,0.0,0.0,0.0,0.0,0.0,0.0,0.0,0.0,0.0,0.0,0.0,0.0,0.0,0.0,0.0,0.0,0.0,0.0,0.0,0.0
582.0,402.1666666666667,1142.3386274221127,0.3520555612955383,0.0,0.0,0.0,0.0,95.97983215258547,0.0,0.0,0.0,0.0,0.0,0.0,0.0,0.0,56.33805764940058,0.0,18.153084994779224,21.48868950840567
583.0,2265.0,6486.967923172232,0.3491615847072631,0.0,0.0,0.0,0.0,245.7899175130595,0.0,0.0,0.0,0.0,0.0,0.0,0.0,0.0,22.97197609139391,0.0,102.21561519987011,120.60232622179544
584.0,811.1666666666666,2479.5020388612224,0.3271490218411825,130.5,16.666666666666668,5.5,108.33333333333334,219.47818172357884,16.666666666666668,0.0,4.166666666666667,1.3333333333333333,13.166666666666666,16.333333333333332,17.666666666666668,61.16666666666666,3.018110231217888,0.0,42.48321830701088,43.47685318535009
585.0,2289.333333333333,6478.067085161835,0.35339759580093033,230.66666666666663,23.33333333333333,8.833333333333332,198.5,470.5220252190052,23.33333333333333,0.0,6.333333333333333,2.5,39.16666666666666,25.666666666666668,30.83333333333333,102.83333333333331,4.192063641623851,0.0,113.72700765396742,121.93628725674726
586.0,567.3333333333334,1560.184795783665,0.3636321382355015,0.0,0.0,0.0,0.0,68.83197468241353,0.0,0.0,0.0,0.0,0.0,0.0,0.0,0.0,13.078686254884005,0.0,25.60259364487524,30.150694782654284
587.0,914.1666666666666,2697.625386344759,0.3388782858042971,75.0,8.0,3.333333333333333,63.66666666666666,169.299078534581,8.0,0.0,2.833333333333333,0.5,12.166666666666666,8.0,9.166666666666666,34.333333333333336,1.006036743739296,0.0,44.65199157647502,48.641050214366665
588.0,561.0,1664.7052235262242,0.33699659980141977,145.33333333333334,7.666666666666667,33.833333333333336,103.83333333333334,208.20577354578688,7.666666666666667,0.0,4.666666666666667,29.166666666666668,46.5,6.833333333333333,12.333333333333334,38.16666666666666,1.006036743739296,0.0,31.882521472062734,29.983881996651533
589.0,845.1666666666666,2475.155701426109,0.3414600003465267,0.0,0.0,0.0,0.0,83.12126361769776,0.0,0.0,0.0,0.0,0.0,0.0,0.0,0.0,0.0,0.0,38.1449804616495,44.976283156048254
590.0,742.3333333333334,2270.9947501321863,0.3268758473748673,0.0,0.0,0.0,0.0,73.15827902542064,0.0,0.0,0.0,0.0,0.0,0.0,0.0,0.0,0.0,0.0,33.51217298674754,39.6461060386731
591.0,612.8333333333334,1861.485858149145,0.3292172920092269,0.0,0.0,0.0,0.0,60.47809095680639,0.0,0.0,0.0,0.0,0.0,0.0,0.0,0.0,0.0,0.0,27.661913236162132,32.816177720644255
592.0,587.3333333333334,1557.4116947930313,0.37712143506883433,0.0,0.0,0.0,0.0,60.002423346103456,0.0,0.0,0.0,0.0,0.0,0.0,0.0,0.0,2.012073487478592,0.0,26.506993982995592,31.483355875629275
593.0,697.3333333333334,2032.7752245613983,0.3430449785631333,100.66666666666666,0.5,0.0,100.16666666666666,176.84959150816013,0.5,0.0,0.0,0.0,0.3333333333333333,90.5,1.8333333333333333,7.5,3.018110231217888,0.0,36.017627141087466,37.14718746918812
594.0,478.3333333333333,1385.739375348674,0.3451827535845094,537.1666666666667,11.333333333333334,23.5,502.33333333333337,609.4958092454383,9.5,1.8333333333333333,3.333333333333333,20.166666666666668,53.5,71.66666666666667,94.16666666666669,283.0,1.006036743739296,0.0,45.83638908559652,25.48671674943585
595.0,718.3333333333334,2006.8596063080329,0.3579390063337975,319.0,12.333333333333334,13.166666666666668,293.5,419.6245216128616,12.333333333333334,0.0,6.5,6.666666666666667,22.666666666666668,173.0,20.83333333333333,77.0,1.006036743739296,0.0,61.30520057300069,38.31328429612162
596.0,446.8333333333333,1154.5195603662148,0.3870296776882648,169.5,26.83333333333333,7.0,135.66666666666669,222.33609176560705,26.83333333333333,0.0,4.166666666666667,2.833333333333333,17.166666666666668,18.166666666666668,19.33333333333333,81.0,1.006036743739296,0.0,27.842680634004157,23.987374387863596
597.0,607.0,1588.361415245352,0.3821548384227387,0.0,0.0,0.0,0.0,79.73717936105447,0.0,0.0,0.0,0.0,0.0,0.0,0.0,0.0,4.024146974957184,0.0,43.39665014083065,32.31638224526663
598.0,2537.1666666666665,7181.185220104268,0.35330750968011204,253.5,33.5,11.166666666666668,208.83333333333331,519.7383440896165,33.5,0.0,8.833333333333334,2.333333333333333,36.833333333333336,34.5,30.83333333333333,106.66666666666669,5.03018371869648,0.0,125.94609448241324,135.26206588850675
599.0,1962.1666666666667,5766.614574639792,0.34026318930621996,122.5,2.6666666666666665,9.5,110.33333333333334,327.2396710030279,2.6666666666666665,0.0,0.6666666666666666,8.833333333333334,4.166666666666667,3.0,14.5,88.66666666666667,6.036220462435776,0.0,94.0915972758793,104.61185326471283
600.0,356.3333333333333,921.5485380861164,0.3866680034818034,3651.3333333333335,698.3333333333334,170.0,2783.0,3889.770416634124,564.5,133.83333333333334,117.0,53.0,568.6666666666666,349.1666666666667,453.3333333333333,1411.8333333333333,18.10866138730733,0.0,201.3384171897585,18.990004723725345
601.0,465.3333333333333,1220.0587097744449,0.38140241088837484,137.16666666666669,22.0,7.833333333333333,107.33333333333334,190.37066606833156,22.0,0.0,5.833333333333333,2.0,15.833333333333334,22.5,24.166666666666668,44.833333333333336,1.006036743739296,0.0,27.211114337234324,24.98684832069124
602.0,643.5,2111.7186967458315,0.30472808759596465,0.0,0.0,0.0,0.0,69.5646770646133,0.0,0.0,0.0,0.0,0.0,0.0,0.0,0.0,6.036220462435776,0.0,29.04653291118193,34.4819236909956
603.0,835.1666666666666,2473.100220243828,0.33770029205865576,12.999999999999998,0.1666666666666666,0.1666666666666666,12.666666666666664,96.0918796477746,0.1666666666666666,0.0,0.0,0.1666666666666666,4.833333333333333,2.0,1.5,4.333333333333333,0.0,0.0,38.28219009486582,44.809689552908765
604.0,932.1666666666666,1857.112187353762,0.501944186794084,0.0,0.0,0.0,0.0,91.8846953109146,0.0,0.0,0.0,0.0,0.0,0.0,0.0,0.0,0.0,0.0,42.07791356413866,49.80678174677593
605.0,1720.8333333333333,3459.7729745596284,0.49738330982609247,386.00000000000006,21.166666666666668,17.0,347.83333333333337,594.0769510234934,17.5,3.6666666666666665,4.166666666666667,12.833333333333334,42.16666666666666,9.666666666666666,58.16666666666666,237.83333333333331,0.1681268251981643,0.0,116.12434189463184,91.78448230366337
606.0,342.6666666666667,956.7209484503976,0.3581678306738077,0.0,0.0,0.0,0.0,33.45712474229564,0.0,0.0,0.0,0.0,0.0,0.0,0.0,0.0,0.0,0.0,15.466593951397948,17.990530790897694
607.0,309.0,769.9253348458383,0.4013376180975664,14.0,0.0,5.5,8.5,44.90392711018247,0.0,0.0,1.6666666666666667,3.8333333333333335,0.1666666666666666,0.0,1.5,6.833333333333333,0.0,0.0,14.579069336269136,16.32485777391333
608.0,839.1666666666666,2074.069048630116,0.404599194622243,0.0,0.0,0.0,0.0,84.69826570463141,0.0,0.0,0.0,0.0,0.0,0.0,0.0,0.0,2.012073487478592,0.0,37.87641507818396,44.80977713896886
609.0,1087.1666666666667,3897.236586870049,0.2789583445689123,816.6666666666666,148.33333333333331,45.833333333333336,622.5,960.5717425718352,84.0,64.33333333333333,15.666666666666666,30.166666666666668,57.833333333333336,108.66666666666669,47.5,408.5,0.0,0.0,85.9355878011648,57.96948810400368
610.0,495.8333333333333,1187.000737009883,0.41771948228302147,2110.0,585.3333333333333,76.16666666666666,1448.5,2309.277877128692,407.3333333333333,178.0,14.0,62.16666666666666,130.33333333333334,288.0,143.0,887.1666666666666,1.006036743739296,0.0,171.61926059338757,26.6525797915647
611.0,385.0,1087.7041436695802,0.3539565443789964,201.16666666666669,27.83333333333333,4.166666666666667,169.16666666666669,248.9464700039594,27.83333333333333,0.0,0.1666666666666666,4.0,17.333333333333332,62.833333333333336,10.333333333333334,78.66666666666667,0.0,0.0,26.79085074791213,20.98895258938064
612.0,493.8333333333333,1310.496879109065,0.37682908002731264,100.83333333333334,6.333333333333333,7.666666666666667,86.83333333333334,153.66030573137027,6.333333333333333,0.0,0.6666666666666666,7.0,9.166666666666666,10.833333333333334,8.0,58.833333333333336,0.0,0.0,26.84065014451805,25.98632225351889
613.0,728.1666666666666,1983.115980780488,0.36718309656305864,803.8333333333333,85.0,40.5,678.3333333333333,914.1763779611476,85.0,0.0,31.0,9.5,112.33333333333331,112.66666666666669,93.5,359.8333333333333,2.5147774076801634,0.0,69.18179576386527,38.64647145626896
614.0,1182.3333333333333,3370.7024945926023,0.3507676323348244,160.33333333333334,1.8333333333333333,10.5,148.0,283.9029358606621,1.8333333333333333,0.0,5.5,5.0,14.0,4.166666666666667,30.0,99.83333333333331,0.0,0.0,60.60274475918687,62.96685776814193
615.0,239.0,636.4598031389748,0.3755146810863292,2108.0,844.3333333333334,67.0,1196.6666666666663,2228.761095124587,690.0,154.33333333333334,10.333333333333334,56.66666666666666,117.5,52.0,178.0,849.1666666666666,0.0,0.0,107.7679339978277,12.993161126759446
616.0,396.0,1107.9939468930154,0.35740267454569097,102.83333333333331,1.1666666666666667,3.0,98.66666666666666,146.3376120164371,1.1666666666666667,0.0,0.6666666666666666,2.333333333333333,5.666666666666667,54.5,5.333333333333333,33.166666666666664,0.0,0.0,22.51532609372316,20.98895258938064
617.0,550.3333333333334,1427.9166781324227,0.3854099764792413,37.66666666666666,1.5,10.166666666666666,26.0,93.19022710883796,1.5,0.0,1.6666666666666667,8.5,0.6666666666666666,3.333333333333333,2.0,20.0,0.0,0.0,26.538816390169465,28.984744052001844
618.0,1278.1666666666667,3838.881880119565,0.33295285100745464,566.8333333333334,14.166666666666668,55.16666666666667,497.5,740.2462607983484,13.333333333333334,0.8333333333333334,24.666666666666668,30.5,61.16666666666666,34.333333333333336,41.0,361.0,1.006036743739296,0.0,104.27599662233972,68.13089409893605
619.0,2294.0,6719.618729922769,0.34138841684346066,44.16666666666666,1.5,2.1666666666666665,40.5,271.9667049424088,1.5,0.0,0.3333333333333333,1.8333333333333333,10.333333333333334,1.1666666666666667,2.0,27.0,0.0,0.0,105.53078316975446,122.26925510598768
620.0,462.3333333333333,1206.1296333441069,0.38331976974271914,0.0,0.0,0.0,0.0,45.52299423249532,0.0,0.0,0.0,0.0,0.0,0.0,0.0,0.0,0.0,0.0,20.869172445440743,24.65382178705457
621.0,568.0,1437.7060078219913,0.39507381683719484,9.0,0.0,4.0,5.0,65.02767043022068,0.0,0.0,2.833333333333333,1.1666666666666667,1.0,0.1666666666666666,1.1666666666666667,2.6666666666666665,0.0,0.0,26.0434524453912,29.98421798482949
622.0,574.0,1441.9289562679248,0.3980778647275775,912.3333333333331,193.16666666666663,52.16666666666666,667.0,1010.4043851927178,191.16666666666663,2.0,6.166666666666667,46.0,105.66666666666669,108.83333333333331,91.83333333333331,360.6666666666667,0.0,0.0,67.0873599417274,30.98369191765714
623.0,0.0,0.0,0.0,4089.5,2.6666666666666665,967.3333333333334,3119.5,4274.081653394514,0.0,2.6666666666666665,967.3333333333334,0.0,1825.6666666666667,485.3333333333333,0.0,808.5,0.0,0.0,184.58165339451432,0.0
624.0,663.0,1767.1107024698113,0.375188718552468,344.8333333333333,42.0,21.166666666666668,281.66666666666663,425.803604657561,41.0,1.0,3.0,18.166666666666668,22.33333333333333,66.33333333333333,53.0,140.0,0.0,0.0,45.489019717287874,35.48125160693987
625.0,562.8333333333334,1463.1899111936746,0.38466184671419196,203.3333333333333,1.6666666666666667,15.5,186.16666666666663,267.89925012856605,1.6666666666666667,0.0,0.6666666666666666,14.833333333333334,6.0,103.5,14.0,62.66666666666666,0.0,0.0,34.58169881040323,29.98421798482949
626.0,0.0,0.0,0.0,827.3333333333335,5.0,4.0,818.3333333333335,864.6757930259881,5.0,0.0,3.1666666666666665,0.8333333333333334,294.6666666666667,422.0,19.83333333333333,81.83333333333333,0.0,0.0,37.34245969265465,0.0
627.0,509.6666666666667,1339.8126927599767,0.38040143179772956,489.8333333333333,31.166666666666668,39.5,419.1666666666666,562.2684828005556,26.166666666666668,5.0,19.83333333333333,19.666666666666668,34.666666666666664,63.833333333333336,45.833333333333336,274.8333333333333,0.0,0.0,45.11612227646653,27.31902719075568
628.0,0.0,0.0,0.0,4188.833333333333,21.166666666666668,14.833333333333334,4152.833333333333,4377.9005150564735,21.166666666666668,0.0,11.333333333333334,3.5,1286.8333333333333,2166.1666666666665,366.0,333.8333333333333,0.0,0.0,189.06718172314007,0.0
629.0,0.0,0.0,0.0,1894.0000056501428,0.0,425.8333346036708,1468.1666710464722,1979.4862037136359,0.0,0.0,425.8333346036708,0.0,0.0,1416.1666708913467,1.1666666701470434,50.83333348497832,0.0,0.0,85.48619806349319,0.0
630.0,0.0,0.0,0.0,5253.5,0.0,310.0,4943.5,5490.627567731481,0.0,0.0,310.0,0.0,375.5,4492.333333333333,2.0,73.66666666666667,0.0,0.0,237.12756773148044,0.0
631.0,0.0,0.0,0.0,8307.0,0.0,252.33333333333331,8054.666666666667,8681.941576355935,0.0,0.0,252.33333333333331,0.0,1118.8333333333333,6750.666666666667,0.0,185.16666666666663,0.0,0.0,374.9415763559355,0.0
632.0,407.0,931.6423983346536,0.43686290010794704,45.0,0.0,0.0,45.0,87.38988320386656,0.0,0.0,0.0,0.0,0.0,1.0,0.6666666666666666,43.333333333333336,0.0,0.0,20.401456681658274,21.98842652220829
633.0,0.0,0.0,0.0,507.3333266165801,0.0,0.16666666446011166,507.16665995212,530.232086925526,0.0,0.0,0.16666666446011166,0.0,313.49999584947017,135.33333154161073,3.4999999536623463,54.83333260737676,0.0,0.0,22.898760308945928,0.0
634.0,46.00000142560706,142.15352778016438,0.323593808355882,14169.000439117966,293.5000090959929,25.33333411845026,13850.167095903522,14812.60726733268,252.8333411690069,40.666667926985944,21.33333399448443,4.000000123965831,842.6666927821351,11741.500363886202,510.6666824929712,755.3333567422145,0.0,0.0,641.6078802871069,1.9989479276056075
635.0,627.3333333333334,1791.5359910966745,0.3501650742440939,1387.0000000000002,113.16666666666669,50.5,1223.3333333333337,1547.2052126832646,112.16666666666669,1.0,26.666666666666668,23.83333333333333,231.66666666666663,153.83333333333334,189.33333333333331,648.5,8.21579187177638,0.0,118.3404942785612,33.648926532926936
636.0,2028.8333333333333,6083.525742712626,0.3334963011808811,859.3333333333334,29.0,29.166666666666664,801.1666666666667,1111.3259969543387,27.5,1.5,8.666666666666666,20.5,99.16666666666669,130.0,110.16666666666669,461.8333333333333,5.03018371869648,0.0,138.68616642759878,108.27631347471022
637.0,1460.1666666666667,4129.971262627153,0.35355371110689693,104.0,1.8333333333333333,2.0,100.16666666666669,258.2229838282085,1.8333333333333333,0.0,0.3333333333333333,1.6666666666666667,5.166666666666667,67.66666666666667,4.5,22.83333333333333,0.0,0.0,76.59718961817187,77.62579421003663
638.0,1397.1666666666667,3559.250739713425,0.3925451643733199,543.5,50.66666666666667,20.5,472.3333333333333,878.8982205238183,49.833333333333336,0.8333333333333334,6.666666666666667,13.833333333333334,43.66666666666666,82.5,41.66666666666666,304.5,3.018110231217888,0.0,257.5861443009731,74.79396599162736
639.0,3.0,6.943416794926769,0.4320639374827621,163.16666666666666,49.0,3.0,111.16666666666666,273.3521281708434,7.833333333333333,41.16666666666666,2.333333333333333,0.6666666666666666,16.0,6.5,18.83333333333333,69.83333333333333,0.0,102.69599999999998,7.489461504176731,0.0
640.0,0.0,0.0,0.0,0.0,0.0,0.0,0.0,0.0,0.0,0.0,0.0,0.0,0.0,0.0,0.0,0.0,0.0,0.0,0.0,0.0
641.0,620.000008240452,1759.7675444418132,0.35231926523404083,103.00000136897832,6.500000086391835,8.333333444092096,88.16666783849438,168.77040941126342,5.3333334042189415,1.1666666821728937,2.000000026582103,6.333333417509993,15.333333537129459,8.000000106328413,10.166666801792358,54.66666739324415,0.0,0.0,32.62137870908601,33.149029333199096
642.0,853.3333333333334,2233.1902714049224,0.38211402953877854,19.0,0.0,0.0,19.0,157.1834315682247,0.0,0.0,0.0,0.0,9.166666666666666,0.3333333333333333,1.3333333333333333,8.166666666666666,0.0,0.0,92.37418041703052,45.8092511511942
643.0,677.6666666666666,1730.5279611951898,0.39159532920729917,545.0,107.66666666666666,45.0,392.33333333333337,636.1663274646604,89.83333333333333,17.833333333333332,10.333333333333334,34.666666666666664,38.333333333333336,87.5,46.833333333333336,219.66666666666663,0.0,0.0,55.18526588286501,35.98106158179539
644.0,451.0,1094.185938875177,0.4121785740215488,0.0,0.0,0.0,0.0,44.343695103412,0.0,0.0,0.0,0.0,0.0,0.0,0.0,0.0,0.0,0.0,20.35632071554841,23.987374387863596
645.0,888.5,2629.318712619712,0.33792023604272237,627.1666666666666,131.83333333333334,26.666666666666664,468.6666666666666,742.5953567103426,46.333333333333336,85.5,12.166666666666666,14.5,71.33333333333333,26.0,73.0,298.3333333333333,0.0,0.0,68.45341520077632,46.97527484289953
646.0,940.0,1892.7642105337156,0.4966281562006827,2371.333333333333,195.66666666666663,147.16666666666669,2028.5,2570.7863334815047,146.5,49.16666666666666,20.0,127.16666666666669,224.83333333333331,325.8333333333333,292.5,1185.3333333333333,0.0,0.0,149.47930350678914,49.97369664138248
647.0,0.0,0.0,0.0,3766.166666666667,28.666666666666668,713.6666666666666,3023.833333333333,3936.1546740901576,28.666666666666668,0.0,713.5,0.1666666666666666,1904.1666666666667,57.66666666666666,0.8333333333333334,1061.1666666666667,0.0,0.0,169.9880074234908,0.0
648.0,577.0,1246.124543371924,0.463035579444314,0.0,0.0,0.0,0.0,59.03921785052693,0.0,0.0,0.0,0.0,0.0,0.0,0.0,0.0,2.012073487478592,0.0,26.0434524453912,30.98369191765714
649.0,575.6666666666666,1310.176216013672,0.4393810997563242,24.83333333333333,15.166666666666666,1.0,8.666666666666668,82.92103089337215,15.166666666666666,0.0,1.0,0.0,0.5,0.6666666666666666,0.8333333333333334,6.666666666666667,0.0,0.0,27.10400564238167,30.98369191765714
650.0,445.6666666666667,1022.5807897573676,0.43582538527093984,5.5,0.3333333333333333,2.333333333333333,2.833333333333333,49.85112533155251,0.3333333333333333,0.0,0.5,1.8333333333333333,0.1666666666666666,0.0,0.6666666666666666,2.0,0.0,0.0,20.36375094368892,23.987374387863596
651.0,0.0,0.0,0.0,481.6666666666667,25.0,215.5,241.16666666666669,504.41067744810925,25.0,0.0,66.16666666666667,149.33333333333334,13.5,0.0,44.833333333333336,182.83333333333331,1.006036743739296,0.0,21.73797403770331,0.0
652.0,36.66666666666666,84.3612375943019,0.4346387951656043,615.3333333333333,9.666666666666666,259.66666666666663,346.0,646.7585950858413,9.666666666666666,0.0,165.66666666666666,94.0,13.5,15.5,202.33333333333331,114.66666666666669,0.0,0.0,29.426313886852785,1.998947865655299
653.0,905.3333333333334,1723.653649010999,0.5252408648644681,918.5,139.66666666666666,51.5,727.3333333333333,1048.795631179072,128.66666666666666,11.0,11.0,40.5,92.0,18.5,171.16666666666666,445.6666666666667,0.0,0.0,82.32088240334468,47.97474877572719
654.0,633.8333327451853,1360.3261327024152,0.46594218658875286,1556.499998555689,306.16666638256777,61.6666666094448,1188.6666655636761,1689.346800534562,172.66666650644544,133.4999998761224,23.333333311681812,38.333333297762984,243.66666644056292,25.999999975874022,344.83333301335483,574.1666661338846,0.0,0.0,98.86468829426542,33.98211368460733
655.0,693.9999990198767,2041.2920987090154,0.33998074036478493,79.49999988772362,0.33333333286257283,0.0,79.16666655486105,151.39326501967986,0.33333333286257283,0.0,0.0,0.0,0.33333333286257283,54.333333256599374,5.499999992232452,18.999999973166652,0.0,0.0,34.91272966956013,36.98053546239612
656.0,454.0,1434.7285938701532,0.31643615520015783,0.0,0.0,0.0,0.0,46.49117648922018,0.0,0.0,0.0,0.0,0.0,0.0,0.0,0.0,2.012073487478592,0.0,20.491728613878,23.987374387863596
657.0,1.0,1.5091476826939447,0.6626256737279171,4468.5,92.0,3025.5,1351.0,4670.237469960954,88.66666666666667,3.333333333333333,2691.5,334.0,262.5,28.0,247.16666666666663,813.3333333333334,0.0,0.0,201.7374699609535,0.0
658.0,694.3333333333334,1319.4268337068104,0.5262386026989209,111.5,22.5,6.0,83.0,184.8573429012295,14.166666666666666,8.333333333333334,1.5,4.5,18.166666666666668,0.5,18.83333333333333,45.5,0.0,0.0,36.37674903518086,36.98059386604863
659.0,252.83333335114062,489.01282858551184,0.5170280176135065,702.8333333828347,54.50000000383849,18.500000001302972,629.8333333776932,761.2967601957924,21.166666668157458,33.33333333568103,11.00000000077474,7.500000000528233,42.83333333635013,215.66666668185624,74.1666666718903,297.16666668759643,0.0,0.0,44.97061635996894,13.492810452988788
660.0,672.8333333333334,1294.1271078099123,0.5199128658018671,2276.9999999999995,111.5,64.16666666666666,2101.333333333333,2445.9436146471794,68.0,43.5,19.5,44.66666666666666,153.83333333333334,419.3333333333333,503.8333333333333,1024.3333333333333,0.0,0.0,133.1289276444554,35.814687002723794
661.0,1306.1666666666667,2670.008269963351,0.48919948352242204,3348.833333333333,451.5,83.66666666666667,2813.666666666667,3628.810782117595,302.6666666666667,148.83333333333334,24.666666666666668,59.0,882.5,66.33333333333333,441.6666666666667,1423.1666666666667,0.1681268251981643,0.0,210.1795967459366,69.62972521312658
662.0,941.0,1908.627945196228,0.4930243227174665,1400.3333333333333,125.0,78.33333333333333,1197.0,1555.9856592566282,123.0,2.0,6.333333333333333,72.0,78.16666666666667,34.666666666666664,101.0,983.1666666666666,0.0,0.0,105.67862928191234,49.97369664138248
663.0,381.8333333333333,813.9203148578831,0.4691286436314155,5025.5,107.83333333333334,3729.8333333333335,1187.8333333333337,5293.239382406803,66.0,41.833333333333336,3386.5,343.3333333333333,92.33333333333331,330.6666666666667,200.33333333333331,564.5,3.018110231217888,0.0,244.06546292515563,20.65580925042929
664.0,1085.0000004270034,2039.5317808113155,0.531984846049026,797.8333336473219,117.83333337970681,45.333333351174346,634.6666669164407,1008.6215366753171,56.666666688967915,61.1666666907389,9.833333337203259,35.50000001397108,42.16666668326142,60.0000000236131,112.16666671081006,420.3333334987562,0.0,0.0,152.9852062062315,57.80299682176356
665.0,1401.6666666666667,3249.5835413797654,0.431337323327137,110.16666666666669,4.666666666666667,2.0,103.5,275.03308474692903,4.666666666666667,0.0,1.5,0.5,4.666666666666667,71.5,17.333333333333332,10.0,0.0,0.0,90.23933782800476,74.62708025225761
666.0,1338.5,3801.735811872597,0.352076016387026,593.3333333333333,95.33333333333334,23.83333333333333,474.1666666666666,751.9895417526429,72.66666666666667,22.666666666666668,4.333333333333333,19.5,38.833333333333336,61.833333333333336,196.16666666666663,177.33333333333334,0.0,0.0,87.19373458099778,71.46247383831175
667.0,2143.333333333333,6401.803801973085,0.3348014715278749,0.0,0.0,0.0,0.0,210.8489482138365,0.0,0.0,0.0,0.0,0.0,0.0,0.0,0.0,0.0,0.0,96.74215136000612,114.1067968538304
668.0,1192.3333333333333,3468.606060288603,0.343750000031461,5.0,0.1666666666666666,0.0,4.833333333333333,136.08739475552312,0.1666666666666666,0.0,0.0,0.0,1.5,0.3333333333333333,1.1666666666666667,1.8333333333333333,13.07847766861085,0.0,54.04258538594268,63.96633170096958
669.0,800.6666666666666,1881.36595709619,0.42557731187103137,1195.6666666666663,94.5,249.3333333333333,851.8333333333333,1331.7733839663188,55.16666666666666,39.333333333333336,82.66666666666667,166.66666666666666,110.33333333333331,312.0,131.5,298.0,3.018110231217888,0.0,90.11122795684513,42.97737911158894
670.0,1108.5,3211.6086189219263,0.34515413661210737,806.3333333333334,100.66666666666669,45.16666666666666,660.5,954.1586466188628,100.66666666666669,0.0,35.5,9.666666666666666,103.33333333333331,102.83333333333331,76.83333333333333,377.5,2.012073487478592,0.0,86.51132421170162,59.3019155863493
671.0,681.0,1913.31884619114,0.35592603990478244,302.0,12.166666666666668,35.83333333333333,254.0,382.68474426852345,4.5,7.666666666666667,7.5,28.33333333333333,22.0,4.666666666666667,124.83333333333331,102.5,0.0,0.0,44.37069999735319,36.31404427117026
672.0,381.0,1265.4610617864914,0.3010760358458839,151.33333333333334,46.333333333333336,9.5,95.5,196.35662964020293,6.5,39.833333333333336,1.8333333333333333,7.666666666666667,11.166666666666666,8.833333333333334,25.83333333333333,49.66666666666666,1.006036743739296,0.0,24.027780906577345,19.989478656552997
673.0,631.6666666666666,1965.850442793152,0.3213197977406519,18.0,0.3333333333333333,1.0,16.666666666666668,82.98402787369461,0.3333333333333333,0.0,1.0,0.0,5.5,0.0,0.3333333333333333,10.833333333333334,2.012073487478592,0.0,29.32313004897648,33.648824337239546
674.0,979.1666666666666,2624.1439713686077,0.3731375554657497,1192.6666666666663,474.33333333333337,64.0,654.3333333333333,1344.845760717774,344.1666666666667,130.16666666666666,9.5,54.5,85.83333333333333,175.0,93.0,300.5,2.012073487478592,0.0,98.02797233766256,52.139048225966285
675.0,1310.3333333333333,3170.7958124284173,0.4132506193547002,438.00000000000006,8.0,8.666666666666666,421.33333333333337,638.7062673673784,7.333333333333333,0.6666666666666666,3.333333333333333,5.333333333333333,33.166666666666664,240.83333333333331,87.66666666666667,59.66666666666666,0.0,0.0,130.9097440316939,69.7965233356845
676.0,7.0,20.35632002470865,0.3438735484362276,173.66666666666669,3.1666666666666665,41.66666666666667,128.83333333333334,204.9598137987257,2.5,0.6666666666666666,1.8333333333333333,39.833333333333336,11.0,30.33333333333333,8.833333333333334,78.66666666666667,23.13884510600381,0.0,8.154302026055243,0.0
677.0,1433.0,4267.32103555725,0.3358078729159572,1219.0,138.16666666666666,70.66666666666667,1010.1666666666666,1437.4157398773154,138.16666666666666,0.0,50.333333333333336,20.33333333333333,93.16666666666669,159.66666666666666,130.33333333333334,627.0,22.46822451913557,0.0,119.6539294783773,76.29358587980256
678.0,871.0,2537.1759345871983,0.3432950739152083,260.99999999999994,0.8333333333333334,1.5,258.66666666666663,434.4161890742728,0.8333333333333334,0.0,0.6666666666666666,0.8333333333333334,0.5,181.0,63.16666666666666,14.0,2.012073487478592,0.0,125.0950398280514,46.30907575874283
679.0,1385.0,3659.737314689071,0.3784424620972199,138.83333333333334,1.1666666666666667,7.166666666666667,130.5,325.5776634057648,1.1666666666666667,0.0,0.5,6.666666666666667,27.33333333333333,22.5,26.33333333333333,54.333333333333336,0.0,0.0,112.78315676810026,73.96117330433115
680.0,1594.0,3977.194957550024,0.4007849796183775,929.5,55.16666666666666,51.5,822.8333333333333,1231.3623454474125,53.16666666666666,2.0,9.166666666666666,42.333333333333336,130.66666666666666,154.16666666666666,164.33333333333334,373.6666666666667,0.0,0.0,216.9069151401785,84.9554303072336
681.0,1014.8333333333334,2515.9030197619827,0.40336742925382785,596.1666666666667,209.66666666666663,73.16666666666666,313.33333333333337,782.0760687333433,123.83333333333331,85.83333333333333,19.5,53.66666666666666,25.0,106.16666666666669,24.5,157.66666666666666,0.0,6.223999999999999,125.71380969398356,53.97159237269309
682.0,1121.1666666666667,2696.763060974386,0.4157453366561504,12.666666666666668,0.5,4.166666666666667,8.0,168.64459052688676,0.5,0.0,1.1666666666666667,3.0,0.8333333333333334,0.6666666666666666,1.3333333333333333,5.166666666666667,0.0,0.0,96.17608147063476,59.80184238958531
683.0,1520.3333333333333,4329.184831790666,0.35118235704999523,0.0,0.0,0.0,0.0,159.81888634056918,0.0,0.0,0.0,0.0,0.0,0.0,0.0,0.0,10.06036743739296,0.0,68.63428857455796,81.12423032861825
684.0,1897.6666666666667,5446.79454297723,0.34840063301330215,45.833333333333336,1.8333333333333333,4.5,39.5,242.8833709233475,1.8333333333333333,0.0,1.3333333333333333,3.1666666666666665,4.833333333333333,5.166666666666667,6.166666666666667,23.33333333333333,8.048293949914369,0.0,87.72184991393631,101.27989372616348
685.0,1398.3333333333333,3635.607255021979,0.38462166984670065,19.5,3.6666666666666665,1.1666666666666663,14.666666666666666,158.12480675317835,3.6666666666666665,0.0,0.6666666666666666,0.5,1.8333333333333333,2.1666666666666665,2.1666666666666665,8.5,0.0,0.0,63.99753652962615,74.6272702235522
686.0,570.3333333333334,1672.891906368962,0.34092659015324595,28.0,1.0,1.0,26.0,102.15706365146204,1.0,0.0,0.0,1.0,7.166666666666667,0.8333333333333334,7.166666666666667,10.833333333333334,0.0,0.0,44.00629590775486,30.150767743707178
687.0,1087.3333333333333,2918.090966710888,0.37261803889510536,15.166666666666664,0.3333333333333333,5.0,9.833333333333332,173.89633337105434,0.3333333333333333,0.0,4.0,1.0,6.833333333333333,0.0,0.3333333333333333,2.6666666666666665,0.0,0.0,100.760178600384,57.96948810400368
688.0,610.5,1735.457623260311,0.3517804133143202,40.83333333333333,6.166666666666667,2.5,32.166666666666664,102.87868180017044,6.166666666666667,0.0,1.6666666666666667,0.8333333333333334,3.8333333333333335,7.333333333333333,3.6666666666666665,17.333333333333332,0.0,0.0,29.39593968793379,32.6494087789033
689.0,1.0,2.526882416257278,0.39574457187492007,0.0,0.0,0.0,0.0,72.31165469014101,0.0,0.0,0.0,0.0,0.0,0.0,0.0,0.0,72.26651872403114,0.0,0.0451359661098633,0.0
690.0,1057.1666666666667,2722.845713798821,0.3882580130446481,2316.333333333333,131.16666666666666,58.83333333333333,2126.333333333333,2556.736001718581,130.5,0.6666666666666666,38.5,20.33333333333333,491.1666666666667,178.33333333333334,576.3333333333334,880.5,21.12677161852521,0.0,162.80586775789357,56.470029008828526
691.0,1063.5,2798.0139340746987,0.38009103065875144,2355.666666666667,133.33333333333334,432.5,1789.8333333333337,2633.8378495421057,131.83333333333334,1.5,331.8333333333333,100.66666666666669,502.0,29.83333333333333,483.1666666666667,774.8333333333334,18.27699680269461,0.0,203.25817686289372,56.63600920985085
692.0,1039.1666666666667,2806.0609161749253,0.37032933272282775,781.8333333333334,10.166666666666668,29.33333333333333,742.3333333333334,935.496671341728,8.333333333333334,1.8333333333333333,5.833333333333333,23.5,173.66666666666666,26.83333333333333,54.16666666666666,487.6666666666667,0.0,0.0,98.19241788375648,55.47092012463804
693.0,1386.6666666666667,3354.763007493812,0.413342660441037,2345.166666666667,98.5,91.0,2155.666666666667,2591.5931410772487,74.66666666666667,23.83333333333333,33.833333333333336,57.16666666666666,303.8333333333333,233.16666666666663,475.1666666666667,1143.5,4.024146974957184,0.0,168.4412564063786,73.96107102924607
694.0,603.9999904505207,1280.3831048483605,0.47173380229978445,1143.1666485927487,117.16666481421524,116.66666482212044,909.3333189564133,1257.0272450585646,84.33333199998991,32.83333281422533,21.833332988139677,94.83333183398074,104.4999983478136,174.33333057705428,86.66666529643233,543.8333247351129,3.0181101835003696,0.0,78.85932093749723,31.983165344818268
695.0,156.83333335491167,366.2110852639727,0.42825938281432113,211.16666669572058,4.166666667239949,63.33333334204722,143.66666668643342,256.3946167313223,4.166666667239949,0.0,47.166666673156215,16.166666668891004,1.0000000001375877,0.6666666667583918,2.333333333654371,139.6666666858831,20.120734877554288,0.0,16.611584477081387,8.495630680966011
696.0,557.0,1544.4814225933142,0.3606388473515921,955.6666666666669,305.33333333333337,62.66666666666666,587.6666666666666,1056.945053327232,182.33333333333331,123.0,17.5,45.16666666666666,96.83333333333331,51.833333333333336,55.66666666666666,383.3333333333333,3.018110231217888,0.0,68.27605844451803,29.98421798482949
697.0,709.3333333333334,1769.185582199981,0.40093777638142286,507.83333333333337,4.0,27.5,476.33333333333337,604.7752273906232,3.333333333333333,0.6666666666666666,15.166666666666666,12.333333333333334,46.0,30.5,214.5,185.33333333333331,4.024146974957184,0.0,54.9377376348819,37.98000944745069
698.0,1153.0,3103.539729273991,0.3715112744085028,52.0,0.3333333333333333,0.0,51.66666666666666,168.02490179372688,0.3333333333333333,0.0,0.0,0.0,0.3333333333333333,48.16666666666666,1.1666666666666667,2.0,0.0,0.0,54.39057370361795,61.63432809010893
699.0,402.833330057969,1032.1187824268034,0.390297451142972,71.99999941458114,6.666666612461217,2.9999999756075475,62.33333282651238,114.91970136505763,0.9999999918691825,5.666666620592035,0.3333333306230608,2.6666666449844865,9.999999918691826,2.833333310296017,4.666666628722852,44.833332968801685,0.0,0.0,21.431085577843753,21.48861637263276
700.0,847.8333333333334,1707.8955780550834,0.4964198890302349,1005.5,465.0,51.5,489.0,1237.2922862725377,169.33333333333334,295.6666666666667,35.0,16.5,53.0,127.5,65.33333333333333,243.16666666666663,0.0,0.0,186.64927802669624,45.14300824584151
701.0,791.8333402217738,1759.3371203322079,0.45007482140333366,873.5000075988879,57.33333383209644,52.83333379294934,763.3333399738423,992.6581018380339,37.83333366245899,19.500000169637453,12.333333440625399,40.500000352323944,49.333333762501596,154.33333467593403,305.16666932142033,254.50000221398625,2.012073504982337,0.0,75.16811519022151,41.97790554394205
702.0,1128.5,2215.43524650231,0.5093807195591277,859.0,139.16666666666666,115.66666666666669,604.1666666666667,1012.5116627904648,116.5,22.666666666666668,17.666666666666668,98.0,42.16666666666666,71.5,48.833333333333336,441.6666666666667,1.006036743739296,0.0,92.53719007706648,59.96843596965898
703.0,1287.6666666666667,2958.50697704412,0.43524205846328273,3608.0,507.33333333333337,132.16666666666669,2968.4999999999995,3897.7695109255287,400.1666666666667,107.16666666666669,43.0,89.16666666666667,92.83333333333331,40.833333333333336,2338.1666666666665,496.6666666666667,0.0,0.0,220.97238853086768,68.79712239466146
704.0,3453.333333333333,6542.090406994396,0.5278638964758487,3881.0,1591.8333333333337,146.0,2143.1666666666665,4396.220474374706,666.3333333333334,925.5,114.33333333333331,31.666666666666668,349.8333333333333,102.33333333333331,508.6666666666667,1182.3333333333333,0.0,0.0,330.98390818953794,184.236566185168
705.0,1724.6666666666667,4355.532443021554,0.3959714889576663,2260.6666666666665,301.5,134.33333333333334,1824.8333333333333,2535.5183363363662,230.16666666666663,71.33333333333333,25.83333333333333,108.5,252.0,48.833333333333336,454.1666666666667,1069.8333333333333,3.018110231217888,0.0,179.88195761833788,91.95160182014376
706.0,316.1666666666667,734.6896620986395,0.4303404321268619,165.83333333333331,10.166666666666666,20.33333333333333,135.33333333333331,209.60833055973723,10.166666666666666,0.0,4.0,16.333333333333332,14.166666666666666,7.666666666666667,13.0,100.5,5.03018371869648,0.0,21.75384431509516,16.990969192612262
707.0,1478.6666666666667,3704.027204969085,0.39920513129141777,17.0,0.0,0.0,17.0,164.47494831413798,0.0,0.0,0.0,0.0,4.166666666666667,0.1666666666666666,12.166666666666666,0.5,1.006036743739296,0.0,67.51026638317607,78.95864518722261
708.0,1157.0,3155.3692063770154,0.36667658341271053,18.0,0.0,0.0,18.0,133.00224516264134,0.0,0.0,0.0,0.0,7.833333333333333,0.0,9.166666666666666,1.0,0.0,0.0,53.03486132732706,61.96738383531428
709.0,417.5,933.7265785511996,0.44713303614834066,410.1666666666666,9.0,140.66666666666666,260.5,471.015901793528,8.0,1.0,56.833333333333336,83.83333333333333,50.833333333333336,5.166666666666667,102.66666666666669,101.83333333333331,1.006036743739296,0.0,37.3551663568307,22.488032026291336
710.0,538.0,1266.7768110476902,0.42469991186138467,1626.3333333333333,663.8333333333334,147.16666666666666,815.3333333333333,1752.8374360661344,477.0,186.83333333333331,14.166666666666666,133.0,64.66666666666667,62.16666666666666,145.33333333333334,543.1666666666666,0.0,0.0,97.68599610513496,28.81810662766637
711.0,1480.6666666666667,2808.723132531179,0.5271671848026944,1111.3333333333333,793.3333333333333,38.333333333333336,279.66666666666663,1307.292475226258,367.3333333333333,426.0,6.666666666666667,31.666666666666668,17.333333333333332,21.33333333333333,36.5,204.5,0.0,0.0,117.00056977691244,78.95857211601222
712.0,208.0,495.6882188343168,0.4196186072147173,1442.3333333333333,79.83333333333333,111.83333333333331,1250.6666666666663,1530.83512551342,58.0,21.83333333333333,9.833333333333334,102.0,161.16666666666666,103.33333333333331,317.0,669.1666666666666,3.018110231217888,0.0,74.48946868776488,10.994213261104145
713.0,1220.5,3011.3164133678406,0.40530446902954287,324.6666666666667,23.833333333333336,13.333333333333332,287.5,459.58867512854783,21.166666666666668,2.6666666666666665,6.333333333333333,7.0,79.0,0.0,85.66666666666667,122.83333333333331,0.1672893316728933,0.0,69.62166271608997,65.13305641411823
714.0,1447.5,4290.784335349053,0.33735090996649836,131.83333333333334,5.0,1.3333333333333333,125.5,280.2443693518622,5.0,0.0,0.3333333333333333,1.0,10.666666666666666,53.66666666666666,28.33333333333333,32.833333333333336,0.0,0.0,71.28490576646435,77.1261302520645
715.0,836.0,2267.752332567306,0.36864695848579304,21.0,0.0,0.1666666666666666,20.83333333333333,104.1585005817922,0.0,0.0,0.0,0.1666666666666666,2.833333333333333,0.1666666666666666,2.1666666666666665,15.666666666666666,0.0,0.0,38.682085798156685,44.476414783635526
716.0,480.3333333333333,1178.2159570911265,0.40767851635554025,158.5,2.5,5.0,151.0,276.15509240976826,2.5,0.0,0.6666666666666666,4.333333333333333,5.833333333333333,5.0,107.83333333333331,32.333333333333336,0.0,0.0,91.83531991512706,25.819772494641203
717.0,1663.5,4033.507595675355,0.4124201976918479,57.33333333333333,3.5,19.33333333333333,34.5,227.818198908898,3.5,0.0,7.666666666666667,11.666666666666666,4.333333333333333,3.0,3.0,24.166666666666668,4.024146974957184,0.0,77.67411749306115,88.78660110754633
718.0,256.0,814.6061834144558,0.31426228429419145,148.33333333333331,4.5,4.666666666666667,139.16666666666666,185.60619171377024,4.5,0.0,0.6666666666666666,4.0,14.833333333333334,66.33333333333333,5.833333333333333,52.16666666666666,5.03018371869648,0.0,18.250039602153358,13.992635059587096
719.0,0.0,0.0,0.0,1073.5,27.0,750.5,296.0,1143.7383697513596,27.0,0.0,269.1666666666667,481.3333333333333,84.33333333333333,8.333333333333334,18.166666666666668,185.16666666666663,0.0,21.784,48.45436975135956,0.0
720.0,2616.1666666666665,5123.317907805415,0.5106391431772984,3727.6666666666665,2182.333333333333,185.5,1359.8333333333337,4162.511877376659,1805.3333333333333,377.0,94.5,91.0,145.83333333333334,179.16666666666666,276.5,758.3333333333334,0.0,0.0,295.252061696863,139.59314901312905
721.0,748.3333333333334,1643.5842779937957,0.4553057262428731,515.1666666666666,33.166666666666664,28.833333333333336,453.1666666666666,612.1743090537508,28.0,5.166666666666667,5.166666666666667,23.666666666666668,40.333333333333336,142.66666666666666,53.66666666666666,216.5,0.0,0.0,57.028685073978046,39.97895731310599
722.0,472.9999999081844,916.9937514818027,0.5158159465578113,1468.9999997148477,133.8333333073545,40.83333332540705,1294.3333330820865,1581.8082149255724,73.666666652367,60.16666665498751,8.833333331618666,31.999999993788375,150.16666663751732,390.6666665908331,215.16666662489993,538.3333332288357,0.0,0.0,87.6547733148427,25.1534418958823
723.0,1385.0000001949006,2698.71403388642,0.513207395375775,266.50000003750256,56.500000007950824,1.3333333335209634,208.6666666960308,415.00302957520273,3.0000000004221676,53.500000007528655,0.33333333338024085,1.0000000001407225,13.000000001829394,64.66666667576673,14.833333335420718,116.16666668301396,0.0,0.0,74.54195849804606,73.96107103965406
724.0,2084.833333333333,4865.030699043264,0.4285344661326243,672.3333333333334,133.0,27.0,512.3333333333334,912.7526370490408,86.33333333333333,46.66666666666666,3.333333333333333,23.666666666666668,92.5,43.16666666666666,85.0,291.6666666666667,5.03018371869648,0.0,124.44751345314172,110.94160654386911
725.0,251.83333333333331,791.9952467772077,0.3179732888020416,112.5,0.6666666666666666,0.3333333333333333,111.5,143.61095879709887,0.6666666666666666,0.0,0.3333333333333333,0.0,1.1666666666666667,101.16666666666669,2.333333333333333,6.833333333333333,1.006036743739296,0.0,16.445415723096524,13.659506330263037
726.0,434.8333333333333,1131.2538347203167,0.38438175410988856,90.83333333333331,0.8333333333333334,0.0,90.0,138.7191991470803,0.8333333333333334,0.0,0.0,0.0,1.1666666666666667,81.5,2.333333333333333,5.0,1.006036743739296,0.0,23.725261956001773,23.15456711400591
727.0,752.6666666666666,1746.612528045378,0.43092938736044145,0.0,0.0,0.0,0.0,74.11377942365361,0.0,0.0,0.0,0.0,0.0,0.0,0.0,0.0,0.0,0.0,33.96787751259826,40.14590191105536
728.0,1068.5,2725.8176090095944,0.3919924783185444,411.0,30.166666666666664,25.833333333333336,355.0,535.7487713359445,11.333333333333334,18.83333333333333,8.166666666666666,17.666666666666668,36.833333333333336,133.16666666666666,26.33333333333333,158.66666666666666,1.006036743739296,0.0,66.77312948810352,56.96960510410178
729.0,354.8333328627914,817.5376734330538,0.4340268887826952,1902.9999974764455,91.4999998786625,1345.166664882851,466.3333327149321,2027.9288837290637,91.4999998786625,0.0,508.8333326585731,836.3333322242778,113.16666651659719,8.666666655173861,96.999999871369,247.49999967179204,4.024146969620792,0.0,101.91473458445466,18.990004698542837
730.0,1709.8333333333333,4647.024574227463,0.3679415303323593,376.3333333333333,163.83333333333331,19.333333333333336,193.16666666666663,562.7866131717595,155.16666666666666,8.666666666666666,1.6666666666666667,17.666666666666668,24.5,11.166666666666666,19.0,138.5,1.006036743739296,0.0,94.16192794476008,91.28531514992696
731.0,862.5,2545.085223364304,0.33888845531855166,735.5,76.0,32.166666666666664,627.3333333333334,862.1410618558966,76.0,0.0,29.33333333333333,2.833333333333333,211.83333333333331,6.333333333333333,215.33333333333331,193.83333333333331,8.383708538443047,0.0,72.11490030170704,46.14245301574643
732.0,1064.6666666666667,2869.396101693728,0.3710420691093232,1141.1666666666667,125.5,38.16666666666667,977.5,1304.008859230314,125.5,0.0,28.166666666666668,10.0,290.5,56.66666666666666,258.0,372.3333333333333,6.5387157924482295,0.0,99.50001240754676,56.80346436365237
733.0,1061.3333333333333,2901.30515894658,0.36581237587523796,0.0,0.0,0.0,0.0,105.5423912119978,0.0,0.0,0.0,0.0,0.0,0.0,0.0,0.0,1.006036743739296,0.0,47.89952745722983,56.636827011028686
734.0,786.8333333333334,2144.1891803898952,0.3669607796408417,590.1666666666666,55.333333333333336,56.333333333333336,478.5,694.2925208654021,54.5,0.8333333333333334,11.833333333333334,44.5,49.333333333333336,43.0,93.66666666666669,292.5,0.0,0.0,62.148357976898986,41.97749622183644
735.0,512.3333333333334,1612.0166582343734,0.31782136413806494,0.0,0.0,0.0,0.0,50.44347521085109,0.0,0.0,0.0,0.0,0.0,0.0,0.0,0.0,0.0,0.0,23.124564825410104,27.31891038544099
736.0,581.3333273756967,1310.7291193423468,0.4435190450849054,16.999999825780122,0.8333333247931433,4.833333283800231,11.333333217186748,75.99647185829741,0.8333333247931433,0.0,0.6666666598345146,4.166666623965717,4.499999953882973,0.0,0.6666666598345146,6.16666660346926,1.006036733429202,0.0,27.006743698958886,30.983691600129195
737.0,1309.5,2924.2791050471174,0.44780267305534804,731.8333333333334,50.66666666666666,93.83333333333331,587.3333333333334,893.7660409381062,28.83333333333333,21.83333333333333,62.0,31.83333333333333,36.833333333333336,99.0,74.0,377.5,0.0,0.0,92.13625739663064,69.79645020814222
738.0,182.0,311.6006207919797,0.5840809929627859,1481.5,412.0,82.0,987.5,1566.584023298222,274.3333333333333,137.66666666666666,17.666666666666668,64.33333333333333,95.0,57.16666666666666,224.66666666666663,610.6666666666666,0.0,0.0,75.08928396994575,9.994739328276497
739.0,1839.1666666666667,4556.56650000852,0.4036299408037231,919.1666666666664,132.66666666666666,48.16666666666667,738.3333333333333,1143.6272400265975,86.33333333333333,46.333333333333336,13.333333333333334,34.833333333333336,92.5,41.66666666666666,127.0,477.1666666666667,2.012073487478592,0.0,124.5000544553427,97.94844541710968
740.0,3.0,8.46903509731285,0.3542316173600312,0.0,0.0,0.0,0.0,45.07101787473308,0.0,0.0,0.0,0.0,0.0,0.0,0.0,0.0,44.93560997640349,0.0,0.1354078983295903,0.0
741.0,211.66666666666663,590.6744115085334,0.35834744580535927,0.0,0.0,0.0,0.0,20.54819077195202,0.0,0.0,0.0,0.0,0.0,0.0,0.0,0.0,0.0,0.0,9.553977510847874,10.994213261104145
742.0,358.6666666666667,974.1230694404252,0.3681944077894583,1275.8333333333337,9.0,7.333333333333333,1259.5000000000002,1368.5984323807452,8.333333333333334,0.6666666666666666,1.0,6.333333333333333,22.5,4.666666666666667,1152.6666666666667,79.66666666666667,0.0,0.0,73.77509432368637,18.990004723725345
743.0,817.1666666666666,2556.040440492243,0.31970021041971325,325.8333333333333,16.666666666666664,17.166666666666668,292.0,429.043542103642,15.666666666666666,1.0,2.833333333333333,14.333333333333334,28.5,132.5,26.666666666666668,104.33333333333331,5.03018371869648,3.112,51.59092363062549,43.47710142098666
744.0,1535.6666666666667,3706.359434588559,0.414332903693983,69.0,0.6666666666666666,0.5,67.83333333333333,320.3979636087981,0.6666666666666666,0.0,0.5,0.0,4.666666666666667,51.0,7.333333333333333,4.833333333333333,1.006036743739296,0.0,168.43464087066525,81.95728599439354
745.0,340.8333333333333,901.2369621246052,0.37818392682191126,7.833333333333333,2.0,2.6666666666666665,3.166666666666667,41.7266993273375,2.0,0.0,0.0,2.6666666666666665,1.6666666666666667,0.0,0.3333333333333333,1.1666666666666667,0.0,0.0,15.736197778771006,18.157168215233163
746.0,301.6666666666667,818.5427820187666,0.3685411114647767,230.3333333333333,8.166666666666668,15.833333333333334,206.3333333333333,270.50473703367265,7.166666666666667,1.0,3.5,12.333333333333334,22.5,13.0,27.666666666666668,143.16666666666666,0.0,0.0,24.0132856489124,16.15811805142697
747.0,991.1666666666666,2207.8265286442847,0.4489332172647152,2463.833333333333,494.3333333333333,106.16666666666669,1863.3333333333333,2672.750765456248,421.5,72.83333333333333,28.5,77.66666666666667,222.33333333333331,229.33333333333331,486.3333333333333,925.3333333333334,0.0,0.0,155.94531368304945,52.97211843986543
748.0,576.1666666666666,1559.3231171482614,0.36949793171820483,14.999999999999998,0.0,0.0,14.999999999999998,74.6784512758175,0.0,0.0,0.0,0.0,0.1666666666666666,11.666666666666666,1.6666666666666667,1.5,2.012073487478592,0.0,26.68268587068177,30.98369191765714
749.0,352.5,1086.102563598634,0.3245549838608661,14.5,2.5,0.8333333333333334,11.166666666666666,49.88877378186467,2.5,0.0,0.8333333333333334,0.0,1.6666666666666667,2.1666666666666665,1.5,5.833333333333333,0.0,0.0,16.565348028585703,18.82342575327897
750.0,557.6666666666666,1567.1531280714778,0.35584695373892744,728.5,358.0,26.333333333333336,344.16666666666663,816.5372850018736,249.83333333333331,108.16666666666669,4.666666666666667,21.666666666666668,36.66666666666666,32.666666666666664,47.16666666666666,227.66666666666663,0.0,0.0,58.05306701704401,29.98421798482949
751.0,139.16666666666666,375.3603803340143,0.37075481046462405,2120.5,308.0,641.0,1171.5,2229.9888012021524,296.8333333333333,11.166666666666666,314.3333333333333,326.6666666666667,585.6666666666666,6.0,238.16666666666663,341.6666666666667,0.0,0.0,101.99281971438675,7.495981487765685
752.0,737.8333333333334,1674.3743767226242,0.4406621025684523,3007.0,357.0,251.8333333333333,2398.166666666667,3215.3362988769877,222.16666666666663,134.83333333333334,119.66666666666669,132.16666666666666,199.83333333333331,99.0,965.0,1134.3333333333333,0.0,0.0,169.0238036751631,39.31249520182421
753.0,4.0,12.01050728703528,0.3330417195881304,0.0,0.0,0.0,0.0,21.641894146310456,0.0,0.0,0.0,0.0,0.0,0.0,0.0,0.0,21.461350281871,0.0,0.1805438644394537,0.0
754.0,546.8333333333334,1907.996139716227,0.2866008593783963,151.66666666666666,12.5,11.5,127.66666666666666,220.2265039310766,11.5,1.0,1.5,10.0,20.5,49.5,8.333333333333334,49.333333333333336,8.048293949914369,0.0,31.52679926249371,28.984744052001844
755.0,910.6666666666666,2677.681955599715,0.34009515759040415,0.0,0.0,0.0,0.0,109.57891491854151,0.0,0.0,0.0,0.0,0.0,0.0,0.0,0.0,0.0,0.0,61.10447297327352,48.47444194526801
756.0,470.0,1440.6937760749695,0.3262317140568688,992.0,43.833333333333336,121.83333333333331,826.3333333333334,1082.9787321788374,41.833333333333336,2.0,29.33333333333333,92.5,39.16666666666666,104.66666666666669,126.66666666666669,555.8333333333334,0.0,0.0,65.99188385814618,24.98684832069124
757.0,838.1666666666666,1595.782918893361,0.5252385250795365,731.3333333333333,200.8333333333333,42.5,488.0,847.1508410121747,57.66666666666666,143.16666666666666,16.666666666666668,25.83333333333333,50.833333333333336,43.5,85.0,308.6666666666667,0.0,0.0,70.84118070159734,44.97632697724424
758.0,749.1666666666666,1632.718721493001,0.458846129957773,1415.8333333333333,118.16666666666666,72.16666666666666,1225.5,1553.5325798917893,77.5,40.66666666666666,14.5,57.66666666666666,112.0,293.5,132.33333333333334,687.6666666666666,0.0,0.0,97.72028924534985,39.97895731310599
759.0,605.1666666666666,1740.4012531476208,0.34771674955541787,14.833333333333334,0.0,2.0,12.833333333333334,80.49664298662123,0.0,0.0,1.1666666666666667,0.8333333333333334,11.0,0.0,0.3333333333333333,1.5,5.197473050369374,0.0,27.982992184834306,32.48284441808422
760.0,608.0,1936.0879349049485,0.3140353230029552,205.3333333333333,2.833333333333333,5.833333333333333,196.66666666666663,287.1056485521542,2.833333333333333,0.0,1.3333333333333333,4.5,13.833333333333334,111.0,7.5,64.33333333333333,13.07847766861085,0.0,36.71067169972526,31.98316585048479
761.0,335.5,1072.1593361205453,0.31291990723501845,1334.3333333333333,16.5,16.666666666666664,1301.1666666666663,1432.723799010416,15.833333333333334,0.6666666666666666,8.0,8.666666666666666,45.16666666666666,956.6666666666666,92.0,207.33333333333331,5.03018371869648,0.0,75.36975116748856,17.990530790897694
762.0,557.8333333333334,1727.5560795549495,0.32290316935878666,404.5,9.166666666666668,12.166666666666668,383.1666666666667,481.7771900690049,8.333333333333334,0.8333333333333334,4.166666666666667,8.0,35.333333333333336,203.0,21.33333333333333,123.5,4.024146974957184,0.0,43.43546253355367,29.817580560494022
763.0,530.5,1648.9640978508658,0.32171713179893563,0.0,0.0,0.0,0.0,51.92987037520428,0.0,0.0,0.0,0.0,0.0,0.0,0.0,0.0,0.0,0.0,23.94460025603009,27.985270119174192
764.0,1489.3333333333333,3707.998846340113,0.40165420623130516,146.5,4.333333333333333,7.833333333333333,134.33333333333334,344.795652591026,4.333333333333333,0.0,1.3333333333333333,6.5,32.166666666666664,65.16666666666667,11.333333333333334,25.666666666666668,0.0,0.0,118.83732883620394,79.45832375482205
765.0,419.0,1346.0623592270206,0.31127829786475253,276.83333333333337,10.5,51.66666666666667,214.66666666666669,331.4012116999376,9.666666666666666,0.8333333333333334,9.833333333333334,41.833333333333336,18.0,82.66666666666667,13.333333333333334,100.66666666666669,1.006036743739296,0.0,31.406777676321227,22.15506394654376
766.0,321.5,688.4057160202775,0.467021107637825,52.5,0.5,25.166666666666668,26.833333333333336,107.74810134664656,0.5,0.0,0.5,24.666666666666668,3.8333333333333335,1.3333333333333333,7.5,14.166666666666666,7.042257206175073,0.0,30.88165847367969,17.324185666791795
767.0,498.3333333333333,1193.3679224745736,0.4175856615116542,243.8333333333333,46.333333333333336,15.166666666666666,182.3333333333333,303.9747585823006,46.333333333333336,0.0,5.5,9.666666666666666,17.0,30.33333333333333,14.666666666666666,120.33333333333331,0.0,0.0,33.488728652087886,26.652696596879384
768.0,600.6666666666666,1508.8961712460996,0.3980834984627305,21.0,0.0,11.0,10.0,81.20913469270431,0.0,0.0,11.0,0.0,1.8333333333333333,0.0,3.0,5.166666666666667,0.0,0.0,28.05938987177315,32.14974482093117
769.0,618.1666666666666,1427.5894797991057,0.43301430517242023,435.33333333333337,23.833333333333336,9.666666666666666,401.83333333333337,515.8676504432495,6.666666666666667,17.166666666666668,1.1666666666666667,8.5,8.0,3.8333333333333335,8.333333333333334,381.6666666666667,0.0,0.0,47.55167732660374,32.98263978331244
770.0,749.3333333333334,1905.3210156030843,0.3932845579284967,121.33333333333331,0.8333333333333334,8.5,112.0,200.6105405020254,0.8333333333333334,0.0,8.333333333333334,0.1666666666666666,18.0,84.16666666666667,3.5,6.333333333333333,0.0,0.0,39.29824985558609,39.97895731310599
771.0,696.8333333333334,1807.9318938491308,0.3854311856016646,1945.333333333333,161.5,95.66666666666666,1688.1666666666663,2101.736894658773,139.0,22.5,19.33333333333333,76.33333333333333,228.5,84.83333333333333,314.8333333333333,1060.0,0.0,0.0,119.2563883864812,37.147172938958505
772.0,729.3333333333334,1705.2525378537605,0.42769813687025854,11.166666666666666,1.6666666666666667,0.6666666666666666,8.833333333333332,120.5674577126464,1.6666666666666667,0.0,0.6666666666666666,0.0,0.0,3.5,0.5,4.833333333333333,0.0,0.0,70.42130766570138,38.97948338027834
773.0,1145.6666666666667,2513.348067745328,0.45583287144721674,8.0,0.1666666666666666,0.0,7.833333333333333,223.2070197675966,0.1666666666666666,0.0,0.0,0.0,0.0,1.8333333333333333,6.0,0.0,0.0,0.0,154.0725162850363,61.1345034825603
774.0,469.3333333333333,1214.507267129403,0.3864392960304344,1159.6666666666667,309.0,44.333333333333336,806.3333333333334,1258.1799841130107,206.5,102.5,8.5,35.833333333333336,71.66666666666667,28.166666666666668,195.5,511.0,0.0,0.0,73.52646912565272,24.98684832069124
775.0,3654.6666666666665,7487.148718764775,0.48812529361238743,4933.5,1683.1666666666667,217.83333333333331,3032.5,5599.298715431296,566.0,1117.1666666666667,159.33333333333334,58.5,527.5,243.0,742.3333333333334,1519.6666666666667,13.91638758715198,0.0,457.1520449254447,194.7302829186995
776.0,949.6666666666666,2020.9627578246568,0.46990804901762656,271.0,25.166666666666668,4.166666666666666,241.66666666666669,376.9017258703627,20.666666666666668,4.5,1.0,3.1666666666666665,33.0,38.0,56.0,114.66666666666669,0.0,0.0,55.09513426659899,50.80659160376376
777.0,584.5,1190.700421491558,0.49088753934244245,333.1666666666667,23.666666666666664,47.66666666666666,261.83333333333337,405.73531051416,14.166666666666666,9.5,24.33333333333333,23.33333333333333,11.666666666666666,81.33333333333333,10.5,158.33333333333334,0.0,0.0,41.41828534257803,31.15035850491532
778.0,936.3333333333334,3457.1972995798155,0.2708359553118749,60.0,9.666666666666666,4.666666666666667,45.66666666666667,156.9536033684728,9.666666666666666,0.0,3.8333333333333335,0.8333333333333334,6.166666666666667,11.5,5.833333333333333,22.166666666666668,2.012073487478592,0.0,44.96789159103732,49.97363828995689
779.0,753.3333333333334,1668.3778071651334,0.4515364146526133,11.0,0.0,0.1666666666666666,10.833333333333334,85.81226142538418,0.0,0.0,0.1666666666666666,0.0,9.5,0.1666666666666666,0.3333333333333333,0.8333333333333334,0.0,0.0,34.500131561758145,40.31212986362603
780.0,367.3333333333333,1060.251206534118,0.34645877417496046,4287.166666666667,1971.8333333333333,109.5,2205.833333333333,4517.240828196669,1387.5,584.3333333333334,36.16666666666666,73.33333333333333,123.0,141.83333333333334,589.5,1351.5,0.0,0.0,210.08468287344965,19.989478656552997
781.0,25.166666666666668,54.67058675112215,0.460332843714177,2378.833333333333,21.666666666666668,3.666666666666667,2353.5,2489.345617709891,17.0,4.666666666666667,2.333333333333333,1.3333333333333333,19.83333333333333,38.66666666666666,8.833333333333334,2286.1666666666665,1.006036743739296,0.0,108.50677369999065,0.9994739328276496
782.0,690.8333333333334,1591.3169372746354,0.43412680224247924,52.83333333333333,1.0,14.5,37.33333333333333,123.2147265971105,0.1666666666666666,0.8333333333333334,14.5,0.0,1.8333333333333333,6.5,1.1666666666666667,27.83333333333333,0.0,0.0,33.567378368174914,36.814014895602256
783.0,108.66666666666669,261.4002905051562,0.41570981599396195,100.5,8.833333333333334,10.333333333333334,81.33333333333334,145.11236819340985,8.833333333333334,0.0,2.0,8.333333333333334,3.8333333333333335,4.5,4.333333333333333,68.66666666666667,29.17506556843958,0.0,9.440459028004362,5.996843596965898
784.0,537.8333333333334,1670.5429232118,0.32195122068416565,120.0,1.8333333333333333,4.166666666666667,114.0,218.40416467338213,1.8333333333333333,0.0,1.3333333333333333,2.833333333333333,7.0,51.66666666666666,3.6666666666666665,51.66666666666666,10.06036743739296,0.0,59.69219652293871,28.651600713050485
785.0,863.3333333333334,2234.892273597356,0.3862975157830241,19.0,0.1666666666666666,0.1666666666666666,18.666666666666668,120.80201615819286,0.1666666666666666,0.0,0.1666666666666666,0.0,0.0,17.5,0.1666666666666666,1.0,0.0,0.0,55.82624456215317,45.97577159603969
786.0,554.3333331055545,1409.9196225172004,0.39316662046016165,916.666666290003,9.166666662900028,43.49999998212559,863.9999996449774,1023.5595925268693,9.166666662900028,0.0,11.999999995069128,31.499999987056462,36.33333331840375,687.333333050904,22.999999990549163,117.33333328512035,2.0120734866518193,0.0,75.39638640093027,29.48446634928423
787.0,559.3333332816983,1249.7002208941065,0.4475740052934611,2245.4999997927057,143.49999998675275,105.66666665691203,1996.333333149041,2401.9135034924298,47.49999999561502,95.99999999113773,79.99999999261478,25.66666666429724,116.9999999891991,849.4999999215781,242.99999997756737,786.8333332606966,0.0,0.0,126.59592314198241,29.8175805577414
788.0,518.5,1199.0408739472257,0.43242896156917926,151.5,1.5,1.5,148.5,209.56098117250104,1.5,0.0,1.1666666666666667,0.3333333333333333,0.6666666666666666,110.66666666666669,27.666666666666668,9.5,0.0,0.0,30.242348477662286,27.818632694838723
789.0,635.1666666666666,1519.8935617897853,0.41790207066783785,4.0,0.0,0.0,4.0,66.83152024821595,0.0,0.0,0.0,0.0,0.0,3.0,1.0,0.0,0.0,0.0,28.849406532075857,33.982113716140084
790.0,760.5,1836.066503494748,0.41420068311930586,33.0,0.0,4.666666666666667,28.33333333333333,126.2935703590759,0.0,0.0,0.0,4.666666666666667,2.833333333333333,1.8333333333333333,1.3333333333333333,22.33333333333333,0.0,0.0,52.81499293225957,40.47857742681633
791.0,1.0,2.016784134941312,0.4958388866090023,217.66666666666669,14.5,84.5,118.66666666666669,238.5960913583743,14.5,0.0,36.833333333333336,47.66666666666666,3.6666666666666665,0.0,10.333333333333334,104.66666666666669,11.066404181132256,0.0,9.863020510575357,0.0
792.0,141.83333333333334,315.94751093387873,0.44891422918351814,0.0,0.0,0.0,0.0,19.06470680353152,0.0,0.0,0.0,0.0,0.0,0.0,0.0,0.0,0.0,0.0,11.402044070234382,7.662662733297139
793.0,888.3333333333334,2307.97106650215,0.38489795051012,5.0,0.0,0.0,5.0,98.6364066299482,0.0,0.0,0.0,0.0,0.0,0.0,5.0,0.0,1.006036743739296,0.0,45.32199547690804,47.30837440930088
794.0,185.16666666666663,575.3583809893545,0.32182839910711697,333.83333333333337,23.166666666666668,98.16666666666669,212.5,405.3250829920123,21.166666666666668,2.0,70.66666666666667,27.5,14.5,32.333333333333336,17.166666666666668,148.5,38.229396262093246,0.0,23.434266022874265,9.82808737371142
795.0,591.5,1793.188485112484,0.3298593566213404,46.00000000000001,0.5,0.3333333333333333,45.16666666666667,106.59090534283057,0.5,0.0,0.3333333333333333,0.0,0.0,41.333333333333336,0.8333333333333334,3.0,0.0,0.0,28.774318462792134,31.81658688003841
796.0,593.1666666666666,1681.8340864479708,0.3526903583690785,0.0,0.0,0.0,0.0,58.5919835225245,0.0,0.0,0.0,0.0,0.0,0.0,0.0,0.0,0.0,0.0,26.77541127517919,31.816572247345302
797.0,459.0,1021.8029064385344,0.4492060035333348,0.0,0.0,0.0,0.0,45.03805768096184,0.0,0.0,0.0,0.0,0.0,0.0,0.0,0.0,0.0,0.0,20.71740844442732,24.320649236534525
798.0,410.6666666666667,915.09174010685,0.4487710342776294,57.83333333333333,1.0,0.6666666666666666,56.16666666666666,100.96793388979168,1.0,0.0,0.6666666666666666,0.0,0.0,52.333333333333336,0.6666666666666666,3.1666666666666665,0.0,0.0,21.146174034250063,21.98842652220829
799.0,593.5,1494.9266889309183,0.397009434907096,46.0,9.333333333333334,4.5,32.166666666666664,106.34930693755696,9.333333333333334,0.0,3.333333333333333,1.1666666666666667,10.0,2.1666666666666665,6.166666666666667,13.833333333333334,0.0,0.0,28.865761200782497,31.48354573677445
800.0,0.0,0.0,0.0,10.0,0.0,0.3333333333333333,9.666666666666666,20.5117270984916,0.0,0.0,0.3333333333333333,0.0,0.8333333333333334,0.1666666666666666,0.1666666666666666,8.5,10.06036743739296,0.0,0.4513596610986344,0.0
801.0,77.83333333333333,218.47289865127456,0.3562608168511122,723.8333333333334,87.83333333333333,362.33333333333337,273.6666666666667,768.3606871179861,84.33333333333333,3.5,210.5,151.83333333333334,64.5,28.666666666666668,19.5,161.0,0.0,0.0,40.029662680428174,4.497691104224721
802.0,290.5,637.0847542165267,0.4559832864894887,1392.5,330.5,18.0,1044.0,1483.9558453785523,31.83333333333333,298.6666666666667,6.333333333333333,11.666666666666666,223.5,14.5,168.5,637.5,0.0,0.0,75.96395562285089,15.49188975570157
803.0,597.5,1285.6971739101004,0.46472840737672716,601.0,358.33333333333337,30.5,212.16666666666669,687.078536554179,230.83333333333331,127.5,12.5,18.0,27.166666666666668,11.166666666666666,12.833333333333334,161.0,0.0,0.0,54.0953707036943,31.98316585048479
804.0,268.6666666666667,573.5347070373788,0.46844011943841607,0.0,0.0,0.0,0.0,26.11907912482189,0.0,0.0,0.0,0.0,0.0,0.0,0.0,0.0,0.0,0.0,12.126444065234798,13.992635059587096
805.0,904.6666666666666,2470.4547846992177,0.36619438342677924,0.0,0.0,0.0,0.0,89.14208969672362,0.0,0.0,0.0,0.0,0.0,0.0,0.0,0.0,0.0,0.0,40.83406607232549,48.30802362439812
806.0,705.1666666666666,1834.1169008344104,0.3844720401114341,1778.8333333333333,176.0,249.66666666666669,1353.1666666666663,1930.6146799025453,141.83333333333334,34.166666666666664,187.33333333333331,62.333333333333336,358.8333333333333,22.0,141.5,830.8333333333334,2.012073487478592,0.0,112.1222171838009,37.64705589793272
807.0,130.0,339.87016369687336,0.3824990066381515,3272.0,1093.3333333333333,182.16666666666669,1996.5,3432.5492504666177,889.5,203.83333333333331,67.5,114.66666666666669,240.16666666666663,167.5,176.5,1412.3333333333333,0.0,0.0,153.55293293682436,6.996317529793548
808.0,800.6666666666666,1981.7265924590888,0.40402478813847564,1555.1666666666667,721.5,77.33333333333334,756.3333333333334,1704.478267619484,516.3333333333334,205.16666666666663,21.5,55.833333333333336,72.0,60.66666666666666,108.83333333333331,514.8333333333334,0.0,0.0,106.33422184122853,42.97737911158894
809.0,359.3333333333333,892.7495201605117,0.40250184986795295,500.33333333333326,90.83333333333331,44.333333333333336,365.1666666666666,558.1322665864786,36.16666666666666,54.66666666666666,8.833333333333334,35.5,40.833333333333336,103.83333333333331,71.66666666666667,148.83333333333334,0.0,0.0,38.80892852941993,18.990004723725345
810.0,312.0,676.6460905834133,0.4610977649054167,621.0,160.33333333333334,66.33333333333334,394.3333333333333,680.1015776229746,148.33333333333334,12.0,21.0,45.333333333333336,42.66666666666666,34.666666666666664,30.666666666666668,286.3333333333333,0.0,0.0,42.11052076490454,16.991056858070042
811.0,448.8333333333333,969.0278620961832,0.4631789764666058,0.0,0.0,0.0,0.0,44.24597906985986,0.0,0.0,0.0,0.0,0.0,0.0,0.0,0.0,0.0,0.0,20.258604681996264,23.987374387863596
812.0,297.0,640.4070809985973,0.4637675141519095,121.5,1.1666666666666667,3.666666666666667,116.66666666666666,156.38098017854924,1.1666666666666667,0.0,2.333333333333333,1.3333333333333333,0.3333333333333333,107.33333333333331,1.5,7.5,0.0,0.0,18.88939725330683,15.991582925242396
813.0,0.0,0.0,0.0,21.833333333333336,1.0,1.1666666666666667,19.666666666666668,26.842952940533745,1.0,0.0,0.3333333333333333,0.8333333333333334,0.8333333333333334,1.3333333333333333,0.5,17.0,4.024146974957184,0.0,0.9854726322432308,0.0
814.0,321.8333333333333,811.2548402392753,0.3967105246958037,14.0,0.0,3.8333333333333335,10.166666666666666,48.16161390687177,0.0,0.0,3.8333333333333335,0.0,1.0,0.0,9.0,0.1666666666666666,2.012073487478592,0.0,15.158483561323138,16.991056858070042
815.0,463.5,1118.3870464680747,0.41443613055404876,13.333333333333334,2.333333333333333,5.166666666666666,5.833333333333334,60.17214667511516,2.333333333333333,0.0,2.0,3.1666666666666665,0.6666666666666666,0.6666666666666666,1.1666666666666667,3.333333333333333,0.0,0.0,22.01855860116425,24.82025474061757
816.0,2.0,4.289369604157606,0.46626898229087954,108.5,1.1666666666666667,52.16666666666667,55.16666666666666,114.49353128379602,1.1666666666666667,0.0,0.8333333333333334,51.333333333333336,1.1666666666666667,0.6666666666666666,2.1666666666666665,51.16666666666666,1.006036743739296,0.0,4.987494540056722,0.0
817.0,500.3333333333333,1383.4215266426438,0.3616636894089447,83.0,13.166666666666666,6.833333333333333,63.0,167.35138433590512,12.166666666666666,1.0,1.8333333333333333,5.0,7.166666666666667,8.0,5.833333333333333,42.0,6.036220462435776,0.0,51.3293676871228,26.985796186346544
818.0,584.5,1623.3833999757428,0.36005049701058534,57.0,0.3333333333333333,2.1666666666666665,54.5,116.93829451494264,0.3333333333333333,0.0,0.3333333333333333,1.8333333333333333,3.1666666666666665,1.5,0.5,49.333333333333336,0.0,0.0,28.954602597285497,30.98369191765714
819.0,649.8333333333334,1786.7409606387391,0.363697563132501,151.33333333333334,5.333333333333333,2.833333333333333,143.16666666666669,222.47640581485504,4.5,0.8333333333333334,1.6666666666666667,1.1666666666666667,12.5,84.0,9.666666666666666,37.0,0.0,0.0,36.16148483255399,34.98158764896774
820.0,1274.1666666666667,3543.4259349744084,0.35958608703807127,38.0,10.0,4.5,23.5,165.5167140334175,10.0,0.0,4.0,0.5,2.6666666666666665,8.166666666666666,2.333333333333333,10.333333333333334,0.1674979218620116,0.0,59.21826354083606,68.1309525707194
821.0,637.0,1756.7332219177958,0.36260485772825424,104.83333333333334,26.333333333333336,24.5,54.0,177.6355062036254,15.833333333333334,10.5,11.333333333333334,13.166666666666666,6.5,18.33333333333333,7.166666666666667,22.0,0.1672893316728933,0.0,38.48635139145979,34.148532147159386
822.0,360.0,963.113288360045,0.37378780290010866,44.66666666666666,9.666666666666666,7.166666666666666,27.83333333333333,91.2572765217812,1.8333333333333333,7.833333333333333,4.333333333333333,2.833333333333333,1.1666666666666667,0.1666666666666666,1.0,25.5,0.0,9.336,18.26460513138917,18.990004723725345
823.0,115.83333333333331,283.06771387062344,0.4092071531205255,260.6666666666667,68.33333333333333,33.666666666666664,158.66666666666669,284.83308999709953,37.5,30.83333333333333,21.5,12.166666666666666,31.83333333333333,33.666666666666664,18.0,75.16666666666667,1.006036743739296,0.0,16.99677422984792,6.163612356845661
824.0,1.3333333333333333,3.7547810417540433,0.3551028191807604,3287.166666666667,1450.5,209.8333333333333,1626.8333333333337,3435.6063422221187,1073.5,377.0,107.83333333333331,102.0,183.0,315.6666666666667,136.33333333333334,991.8333333333334,0.0,0.0,148.43967555545157,0.0
825.0,800.6666666666666,1721.7576489185485,0.46502866833179024,1998.833333333333,391.5,141.16666666666666,1466.1666666666663,2168.1650173497733,289.5,102.0,71.83333333333333,69.33333333333333,179.0,233.33333333333331,235.66666666666663,818.1666666666666,0.0,0.0,126.35430490485074,42.97737911158894
826.0,818.9999996930054,1868.5466652670464,0.43830856082791847,2007.8333325807155,224.1666665826399,50.499999981070545,1733.1666660170054,2179.0691045133403,73.83333330565759,150.3333332769823,18.999999992878028,31.499999988192517,145.49999994546067,265.9999999002924,398.66666651723017,922.9999996540221,0.0,0.0,127.59204763389171,43.64372429873308
827.0,642.5,1705.5262819389998,0.37671656356391453,1661.8333333333337,285.3333333333333,100.16666666666666,1276.3333333333337,1799.8240318512042,203.5,81.83333333333333,33.666666666666664,66.5,84.83333333333333,157.16666666666666,303.6666666666667,730.6666666666666,0.0,0.0,104.0085848017306,33.982113716140084
828.0,751.1666666666666,1986.6556940893672,0.3781061151670685,0.0,0.0,0.0,0.0,73.88351196294585,0.0,0.0,0.0,0.0,0.0,0.0,0.0,0.0,0.0,0.0,33.90455464983986,39.97895731310599
829.0,520.0,1418.7135547238752,0.3665292393017333,0.0,0.0,0.0,0.0,51.45656691296767,0.0,0.0,0.0,0.0,0.0,0.0,0.0,0.0,0.0,0.0,23.471296793793478,27.985270119174192
830.0,770.5,2014.6442489768208,0.38244965600815856,1801.0,513.6666666666666,117.33333333333334,1170.0,1958.0447749370187,324.8333333333333,188.83333333333331,46.66666666666666,70.66666666666667,223.5,151.66666666666666,151.33333333333334,643.5,0.0,0.0,116.06634369108517,40.97843124593364
831.0,439.0,1159.7594888508104,0.37852675853939255,2335.0,506.1666666666667,163.83333333333334,1665.0,2508.591116207744,333.1666666666667,173.0,51.833333333333336,112.0,181.16666666666663,351.5,261.6666666666667,870.6666666666666,0.0,24.896,125.2074495990477,23.487666608695477
832.0,647.3333256833772,1797.7519123747754,0.3600793419979009,2459.6666375991967,381.83332882096215,140.33333167492367,1937.499977103311,2634.386903451648,279.99999669105915,101.83333212990303,61.499999273214776,78.8333324017089,157.99999813281192,160.999998097359,662.3333255061125,956.1666553670275,0.0,0.0,140.23837178051883,34.48189407193209
833.0,422.8333435003965,1183.5151627461132,0.3572690547701098,3702.8334223682737,360.1666753269045,98.83333570978918,3243.83341133158,3911.704458047477,214.1666718163222,146.00000351058233,42.83333436326445,56.000001346524726,261.8333396291379,101.66666911125026,1831.1667106972238,1049.1666918939677,0.0,0.0,186.21632186264696,22.65471381655728
834.0,350.0,912.166774563453,0.38370176349330837,61.833333333333336,0.6666666666666666,0.8333333333333333,60.333333333333336,99.41177929591956,0.6666666666666666,0.0,0.5,0.3333333333333333,0.5,55.0,1.3333333333333333,3.5,0.0,0.0,18.588441238860884,18.990004723725345
835.0,649.8333333333334,2009.8485341914711,0.32332453032076397,99.83333333333331,2.333333333333333,7.0,90.5,168.65169654586813,0.5,1.8333333333333333,1.3333333333333333,5.666666666666667,18.33333333333333,47.5,3.1666666666666665,21.5,0.0,0.0,33.83677556356706,34.98158764896774
836.0,265.3333333333333,628.7131551179501,0.4220260561965739,1550.5,637.5,145.5,767.5,1646.4557816639049,262.3333333333333,375.1666666666667,64.33333333333333,81.16666666666667,86.0,130.5,83.16666666666667,467.8333333333333,0.0,0.0,81.96314660431766,13.992635059587096
837.0,349.3333333333333,691.0882282619818,0.505482974600612,2373.0,715.6666666666666,118.0,1539.3333333333337,2514.7008819914017,591.0,124.66666666666669,46.333333333333336,71.66666666666667,103.33333333333331,198.33333333333331,245.5,992.1666666666666,0.0,0.0,122.87747084774986,18.82341114365168
838.0,517.3333410400841,1062.7168798647251,0.48680260080741,480.0000071505934,43.16666730972351,18.000000268147254,418.83333957272265,553.0010423420505,27.666667078818925,15.500000230904579,5.833333420232906,12.166666847914346,43.16666730972349,178.83333599742596,63.33333427681441,133.50000198875878,0.0,0.0,45.01576465538444,27.985270536072708
839.0,345.16664213022034,673.1788280177029,0.5127413812859001,123.8333245305426,1.6666665481903444,1.49999989337131,120.66665808898095,162.99254374953557,1.6666665481903444,0.0,1.3333332385522754,0.16666665481903437,0.16666665481903437,111.99999203839114,2.6666664771045507,5.833332918666205,0.0,0.0,21.168689706966457,17.99052951202654
840.0,483.0,1259.8639995837343,0.3833747135878045,205.33333333333331,15.666666666666666,23.333333333333336,166.33333333333334,262.38812871519025,13.166666666666666,2.5,4.666666666666667,18.666666666666668,15.333333333333334,55.333333333333336,25.0,70.66666666666667,0.0,0.0,31.068473128338024,25.98632225351889
841.0,385.3333333333333,1024.194846006104,0.3762304944571424,119.5,15.0,5.0,99.5,163.2752267427456,14.833333333333334,0.1666666666666666,0.8333333333333334,4.166666666666667,4.166666666666667,67.0,1.5,26.83333333333333,0.0,0.0,22.78627415336496,20.98895258938064
842.0,546.5,1339.1271522050276,0.40810164972021107,25.0,0.1666666666666666,3.8333333333333335,21.0,79.77987872661846,0.1666666666666666,0.0,3.8333333333333335,0.0,7.0,0.1666666666666666,3.0,10.833333333333334,0.0,0.0,25.795134674616623,28.984744052001844
843.0,320.0,868.004665290781,0.3686616130027368,0.0,0.0,0.0,0.0,31.6005978338944,0.0,0.0,0.0,0.0,0.0,0.0,0.0,0.0,0.0,0.0,14.44304967083576,17.157548163058635
844.0,508.1666666666667,1043.3789796363744,0.4870393946826173,1049.3333333333333,371.0,52.16666666666666,626.1666666666666,1146.6923878833986,230.5,140.5,21.83333333333333,30.33333333333333,40.0,116.33333333333331,117.33333333333331,352.5,0.0,0.0,70.3732583637185,26.985796186346544
845.0,298.6666666666667,710.1234275335468,0.4205841619731064,1105.1666666666667,229.33333333333331,36.66666666666667,839.1666666666667,1184.3540766914566,203.5,25.83333333333333,16.5,20.166666666666668,115.16666666666669,40.16666666666666,372.6666666666667,311.1666666666667,0.0,0.0,63.36242067962124,15.824989345168724
846.0,460.1666666666667,1079.9616787460234,0.4260953659031497,353.16666666666663,146.0,53.16666666666666,154.0,415.370497661561,127.33333333333331,18.666666666666668,7.5,45.66666666666666,18.5,21.33333333333333,16.166666666666668,98.0,1.006036743739296,0.0,36.710712084123394,24.48708216703172
847.0,559.0,1597.9895433666672,0.34981455436954284,807.0,192.66666666666663,74.16666666666667,540.1666666666666,898.6399651545028,170.16666666666666,22.5,26.33333333333333,47.833333333333336,66.0,81.83333333333333,48.333333333333336,344.0,0.0,0.0,61.65574716967336,29.98421798482949
848.0,963.0,2520.1513739423112,0.38211990357292086,0.0,0.0,0.0,0.0,94.43910593800864,0.0,0.0,0.0,0.0,0.0,0.0,0.0,0.0,0.0,0.0,43.4659353637985,50.97317057421014
849.0,216.00000000000057,581.0207292966053,0.37175954162856506,84.83333333333356,1.3333333333333368,0.6666666666666684,82.83333333333356,110.07215801315562,1.3333333333333368,0.0,0.6666666666666684,0.0,0.3333333333333342,78.00000000000021,0.8333333333333356,3.6666666666666763,0.0,0.0,13.57832466910339,11.660500010718675
850.0,365.3333333333333,1027.4629712843416,0.35556836941448317,71.16666666666667,1.5,1.1666666666666667,68.5,110.52530893845584,1.5,0.0,1.0,0.1666666666666666,0.3333333333333333,63.16666666666666,1.8333333333333333,3.1666666666666665,0.0,0.0,19.70239461964534,19.656247652143858
851.0,219.83333333333331,617.933219593439,0.35575581043849647,3.0,0.0,0.0,3.0,25.051563535098925,0.0,0.0,0.0,0.0,0.0,0.0,3.0,0.0,0.0,0.0,10.057876341167129,11.993687193931796
852.0,544.0,1510.369410415383,0.36017678605553105,168.99999999999997,2.6666666666666665,9.0,157.33333333333331,230.16668788833448,2.6666666666666665,0.0,2.5,6.5,11.5,70.66666666666667,6.333333333333333,68.83333333333333,0.0,0.0,32.18194383633263,28.984744052001844
853.0,933.5,2511.7609183762565,0.37165161428001947,0.0,0.0,0.0,0.0,92.11022866474408,0.0,0.0,0.0,0.0,0.0,0.0,0.0,0.0,0.0,0.0,42.13654658434292,49.973682080401154
854.0,318.0,713.6793604630043,0.44557824930469525,111.83333333333331,10.166666666666666,5.666666666666666,96.0,148.22533462354593,9.166666666666666,1.0,2.5,3.1666666666666665,39.833333333333336,8.833333333333334,5.833333333333333,41.5,0.0,0.0,19.400944432142577,16.991056858070042
855.0,376.1666666666667,895.61001799937,0.42001167819332197,491.6666666666666,208.16666666666669,26.666666666666664,256.8333333333333,550.8269098586987,120.0,88.16666666666667,18.5,8.166666666666666,28.166666666666668,28.5,33.5,166.66666666666666,0.0,0.0,39.17076453547909,19.989478656552997
856.0,577.0,1464.131966106498,0.3940901594645125,337.83333333333337,45.5,33.333333333333336,259.0,410.1090507878325,39.66666666666666,5.833333333333333,10.666666666666666,22.666666666666668,19.166666666666668,37.66666666666666,17.0,185.16666666666663,0.0,0.0,41.29202553684207,30.98369191765714
857.0,723.8333333333334,2037.3033105414436,0.3552899215291433,0.0,0.0,0.0,0.0,71.65045721793712,0.0,0.0,0.0,0.0,0.0,0.0,0.0,0.0,0.0,0.0,32.67097383765877,38.97948338027834
858.0,800.3333333333334,2340.1222104745525,0.34200493023440603,6.000000000000001,0.0,0.0,6.000000000000001,85.20615389563244,0.0,0.0,0.0,0.0,0.0,5.166666666666667,0.1666666666666666,0.6666666666666666,0.0,0.0,36.39525155880247,42.81090233682996
859.0,0.0,0.0,0.0,0.0,0.0,0.0,0.0,7.880167124716205,0.0,0.0,0.0,0.0,0.0,0.0,0.0,0.0,7.880167124716205,0.0,0.0,0.0
860.0,92.16666666666669,216.93925685878472,0.42485010781917637,1791.8333333333333,439.8333333333333,201.66666666666663,1150.3333333333333,1899.334342612921,439.8333333333333,0.0,184.5,17.166666666666668,141.0,512.1666666666666,148.33333333333334,348.8333333333333,6.036220462435776,0.0,96.46741915301423,4.997369664138248
861.0,2019.3333333333333,5689.536853434511,0.3549205120473655,235.83333333333331,60.833333333333336,19.5,155.5,445.3822977648639,60.833333333333336,0.0,18.166666666666668,1.3333333333333333,23.33333333333333,44.16666666666666,29.5,58.5,0.3352059983395599,0.0,101.77067644694574,107.44308198624525
862.0,241.83333333333331,703.1433443942433,0.34393176762793976,4845.833333333333,1270.0,592.6666666666667,2983.1666666666665,5133.503631225352,1164.3333333333333,105.66666666666669,500.6666666666667,92.0,358.3333333333333,1273.6666666666667,454.6666666666667,896.5,19.44927679439241,0.0,255.39435148078175,12.826669616843851
863.0,298.0,845.4063769933127,0.35249320103290066,510.1666666666666,171.66666666666666,183.66666666666663,154.83333333333334,566.9547567893152,46.66666666666666,125.0,111.33333333333331,72.33333333333333,21.5,1.5,47.833333333333336,84.0,0.0,0.0,40.79650719740621,15.991582925242396
864.0,444.1666666666667,1065.2267940688348,0.4169691084938713,1005.6666666666669,111.33333333333334,384.3333333333333,510.00000000000006,1094.9284417509332,73.16666666666667,38.16666666666666,360.3333333333333,24.0,134.83333333333334,162.0,51.16666666666666,162.0,0.0,0.0,65.44099427647647,23.82078080778992
865.0,194.0,298.8020541875132,0.6492592580312562,3248.666666666667,635.1666666666666,214.3333333333333,2399.166666666667,3414.059495913715,473.5,161.66666666666666,93.33333333333331,121.0,439.1666666666667,144.66666666666666,697.1666666666666,1118.1666666666667,0.0,0.0,155.39808991877197,9.994739328276497
866.0,601.0,1566.3508497531238,0.3836943684071324,509.8333333333333,45.833333333333336,293.8333333333333,170.16666666666669,598.303094422949,41.0,4.833333333333333,185.66666666666663,108.16666666666669,15.666666666666666,78.16666666666667,12.333333333333334,64.0,0.0,0.0,56.48659523913094,31.98316585048479
867.0,3.0,9.868108812472816,0.30400961896651807,2171.333333333333,393.0,958.0,820.3333333333334,2270.4790210611613,226.0,167.0,533.3333333333334,424.6666666666667,88.33333333333333,15.166666666666666,204.0,512.8333333333334,1.006036743739296,0.0,98.13965098408846,0.0
868.0,820.0,2538.5534495209763,0.3230186073705612,879.8333333333334,87.16666666666666,171.16666666666669,621.5,1000.53251111237,52.5,34.666666666666664,74.0,97.16666666666669,59.333333333333336,146.66666666666666,35.5,380.0,0.0,0.0,76.72232473462014,43.97685304441658
869.0,12.0,32.60432643741846,0.3680493146525537,452.0,80.16666666666667,257.66666666666663,114.16666666666669,473.9436032301408,31.33333333333333,48.833333333333336,175.66666666666666,82.0,12.333333333333334,2.0,19.166666666666668,80.66666666666667,0.0,0.0,20.944129297313108,0.9994739328276496
870.0,331.1666666666667,941.2931739052156,0.3518209584934415,511.0,110.5,97.16666666666669,303.3333333333333,569.0106511631826,82.5,28.0,46.833333333333336,50.333333333333336,45.16666666666666,79.33333333333333,35.166666666666664,143.66666666666666,0.0,0.0,40.18671395235859,17.823937210824024
871.0,334.0,871.2294384992425,0.38336629278200224,715.3333333333334,204.66666666666669,57.16666666666667,453.5,783.5196853382055,130.5,74.16666666666667,34.5,22.666666666666668,53.16666666666666,177.0,42.66666666666666,180.66666666666663,0.0,0.0,50.36245863830992,17.823893366562228
872.0,183.66666666666663,389.999071089657,0.4709412926382162,1955.3333333333333,1050.1666666666667,80.5,824.6666666666665,2061.699473576842,712.0,338.1666666666667,55.16666666666666,25.33333333333333,140.0,154.66666666666666,153.16666666666666,376.8333333333333,0.0,0.0,96.5379798856785,9.828160357830123
873.0,319.0,754.4908143345277,0.4228017014115179,80.83333333333333,24.33333333333333,7.5,49.0,115.87114528757904,19.5,4.833333333333333,4.0,3.5,1.8333333333333333,3.5,2.5,41.16666666666666,0.0,0.0,18.046755096175666,16.991056858070042
874.0,1371.5,3616.8558586987856,0.3791967536393381,169.33333333333334,18.33333333333333,14.166666666666668,136.83333333333334,311.83534268884523,16.0,2.333333333333333,8.833333333333334,5.333333333333333,12.0,17.166666666666668,9.0,98.66666666666669,0.0,0.0,69.54041225909347,72.96159709641843
875.0,0.0,0.0,0.0,0.0,0.0,0.0,0.0,0.0,0.0,0.0,0.0,0.0,0.0,0.0,0.0,0.0,0.0,0.0,0.0,0.0
876.0,1913.8333333333333,5126.407860778642,0.37332833931841,2655.333333333333,291.5,680.3333333333333,1683.5,2963.517766794309,248.66666666666663,42.833333333333336,330.3333333333333,350.0,175.0,730.3333333333334,189.33333333333331,588.8333333333334,0.0,0.0,206.2381361568167,101.94629730415848
877.0,0.0,0.0,0.0,2611.0,497.1666666666667,1283.8333333333333,830.0,2735.073283369846,442.6666666666667,54.5,571.6666666666666,712.1666666666666,109.0,121.83333333333331,86.33333333333333,512.8333333333334,0.0,6.223999999999999,117.84928336984622,0.0
878.0,0.0,0.0,0.0,1272.8333333333337,15.166666666666668,1107.5,150.16666666666666,1330.285293963664,14.333333333333334,0.8333333333333334,158.83333333333334,948.6666666666666,4.666666666666667,2.833333333333333,9.0,133.66666666666666,0.0,0.0,57.45196063033077,0.0
879.0,138.0,255.5209730134237,0.5400730843051001,1094.3333333333337,99.83333333333334,631.1666666666667,363.3333333333333,1281.4320708527437,81.16666666666667,18.666666666666668,432.6666666666667,198.5,39.16666666666666,51.5,29.166666666666668,243.5,0.0,124.48,55.62241998961681,6.996317529793548
880.0,448.8333333333333,835.4829921528934,0.5372142072895684,1288.0,435.6666666666666,94.0,758.3333333333333,1390.382018188144,261.8333333333333,173.83333333333334,60.833333333333336,33.166666666666664,105.5,68.83333333333333,110.5,473.5,0.0,0.0,78.39464380028028,23.987374387863596
881.0,0.0,0.0,0.0,2211.833333333333,204.16666666666663,928.3333333333331,1079.3333333333333,2311.6668833671424,168.0,36.16666666666666,613.1666666666666,315.1666666666667,79.16666666666667,25.166666666666668,19.83333333333333,955.1666666666666,0.0,0.0,99.83355003380906,0.0
882.0,0.0,0.0,0.0,601.8333333333334,10.166666666666666,325.8333333333333,265.83333333333337,628.9980431750969,9.166666666666666,1.0,186.66666666666663,139.16666666666666,10.0,7.166666666666667,3.8333333333333335,244.83333333333331,0.0,0.0,27.164709841763543,0.0
883.0,639.5,1739.2787688980122,0.36768113969745064,382.8333333333333,90.66666666666669,29.5,262.66666666666663,462.9580185646099,65.16666666666667,25.5,13.333333333333334,16.166666666666668,52.0,33.666666666666664,23.0,154.0,0.0,0.0,46.14257151513649,33.982113716140084
884.0,671.0,1546.939530829308,0.4337596826685783,226.50000000000003,21.666666666666668,20.666666666666668,184.16666666666669,302.9905650771768,20.166666666666668,1.5,15.833333333333334,4.833333333333333,48.5,79.66666666666667,7.833333333333333,48.16666666666666,0.0,0.0,40.50950349538147,35.98106158179539
885.0,233.0,520.572056040053,0.44758453185599517,338.83333333333337,49.0,21.333333333333336,268.5,376.6370534288296,47.0,2.0,10.333333333333334,11.0,15.333333333333334,76.66666666666667,19.666666666666668,156.83333333333334,0.0,0.0,25.81003290156444,11.993687193931796
886.0,434.0,1107.471245615773,0.3918837637709398,7.0,0.1666666666666666,0.0,6.833333333333333,49.89286150948571,0.1666666666666666,0.0,0.0,0.0,3.1666666666666665,0.0,0.5,3.1666666666666665,0.0,0.0,19.90496105444977,22.98790045503594
887.0,353.0,894.0637804059091,0.3948264181328723,0.0,0.0,0.0,0.0,34.923000760507136,0.0,0.0,0.0,0.0,0.0,0.0,0.0,0.0,0.0,0.0,15.932996036781796,18.990004723725345
888.0,0.0,0.0,0.0,805.3333333333333,94.33333333333334,235.8333333333333,475.1666666666667,841.6830989730457,80.66666666666667,13.666666666666666,127.5,108.33333333333331,100.16666666666669,93.66666666666669,48.0,233.33333333333331,0.0,0.0,36.34976563971237,0.0
889.0,0.0,0.0,0.0,245.33333333333331,3.8333333333333335,234.0,7.5,256.4070181650838,3.8333333333333335,0.0,11.0,223.0,1.6666666666666667,0.0,2.0,3.8333333333333335,0.0,0.0,11.073684831750477,0.0
890.0,0.0,0.0,0.0,731.3333333333334,63.66666666666666,510.83333333333337,156.83333333333334,764.3432979942572,63.66666666666666,0.0,359.1666666666667,151.66666666666666,3.5,0.8333333333333334,4.5,148.0,0.0,0.0,33.00996466092383,0.0
891.0,917.0,2142.955206895768,0.4279137506230677,468.1666666666667,94.83333333333334,39.333333333333336,334.0,579.6619449576726,75.66666666666667,19.166666666666668,24.0,15.333333333333334,14.666666666666666,100.33333333333331,22.666666666666668,196.33333333333331,0.0,0.0,62.52105558245106,48.974222708554834
892.0,718.5,1645.0563368482583,0.4367631575320786,108.83333333333331,4.333333333333333,3.5,101.0,184.15590369876764,1.8333333333333333,2.5,0.5,3.0,30.5,3.1666666666666665,2.5,64.83333333333333,0.0,0.0,37.342560917983626,37.98000944745069
893.0,0.0,0.0,0.0,1076.0,146.83333333333331,564.6666666666666,364.5,1124.5674539929596,112.83333333333331,34.0,455.5,109.16666666666669,64.83333333333333,43.16666666666666,53.16666666666666,203.33333333333331,0.0,0.0,48.56745399295983,0.0
894.0,1331.0,3426.147783493716,0.38848295056401533,47.66666666666667,10.833333333333334,5.833333333333333,31.0,271.1043997860104,10.833333333333334,0.0,4.833333333333333,1.0,0.8333333333333334,0.1666666666666666,0.3333333333333333,29.666666666666668,0.0,90.248,62.22708388858061,70.96264923076312
895.0,350.6666666666667,905.9704285687905,0.3870619344834835,68.0,2.5,3.0,62.5,105.88676245158516,2.5,0.0,3.0,0.0,7.166666666666667,0.3333333333333333,3.5,51.5,0.0,0.0,18.896757727859825,18.990004723725345
896.0,518.8333333333334,1541.3070732858214,0.336619056854948,87.0,0.5,0.6666666666666666,85.83333333333333,142.3297560856366,0.5,0.0,0.6666666666666666,0.0,12.5,0.1666666666666666,0.8333333333333334,72.33333333333333,0.0,0.0,27.344485966462404,27.985270119174192
897.0,0.0,0.0,0.0,0.0,0.0,0.0,0.0,0.0,0.0,0.0,0.0,0.0,0.0,0.0,0.0,0.0,0.0,0.0,0.0,0.0
898.0,0.0,0.0,0.0,0.0,0.0,0.0,0.0,9.054330693578356,0.0,0.0,0.0,0.0,0.0,0.0,0.0,0.0,9.054330693578356,0.0,0.0,0.0
899.0,0.0,0.0,0.0,0.0,0.0,0.0,0.0,35.211286030875364,0.0,0.0,0.0,0.0,0.0,0.0,0.0,0.0,35.211286030875364,0.0,0.0,0.0
900.0,0.0,0.0,0.0,0.0,0.0,0.0,0.0,0.0,0.0,0.0,0.0,0.0,0.0,0.0,0.0,0.0,0.0,0.0,0.0,0.0
901.0,0.0,0.0,0.0,0.0,0.0,0.0,0.0,0.0,0.0,0.0,0.0,0.0,0.0,0.0,0.0,0.0,0.0,0.0,0.0,0.0
902.0,0.0,0.0,0.0,0.0,0.0,0.0,0.0,0.0,0.0,0.0,0.0,0.0,0.0,0.0,0.0,0.0,0.0,0.0,0.0,0.0
903.0,6.999999990979051,18.446364624266625,0.3794785657532968,0.0,0.0,0.0,0.0,0.31595176236187483,0.0,0.0,0.0,0.0,0.0,0.0,0.0,0.0,0.0,0.0,0.31595176236187483,0.0
904.0,78.5,180.50994815547952,0.43487907897677314,0.0,0.0,0.0,0.0,7.540850633430397,0.0,0.0,0.0,0.0,0.0,0.0,0.0,0.0,0.0,0.0,3.542954902119798,3.997895731310599
905.0,1.0,2.270759653633235,0.4403812611343483,0.0,0.0,0.0,0.0,0.0451359661098633,0.0,0.0,0.0,0.0,0.0,0.0,0.0,0.0,0.0,0.0,0.0451359661098633,0.0
906.0,0.0,0.0,0.0,0.0,0.0,0.0,0.0,0.0,0.0,0.0,0.0,0.0,0.0,0.0,0.0,0.0,0.0,0.0,0.0,0.0
907.0,0.0,0.0,0.0,1109.8333333333333,34.666666666666664,746.6666666666666,328.5,1162.473060827866,11.166666666666666,23.5,645.0,101.66666666666669,12.833333333333334,209.33333333333331,10.333333333333334,96.0,0.0,0.0,52.63972749453257,0.0
908.0,0.0,0.0,0.0,253.0,6.5,172.16666666666666,74.33333333333334,264.9998703747009,0.3333333333333333,6.166666666666667,172.16666666666666,0.0,0.6666666666666666,71.83333333333333,0.6666666666666666,1.1666666666666667,0.0,0.0,11.999870374700974,0.0
909.0,0.0,0.0,0.0,89.0,3.833333333333333,63.16666666666666,22.0,93.2212982741043,0.1666666666666666,3.6666666666666665,63.0,0.1666666666666666,0.1666666666666666,21.33333333333333,0.3333333333333333,0.1666666666666666,0.0,0.0,4.221298274104295,0.0
910.0,0.0,0.0,0.0,0.0,0.0,0.0,0.0,0.0,0.0,0.0,0.0,0.0,0.0,0.0,0.0,0.0,0.0,0.0,0.0,0.0
911.0,0.0,0.0,0.0,916.0,17.333333333333336,628.5,270.1666666666667,959.4461710008936,0.6666666666666666,16.666666666666668,628.3333333333334,0.1666666666666666,2.5,263.0,1.6666666666666667,3.0,0.0,0.0,43.44617100089364,0.0
912.0,0.0,0.0,0.0,0.0,0.0,0.0,0.0,0.0,0.0,0.0,0.0,0.0,0.0,0.0,0.0,0.0,0.0,0.0,0.0,0.0
913.0,207.0,348.1662750335565,0.5945435122343461,0.0,0.0,0.0,0.0,30.81812578951908,0.0,0.0,0.0,0.0,0.0,0.0,0.0,0.0,0.0,0.0,9.818075761118978,21.0000500284001
914.0,34.5,73.48863132555543,0.4694603692803126,1824.3333333333333,393.6666666666666,78.66666666666667,1352.0,1916.0220830049352,220.5,173.16666666666666,56.0,22.666666666666668,288.8333333333333,167.5,156.33333333333334,739.3333333333334,0.0,0.0,88.18881816642715,3.499931505174578
915.0,0.0,0.0,0.0,0.0,0.0,0.0,0.0,0.0,0.0,0.0,0.0,0.0,0.0,0.0,0.0,0.0,0.0,0.0,0.0,0.0
916.0,0.0,0.0,0.0,0.0,0.0,0.0,0.0,0.0,0.0,0.0,0.0,0.0,0.0,0.0,0.0,0.0,0.0,0.0,0.0,0.0
917.0,0.0,0.0,0.0,0.0,0.0,0.0,0.0,0.0,0.0,0.0,0.0,0.0,0.0,0.0,0.0,0.0,0.0,0.0,0.0,0.0
918.0,0.0,0.0,0.0,0.0,0.0,0.0,0.0,0.0,0.0,0.0,0.0,0.0,0.0,0.0,0.0,0.0,0.0,0.0,0.0,0.0
919.0,0.0,0.0,0.0,0.0,0.0,0.0,0.0,0.0,0.0,0.0,0.0,0.0,0.0,0.0,0.0,0.0,0.0,0.0,0.0,0.0
920.0,0.0,0.0,0.0,0.0,0.0,0.0,0.0,0.0,0.0,0.0,0.0,0.0,0.0,0.0,0.0,0.0,0.0,0.0,0.0,0.0
921.0,0.0,0.0,0.0,0.0,0.0,0.0,0.0,21.898731192778005,0.0,0.0,0.0,0.0,0.0,0.0,0.0,0.0,21.898731192778005,0.0,0.0,0.0
922.0,0.0,0.0,0.0,0.0,0.0,0.0,0.0,0.0,0.0,0.0,0.0,0.0,0.0,0.0,0.0,0.0,0.0,0.0,0.0,0.0
923.0,77.0,161.23779087508743,0.47755553820290614,0.0,0.0,0.0,0.0,17.50282586249695,0.0,0.0,0.0,0.0,0.0,0.0,0.0,0.0,5.850672342193306,0.0,3.6521344618655136,8.000019058438133
924.0,0.0,0.0,0.0,0.0,0.0,0.0,0.0,2166.468028540868,0.0,0.0,0.0,0.0,0.0,0.0,0.0,0.0,0.0,2166.468028540868,0.0,0.0
925.0,0.0,0.0,0.0,0.0,0.0,0.0,0.0,535.5732123577675,0.0,0.0,0.0,0.0,0.0,0.0,0.0,0.0,0.0,535.5732123577675,0.0,0.0
926.0,391.3333333333333,902.5671444614514,0.433578084173268,219.5,31.5,102.66666666666669,85.33333333333333,288.70738363366286,8.833333333333334,22.666666666666668,73.5,29.166666666666668,14.5,20.5,6.166666666666667,44.16666666666666,0.0,0.0,29.040713847574693,40.16666978608821
927.0,1275.1666666666667,2663.303293595725,0.4787913827662732,3859.833333333333,749.5,199.5,2910.833333333333,4234.175913841687,522.1666666666666,227.33333333333331,101.66666666666669,97.83333333333331,670.6666666666666,318.0,179.0,1743.1666666666667,0.0,0.0,243.84420201627177,130.4983784920819
928.0,0.0,0.0,0.0,18.0,0.1666666666666666,16.833333333333332,1.0,18.853745718358173,0.1666666666666666,0.0,16.5,0.3333333333333333,0.0,1.0,0.0,0.0,0.0,0.0,0.853745718358172,0.0
929.0,1460.3333333333333,3062.007991369901,0.4769201574421757,1768.1666666666663,247.66666666666663,170.0,1350.5,2137.033832642139,168.16666666666666,79.5,93.83333333333331,76.16666666666667,387.8333333333333,200.83333333333331,86.5,675.3333333333334,67.03485433463275,0.0,152.16035971617535,149.6719519246636
930.0,0.0,0.0,0.0,642.0,12.166666666666666,461.6666666666666,168.16666666666666,672.4502639547746,0.5,11.666666666666666,460.3333333333333,1.3333333333333333,1.0,163.0,1.0,3.1666666666666665,0.0,0.0,30.4502639547748,0.0
931.0,356.5,762.3254954281969,0.46764800880725443,13948.833333333334,1751.1666666666663,1343.8333333333333,10853.833333333334,14706.31436343831,1189.0,562.1666666666666,789.6666666666666,554.1666666666666,3097.833333333333,1379.8333333333333,972.6666666666666,5403.5,43.12806280438786,0.0,677.6860542177754,36.66691308281502
932.0,2987.0,6139.276152948496,0.48653944301975083,250.0,43.0,13.833333333333334,193.16666666666663,725.2464372399825,32.0,11.0,7.166666666666667,6.666666666666667,52.66666666666666,18.0,11.166666666666666,111.33333333333331,15.713769903312697,0.0,153.53193835141124,306.0007289852586
933.0,3568.0,7572.340939030925,0.4711885041531974,2967.833333333333,320.66666666666663,241.5,2405.666666666667,3643.164339696854,224.66666666666663,96.0,106.66666666666669,134.83333333333334,636.6666666666666,336.8333333333333,271.6666666666667,1160.5,0.0,0.0,309.9968507569292,365.33415560659137
934.0,413.5,846.3956422201696,0.48854221285373517,40.5,8.333333333333334,3.333333333333333,28.83333333333333,107.01887076740896,4.666666666666667,3.6666666666666665,1.1666666666666667,2.1666666666666665,5.666666666666667,3.1666666666666665,1.6666666666666667,18.33333333333333,3.009011034484632,0.0,21.50959185973765,42.00026787318668
935.0,0.0,0.0,0.0,0.0,0.0,0.0,0.0,0.0,0.0,0.0,0.0,0.0,0.0,0.0,0.0,0.0,0.0,0.0,0.0,0.0
936.0,166.16666666666666,370.70793435685096,0.44824146252750896,0.0,0.0,0.0,0.0,24.88185440435489,0.0,0.0,0.0,0.0,0.0,0.0,0.0,0.0,0.0,0.0,7.881813905173856,17.000040499181033
937.0,0.0,0.0,0.0,0.0,0.0,0.0,0.0,0.0,0.0,0.0,0.0,0.0,0.0,0.0,0.0,0.0,0.0,0.0,0.0,0.0
938.0,74.16666666666667,181.52491266887375,0.408575691216317,0.0,0.0,0.0,0.0,11.517539928628368,0.0,0.0,0.0,0.0,0.0,0.0,0.0,0.0,0.0,0.0,3.517520870190236,8.000019058438133
939.0,53.0,119.0859683680505,0.4450566319971189,17130.166666666664,1835.5,1207.3333333333333,14087.333333333332,18002.034307542657,1060.6666666666667,774.8333333333334,820.1666666666666,387.1666666666667,4059.6666666666665,3151.0,1652.3333333333333,5224.333333333333,20.895727514616464,0.0,845.4719510816932,5.499962279677014
940.0,0.0,0.0,0.0,614.8333333333333,50.0,158.16666666666666,406.6666666666666,643.9952730681104,38.0,12.0,55.66666666666666,102.5,39.16666666666666,62.66666666666666,22.5,282.3333333333333,0.0,0.0,29.161939734777103,0.0
941.0,2035.0,5099.544084679458,0.3990552814542271,152.0,0.1666666666666666,0.0,151.83333333333334,464.0638863652608,0.0,0.1666666666666666,0.0,0.0,0.5,151.0,0.0,0.3333333333333333,0.0,0.0,103.73010478051788,208.33378158474295
942.0,0.0,0.0,0.0,1939.166666666667,76.83333333333333,469.0,1393.3333333333337,2065.503061177607,58.0,18.83333333333333,413.1666666666667,55.833333333333336,74.5,990.3333333333334,39.833333333333336,288.6666666666667,0.0,0.0,126.33639451094022,0.0
943.0,0.0,0.0,0.0,2843.1666666666665,349.66666666666663,457.8333333333333,2035.6666666666663,3245.872009426916,256.3333333333333,93.33333333333331,245.66666666666663,212.16666666666663,375.5,359.0,217.66666666666663,1083.5,101.97153865936224,0.0,300.7338041008868,0.0
944.0,0.0,0.0,0.0,1933.1666666666667,242.5,533.0,1157.6666666666667,2024.8569718687024,184.0,58.5,203.5,329.5,138.83333333333334,235.5,123.33333333333331,660.0,0.0,0.0,91.6903052020355,0.0
945.0,0.0,0.0,0.0,1380.5,179.0,498.0,703.5,1445.9788422910476,139.5,39.5,308.3333333333333,189.66666666666663,42.333333333333336,131.0,107.16666666666669,423.0,0.0,0.0,65.47884229104768,0.0
946.0,0.0,0.0,0.0,1940.333333333333,300.3333333333333,426.8333333333333,1213.1666666666663,2043.501802308887,205.16666666666663,95.16666666666669,166.0,260.8333333333333,203.0,198.16666666666663,154.33333333333334,657.6666666666666,0.0,11.15777525629188,92.01069371926212,0.0
947.0,0.0,0.0,0.0,4460.333333333334,5.833333333333333,2239.1666666666665,2215.333333333333,4672.88748961007,4.0,1.8333333333333333,0.0,2239.1666666666665,15.333333333333334,784.3333333333334,0.0,1415.6666666666667,1.0030036781615437,0.0,211.5511525985741,0.0
948.0,0.0,0.0,0.0,3459.6666666666665,374.5,296.33333333333337,2788.833333333333,3623.81138186165,232.5,142.0,150.5,145.83333333333334,760.0,541.1666666666666,336.6666666666667,1151.0,0.0,0.0,164.1447151949834,0.0
949.0,35.333333333333336,57.24238143491738,0.6172582699674388,1930.8333333333333,364.5,229.0,1337.3333333333337,2041.2667002359133,240.16666666666663,124.33333333333331,111.16666666666669,117.83333333333331,283.1666666666667,178.0,164.5,711.6666666666666,0.0,0.0,106.766681251435,3.6666856511446313
950.0,0.0,0.0,0.0,1087.8333333333333,98.5,200.16666666666663,789.1666666666666,1161.3283250315394,61.16666666666666,37.333333333333336,55.0,145.16666666666666,177.0,150.0,88.83333333333333,373.3333333333333,21.898731192778005,0.0,51.59626050542814,0.0
951.0,1364.0,4057.970822128165,0.33612858736245493,75.0,17.833333333333332,0.0,57.16666666666666,283.25256067363455,17.833333333333332,0.0,0.0,0.0,0.0,57.0,0.0,0.1666666666666666,0.0,0.0,68.25222715096719,140.00033352266732
952.0,152.0,395.6423044507626,0.3841854076019727,144.0,12.666666666666668,5.0,126.33333333333334,174.03941215209952,8.333333333333334,4.333333333333333,0.8333333333333334,4.166666666666667,17.0,34.0,6.166666666666667,69.16666666666667,0.0,0.0,14.039374035223274,16.000038116876265
953.0,0.0,0.0,0.0,520.1666666666666,50.66666666666667,109.83333333333331,359.66666666666663,544.8384719574327,40.833333333333336,9.833333333333334,57.66666666666666,52.16666666666666,15.833333333333334,178.16666666666666,32.5,133.16666666666666,0.0,0.0,24.671805290766084,0.0
954.0,0.0,0.0,0.0,0.0,0.0,0.0,0.0,0.0,0.0,0.0,0.0,0.0,0.0,0.0,0.0,0.0,0.0,0.0,0.0,0.0
955.0,0.0,0.0,0.0,3675.0,440.5,659.8333333333333,2574.666666666667,4016.57034198492,320.3333333333333,120.16666666666669,367.3333333333333,292.5,426.6666666666667,434.1666666666667,322.6666666666667,1391.1666666666667,0.0,0.0,341.57034198491993,0.0
956.0,0.0,0.0,0.0,5060.5,539.6666666666666,1181.8333333333333,3339.0,5510.811398557228,365.8333333333333,173.83333333333334,852.6666666666666,329.1666666666667,663.1666666666666,589.5,418.8333333333333,1667.5,69.87555801775616,0.0,380.4358405394724,0.0
957.0,0.0,0.0,0.0,21248.833333333336,2309.5,5232.166666666667,13707.166666666668,22636.05069357912,1697.3333333333333,612.1666666666666,3382.5,1849.6666666666667,2161.333333333333,2356.6666666666665,1594.6666666666667,7594.5,4.012014712646175,0.0,1383.20534553314,0.0
958.0,0.0,0.0,0.0,19686.666666666668,1667.3333333333333,6702.5,11316.833333333334,20645.75283680307,1010.6666666666666,656.6666666666666,739.3333333333334,5963.166666666667,3295.5,2194.0,1469.6666666666667,4357.666666666667,25.57673085295869,0.0,933.5094392834422,0.0
959.0,0.0,0.0,0.0,2113.0,81.16666666666667,1018.3333333333334,1013.5,2213.220261271712,59.0,22.166666666666668,560.8333333333334,457.5,157.33333333333334,187.5,47.0,621.6666666666666,0.0,0.0,100.22026127171206,0.0
960.0,603.1666666666666,1623.8517141614593,0.3714419619762731,1035.0,148.66666666666669,48.0,838.3333333333334,1174.6985024265073,90.66666666666669,58.0,27.166666666666668,20.83333333333333,202.83333333333331,241.83333333333331,98.66666666666669,295.0,0.0,0.0,77.69835472361177,62.00014770289553
961.0,741.3333333333334,1886.429962367266,0.3929821663789946,208.5,8.166666666666668,1.5,198.8333333333333,329.5503586411545,5.166666666666667,3.0,0.5,1.0,9.166666666666666,154.33333333333334,10.666666666666666,24.666666666666668,0.0,0.0,45.05017758599222,76.00018105516227
962.0,486.1666666666667,1107.786863247674,0.43886300045243604,135.66666666666666,35.0,3.666666666666667,97.0,215.16005021065868,25.33333333333333,9.666666666666666,2.5,1.1666666666666667,10.333333333333334,11.0,5.833333333333333,69.83333333333333,0.0,0.0,29.49326442875369,50.000119115238334
963.0,196.1666666890024,346.84458718186795,0.5655751132888299,6579.83333408252,1189.5000001354379,963.3333334430193,4427.000000504063,6921.485724647835,744.0000000847127,445.50000005072513,424.3333333816484,539.0000000613711,1214.1666668049131,540.6666667282276,398.66666671205934,2273.500000258863,0.0,0.0,321.4858464724139,20.166544092900306
964.0,710.1666666666666,1582.2128106261473,0.44884396201142135,0.0,0.0,0.0,0.0,106.51815383873368,0.0,0.0,0.0,0.0,0.0,0.0,0.0,0.0,0.0,0.0,33.68468206317592,72.83347177555775
965.0,0.0,0.0,0.0,15169.833342064638,603.6666670141193,7712.500004439085,6853.666670611434,15889.34541543586,20.833333345324377,582.8333336687949,1.0000000005755703,7711.50000443851,166.50000009583246,5264.50000303009,15.166666675396149,1407.5000008101151,0.0,0.0,719.5120733712233,0.0
966.0,313.8333333333333,818.811634287787,0.3832790353624001,52.33333333333333,11.5,1.1666666666666667,39.66666666666666,101.84421881566864,6.666666666666667,4.833333333333333,1.0,0.1666666666666666,8.5,4.833333333333333,4.0,22.33333333333333,0.0,0.0,17.344135507084356,32.16674997525093
967.0,374.0,892.5111754712711,0.419042371993289,140.33333333333334,21.333333333333336,1.6666666666666667,117.33333333333334,202.72936949021704,8.0,13.333333333333334,1.5,0.1666666666666666,7.5,63.333333333333336,19.166666666666668,27.33333333333333,0.0,0.0,24.395945629302563,38.000090527581136
968.0,468.1666666666667,734.5512032754092,0.6373506225013077,29.0,21.0,0.5,7.5,100.5806878833121,7.5,13.5,0.5,0.0,0.8333333333333334,0.1666666666666666,1.0,5.5,0.0,0.0,23.58057353268329,48.0001143506288
969.0,367.0,1033.6549868585926,0.35505077096890825,55.0,0.0,0.0,55.0,113.0156845913116,0.0,0.0,0.0,0.0,0.0,54.833333333333336,0.0,0.1666666666666666,0.0,0.0,20.015594063730475,38.000090527581136
970.0,761.0,1010.6827962503452,0.7529563210369528,109.0,28.5,2.0,78.5,228.26288350206292,13.333333333333334,15.166666666666666,1.1666666666666667,0.8333333333333334,11.333333333333334,7.0,3.8333333333333335,56.333333333333336,0.0,0.0,41.262697682291126,78.0001858197718
971.0,601.6666666666666,1010.5110378525342,0.5954083074097692,318.3333333333333,49.5,36.83333333333333,232.0,423.6119614711085,33.333333333333336,16.166666666666668,19.83333333333333,17.0,42.66666666666666,45.5,25.33333333333333,118.5,0.0,0.0,43.61180905764857,61.66681908012657
972.0,354.1666666666667,651.0630822217645,0.5439821060934166,724.5,66.16666666666667,120.66666666666669,537.6666666666666,811.8362897122018,43.0,23.166666666666668,102.0,18.666666666666668,146.66666666666666,45.16666666666666,126.66666666666669,219.16666666666663,0.0,0.0,51.16951836406451,36.16677134813729
973.0,720.8333333333334,1377.44195576352,0.5233130371245106,0.0,0.0,0.0,0.0,108.18958646283218,0.0,0.0,0.0,0.0,0.0,0.0,0.0,0.0,0.0,0.0,34.18941017227946,74.00017629055273
974.0,953.9999988839922,1925.4285104881394,0.4954741210527374,518.9999993928637,55.16666660213162,31.166666630207295,432.6666661605247,686.8657228937973,39.499999953792134,15.666666648339495,12.999999984792346,18.16666664541495,70.83333325047111,129.99999984792348,63.16666659277306,168.6666664693571,0.0,0.0,69.865490149709,98.00023335122455
975.0,0.0,0.0,0.0,3627.166666666666,485.0,741.8333333333333,2400.333333333333,3839.307033930703,296.6666666666667,188.33333333333331,381.8333333333333,360.0,471.3333333333333,450.0,379.1666666666667,1099.8333333333333,0.0,0.0,212.14036726403685,0.0
976.0,0.0,0.0,0.0,16939.666666666664,1918.6666666666663,1334.1666666666667,13686.833333333332,17816.535706652467,1130.3333333333333,788.3333333333334,824.8333333333334,509.3333333333333,4202.5,2461.1666666666665,1617.5,5405.666666666667,73.88757273040233,0.0,802.9814672553963,0.0
977.0,0.0,0.0,0.0,3010.0000000000005,143.83333333333334,2473.833333333333,392.33333333333337,3152.765256236561,132.0,11.833333333333334,2195.333333333333,278.5,183.83333333333331,22.166666666666668,5.333333333333333,181.0,0.0,0.0,142.765256236561,0.0
978.0,0.0,0.0,0.0,17483.000998834188,1966.8334457019412,4050.333564735919,11465.833988396325,18312.208351762172,1113.8333969685682,853.0000487333731,2346.833467412002,1703.5000973239169,2266.6667961652743,2055.8334507866657,445.3333587760009,6698.000382668386,0.0,0.0,829.2073529279809,0.0
979.0,221.0,571.4068366077962,0.38676471095793097,11822.666666666668,1179.5,1397.5,9245.666666666668,12602.959393824847,688.3333333333334,491.1666666666667,1128.8333333333333,268.6666666666667,3515.6666666666665,1776.8333333333333,1389.6666666666667,2563.5,0.0,87.40257283979145,669.8900995253783,23.000054793009635
980.0,703.1666666666666,2096.6234490864213,0.3353805219402002,313.83333333333337,59.16666666666666,26.333333333333336,228.33333333333331,434.248219319403,34.666666666666664,24.5,23.166666666666668,3.1666666666666665,38.833333333333336,31.166666666666668,46.333333333333336,112.0,0.0,0.0,48.24801232743625,72.1668736586334
981.0,600.8333333333334,1200.9204689446576,0.5003106774100806,543.0,71.0,24.0,448.0,659.9219544853694,38.66666666666666,32.333333333333336,7.166666666666667,16.833333333333332,66.83333333333333,189.66666666666663,21.33333333333333,170.16666666666666,1.0030036781615437,0.0,54.25214352991122,61.66680727729656
982.0,346.0,803.2635047904092,0.43074283586465156,256.0,140.16666666666669,10.0,105.83333333333334,319.55313462797915,134.83333333333334,5.333333333333333,4.166666666666667,5.833333333333333,14.333333333333334,15.333333333333334,8.0,68.16666666666667,0.0,0.0,28.5530512473122,35.00008338066684
983.0,264.6666666666667,585.1736214149486,0.4522874186069824,0.0,0.0,0.0,0.0,39.553271006855496,0.0,0.0,0.0,0.0,0.0,0.0,0.0,0.0,0.0,0.0,12.553206684626794,27.0000643222287
984.0,1399.3333333333333,2727.780501640915,0.5129933777631869,12501.333333333334,1289.0,477.3333333333333,10735.0,13304.160374300123,755.1666666666666,533.8333333333334,360.0,117.33333333333331,2547.5,3957.8333333333335,1157.8333333333333,3071.833333333333,0.0,0.0,659.4934379356143,143.33360303117584
985.0,2217.0,5250.1690879234975,0.42227211407334864,1844.6666666666667,188.0,20.0,1636.6666666666667,2264.317466711365,104.16666666666669,83.83333333333333,8.833333333333334,11.166666666666666,87.66666666666667,1090.6666666666667,59.0,399.3333333333333,0.0,0.0,192.65024043326744,227.0005596114308
986.0,537.5,1165.6752009056488,0.4611061465341287,1273.5,145.66666666666666,57.33333333333333,1070.5,1414.148360552878,97.0,48.66666666666666,16.333333333333332,41.0,199.0,368.1666666666667,69.66666666666667,433.6666666666667,0.0,0.0,85.81484183280345,54.83351872007469
987.0,523.0,1231.41274622083,0.4247154348572985,0.0,0.0,0.0,0.0,78.63948266184074,0.0,0.0,0.0,0.0,0.0,0.0,0.0,0.0,0.0,0.0,24.806056150073555,53.83342651176719
988.0,684.5,1385.742809678166,0.49395890436478096,1033.0,133.66666666666669,50.66666666666667,848.6666666666665,1184.6279955700484,81.66666666666667,52.0,38.833333333333336,11.833333333333334,240.5,182.66666666666663,117.16666666666669,308.3333333333333,0.0,0.0,81.62779812131461,70.00019744873376
989.0,449.5,1298.1965259940237,0.34624957854961114,97.0,5.333333333333333,1.1666666666666667,90.5,168.9205144215569,4.333333333333333,1.0,0.1666666666666666,1.0,0.8333333333333334,12.5,69.83333333333333,7.333333333333333,0.0,0.0,25.92040483553765,46.00010958601927
990.0,1134.3333333333333,1876.2836634799207,0.6045638809376503,368.0,42.833333333333336,13.5,311.6666666666667,555.423260418122,23.166666666666668,19.666666666666668,3.333333333333333,10.166666666666666,73.0,62.333333333333336,73.0,103.33333333333331,0.0,0.0,71.25630794797182,116.16695247015024
991.0,505.6666666666667,823.6486121496777,0.6139349465385542,334.66666666666663,9.666666666666668,219.66666666666663,105.33333333333331,426.3574774741127,5.666666666666667,4.0,5.166666666666667,214.5,22.5,10.166666666666666,18.166666666666668,54.5,0.0,0.0,39.85735123039985,51.833459577046206
992.0,1280.0,2011.041750108612,0.6364860400988045,1022.0,146.33333333333334,77.5,798.1666666666667,1262.1887891480278,104.0,42.333333333333336,28.83333333333333,48.66666666666666,331.0,103.5,73.66666666666667,290.0,0.0,0.0,109.1884250699894,131.0003640780386
993.0,1002.5,1686.93837738323,0.5942718557124017,92.83333333333331,8.166666666666666,23.5,61.16666666666666,247.63422235214225,4.833333333333333,3.333333333333333,5.833333333333333,17.666666666666668,13.166666666666666,13.333333333333334,8.166666666666666,26.5,0.0,0.0,51.96723702994163,102.83365198886726
994.0,469.66666665211307,772.1253449773319,0.6082777488231546,990.3333333026455,131.66666666258672,25.833333332532828,832.8333333075261,1107.6513706854832,72.16666666443044,59.49999999815627,19.999999999380258,5.8333333331525745,110.8333333298989,403.4999999874967,58.66666666484875,259.83333332528184,0.0,0.0,69.31790413189341,48.000133250944174
995.0,1323.6666666666667,2231.070774472504,0.5932876185784037,54.33333333333333,13.833333333333332,3.0,37.5,255.3582318988064,4.333333333333333,9.5,0.8333333333333334,2.1666666666666665,8.666666666666666,10.833333333333334,2.6666666666666665,15.333333333333334,0.0,0.0,65.35795282751234,135.66694573796073
996.0,756.5,1352.9467695673015,0.5591498623718532,380.0,39.0,12.5,328.5,511.404963092434,29.0,10.0,6.166666666666667,6.333333333333333,54.333333333333336,96.33333333333331,18.0,159.83333333333334,0.0,0.0,53.90481983095143,77.50014326148262
997.0,544.0,792.7250691705807,0.686240439663629,107.0,21.0,10.666666666666668,75.33333333333333,193.8772702230208,12.833333333333334,8.166666666666666,5.166666666666667,5.5,11.0,15.833333333333334,24.166666666666668,24.33333333333333,0.0,0.0,30.87713681395389,56.00013340906693
998.0,559.0,882.6501100825104,0.6333200365745658,350.0,29.333333333333336,13.833333333333334,306.8333333333333,450.1142945684594,17.666666666666668,11.666666666666666,2.0,11.833333333333334,69.0,111.0,7.166666666666667,119.66666666666669,0.0,0.0,43.11415877708769,57.0001357913717
999.0,0.0,0.0,0.0,2689.0,414.83333333333337,168.83333333333331,2105.333333333333,2816.5401242591734,276.1666666666667,138.66666666666666,69.5,99.33333333333331,246.66666666666663,1068.8333333333333,225.83333333333331,564.0,0.0,0.0,127.54012425917358,0.0
1000.0,301.0,574.2986652413583,0.5241175336416634,548.0,49.66666666666667,16.0,482.3333333333333,619.2684135673416,22.666666666666668,27.0,7.0,9.0,56.0,28.33333333333333,303.3333333333333,94.66666666666669,0.0,0.0,40.26833971589378,31.00007385144777
1001.0,557.0,933.3929153933568,0.5967476191580747,327.0,162.16666666666666,7.5,157.33333333333331,425.9285366262952,133.16666666666666,29.0,6.0,1.5,15.333333333333334,13.666666666666666,15.0,113.33333333333331,0.0,0.0,41.92840083492356,57.0001357913717
1002.0,469.8333333333333,893.8084485781313,0.5256532695352603,0.0,0.0,0.0,0.0,70.28465802085395,0.0,0.0,0.0,0.0,0.0,0.0,0.0,0.0,0.0,0.0,22.28454367022516,48.0001143506288
1003.0,646.0,975.5770342790464,0.6621722091658251,25.0,6.833333333333333,0.0,18.166666666666668,122.8259003997998,6.5,0.3333333333333333,0.0,0.0,1.1666666666666667,0.5,0.3333333333333333,16.166666666666668,0.0,0.0,31.82574316768519,66.0001572321146
1004.0,447.5,824.7612376031406,0.5425812703085938,20.0,2.1666666666666665,1.3333333333333333,16.5,88.17397535596763,2.1666666666666665,0.0,1.3333333333333333,0.0,2.1666666666666665,1.8333333333333333,0.8333333333333334,11.666666666666666,0.0,0.0,22.173865769948357,46.00010958601927
1005.0,52.333333333333336,90.82564854616592,0.5761955369548805,0.0,0.0,0.0,0.0,7.482019211240354,0.0,0.0,0.0,0.0,0.0,0.0,0.0,0.0,0.0,0.0,2.482007299716521,5.000011911523834
1006.0,490.00000042361904,1390.7271779291107,0.35233366270533595,440.00000038039263,75.00000006483965,30.00000002593586,335.0000002896171,534.1111950807972,50.500000043658694,24.500000021180952,10.666666675888305,19.33333335004755,57.166666716088876,66.83333339111266,61.33333338635776,149.66666679605777,0.0,0.0,44.111075541939734,50.00011915846487
1007.0,0.0,0.0,0.0,16317.000000000002,10.666666666666666,5.166666666666667,16301.166666666668,17090.919928392006,7.333333333333333,3.333333333333333,1.1666666666666667,4.0,982.0,45.333333333333336,15186.333333333334,87.5,0.0,0.0,773.919928392007,0.0
1008.0,0.0,0.0,0.0,3.0,0.0,3.0,0.0,3.142290953059695,0.0,0.0,0.0,3.0,0.0,0.0,0.0,0.0,0.0,0.0,0.1422909530596953,0.0
1009.0,0.0,0.0,0.0,652.0,44.16666666666666,227.0,380.83333333333337,682.9245671316404,33.666666666666664,10.5,40.16666666666666,186.83333333333331,23.666666666666668,72.66666666666667,21.5,263.0,0.0,0.0,30.924567131640448,0.0
1010.0,0.0,0.0,0.0,1765.8333333333337,113.5,839.8333333333334,812.5,1849.5873492302528,89.0,24.5,517.3333333333334,322.5,53.0,155.5,54.0,550.0,0.0,0.0,83.75401589691928,0.0
1011.0,34.0,88.13499648921567,0.38577184267727627,9673.5,1153.0,2257.666666666667,6262.833333333334,10630.463538842636,808.0,345.0,705.0,1552.6666666666667,1163.0,1129.1666666666667,830.5,3140.1666666666665,0.0,0.0,953.4638484110728,3.4996904315622395
1012.0,0.0,0.0,0.0,839.3333333333334,63.0,295.1666666666667,481.1666666666667,879.1427198660006,51.0,12.0,90.16666666666669,205.0,62.833333333333336,39.333333333333336,32.333333333333336,346.6666666666667,0.0,0.0,39.80938653266727,0.0
1013.0,0.0,0.0,0.0,0.0,0.0,0.0,0.0,0.0,0.0,0.0,0.0,0.0,0.0,0.0,0.0,0.0,0.0,0.0,0.0,0.0
1014.0,0.0,0.0,0.0,0.0,0.0,0.0,0.0,0.0,0.0,0.0,0.0,0.0,0.0,0.0,0.0,0.0,0.0,0.0,0.0,0.0
1015.0,0.0,0.0,0.0,26.0,0.5,2.333333333333333,23.166666666666668,27.23318825985069,0.5,0.0,0.6666666666666666,1.6666666666666667,0.0,0.3333333333333333,0.8333333333333334,22.0,0.0,0.0,1.233188259850693,0.0
1016.0,2644.333333333333,5483.210867336226,0.48226001102488414,430.1666666666666,54.16666666666667,18.33333333333333,357.66666666666663,846.8047852432942,33.0,21.166666666666668,16.0,2.333333333333333,88.33333333333333,71.0,42.5,155.83333333333334,0.0,0.0,145.63762186932505,271.0004967073025
1017.0,4714.0,11812.218346401063,0.3990782985683851,3216.0,451.1666666666666,144.5,2620.333333333333,4074.956851227449,293.0,158.16666666666666,122.83333333333331,21.666666666666668,729.8333333333334,258.5,481.5,1150.5,0.0,0.0,376.12241925446136,482.8344319729876
1018.0,171.83333333333334,428.43612253072666,0.401071068233771,184.8333333333333,20.5,50.83333333333333,113.5,219.58194079792287,13.5,7.0,39.16666666666666,11.666666666666666,14.833333333333334,14.833333333333334,8.0,75.83333333333333,0.0,0.0,16.915266715793962,17.83334074879558
1019.0,363.5,940.24338917957,0.38660202686155537,1951.8333333333333,204.3333333333333,188.66666666666663,1558.8333333333337,2098.6506984638027,139.66666666666666,64.66666666666667,38.66666666666666,150.0,681.3333333333334,328.8333333333333,77.5,471.1666666666667,0.0,0.0,109.8172769851924,37.000088145276365
1020.0,1219.0,3119.1331549054253,0.3908137099190179,292.5,21.166666666666664,91.0,180.3333333333333,498.1904600322784,15.666666666666666,5.5,75.66666666666667,15.333333333333334,45.833333333333336,23.666666666666668,26.33333333333333,84.5,0.0,0.0,80.69016224418255,125.00029778809584
1021.0,693.6666666666666,1772.8944765454369,0.39126224140441046,214.0,29.0,31.0,154.0,328.0515145991948,21.33333333333333,7.666666666666667,24.166666666666668,6.833333333333333,16.333333333333332,10.833333333333334,63.0,63.833333333333336,0.0,0.0,43.051345455556266,71.00016914363843
1022.0,1380.1666666666667,3453.8678208027677,0.3996003142777712,66.83333333333334,10.0,0.1666666666666666,56.66666666666667,276.961180268381,6.333333333333333,3.6666666666666665,0.1666666666666666,0.0,14.833333333333334,5.5,15.666666666666666,20.666666666666668,0.0,0.0,68.62748501931088,141.50036191573676
1023.0,0.0,0.0,0.0,512.0,13.333333333333334,458.0,40.66666666666667,536.2843226555214,10.333333333333334,3.0,58.66666666666666,399.3333333333333,5.666666666666667,6.666666666666667,4.5,23.83333333333333,0.0,0.0,24.284322655521336,0.0
1024.0,266.0,457.6135607865351,0.5812764804058814,469.1666666666666,45.83333333333333,140.66666666666666,282.66666666666663,531.2039595092206,27.83333333333333,18.0,7.666666666666667,133.0,86.5,58.0,17.166666666666668,121.0,0.0,0.0,34.870526387634925,27.16676645491892
1025.0,672.0,1058.569582476602,0.6348189208571497,8.0,0.3333333333333333,0.0,7.666666666666667,109.25278040589318,0.3333333333333333,0.0,0.0,0.0,0.0,0.0,0.0,7.666666666666667,0.0,0.0,32.252616026864274,69.0001643790289
1026.0,1325.1666666666667,1705.4626689525091,0.777013001099919,37.833333333333336,4.0,24.333333333333336,9.5,238.1402029093001,3.1666666666666665,0.8333333333333334,6.166666666666667,18.166666666666668,1.3333333333333333,1.5,2.5,4.166666666666667,0.0,0.0,64.63981509383953,135.66705448212724
1027.0,558.0,743.4269301083813,0.7505781367358476,5002.666666666666,786.6666666666666,95.16666666666669,4120.833333333333,5349.444582006539,123.16666666666669,663.5,10.0,85.16666666666667,1640.6666666666667,65.33333333333333,49.833333333333336,2365.0,0.0,26.03480893367094,263.7429706148298,57.0001357913717
1028.0,0.0,0.0,0.0,1772.0,114.5,47.5,1610.0,1856.0465229405931,77.5,37.0,13.333333333333334,34.166666666666664,139.0,188.66666666666663,30.83333333333333,1251.5,0.0,0.0,84.04652294059338,0.0
1029.0,0.0,0.0,0.0,1616.8333333333337,228.33333333333331,25.833333333333336,1362.6666666666667,1693.520308152775,213.0,15.333333333333334,8.166666666666666,17.666666666666668,954.8333333333334,103.33333333333331,35.333333333333336,269.1666666666667,0.0,0.0,76.6869748194418,0.0
1030.0,0.0,0.0,0.0,989.0,214.0,27.0,748.0,1035.908584192013,107.5,106.5,12.166666666666666,14.833333333333334,89.66666666666667,113.33333333333331,29.5,515.5,0.0,0.0,46.90858419201289,0.0
1031.0,444.6666666666667,817.4677942816116,0.5439561898061543,0.0,0.0,0.0,0.0,66.4200543054328,0.0,0.0,0.0,0.0,0.0,0.0,0.0,0.0,0.0,0.0,21.0866728818408,45.333381423592
1032.0,0.0,0.0,0.0,1735.0,153.16666666666666,19.33333333333333,1562.5,1817.2916011861903,98.5,54.66666666666666,6.666666666666667,12.666666666666666,171.33333333333334,193.0,16.833333333333332,1181.3333333333333,0.0,0.0,82.29160118619046,0.0
1033.0,47.5,112.33199994848968,0.4228536839171503,1009.1666666666669,114.66666666666666,50.66666666666666,843.8333333333334,1064.1058870912098,75.5,39.16666666666666,14.666666666666666,36.0,182.83333333333331,246.83333333333331,53.16666666666666,361.0,0.0,0.0,49.93896507118708,5.000255353356123
1034.0,468.0,787.6478505385298,0.5941741600386765,6013.0,1529.5,297.5,4186.0,6368.3960032772575,1104.0,425.5,150.0,147.5,1092.8333333333333,145.33333333333334,62.833333333333336,2885.0,0.0,0.0,307.39588892662846,48.0001143506288
1035.0,0.0,0.0,0.0,8875.333333333334,11.833333333333332,10.166666666666666,8853.333333333334,9296.294471874302,7.333333333333333,4.5,3.1666666666666665,7.0,4656.166666666667,4.5,1047.8333333333333,3144.833333333333,0.0,0.0,420.9611385409689,0.0
1036.0,145.0,247.3982733441286,0.5860994825873599,5525.0,733.5,38.16666666666666,4753.333333333333,5808.929937017396,316.6666666666667,416.8333333333333,10.333333333333334,27.83333333333333,3684.8333333333335,130.66666666666666,136.5,801.3333333333334,0.0,0.0,268.9299012828242,15.0000357345715
1037.0,283.8333333333333,560.0465227106437,0.5068031347816796,2354.0,307.33333333333337,119.16666666666669,1927.5,2507.786299313125,272.1666666666667,35.166666666666664,38.0,81.16666666666667,482.6666666666667,256.0,196.83333333333331,992.0,0.0,0.0,124.78547389820714,29.000825414917376
1038.0,1040.0,1859.2792777002296,0.5593565272702827,665.8333333333333,81.5,52.66666666666666,531.6666666666666,853.2441663981169,57.5,24.0,27.33333333333333,25.33333333333333,171.66666666666666,96.83333333333331,68.0,195.16666666666663,0.0,0.0,80.91060416893829,106.50022889584538
1039.0,721.8333333333334,1174.3456180476758,0.6146685628489555,244.0,6.0,4.666666666666666,233.33333333333331,363.8099380382199,2.833333333333333,3.1666666666666665,2.1666666666666665,2.5,56.66666666666666,104.33333333333331,9.833333333333334,62.5,0.0,0.0,45.8097617476672,74.00017629055273
1040.0,644.6666666666666,1549.9589408291183,0.41592499625945933,313.1666666666667,26.166666666666668,13.5,273.5,424.6059290995942,19.0,7.166666666666667,8.0,5.5,91.66666666666669,18.0,23.166666666666668,140.66666666666666,0.0,0.0,45.439060289854986,66.00020214307263
1041.0,745.3333333333334,1506.5597674027674,0.4947253666665015,142.33333333333331,9.666666666666668,3.0,129.66666666666666,260.6097221669105,7.666666666666667,2.0,1.5,1.5,20.33333333333333,42.66666666666666,22.5,44.16666666666666,0.0,0.0,42.109548203142175,76.16684063043505
1042.0,422.0,763.8121770518414,0.5524918463971517,831.8333333333334,55.16666666666666,47.83333333333333,728.8333333333334,934.289327137548,38.16666666666666,17.0,9.166666666666666,38.66666666666666,206.33333333333331,77.33333333333333,158.66666666666666,286.5,0.0,0.0,59.45589136510978,43.00010243910497
1043.0,629.0,933.63441079587,0.6737112436374463,982.0,224.66666666666663,40.5,716.8333333333333,1122.7436803259131,66.0,158.66666666666666,23.83333333333333,16.666666666666668,242.0,141.66666666666666,76.16666666666667,257.0,0.0,0.0,76.41024179305639,64.33343853285659
1044.0,456.5,859.4560002049543,0.5311499365774845,3626.000000000001,276.1666666666667,168.16666666666666,3181.666666666667,3866.5012704909,182.83333333333331,93.33333333333331,60.16666666666666,108.0,782.3333333333334,746.3333333333334,207.0,1446.0,0.0,0.0,193.6678322812401,46.83343820965998
1045.0,688.8333333333334,1022.030465202356,0.6739851274364393,369.0,33.833333333333336,12.0,323.1666666666667,489.8401418629821,25.0,8.833333333333334,5.5,6.5,72.5,37.5,77.16666666666667,136.0,0.0,0.0,50.17335097483119,70.6667908881509
1046.0,504.1666666666667,756.7627368388203,0.6662149734970989,487.0,59.833333333333336,6.5,420.6666666666666,586.0114608345827,46.5,13.333333333333334,3.1666666666666665,3.333333333333333,68.83333333333333,102.83333333333331,187.16666666666663,61.833333333333336,0.0,0.0,47.01133695473501,52.00012387984787
1047.0,501.0,880.6838277563498,0.5688761212708526,139.0,50.5,5.833333333333333,82.66666666666667,220.35552481694475,7.333333333333333,43.16666666666666,1.8333333333333333,4.0,28.166666666666668,2.1666666666666665,21.0,31.33333333333333,0.0,0.0,30.35540331940167,51.0001214975431
1048.0,540.0,972.5767116172292,0.5552261261757667,1967.0,173.33333333333334,81.33333333333334,1712.3333333333333,2140.907937466981,119.66666666666669,53.66666666666666,30.5,50.833333333333336,235.66666666666663,248.5,758.1666666666666,470.0,0.0,0.0,118.90780644021874,55.00013102676217
1049.0,397.0,603.60434114052,0.6577156142546328,102.0,1.6666666666666663,4.0,96.33333333333334,166.66782620009144,1.3333333333333333,0.3333333333333333,4.0,0.0,0.0,39.833333333333336,0.0,56.5,0.0,0.0,23.66772852559599,41.00009767449544
1050.0,461.8333333333333,737.0485874576306,0.6265982205140335,24.0,0.5,0.5,23.0,94.04336920318468,0.5,0.0,0.1666666666666666,0.3333333333333333,6.0,0.1666666666666666,0.5,16.333333333333332,0.0,0.0,23.043257234860643,47.00011196832404
1051.0,621.0,941.3638340297651,0.6596811748563144,28363.66666666667,333.83333333333337,29.833333333333336,28000.000000000004,29802.416246044275,179.5,154.33333333333334,12.666666666666666,17.166666666666668,127.66666666666669,27014.0,634.6666666666666,223.66666666666663,0.0,0.0,1374.749426910102,64.00015246750506
1052.0,0.0,0.0,0.0,2786.0000013639915,327.33333349359174,166.8333334150129,2291.8333344553866,2918.140866503456,184.33333342358065,143.00000007001105,42.333333354059214,124.50000006095367,448.1666668860836,686.6666670028502,285.8333334732738,871.1666670931792,0.0,0.0,132.14086513946495,0.0
1053.0,0.0,0.0,0.0,0.0,0.0,0.0,0.0,0.0,0.0,0.0,0.0,0.0,0.0,0.0,0.0,0.0,0.0,0.0,0.0,0.0
1054.0,0.0,0.0,0.0,2703.9999999999995,14.666666666666666,2508.6666666666665,180.66666666666663,2833.2545827026333,9.166666666666666,5.5,21.166666666666668,2487.5,124.5,11.666666666666666,5.833333333333333,38.66666666666666,1.0030036781615437,0.0,128.25157902447205,0.0
1055.0,0.0,0.0,0.0,2431.0,124.0,1675.3333333333337,631.6666666666666,2546.30310229604,96.83333333333331,27.166666666666668,89.16666666666667,1586.1666666666667,69.0,104.83333333333331,33.666666666666664,424.1666666666667,0.0,0.0,115.30310229603975,0.0
1056.0,0.0,0.0,0.0,2408.833333333333,181.5,1031.1666666666667,1196.1666666666667,2532.3841458629763,147.66666666666666,33.833333333333336,543.5,487.6666666666667,100.16666666666669,163.33333333333334,104.33333333333331,828.3333333333334,0.0,9.298146047142222,114.25266648250026,0.0
1057.0,0.0,0.0,0.0,909.8333333333334,81.83333333333333,454.6666666666666,373.33333333333337,952.9870303007586,64.33333333333333,17.5,145.16666666666666,309.5,54.5,54.0,29.0,235.83333333333331,0.0,0.0,43.15369696742527,0.0
1058.0,0.0,0.0,0.0,1216.8333333333337,146.5,239.66666666666669,830.6666666666667,1274.5481810781494,111.83333333333331,34.666666666666664,161.5,78.16666666666667,166.33333333333334,132.33333333333334,45.0,487.0,0.0,0.0,57.71484774481576,0.0
1059.0,613.3333333333334,1469.0578808290672,0.41750113548092255,1278.166666666667,90.66666666666669,204.16666666666669,983.3333333333336,1430.5054881918709,64.66666666666667,26.0,57.333333333333336,146.83333333333334,115.0,65.16666666666667,369.0,434.1666666666667,0.0,0.0,89.671832230763,62.66698929444117
1060.0,476.0,975.9928891476812,0.48770847133495315,3.0,0.5,1.3333333333333333,1.1666666666666663,74.71923890479826,0.1666666666666666,0.3333333333333333,0.3333333333333333,1.0,0.0,0.3333333333333333,0.5,0.3333333333333333,0.0,0.0,22.719122171864687,49.00011673293357
1061.0,574.3333333333334,1383.6863686550612,0.41507479320735347,295.0,36.333333333333336,4.666666666666667,254.0,395.23195911057167,32.0,4.333333333333333,1.1666666666666667,3.5,14.833333333333334,103.5,78.0,57.66666666666666,0.0,0.0,41.2318185545904,59.00014055598123
1062.0,270.0,678.489889062591,0.39794255500702436,59.0,18.666666666666664,2.166666666666667,38.16666666666666,102.6046412234134,10.0,8.666666666666666,0.5,1.6666666666666667,5.166666666666667,4.833333333333333,5.333333333333333,22.83333333333333,0.0,0.0,15.604574518879922,28.000066704533467
1063.0,261.0,732.1938319341106,0.3564629864616056,82.0,14.833333333333332,1.6666666666666663,65.5,125.26866328872052,3.6666666666666665,11.166666666666666,0.3333333333333333,1.3333333333333333,10.5,16.5,15.833333333333334,22.666666666666668,0.0,0.0,16.268598966491833,27.0000643222287
1064.0,290.5,504.97402718260383,0.575277112014619,155.5,1.3333333333333333,33.333333333333336,120.83333333333334,206.65105947030028,0.6666666666666666,0.6666666666666666,0.8333333333333334,32.5,7.833333333333333,103.16666666666669,0.6666666666666666,9.166666666666666,0.0,0.0,21.15098800115729,30.000071469143
1065.0,663.5,1129.1384848665105,0.5876161417688642,227.0,9.333333333333334,30.166666666666664,187.5,337.2387517465554,8.333333333333334,1.0,27.33333333333333,2.833333333333333,9.166666666666666,14.833333333333334,3.0,160.5,0.0,0.0,42.23858974983133,68.00016199672413
1066.0,843.3333333333334,1456.236437287668,0.5791184121886792,1718.0000000000002,216.66666666666669,73.5,1427.8333333333337,1925.8156140532035,148.83333333333334,67.83333333333333,24.83333333333333,48.66666666666666,300.1666666666667,188.0,97.0,842.6666666666666,0.0,0.0,121.48212783717098,86.3334862160326
1067.0,159.0,199.2987454666445,0.7977972948485565,1015.0,383.6666666666666,9.166666666666666,622.1666666666666,1086.683231080904,78.83333333333333,304.8333333333333,3.1666666666666665,6.0,150.66666666666666,65.33333333333333,21.166666666666668,385.0,0.0,0.0,55.68319296402744,16.000038116876265
1068.0,0.0,0.0,0.0,0.0,0.0,0.0,0.0,0.0,0.0,0.0,0.0,0.0,0.0,0.0,0.0,0.0,0.0,0.0,0.0,0.0
1069.0,483.0,841.2564891399815,0.5741411878959437,901.0,229.16666666666663,86.83333333333333,585.0,1017.8365916856408,116.83333333333331,112.33333333333331,13.333333333333334,73.5,245.33333333333331,18.83333333333333,207.0,113.83333333333331,0.0,1.8596292091496585,65.6435596782061,49.3334027982851
1070.0,509.8333333333333,736.6333493900152,0.6921127501972475,678.8333333333334,144.5,19.0,515.3333333333334,787.3773823952288,59.66666666666666,84.83333333333333,8.5,10.5,98.33333333333331,50.0,32.833333333333336,334.1666666666667,0.0,0.0,56.37722304935739,52.16682601253808
1071.0,249.0,388.9254637809863,0.6402255012549606,1374.0,218.0,41.33333333333333,1114.6666666666667,1476.47942498693,134.5,83.5,16.0,25.33333333333333,209.16666666666663,142.83333333333334,45.333333333333336,717.3333333333334,0.0,0.0,76.97940560529517,25.500019381634758
1072.0,353.3333333333333,565.7712285499671,0.6245162629405926,1001.0,262.33333333333337,27.833333333333336,710.8333333333334,1101.404579171372,58.0,204.33333333333331,13.333333333333334,14.5,329.1666666666667,77.5,31.666666666666668,272.5,0.0,0.0,64.2378385606565,36.16674061071552
1073.0,483.0,599.078045915713,0.8062388586811199,508.0000000000001,42.66666666666667,18.666666666666668,446.66666666666674,604.3368476256711,12.0,30.666666666666668,2.833333333333333,15.833333333333334,134.83333333333334,21.33333333333333,90.16666666666669,200.33333333333331,0.0,0.0,47.003444827386026,49.3334027982851
1074.0,772.1666666666666,1291.2679942388545,0.5979910213153117,791.5,145.33333333333334,45.16666666666667,601.0,965.8264642161952,67.16666666666667,78.16666666666667,33.333333333333336,11.833333333333334,171.33333333333334,40.66666666666666,72.0,317.0,0.0,0.0,95.32730441541749,78.9991598007776
1075.0,187.33333333333331,309.2082020388334,0.6058485256798142,2270.833333333333,668.6666666666667,176.83333333333334,1425.3333333333337,2406.5932737583057,241.0,427.6666666666667,46.833333333333336,130.0,292.5,257.6666666666667,117.33333333333331,757.8333333333334,0.0,0.0,116.59322140251749,19.166719022454625
1076.0,96.33333333333331,159.39886480344595,0.6043539485185263,2962.0,355.0,111.33333333333331,2495.6666666666665,3117.05670048675,162.83333333333334,192.16666666666663,26.83333333333333,84.5,743.1666666666666,837.0,141.16666666666666,774.3333333333334,0.0,0.0,145.0566766637023,10.000023823047666
1077.0,357.0,536.8582395022818,0.6649800147073698,3219.0,463.1666666666667,94.5,2661.333333333333,3425.6109041924333,90.0,373.1666666666667,38.5,56.0,1013.8333333333334,79.66666666666667,85.83333333333333,1482.0,0.0,0.0,169.61081604715685,37.000088145276365
1078.0,93.33333333333331,170.9407547026676,0.545998135410577,1293.8333333333333,236.66666666666663,28.833333333333336,1028.3333333333333,1369.2900491692617,34.0,202.66666666666663,10.666666666666666,18.166666666666668,509.3333333333333,23.166666666666668,42.66666666666666,453.1666666666667,0.0,0.0,65.79003007434657,9.666685761581958
1079.0,147.66666666666666,234.51172877980775,0.6296771058530581,5155.166666666667,995.5,371.5,3788.166666666667,5421.788015445859,364.3333333333333,631.1666666666666,163.66666666666666,207.83333333333331,1506.6666666666667,598.8333333333334,362.0,1320.6666666666667,0.0,0.0,251.62096795953528,15.000380819656735
1080.0,0.0,0.0,0.0,4015.0,335.0,94.16666666666669,3585.833333333333,4205.432725511559,51.16666666666666,283.8333333333333,21.166666666666668,73.0,1271.0,46.16666666666666,18.666666666666668,2250.0,0.0,0.0,190.4327255115589,0.0
1081.0,470.0,955.4828683260554,0.4918978828196154,2947.1666666666665,342.3333333333333,98.16666666666666,2506.6666666666665,3157.563694019953,112.66666666666669,229.66666666666663,23.83333333333333,74.33333333333333,1008.6666666666666,151.5,145.16666666666666,1201.3333333333333,0.0,0.0,162.0636151509038,48.33341220238231
1082.0,121.0,182.3587722623669,0.6635271695397928,3988.0,121.16666666666666,181.0,3685.833333333333,4246.960821829095,83.5,37.66666666666666,20.166666666666668,160.83333333333334,1247.5,1643.0,33.166666666666664,762.1666666666666,0.0,52.06961786734188,194.89117537409604,12.0000285876572
1083.0,265.0,396.9236007174575,0.6676347778791698,1821.0,244.66666666666663,15.5,1560.8333333333333,1946.939707016404,88.0,156.66666666666666,5.333333333333333,10.166666666666666,730.6666666666666,61.0,22.166666666666668,747.0,0.0,0.0,98.93964269417482,27.0000643222287
1084.0,469.8333333333333,804.8374100321615,0.5837617976959578,2168.5,680.3333333333334,35.5,1452.6666666666663,2341.644362023904,572.5,107.83333333333331,17.333333333333332,18.166666666666668,507.5,585.6666666666666,56.0,303.5,0.0,0.0,124.97757867419098,48.166783349712624
1085.0,343.3333333333333,521.6260032918077,0.6581982707278226,1521.3333333333337,123.66666666666666,68.0,1329.6666666666667,1644.872811876495,78.5,45.16666666666666,32.0,36.0,250.33333333333331,557.0,104.16666666666669,418.1666666666667,0.0,0.0,88.37332886968578,35.166149673475736
1086.0,731.0,1109.7931940549176,0.6586812785624515,2013.0,314.5,88.16666666666667,1610.3333333333333,2218.148970404792,123.66666666666669,190.83333333333331,25.83333333333333,62.333333333333336,451.6666666666667,237.33333333333331,98.16666666666669,823.1666666666666,0.0,0.0,130.14879173193466,75.0001786728575
1087.0,555.0,1017.587640872654,0.5454075675723105,1373.0,54.33333333333333,31.166666666666668,1287.5,1521.4457882910694,41.16666666666666,13.166666666666666,6.166666666666667,25.0,539.8333333333334,137.33333333333334,26.0,584.3333333333334,0.0,0.0,91.44565249969752,57.0001357913717
1088.0,366.8333333333333,509.4092824344984,0.7201151333171908,552.0,46.0,28.5,477.5,633.4134975536664,29.5,16.5,13.5,15.0,100.66666666666669,82.0,155.33333333333334,139.5,0.0,0.0,43.58008078474929,37.83341676891708
1089.0,411.0,568.821978452487,0.722545920462056,668.8333333333333,112.16666666666666,34.16666666666667,522.5,762.0504708491633,83.83333333333333,28.33333333333333,22.666666666666668,11.5,123.16666666666669,77.0,51.5,270.8333333333333,0.0,0.0,51.21703745902988,42.0001000568002
1090.0,690.0,1093.785448564117,0.630836697366753,624.0,147.0,28.166666666666664,448.8333333333333,757.323606583785,49.333333333333336,97.66666666666669,11.166666666666666,17.0,138.16666666666666,51.0,70.66666666666667,189.0,0.0,0.0,62.32343744014656,71.00016914363843
1091.0,732.1666666666666,1029.8153171632684,0.7109689033209319,26.0,6.5,6.0,13.5,136.9593027630301,4.666666666666667,1.8333333333333333,0.1666666666666666,5.833333333333333,1.5,4.0,2.333333333333333,5.666666666666667,0.0,0.0,35.959124090172615,75.0001786728575
1092.0,498.8333333333333,778.3103184450179,0.6409183092033905,468.5,63.16666666666666,13.5,391.8333333333333,565.3806637854681,53.66666666666666,9.5,4.5,9.0,128.5,39.0,52.66666666666666,171.66666666666666,0.0,0.0,45.88054228792499,51.0001214975431
1093.0,365.0,649.649891310362,0.5618410853017843,855.0,71.33333333333334,26.333333333333336,757.3333333333334,949.865075722886,45.833333333333336,25.5,10.833333333333334,15.5,115.66666666666669,276.5,127.33333333333331,237.83333333333331,0.0,0.0,57.86498757760943,37.000088145276365
1094.0,771.5,1101.307795284928,0.7005307719631633,405.50000000000006,49.66666666666667,17.0,338.83333333333337,540.4664427918722,31.166666666666668,18.5,13.833333333333334,3.1666666666666665,109.16666666666669,51.333333333333336,49.333333333333336,129.0,0.0,0.0,55.79960920522469,79.16683358664744
1095.0,310.1666666666667,514.7372494785676,0.6025728019117864,1162.1666666666667,75.83333333333333,41.0,1045.3333333333337,1263.6621714796495,52.66666666666666,23.166666666666668,19.166666666666668,21.83333333333333,189.0,159.83333333333334,82.66666666666667,613.8333333333334,0.0,0.0,69.82878553518837,31.66671927779469
1096.0,472.1666666666667,798.4994049058815,0.5913174934955907,1331.3333333333333,129.16666666666666,52.33333333333333,1149.8333333333333,1465.3762472405492,79.0,50.16666666666666,24.5,27.83333333333333,334.5,217.16666666666663,163.33333333333334,434.8333333333333,0.0,0.0,85.54274989932503,48.50016400789074
1097.0,625.0,901.554833640748,0.6932467961777357,219.0,32.83333333333333,3.333333333333333,182.83333333333331,326.75059901326534,16.833333333333332,16.0,1.1666666666666667,2.1666666666666665,19.0,8.333333333333334,117.0,38.5,0.0,3.719258418299317,40.03118812746095,64.00015246750506
1098.0,632.0,1017.9722111742392,0.6208420947669906,193.0,16.166666666666668,4.333333333333334,172.5,297.13016694122604,4.833333333333333,11.333333333333334,1.0,3.333333333333333,19.83333333333333,15.0,75.83333333333333,61.833333333333336,0.0,0.0,39.13001209141621,65.00015484980983
1099.0,620.8333333333334,887.5911078560234,0.6994587122813302,340.0,35.16666666666667,12.5,292.3333333333333,449.40630827021954,28.666666666666668,6.5,7.0,5.5,38.66666666666666,52.16666666666666,125.16666666666669,76.33333333333333,0.0,0.0,45.57285793540465,63.83345033481485
1100.0,485.5,879.5805866704559,0.5519676165634811,144.0,17.666666666666664,9.166666666666666,117.16666666666669,223.8579441265805,13.166666666666666,4.5,2.1666666666666665,7.0,28.166666666666668,15.666666666666666,19.5,53.833333333333336,0.0,0.0,29.857825011342182,50.000119115238334
1101.0,327.5,682.0008638630434,0.4802046703356775,310.83333333333337,168.0,11.5,131.33333333333334,374.76245917122833,40.16666666666666,127.83333333333331,3.1666666666666665,8.333333333333334,24.666666666666668,28.5,13.0,65.16666666666667,0.0,0.0,30.262411275024792,33.6667145628702
1102.0,372.0,774.3168439211986,0.4804234893253311,7560.0,86.16666666666666,519.3333333333334,6954.5,7974.217370417416,32.666666666666664,53.5,454.1666666666667,65.16666666666667,1608.1666666666667,221.0,4758.833333333333,366.5,0.0,0.0,376.2172798898344,38.000090527581136
1103.0,0.0,0.0,0.0,0.0,0.0,0.0,0.0,0.0,0.0,0.0,0.0,0.0,0.0,0.0,0.0,0.0,0.0,0.0,0.0,0.0
1104.0,0.0,0.0,0.0,2841.0,386.3333333333333,548.8333333333334,1905.8333333333333,3011.1313807843144,293.3333333333333,93.0,258.1666666666667,290.6666666666667,308.3333333333333,322.5,251.33333333333331,1023.6666666666666,0.0,0.0,170.13138078431456,0.0
1105.0,0.0,0.0,0.0,3514.833333333333,17.666666666666668,1621.8333333333333,1875.3333333333333,3681.542518832405,13.833333333333334,3.8333333333333335,298.8333333333333,1323.0,1785.8333333333333,20.5,11.5,57.5,0.0,0.0,166.7091854990723,0.0
1106.0,1.0,2.0903437761763097,0.47839021092942713,1585.0,95.0,1441.0,49.0,1660.2244838508925,92.66666666666669,2.333333333333333,444.6666666666667,996.3333333333334,30.166666666666668,2.833333333333333,4.333333333333333,11.666666666666666,0.0,0.0,75.22448385089227,0.0
1107.0,0.0,0.0,0.0,823.6666666666667,11.833333333333334,668.5,143.33333333333334,862.7338654365514,8.833333333333334,3.0,313.0,355.5,5.166666666666667,7.0,6.0,125.16666666666669,0.0,0.0,39.06719876988479,0.0
1108.0,833.5,1472.0818199627902,0.5662049409869544,2.6666666666666665,0.5,0.0,2.1666666666666665,127.49000002069695,0.3333333333333333,0.1666666666666666,0.0,0.0,0.3333333333333333,0.3333333333333333,0.1666666666666666,1.3333333333333333,0.0,0.0,39.65647128285233,85.16686207117796
1109.0,383.0,1077.365922211723,0.3554966721183642,17.0,0.5,0.0,16.5,74.97221998451195,0.3333333333333333,0.1666666666666666,0.0,0.0,1.1666666666666667,1.0,1.0,13.333333333333334,0.0,0.0,18.97212707462604,39.0000929098859
1110.0,284.5,505.13368882600497,0.5632172359384983,301.0,34.333333333333336,11.333333333333334,255.3333333333333,357.7715557125083,25.666666666666668,8.666666666666666,2.833333333333333,8.5,40.66666666666666,32.5,94.66666666666669,87.5,0.0,0.0,27.77148662567008,29.000069086838234
1111.0,307.5,613.7042141786014,0.5010557087530618,221.3333333333333,3.1666666666666665,1.0,217.16666666666663,277.9074813790142,2.1666666666666665,1.0,0.8333333333333334,0.1666666666666666,5.166666666666667,202.0,2.5,7.5,0.0,0.0,25.074081268662493,31.50006677701838
1112.0,180.16666666666663,386.06824832569737,0.4666705108436508,249.33333333333331,8.166666666666668,6.0,235.16666666666669,288.03464148916754,4.666666666666667,3.5,5.666666666666667,0.3333333333333333,12.666666666666666,9.333333333333334,183.83333333333331,29.33333333333333,0.0,0.0,20.367974481468,18.3333336743662
1113.0,112.16666666666669,227.2651048659067,0.4935498863006198,37.0,6.0,1.1666666666666663,29.833333333333336,55.57592453692668,3.6666666666666665,2.333333333333333,0.6666666666666666,0.5,13.0,4.5,2.6666666666666665,9.666666666666666,0.0,0.0,7.0758983307025005,11.50002620622418
1114.0,1016.6666666666666,1754.7079554174973,0.579393661223113,1069.8333333333337,94.66666666666666,229.5,745.6666666666667,1272.6454090720983,69.33333333333333,25.33333333333333,119.16666666666669,110.33333333333331,356.3333333333333,97.16666666666669,56.16666666666666,236.0,0.0,0.0,98.81210689390052,103.99996884486454
1115.0,548.0,1007.5627849976944,0.5438867018110976,3540.833333333333,411.33333333333337,250.3333333333333,2879.1666666666665,3791.555533113729,258.0,153.33333333333334,172.66666666666666,77.66666666666667,786.0,610.0,463.3333333333333,1019.8333333333334,0.0,0.0,194.5548750556232,56.16732472477271
1116.0,424.0,688.1003455893659,0.6161891978659582,916.0,115.66666666666666,55.833333333333336,744.5,1023.2177189801648,76.5,39.16666666666666,42.0,13.833333333333334,240.33333333333331,133.16666666666666,96.33333333333331,274.6666666666667,0.0,0.0,63.8843020837788,43.33341689638596
1117.0,261.0,445.3302827273662,0.5860818590677017,410.5,52.5,38.5,319.5,468.8919994415474,37.5,15.0,26.33333333333333,12.166666666666666,89.33333333333333,21.166666666666668,38.16666666666666,170.83333333333334,0.0,0.0,31.725138472458934,26.666860969088464
1118.0,806.8333333333334,1340.3248540192933,0.601968493618428,42.0,4.833333333333333,11.5,25.666666666666668,164.75987639069217,4.333333333333333,0.5,4.166666666666667,7.333333333333333,6.666666666666667,2.333333333333333,1.8333333333333333,14.833333333333334,0.0,0.0,40.25962666341645,82.50024972727572
1119.0,0.0,0.0,0.0,409.0,64.0,137.0,208.0,428.3989999338052,51.5,12.5,112.5,24.5,36.833333333333336,49.5,24.5,97.16666666666669,0.0,0.0,19.398999933805133,0.0
1120.0,568.3333333333334,947.7604017246136,0.5996592939514594,1157.6666666666667,177.83333333333334,57.83333333333333,922.0,1297.6550729764317,118.66666666666669,59.16666666666666,41.66666666666666,16.166666666666668,251.66666666666663,143.66666666666666,118.33333333333331,408.3333333333333,0.0,0.0,81.65492063592598,58.33348567383893
1121.0,576.1666666666666,996.7617602210012,0.5780384939114432,238.16666666666669,51.16666666666667,13.166666666666666,173.83333333333334,335.87014820570164,34.0,17.166666666666668,10.0,3.1666666666666665,39.333333333333336,11.333333333333334,20.166666666666668,103.0,0.0,0.0,38.70337401406705,59.00010752496789
1122.0,804.1666666666666,1247.3883262483214,0.6446802890045475,64.0,7.666666666666667,7.666666666666667,48.66666666666666,187.69525728003936,4.666666666666667,3.0,5.166666666666667,2.5,14.166666666666666,5.5,4.166666666666667,24.83333333333333,0.0,0.0,41.1950950153708,82.50016226466857
1123.0,0.0,0.0,0.0,700.6666666666667,160.16666666666669,90.16666666666666,450.33333333333337,733.8997215951395,129.83333333333334,30.33333333333333,42.0,48.16666666666666,43.833333333333336,126.5,115.0,165.0,0.0,0.0,33.23305492847272,0.0
1124.0,452.6666666666667,742.0128189621952,0.610052353677369,1072.1666666666667,108.5,62.16666666666666,901.5,1190.4685891634183,70.5,38.0,31.33333333333333,30.83333333333333,243.16666666666663,105.33333333333331,112.33333333333331,440.6666666666667,0.0,0.0,72.13522660482069,46.16669589193122
1125.0,295.8333333333333,475.90654552198953,0.6216206440465194,157.00000000000003,20.166666666666668,6.166666666666666,130.66666666666669,208.75773067868835,14.333333333333334,5.833333333333333,4.333333333333333,1.8333333333333333,39.833333333333336,16.333333333333332,21.5,53.0,0.0,0.0,21.424271515361085,30.33345916332728
1126.0,539.5,907.5414413359136,0.5944632117359274,46.0,8.833333333333332,2.0,35.166666666666664,129.26923164157623,4.5,4.333333333333333,0.6666666666666666,1.3333333333333333,14.666666666666666,3.6666666666666665,1.5,15.333333333333334,0.0,0.0,27.76909823338107,55.50013340819518
1127.0,674.0,1140.8771820309323,0.5907734948298107,1077.0,135.0,54.83333333333333,887.1666666666667,1228.600635956831,86.5,48.5,45.16666666666666,9.666666666666666,273.1666666666667,127.0,115.16666666666669,371.8333333333333,0.0,0.0,82.76692553201393,68.83371042481723
1128.0,734.5,1189.9418245612433,0.617257066555187,231.16666666666663,39.83333333333333,10.333333333333332,181.0,352.01117647591286,29.33333333333333,10.5,8.666666666666666,1.6666666666666667,54.833333333333336,28.166666666666668,26.666666666666668,71.33333333333333,0.0,0.0,45.844331136388746,75.0001786728575
1129.0,175.5,287.36724297129985,0.6107167893785572,383.5,59.66666666666667,13.333333333333332,310.5,427.3402659380587,41.5,18.166666666666668,11.166666666666666,2.1666666666666665,86.83333333333333,58.5,43.66666666666666,121.5,0.0,0.0,26.1726889704248,17.667576967633885
1130.0,527.6666666666666,829.4172199335941,0.636189669065363,1609.8333333333337,324.16666666666663,46.0,1239.6666666666667,1764.898455226009,183.0,141.16666666666666,31.33333333333333,14.666666666666666,261.0,116.0,95.33333333333331,767.3333333333334,0.0,0.0,101.06494359913864,54.00017829353696
1131.0,75.16666666666667,128.17672513631945,0.5864299199930788,5877.0,710.0,333.33333333333337,4833.666666666666,6167.312758037487,483.1666666666667,226.83333333333331,272.6666666666667,60.66666666666666,1623.0,427.0,568.1666666666666,2215.5,0.0,0.0,282.312738979049,8.000019058438133
1132.0,1224.1666666666667,2003.5668719619025,0.6109936652465993,478.33333333333337,55.5,63.333333333333336,359.5,684.4531809547464,36.66666666666666,18.83333333333333,40.333333333333336,23.0,113.16666666666669,32.166666666666664,54.833333333333336,159.33333333333334,0.0,0.0,80.78645756962938,125.3333900517836
1133.0,352.6666666666667,578.1386240692372,0.6100036426980388,812.0,38.833333333333336,73.0,700.1666666666666,903.240994582899,22.666666666666668,16.166666666666668,3.5,69.5,147.66666666666666,239.33333333333331,7.833333333333333,305.3333333333333,0.0,0.0,55.24090881992748,36.0000857629716
1134.0,0.0,0.0,0.0,275.0,244.3333333333333,1.5,29.166666666666664,288.04333736380534,8.666666666666666,235.66666666666663,1.5,0.0,5.666666666666667,2.6666666666666665,4.5,16.333333333333332,0.0,0.0,13.043337363805406,0.0
1135.0,0.0,0.0,0.0,0.0,0.0,0.0,0.0,0.0,0.0,0.0,0.0,0.0,0.0,0.0,0.0,0.0,0.0,0.0,0.0,0.0
1136.0,472.5,791.5813361898325,0.5969064433407608,3223.5000000000005,431.5,193.33333333333331,2598.666666666667,3447.3957427757373,304.3333333333333,127.16666666666669,171.33333333333334,22.0,925.5,166.16666666666666,329.5,1177.5,0.0,0.0,175.3932554479683,48.5024873277689
1137.0,719.1666666666666,1127.7554763373432,0.6376973393224683,555.6666666666667,82.33333333333334,29.833333333333336,443.5,689.4752298122584,59.833333333333336,22.5,17.666666666666668,12.166666666666666,113.83333333333331,55.833333333333336,48.16666666666666,225.66666666666663,0.0,0.0,60.30819065564313,73.50037248994865
1138.0,0.0,0.0,0.0,657.0,584.8333333333334,3.1666666666666665,69.0,688.1617187200733,15.333333333333334,569.5,2.5,0.6666666666666666,11.5,4.833333333333333,7.666666666666667,45.0,0.0,0.0,31.16171872007328,0.0
1139.0,0.0,0.0,0.0,3007.0,263.5,118.0,2625.5,3149.6229652835013,185.66666666666663,77.83333333333333,33.5,84.5,664.6666666666666,931.6666666666666,69.66666666666667,959.5,0.0,0.0,142.6229652835013,0.0
1140.0,481.0,767.2445405710158,0.6269187652244739,1058.6666666666667,190.66666666666663,63.833333333333336,804.1666666666667,1181.0201949454352,132.16666666666666,58.5,40.333333333333336,23.5,133.66666666666666,250.33333333333331,61.66666666666666,358.5,0.0,0.0,73.02008055893286,49.33344771983578
1141.0,0.0,0.0,0.0,1349.8333333333333,230.3333333333333,60.16666666666667,1059.3333333333333,1413.8565565677357,142.16666666666666,88.16666666666667,21.83333333333333,38.333333333333336,235.16666666666663,214.33333333333331,121.5,488.3333333333333,0.0,0.0,64.02322323440247,0.0
1142.0,0.0,0.0,0.0,553.0,228.33333333333331,11.666666666666668,313.0,579.2289656806705,208.33333333333331,20.0,5.166666666666667,6.5,55.333333333333336,45.16666666666666,13.333333333333334,199.16666666666663,0.0,0.0,26.228965680670505,0.0
1143.0,0.0,0.0,0.0,624.0,24.83333333333333,14.166666666666666,585.0,653.5965182364166,17.833333333333332,7.0,6.833333333333333,7.333333333333333,21.166666666666668,516.8333333333334,10.833333333333334,36.16666666666666,0.0,0.0,29.596518236416628,0.0
1144.0,181.0,282.9116985407408,0.6397755940584939,259.0,47.333333333333336,38.83333333333333,172.83333333333331,298.86938504587926,37.5,9.833333333333334,7.5,31.33333333333333,40.16666666666666,31.5,15.333333333333334,85.83333333333333,0.0,0.0,20.869339782088648,19.000045263790568
1145.0,386.0,594.0469346561267,0.649780307718349,664.0,48.0,22.33333333333333,593.6666666666666,753.4685506075965,33.333333333333336,14.666666666666666,4.5,17.833333333333332,70.66666666666667,241.33333333333331,80.33333333333333,201.33333333333331,0.0,0.0,49.801833570893365,39.66671703670314
1146.0,299.3333333333333,413.6910146010532,0.7235674036140191,1398.5,131.66666666666666,52.0,1214.8333333333333,1509.860530031035,77.83333333333333,53.833333333333336,41.66666666666666,10.333333333333334,249.33333333333331,534.0,114.16666666666669,317.3333333333333,0.0,0.0,80.5271157548601,30.83341427617498
1147.0,0.0,0.0,0.0,302.0,1.1666666666666667,0.8333333333333333,300.0,316.32395594134266,1.0,0.1666666666666666,0.6666666666666666,0.1666666666666666,226.66666666666663,4.5,1.0,67.83333333333333,0.0,0.0,14.323955941342662,0.0
1148.0,479.0,790.5483188445502,0.6059085682455146,60.0,11.833333333333334,2.333333333333333,45.833333333333336,134.56505796599217,5.166666666666667,6.666666666666667,0.3333333333333333,2.0,6.166666666666667,4.666666666666667,3.0,32.0,0.0,0.0,25.564941233058597,49.00011673293357
1149.0,97.0,162.6030275442756,0.5965448581428634,1.0,0.0,0.0,1.0,15.648194956331048,0.0,0.0,0.0,0.0,1.0,0.0,0.0,0.0,0.0,0.0,4.64817113328338,10.000023823047666
1150.0,384.8333333333333,481.4193378150748,0.7993724038587694,431.3333333333333,44.0,21.33333333333333,366.0,511.3920933528868,27.166666666666668,16.833333333333332,16.333333333333332,5.0,125.66666666666669,61.16666666666666,45.333333333333336,133.83333333333334,0.0,0.0,40.72532668406851,39.33343333548486
1151.0,511.6666666666667,653.0279005111075,0.7835295647646889,912.0,20.33333333333333,199.16666666666663,692.5,1031.6925890527357,13.166666666666666,7.166666666666667,5.0,194.16666666666663,55.333333333333336,481.1666666666667,10.333333333333334,145.66666666666666,0.0,0.0,67.52580087008624,52.16678818264952
1152.0,312.0,430.37364099927,0.7249514614221674,53.0,25.666666666666664,2.0,25.333333333333336,102.3121421893488,4.833333333333333,20.83333333333333,0.5,1.5,1.8333333333333333,3.5,6.666666666666667,13.333333333333334,0.0,0.0,17.312065955596264,32.00007623375253
1153.0,635.0,1001.8418372138144,0.6338325835602706,82.0,19.166666666666668,2.833333333333333,60.0,181.00769263107705,11.333333333333334,7.833333333333333,2.1666666666666665,0.6666666666666666,14.5,9.333333333333334,10.0,26.166666666666668,0.0,0.0,34.00753778126718,65.00015484980983
1154.0,443.5,705.802460196564,0.6283627856390391,337.0,42.5,16.166666666666668,278.3333333333333,419.5376924538595,29.0,13.5,14.0,2.1666666666666665,81.83333333333333,45.5,40.0,111.0,0.0,0.0,37.03762069860059,45.500071755258965
1155.0,424.8333333333333,655.1214543547891,0.6484802634829596,156.0,6.666666666666666,2.1666666666666665,147.16666666666666,227.1781502950656,4.833333333333333,1.8333333333333333,2.1666666666666665,0.0,17.833333333333332,9.333333333333334,10.0,110.0,0.0,0.0,27.511333886042,43.66681640902359
1156.0,533.0,770.9533956353035,0.6913517769265181,81.0,48.5,5.333333333333333,27.166666666666664,165.12234608631314,4.5,44.0,4.0,1.3333333333333333,4.5,8.0,3.8333333333333335,10.833333333333334,0.0,0.0,29.122215059550975,55.00013102676217
1157.0,308.8333333333333,505.7578342156408,0.610634798791185,2041.1666666666663,774.0,67.66666666666667,1199.5,2184.445830156697,469.1666666666667,304.8333333333333,47.333333333333336,20.33333333333333,294.0,148.16666666666666,182.16666666666663,575.1666666666666,0.0,0.0,111.4457728414432,31.83339064858685
1158.0,372.1666666666667,604.9496014205712,0.6152027636562242,994.3333333333336,180.0,54.16666666666667,760.1666666666667,1097.226721671729,133.66666666666666,46.333333333333336,24.666666666666668,29.5,232.16666666666663,131.83333333333334,69.0,327.1666666666667,0.0,0.0,64.7266311438123,38.16675719458306
1159.0,678.6666666666666,1097.4455753163977,0.6184057614620246,709.0,224.3333333333333,43.833333333333336,440.83333333333337,844.4855263117336,135.5,88.83333333333333,35.0,8.833333333333334,101.66666666666669,64.66666666666667,95.83333333333331,178.66666666666666,0.0,0.0,65.81872125836286,69.66680505337067
1160.0,568.0,925.8967128155912,0.6134593547402812,791.0,28.666666666666664,3.6666666666666665,758.6666666666666,913.4579399097184,6.333333333333333,22.33333333333333,2.1666666666666665,1.5,15.833333333333334,5.333333333333333,690.3333333333334,47.16666666666666,0.0,0.0,64.45780173604199,58.00013817367647
1161.0,780.5,1295.5316811560765,0.6024553558609355,691.0,288.5,12.0,390.5,840.7943430878114,142.33333333333334,146.16666666666666,4.166666666666667,7.833333333333333,15.833333333333334,56.66666666666666,244.0,74.0,0.0,0.0,69.79415250343,80.00019058438134
1162.0,467.8333333333333,852.4943410250786,0.5487817464814944,425.0,96.66666666666669,14.166666666666668,314.16666666666663,515.3532752897048,13.666666666666666,83.0,9.333333333333334,4.833333333333333,21.5,234.16666666666663,6.5,52.0,0.0,0.0,42.35316093907603,48.0001143506288
1163.0,658.0,1146.0085111929404,0.5741667654065268,12.0,0.3333333333333333,0.0,11.666666666666666,110.778472464418,0.3333333333333333,0.0,0.0,0.0,2.1666666666666665,0.1666666666666666,0.1666666666666666,9.166666666666666,0.0,0.0,31.778312849998624,67.00015961441936
1164.0,445.0,776.755483886145,0.5728958587761024,22.0,16.166666666666668,2.0,3.8333333333333335,92.00969715479482,0.3333333333333333,15.833333333333334,2.0,0.0,0.0,0.3333333333333333,0.1666666666666666,3.333333333333333,0.0,1.8596292091496585,22.149958359625906,46.00010958601927
1165.0,412.0,760.9509837889926,0.5414277775797518,266.0,12.0,1.8333333333333333,252.16666666666663,340.15785544829134,10.333333333333334,1.6666666666666667,0.8333333333333334,1.0,3.0,230.16666666666663,1.6666666666666667,17.333333333333332,0.0,0.0,32.15775539149114,42.0001000568002
1166.0,224.83333333333331,503.46661597932143,0.44657048987448206,639.3333333333334,1.8333333333333333,0.6666666666666666,636.8333333333334,703.32110774509,0.6666666666666666,1.1666666666666667,0.5,0.1666666666666666,2.333333333333333,521.6666666666666,85.83333333333333,27.0,0.0,0.0,40.98771961874695,23.000054793009635
1167.0,0.0,0.0,0.0,3955.0,11.166666666666668,3.333333333333333,3940.5,4142.586906450365,7.166666666666667,4.0,0.8333333333333334,2.5,118.66666666666669,625.0,3039.6666666666665,157.16666666666666,0.0,0.0,187.58690645036503,0.0
1168.0,634.0,1395.1787445370348,0.45442206060154794,0.0,0.0,0.0,0.0,95.0709762630921,0.0,0.0,0.0,0.0,0.0,0.0,0.0,0.0,0.0,0.0,30.07082141328228,65.00015484980983
1169.0,0.0,0.0,0.0,267.0,8.0,2.6666666666666665,256.3333333333333,288.52357819899083,5.5,2.5,0.5,2.1666666666666665,18.166666666666668,29.0,2.1666666666666665,207.0,8.859683376677937,0.0,12.663894822312884,0.0
1170.0,0.0,0.0,0.0,73.0,9.5,6.5,57.0,76.46241319111925,7.333333333333333,2.1666666666666665,0.6666666666666666,5.833333333333333,12.5,6.0,3.333333333333333,35.166666666666664,0.0,0.0,3.462413191119253,0.0
1171.0,0.0,0.0,0.0,756.0,83.16666666666667,338.5,334.3333333333333,791.857320171043,69.0,14.166666666666666,183.66666666666663,154.83333333333334,55.16666666666666,55.833333333333336,11.166666666666666,212.16666666666663,0.0,0.0,35.85732017104322,0.0
1172.0,46.5,125.2259721089532,0.3713287205272605,14838.333333333334,2219.333333333333,1823.5,10795.5,16114.71800503165,1636.1666666666667,583.1666666666666,1181.8333333333333,641.6666666666666,1858.5,1850.3333333333333,1564.6666666666667,5522.0,0.0,0.0,1271.718212971714,4.666458726601306
1173.0,0.0,0.0,0.0,1790.833333333333,137.83333333333331,1429.1666666666663,223.83333333333331,1875.7726511407675,136.16666666666666,1.6666666666666667,559.6666666666666,869.5,68.83333333333333,9.166666666666666,15.0,130.83333333333334,0.0,0.0,84.93931780743407,0.0
1174.0,0.0,0.0,0.0,2357.833333333333,62.66666666666666,1609.8333333333337,685.3333333333333,2469.6663167957936,51.5,11.166666666666666,714.8333333333334,895.0,246.83333333333331,41.16666666666666,14.5,382.8333333333333,0.0,0.0,111.83298346246008,0.0
1175.0,0.0,0.0,0.0,1355.0,105.0,741.6666666666667,508.33333333333337,1419.2680804652955,79.16666666666667,25.83333333333333,291.0,450.6666666666667,110.5,86.83333333333333,14.333333333333334,296.6666666666667,0.0,0.0,64.26808046529572,0.0
1176.0,0.0,0.0,0.0,447.8333333333333,66.5,360.3333333333333,21.0,469.0737344877105,66.0,0.5,355.0,5.333333333333333,1.6666666666666667,3.1666666666666665,2.6666666666666665,13.5,0.0,0.0,21.24040115437712,0.0
1177.0,511.0,1146.7400988571098,0.44561099808865534,1444.3333333333333,195.0,369.8333333333333,879.5,1589.0757538107987,115.66666666666669,79.33333333333333,119.33333333333331,250.5,130.0,146.83333333333334,49.0,553.6666666666666,0.0,0.0,92.74229659761754,52.00012387984787
1178.0,517.6666666666666,1319.9085978538458,0.39219887461024644,536.3333333333334,58.66666666666667,73.33333333333333,404.33333333333337,639.1599935724586,39.5,19.166666666666668,30.33333333333333,43.0,165.5,82.83333333333333,18.666666666666668,137.33333333333334,0.0,0.0,49.99317936154342,52.83348087758176
1179.0,461.8333333333333,1196.2506413582485,0.38606736528806196,305.83333333333337,66.5,35.5,203.83333333333331,389.4252709756439,42.333333333333336,24.166666666666668,10.5,25.0,43.16666666666666,21.33333333333333,24.666666666666668,114.66666666666669,0.0,0.0,36.42515191532247,47.16678572698809
1180.0,619.3333333333334,1574.1769804350754,0.393433102523301,0.0,0.0,0.0,0.0,92.3750862219175,0.0,0.0,0.0,0.0,0.0,0.0,0.0,0.0,0.0,0.0,29.3749361367172,63.000150085200296
1181.0,189.0,530.3052140510695,0.35639853237761854,92.0,0.0,0.0,92.0,124.32796453371536,0.0,0.0,0.0,0.0,0.0,91.83333333333331,0.0,0.1666666666666666,0.0,0.0,13.327919269924797,19.000045263790568
1182.0,156.5,407.0076591593524,0.38451364852258674,31.833333333333336,5.0,2.0,24.833333333333336,56.76303895899889,2.5,2.5,1.8333333333333333,0.1666666666666666,7.166666666666667,5.333333333333333,3.333333333333333,9.0,0.0,0.0,8.929558780983776,16.000146844681776
1183.0,143.16666666666666,396.0091343435708,0.36152364743803533,353.16666666666663,34.833333333333336,146.0,172.33333333333331,391.6974757467417,22.0,12.833333333333334,124.33333333333331,21.666666666666668,84.33333333333333,16.833333333333332,14.0,57.16666666666666,0.0,0.0,23.53077334550352,15.0000357345715
1184.0,109.66666666666669,218.9611863116532,0.5008498013459575,241.66666666666669,46.33333333333333,61.0,134.33333333333334,269.3253031172899,25.33333333333333,21.0,49.5,11.5,25.166666666666668,33.5,14.0,61.66666666666666,0.0,0.0,16.658610245270825,11.000026205352432
1185.0,0.0,0.0,0.0,489.0,12.833333333333334,437.5,38.66666666666667,512.1934253487303,9.5,3.333333333333333,312.0,125.5,2.5,6.5,6.166666666666667,23.5,0.0,0.0,23.19342534873034,0.0
1186.0,447.1666666666667,771.4496131385795,0.5796446832702473,1625.8333333333333,217.5,114.66666666666669,1293.6666666666663,1769.416722021641,153.16666666666666,64.33333333333333,91.16666666666669,23.5,387.8333333333333,145.5,171.66666666666666,588.6666666666666,0.0,0.0,97.74993642205597,45.83345226625152
1187.0,477.0,1047.3695660279482,0.4554266378094011,336.3333333333333,53.5,24.5,258.3333333333333,424.1365382515975,33.833333333333336,19.666666666666668,21.0,3.5,78.0,43.5,35.5,101.33333333333331,0.0,0.0,38.8028233929372,49.00038152532701
1188.0,650.8333333333334,1243.4744490046514,0.5233990403697462,2480.833333333333,384.6666666666667,122.0,1974.1666666666663,2697.726333253237,272.5,112.16666666666669,87.66666666666667,34.333333333333336,509.0,243.66666666666663,237.5,984.0,0.0,0.0,150.22612392187523,66.66687599802894
1189.0,1664.1664362162571,3505.6533615433586,0.474709352177253,245.66663264724713,24.333329963702905,15.499997853591578,205.83330482995265,514.1760539125659,16.83333100228763,7.49999896141528,10.833331833155405,4.666666020436175,56.49999217599511,18.499997438157692,28.833329340552073,101.99998587524782,0.0,7.438515807921906,90.73707017871189,170.33383527868494
1190.0,818.1666690697992,1406.3865726217998,0.5817509104517151,119.66666701815356,29.666666753804087,9.000000026434948,81.00000023791453,248.03017492911763,9.666666695059758,20.00000005874433,7.833333356341528,1.1666666700934194,27.000000079304844,4.333333346061271,10.833333365153178,38.83333344739524,0.0,0.0,44.529971853928075,83.83353605703599
1191.0,389.66663771713485,679.5356660225956,0.5734307368999493,1374.1665645756102,175.16665365299772,65.16666182523512,1133.8332490973778,1497.7254212240443,113.49999156773688,61.66666208526085,47.99999643393278,17.16666539130235,352.1666405031249,142.16665610466893,190.3333191928862,449.16663329669734,0.0,0.0,83.55870523939674,40.000151409037485
1192.0,584.8333333333334,989.2208819990902,0.5912060127071511,1820.8333333333333,175.83333333333331,87.0,1558.0,1995.041627693548,116.33333333333331,59.5,59.66666666666666,27.33333333333333,398.1666666666667,475.5,148.33333333333334,536.0,0.0,0.0,114.3748345898497,59.83345977036515
1193.0,667.3333333333334,1108.659737039806,0.6019279956131148,1550.3333333333333,200.66666666666663,82.83333333333333,1266.8333333333333,1724.265475050378,130.66666666666666,70.0,65.83333333333333,17.0,386.3333333333333,157.33333333333334,160.0,563.1666666666666,0.0,0.0,105.59891588732609,68.33322582971876
1194.0,978.0,1776.4159818592416,0.5505467244087732,595.1666666666667,90.33333333333331,23.0,481.83333333333337,769.8995309558633,61.16666666666666,29.166666666666668,16.0,7.0,118.33333333333331,113.83333333333331,61.333333333333336,188.33333333333331,0.0,0.0,74.5660042969077,100.16685999228888
1195.0,696.5,1220.2175971433053,0.5707998324484099,355.0,86.0,5.166666666666666,263.8333333333333,475.8733404425408,21.666666666666668,64.33333333333333,3.1666666666666665,2.0,18.0,4.166666666666667,131.33333333333334,110.33333333333331,0.0,0.0,49.87317129890238,71.00016914363843
1196.0,0.0,0.0,0.0,75.0,0.0,0.0,75.0,78.55727382649238,0.0,0.0,0.0,0.0,0.0,43.833333333333336,0.0,31.166666666666668,0.0,0.0,3.557273826492383,0.0
1197.0,701.0,1285.603265909338,0.5452693055381793,215.0,95.66666666666669,4.0,115.33333333333334,330.4458864951875,14.166666666666666,81.5,1.6666666666666667,2.333333333333333,31.5,4.666666666666667,5.0,74.16666666666667,0.0,0.0,43.445714969244285,72.0001715259432
1198.0,658.3333333333334,1367.2172785159191,0.4815133217508325,211.0,71.0,3.6666666666666665,136.33333333333331,319.5663359737379,52.66666666666666,18.33333333333333,1.5,2.1666666666666665,48.66666666666666,9.833333333333334,27.33333333333333,50.5,0.0,0.0,41.23287611057575,67.33345986316216
1199.0,255.33333333333331,542.5383998919789,0.47062720976832423,7.0,0.0,0.0,7.0,45.443111480562735,0.0,0.0,0.0,0.0,6.0,0.0,0.0,1.0,0.0,0.0,12.443049540638803,26.00006193992393
1200.0,373.3333333333333,873.0799938407013,0.42760495712544094,9.0,0.0,0.0,9.0,65.13470193278704,0.0,0.0,0.0,0.0,4.0,2.0,1.0,2.0,0.0,0.0,18.134611405205906,38.000090527581136
1201.0,343.6666666666667,711.2671890998116,0.48317520044979917,54.16666666666667,0.6666666666666666,0.1666666666666666,53.333333333333336,108.02950837830171,0.5,0.1666666666666666,0.0,0.1666666666666666,1.0,49.5,0.5,2.333333333333333,0.0,0.0,18.862758330968216,35.00008338066684
1202.0,155.33333333333334,319.3342308350837,0.4864286954991473,0.0,0.0,0.0,0.0,23.367478365376822,0.0,0.0,0.0,0.0,0.0,0.0,0.0,0.0,0.0,0.0,7.367440248500556,16.000038116876265
1203.0,544.8333333333334,1257.2352375007026,0.43335830645060874,49.0,2.5,3.1666666666666665,43.333333333333336,133.16606475350218,1.5,1.0,0.1666666666666666,3.0,20.33333333333333,6.666666666666667,3.6666666666666665,12.666666666666666,0.0,0.0,28.16593134443525,56.00013340906693
1204.0,623.1666666666666,1139.023114872691,0.5471062514269679,194.0,26.5,22.83333333333333,144.66666666666669,296.75935096280307,17.666666666666668,8.833333333333334,0.5,22.33333333333333,32.0,56.333333333333336,7.333333333333333,49.0,0.0,0.0,38.75919849529802,64.00015246750506
1205.0,307.3333333333333,751.1545605834671,0.40914792968122166,430.0,152.5,1.1666666666666667,276.3333333333333,496.4712596608312,2.6666666666666665,149.83333333333334,0.3333333333333333,0.8333333333333334,2.6666666666666665,15.666666666666666,2.5,255.5,0.0,0.0,34.971218893705725,31.50004076712548
1206.0,963.0,1968.0506554436424,0.48931667349940156,0.0,0.0,0.0,0.0,144.34287634571578,0.0,0.0,0.0,0.0,0.0,0.0,0.0,0.0,0.0,0.0,45.67601875303142,98.66685759268437
1207.0,1.0,2.449775359364553,0.4082006932502537,6823.333333333333,875.1666666666666,1203.6666666666663,4744.5,7478.59854076368,643.0,232.16666666666663,623.1666666666666,580.5,877.1666666666666,801.5,541.0,2524.833333333333,0.0,0.0,655.265207430346,0.0
1208.0,0.0,0.0,0.0,0.0,0.0,0.0,0.0,0.0,0.0,0.0,0.0,0.0,0.0,0.0,0.0,0.0,0.0,0.0,0.0,0.0
1209.0,0.0,0.0,0.0,43.0,2.6666666666666665,3.6666666666666665,36.66666666666666,45.0395036605223,2.6666666666666665,0.0,0.1666666666666666,3.5,8.166666666666666,13.5,1.0,14.0,0.0,0.0,2.0395036605223,0.0
1210.0,0.0,0.0,0.0,792.8333333333333,72.83333333333333,261.0,459.0,833.4350457060707,60.5,12.333333333333334,61.333333333333336,199.66666666666663,31.166666666666668,75.66666666666667,35.0,317.1666666666667,0.0,0.0,40.60171237273735,0.0
1211.0,0.0,0.0,0.0,6136.166666666666,518.6666666666667,4615.666666666666,1001.8333333333331,6427.20751017084,492.6666666666667,26.0,1671.5,2944.1666666666665,291.3333333333333,104.83333333333331,64.33333333333333,541.3333333333334,0.0,0.0,291.0408435041733,0.0
1212.0,0.0,0.0,0.0,6291.666666666666,411.33333333333337,3735.0,2145.333333333333,6590.081654426146,342.1666666666667,69.16666666666667,1027.6666666666667,2707.333333333333,438.5,184.5,226.16666666666663,1296.1666666666667,0.0,0.0,298.4149877594778,0.0
1213.0,0.0,0.0,0.0,11512.166666666668,1334.0,4023.833333333333,6154.333333333334,12058.191963217718,661.8333333333334,672.1666666666666,1989.8333333333333,2034.0,1084.1666666666667,1762.6666666666667,316.0,2991.5,0.0,0.0,546.0252965510522,0.0
1214.0,0.0,0.0,0.0,2944.833333333334,121.83333333333331,2116.666666666667,706.3333333333333,3084.507693782713,101.5,20.33333333333333,1293.1666666666667,823.5,76.83333333333333,324.5,46.333333333333336,258.6666666666667,0.0,0.0,139.67436044937955,0.0
1215.0,0.0,0.0,0.0,1151.0,62.33333333333333,779.0,309.66666666666663,2163.301338459916,52.66666666666666,9.666666666666666,442.6666666666667,336.3333333333333,20.166666666666668,28.83333333333333,25.0,235.66666666666663,0.0,957.7090428026796,54.59229565723644,0.0
1216.0,70.0,186.0750137406504,0.37619236775962483,2501.6666666666665,226.16666666666663,1348.1666666666663,927.3333333333334,2630.641230383708,191.16666666666663,35.0,957.6666666666666,390.5,257.0,158.33333333333334,80.5,431.5,0.0,0.0,121.9745470409074,7.000016676133367
1217.0,393.5,1152.131780355884,0.3415407913480618,2281.833333333333,341.1666666666667,158.5,1782.1666666666663,2454.3395879888853,214.33333333333331,126.83333333333331,34.166666666666664,124.33333333333331,403.3333333333333,260.8333333333333,316.8333333333333,801.1666666666666,0.0,5.578887628842906,126.92727173451908,40.000095292190665
1218.0,387.6666666666667,1157.238247265508,0.3349929606826444,170.0,1.6666666666666663,0.5,167.83333333333334,236.45058651040856,1.3333333333333333,0.3333333333333333,0.1666666666666666,0.3333333333333333,0.3333333333333333,152.66666666666666,8.5,6.333333333333333,0.0,0.0,26.45049121821789,40.000095292190665
1219.0,371.5,1212.4593392684485,0.3064020276540976,69.16666666666666,16.833333333333332,2.333333333333333,50.0,128.06746876343456,14.666666666666666,2.1666666666666665,0.1666666666666666,2.1666666666666665,23.33333333333333,8.333333333333334,1.5,16.833333333333332,0.0,0.0,20.90071156918675,38.000090527581136
1220.0,594.6666666666666,1533.131999969214,0.38787701690305065,98.0,41.5,0.6666666666666666,55.83333333333334,194.8532847481353,18.0,23.5,0.6666666666666666,0.0,12.166666666666666,18.166666666666668,1.8333333333333333,23.666666666666668,0.0,0.0,35.85313942754457,61.00014532059077
1221.0,96.16666666666669,234.6321930763527,0.40986134684157627,12.0,1.3333333333333333,1.0,9.666666666666666,27.1304232707514,1.3333333333333333,0.0,0.0,1.0,1.0,1.3333333333333333,0.8333333333333334,6.5,0.0,0.0,5.13039944770373,10.000023823047666
1222.0,446.0,1219.2960007435206,0.36578484611450496,1053.1666666666667,104.66666666666666,88.33333333333334,860.1666666666667,1169.84240323251,71.0,33.666666666666664,40.0,48.333333333333336,99.66666666666669,268.5,71.33333333333333,420.6666666666667,0.0,0.0,71.00887528307767,45.66686128276536
1223.0,259.3333333333333,717.2084688870718,0.3615871041452617,95.0,5.833333333333333,1.5,87.66666666666666,138.472051090869,4.0,1.8333333333333333,0.3333333333333333,1.1666666666666667,62.16666666666666,7.5,2.6666666666666665,15.333333333333334,0.0,0.0,16.805336650101665,26.666714440767333
1224.0,0.0,0.0,0.0,451.83333333333326,32.333333333333336,302.16666666666663,117.33333333333334,473.2641312852003,26.666666666666668,5.666666666666667,185.16666666666663,117.0,11.0,15.333333333333334,16.833333333333332,74.16666666666667,0.0,0.0,21.430797951866992,0.0
1225.0,0.0,0.0,0.0,1475.8333333333333,296.5,75.0,1104.3333333333333,1545.8326333589694,265.3333333333333,31.166666666666668,25.666666666666668,49.333333333333336,78.83333333333333,65.0,34.5,926.0,0.0,0.0,69.99930002563612,0.0
1226.0,1012.3333333333334,2553.8471574376663,0.3963954265567837,2881.666666666667,635.5,137.33333333333334,2108.833333333333,3169.8904042269514,469.1666666666667,166.33333333333334,100.16666666666669,37.16666666666666,574.3333333333334,297.0,243.83333333333331,993.6666666666666,0.0,0.0,184.3900027986549,103.83373476162964
1227.0,754.5,1395.731560027598,0.5405767280816385,1587.166666666667,321.0,146.83333333333334,1119.3333333333337,1775.2101160193718,240.5,80.5,42.16666666666666,104.66666666666669,293.8333333333333,182.66666666666663,123.0,519.8333333333334,0.0,0.0,110.87650936819176,77.16693998451306
1228.0,633.6666666666666,1221.1287211694396,0.5189188131287441,1625.1666666666667,176.16666666666669,252.0,1197.0,1797.9011058281762,118.66666666666669,57.5,44.0,208.0,293.5,221.16666666666663,127.0,555.3333333333334,0.0,0.0,107.56751127130438,65.166927890205
1229.0,945.6666666666666,1814.773229815292,0.521093573086769,1857.3333333333333,244.83333333333331,102.66666666666669,1509.8333333333337,2093.936805177593,146.33333333333334,98.5,81.66666666666667,21.0,459.8333333333333,195.66666666666663,235.0,619.3333333333334,0.0,0.0,139.7697797717411,96.83369207251876
1230.0,530.0,900.2588841193524,0.588719544288035,2286.0,271.8333333333333,135.33333333333331,1878.8333333333333,2473.892936685396,176.66666666666666,95.16666666666669,102.33333333333331,33.0,544.3333333333334,313.3333333333333,296.3333333333333,724.8333333333334,0.0,0.0,133.72617918022073,54.166757505175376
1231.0,583.6666666666666,1254.7464012229918,0.4651670378155866,2427.0,215.66666666666669,79.16666666666667,2132.1666666666665,2629.576404798913,131.33333333333334,84.33333333333333,58.0,21.166666666666668,406.0,1029.3333333333333,191.33333333333331,505.5,0.0,0.0,142.74276071124288,59.83364408767054
1232.0,735.6666666411303,1359.847976412497,0.5409918457075916,82.99999999711892,22.833333332540743,6.166666666452611,53.99999999812556,196.8300393625886,6.833333333096136,15.999999999444611,5.999999999791729,0.1666666666608813,18.666666666018713,6.666666666435255,3.8333333332002715,24.83333333247132,0.0,0.0,38.829860695215565,75.00017867025412
1233.0,584.0,1083.2628180945842,0.5391120144114543,237.0,33.666666666666664,16.333333333333332,187.0,335.9404337589559,2.833333333333333,30.83333333333333,12.5,3.8333333333333335,29.0,112.5,35.5,10.0,0.0,0.0,38.94029082066995,60.000142938286
1234.0,595.0,1147.2920416288434,0.5186125052826667,490.0,148.83333333333331,15.833333333333334,325.33333333333337,602.4620400105138,114.83333333333331,34.0,4.0,11.833333333333334,97.0,55.833333333333336,30.33333333333333,142.16666666666666,0.0,0.0,51.46189468992315,61.00014532059077
1235.0,694.0,1362.4851700080228,0.5093633422783702,558.0,137.16666666666666,28.666666666666668,392.1666666666667,688.382926887218,38.833333333333336,98.33333333333331,8.0,20.666666666666668,61.66666666666666,118.16666666666669,85.0,127.33333333333331,0.0,0.0,59.382757743579525,71.00016914363843
1236.0,607.0,1238.2160962471296,0.49022137722142145,575.0,74.5,27.833333333333336,472.6666666666666,693.0627832084156,48.5,26.0,8.166666666666666,19.666666666666668,127.83333333333331,96.0,84.0,164.83333333333334,0.0,0.0,56.06263550551996,62.00014770289553
1237.0,203.16666666666663,429.8692978048464,0.4726242783658882,35.0,19.166666666666668,1.1666666666666667,14.666666666666668,67.29635776515158,1.5,17.666666666666668,0.1666666666666666,1.0,2.6666666666666665,1.5,1.1666666666666667,9.333333333333334,0.0,0.0,11.296307736751478,21.0000500284001
1238.0,635.0,1285.9182084462025,0.4938105672889426,0.0,0.0,0.0,0.0,95.11840658077868,0.0,0.0,0.0,0.0,0.0,0.0,0.0,0.0,0.0,0.0,30.118251730968847,65.00015484980983
1239.0,228.0,524.1796010448619,0.4349654193820614,0.0,0.0,0.0,0.0,33.814167225546484,0.0,0.0,0.0,0.0,0.0,0.0,0.0,0.0,0.0,0.0,10.814112432536843,23.000054793009635
1240.0,503.6666666666667,1121.559877614677,0.4490769300145261,170.0,67.0,15.0,88.0,253.9519279516547,37.16666666666666,29.83333333333333,5.166666666666667,9.833333333333334,20.33333333333333,8.0,27.5,32.166666666666664,0.0,0.0,31.95180407180685,52.00012387984787
1241.0,382.1666666666667,947.2873860072688,0.40343265656419736,117.0,1.6666666666666663,1.0,114.33333333333334,179.676691646541,1.3333333333333333,0.3333333333333333,0.8333333333333334,0.1666666666666666,34.666666666666664,68.66666666666667,2.0,9.0,0.0,0.0,23.676598736655105,39.0000929098859
1242.0,454.0,1308.9732334214357,0.34683673310364066,169.0,29.666666666666668,17.5,121.83333333333331,245.0491856098409,26.0,3.6666666666666665,0.8333333333333334,16.666666666666668,20.666666666666668,11.333333333333334,18.33333333333333,71.5,0.0,0.0,29.54911619980608,46.50006941003485
1243.0,667.5,1449.5061593630644,0.46050166512801155,286.0,71.5,7.666666666666666,206.8333333333333,399.39203650358047,47.333333333333336,24.166666666666668,3.333333333333333,4.333333333333333,12.833333333333334,80.0,37.0,77.0,0.0,0.0,45.22521493158356,68.16682157199692
1244.0,398.1666666666667,835.434844469572,0.4765981085209196,517.6666666666666,91.16666666666666,14.5,412.0,602.1035575093533,50.5,40.66666666666666,3.8333333333333335,10.666666666666666,55.5,63.16666666666666,44.16666666666666,249.16666666666663,0.0,0.0,43.43679316819123,41.00009767449544
1245.0,564.8333333333334,1203.5355158054608,0.4693117285827009,29.0,0.1666666666666666,0.0,28.83333333333333,115.16605455157276,0.1666666666666666,0.0,0.0,0.0,0.0,28.83333333333333,0.0,0.0,0.0,0.0,28.16591637789628,58.00013817367647
1246.0,0.0,0.0,0.0,1167.8333333333333,272.5,419.6666666666666,475.6666666666667,1223.2235632220372,260.1666666666667,12.333333333333334,231.16666666666663,188.5,44.16666666666666,18.5,12.333333333333334,400.6666666666667,0.0,0.0,55.390229888704,0.0
1247.0,0.0,0.0,0.0,3455.666666666667,117.66666666666669,2427.666666666667,910.3333333333331,3619.5702468216255,53.833333333333336,63.833333333333336,91.83333333333331,2335.833333333333,468.3333333333333,174.0,26.33333333333333,241.66666666666663,0.0,0.0,163.9035801549596,0.0
1248.0,0.0,0.0,0.0,0.0,0.0,0.0,0.0,0.0,0.0,0.0,0.0,0.0,0.0,0.0,0.0,0.0,0.0,0.0,0.0,0.0
1249.0,1715.8333333333333,4559.019505052117,0.3763601650381003,810.1666666666666,71.33333333333334,92.5,646.3333333333333,1105.8982715293332,45.833333333333336,25.5,65.16666666666667,27.33333333333333,187.33333333333331,96.66666666666669,37.0,325.3333333333333,0.0,0.0,119.89836040965184,175.83324445301457
1250.0,0.0,0.0,0.0,1468.8333333333333,440.5,508.1666666666666,520.1666666666666,1538.5005778875484,392.5,48.0,43.833333333333336,464.3333333333333,66.83333333333333,56.0,39.5,357.8333333333333,0.0,0.0,69.66724455421517,0.0
1251.0,0.0,0.0,0.0,523.8333333333333,78.33333333333333,156.83333333333331,288.6666666666667,548.6789709213595,69.5,8.833333333333334,16.666666666666668,140.16666666666666,60.16666666666666,66.83333333333333,19.83333333333333,141.83333333333334,0.0,0.0,24.845637588026136,0.0
1252.0,0.0,0.0,0.0,369.0,42.5,176.0,150.5,386.5017872263425,16.166666666666668,26.33333333333333,34.666666666666664,141.33333333333334,4.833333333333333,10.666666666666666,8.5,126.5,0.0,0.0,17.501787226342525,0.0
1253.0,463.8333333333333,864.9705717251021,0.5362417502924539,3530.666666666667,1031.3333333333337,133.33333333333331,2366.0,3766.2219590655823,786.3333333333334,245.0,94.83333333333331,38.5,628.3333333333334,303.8333333333333,252.83333333333331,1181.0,0.0,0.0,187.8889440982958,47.666348300619774
1254.0,599.1666666666666,1079.1330252167802,0.5552296636888708,3269.666666666667,551.5,148.66666666666669,2569.5,3513.70434964806,408.6666666666667,142.83333333333334,112.66666666666669,36.0,719.8333333333334,332.1666666666667,313.3333333333333,1204.1666666666667,0.0,0.0,182.7038876917179,61.33379528967516
1255.0,786.6666666666666,1289.393746725191,0.6101058490974124,1414.1666666666667,158.33333333333334,82.33333333333334,1173.5,1599.0972649483551,106.66666666666669,51.66666666666666,64.66666666666667,17.666666666666668,342.0,196.0,161.33333333333334,474.1666666666667,0.0,0.0,104.430105096218,80.50049318547038
1256.0,650.3333333333334,1058.1199927198318,0.6146120835139802,532.3333333333334,75.0,28.833333333333336,428.5,655.2696755949703,52.5,22.5,19.166666666666668,9.666666666666666,122.83333333333331,88.0,45.5,172.16666666666666,0.0,0.0,56.102846950019206,66.83349531161771
1257.0,306.6666666666667,502.5998605779805,0.6101606679994016,1996.6666666666667,67.66666666666667,35.0,1894.0,2137.4103641012607,46.0,21.666666666666668,8.333333333333334,26.666666666666668,1275.5,185.0,47.0,386.5,0.0,0.0,109.24364721160634,31.50005022298788
1258.0,1035.0,1575.0481404779975,0.6571227719337499,7663.833333333333,365.3333333333333,47.5,7251.0,8182.422713049872,275.5,89.83333333333333,22.5,25.0,167.66666666666666,6362.166666666667,104.33333333333331,616.8333333333334,0.0,0.0,412.5891271922338,106.00025252430528
1259.0,738.0,1257.3613077035182,0.5869434628523006,1809.333333333333,252.16666666666663,105.5,1451.6666666666663,2005.9872144073315,175.66666666666666,76.5,12.666666666666666,92.83333333333331,306.3333333333333,259.3333333333333,228.33333333333331,657.6666666666666,0.0,0.0,120.8204021515262,75.83347892247205
1260.0,769.0,1431.2952278853984,0.5372755983656313,591.1666666666667,199.83333333333331,8.0,383.33333333333337,734.6797642838561,63.833333333333336,136.0,2.833333333333333,5.166666666666667,40.66666666666666,35.0,93.83333333333331,213.83333333333331,0.0,0.0,64.51290941511297,79.00018820207656
1261.0,666.8333333333334,1325.7633306924258,0.5029806737715823,716.5,143.16666666666666,33.833333333333336,539.5,850.441494899738,65.83333333333333,77.33333333333333,15.833333333333334,18.0,106.66666666666669,79.66666666666667,128.16666666666666,225.0,0.0,0.0,65.60804683766231,68.33344806207566
1262.0,504.5,872.2183764792313,0.5784101935990485,264.0,50.83333333333333,3.333333333333333,209.8333333333333,352.45058680214333,32.166666666666664,18.666666666666668,1.8333333333333333,1.5,57.833333333333336,28.666666666666668,30.0,93.33333333333331,0.0,0.0,36.450462922295465,52.00012387984787
1263.0,257.0,382.0257193772525,0.6727295754300016,760.0,70.83333333333333,20.666666666666668,668.5,834.2366950271606,34.666666666666664,36.16666666666666,6.833333333333333,13.833333333333334,59.333333333333336,435.1666666666667,33.0,141.0,0.0,0.0,48.23663308723672,26.00006193992393
1264.0,533.0,939.9184576261324,0.5670704683746186,523.3333333333333,180.66666666666663,10.666666666666666,332.0,628.4356640918062,30.0,150.66666666666666,4.833333333333333,5.833333333333333,52.5,44.0,118.16666666666669,117.33333333333331,0.0,0.0,50.10219973171072,55.00013102676217
1265.0,543.0,1224.4220611869662,0.4434745315464267,60.99999999999999,11.5,2.6666666666666665,46.83333333333333,145.64804529175225,9.833333333333334,1.6666666666666667,0.6666666666666666,2.0,3.0,4.166666666666667,1.0,38.66666666666666,0.0,0.0,28.647911882685325,56.00013340906693
1266.0,548.3333333333334,1118.2921850975845,0.4903310070842395,25.0,5.0,1.0,19.0,113.19324499912418,4.833333333333333,0.1666666666666666,0.0,1.0,3.8333333333333335,1.0,4.166666666666667,10.0,0.0,0.0,32.19311159005725,56.00013340906693
1267.0,522.5,1098.5027146736609,0.47564743629716233,4.0,0.0,0.0,4.0,82.6367873973879,0.0,0.0,0.0,0.0,0.0,4.0,0.0,0.0,0.0,0.0,24.970034644284777,53.66675275310313
1268.0,718.5,1522.0336613498794,0.4720657750517608,61.0,0.0,0.1666666666666666,60.833333333333336,171.80578433244057,0.0,0.0,0.1666666666666666,0.0,0.5,59.0,0.3333333333333333,1.0,0.0,0.0,36.972284164685135,73.83350016775542
1269.0,577.3333333333334,1155.2503376151658,0.49974738334649443,176.99999999999997,0.0,0.3333333333333333,176.66666666666663,271.944353608231,0.0,0.0,0.3333333333333333,0.0,0.1666666666666666,175.66666666666666,0.1666666666666666,0.6666666666666666,0.0,0.0,35.777553476976976,59.166800131254014
1270.0,500.5,1028.4506377200116,0.4866543727461401,14.0,11.666666666666668,0.0,2.333333333333333,89.56975201371725,0.3333333333333333,11.333333333333334,0.0,0.0,0.5,0.0,0.5,1.3333333333333333,0.0,0.0,24.40300402609541,51.16674798762185
1271.0,346.0,554.1683065235844,0.624359054689597,361.0,118.66666666666669,5.666666666666666,236.66666666666669,429.5333179850684,59.333333333333336,59.333333333333336,2.0,3.6666666666666665,23.33333333333333,23.33333333333333,77.16666666666667,112.83333333333331,0.0,0.0,33.533234604401535,35.00008338066684
1272.0,745.8333333333334,1538.5964451824664,0.4847491593189551,352.99999999999994,44.33333333333333,12.5,296.16666666666663,481.2854620902272,26.5,17.833333333333332,2.5,10.0,79.83333333333333,66.83333333333333,17.666666666666668,131.83333333333334,0.0,0.0,52.11860727640084,76.16685481382632
1273.0,1805.8333333333333,3274.6929341121267,0.5514511954761193,902.8333333333331,292.83333333333337,36.833333333333336,573.1666666666666,1216.3205423400436,138.0,154.83333333333334,25.5,11.333333333333334,135.16666666666666,98.5,74.5,265.0,0.0,0.0,128.4867682803284,185.00044072638184
1274.0,360.1666666666667,635.8906884839903,0.5663971389883539,563.1666666666667,224.5,16.0,322.6666666666667,643.7785597851718,104.0,120.5,9.666666666666666,6.333333333333333,46.333333333333336,69.66666666666667,28.83333333333333,177.83333333333334,0.0,0.0,43.77843146330742,36.83346165519762
1275.0,318.6666666666667,646.3935256776219,0.4929917364698303,1186.3333333333333,3.0,4.833333333333334,1178.5,1307.1060064978296,2.333333333333333,0.6666666666666666,0.6666666666666666,4.166666666666667,780.1666666666666,5.5,29.666666666666668,363.1666666666667,0.0,16.736662880952995,71.36923428036212,32.66677600318124
1276.0,690.0,1062.4241408285675,0.6494581339820461,626.0,117.66666666666666,53.0,455.33333333333337,759.4182477240639,72.83333333333333,44.833333333333336,6.666666666666667,46.333333333333336,108.66666666666669,52.0,33.833333333333336,260.8333333333333,0.0,0.0,62.41807858042542,71.00016914363843
1277.0,0.0,0.0,0.0,155.8333283937878,5.666666487046829,0.8333333069186515,149.33332859982235,163.223555613255,3.666666550442066,1.9999999366047634,0.8333333069186515,0.0,1.833333275221033,135.99999568912392,2.1666665979884936,9.333333037488897,0.0,0.0,7.390227219467168,0.0
1278.0,593.0000023231103,1236.8904416380822,0.4794280741128274,26.000000101856436,0.0,0.0,26.000000101856436,116.1923407486266,0.0,0.0,0.0,0.0,0.0,26.000000101856436,0.0,0.0,0.0,0.0,29.35887121065824,60.833469436111926
1279.0,377.8333333333333,909.7561795357834,0.4153127418448846,9.0,2.0,4.0,3.0,73.34813970722041,2.0,0.0,4.0,0.0,0.0,0.0,0.0,3.0,0.0,0.0,25.34804679733452,39.0000929098859
1280.0,811.3333333333334,1615.5043064211804,0.5022167567789878,446.00000000000006,21.666666666666668,8.0,416.33333333333337,588.8020136197991,14.0,7.666666666666667,2.5,5.5,182.0,40.66666666666666,39.833333333333336,153.83333333333334,0.0,0.0,59.63518939842475,83.16682422137438
1281.0,576.3333333333334,1249.5241087560498,0.46124226759185605,75.0,0.3333333333333333,18.166666666666668,56.49999999999999,170.47239504771605,0.0,0.3333333333333333,0.0,18.166666666666668,31.83333333333333,2.0,14.666666666666666,8.0,0.0,5.578887628842906,30.893366862891916,59.00014055598123
1282.0,378.1666666666667,664.2845027531497,0.5692841923894688,86.0,35.5,30.0,20.5,147.0160414959976,31.5,4.0,0.0,30.0,10.166666666666666,0.3333333333333333,0.3333333333333333,9.666666666666666,0.0,0.0,22.01594858611171,39.0000929098859
1283.0,285.0,459.4140050246144,0.620355489564865,95.0,19.0,12.666666666666668,63.333333333333336,142.02358980773298,13.833333333333334,5.166666666666667,4.166666666666667,8.5,10.166666666666666,10.333333333333334,5.0,37.833333333333336,0.0,0.0,18.02352072089474,29.000069086838234
1284.0,589.6666666666666,1112.126940914842,0.5302152523898067,68.0,13.166666666666668,6.0,48.83333333333333,159.35940763081055,7.666666666666667,5.5,2.0,4.0,9.166666666666666,10.166666666666666,10.666666666666666,18.83333333333333,0.0,0.0,31.192638202445817,60.166769428364745
1285.0,220.0,333.76392505831353,0.6591485282945505,0.0,0.0,0.0,0.0,33.43472468405396,0.0,0.0,0.0,0.0,0.0,0.0,0.0,0.0,0.0,0.0,10.434669891044324,23.000054793009635
1286.0,582.1666666666666,985.685931645154,0.5906208539417869,119.0,23.666666666666664,2.833333333333333,92.5,212.2566445163021,15.666666666666666,8.0,0.6666666666666666,2.1666666666666665,17.833333333333332,3.333333333333333,2.0,69.33333333333333,0.0,0.0,33.25650157801613,60.000142938286
1287.0,736.8333333333334,1852.273450138268,0.39779943575735566,1086.6666666666663,137.33333333333331,44.33333333333333,905.0,1248.6545974185392,82.83333333333333,54.5,33.666666666666664,10.666666666666666,261.5,206.66666666666663,136.5,300.3333333333333,0.0,0.0,86.48778989086628,75.50014086100634
1288.0,309.3333333333333,525.7695606110509,0.5883439371686433,1787.5,565.5,51.16666666666666,1170.8333333333333,1918.60906888736,302.0,263.5,21.83333333333333,29.33333333333333,443.5,103.66666666666669,286.0,337.6666666666667,0.0,0.0,99.44245837170172,31.66661051565788
1289.0,197.83333333333331,332.7866444368845,0.5944749786100683,66.0,2.666666666666667,0.0,63.333333333333336,98.51372637779384,2.333333333333333,0.3333333333333333,0.0,0.0,8.166666666666666,0.1666666666666666,0.1666666666666666,54.833333333333336,0.0,0.0,12.51367873169849,20.00004764609533
1290.0,780.1666666666666,1564.108017942722,0.4987933427339777,125.0,13.166666666666668,32.833333333333336,79.0,247.9323054521072,0.3333333333333333,12.833333333333334,32.833333333333336,0.0,21.83333333333333,1.3333333333333333,9.333333333333334,46.5,0.0,0.0,42.93211486772584,80.00019058438134
1291.0,433.1666666666667,1118.946176362454,0.387120199181371,309.0,26.0,3.333333333333333,279.6666666666667,388.3677326773802,22.666666666666668,3.333333333333333,1.1666666666666667,2.1666666666666665,12.833333333333334,33.333333333333336,15.166666666666666,218.33333333333331,0.0,0.0,35.20100136589175,44.16673131148848
1292.0,473.0,1090.867560227798,0.4335998403887148,325.0,23.333333333333336,15.666666666666666,286.0,415.1833404027207,13.333333333333334,10.0,2.5,13.166666666666666,17.5,37.16666666666666,20.666666666666668,210.66666666666663,0.0,0.0,41.849925803349024,48.3334145993716
1293.0,247.5,495.0073155327611,0.49999261068217427,1513.8333333333337,459.8333333333333,30.5,1023.5,1622.358509416582,358.8333333333333,101.0,8.833333333333334,21.666666666666668,161.83333333333334,106.0,131.83333333333334,623.8333333333334,0.0,0.0,83.52511652562937,25.000059557619167
1294.0,0.0,0.0,0.0,30.0,0.0,0.0,30.0,31.422909530596957,0.0,0.0,0.0,0.0,0.0,0.0,0.0,30.0,0.0,0.0,1.4229095305969537,0.0
1295.0,200.0,383.483305085519,0.5215350899184485,45.0,0.0,0.0,45.0,76.95376154465531,0.0,0.0,0.0,0.0,0.0,45.0,0.0,0.0,0.0,0.0,11.620427833208453,20.33333371144686
1296.0,470.3333333333333,944.6599350932976,0.4978863989684094,25.0,0.0,17.666666666666668,7.333333333333333,96.49529576887956,0.0,0.0,17.666666666666668,0.0,0.1666666666666666,0.0,0.1666666666666666,7.0,0.0,0.0,23.49518141825078,48.0001143506288
1297.0,608.5,1081.4207178448935,0.5626857243984077,571.0,87.16666666666667,13.666666666666666,470.1666666666666,688.944504204575,63.5,23.666666666666668,3.1666666666666665,10.5,126.16666666666669,45.333333333333336,84.5,214.16666666666663,0.0,0.0,55.94435650167944,62.00014770289553
1298.0,747.5,1647.625630169043,0.45368315854816366,287.0,113.0,13.5,160.5,412.733953686582,66.0,47.0,7.5,6.0,33.0,29.0,24.0,74.5,0.0,0.0,49.067136684606766,76.66681700197516
1299.0,437.6666666666667,842.9929074291246,0.5191819086609147,173.0,24.666666666666668,8.833333333333334,139.5,246.96435728257563,20.666666666666668,4.0,5.0,3.8333333333333335,17.833333333333332,85.66666666666667,7.5,28.5,0.0,0.0,28.964250078861152,45.0001072037145
1300.0,198.33333333333331,515.2067211602083,0.384958746047996,294.0,78.0,0.1666666666666666,215.83333333333331,337.3511949284749,53.16666666666666,24.83333333333333,0.1666666666666666,0.0,132.33333333333334,1.1666666666666667,79.66666666666667,2.6666666666666665,0.0,0.0,23.351147282379586,20.00004764609533
1301.0,733.6666666666666,1280.08753542845,0.5731378881219288,2265.0,748.6666666666667,29.666666666666664,1486.6666666666667,2482.1517435138667,625.3333333333334,123.33333333333331,17.333333333333332,12.333333333333334,219.5,146.33333333333334,120.83333333333331,1000.0,0.0,0.0,142.15156484100893,75.0001786728575
1302.0,3.333333333333333,9.024134530275283,0.3693798360552199,995.6666666666669,108.66666666666669,248.0,639.0,1071.900755769482,76.66666666666667,32.0,171.83333333333334,76.16666666666667,108.66666666666669,100.5,63.16666666666666,366.6666666666667,5.015018390807719,0.0,71.21907071200756,0.0
1303.0,472.0,1107.1793166216928,0.42630854181796063,516.0,54.0,57.66666666666666,404.33333333333337,618.0509174745844,30.33333333333333,23.666666666666668,6.0,51.66666666666666,76.66666666666667,95.5,31.33333333333333,200.83333333333331,6.85367602035485,0.0,46.8638268548579,48.3334145993716
1304.0,330.0,769.2104222723825,0.4290113477988534,34.0,3.666666666666667,2.833333333333333,27.5,97.13341104743434,2.833333333333333,0.8333333333333334,0.1666666666666666,2.6666666666666665,4.333333333333333,6.833333333333333,3.1666666666666665,13.166666666666666,11.86869441116257,0.0,17.264635637909702,34.000080998362066
1305.0,10.333333333333334,30.892921807572247,0.33448870254805435,770.5,39.0,606.0,125.5,879.6744546727398,32.333333333333336,6.666666666666667,11.166666666666666,594.8333333333334,25.5,23.33333333333333,17.166666666666668,59.5,11.86869441116257,0.0,96.30575077044462,1.0000094911325494
1306.0,1461.1666378114826,3771.5891496377544,0.38741405276124036,550.166655801951,98.16666472806698,31.66666604131193,420.3333250325721,795.2285206211226,51.49999898297572,46.66666574509126,8.499999832141624,23.16666620917031,56.33333222086017,156.1666635826804,36.833332605947035,170.99999662308443,0.0,0.0,95.39481776949317,149.66704704967853
1307.0,511.6666666666667,1211.7377212727197,0.42225859415290784,88.33333333333334,12.5,1.5,74.33333333333334,179.79088107401697,9.666666666666666,2.833333333333333,0.8333333333333334,0.6666666666666666,5.333333333333333,47.833333333333336,2.6666666666666665,18.5,0.0,0.0,39.45742386083576,52.00012387984787
1308.0,953.5,2269.240998540772,0.4201845465568201,0.0,0.0,0.0,0.0,161.89241752913105,0.0,0.0,0.0,0.0,0.0,0.0,0.0,0.0,0.0,0.0,64.2255504987558,97.66686703037526
1309.0,1213.8333333333333,3424.781659062992,0.3544264873415124,90.33333333333334,10.5,4.166666666666667,75.66666666666667,289.1911044005166,8.0,2.5,1.6666666666666667,2.5,5.333333333333333,43.333333333333336,2.333333333333333,24.666666666666668,0.0,0.0,74.8574756613922,124.00029540579106
1310.0,1271.333322978209,3526.208367157178,0.36053834334332185,90.99999925879682,17.999999853388385,2.4999999796372756,70.49999942577116,288.8161904295342,8.999999926694192,8.999999926694192,1.666666653091517,0.8333333265457585,13.166666559422984,6.833333277675219,10.166666583858254,40.33333300481471,0.0,0.0,67.64927022465145,130.16692094608587
1311.0,927.3333333333334,2474.213728495859,0.37479920293590974,78.33333333333333,9.166666666666666,4.666666666666666,64.5,220.85928733930825,5.333333333333333,3.8333333333333335,1.5,3.1666666666666665,14.666666666666666,11.666666666666666,4.666666666666667,33.5,0.0,0.0,47.69242981971232,94.8335241862626
1312.0,1335.0,3078.3032156929057,0.4336804747480018,145.0,5.166666666666667,8.833333333333334,131.0,353.0334613602112,3.5,1.6666666666666667,1.3333333333333333,7.5,14.333333333333334,87.0,6.0,23.666666666666668,1.0030036781615437,0.0,70.19683343898686,136.8336242430628
1313.0,1162.1666666666667,3245.604007868436,0.3580740792312259,401.1666666666666,47.333333333333336,45.33333333333333,308.5,606.1109518869634,30.666666666666668,16.666666666666668,15.5,29.83333333333333,62.5,58.66666666666666,45.0,142.33333333333334,4.012014712646175,0.0,81.93198701338329,119.00028349426724
1314.0,783.0,1713.2563411787798,0.45702442838254365,196.0,12.666666666666666,27.83333333333333,155.5,334.9179529300895,8.166666666666666,4.5,21.33333333333333,6.5,14.833333333333334,90.0,7.833333333333333,42.833333333333336,0.0,0.0,58.41780252169252,80.50015040839692
1315.0,778.5,1865.284185375801,0.41736267647771574,753.1666666666667,344.3333333333333,4.0,404.83333333333337,929.62222044641,238.5,105.83333333333331,1.6666666666666667,2.333333333333333,16.666666666666668,9.166666666666666,21.83333333333333,357.1666666666667,0.0,0.0,96.6219896854408,79.83356409430259
1316.0,1202.3333333333333,3390.705657256061,0.35459678747412277,413.0,21.833333333333336,23.33333333333333,367.8333333333333,615.7846100691825,16.166666666666668,5.666666666666667,9.666666666666666,13.666666666666666,33.666666666666664,182.0,75.33333333333333,76.83333333333333,0.0,0.0,79.6176574704235,123.1669525987591
1317.0,955.0,2357.3229321811737,0.4051205657751616,161.0,12.833333333333334,59.5,88.66666666666667,312.93547168223535,10.5,2.333333333333333,12.5,47.0,9.833333333333334,16.5,8.333333333333334,54.0,1.0030036781615437,0.0,52.93223453820666,98.00023346586713
1318.0,339.1666666666667,912.619417001834,0.3716408618402046,0.0,0.0,0.0,0.0,51.0868099561464,0.0,0.0,0.0,0.0,0.0,0.0,0.0,0.0,0.0,0.0,16.086726575479556,35.00008338066684
1319.0,0.0,0.0,0.0,745.8333333333333,46.833333333333336,413.6666666666667,285.3333333333333,781.2085014477768,38.5,8.333333333333334,225.33333333333331,188.33333333333331,15.5,37.66666666666666,26.0,206.16666666666663,0.0,0.0,35.37516811444359,0.0
1320.0,515.0,1419.3753127738055,0.3628356752193783,0.0,0.0,0.0,0.0,85.45076929602601,0.0,0.0,0.0,0.0,0.0,0.0,0.0,0.0,8.02402942529235,0.0,24.426613608581032,53.00012626215264
1321.0,0.0,0.0,0.0,829.8333333333334,33.16666666666667,374.5,422.1666666666667,869.192819651798,27.166666666666668,6.0,42.5,332.0,205.16666666666663,37.333333333333336,16.166666666666668,163.5,0.0,0.0,39.35948631846463,0.0
1322.0,0.0,0.0,0.0,567.0,32.333333333333336,276.0,258.66666666666663,593.8929901282825,26.0,6.333333333333333,28.83333333333333,247.16666666666663,24.666666666666668,34.0,16.333333333333332,183.66666666666663,0.0,0.0,26.892990128282417,0.0
1323.0,0.0,0.0,0.0,159.0,46.16666666666666,43.5,69.33333333333334,166.54142051216385,43.5,2.6666666666666665,14.166666666666666,29.33333333333333,13.333333333333334,7.666666666666667,7.0,41.333333333333336,0.0,0.0,7.541420512163852,0.0
1324.0,0.0,0.0,0.0,3033.833333333333,313.0,1197.1666666666667,1523.6666666666663,3177.7290250670226,266.1666666666667,46.833333333333336,27.666666666666668,1169.5,127.83333333333331,83.0,46.333333333333336,1266.5,0.0,0.0,143.89569173368955,0.0
1325.0,0.0,0.0,0.0,4312.0,309.3333333333333,2414.166666666667,1588.5,4561.150125381934,240.66666666666663,68.66666666666667,402.5,2011.6666666666667,624.5,174.83333333333334,148.33333333333334,640.8333333333334,2.006007356323088,7.438516837992563,239.7056011876192,0.0
1326.0,0.0,0.0,0.0,3509.833333333333,346.83333333333337,2555.1666666666665,607.8333333333334,3676.305899533443,343.6666666666667,3.1666666666666665,1772.8333333333333,782.3333333333334,173.33333333333334,6.5,157.0,271.0,0.0,0.0,166.47256620010955,0.0
1327.0,344.0,1230.808369179249,0.27949111219433176,3120.833333333333,129.83333333333334,1970.6666666666663,1020.3333333333331,3320.1710863287435,77.16666666666667,52.66666666666666,1292.3333333333333,678.3333333333334,192.33333333333331,90.66666666666669,27.666666666666668,709.6666666666666,0.0,0.0,164.33766961474404,35.00008338066684
1328.0,0.0,0.0,0.0,3682.833333333333,238.16666666666669,2345.5,1099.1666666666663,3857.5108122037486,208.83333333333331,29.33333333333333,305.5,2040.0,450.1666666666667,80.83333333333333,32.0,536.1666666666666,0.0,0.0,174.67747887041526,0.0
1329.0,0.0,0.0,0.0,872.0,27.0,700.0,145.0,913.3592370226849,23.83333333333333,3.1666666666666665,368.5,331.5,8.5,26.33333333333333,5.5,104.66666666666669,0.0,0.0,41.35923702268477,0.0
1330.0,0.0,0.0,0.0,5555.0,447.33333333333337,2466.333333333333,2641.333333333333,5818.475414748869,256.0,191.33333333333331,1211.6666666666667,1254.6666666666667,415.0,539.1666666666666,214.33333333333331,1472.8333333333333,0.0,0.0,263.4754147488692,0.0
1331.0,1035.3333333333333,2372.368657757528,0.43641334155543005,3887.1666666666665,265.3333333333333,390.8333333333333,3231.0,4300.0538384481015,183.66666666666663,81.66666666666667,178.16666666666666,212.66666666666663,688.5,277.5,468.3333333333333,1796.6666666666667,1.0030036781615437,0.0,305.7173316463062,106.16683645696658
1332.0,74.33333333333333,214.14041595728725,0.347124259570692,1750.1666666666667,115.16666666666669,942.5,692.5,1853.0444854017355,95.66666666666669,19.5,387.3333333333333,555.1666666666666,54.16666666666666,113.83333333333331,51.66666666666666,472.8333333333333,0.0,0.0,95.0444261667094,7.833392568359387
1333.0,275.3333333333333,722.158421923642,0.3812644497033172,390.5,37.0,102.16666666666666,251.33333333333331,454.0910067941522,29.33333333333333,7.666666666666667,59.66666666666666,42.5,19.666666666666668,72.0,27.166666666666668,132.5,4.012014712646175,0.0,31.578925376972524,28.000066704533467
1334.0,388.0,1127.465954656873,0.34413455980414226,597.3333333333334,112.33333333333334,38.66666666666666,446.33333333333337,683.850685871211,66.16666666666667,46.16666666666666,15.333333333333334,23.33333333333333,98.0,99.16666666666669,47.833333333333336,201.33333333333331,0.0,0.0,46.68382935835256,39.83352317952501
1335.0,335.3333333333333,854.9287390807302,0.39223542033913084,3655.0,614.3333333333333,1244.3333333333333,1796.3333333333337,3993.8408668691354,342.8333333333333,271.5,225.33333333333331,1019.0,391.5,183.83333333333331,167.33333333333334,1053.6666666666667,2.6743120290226075,0.0,301.8336203326045,34.332934507507446
1336.0,50.833333333333336,129.1313963074231,0.3936558791040594,4102.333333333333,291.83333333333337,220.0,3590.5,4304.017320980228,190.83333333333331,101.0,147.0,73.0,2292.333333333333,301.5,268.6666666666667,728.0,0.0,0.0,196.6839757353698,5.000011911523834
1337.0,0.0,0.0,0.0,4803.833333333333,142.5,48.333333333333336,4613.0,5031.680873857132,72.66666666666667,69.83333333333333,14.0,34.333333333333336,967.1666666666666,192.66666666666663,66.0,3387.1666666666665,0.0,0.0,227.8475405237984,0.0
1338.0,703.1666666666666,2099.0774641792964,0.3349884311875993,63.99999999999999,0.1666666666666666,0.0,63.83333333333333,189.39001076998136,0.0,0.1666666666666666,0.0,0.0,0.1666666666666666,63.5,0.0,0.1666666666666666,1.0030036781615437,0.0,52.38683556587659,72.0001715259432
1339.0,349.6666666666667,1054.8108067405435,0.3314970461358534,46.0,4.666666666666667,5.166666666666667,36.16666666666666,100.76700402410978,3.0,1.6666666666666667,1.0,4.166666666666667,5.666666666666667,6.666666666666667,2.5,21.33333333333333,0.0,0.0,18.766918261138198,36.0000857629716
1340.0,506.0,1369.4259141379118,0.369497900380058,0.0,0.0,0.0,0.0,80.67116501327294,0.0,0.0,0.0,0.0,0.0,0.0,0.0,0.0,0.0,0.0,29.00436975619404,51.66679525707891
1341.0,305.3333333333333,785.955924195936,0.38848658548595,1976.8333333333333,372.5,80.83333333333334,1523.5,2116.0294093978728,209.66666666666663,162.83333333333334,53.333333333333336,27.5,381.8333333333333,288.6666666666667,206.83333333333331,646.1666666666666,0.0,0.0,108.02935446432078,31.16672160021892
1342.0,1370.5,3570.9279145346504,0.3837938017235496,1803.1666666666663,667.8333333333333,35.166666666666664,1100.1666666666667,2093.823038836522,269.8333333333333,398.0,22.33333333333333,12.833333333333334,192.0,262.1666666666667,92.5,553.5,0.0,0.0,150.3225989324129,140.33377323744207
1343.0,0.0,0.0,0.0,3705.000000000001,292.0,184.33333333333331,3228.666666666667,3880.7798685593257,188.66666666666663,103.33333333333331,81.16666666666667,103.16666666666669,967.6666666666666,674.3333333333334,199.5,1387.1666666666667,0.0,0.0,175.77986855932565,0.0
1344.0,0.0,0.0,0.0,1498.0,9.333333333333334,169.5,1319.1666666666667,1571.0566232507977,8.0,1.3333333333333333,1.1666666666666667,168.33333333333334,1093.6666666666667,3.333333333333333,59.66666666666666,162.5,2.006007356323088,0.0,71.05061589447453,0.0
1345.0,310.0,796.0705681322446,0.3894127134072143,0.0,0.0,0.0,0.0,51.70347471658771,0.0,0.0,0.0,0.0,0.0,0.0,0.0,0.0,0.0,0.0,19.703398482835183,32.00007623375253
1346.0,0.0,0.0,0.0,683.9999999999999,35.5,137.66666666666666,510.83333333333326,716.4423372976105,24.83333333333333,10.666666666666666,14.666666666666666,123.0,64.33333333333333,267.0,11.333333333333334,168.16666666666666,0.0,0.0,32.442337297610536,0.0
1347.0,717.1666666666666,2021.6595854733928,0.3547415558088305,559.0,79.0,151.66666666666666,328.33333333333337,695.021271916803,47.66666666666666,31.33333333333333,80.83333333333333,70.83333333333333,60.0,54.333333333333336,21.5,192.5,0.0,0.0,62.85447151847631,73.16680039832671
1348.0,645.1666666666666,1735.0802430015767,0.371836789260288,207.3333333333333,28.666666666666668,2.833333333333333,175.83333333333331,316.5997753231241,8.5,20.166666666666668,1.1666666666666667,1.6666666666666667,2.0,162.5,1.6666666666666667,9.666666666666666,0.0,0.0,43.2662847576762,66.0001572321146
1349.0,433.5,1300.8412029500312,0.3332459019724423,8.0,1.6666666666666667,0.0,6.333333333333334,73.10798837964151,0.0,1.6666666666666667,0.0,0.0,0.0,0.0,0.1666666666666666,6.166666666666667,0.0,0.0,20.941209799567726,44.16677858007379
1350.0,1292.8333333333333,3696.650986721309,0.34973096945784243,1323.0,215.33333333333331,18.166666666666668,1089.5,1579.5706238859177,105.66666666666669,109.66666666666669,4.333333333333333,13.833333333333334,152.66666666666666,202.16666666666663,63.16666666666666,671.5,0.0,0.0,124.07034959767287,132.50027428824478
1351.0,650.8333333333334,1525.7176734794582,0.42657520761956097,1385.4999999999998,52.16666666666667,77.66666666666667,1255.6666666666663,1548.739110615079,33.0,19.166666666666668,41.833333333333336,35.833333333333336,377.0,118.33333333333331,258.8333333333333,501.5,0.0,0.0,96.57234336014383,66.66676725493518
1352.0,380.1666666666667,930.26644961593,0.40866427766326774,561.0,35.5,52.33333333333333,473.1666666666666,644.6397274954041,33.0,2.5,15.666666666666666,36.66666666666666,43.66666666666666,209.5,49.0,171.0,0.0,0.0,44.6396345855182,39.0000929098859
1353.0,299.5,638.5129577048796,0.4690586093609533,267.16666666666663,35.833333333333336,15.0,216.3333333333333,326.7164437138038,20.166666666666668,15.666666666666666,2.1666666666666665,12.833333333333334,51.5,36.0,8.333333333333334,120.5,2.006007356323088,0.0,26.87701971744069,30.66674997337333
1354.0,1178.8333333333333,2983.933413335099,0.39506020076224435,84.0,37.333333333333336,3.5,43.16666666666667,333.5637692026734,3.8333333333333335,33.5,0.6666666666666666,2.833333333333333,11.333333333333334,3.0,5.833333333333333,23.0,0.0,0.0,128.89685919928417,120.66691000338923
1355.0,888.1666666666666,2609.982546210906,0.34029601767110673,154.66666666666666,13.666666666666666,3.0,138.0,323.1262082608451,7.833333333333333,5.833333333333333,1.8333333333333333,1.1666666666666667,13.5,91.33333333333331,9.5,23.666666666666668,0.0,0.0,77.45932480444466,91.00021678973376
1356.0,41.333333333333336,75.09439473751944,0.5504183564939494,1327.8333333333337,668.6666666666667,49.333333333333336,609.8333333333334,1397.094147296003,442.1666666666667,226.5,11.333333333333334,38.0,64.5,189.5,22.666666666666668,333.1666666666667,0.0,0.0,64.9274710995138,4.333342863155906
1357.0,318.8333333333333,856.8131405141536,0.3721153636159325,25.66666666666667,13.666666666666668,0.3333333333333333,11.666666666666668,74.66762122403685,9.0,4.666666666666667,0.3333333333333333,0.0,1.6666666666666667,2.6666666666666665,0.6666666666666666,6.666666666666667,0.0,0.0,16.334166734193282,32.6667878231769
1358.0,601.3333333333334,1747.8922981969454,0.3440334018026422,641.3333333333333,119.16666666666666,24.166666666666668,498.0,761.9664734349615,59.66666666666666,59.5,11.833333333333334,12.333333333333334,60.16666666666666,99.66666666666669,45.0,293.1666666666667,0.0,0.0,58.9663399160606,61.66680018556742
1359.0,380.0,1002.8311425277178,0.37892720308044975,0.0,0.0,0.0,0.0,57.023613630780645,0.0,0.0,0.0,0.0,0.0,0.0,0.0,0.0,0.0,0.0,18.02352072089474,39.0000929098859
1360.0,444.0,1319.5721642145088,0.33647269322651735,387.1666666666667,60.33333333333333,101.33333333333334,225.5,471.9202680909669,41.0,19.33333333333333,3.1666666666666665,98.16666666666669,58.333333333333336,54.66666666666666,14.333333333333334,98.16666666666669,0.0,0.0,39.42020815523423,45.33339326906603
1361.0,318.0,838.9261584502119,0.37905600725033595,44.0,0.1666666666666666,0.0,43.833333333333336,94.16985361859386,0.0,0.1666666666666666,0.0,0.0,0.0,43.833333333333336,0.0,0.0,0.0,0.0,17.169775002536568,33.0000786160573
1362.0,347.3333333333333,1321.3050877342678,0.2628714114231782,0.0,0.0,0.0,0.0,55.14089664387877,0.0,0.0,0.0,0.0,0.0,0.0,0.0,0.0,0.0,0.0,19.47417731639904,35.66671932747973
1363.0,774.6666666666666,2238.570871365408,0.34605411719404783,1594.5,207.16666666666669,40.833333333333336,1346.5,1786.0432697745496,165.83333333333334,41.333333333333336,12.833333333333334,28.0,163.5,201.66666666666663,523.5,457.8333333333333,0.0,0.0,112.37645508239444,79.16681469215531
1364.0,733.00002510673,2129.1178566010262,0.34427404891381097,759.0000259972826,206.00000705591597,19.000000650788365,534.0000182905783,904.7660949057242,125.16667095387776,80.83333610203822,4.500000154134087,14.500000496654279,73.33333584514807,58.66666867611845,33.500001147442646,368.5000126218691,0.0,0.0,70.76588766667648,75.00018124176506
1365.0,239.66668040619516,680.7019981661261,0.3520875229570051,208.00001192415272,92.00000527414447,0.5000000286638286,115.50000662134441,253.5656963208629,35.00000200646801,57.00000326767646,0.16666667622127615,0.3333333524425524,1.3333334097702096,1.8333334384340383,10.833333954382955,101.50000581875722,0.0,0.0,21.232259390925726,24.333425005784438
1366.0,748.3333333333334,2052.32625147828,0.3646268875595743,816.0000000000001,205.83333333333331,43.0,567.1666666666667,967.19683107927,60.5,145.33333333333334,29.83333333333333,13.166666666666666,46.66666666666666,270.5,33.166666666666664,216.83333333333331,0.0,0.0,74.19664764180295,77.00018343746704
1367.0,744.5,1791.6179601668628,0.4155461803534615,365.6666666666666,50.0,19.666666666666664,296.0,494.67608427883744,29.5,20.5,11.166666666666666,8.5,71.5,56.16666666666666,31.166666666666668,137.16666666666666,0.0,0.0,52.675945763323455,76.33347184884734
1368.0,385.0,1044.9038468827614,0.3684549551124364,59.83333333333333,4.666666666666666,3.0,52.16666666666666,120.37629563035765,3.1666666666666665,1.5,2.6666666666666665,0.3333333333333333,11.333333333333334,6.333333333333333,19.33333333333333,15.166666666666666,0.0,0.0,21.042973402904316,39.499988894120015
1369.0,563.5,1266.182585106644,0.44503850126207456,1878.6666666666663,280.0,94.0,1504.6666666666663,2051.498483105538,181.5,98.5,64.0,30.0,416.6666666666667,211.83333333333331,162.5,713.6666666666666,0.0,0.0,114.99739716042065,57.834419278451
1370.0,585.5,1570.0179694819235,0.37292566797385385,891.3333333333333,304.8333333333333,61.83333333333333,524.6666666666666,1021.41579325609,140.66666666666666,164.16666666666666,20.83333333333333,41.0,87.0,55.0,41.833333333333336,340.8333333333333,0.0,0.0,70.08234770472674,60.00011221802989
1371.0,758.1666666666666,1582.038899577794,0.47923389675753364,1084.5,171.83333333333331,39.0,873.6666666666667,1249.559066802441,99.0,72.83333333333333,12.0,27.0,216.0,130.83333333333334,45.66666666666666,481.1666666666667,0.0,0.0,87.39225687402354,77.66680992841752
1372.0,1057.6666666666667,2642.555215403651,0.40024392319276775,382.8333333333333,57.66666666666666,32.166666666666664,293.0,562.3230282068052,42.66666666666666,15.0,18.83333333333333,13.333333333333334,30.666666666666668,101.5,13.166666666666666,147.66666666666666,0.0,0.0,71.32277800928432,108.16691686418756
1373.0,1143.6666666666667,2806.3284454081136,0.4075312953970175,203.0,13.166666666666666,5.333333333333333,184.5,390.0402680105991,11.0,2.1666666666666665,0.3333333333333333,5.0,7.5,88.66666666666667,56.833333333333336,31.5,0.0,0.0,69.87332970566864,117.16693830493048
1374.0,232.0,577.9165167541528,0.4014420652017693,2300.833333333333,204.16666666666669,137.66666666666666,1959.0,2446.972858440929,143.83333333333334,60.333333333333336,91.33333333333331,46.333333333333336,538.6666666666666,306.0,308.3333333333333,806.0,2.006007356323088,0.0,120.13346057595857,24.0000571753144
1375.0,299.6666666666667,815.7939835578962,0.367331302640576,557.0,293.1666666666667,35.166666666666664,228.66666666666669,630.3050946730933,279.0,14.166666666666666,6.166666666666667,29.0,26.666666666666668,71.5,16.0,114.5,1.8386576295471315,0.0,40.6330227673712,30.83341427617498
1376.0,1153.3333333333333,3016.7333600509705,0.3823119897191864,359.5,47.83333333333333,2.833333333333333,308.8333333333333,557.2652193638473,26.5,21.33333333333333,0.3333333333333333,2.5,13.0,64.83333333333333,8.333333333333334,222.66666666666663,0.0,0.0,79.76493825188479,118.00028111196248
1377.0,1251.6666666666667,3275.4449858608605,0.3821363729416144,286.5,51.16666666666666,37.0,198.3333333333333,505.44967650289504,35.666666666666664,15.5,19.83333333333333,17.166666666666668,26.666666666666668,32.166666666666664,36.66666666666666,102.83333333333331,0.0,0.0,90.94941174474108,128.00026475815395
1378.0,559.8333333333334,1510.644065027043,0.37059248190493593,587.0,138.66666666666666,24.83333333333333,423.5,698.5620766398288,98.33333333333331,40.333333333333336,6.0,18.83333333333333,45.333333333333336,149.5,25.5,203.16666666666663,0.0,0.0,54.3953143583783,57.166762281450445
1379.0,539.5,1262.43924229934,0.42734729872416133,1448.3333333333333,443.83333333333337,38.833333333333336,965.6666666666664,1597.6141201166472,396.1666666666667,47.66666666666666,13.833333333333334,25.0,280.0,195.16666666666663,88.16666666666667,402.3333333333333,0.0,0.0,94.2806557565519,55.00013102676217
1380.0,272.00000294757433,775.2502021096873,0.3508544753776021,514.0000055700485,200.66666884122517,11.333333456148928,302.0000032726744,579.2810694347547,161.8333350870678,38.833333754157366,3.500000037928346,7.833333418220583,43.00000046597682,45.66666716154126,20.000000216733405,193.33333542842288,0.0,0.0,37.28099685674535,28.000067007960954
1381.0,94.66666856579492,281.06788447979153,0.33681069162706617,238.00000477456888,3.833333410234653,1.0000000200612138,233.16667134427297,263.7782380927209,2.333333380142832,1.5000000300918206,0.0,1.0000000200612138,3.000000060183641,204.6666707725284,2.333333380142832,23.16666713141812,0.0,0.0,15.77820929449172,10.000024023660282
1382.0,870.0,2270.1424920341246,0.38323585548167527,584.6666666666666,133.5,17.333333333333332,433.8333333333333,742.8254831076957,81.0,52.5,3.333333333333333,14.0,67.0,101.5,17.666666666666668,247.66666666666663,0.0,0.0,68.99193065724069,89.1668857837883
1383.0,1258.0,2845.565750190053,0.4420913485889332,2655.1666666666665,218.0,69.5,2367.6666666666665,2969.5845117142194,98.5,119.5,10.0,59.5,285.3333333333333,1065.6666666666667,210.83333333333331,805.8333333333334,0.0,0.0,185.58423275483813,128.83361229271483
1384.0,665.5,1426.0483513317852,0.46667421856944064,2274.666666666667,1141.6666666666667,54.33333333333333,1078.6666666666667,2482.245885476269,645.8333333333334,495.8333333333333,32.166666666666664,22.166666666666668,228.16666666666663,174.0,105.66666666666669,570.8333333333334,0.0,0.0,139.41224354084386,68.1669752687581
1385.0,609.1666666666666,1256.800543119046,0.48469637445801567,224.0,41.83333333333333,5.166666666666667,177.0,325.6839674785492,24.0,17.833333333333332,1.6666666666666667,3.5,24.5,27.5,8.333333333333334,116.66666666666669,0.0,0.0,39.51719328557488,62.16677419297428
1386.0,1061.5,2279.277240795905,0.46571780782110245,730.5,145.5,63.83333333333333,521.1666666666666,924.1540363636076,99.33333333333331,46.16666666666666,30.666666666666668,33.166666666666664,56.16666666666666,158.16666666666666,29.5,277.3333333333333,0.0,0.0,84.98707930526389,108.6669570583435
1387.0,937.0,2940.4875941805662,0.3186546346444003,983.8333333333334,284.0,88.33333333333334,611.5,1188.938573365108,203.16666666666663,80.83333333333333,49.333333333333336,39.0,87.0,87.5,51.333333333333336,385.6666666666667,0.0,0.0,109.10501133051724,96.0002287012576
1388.0,1001.6666666666666,2448.582052331868,0.4090802943331,0.0,0.0,0.0,0.0,150.3426347549745,0.0,0.0,0.0,0.0,0.0,0.0,0.0,0.0,0.0,0.0,47.50909151027376,102.83354324470076
1389.0,1269.6666666666667,3363.526603018583,0.3774807862459627,17.0,0.0,3.0,14.0,209.8892101337464,0.0,0.0,0.0,3.0,4.0,0.6666666666666666,4.333333333333333,5.0,0.0,1.8596292091496585,61.02927122497703,130.00030969961966
1390.0,584.5,1523.7043712818668,0.3836045961515947,148.0,20.0,12.833333333333334,115.16666666666666,242.74333668684176,9.833333333333334,10.166666666666666,1.0,11.833333333333334,19.83333333333333,34.166666666666664,3.5,57.66666666666666,0.0,0.0,34.743193748555775,60.000142938286
1391.0,587.6666666666666,1597.1968638748592,0.3679362763341304,118.0,20.5,2.833333333333333,94.66666666666666,214.6357396680891,19.0,1.5,0.5,2.333333333333333,18.0,27.33333333333333,21.0,28.33333333333333,0.0,0.0,36.46897023972434,60.166769428364745
1392.0,299.6666666666667,778.9588766635776,0.38470152359029974,57.16666666666667,3.333333333333333,4.0,49.833333333333336,104.92811049892858,2.6666666666666665,0.6666666666666666,0.3333333333333333,3.6666666666666665,14.166666666666666,6.333333333333333,13.5,15.833333333333334,0.0,0.0,16.928034283615794,30.833409548646117
1393.0,281.5,776.1636947136716,0.3626812255162823,54.0,11.666666666666666,5.833333333333333,36.5,98.91323746105672,8.666666666666666,3.0,1.3333333333333333,4.5,7.666666666666667,6.166666666666667,6.666666666666667,16.0,0.0,0.0,15.913168374218492,29.000069086838234
1394.0,583.5,1342.500728939529,0.43463663551298,72.0,0.1666666666666666,0.0,71.83333333333333,162.92309930074146,0.1666666666666666,0.0,0.0,0.0,0.0,71.83333333333333,0.0,0.0,0.0,0.0,31.089620665257105,59.83347863548435
1395.0,521.5,1460.9823952597071,0.3569515975634307,137.66666666666666,10.5,2.833333333333333,124.33333333333331,222.26291810098152,7.0,3.5,1.5,1.3333333333333333,9.166666666666666,61.333333333333336,22.33333333333333,31.5,0.0,0.0,31.262839106810684,53.33341232750416
1396.0,427.1666666666667,1079.8104202311629,0.39559413269527444,0.0,0.0,0.0,0.0,64.09471226805162,0.0,0.0,0.0,0.0,0.0,0.0,0.0,0.0,0.0,0.0,20.261309579332103,43.83340268871952
1397.0,400.3333333333333,811.5900238847186,0.4932703970621973,0.0,0.0,0.0,0.0,59.98828327970995,0.0,0.0,0.0,0.0,0.0,0.0,0.0,0.0,0.0,0.0,18.988185605214507,41.00009767449544
1398.0,178.66666666666666,538.5003712954309,0.3317855960560646,5.0,0.1666666666666666,1.0,3.8333333333333335,43.71126083363656,0.1666666666666666,0.0,0.0,1.0,1.0,0.8333333333333334,0.0,2.0,0.0,0.0,20.711217952150754,18.0000428814858
1399.0,2874.0,8261.959609031239,0.3478593621855037,132.0,31.833333333333336,1.1666666666666667,99.0,576.9094128537017,8.833333333333334,23.0,0.1666666666666666,1.0,6.833333333333333,42.333333333333336,11.0,38.833333333333336,0.0,0.0,150.57542639074882,294.33398646295296
1400.0,1198.3333333333333,2492.4082751983688,0.48079335366432246,543.8333333333333,101.83333333333331,29.666666666666668,412.3333333333333,749.3002863006337,68.33333333333333,33.5,15.333333333333334,14.333333333333334,93.83333333333331,69.83333333333333,56.16666666666666,192.5,0.0,0.0,82.63335025000274,122.83360271729772
1401.0,0.0,0.0,0.0,926.8333333333331,60.5,410.6666666666667,455.6666666666666,970.7933126912244,51.0,9.5,71.16666666666667,339.5,27.83333333333333,94.0,25.83333333333333,308.0,0.0,0.0,43.95997935789117,0.0
1402.0,40.833333333333336,83.68506782218915,0.48794049399702283,3782.5,527.6666666666667,619.0,2635.833333333333,4150.3252997402,383.1666666666667,144.5,283.5,335.5,467.5,442.6666666666667,304.0,1421.6666666666667,0.0,0.0,363.8252806887362,4.000019051464152
1403.0,0.0,0.0,0.0,6527.5,832.5,1248.0,4447.0,7001.2276990142445,613.3333333333334,219.16666666666663,594.1666666666666,653.8333333333334,716.0,742.6666666666666,567.0,2421.333333333333,0.0,0.0,473.7276990142448,0.0
1404.0,305.6666666666667,923.7924866668822,0.33088239088145943,80.0,2.333333333333333,0.1666666666666666,77.5,129.46051684568224,2.1666666666666665,0.1666666666666666,0.0,0.1666666666666666,5.0,20.166666666666668,31.0,21.33333333333333,0.0,0.0,18.293769235570423,31.166747610111823
1405.0,642.9999965392248,1640.3244130057792,0.39199562686564693,50.99999972550616,0.0,0.1666666657696279,50.83333305973653,149.9167968997038,0.0,0.0,0.1666666657696279,0.0,0.1666666657696279,49.66666639934913,0.9999999946177679,0.0,0.0,0.0,32.91664029731119,66.00015687688644
1406.0,281.33333358070865,739.9261600499249,0.38021812009150524,478.0000004203036,13.833333345496932,9.000000007913666,455.1666670668929,543.0154547057012,9.833333341979747,4.000000003517185,1.1666666676925124,7.833333340221153,20.000000017585926,380.33333366775895,8.500000007474018,46.33333337407406,0.0,0.0,36.01538517305979,29.000069112337883
1407.0,508.50000021494344,1735.1013465647802,0.29306645471844694,426.16666684680774,77.83333336623356,66.66666669484674,281.66666678572744,530.5023706150682,49.00000002071235,28.833333345521208,8.333333336855842,58.333333357990895,55.66666669019701,65.50000002768691,49.833333354397936,110.6666667134456,1.0030036785855143,0.0,51.33257618784668,52.000123901828374
1408.0,564.5,1506.2694454360656,0.37476694605365046,16.0,14.0,0.0,2.0,101.36821408863032,14.0,0.0,0.0,0.0,0.1666666666666666,0.1666666666666666,0.1666666666666666,1.5,0.0,0.0,27.534702405032597,57.83351168359772
1409.0,581.0,1563.790966481698,0.3715330325172331,22.0,0.0,0.0,22.0,110.26680411382836,0.0,0.0,0.0,0.0,1.0,0.0,1.1666666666666667,19.83333333333333,0.0,0.0,28.5999850536168,59.666819060211566
1410.0,533.6666666666666,1376.1510375302662,0.3877965805442555,81.0,44.5,1.0,35.5,167.65046668903352,14.5,30.0,0.1666666666666666,0.8333333333333334,3.1666666666666665,0.6666666666666666,1.1666666666666667,30.5,0.0,0.0,32.150349846534375,54.500116842499146
1411.0,409.3333333333333,1081.6771190567165,0.37842469450615274,16.333333333333332,3.333333333333333,1.0,12.0,78.36596170961036,1.3333333333333333,2.0,0.6666666666666666,0.3333333333333333,1.8333333333333333,0.8333333333333334,1.5,7.833333333333333,0.0,0.0,20.19920207814089,41.83342629813614
1412.0,298.5,734.3333907383554,0.40649111665733334,616.3333333333334,41.0,27.5,547.8333333333334,690.3893465709359,29.33333333333333,11.666666666666666,3.6666666666666665,23.83333333333333,111.33333333333331,135.33333333333334,92.5,208.66666666666663,0.0,0.0,43.38931764164236,30.66669559596024
1413.0,582.3333333333334,1609.892014488717,0.36172198389236415,120.0,16.333333333333332,2.333333333333333,101.33333333333331,213.31104838755343,15.666666666666666,0.6666666666666666,0.1666666666666666,2.1666666666666665,8.0,75.5,0.8333333333333334,17.0,0.0,0.0,33.31090544926747,60.000142938286
1414.0,575.0,1418.3666230389945,0.4053958903573211,130.0,0.0,0.0,130.0,222.4390375361118,0.0,0.0,0.0,0.0,0.3333333333333333,129.5,0.0,0.1666666666666666,0.0,0.0,33.438896980130586,59.00014055598123
1415.0,648.9999989497727,1903.2742170796018,0.3409913259612181,155.99999974755707,37.16666660652267,3.9999999935271044,114.8333331475073,260.51605368999395,24.833333293147437,12.33333331337524,2.3333333295574774,1.6666666639696268,26.83333328991099,14.33333331013879,11.333333314993464,62.33333323246405,0.0,0.0,38.18261075231312,66.33344319012377
1416.0,944.6666666666666,2891.72725760646,0.32667903384795216,172.0,21.166666666666668,7.833333333333334,143.0,324.964150203243,18.166666666666668,3.0,0.1666666666666666,7.666666666666667,18.0,83.16666666666667,4.0,37.833333333333336,0.0,0.0,55.96391911968056,97.00023108356235
1417.0,376.5,1227.2426044193878,0.3067853076842319,252.0,15.833333333333332,13.166666666666666,223.0,320.8098270433369,10.666666666666666,5.166666666666667,0.6666666666666666,12.5,25.83333333333333,130.66666666666666,11.333333333333334,55.16666666666666,0.0,0.0,29.809734133450984,39.0000929098859
1418.0,494.0,1640.6791548663666,0.3010948231619584,285.0,24.5,19.166666666666668,241.33333333333331,372.9483389753773,21.666666666666668,2.833333333333333,8.333333333333334,10.833333333333334,12.166666666666666,169.83333333333334,4.333333333333333,55.0,0.0,0.0,36.94821747783422,51.0001214975431
1419.0,735.6666666666666,1853.1645835683653,0.39697859175038946,563.0,307.5,8.833333333333332,246.66666666666669,708.7619323137692,294.0,13.5,2.0,6.833333333333333,32.666666666666664,29.166666666666668,12.5,172.33333333333334,0.0,0.0,70.59512715083298,75.16680516293626
1420.0,477.0,1249.0720481118103,0.3818834956086548,1025.0,460.3333333333333,37.5,527.1666666666667,1145.2404538981543,384.8333333333333,75.5,6.666666666666667,30.83333333333333,77.66666666666667,95.33333333333331,45.5,308.6666666666667,0.0,0.0,71.2403371652208,49.00011673293357
1421.0,146.33333333333334,356.4597790114978,0.410518498718514,247.0,25.166666666666668,3.0,218.83333333333331,280.6563286214157,19.5,5.666666666666667,0.6666666666666666,2.333333333333333,22.166666666666668,11.166666666666666,101.0,84.5,0.0,0.0,18.656292886844263,15.0000357345715
1422.0,593.8333333333334,1497.4463318477156,0.3965640174900932,195.16666666666663,44.66666666666667,5.666666666666667,144.83333333333331,293.588978721873,25.0,19.666666666666668,4.666666666666667,1.0,25.33333333333333,17.0,19.33333333333333,83.16666666666667,0.0,0.0,37.42216673461552,61.00014532059077
1423.0,789.6666666666666,1704.831345273749,0.46319342312413186,513.0,69.0,18.83333333333333,425.1666666666667,655.7841875391206,22.666666666666668,46.333333333333336,4.166666666666667,14.666666666666666,75.16666666666667,93.5,65.0,191.5,0.0,0.0,61.78399457243452,81.0001929666861
1424.0,0.0,0.0,0.0,505.0,1.5,497.8333333333333,5.666666666666667,528.9523104317153,1.3333333333333333,0.1666666666666666,494.5,3.333333333333333,0.1666666666666666,1.3333333333333333,0.8333333333333334,3.333333333333333,0.0,0.0,23.95231043171538,0.0
1425.0,0.0,0.0,0.0,13023.333333333332,1754.3333333333333,3043.833333333333,8225.166666666666,13838.684490526088,1350.3333333333333,404.0,2166.5,877.3333333333334,1322.8333333333333,1323.5,1053.0,4525.833333333333,0.0,0.0,815.3511571927557,0.0
1426.0,324.0,935.8268826423642,0.34621788068875115,1680.3333333333337,351.0,49.16666666666666,1280.1666666666667,1808.3687057458108,225.33333333333331,125.66666666666669,28.33333333333333,20.83333333333333,186.66666666666663,334.6666666666667,110.33333333333331,648.5,0.0,0.0,95.0352937964202,33.0000786160573
1427.0,0.0,0.0,0.0,1102.0,13.166666666666668,977.8333333333334,111.0,1154.268210090595,9.0,4.166666666666667,724.3333333333334,253.5,36.0,25.666666666666668,6.166666666666667,43.16666666666666,0.0,0.0,52.26821009059475,0.0
1428.0,0.0,0.0,0.0,138.0000792579672,22.3333461601058,22.16667939771696,93.50005370014445,144.55975035383588,15.666675664551832,6.666670495553972,6.666670495553972,15.500008902162984,18.166677100384575,9.83333898094211,7.3333375451093685,58.16670007370839,0.0,0.0,6.559671095868632,0.0
1429.0,3.0,10.262036893884453,0.29233962331472585,12952.5,1720.5,3275.666666666667,7956.333333333334,13599.132336679342,1377.3333333333333,343.1666666666667,1497.6666666666667,1778.0,1157.0,1359.5,706.1666666666666,4733.666666666667,31.92876797439345,0.0,614.7035687049475,0.0
1430.0,201.5,421.06396027005457,0.4785496243154258,517.0,33.333333333333336,212.5,271.16666666666663,577.9296892563862,28.0,5.333333333333333,39.0,173.5,19.0,60.5,18.5,173.16666666666666,6.018022068969263,0.0,34.07829328181413,20.833373905602787
1431.0,19.0,40.89395601570312,0.4646163357906502,1.0,0.0,0.6666666666666666,0.3333333333333333,3.948611118340835,0.0,0.0,0.3333333333333333,0.3333333333333333,0.0,0.1666666666666666,0.0,0.1666666666666666,0.0,0.0,0.9486063537313022,2.000004764609533
1432.0,0.0,0.0,0.0,7412.166666666666,1096.1666666666663,1275.3333333333337,5040.666666666666,8048.221850735897,846.6666666666666,249.5,707.0,568.3333333333334,855.1666666666666,802.1666666666666,628.6666666666666,2754.6666666666665,0.0,185.96292091496585,450.0922631542641,0.0
1433.0,825.0,2303.917580071282,0.3580857263020993,1686.1666666666667,369.1666666666667,176.5,1140.5,1909.78448041139,239.33333333333331,129.83333333333334,144.66666666666666,31.83333333333333,243.16666666666663,149.33333333333334,131.5,616.5,1.0030036781615437,0.0,138.1146501289456,84.50015993761599
1434.0,2031.0,4142.414298149583,0.49029378855399564,239.0,47.5,11.666666666666666,179.83333333333331,569.7084740326807,28.166666666666668,19.33333333333333,8.5,3.1666666666666665,44.833333333333336,13.833333333333334,15.333333333333334,105.83333333333331,15.045055172423156,0.0,107.66293041616716,208.00048844409037
1435.0,851.0,1750.8708181702714,0.48604385381745546,0.0,0.0,0.0,0.0,128.5373031782467,0.0,0.0,0.0,0.0,0.0,0.0,0.0,0.0,1.0030036781615437,0.0,40.36738539571238,87.1669141043728
1436.0,622.0,1985.0843249821112,0.3133368150522297,106.0,0.6666666666666666,11.666666666666666,93.66666666666669,204.5294237433245,0.6666666666666666,0.0,0.0,11.666666666666666,4.0,82.5,2.0,5.166666666666667,0.0,0.0,34.529271275819404,64.00015246750506
1437.0,363.8333333333333,860.0988306285841,0.42301340308465923,2502.666666666667,849.3333333333334,86.66666666666666,1566.6666666666667,2682.12079659795,633.5,215.83333333333331,49.5,37.16666666666666,347.8333333333333,192.16666666666663,168.33333333333334,858.3333333333334,6.1850985739007305,0.0,136.102309630299,37.16672172708426
1438.0,687.0,2283.195709275802,0.300894048288969,0.0,0.0,0.0,0.0,102.5847950120039,0.0,0.0,0.0,0.0,0.0,0.0,0.0,0.0,0.0,0.0,32.58462825067023,70.00016676133366
1439.0,0.0,0.0,0.0,1892.8333333333333,27.166666666666668,1151.0,714.6666666666667,1982.6112190715407,19.5,7.666666666666667,783.0,368.0,226.66666666666663,109.16666666666669,13.666666666666666,365.1666666666667,0.0,0.0,89.77788573820732,0.0
1440.0,0.0,0.0,0.0,1383.8333333333333,211.5,764.5,407.8333333333333,1449.4685118423356,191.66666666666663,19.83333333333333,391.6666666666667,372.8333333333333,45.833333333333336,93.16666666666669,40.66666666666666,228.16666666666663,0.0,0.0,65.63517850900206,0.0
1441.0,0.0,0.0,0.0,415.83333333333337,40.5,191.66666666666669,183.66666666666663,435.5559643217404,34.0,6.5,89.66666666666667,102.0,14.5,26.83333333333333,15.5,126.83333333333331,0.0,0.0,19.72263098840704,0.0
1442.0,0.0,0.0,0.0,448.0,118.16666666666669,140.83333333333331,189.0,469.2487823235812,73.66666666666667,44.5,10.166666666666666,130.66666666666666,15.833333333333334,17.666666666666668,13.833333333333334,141.66666666666666,0.0,0.0,21.24878232358117,0.0
1443.0,242.83333333333331,433.5088968526342,0.5601576694189079,1175.0,186.16666666666663,60.333333333333336,928.5,1267.1566944710316,130.0,56.16666666666666,44.5,15.833333333333334,299.0,112.0,112.83333333333331,404.6666666666667,0.0,0.0,66.99049295572884,25.1662015153029
1444.0,578.0,1094.61836445398,0.5280379160168022,744.1666666666667,99.16666666666666,42.16666666666666,602.8333333333334,865.9046470547478,67.33333333333333,31.83333333333333,32.5,9.666666666666666,186.83333333333331,88.16666666666667,81.5,246.33333333333331,0.0,0.0,62.57113772147202,59.16684266660915
1445.0,880.6666666666666,1618.7270034761184,0.5440489129887178,1478.9999999999998,154.66666666666666,61.66666666666667,1262.6666666666663,1681.3386806775432,102.5,52.16666666666666,35.0,26.666666666666668,361.5,257.3333333333333,110.0,533.8333333333334,0.0,0.0,112.17194613639712,90.16673454114613
1446.0,255.0,441.8895509433849,0.5770672772316147,411.3333333333333,100.66666666666669,14.5,296.16666666666663,468.9333938064535,35.5,65.16666666666667,9.833333333333334,4.666666666666667,69.33333333333333,48.5,110.0,68.33333333333333,0.0,0.0,31.59999853319627,26.00006193992393
1447.0,154.0,255.52869074223565,0.6026720504561555,143.0,19.83333333333333,33.5,89.66666666666666,173.0868424697861,15.666666666666666,4.166666666666667,5.666666666666667,27.83333333333333,10.666666666666666,17.666666666666668,18.166666666666668,43.16666666666666,0.0,0.0,14.086804352909835,16.000038116876265
1448.0,0.0,0.0,0.0,613.6666666666666,46.5,397.0,170.16666666666666,642.77315195875,30.33333333333333,16.166666666666668,279.8333333333333,117.16666666666669,105.83333333333331,3.8333333333333335,4.0,56.5,0.0,0.0,29.106485292083203,0.0
1449.0,335.8333333333333,795.9961419168467,0.4219032174259156,1805.0,227.66666666666663,98.5,1478.8333333333337,1941.619671251072,147.16666666666666,80.5,75.5,23.0,479.5,202.5,190.5,606.3333333333334,0.0,0.0,102.11921671796438,34.50045453310764
1450.0,0.0,0.0,0.0,527.0,37.0,377.33333333333337,112.66666666666669,551.9957774208198,32.166666666666664,4.833333333333333,183.83333333333331,193.5,14.5,15.333333333333334,7.333333333333333,75.5,0.0,0.0,24.99577742081981,0.0
1451.0,349.5,834.6082405141642,0.4187593448450604,1555.166666666667,220.33333333333331,84.0,1250.8333333333337,1681.055479188832,149.83333333333334,70.5,61.833333333333336,22.166666666666668,391.6666666666667,210.0,157.5,491.6666666666667,0.0,0.0,90.05518771354305,35.83362480862211
1452.0,206.16666666666663,559.4864574535856,0.3684926845325296,392.5,39.66666666666666,98.16666666666666,254.66666666666669,442.0703539258394,35.5,4.166666666666667,37.66666666666666,60.5,15.0,48.0,5.333333333333333,186.33333333333331,0.0,0.0,28.4037223125503,21.16663161328915
1453.0,289.3333333333333,627.7341425504641,0.4609169929132436,2323.333333333333,287.3333333333333,135.33333333333334,1900.6666666666663,2477.806023899097,195.0,92.33333333333331,108.16666666666669,27.166666666666668,594.0,230.66666666666663,259.3333333333333,816.6666666666666,0.0,0.0,124.63931407890855,29.83337648685549
1454.0,222.83333333333331,425.439615980625,0.5237719407481822,419.6666666666666,49.16666666666666,30.666666666666664,339.8333333333333,473.1407608271151,34.666666666666664,14.5,15.166666666666666,15.5,79.0,89.83333333333333,20.5,150.5,0.0,0.0,30.47403936743889,23.000054793009635
1455.0,1070.5,2155.4462225848724,0.4966489021081797,2933.0000000000005,391.1666666666667,179.16666666666669,2362.666666666667,3232.3735570587623,247.33333333333331,143.83333333333334,139.83333333333334,39.333333333333336,724.8333333333334,413.1666666666667,339.1666666666667,885.5,0.0,0.0,190.04013187576072,109.3334251830016
1456.0,4.166666666666667,10.218093858187627,0.4077733797021223,425.5,35.5,46.5,343.5,446.04494802547896,31.5,4.0,4.333333333333333,42.16666666666666,9.166666666666666,275.6666666666667,3.333333333333333,55.333333333333336,0.0,0.0,20.378274266814906,0.1666737586640568
1457.0,307.0,734.9782248431328,0.41769944962046096,1545.0,240.0,58.5,1246.5,1663.8410222069665,160.0,80.0,15.666666666666666,42.833333333333336,249.0,264.6666666666667,125.83333333333331,607.0,0.0,0.0,87.84094835551859,31.00007385144777
1458.0,647.5,1117.4383140516425,0.5794503301504621,10.0,0.3333333333333333,0.1666666666666666,9.5,107.3520821666626,0.3333333333333333,0.0,0.0,0.1666666666666666,6.333333333333333,1.6666666666666667,0.1666666666666666,1.3333333333333333,0.0,0.0,31.185265359275224,66.16681680738738
1459.0,430.3333333333333,1068.2995801604573,0.4028208391401762,252.0,27.166666666666664,13.166666666666668,211.66666666666669,328.36317925345656,20.33333333333333,6.833333333333333,2.833333333333333,10.333333333333334,26.83333333333333,56.333333333333336,74.16666666666667,54.333333333333336,0.0,0.0,32.36307443204682,44.000104821409735
1460.0,485.0,841.4403230405534,0.5763926290666074,0.0,0.0,0.0,0.0,73.00382319322242,0.0,0.0,0.0,0.0,0.0,0.0,0.0,0.0,0.0,0.0,23.00370407798408,50.000119115238334
1461.0,0.0,0.0,0.0,555.8333333333333,66.33333333333333,240.16666666666663,249.3333333333333,582.1962087978594,56.66666666666666,9.666666666666666,62.0,178.16666666666666,104.83333333333331,30.5,12.5,101.5,0.0,0.0,26.362875464526155,0.0
1462.0,0.0,0.0,0.0,1225.0,189.5,304.8333333333333,730.6666666666667,1283.1021391660422,148.83333333333334,40.66666666666666,110.16666666666669,194.66666666666663,95.33333333333331,99.16666666666669,64.5,471.6666666666667,0.0,0.0,58.10213916604226,0.0
1463.0,0.0,0.0,0.0,568.0,101.66666666666666,169.33333333333334,297.0,594.940420445969,89.83333333333333,11.833333333333334,84.66666666666667,84.66666666666667,63.0,27.33333333333333,18.83333333333333,187.83333333333331,0.0,0.0,26.940420445968986,0.0
1464.0,324.0,665.5600712934632,0.4868080493024945,383.83333333333326,40.0,251.16666666666663,92.66666666666666,450.5736481152799,37.16666666666666,2.833333333333333,47.16666666666666,204.0,17.833333333333332,10.166666666666666,6.0,58.66666666666666,0.0,0.0,33.573571863087594,33.16674291885895
1465.0,151.33333333333334,313.5205370228983,0.4826903359197824,996.0,114.16666666666669,110.83333333333331,771.0,1066.095095914777,89.66666666666667,24.5,68.83333333333333,42.0,257.6666666666667,147.66666666666666,54.66666666666666,311.0,0.0,0.0,54.4283958593665,15.666700055410558
1466.0,250.5,584.4678957787179,0.42859496955986853,573.1666666666667,80.5,18.5,474.1666666666667,638.067526723932,67.0,13.5,13.0,5.5,54.0,148.33333333333334,38.333333333333336,233.5,0.0,0.0,39.067474240138665,25.833385817126626
1467.0,748.0,1591.9776624481865,0.46985583883740256,474.5,119.16666666666666,26.666666666666664,328.66666666666663,609.1483442212395,87.0,32.166666666666664,23.83333333333333,2.833333333333333,55.5,62.333333333333336,47.66666666666666,163.16666666666666,0.0,0.0,57.9815272192644,76.66681700197516
1468.0,678.0,1725.2690026778998,0.39298219520992556,32.0,0.3333333333333333,0.0,31.666666666666664,135.0091314612592,0.3333333333333333,0.0,0.0,0.0,8.0,0.1666666666666666,0.0,23.5,0.0,0.0,33.67566683348747,69.3334646277717
1469.0,280.0,533.3202253843334,0.5250129034544302,1766.5,81.33333333333334,762.5,922.6666666666669,1892.5137292201816,62.833333333333336,18.5,180.83333333333331,581.6666666666666,53.5,74.33333333333333,244.83333333333331,550.0,0.0,0.0,97.01366013334336,29.000069086838234
1470.0,0.0,0.0,0.0,581.0,42.33333333333333,99.0,439.6666666666666,608.5570145758943,31.33333333333333,11.0,49.16666666666666,49.833333333333336,60.833333333333336,193.83333333333331,10.333333333333334,174.66666666666666,0.0,0.0,27.55701457589433,0.0
1471.0,121.83333333333331,323.4813444774258,0.37663171435790627,643.5000000000001,31.666666666666668,64.66666666666667,547.1666666666667,692.2897979020088,28.0,3.6666666666666665,29.166666666666668,35.5,11.5,493.6666666666667,5.166666666666667,36.833333333333336,0.0,0.0,36.28980949033594,12.499988411672785
1472.0,241.83333333333331,565.4615135478435,0.42767425817543614,403.33333333333337,32.0,133.83333333333334,237.5,458.4359162017539,24.83333333333333,7.166666666666667,33.166666666666664,100.66666666666669,66.83333333333333,22.166666666666668,9.833333333333334,138.66666666666666,0.0,0.0,30.60251623637208,24.500066632048554
1473.0,274.1666666666667,713.4480246032257,0.384284008381887,246.3333333333333,40.0,69.5,136.83333333333331,299.2400766613494,27.166666666666668,12.833333333333334,16.0,53.5,24.33333333333333,25.5,17.166666666666668,69.83333333333333,0.0,0.0,24.740071408457265,28.16667191955881
1474.0,266.3333333333333,596.1441742499563,0.4467599363332247,1005.0,164.66666666666666,121.5,718.8333333333333,1092.2998153667568,119.83333333333331,44.833333333333336,17.833333333333332,103.66666666666669,224.5,83.83333333333333,55.16666666666666,355.3333333333333,0.0,0.0,60.29975104452794,27.0000643222287
1475.0,323.0,825.0319043111394,0.39150001146887636,505.1666666666666,64.16666666666667,40.16666666666667,400.8333333333333,602.5635079645853,45.833333333333336,18.33333333333333,18.166666666666668,22.0,102.0,75.83333333333333,63.16666666666666,159.83333333333334,0.0,0.0,64.2300605328101,33.166780765108506
1476.0,584.5,1567.74968886652,0.3728273742618902,644.1666666666667,87.66666666666666,13.833333333333334,542.6666666666667,762.2981983025529,51.16666666666666,36.5,11.833333333333334,2.0,104.16666666666669,225.0,65.5,148.0,0.0,0.0,58.2980624562644,59.83346917962194
1477.0,421.6666666666667,861.2634987915244,0.4895907782674236,401.00000000000006,70.83333333333334,41.33333333333333,288.83333333333337,483.0197276540297,53.833333333333336,17.0,24.0,17.333333333333332,36.833333333333336,33.0,22.0,197.0,0.0,0.0,39.01962521492468,43.00010243910497
1478.0,574.3333333333334,1275.5890606260143,0.4502494973196703,335.0,83.16666666666667,5.666666666666666,246.16666666666669,437.130572629622,70.5,12.666666666666666,1.3333333333333333,4.333333333333333,31.166666666666668,34.833333333333336,15.333333333333334,164.83333333333334,0.0,0.0,43.13043207364071,59.00014055598123
1479.0,121.16666666666669,286.6068846084436,0.42276258238598174,5173.0,259.5,303.3333333333333,4610.166666666667,5436.103807781718,168.83333333333334,90.66666666666669,17.5,285.8333333333333,523.1666666666666,2937.333333333333,156.5,993.1666666666666,0.0,0.0,251.1037791940601,12.0000285876572
1480.0,0.0,0.0,0.0,1714.0000000000002,48.16666666666666,1249.8333333333337,416.0,1795.2955645147726,44.5,3.6666666666666665,898.8333333333334,351.0,22.5,7.0,7.5,379.0,0.0,0.0,81.2955645147726,0.0
1481.0,260.3333333333333,524.630380300281,0.49622237504493577,910.1666666666669,171.66666666666669,323.3333333333333,415.1666666666667,992.4986321563664,143.83333333333334,27.83333333333333,214.66666666666663,108.66666666666669,65.83333333333333,72.16666666666667,27.33333333333333,249.83333333333331,0.0,0.0,55.49867423160495,26.83329125809489
1482.0,240.66666666666663,494.5960065364711,0.48659241782398027,475.6666666666666,118.0,74.33333333333334,283.3333333333333,534.5092464437247,107.0,11.0,22.0,52.333333333333336,83.5,13.333333333333334,18.33333333333333,168.16666666666666,0.0,0.0,34.00929089657245,24.83328888048558
1483.0,288.3333333333333,552.5512830050872,0.5218218511143675,340.1666666666667,60.83333333333333,14.666666666666668,264.6666666666667,399.4782539396068,30.33333333333333,30.5,4.166666666666667,10.5,42.5,24.666666666666668,93.33333333333331,104.16666666666669,0.0,0.0,29.81147089947916,29.50011637346095
1484.0,201.16666666666663,434.1045901661829,0.46340598838094865,1312.0,436.83333333333337,30.0,845.1666666666666,1420.3842742523864,263.1666666666667,173.66666666666666,17.166666666666668,12.833333333333334,93.83333333333331,95.5,68.66666666666667,587.1666666666666,0.0,0.0,87.7176119254811,20.66666232690519
1485.0,917.1666666666666,1955.8830716241253,0.46892714598990326,426.6666666666666,124.5,10.166666666666666,292.0,584.4018100320986,64.66666666666667,59.833333333333336,4.333333333333333,5.833333333333333,36.333333333333336,40.66666666666666,24.83333333333333,190.16666666666663,0.0,0.0,63.734919428783854,94.00022393664808
1486.0,830.0,1680.777279645779,0.493819145493757,140.0,23.666666666666664,84.0,32.333333333333336,271.00761065187334,11.666666666666666,12.0,0.0,84.0,12.833333333333334,0.0,4.166666666666667,15.333333333333334,0.0,0.0,46.00740815596816,85.00020249590517
1487.0,430.0,896.7196242909631,0.4795255823022735,103.0,7.5,4.666666666666667,90.83333333333331,172.28046414834893,4.666666666666667,2.833333333333333,0.8333333333333334,3.8333333333333335,11.0,17.333333333333332,32.0,30.5,0.0,0.0,25.2803593269392,44.000104821409735
1488.0,1167.0,2666.974607369012,0.4375744698789064,51.0,0.1666666666666666,0.1666666666666666,50.66666666666666,228.27037026051917,0.0,0.1666666666666666,0.0,0.1666666666666666,0.0,50.66666666666666,0.0,0.0,0.0,0.0,57.77012694223631,119.5002433182828
1489.0,452.1666666666667,1055.1626823411675,0.4285279172908305,645.3333333333333,65.16666666666667,145.16666666666666,435.0,743.8808965130556,41.333333333333336,23.83333333333333,61.833333333333336,83.33333333333333,135.16666666666666,79.33333333333333,85.16666666666667,135.33333333333334,0.0,0.0,52.047368494357386,46.500194685364896
1490.0,0.0,0.0,0.0,21.000000000000004,0.1666666666666666,20.666666666666668,0.1666666666666666,21.99603667141787,0.1666666666666666,0.0,20.666666666666668,0.0,0.0,0.0,0.0,0.1666666666666666,0.0,0.0,0.9960366714178672,0.0
1491.0,228.5,641.9967517286913,0.3559208039366598,1190.0,164.0,263.0,763.0,1280.886072838454,113.83333333333331,50.16666666666666,106.66666666666669,156.33333333333334,170.66666666666666,169.5,52.16666666666666,370.6666666666667,0.0,0.0,67.38606292609062,23.50000991236331
1492.0,592.3333337894609,1125.2458188199653,0.5264034968027123,109.16666675073067,12.166666676035634,5.166666670645269,91.83333340404975,202.95193158704012,9.333333340520486,2.833333335515147,2.833333335515147,2.333333335130121,19.833333348606025,21.166666682966103,5.166666670645269,45.66666670183237,0.0,0.0,33.28508402067483,60.5001808156346
1493.0,643.8333333333334,1505.2691473834425,0.42771974331134516,1002.6666666666669,58.66666666666667,323.0,621.0,1146.8973362741167,39.333333333333336,19.33333333333333,257.5,65.5,189.0,204.66666666666663,33.833333333333336,193.5,0.0,0.0,78.06388352105638,66.16678608639363
1494.0,564.0,1401.171052474079,0.4025204481666479,705.0,100.66666666666666,40.833333333333336,563.5,823.4745697850936,66.0,34.666666666666664,24.666666666666668,16.166666666666668,167.66666666666666,85.5,65.83333333333333,244.5,0.0,0.0,60.47484764135121,57.999722143742495
1495.0,785.0,1699.9437884084546,0.46177997493372636,422.5,96.0,17.5,309.0,560.122650492139,78.83333333333333,17.166666666666668,11.0,6.5,84.66666666666667,34.166666666666664,37.333333333333336,152.83333333333334,0.0,0.0,57.122190489425,80.50046000271398
1496.0,417.3333333333333,886.9496729404505,0.4705265090743801,418.00000000000006,13.166666666666668,10.0,394.83333333333337,503.6207719908903,8.0,5.166666666666667,6.333333333333333,3.6666666666666665,69.33333333333333,193.33333333333331,64.16666666666667,68.0,0.0,0.0,42.620669551785305,43.00010243910497
1497.0,343.8333333333333,749.294680725039,0.458875983212146,654.9999999999999,4.833333333333334,5.333333333333334,644.8333333333333,737.3751218698113,4.166666666666667,0.6666666666666666,0.6666666666666666,4.666666666666667,220.66666666666663,77.66666666666667,317.3333333333333,29.166666666666668,0.0,0.0,47.375038489144565,35.00008338066684
1498.0,276.8333333333333,579.7703893388895,0.4774878786910894,10.0,9.833333333333334,0.0,0.1666666666666666,51.7718628138535,9.833333333333334,0.0,0.0,0.0,0.0,0.0,0.0,0.1666666666666666,0.0,0.0,13.605169619241288,28.16669319461221
1499.0,508.5,1166.4377039953265,0.4359426982326331,159.0,13.333333333333334,2.5,143.16666666666666,242.66103470417715,4.0,9.333333333333334,0.1666666666666666,2.333333333333333,40.5,77.66666666666667,1.3333333333333333,23.666666666666668,0.0,0.0,31.66091082432924,52.00012387984787
1500.0,392.8333333333333,898.4859724905333,0.43721699098365424,0.0,0.0,0.0,0.0,58.96684319983038,0.0,0.0,0.0,0.0,0.0,0.0,0.0,0.0,0.0,0.0,18.63337201628544,40.33347118354494
1501.0,573.0,1234.554705448464,0.46413496094679113,256.0,2.333333333333333,3.166666666666667,250.5,354.15472263836625,1.1666666666666667,1.1666666666666667,1.1666666666666667,2.0,17.833333333333332,150.83333333333334,4.166666666666667,77.66666666666667,0.0,0.0,39.32128421507528,58.83343842329102
1502.0,737.5,1790.464780710455,0.41190422059425297,275.0,92.66666666666666,6.833333333333334,175.5,398.35704415319424,37.5,55.16666666666666,1.1666666666666667,5.666666666666667,18.5,55.66666666666666,14.333333333333334,87.0,0.0,0.0,48.02353214639988,75.33351200679434
1503.0,529.0,1220.4467621670651,0.4334478294331252,2175.333333333333,825.1666666666666,43.66666666666667,1306.5,2357.6995947208165,643.5,181.66666666666663,24.666666666666668,19.0,176.0,149.5,96.0,885.0,0.0,0.0,128.19945898436208,54.16680240312146
1504.0,1090.6666666666667,2208.567698316156,0.4938343830248929,57.0,0.0,0.0,57.0,234.26779992156992,0.0,0.0,0.0,0.0,0.0,53.0,4.0,0.0,0.0,0.0,65.43423523612626,111.83356468544366
1505.0,411.1666666666667,889.2645183512026,0.46236711145185055,141.0,11.166666666666668,4.5,125.33333333333331,209.189536825501,7.166666666666667,4.0,0.8333333333333334,3.6666666666666665,24.666666666666668,64.83333333333333,4.833333333333333,31.0,0.0,0.0,26.189436768700805,42.0001000568002
1506.0,371.8333333333333,678.3071579761228,0.5481784011284491,557.3333333333334,69.16666666666666,36.333333333333336,451.83333333333337,639.4013375301696,57.66666666666666,11.5,14.166666666666666,22.166666666666668,188.5,59.66666666666666,19.83333333333333,183.83333333333331,0.0,0.0,44.067913669255006,38.000090527581136
1507.0,1573.8333333333333,3951.793484256636,0.39825799085991054,407.6666666666666,54.83333333333333,19.83333333333333,333.0,662.8143521890256,30.83333333333333,24.0,6.833333333333333,13.0,71.5,65.33333333333333,50.5,145.66666666666666,0.0,0.0,93.98062584849418,161.16705967386474
1508.0,558.6666666666666,1236.4686105889268,0.451824382667163,204.0,33.333333333333336,3.666666666666667,167.0,297.1737271791379,30.666666666666668,2.6666666666666665,1.3333333333333333,2.333333333333333,20.0,80.66666666666667,29.33333333333333,37.0,0.0,0.0,36.173591387766216,57.0001357913717
1509.0,461.5,928.184356378088,0.4972072593432203,4.0,1.0,0.0,3.0,73.07792052630077,1.0,0.0,0.0,0.0,2.0,0.0,0.0,1.0,0.0,0.0,22.07780855797674,47.00011196832404
1510.0,389.1666666666667,744.5381723675414,0.5226953850185595,187.0,23.0,7.666666666666667,156.33333333333331,254.32706465318967,10.166666666666666,12.833333333333334,1.6666666666666667,6.0,31.5,28.666666666666668,31.33333333333333,64.83333333333333,0.0,0.0,27.326969360999044,40.000095292190665
1511.0,507.3333333333333,1177.1095166247203,0.43099926231849384,276.83333333333337,67.16666666666667,10.5,199.16666666666669,366.19275047075735,52.333333333333336,14.833333333333334,3.6666666666666665,6.833333333333333,38.833333333333336,27.83333333333333,14.333333333333334,118.16666666666669,0.0,0.0,37.19266676749737,52.16675036992661
1512.0,519.6666666666666,1194.5326941571177,0.4350376253480045,139.00000000000003,6.666666666666666,3.166666666666667,129.16666666666669,226.4082770215868,3.1666666666666665,3.5,0.3333333333333333,2.833333333333333,18.666666666666668,22.166666666666668,19.666666666666668,68.66666666666667,0.0,0.0,34.24152426935539,53.16675275223138
1513.0,742.3333333333334,1340.9574909870832,0.553584538154822,335.0,97.33333333333334,47.5,190.16666666666669,462.0979032124876,89.66666666666667,7.666666666666667,11.666666666666666,35.833333333333336,38.333333333333336,33.666666666666664,14.5,103.66666666666669,0.0,0.0,51.09772215732526,76.00018105516227
1514.0,379.1666666666667,853.9749490060523,0.44400209526986895,368.0,39.66666666666666,24.833333333333336,303.5,442.4378698173056,28.0,11.666666666666666,12.0,12.833333333333334,58.333333333333336,61.16666666666666,28.33333333333333,155.66666666666666,0.0,0.0,35.437776907419725,39.0000929098859
1515.0,556.0,1300.720539002207,0.42745538594055876,78.0,13.0,1.0,64.0,164.90798509850012,7.666666666666667,5.333333333333333,0.5,0.5,6.5,20.166666666666668,4.0,33.333333333333336,0.0,0.0,30.07447579720717,56.83350930129296
1516.0,612.5,1546.6917479612855,0.39600650925263176,637.0,150.33333333333334,38.833333333333336,447.83333333333337,759.2645223247953,142.33333333333334,8.0,23.666666666666668,15.166666666666666,36.16666666666666,55.833333333333336,141.83333333333334,214.0,0.0,0.0,59.26437223959496,63.000150085200296
1517.0,412.1666666666667,1078.9244341765457,0.3820162502680177,278.0,18.0,10.333333333333332,249.66666666666669,352.73511413507856,12.333333333333334,5.666666666666667,4.333333333333333,6.0,48.66666666666666,52.66666666666666,31.666666666666668,116.66666666666669,0.0,0.0,32.73501407827839,42.0001000568002
1518.0,323.0,791.1533261833248,0.4082647311339938,0.0,0.0,0.0,0.0,48.32006099140855,0.0,0.0,0.0,0.0,0.0,0.0,0.0,0.0,0.0,0.0,15.319982375351248,33.0000786160573
1519.0,746.3333333333334,2080.73403287499,0.3586875215868461,954.0,117.83333333333334,37.33333333333333,798.8333333333334,1110.977704561334,46.333333333333336,71.5,10.0,27.33333333333333,108.5,342.6666666666667,107.0,240.66666666666663,0.0,0.0,80.64416179820887,76.33354276312527
1520.0,644.0,1586.1459537667454,0.4060155993026005,347.6666666666667,75.5,13.666666666666668,258.5,465.8054385289996,65.5,10.0,7.5,6.166666666666667,52.5,30.5,34.666666666666664,140.83333333333334,0.0,0.0,52.305321466832815,65.83345039550012
1521.0,885.3333333333334,2370.182552468063,0.37352959687068776,664.0,71.5,59.833333333333336,532.6666666666666,828.3183393834538,28.0,43.5,7.333333333333333,52.5,91.5,136.66666666666666,111.66666666666669,192.83333333333331,0.0,0.0,73.48478689652168,90.8335524869321
1522.0,489.5,843.9864584099387,0.5799856089186699,1372.0,94.83333333333331,67.33333333333334,1209.8333333333333,1510.2912154611297,66.33333333333333,28.5,21.0,46.333333333333336,200.16666666666663,238.16666666666663,315.1666666666667,456.3333333333333,0.0,0.0,88.2910963458915,50.000119115238334
1523.0,505.1666666666667,1051.4045424207563,0.480468408005514,818.3333333333334,145.0,31.5,641.8333333333334,932.9561952540948,64.5,80.5,19.666666666666668,11.833333333333334,193.83333333333331,96.33333333333331,88.16666666666667,263.5,0.0,0.0,62.7894401736038,51.83342174715765
1524.0,292.0,637.803624672748,0.4578211673692242,1611.5000000000002,104.5,40.5,1466.5000000000002,1731.783369428605,61.833333333333336,42.66666666666666,18.5,22.0,165.33333333333334,244.66666666666663,785.8333333333334,270.6666666666667,0.0,0.0,90.2832979594618,30.000071469143
1525.0,800.6666666666666,1719.7664716567908,0.46556708707974714,1453.0000000000002,133.5,74.16666666666667,1245.3333333333337,1648.9122039644117,92.66666666666669,40.833333333333336,17.166666666666668,57.0,205.16666666666663,372.1666666666667,263.3333333333333,404.6666666666667,0.0,0.0,113.91200861542067,82.00019534899087
1526.0,476.0,1313.618800975193,0.36235778571883354,189.83333333333331,38.0,1.3333333333333333,150.5,270.2471867220565,8.333333333333334,29.666666666666668,1.0,0.3333333333333333,16.333333333333332,78.66666666666667,3.5,52.0,0.0,0.0,31.580400958591213,48.83345243013191
1527.0,374.8333333333333,924.9483471659388,0.40524785463083485,0.0,0.0,0.0,0.0,55.94541455465976,0.0,0.0,0.0,0.0,0.0,0.0,0.0,0.0,0.0,0.0,17.77862189438842,38.16679266027135
1528.0,532.5,1447.6482619852102,0.3678379714073392,198.0,7.333333333333334,4.666666666666667,186.0,287.3135489041367,5.166666666666667,2.1666666666666665,0.5,4.166666666666667,29.33333333333333,21.5,13.0,122.16666666666669,0.0,0.0,34.64675121131143,54.66679769282533
1529.0,660.3333333333334,1595.6663976829925,0.4138291902945244,83.0,6.166666666666666,1.8333333333333333,75.0,185.75989878050515,4.833333333333333,1.3333333333333333,0.0,1.8333333333333333,30.33333333333333,8.5,6.5,29.666666666666668,0.0,0.0,35.259703699458704,67.50019508104641
1530.0,953.5,2418.855127471937,0.3941947531998533,533.0,0.5,0.1666666666666666,532.3333333333334,701.5048048266655,0.1666666666666666,0.3333333333333333,0.1666666666666666,0.0,0.5,531.0,0.0,0.8333333333333334,0.0,0.0,70.50465173093866,98.0001530957268
1531.0,1850.6666823178132,3961.0832833937097,0.4672122623819791,1027.0000086853713,403.50000341241224,39.50000033405274,584.0000049389064,1361.0990016016763,199.5000016871778,204.00000172523443,22.83333352643555,16.666666807617194,102.66666753492193,87.83333407614259,55.000000465136736,338.5000028627052,0.0,0.0,144.26500207499285,189.83399084131187
1532.0,654.3333333333334,1289.9065259433971,0.5072718992988848,854.0,133.83333333333334,232.66666666666669,487.5,992.539604277748,99.0,34.833333333333336,66.33333333333333,166.33333333333334,115.0,49.0,37.333333333333336,286.1666666666667,0.0,0.0,71.53944466332872,67.00015961441936
1533.0,0.0,0.0,0.0,428.0,21.5,308.0,98.5,448.3001759698499,17.833333333333332,3.6666666666666665,150.66666666666666,157.33333333333334,21.0,13.0,4.5,60.0,0.0,0.0,20.300175969849867,0.0
1534.0,1622.0,4025.52386930389,0.40292892370316086,1404.0,216.8333333333333,89.66666666666667,1097.5,1713.814666678352,142.5,74.33333333333333,60.333333333333336,29.33333333333333,300.8333333333333,132.0,135.33333333333334,529.3333333333334,0.0,0.0,143.48176058795704,166.33290609039503
1535.0,1023.1666666666666,2396.051161766383,0.4270220448516559,273.8333333333333,46.16666666666666,21.833333333333336,205.8333333333333,440.0805495978213,30.5,15.666666666666666,11.0,10.833333333333334,57.833333333333336,27.83333333333333,27.33333333333333,92.83333333333331,0.0,0.0,61.58034673486456,104.66686952962333
1536.0,985.0,2374.5275021855177,0.41481936894536064,735.0,69.0,123.66666666666669,542.3333333333334,917.4650673685716,53.833333333333336,15.166666666666666,47.5,76.16666666666667,115.66666666666669,103.0,32.0,291.6666666666667,0.0,0.0,81.631327999912,100.8337393686598
1537.0,587.1666666666666,1191.8286773006878,0.4926602940923611,189.8333333333333,8.5,9.666666666666668,171.66666666666666,286.68620556408155,7.166666666666667,1.3333333333333333,3.5,6.166666666666667,14.666666666666666,33.5,26.0,97.5,0.0,0.0,36.85272929246218,60.000142938286
1538.0,968.8333333333334,1970.26338471788,0.49172782727831066,417.0,54.833333333333336,32.833333333333336,329.3333333333333,581.7307310241964,44.833333333333336,10.0,2.6666666666666665,30.166666666666668,38.16666666666666,45.0,123.33333333333331,122.83333333333331,0.0,0.0,65.73049517602455,99.0002358481719
1539.0,775.1666666666666,1546.2596216740906,0.5013172793242936,1019.0,259.5,36.333333333333336,723.1666666666666,1185.1245502559632,258.5,1.0,16.666666666666668,19.666666666666668,82.83333333333333,107.5,222.33333333333331,310.5,0.0,1.8596292091496585,85.09806854193532,79.16685250487822
1540.0,579.3333333333334,1085.0101502155903,0.5339427776027906,742.0,33.833333333333336,91.66666666666666,616.5,865.5306024329284,25.166666666666668,8.666666666666666,52.0,39.66666666666666,105.16666666666669,81.16666666666667,280.3333333333333,149.83333333333334,0.0,1.8596292091496585,62.67083266779736,59.00014055598123
1541.0,622.0,1105.409060243127,0.5626876261202305,592.0,276.8333333333333,14.0,301.16666666666663,713.4132336127194,238.66666666666663,38.16666666666666,2.5,11.5,81.66666666666667,38.333333333333336,23.0,158.16666666666666,0.0,0.0,57.57974544801598,63.83348816470342
1542.0,296.3333333333333,553.1743786215205,0.5356960567692585,3331.5000000000005,55.0,11.833333333333334,3264.666666666667,3533.56957991373,30.666666666666668,24.33333333333333,7.166666666666667,4.666666666666667,391.8333333333333,2274.333333333333,127.0,471.5,0.0,0.0,172.06950844458677,30.000071469143
1543.0,393.1666666666667,713.5334983413269,0.5510136070424418,327.0,46.0,10.666666666666668,270.3333333333333,404.334141815549,14.0,32.0,1.8333333333333333,8.833333333333334,46.5,51.0,58.5,114.33333333333331,3.009011034484632,0.0,34.158375913600906,40.166754867463446
1544.0,460.6666666666667,919.4639945095842,0.5010165372624222,181.0,17.833333333333332,11.333333333333332,151.83333333333334,258.6002968918013,15.5,2.333333333333333,0.6666666666666666,10.666666666666666,48.5,26.666666666666668,13.833333333333334,62.833333333333336,0.0,0.0,30.43352534820454,47.166771543596816
1545.0,291.6666666666667,592.299005959094,0.4924314640615995,3756.0,481.83333333333337,155.33333333333334,3118.833333333333,3977.64925326954,277.1666666666667,204.66666666666663,123.0,32.333333333333336,867.5,797.0,548.0,906.3333333333334,0.0,0.0,191.982560055884,29.666693213655478
1546.0,384.0,842.2325591026529,0.45593107966418256,2.0,0.0,0.0,2.0,59.307837533661925,0.0,0.0,0.0,0.0,0.0,0.0,0.0,2.0,0.0,0.0,18.30774462377602,39.0000929098859
1547.0,347.6666666666667,704.2406862585631,0.49367591712674824,283.5,51.16666666666666,26.333333333333336,206.0,348.93353444536626,17.0,34.166666666666664,22.166666666666668,4.166666666666667,26.0,32.166666666666664,77.66666666666667,70.16666666666667,0.0,0.0,29.933474693159344,35.50005975220695
1548.0,785.1666666666666,1617.7606222055929,0.48534168522176074,986.6666666666669,96.0,85.83333333333333,804.8333333333334,1151.0611775580323,49.16666666666666,46.833333333333336,7.0,78.83333333333333,215.33333333333331,65.33333333333333,205.0,319.1666666666667,0.0,0.0,84.06103424163281,80.33347664973286
1549.0,1416.1666666666667,2589.3505830439303,0.5469196314860854,2367.666666666667,558.0,97.83333333333331,1711.8333333333337,2692.3491769308957,485.6666666666667,72.33333333333333,11.833333333333334,86.0,393.6666666666667,329.3333333333333,253.5,735.3333333333334,0.0,0.0,179.5155052547647,145.16700500946396
1550.0,154.83333333333334,299.5892425244892,0.5168187349740265,13.0,1.0,0.3333333333333333,11.666666666666666,36.96043936087023,0.8333333333333334,0.1666666666666666,0.1666666666666666,0.1666666666666666,0.5,2.833333333333333,6.833333333333333,1.5,0.0,0.0,7.960401243993957,16.000038116876265
1551.0,914.0,1952.6897283534024,0.46807231416674,944.8333333333331,63.0,21.5,860.3333333333333,1127.8033962619656,42.333333333333336,20.666666666666668,2.6666666666666665,18.83333333333333,190.0,66.83333333333333,302.6666666666667,300.8333333333333,1.0030036781615437,0.0,88.13349961662446,93.8335596338464
1552.0,724.1666666666666,1694.7230144868984,0.42730679909124764,3.0,0.0,0.0,3.0,111.49050295678634,0.0,0.0,0.0,0.0,0.0,0.0,3.0,0.0,0.0,0.0,34.490326666233614,74.00017629055273
1553.0,493.5,1094.2928041458265,0.4509761904038215,466.0,20.5,38.0,407.5,562.1766611677806,14.833333333333334,5.666666666666667,27.166666666666668,10.833333333333334,79.0,59.0,105.83333333333331,163.66666666666666,0.0,0.0,45.509906105729385,50.66675506205123
1554.0,1142.1666818238386,2427.9791681129964,0.470418649724874,225.0000029858722,0.0,0.0,225.0000029858722,406.8477015141922,0.0,0.0,0.0,0.0,0.1666666688784238,224.33333631035848,0.0,0.5000000066352716,0.0,0.0,64.84741824600508,117.00028028231493
1555.0,814.0000066510225,1757.7205792887971,0.46309977606359964,358.0000029251426,1.1666666761992543,32.33333359752219,324.50000265142114,496.92253646443874,1.1666666761992543,0.0,23.666666860042017,8.666666737480174,128.83333438600337,6.666666721138596,115.50000094372618,73.50000060055302,0.0,0.0,55.588994701500795,83.33353883779537
1556.0,262.0,505.889928122577,0.5178992216198411,76.0,4.166666666666667,13.0,58.83333333333333,119.0315117002877,2.833333333333333,1.3333333333333333,0.1666666666666666,12.833333333333334,14.833333333333334,5.666666666666667,6.833333333333333,31.5,0.0,0.0,16.031447378059006,27.0000643222287
1557.0,903.1666666666666,2275.4502936991603,0.39691777454668287,1286.3333333333337,167.5,117.83333333333334,1001.0,1482.3295849918748,108.33333333333331,59.16666666666666,72.66666666666667,45.16666666666666,298.3333333333333,165.83333333333334,127.33333333333331,409.5,0.0,0.0,103.66274642115124,92.33350523739006
1558.0,241.0,524.945642550882,0.4590951528407826,4329.5,592.1666666666666,515.5,3221.833333333333,4596.652693789609,387.3333333333333,204.83333333333331,317.5,198.0,818.8333333333334,661.3333333333334,458.6666666666667,1283.0,0.0,0.0,242.1526342319896,25.000059557619167
1559.0,1019.0,2600.79551735226,0.3918031975990919,133.0,0.6666666666666666,0.0,132.33333333333334,291.80663330989154,0.3333333333333333,0.3333333333333333,0.0,0.0,0.0,131.66666666666666,0.3333333333333333,0.3333333333333333,0.0,0.0,54.63972597492301,104.16690733496851
1560.0,964.1666666666666,2344.1896940786696,0.41130061662761913,85.00000000000001,0.1666666666666666,0.0,84.83333333333334,233.76234474383915,0.1666666666666666,0.0,0.0,0.0,0.0,84.66666666666667,0.0,0.1666666666666666,0.0,0.0,49.76210889566724,99.0002358481719
1561.0,420.0,938.3923450050884,0.4475739835641163,405.83333333333337,37.333333333333336,10.166666666666666,358.33333333333337,488.005644220591,24.166666666666668,13.166666666666666,3.333333333333333,6.833333333333333,31.166666666666668,243.83333333333331,18.166666666666668,65.16666666666667,0.0,0.0,39.1722084481527,43.00010243910497
1562.0,812.1666666666666,3300.09380488352,0.2461041154238744,651.1666666666667,57.5,18.83333333333333,574.8333333333334,808.593881335952,37.333333333333336,20.166666666666668,15.166666666666666,3.6666666666666665,90.5,261.5,31.666666666666668,191.16666666666663,5.349170278516435,0.0,69.07774514503693,83.00029924573182
1563.0,897.0,2230.309973717185,0.4021862479075046,487.0,115.16666666666666,20.33333333333333,351.5,644.6437788502448,56.66666666666666,58.5,2.0,18.33333333333333,86.66666666666667,55.66666666666666,9.166666666666666,200.0,0.0,0.0,65.6435596782061,92.00021917203854
1564.0,639.1666666666666,1758.367817486008,0.3634999801011501,179.00000000000003,7.0,37.833333333333336,134.16666666666669,283.1393659203263,5.0,2.0,0.3333333333333333,37.5,12.5,75.16666666666667,2.6666666666666665,43.833333333333336,0.0,0.0,38.80592500516496,65.33344091516136
1565.0,657.0,1599.0093253104608,0.4108794048917995,0.0,0.0,0.0,0.0,98.16187833449264,0.0,0.0,0.0,0.0,0.0,0.0,0.0,0.0,0.0,0.0,31.16171872007328,67.00015961441936
1566.0,368.00000005724576,977.284895548931,0.37655345102877485,385.8333333933532,32.166666671670484,1.166666666848152,352.5000000548346,459.58795833052295,4.333333334007422,27.833333337663056,0.6666666667703727,0.5000000000777796,8.166666667937065,314.3333333822307,4.833333334085202,25.166666670581574,0.0,0.0,35.75453440367735,38.0000905334924
1567.0,484.3333333333333,1287.5146137969534,0.37617695996863826,183.3333333333333,32.0,13.833333333333332,137.5,265.002405441575,7.5,24.5,3.1666666666666665,10.666666666666666,16.166666666666668,76.66666666666667,5.5,39.16666666666666,0.0,0.0,31.66895299300332,50.000119115238334
1568.0,426.6666666666667,1014.1069504518218,0.42073142924084195,1498.833333333333,207.8333333333333,90.33333333333334,1200.6666666666663,1634.511628404364,127.83333333333331,80.0,53.0,37.333333333333336,312.3333333333333,221.33333333333331,152.16666666666666,514.8333333333334,0.0,0.0,91.67864877494964,43.99964629608093
1569.0,434.1666666666667,1037.3418370439583,0.4185377000737593,895.1666666666667,153.0,41.0,701.1666666666667,1002.5489850532396,92.0,61.0,29.5,11.5,183.5,94.66666666666669,81.16666666666667,341.8333333333333,0.0,0.0,63.04887307975452,44.33344530681839
1570.0,496.9999999665518,1701.411397716429,0.2921104211677474,860.8333332753992,165.33333332220639,30.83333333125825,664.6666666219346,976.2361205410707,112.49999999242873,52.833333329777645,5.1666666663189496,25.666666664939296,49.3333333300132,100.99999999320268,21.166666665242147,493.1666666334765,0.0,0.0,64.40266577156068,51.00012149411078
1571.0,832.9999998452802,2436.4577457171436,0.3418897788437107,98.99999998161194,3.333333332714206,21.499999996006633,74.16666665289108,228.20525853739744,3.166666666078496,0.16666666663571025,4.499999999164179,16.99999999684245,1.1666666664499723,53.166666656791584,1.8333333329928134,17.999999996656715,0.0,0.0,44.20505607566812,85.0002024801174
1572.0,442.0,1187.811189001933,0.3721130126509363,0.0,0.0,0.0,0.0,65.96430762117627,0.0,0.0,0.0,0.0,0.0,0.0,0.0,0.0,0.0,0.0,20.96420041746178,45.0001072037145
1573.0,494.3333333333333,1104.3957257164077,0.447605257628705,4366.666666666667,282.5,170.16666666666669,3914.000000000001,4647.845421452885,200.33333333333331,82.16666666666667,57.0,113.16666666666669,713.0,1990.6666666666667,215.0,995.3333333333334,0.0,0.0,230.51197608491304,50.66677870130491
1574.0,282.0,665.3021479984587,0.4238675628034396,0.0,0.0,0.0,0.0,42.37541867444959,0.0,0.0,0.0,0.0,0.0,0.0,0.0,0.0,0.0,0.0,13.37534958761136,29.000069086838234
1575.0,457.6666666666667,1086.0557665965064,0.42140254740408734,1072.3333333333333,281.5,36.833333333333336,754.0,1191.902985356561,186.5,95.0,12.166666666666666,24.666666666666668,110.0,149.16666666666666,90.83333333333331,404.0,0.0,0.0,72.56954005490344,47.00011196832404
1576.0,618.5,1376.056846310007,0.44947271012716605,67.0,0.0,0.0,67.0,163.015772461522,0.0,0.0,0.0,0.0,0.1666666666666666,66.16666666666667,0.3333333333333333,0.3333333333333333,0.0,0.0,32.515598719835275,63.50017374168672
1577.0,1761.0,3391.45391695658,0.5192463300755342,4239.333333333333,557.0,884.5,2797.833333333333,4704.265045873727,479.6666666666667,77.33333333333333,656.5,228.0,1355.3333333333333,331.0,184.5,927.0,0.0,0.0,284.59799766018483,180.33371488020956
1578.0,624.0,1153.6416122064409,0.5408958843002769,503.0,55.833333333333336,40.0,407.1666666666666,620.4541205002639,37.833333333333336,18.0,4.333333333333333,35.666666666666664,96.33333333333331,79.0,28.83333333333333,203.0,0.0,0.0,53.45396803275887,64.00015246750506
1579.0,332.8333333333333,785.0155986932594,0.4239830824857101,0.0,0.0,0.0,0.0,49.7859956187842,0.0,0.0,0.0,0.0,0.0,0.0,0.0,0.0,0.0,0.0,15.785914620422131,34.000080998362066
1580.0,191.66666666666663,531.7810125554843,0.36042405076783135,2015.3333333333333,30.666666666666664,17.833333333333332,1966.8333333333333,2139.6767038412186,20.0,10.666666666666666,7.166666666666667,10.666666666666666,41.5,1842.3333333333333,31.33333333333333,51.66666666666666,0.0,0.0,104.6766892972817,19.666681210603464
1581.0,828.8333333333334,2065.9535703519937,0.4011868152448935,410.83333333333337,127.83333333333334,29.666666666666664,253.33333333333331,554.6417215026736,40.333333333333336,87.5,7.333333333333333,22.33333333333333,36.5,133.0,9.833333333333334,74.0,0.0,0.0,58.80818567343509,85.00020249590517
1582.0,2426.0,6173.2366820866655,0.3929867142531085,139.0,35.166666666666664,6.333333333333334,97.5,509.15931550163725,22.83333333333333,12.333333333333334,2.333333333333333,4.0,21.5,7.666666666666667,8.5,59.833333333333336,0.0,0.0,121.6587648660395,248.50055063559773
1583.0,329.1666666666667,1045.2092266528516,0.31492897141826875,895.0,188.5,28.333333333333336,678.1666666666666,987.0633458035566,101.5,87.0,8.333333333333334,20.0,95.33333333333331,74.5,153.33333333333334,355.0,0.0,0.0,58.063264805194514,34.000080998362066
1584.0,223.16666666666663,734.8864873454517,0.30367501717549145,0.0,0.0,0.0,0.0,33.58472127957409,0.0,0.0,0.0,0.0,0.0,0.0,0.0,0.0,0.0,0.0,10.584666486564457,23.000054793009635
1585.0,901.0,2487.991703975508,0.36213947118887563,131.0,16.0,0.3333333333333333,114.66666666666669,275.9487677853528,7.0,9.0,0.1666666666666666,0.1666666666666666,0.3333333333333333,53.5,9.0,51.833333333333336,0.0,0.0,52.94854861331424,92.00021917203854
1586.0,328.0,732.8632152371314,0.447559644392671,344.99999999999994,39.16666666666666,13.166666666666668,292.66666666666663,410.9206848014204,29.83333333333333,9.333333333333334,7.5,5.666666666666667,41.333333333333336,34.166666666666664,72.0,145.16666666666666,0.0,0.0,31.92060380305832,34.000080998362066
1587.0,601.0,1375.2629974886734,0.437007322306692,328.99999999999994,22.166666666666664,9.166666666666668,297.66666666666663,434.4727937798862,14.666666666666666,7.5,4.166666666666667,5.0,38.333333333333336,166.16666666666666,10.166666666666666,83.0,0.0,0.0,44.13932930874992,61.33346447113633
1588.0,534.0,1163.7636308230126,0.4588560648027432,159.0,37.83333333333333,2.1666666666666665,119.0,249.8686656568082,17.5,20.33333333333333,0.1666666666666666,2.0,9.833333333333334,12.666666666666666,25.33333333333333,71.16666666666667,0.0,0.0,35.86853463004601,55.00013102676217
1589.0,1141.3333333333333,2468.876684936173,0.46228851375897684,4008.0,710.0,223.3333333333333,3074.6666666666665,4378.906375191693,414.5,295.5,128.16666666666666,95.16666666666669,713.0,596.1666666666666,443.1666666666667,1322.3333333333333,0.0,0.0,254.07248658297144,116.83388860872152
1590.0,1491.8333333333333,3528.5013560803377,0.4227951707493596,334.99999999999994,39.5,17.333333333333332,278.16666666666663,574.4672570793599,26.33333333333333,13.166666666666666,2.833333333333333,14.5,65.33333333333333,73.33333333333333,10.166666666666666,129.33333333333334,0.0,0.0,86.63359471942086,152.8336623599391
1591.0,1150.8333333333333,2783.8276877935223,0.4133996289998431,45.0,3.833333333333333,0.0,41.16666666666666,224.41355969743185,0.1666666666666666,3.6666666666666665,0.0,0.0,29.83333333333333,0.3333333333333333,2.0,9.0,0.0,1.8596292091496585,59.7203515090099,117.83357897927225
1592.0,1329.0,2383.287798302079,0.557633031540218,30.0,6.166666666666666,0.5,23.333333333333336,230.45812572949023,3.6666666666666665,2.5,0.3333333333333333,0.1666666666666666,4.166666666666667,3.8333333333333335,1.5,13.833333333333334,0.0,0.0,64.45780173604199,136.00032399344826
1593.0,281.6666666666667,677.6756872085733,0.4156363758996359,0.0,0.0,0.0,0.0,42.35947313881135,0.0,0.0,0.0,0.0,0.0,0.0,0.0,0.0,0.0,0.0,13.359404051973115,29.000069086838234
1594.0,289.8333333333333,686.2062682846623,0.4223705709623456,883.6666666666667,160.16666666666669,30.83333333333333,692.6666666666667,968.98626725686,70.16666666666667,90.0,15.166666666666666,15.666666666666666,117.5,196.0,80.0,299.1666666666667,0.0,0.0,55.653134315031785,29.666466275161373
1595.0,390.6666666666667,1033.2312497810617,0.37810186901475124,269.0,53.16666666666667,8.833333333333332,207.0,340.28794189583846,43.833333333333336,9.333333333333334,3.0,5.833333333333333,23.166666666666668,17.833333333333332,11.5,154.5,0.0,0.0,31.28784660364777,40.000095292190665
1596.0,347.0,1066.1890610121145,0.3254582256458334,43.0,33.833333333333336,0.6666666666666666,8.5,97.33120752804176,4.833333333333333,29.0,0.5,0.1666666666666666,2.1666666666666665,1.6666666666666667,1.0,3.6666666666666665,0.0,0.0,18.497823897760394,35.83338363028138
1597.0,382.0,902.92536289386,0.42306929863582154,12.0,5.166666666666667,1.8333333333333333,5.0,69.6877380680511,5.166666666666667,0.0,0.0,1.8333333333333333,0.0,0.1666666666666666,0.0,4.833333333333333,0.0,0.0,18.6876451581652,39.0000929098859
1598.0,555.5,1053.4525553253432,0.5273137334869743,707.3333333333333,61.16666666666667,20.0,626.1666666666666,824.0883706911131,41.0,20.166666666666668,8.166666666666666,11.833333333333334,78.33333333333333,398.5,29.666666666666668,119.66666666666669,0.0,0.0,59.92161550192839,56.83342185585148
1599.0,1054.0,2264.703609583667,0.4654030644627103,1385.6666666666667,231.16666666666669,69.0,1085.5,1609.4558212317872,146.5,84.66666666666667,46.333333333333336,22.666666666666668,295.5,184.33333333333331,145.66666666666666,460.0,0.0,0.0,115.78898236489162,108.00017220022892
1600.0,1583.8333333333333,3361.3105700185174,0.47119517829160545,2463.833333333333,435.33333333333337,80.66666666666666,1947.8333333333333,2818.649945639468,289.6666666666667,145.66666666666666,40.16666666666666,40.5,438.1666666666667,333.1666666666667,416.5,760.0,0.0,0.0,192.6491578257635,162.16745448037116
1601.0,1118.6666666666667,2670.05832650784,0.41896712725739105,275.83333333333337,51.16666666666667,14.5,210.16666666666669,459.4777640352269,22.5,28.666666666666668,4.666666666666667,9.833333333333334,25.166666666666668,70.0,16.333333333333332,98.66666666666669,0.0,0.0,69.14419929513457,114.500231406759
1602.0,748.0,1839.7489362167416,0.4065772156597555,104.0,0.1666666666666666,0.0,103.83333333333334,221.4108141064205,0.0,0.1666666666666666,0.0,0.0,0.1666666666666666,103.5,0.0,0.1666666666666666,0.0,0.0,40.41063066895347,77.00018343746704
1603.0,311.6666666666667,679.9690570929902,0.45835419040846775,99.0,4.833333333333333,3.833333333333333,90.33333333333331,150.4777397641985,3.1666666666666665,1.6666666666666667,0.1666666666666666,3.6666666666666665,19.166666666666668,7.333333333333333,41.66666666666666,22.166666666666668,0.0,0.0,19.47766353044595,32.00007623375253
1604.0,1216.0,2479.4277498574343,0.4904357467443523,1263.1666666666667,839.3333333333334,21.0,402.83333333333337,1505.2311502489458,400.1666666666667,439.1666666666667,14.833333333333334,6.166666666666667,85.66666666666667,41.5,39.16666666666666,236.5,0.0,0.0,117.5636515601284,124.50083202215065
1605.0,1051.8333333333333,2354.1482931212945,0.4467999473128938,1736.0000000000002,500.83333333333337,20.83333333333333,1214.3333333333337,2002.061624982008,393.1666666666667,107.66666666666669,3.5,17.333333333333332,193.16666666666663,142.83333333333334,486.6666666666667,391.6666666666667,0.0,0.0,158.22806982578356,107.83355515622458
1606.0,438.0,1185.8712813858083,0.36934868638369717,114.0,0.0,0.0,114.0,185.18164256669843,0.0,0.0,0.0,0.0,0.0,113.83333333333331,0.0,0.1666666666666666,0.0,0.0,26.18153536298394,45.0001072037145
1607.0,192.0,449.0781933509413,0.4275424699812972,377.6666666666667,35.33333333333333,59.0,283.33333333333337,424.1718213818047,24.33333333333333,11.0,35.0,24.0,38.333333333333336,118.66666666666669,41.333333333333336,85.0,0.0,0.0,27.00511181460899,19.500042900529056
1608.0,571.0,1598.5762088562683,0.3571928550147339,0.0,0.0,0.0,0.0,85.41613563805667,0.0,0.0,0.0,0.0,0.0,0.0,0.0,0.0,0.0,0.0,27.08271139902868,58.333424239028
1609.0,642.0,1273.312011075918,0.5041969245680212,154.0,6.333333333333333,3.166666666666667,144.5,257.7546901106204,4.333333333333333,2.0,0.8333333333333334,2.333333333333333,9.0,57.66666666666666,47.5,30.33333333333333,0.0,0.0,37.75453287850583,66.0001572321146
1610.0,433.0,1123.989581317074,0.3852348875802008,3.0,0.0,1.0,2.0,67.67972333275212,0.0,0.0,1.0,0.0,2.0,0.0,0.0,0.0,0.0,0.0,20.679618511342387,44.000104821409735
1611.0,576.0,1404.4774946709542,0.4101169311616113,40.0,0.0,0.0,40.0,128.21721625090532,0.0,0.0,0.0,0.0,2.0,0.0,38.0,0.0,0.0,0.0,29.217075694924105,59.00014055598123
1612.0,264.0,715.5745560774263,0.36893430287288576,831.0,12.333333333333332,6.5,812.1666666666666,912.2769692237646,8.666666666666666,3.6666666666666665,1.3333333333333333,5.166666666666667,617.6666666666666,5.333333333333333,151.0,38.16666666666666,2.3407070347471306,0.0,51.9361978667888,27.0000643222287
1613.0,599.3333333333334,1223.26929509077,0.48994390338953225,873.3333333333334,51.333333333333336,64.33333333333333,757.6666666666667,1004.850100528968,33.833333333333336,17.5,20.83333333333333,43.5,146.0,161.83333333333334,158.16666666666666,291.6666666666667,0.0,0.0,69.84997173833399,61.66679545730091
1614.0,432.8333333333333,975.8067208123138,0.44356461592416546,639.6666666666667,54.5,42.33333333333333,542.8333333333334,743.8855776024855,30.83333333333333,23.666666666666668,13.5,28.83333333333333,140.5,102.66666666666669,117.0,182.66666666666663,0.0,0.0,59.88545148174719,44.3334594540716
1615.0,21.0,53.804799448969646,0.39029975420533136,2235.0,325.5,1094.3333333333333,815.1666666666667,2345.86243067465,180.83333333333331,144.66666666666666,667.5,426.8333333333333,236.83333333333331,37.0,40.5,500.8333333333333,0.0,1.8596292091496585,107.00279670089088,2.000004764609533
1616.0,1.0,1.0,1.0,807.0,188.66666666666669,87.5,530.8333333333334,845.324360150892,109.5,79.16666666666667,31.666666666666668,55.833333333333336,185.5,68.66666666666667,38.833333333333336,237.83333333333331,0.0,0.0,38.324360150891856,0.0
1617.0,2166.333333333333,5653.068293292604,0.3832137205743117,1059.6666666666667,153.33333333333334,60.83333333333333,845.5,1434.8033753375275,99.66666666666669,53.66666666666666,26.83333333333333,34.0,163.66666666666666,93.66666666666669,75.16666666666667,513.0,0.0,0.0,153.13599995683256,222.0007087140282
1618.0,250.0,448.3622685852077,0.5575848315445159,1683.6666666666667,331.0,328.0,1024.6666666666667,1801.377535452128,245.66666666666663,85.33333333333333,148.33333333333334,179.66666666666666,131.33333333333334,127.66666666666669,94.83333333333331,670.8333333333334,0.0,0.0,91.71080684553743,26.00006193992393
1619.0,1931.6666666666667,3664.2825994212376,0.5271609419458444,218.5,20.83333333333333,19.0,178.66666666666669,518.3040645524095,13.666666666666666,7.166666666666667,3.333333333333333,15.666666666666666,35.5,37.0,8.166666666666666,98.0,0.0,0.0,101.97033043734552,197.83373411506395
1620.0,1376.6666666666667,3399.110828155413,0.40500787890277146,852.5,270.1666666666667,23.333333333333336,559.0,1099.1346527288697,199.33333333333331,70.83333333333333,9.5,13.833333333333334,107.16666666666669,49.833333333333336,43.5,358.5,0.0,0.0,105.63401665681307,141.00063607205675
1621.0,481.6666666666667,973.4137614712351,0.49482212573065226,753.1666666666667,139.83333333333334,37.833333333333336,575.5,861.0969888669463,105.5,34.333333333333336,14.333333333333334,23.5,153.0,118.0,39.5,265.0,0.0,0.0,58.59716762278556,49.33315457749399
1622.0,675.6666666666666,1678.1895533073478,0.4026164179934705,360.16666666666663,110.66666666666666,23.666666666666668,225.83333333333331,484.4597004943756,92.83333333333331,17.833333333333332,4.5,19.166666666666668,48.833333333333336,38.5,21.33333333333333,117.16666666666669,0.0,0.0,55.12626660509857,69.16676722261036
1623.0,906.8333333333334,1923.2483698420008,0.4715112970083171,290.0,44.333333333333336,10.166666666666666,235.5,439.6036481432088,24.166666666666668,20.166666666666668,6.833333333333333,3.333333333333333,47.66666666666666,56.833333333333336,34.0,97.0,0.0,0.0,56.76999870803718,92.83364943517168
1624.0,405.0,1026.888340772168,0.3943953630785802,727.0,71.83333333333333,4.833333333333333,650.3333333333334,827.0248991769997,10.333333333333334,61.5,1.1666666666666667,3.6666666666666665,229.33333333333331,6.5,206.66666666666663,207.83333333333331,0.0,0.0,58.69147762442981,41.33342155256987
1625.0,812.1666666666666,1757.7787586649538,0.4620414615110683,870.0,37.833333333333336,26.0,806.1666666666666,1032.785608150201,29.166666666666668,8.666666666666666,3.333333333333333,22.666666666666668,247.33333333333331,150.0,174.66666666666666,234.16666666666663,0.0,0.0,79.7854104189052,83.00019773129564
1626.0,1613.5,3872.0547473623337,0.4167038188442779,58.33333333333333,8.0,2.333333333333333,48.0,302.7984474301025,5.666666666666667,2.333333333333333,1.8333333333333333,0.5,17.333333333333332,8.166666666666666,5.5,17.0,0.0,0.0,79.29807562533881,165.16703847143037
1627.0,979.1666666666666,2250.7726720785663,0.4350357896261535,1155.1666666666663,186.66666666666663,122.16666666666666,846.3333333333333,1432.9905866640058,128.66666666666666,58.0,43.16666666666666,79.0,150.33333333333334,102.66666666666669,137.16666666666666,456.1666666666667,0.0,76.24479759046922,101.24560992118244,100.33351248568756
1628.0,335.8333333333333,887.0227243865578,0.3786073615707952,2000.5,270.3333333333333,85.5,1644.6666666666663,2145.8762053915234,167.5,102.83333333333331,57.16666666666666,28.33333333333333,416.5,463.0,249.33333333333331,515.8333333333334,0.0,0.0,110.8761196312338,34.50008576028934
1629.0,823.0,1950.249956467723,0.4219971892682982,1016.1666666666666,107.83333333333334,19.666666666666664,888.6666666666666,1187.3997793478077,66.5,41.333333333333336,8.0,11.666666666666666,113.5,471.3333333333333,87.0,216.83333333333331,0.0,0.0,87.2329149316738,84.00019774946715
1630.0,1093.1666666666667,2357.691484086984,0.46365975957621763,514.0,33.5,32.0,448.5,702.228622905641,22.83333333333333,10.666666666666666,3.1666666666666665,28.83333333333333,142.0,81.66666666666667,45.833333333333336,179.0,0.0,0.0,76.22835608750707,112.00026681813388
1631.0,818.1666666666666,1773.1278941916144,0.4614256362142881,260.0,10.5,6.5,243.0,395.13729155395697,7.0,3.5,0.8333333333333334,5.666666666666667,15.666666666666666,53.833333333333336,96.16666666666669,77.33333333333333,0.0,0.0,51.13709144035661,84.0002001136004
1632.0,1256.0,2695.744457067538,0.4659195335474384,1963.8333333333333,81.5,53.66666666666667,1828.6666666666663,2245.1618188891666,60.16666666666666,21.33333333333333,8.833333333333334,44.833333333333336,462.6666666666667,252.83333333333331,478.0,635.1666666666666,0.0,0.0,152.66185669039638,128.6666288654368
1633.0,101.83333333333331,215.59238698699025,0.47234197253671284,2466.9999999999995,175.33333333333334,124.83333333333334,2166.833333333333,2599.672461927992,127.66666666666669,47.66666666666666,26.166666666666668,98.66666666666669,517.3333333333334,353.6666666666667,263.8333333333333,1032.0,0.0,0.0,121.839095297912,10.83336663007965
1634.0,0.0,0.0,0.0,13464.0,337.5,45.833333333333336,13080.666666666666,14102.601013539346,330.5,7.0,8.0,37.833333333333336,149.5,72.83333333333333,12667.666666666666,190.66666666666663,0.0,0.0,638.6010135393485,0.0
1635.0,67.0,158.2334272985974,0.4234250698088361,1784.6666666666663,557.3333333333333,34.833333333333336,1192.5,1879.4893092286295,199.0,358.3333333333333,22.5,12.333333333333334,239.16666666666663,268.1666666666667,118.83333333333331,566.3333333333334,0.0,0.0,87.8226258858298,7.000016676133367
1636.0,331.3333333333333,780.5682707352471,0.4244770710718715,146.0,6.5,1.5,138.0,207.47536782335376,0.3333333333333333,6.166666666666667,0.1666666666666666,1.3333333333333333,0.8333333333333334,43.5,0.0,93.66666666666669,0.0,0.0,27.64195112779335,33.83341669556041
1637.0,935.8333333333334,1492.3187314965987,0.6271001720891194,911.0,49.333333333333336,64.83333333333333,796.8333333333333,1094.5952100380805,33.333333333333336,16.0,5.333333333333333,59.5,151.5,137.66666666666666,187.5,320.1666666666667,0.0,0.0,87.59498133682287,96.0002287012576
1638.0,441.6666666666667,1155.2837331225464,0.38230146759957623,0.0,0.0,0.0,0.0,66.9510332736551,0.0,0.0,0.0,0.0,0.0,0.0,0.0,0.0,1.0030036781615437,0.0,20.94792239177905,45.0001072037145
1639.0,569.0,1382.1014197485554,0.41169192931117726,0.0,0.0,0.0,0.0,84.987988937332,0.0,0.0,0.0,0.0,0.0,0.0,0.0,0.0,0.0,0.0,26.987850763655544,58.00013817367647
1640.0,561.6666666666666,1465.2997755023343,0.38331178101362634,3165.9999999999995,265.0,50.66666666666667,2850.333333333333,3400.4707565688987,234.5,30.5,7.833333333333333,42.833333333333336,347.1666666666667,82.16666666666667,734.1666666666666,1686.8333333333333,0.0,0.0,176.80399428657668,57.6667622823222
1641.0,0.0,0.0,0.0,1167.0,162.16666666666669,100.16666666666666,904.6666666666669,1222.3511807402217,96.5,65.66666666666667,58.5,41.66666666666666,128.5,316.1666666666667,39.16666666666666,420.8333333333333,0.0,0.0,55.35118074022148,0.0
1642.0,4.833333333333333,7.617490830038686,0.634504647419285,305.33333333333337,32.5,121.5,151.33333333333334,320.8813397728102,24.83333333333333,7.666666666666667,29.83333333333333,91.66666666666669,20.166666666666668,25.166666666666668,15.333333333333334,90.66666666666669,0.0,0.0,14.714677815836154,0.8333286236407099
1643.0,685.3333333333334,1348.0172995033477,0.5084009927660661,2458.833333333333,730.6666666666666,157.33333333333331,1570.8333333333337,2677.960691414855,590.0,140.66666666666666,59.5,97.83333333333331,266.1666666666667,320.8333333333333,244.83333333333331,739.0,0.0,0.0,149.12719132018825,70.00016676133366
1644.0,866.0,2044.1417117523663,0.4236496887770127,1461.3333333333337,219.33333333333331,33.666666666666664,1208.3333333333337,1660.7207706570928,113.16666666666669,106.16666666666669,7.666666666666667,26.0,269.0,385.1666666666667,173.33333333333334,380.8333333333333,0.0,0.0,110.3872252986352,89.00021202512424
1645.0,1286.6666666666667,2222.060960802516,0.5790420197121757,1150.0,187.66666666666669,68.0,894.3333333333334,1402.4256976205363,130.83333333333334,56.833333333333336,10.0,58.0,190.83333333333331,116.16666666666669,124.66666666666669,462.6666666666667,0.0,1.8596292091496585,118.56585559315586,132.00021281823078
1646.0,848.0,2171.8517103705403,0.3904502300736372,476.1666666666667,31.83333333333333,29.33333333333333,415.0,625.8127961264379,17.833333333333332,14.0,3.5,25.83333333333333,82.83333333333333,113.0,49.833333333333336,169.33333333333334,0.0,0.0,62.81261252985436,86.83351692991685
1647.0,635.0,1295.7767378028366,0.4900535574336114,1003.1666666666664,137.16666666666666,54.66666666666667,811.3333333333333,1146.3085407875262,87.33333333333333,49.833333333333336,37.833333333333336,16.833333333333332,248.16666666666663,141.0,104.16666666666669,318.0,0.0,0.0,78.3088421826616,64.83303193819806
1648.0,773.6666666666666,1906.7791798581563,0.4057452875713794,98.0,0.0,1.0,97.0,218.34323842343832,0.0,0.0,0.0,1.0,0.0,91.66666666666669,0.0,5.333333333333333,0.0,0.0,41.34305022136174,79.00018820207656
1649.0,232.16666666666663,527.4896394596286,0.44013502692584255,2676.833333333333,269.83333333333337,100.33333333333331,2306.6666666666665,2838.8081366821207,179.33333333333334,90.5,31.0,69.33333333333333,311.1666666666667,411.1666666666667,996.1666666666666,588.1666666666666,0.0,0.0,137.97474617347322,24.0000571753144
1650.0,429.0,1038.4788684413315,0.4131042171747727,282.0,17.5,27.83333333333333,236.66666666666663,364.7230606965576,12.5,5.0,0.8333333333333334,27.0,52.16666666666666,71.0,52.333333333333336,61.16666666666666,0.0,0.0,38.7229558751478,44.000104821409735
1651.0,782.1666666666666,2090.248251513161,0.3741979767716322,738.1666666666666,112.16666666666669,44.33333333333333,581.6666666666666,895.2753499790877,75.16666666666667,37.0,3.1666666666666665,41.16666666666666,156.66666666666666,64.16666666666667,128.33333333333334,232.5,0.0,0.0,77.10844309532119,80.0002402170999
1652.0,910.5,2219.3479181552016,0.4102556397542387,130.0,5.666666666666666,4.333333333333333,120.0,272.51850516397496,3.6666666666666665,2.0,0.8333333333333334,3.5,21.5,11.5,34.333333333333336,52.66666666666666,0.0,0.0,49.35165711955292,93.16684804442204
1653.0,753.8333330951398,1238.692310061907,0.6085719003595533,850.9999997311039,34.49999998909881,41.16666665365896,775.3333330883462,1004.1186594167265,23.999999992416566,10.499999996682247,12.666666662664298,28.49999999099467,142.66666662158735,418.9999998676059,49.499999984359164,164.16666661479385,0.0,0.0,76.1184762724857,77.0001834131368
1654.0,514.0,1263.1943238466854,0.4069049316456432,16.0,0.0,9.666666666666668,6.333333333333334,94.13819463603214,0.0,0.0,2.0,7.666666666666667,3.333333333333333,0.0,0.0,3.0,0.0,0.0,25.13806837387951,53.00012626215264
1655.0,11.0,19.714444272661343,0.5579665268705574,43.0,0.5,1.0,41.5,46.56123953737928,0.5,0.0,0.0,1.0,1.1666666666666667,2.1666666666666665,0.3333333333333333,37.833333333333336,0.0,0.0,2.561237155074516,1.0000023823047666
1656.0,295.8333333333333,708.688410938829,0.4174378030839119,40.0,4.166666666666667,4.0,31.833333333333336,85.92798601883955,4.0,0.1666666666666666,0.1666666666666666,3.8333333333333335,0.0,26.166666666666668,0.1666666666666666,5.5,0.0,0.0,15.92791454969655,30.000071469143
1657.0,11.333333333333334,25.01037432330442,0.453145290303514,404.33333333333337,27.333333333333336,193.0,184.0,425.04550921956223,25.666666666666668,1.6666666666666667,119.83333333333331,73.16666666666667,18.5,6.333333333333333,4.0,155.16666666666666,0.0,0.0,19.712173503924127,1.0000023823047666
1658.0,12.833333333333334,26.51127893329343,0.48407069932853974,454.83333333333337,59.66666666666667,264.1666666666667,131.0,478.0151151331244,36.5,23.166666666666668,158.83333333333334,105.33333333333331,16.333333333333332,9.666666666666666,34.333333333333336,70.66666666666667,0.0,0.0,22.18177941748632,1.0000023823047666
1659.0,1026.1666666666667,1948.7292969926089,0.5265824597856184,2099.333333333333,597.5,88.83333333333333,1413.0,2360.825745110816,460.5,137.0,32.166666666666664,56.66666666666666,253.0,216.83333333333331,147.66666666666666,795.5,0.0,0.0,156.15882830154584,105.33358347593736
1660.0,523.5,956.0573814037558,0.5475612763235588,7583.166666666666,2625.0,341.8333333333333,4616.333333333333,8117.399106419034,1793.0,832.0,208.16666666666663,133.66666666666666,1274.3333333333333,922.1666666666666,737.5,1682.3333333333333,0.0,0.0,480.5655900644347,53.666849687933656
1661.0,851.5,1491.7746609509138,0.5707966640599872,1700.3333333333337,157.83333333333334,106.66666666666669,1435.8333333333337,1908.3669674283904,49.16666666666666,108.66666666666669,41.5,65.16666666666667,589.0,176.83333333333334,259.5,410.5,0.0,0.0,121.0334268345423,87.0002072605147
1662.0,381.1666666666667,1001.0903141962198,0.380751527870597,462.6666666666666,20.5,11.833333333333334,430.3333333333333,553.6896005040566,15.666666666666666,4.833333333333333,1.5,10.333333333333334,26.166666666666668,36.833333333333336,266.3333333333333,101.0,0.0,0.0,52.022840927504014,39.0000929098859
1663.0,560.1666666666666,1564.6438063903386,0.35801545653958217,2118.0,158.33333333333331,104.66666666666669,1855.0,2302.359643828954,95.33333333333331,63.0,29.166666666666668,75.5,550.1666666666666,274.8333333333333,301.6666666666667,728.3333333333334,0.0,0.0,127.02620542470667,57.333438404247765
1664.0,799.8333108367519,1681.0679794193945,0.4757887965440859,1235.4999652496024,136.99999614665765,26.49999925464546,1071.9999698482993,1416.8981155713786,67.16666477749762,69.83333136916004,7.166666465092797,19.333332789552657,187.49999472626504,83.99999763736673,204.16666092415522,596.3333165605122,1.003003649950474,1.8596291568446366,96.53532447237575,82.00019304260529
1665.0,785.9999977253752,1562.9112984783683,0.502907617655983,396.9999988511119,39.16666655332129,15.333333288959821,342.49999900883074,533.6102146873757,34.8333332325283,4.333333320792993,0.6666666647373836,14.666666624222438,123.33333297641595,28.999999916076185,65.33333314426359,124.83333297207506,0.0,0.0,56.11006566082822,80.50015017543555
1666.0,375.0,677.102729264998,0.5538302886580687,0.0,0.0,0.0,0.0,55.78645966004305,0.0,0.0,0.0,0.0,0.0,0.0,0.0,0.0,0.0,0.0,17.786369132461918,38.000090527581136
1667.0,271.6666666666667,502.2388418926882,0.5409113035600557,0.0,0.0,0.0,0.0,40.88559160329047,0.0,0.0,0.0,0.0,0.0,0.0,0.0,0.0,0.0,0.0,12.885524898757009,28.000066704533467
1668.0,235.16666666666663,482.88835462846754,0.4870000786156936,483.0,56.33333333333333,216.3333333333333,210.33333333333331,541.0050661057529,45.16666666666666,11.166666666666666,119.83333333333331,96.5,40.333333333333336,25.0,19.166666666666668,125.83333333333331,0.0,0.0,34.005004202909625,24.00006190284327
1669.0,1040.5,1839.0596536845328,0.5657782758244798,837.3333333333334,145.66666666666669,39.16666666666666,652.5,1048.785943538687,100.16666666666669,45.5,23.83333333333333,15.333333333333334,162.5,80.0,66.16666666666667,343.8333333333333,0.0,0.0,105.11913547190632,106.33347473344732
1670.0,622.166667595426,1276.3511484946619,0.48745728660111604,177.0000002642225,4.166666672886593,3.1666666713938105,169.6666669199421,282.90500639783767,2.6666666706474196,1.5000000022391735,0.16666666691546367,3.000000004478347,106.6666668258968,9.166666680350504,13.83333335398349,40.0000000597113,0.0,0.0,41.90485357057179,64.00015256304336
1671.0,639.6666666666666,1554.421753823851,0.41151422713500857,276.0,17.5,7.5,251.0,384.9302105039549,14.5,3.0,1.8333333333333333,5.666666666666667,41.5,76.5,85.33333333333333,47.66666666666666,0.0,0.0,43.43008873846734,65.50012176548755
1672.0,678.3333333333334,1679.0298860327514,0.4040031323898077,323.0,48.0,25.333333333333336,249.66666666666669,442.9939678532924,37.0,11.0,9.166666666666666,16.166666666666668,31.33333333333333,20.83333333333333,125.83333333333331,71.66666666666667,0.0,0.0,50.493803473391694,69.50016437990065
1673.0,701.3333333333334,1840.6351378398904,0.38102789570582435,72.0,0.1666666666666666,0.0,71.83333333333333,183.6813004090813,0.1666666666666666,0.0,0.0,0.0,0.0,71.5,0.0,0.3333333333333333,0.0,0.0,39.68112888313812,72.0001715259432
1674.0,535.0,1509.4260530340337,0.3544393572143657,212.0,3.5,82.5,126.0,307.2644622896758,3.1666666666666665,0.3333333333333333,75.0,7.5,34.666666666666664,12.0,52.5,26.83333333333333,0.0,0.0,40.431033395603855,54.83342889407195
1675.0,445.3333333333333,1151.4441333396987,0.38676069506009736,34.0,0.0,0.0,34.0,102.40221140312104,0.0,0.0,0.0,0.0,0.0,34.0,0.0,0.0,0.0,0.0,22.73543043987074,45.66678096325031
1676.0,330.3333333333333,664.9787478094519,0.49675773011018026,374.0,8.166666666666666,2.6666666666666665,363.1666666666667,443.26500005336607,7.0,1.1666666666666667,0.6666666666666666,2.0,4.166666666666667,318.8333333333333,28.0,12.166666666666666,0.0,1.8596292091496585,33.40529457338325,34.0000762708332
1677.0,500.1666666666667,1228.8087484214627,0.4070337774769139,5.0,1.5,0.1666666666666666,3.333333333333333,79.96016585279493,1.5,0.0,0.0,0.1666666666666666,0.1666666666666666,0.0,0.0,3.1666666666666665,0.0,0.0,23.960044355251835,51.0001214975431
1678.0,570.6666666666666,1118.24784681584,0.5103221690000246,29.000000000000004,0.0,0.1666666666666666,28.833333333333336,115.60872522675623,0.0,0.0,0.1666666666666666,0.0,0.0,28.666666666666668,0.0,0.1666666666666666,0.0,0.0,28.441960563001032,58.16676466375521
1679.0,276.3333333333333,639.3008915645632,0.43224299696667373,21.0,0.0,0.0,21.0,63.10351293137429,0.0,0.0,0.0,0.0,8.833333333333334,0.0,0.0,12.166666666666666,0.0,0.0,14.103446226840822,28.000066704533467
1680.0,675.6666666666666,1462.3943619811932,0.46202767477255624,138.0,7.833333333333333,27.166666666666668,103.0,245.59396327004788,5.833333333333333,2.0,18.666666666666668,8.5,11.166666666666666,43.16666666666666,2.1666666666666665,46.5,0.0,0.0,38.59379889101898,69.0001643790289
1681.0,961.3333333333334,2351.494376741735,0.4088180447470901,236.0,17.666666666666664,26.166666666666664,192.16666666666669,391.2896917014757,8.5,9.166666666666666,12.0,14.166666666666666,38.0,44.333333333333336,1.3333333333333333,108.5,0.0,0.0,56.78949604745973,98.50019565401595
1682.0,214.0,515.1345816562593,0.415425420114386,0.0,0.0,0.0,0.0,32.1501403956298,0.0,0.0,0.0,0.0,0.0,0.0,0.0,0.0,0.0,0.0,10.150087984924934,22.000052410704864
1683.0,593.8333333333334,1539.4677787205328,0.38573937145139486,56.0,0.0,0.0,56.0,147.82172687987782,0.0,0.0,0.0,0.0,0.0,55.833333333333336,0.0,0.1666666666666666,0.0,0.0,30.82158155928704,61.00014532059077
1684.0,864.6666666666666,2269.063575662712,0.3810676245217715,147.0,7.833333333333333,5.5,133.66666666666666,283.6528499672502,6.333333333333333,1.5,1.3333333333333333,4.166666666666667,29.166666666666668,60.16666666666666,14.166666666666666,30.166666666666668,0.0,0.0,47.98592400747752,88.6669259597727
1685.0,893.3333333333334,1755.1996841983555,0.5089639323524272,463.0,46.66666666666666,57.16666666666666,359.1666666666667,623.833938908071,32.666666666666664,14.0,11.166666666666666,46.0,56.5,50.16666666666666,130.33333333333334,122.16666666666669,0.0,0.0,69.33367010418564,91.50026880388536
1686.0,570.6666666666666,1115.7920129687152,0.5114453769464893,953.0,73.33333333333333,22.0,857.6666666666667,1083.7720771580591,42.66666666666666,30.666666666666668,5.833333333333333,16.166666666666668,149.83333333333334,301.5,145.5,260.8333333333333,0.0,0.0,72.27192480011963,58.50015235793949
1687.0,538.3333333333334,1275.4881404571934,0.4220606340881931,0.0,0.0,0.0,0.0,80.53195485875935,0.0,0.0,0.0,0.0,0.0,0.0,0.0,0.0,0.0,0.0,25.531823831997173,55.00013102676217
1688.0,1006.3333333333334,2141.014674093908,0.4700263597021914,1270.9999999999998,57.5,27.83333333333333,1185.6666666666663,1482.0136384402892,33.333333333333336,24.166666666666668,2.0,25.83333333333333,164.66666666666666,382.5,174.66666666666666,463.8333333333333,0.0,0.0,108.01339306289827,103.00024537739095
1689.0,1224.0,2539.278352733794,0.48202671388201235,429.5,71.83333333333334,9.5,348.1666666666667,639.0102539074069,48.333333333333336,23.5,2.833333333333333,6.666666666666667,68.16666666666667,58.333333333333336,62.333333333333336,159.33333333333334,0.0,5.578887628842906,78.43107085372958,125.5002954248343
1690.0,854.8333333333334,2281.392465548209,0.37469806104927256,2355.833333333333,333.1666666666667,97.5,1925.1666666666663,2596.0818443583025,207.5,125.66666666666669,66.33333333333333,31.166666666666668,486.0,206.0,298.3333333333333,934.8333333333334,0.0,0.0,152.74836286134806,87.50014816362108
1691.0,230.33333333333331,578.0392231701563,0.39847353622494663,138.0,12.666666666666666,6.666666666666666,118.66666666666666,179.13711949360402,9.0,3.6666666666666665,2.1666666666666665,4.5,27.5,30.33333333333333,10.666666666666666,50.16666666666666,0.0,0.0,17.470428753781466,23.66669073982253
1692.0,373.6666666666667,960.2950969433448,0.3891164995594184,0.0,0.0,0.0,0.0,55.72323355447728,0.0,0.0,0.0,0.0,0.0,0.0,0.0,0.0,0.0,0.0,17.723143026896143,38.000090527581136
1693.0,393.8333333333333,939.5626409222942,0.419166659230659,58.0,7.666666666666667,0.0,50.333333333333336,119.76450910772174,0.0,7.666666666666667,0.0,0.0,6.0,0.1666666666666666,27.166666666666668,17.0,0.0,0.0,21.431047380039207,40.33346172768253
1694.0,811.1666666666666,1890.7448897131464,0.42901962664552407,119.0,2.0,3.8333333333333335,113.16666666666666,249.11755972874005,1.8333333333333333,0.1666666666666666,0.0,3.8333333333333335,20.666666666666668,55.833333333333336,5.833333333333333,30.83333333333333,0.0,0.0,47.117361997444384,83.00019773129564
1695.0,642.0000067330617,1343.0924980962877,0.478001334713014,86.00000090193659,1.3333333473168465,4.00000004195054,80.6666675126692,186.19705934914927,1.3333333473168465,0.0,2.00000002097527,2.00000002097527,1.1666666789022409,1.1666666789022409,0.5000000052438175,77.83333414962092,0.0,0.0,34.5302787818964,65.66677966531628
1696.0,778.4999952405518,1683.5986366098834,0.46240236735291596,288.9999982331657,13.166666586170754,5.6666666320228565,270.16666501497207,419.29667206768113,11.999999926636637,1.1666666595341175,0.0,5.6666666320228565,4.499999972488739,1.3333333251818484,237.99999854495996,26.333333172341504,0.0,0.0,50.62981707112337,79.6668567633921
1697.0,947.8333333333334,2121.8443118360915,0.4467025822988618,2006.0,459.1666666666667,81.66666666666667,1465.1666666666667,2243.101264592696,320.6666666666667,138.5,43.833333333333336,37.833333333333336,227.83333333333331,173.0,193.33333333333331,871.0,0.0,0.0,140.10103350913303,97.00023108356235
1698.0,317.8333333333333,734.9330831078656,0.43246567699645266,265.0,31.333333333333336,4.666666666666667,229.0,325.4769342314943,20.0,11.333333333333334,1.3333333333333333,3.333333333333333,35.166666666666664,24.0,5.5,164.33333333333334,0.0,0.0,27.64353173823432,32.83340249325999
1699.0,108.5,262.3364528491173,0.41359101574192486,104.0,77.33333333333334,7.666666666666667,19.0,125.07867192337164,2.6666666666666665,74.66666666666667,0.5,7.166666666666667,1.5,0.5,2.6666666666666665,14.333333333333334,0.0,0.0,10.078645718019184,11.000026205352432
1700.0,273.5,574.8878518007076,0.4757449633755913,6072.5,616.5,277.8333333333333,5178.166666666667,6400.86614113644,381.8333333333333,234.66666666666663,173.0,104.83333333333331,1660.3333333333333,916.6666666666666,684.0,1917.1666666666667,0.0,0.0,300.53271742110263,27.833423715337265
1701.0,1229.3333333333333,2912.0617056452425,0.42215222670253916,103.0,11.0,8.833333333333334,83.16666666666667,292.19308109871474,10.666666666666666,0.3333333333333333,0.0,8.833333333333334,11.333333333333334,47.5,4.333333333333333,20.0,0.0,0.0,63.19278092831414,126.0003001704006
1702.0,0.0,0.0,0.0,1038.0,55.83333333333333,277.5,704.6666666666666,1090.2416807931393,19.83333333333333,36.0,105.33333333333331,172.16666666666666,94.5,141.16666666666666,25.5,443.5,3.009011034484632,0.0,49.23266975865459,0.0
1703.0,421.0,1124.21364721255,0.37448397912963904,367.8333333333333,83.83333333333333,11.5,272.5,448.2469129163737,54.66666666666666,29.166666666666668,2.5,9.0,38.5,55.66666666666666,16.333333333333332,162.0,0.0,0.0,37.4134771439354,43.00010243910497
1704.0,622.0,1754.393362390354,0.3545385050662341,0.0,0.0,0.0,0.0,95.50781742487165,0.0,0.0,0.0,0.0,0.0,0.0,0.0,0.0,2.006007356323088,0.0,29.50165760104349,64.00015246750506
1705.0,1691.0,4266.844486260815,0.39631160813219196,78.00000000000001,11.333333333333334,1.8333333333333333,64.83333333333334,334.9046441262583,0.0,11.333333333333334,0.0,1.8333333333333333,2.1666666666666665,21.0,16.166666666666668,25.5,0.0,0.0,83.90423198753368,173.00041213872464
1706.0,1283.0,2317.8402573785343,0.5535325378510194,1061.0,45.5,43.333333333333336,972.1666666666666,1303.5102628045847,32.0,13.5,5.5,37.833333333333336,334.8333333333333,129.83333333333334,32.333333333333336,475.1666666666667,0.0,0.0,111.17666465730862,131.33359814727595
1707.0,446.0,1285.4914649330424,0.3469490169063323,0.0,0.0,0.0,0.0,67.15403127422731,0.0,0.0,0.0,0.0,0.0,0.0,0.0,0.0,0.0,0.0,21.15392168820804,46.00010958601927
1708.0,459.0,1294.3907333986135,0.3546069885673763,0.0,0.0,0.0,0.0,68.77062778645742,0.0,0.0,0.0,0.0,0.0,0.0,0.0,0.0,0.0,0.0,21.770515818133383,47.00011196832404
1709.0,376.1666666666667,962.8277767417432,0.3906894625948924,24.0,0.1666666666666666,0.1666666666666666,23.666666666666664,81.48002630595676,0.1666666666666666,0.0,0.0,0.1666666666666666,1.3333333333333333,0.5,18.5,3.333333333333333,0.0,0.0,18.979975954360025,38.50005035159672
1710.0,347.0,1000.3413693586036,0.3468815852557298,0.0,0.0,0.0,0.0,52.29170386751947,0.0,0.0,0.0,0.0,0.0,0.0,0.0,0.0,0.0,0.0,16.458320237238095,35.83338363028138
1711.0,258.8333333333333,666.5977937030179,0.38829011403636376,1510.6666666666667,372.6666666666667,61.5,1076.5,1623.267155263991,252.0,120.66666666666669,7.333333333333333,54.16666666666666,141.33333333333334,186.0,51.833333333333336,697.3333333333334,2.006007356323088,0.0,83.92777862673563,26.666702614265706
1712.0,893.0,1895.7718040729776,0.47104825490147656,420.00000000000006,76.66666666666667,23.5,319.83333333333337,573.6095099775453,71.16666666666667,5.5,2.0,21.5,53.66666666666666,53.5,80.33333333333333,132.33333333333334,0.0,0.0,62.27600712245999,91.33350285508529
1713.0,345.0,761.9580943209497,0.4527808058886243,85.33333333333333,18.666666666666664,0.8333333333333333,65.83333333333333,140.74624822857157,15.666666666666666,3.0,0.6666666666666666,0.1666666666666666,3.6666666666666665,2.0,31.0,29.166666666666668,0.0,0.0,20.41283151457141,35.00008338066684
1714.0,2014.6666666666667,3921.951182396324,0.5136898887751324,600.0,117.16666666666666,21.0,461.8333333333333,954.422264102842,84.5,32.666666666666664,13.166666666666666,7.833333333333333,112.33333333333331,44.5,38.0,267.0,23.904738549101094,0.0,124.01705842741887,206.50046712632204
1715.0,542.3333333333334,1120.6195887979084,0.48395846258148656,0.0,0.0,0.0,0.0,82.22627709350007,0.0,0.0,0.0,0.0,0.0,0.0,0.0,0.0,1.0030036781615437,0.0,25.723182564560773,55.50009085077775
1716.0,742.0,1668.4968206464418,0.4447116655053138,64.0,0.1666666666666666,0.1666666666666666,63.66666666666666,181.23781337905385,0.1666666666666666,0.0,0.1666666666666666,0.0,0.0,63.5,0.0,0.1666666666666666,3.009011034484632,0.0,38.22862128940691,76.00018105516227
1717.0,216.0,425.0373170248924,0.5081906725553463,485.8333333333333,76.83333333333334,24.33333333333333,384.6666666666666,589.9479018514488,4.666666666666667,72.16666666666667,7.5,16.833333333333332,99.83333333333331,170.0,81.5,33.333333333333336,1.0030036781615437,0.0,81.27817673205074,21.83338810790321
1718.0,465.0,1386.552481833937,0.3353641539662193,61.99999999999999,0.1666666666666666,0.0,61.83333333333333,134.9958917714486,0.0,0.1666666666666666,0.0,0.0,0.1666666666666666,61.5,0.1666666666666666,0.0,0.0,0.0,24.99577742081981,48.0001143506288
1719.0,688.0,2054.715343429053,0.3348395689944172,0.0,0.0,0.0,0.0,102.965511395042,0.0,0.0,0.0,0.0,0.0,0.0,0.0,0.0,0.0,0.0,32.6320585683568,70.33345282668519
1720.0,564.0,1293.4734862508649,0.43603522298300446,137.83333333333331,22.666666666666664,9.333333333333334,105.83333333333331,233.13947670501508,16.333333333333332,6.333333333333333,0.8333333333333334,8.5,9.0,3.8333333333333335,57.5,35.5,4.012014712646175,0.0,33.29399048535911,58.00013817367647
1721.0,0.0,0.0,0.0,12449.333333333334,3938.1666666666665,538.3333333333334,7972.833333333334,13039.80998300269,2418.1666666666665,1520.0,298.1666666666667,240.16666666666663,2264.833333333333,1149.6666666666667,1051.0,3507.333333333333,0.0,0.0,590.4766496693547,0.0
1722.0,720.0,2096.277067397161,0.3434660480706336,367.0,24.5,17.0,325.5,493.5599352940105,21.33333333333333,3.1666666666666665,2.1666666666666665,14.833333333333334,15.833333333333334,95.0,167.0,47.66666666666666,1.0030036781615437,0.0,51.55675532529627,74.00017629055273
1723.0,715.0,2062.7191059602696,0.3466298430716973,394.0,84.66666666666666,17.166666666666664,292.16666666666663,519.6003962226487,47.5,37.16666666666666,3.5,13.666666666666666,43.333333333333336,87.66666666666667,28.166666666666668,133.0,0.0,0.0,52.6002223144007,73.00017390824796
1724.0,842.0,1698.204686036818,0.49581773441281446,225.0,39.83333333333333,4.333333333333333,180.8333333333333,361.6083538497749,28.33333333333333,11.5,3.0,1.3333333333333333,8.333333333333334,81.33333333333333,52.16666666666666,39.0,0.0,0.0,50.60814897156498,86.00020487820994
1725.0,1226.1666666666667,2721.8942288411795,0.45048284891977436,2632.833333333333,424.83333333333337,140.0,2068.0,2942.725410894482,258.6666666666667,166.16666666666666,52.333333333333336,87.66666666666667,432.8333333333333,489.5,288.5,857.1666666666666,1.0030036781615437,0.0,183.3888445175025,125.5002293654848
1726.0,1591.1666666666667,3312.53087231979,0.48034772444320223,2225.6666666666665,459.5,114.83333333333331,1651.3333333333333,2569.712350651294,325.1666666666667,134.33333333333334,48.5,66.33333333333333,340.0,288.0,255.16666666666663,768.1666666666666,0.0,0.0,181.0455036670892,163.00018031753768
1727.0,890.3333310292434,1977.3060587207217,0.45027593330962207,904.3333309930126,163.16666624440833,58.49999984860809,682.6666648999964,1081.6289999143592,103.16666639968209,59.99999984472625,15.833333292358315,42.666666556249766,146.16666628840255,130.16666632980886,40.33333322895487,365.9999990528301,1.0030036755658747,0.0,85.1256378936436,91.16702735213677
1728.0,1523.6666666666667,3817.712309661185,0.39910463206220204,73.33333333333334,21.83333333333333,2.666666666666667,48.833333333333336,352.90071994341884,19.33333333333333,2.5,1.1666666666666667,1.5,12.333333333333334,3.8333333333333335,5.5,27.166666666666668,47.64253787770614,0.0,75.75776550428316,156.16708322809623
1729.0,983.0,2550.045077455734,0.38548338172153895,111.83333333333331,24.5,3.8333333333333335,83.5,267.7590871906371,17.333333333333332,7.166666666666667,1.5,2.333333333333333,19.666666666666668,10.166666666666666,6.666666666666667,47.0,3.5099653074461763,0.0,51.91571342372782,100.5000751261298
1730.0,832.5,1938.508578424192,0.42945386430878574,1069.1666666666663,539.6666666666666,56.333333333333336,473.1666666666666,1267.161167770638,309.3333333333333,230.33333333333331,11.333333333333334,45.0,91.66666666666669,43.66666666666666,54.5,283.3333333333333,4.680455547626894,0.0,108.14720950571936,85.16683605062536
1731.0,949.0,2315.1352772676782,0.4099112519766056,78.5,13.5,3.6666666666666665,61.33333333333333,224.228928127518,9.333333333333334,4.166666666666667,3.0,0.6666666666666666,16.333333333333332,8.333333333333334,5.5,31.166666666666668,0.0,0.0,48.72869704395564,97.00023108356235
1732.0,743.0,1816.593165734963,0.40900737381085256,433.1666666666667,86.33333333333334,14.833333333333332,332.0,564.9471368133179,54.0,32.333333333333336,8.166666666666666,6.666666666666667,58.16666666666666,114.83333333333331,23.0,136.0,0.0,0.0,55.78028909148904,76.00018105516227
1733.0,625.1666666666666,1512.0954779784113,0.41344390997219316,971.3333333333331,145.83333333333331,58.0,767.5,1111.3948805034863,96.83333333333331,49.0,19.666666666666668,38.333333333333336,134.0,190.83333333333331,34.833333333333336,407.8333333333333,0.6683037754174302,0.0,75.55961105698633,63.83363233774952
1734.0,890.0,1814.4770159039915,0.4904994619381236,870.6666666666666,117.16666666666666,20.333333333333336,733.1666666666666,1091.1535353728027,39.66666666666666,77.5,12.0,8.333333333333334,145.5,344.5,121.66666666666669,121.5,1.0030036781615437,0.0,128.483728624742,91.00013640323245
1735.0,624.0,2195.856093226234,0.28417162760570336,95.0,6.833333333333334,2.5,85.66666666666666,198.1175692749531,5.166666666666667,1.6666666666666667,2.1666666666666665,0.3333333333333333,5.0,64.33333333333333,12.0,4.333333333333333,5.015018390807719,0.0,34.10239841664031,64.00015246750506
1736.0,144.0,331.8435838038378,0.4339393829748491,33.0,10.0,0.1666666666666666,22.83333333333333,56.39520196509352,10.0,0.0,0.0,0.1666666666666666,2.0,2.1666666666666665,7.0,11.666666666666666,0.0,0.0,8.395166230522024,15.0000357345715
1737.0,1.0,1.0,1.0,2135.0,191.66666666666663,917.6666666666669,1025.6666666666663,2247.8197793108898,133.66666666666666,58.0,308.6666666666667,609.0,182.5,189.0,60.0,594.1666666666666,3.009011034484632,0.0,109.81076827640544,0.0
1738.0,504.0,1372.6400597877364,0.36717564550603166,438.0,68.33333333333334,20.5,349.16666666666663,534.6794831405922,30.5,37.833333333333336,1.0,19.5,46.833333333333336,37.16666666666666,151.16666666666666,114.0,0.0,0.0,44.67935926074434,52.00012387984787
1739.0,684.0,1471.9310029864628,0.4646956947113714,2075.666666666667,326.66666666666663,94.16666666666669,1654.8333333333337,2276.6021795534607,157.16666666666666,169.5,54.833333333333336,39.333333333333336,384.1666666666667,453.3333333333333,234.5,582.8333333333334,0.0,0.0,130.93534612546043,70.00016676133366
1740.0,618.0,1227.6001690916084,0.5034212405308673,2322.5,447.5,128.33333333333331,1746.6666666666667,2585.5524394257877,303.5,144.0,80.33333333333333,48.0,426.0,213.0,184.83333333333331,922.8333333333334,0.0,0.0,199.719260863038,63.333178562749474
1741.0,725.0,1807.888153479674,0.40102038314957694,1042.0,230.83333333333331,100.33333333333331,710.8333333333334,1199.8095476427131,187.33333333333331,43.5,2.0,98.33333333333331,221.66666666666663,279.5,38.833333333333336,170.83333333333334,0.0,0.0,83.80937135216054,74.00017629055273
1742.0,551.0,1262.2038861826074,0.4365380316380082,640.0,77.5,35.333333333333336,527.1666666666666,752.8229278391175,43.66666666666666,33.833333333333336,10.166666666666666,25.166666666666668,91.66666666666669,118.33333333333331,19.666666666666668,297.5,0.0,0.0,56.48950836469905,56.33341947441846
1743.0,159.66666666666666,373.7770864923573,0.42717082570531356,1163.5,110.66666666666666,43.16666666666666,1009.6666666666669,1242.3410161365364,66.5,44.16666666666666,23.33333333333333,19.83333333333333,171.83333333333334,520.0,81.5,236.33333333333331,0.0,0.0,62.5072925478054,16.333723588731
1744.0,674.3333369787196,1728.7234931189096,0.39007587949308664,1492.5000080683226,187.50000101360837,92.00000049734383,1213.0000065573704,1664.8758570714465,118.33333397303282,69.16666704057553,44.16666690542774,47.833333591916094,240.50000130012165,412.33333556237073,88.16666714328785,472.0000025515901,0.0,0.0,103.20878813558328,69.16706086754056
1745.0,593.6666624239624,1480.6362609639723,0.4009537508134875,2108.1666516004216,297.3333312084079,112.83333252695749,1697.9999878650558,2302.8491019036583,198.833331912349,98.4999992960589,67.9999995140305,44.83333301292698,408.9999970770364,325.1666643428273,221.33333175155025,742.499994693642,5.8505356889084075,0.0,127.99899902448519,60.832915589843076
1746.0,869.0,2609.095963606355,0.33306555685243844,217.00000000000003,9.833333333333334,3.0,204.16666666666669,357.509537032734,7.0,2.833333333333333,1.5,1.5,9.0,173.5,2.833333333333333,18.83333333333333,0.0,0.0,51.50932500760971,89.00021202512424
1747.0,554.0,1684.4641606180614,0.32888797099531464,55.00000000000001,14.5,1.3333333333333337,39.16666666666667,143.89421029697448,10.166666666666666,4.333333333333333,0.8333333333333334,0.5,9.0,4.0,4.5,21.666666666666668,3.009011034484632,0.0,28.885063471118155,57.0001357913717
1748.0,262.0,641.435707654187,0.4084587073553603,34.0,9.666666666666666,1.6666666666666667,22.666666666666668,75.03943835745197,6.5,3.1666666666666665,0.8333333333333334,0.8333333333333334,5.166666666666667,3.0,2.833333333333333,11.666666666666666,0.0,0.0,14.039374035223274,27.0000643222287
1749.0,762.9999991165688,2150.0490442425194,0.3548756253536441,73.99999991431991,0.0,0.0,73.99999991431991,191.69936150146978,0.0,0.0,0.0,0.0,0.999999998842161,67.99999992126695,4.999999994210805,0.0,0.0,0.0,39.69917585768974,78.00018572946014
1750.0,858.0000007079967,2501.5851967203403,0.3429825223753573,0.0,0.0,0.0,0.0,128.69542232408807,0.0,0.0,0.0,0.0,0.0,0.0,0.0,0.0,0.0,0.0,40.695212608653385,88.00020971543469
1751.0,734.0,1977.768275844771,0.37112537852114347,4.0,0.0,4.0,0.0,114.00375312554254,0.0,0.0,3.0,1.0,0.0,0.0,0.0,0.0,0.0,0.0,35.00357445268505,75.0001786728575
1752.0,240.16666666666663,558.9702668543072,0.4296591087362163,127.0,5.0,4.666666666666667,117.33333333333331,169.41536731779257,3.5,1.5,0.0,4.666666666666667,10.666666666666666,80.83333333333333,1.3333333333333333,24.5,0.0,0.0,17.415307760173445,25.000059557619167
1753.0,556.3333333333334,1306.9434279737982,0.425675145094717,407.33333333333337,50.66666666666667,24.666666666666668,332.0,511.1328139204486,31.0,19.666666666666668,10.333333333333334,14.333333333333334,86.5,97.83333333333331,18.5,129.16666666666666,1.0030036781615437,0.0,45.62987065407168,57.16660625488203
1754.0,1098.0000031036066,3136.982785315262,0.3500178605517146,4258.000012035662,685.3333352704965,285.66666747413205,3287.0000092910336,4622.816140356605,460.5000013016492,224.83333396884717,159.8333337851182,125.8333336890138,781.6666688761255,354.83333433630514,405.1666678119107,1745.3333382666922,0.0,0.0,252.31534387614786,112.5007844447948
1755.0,733.8333333333334,1544.4309653852215,0.475148031722024,2247.333333333333,443.83333333333337,111.5,1692.0,2476.7522068551684,313.1666666666667,130.66666666666666,66.5,45.0,383.1666666666667,242.83333333333331,128.83333333333334,937.1666666666666,12.871698312541872,0.0,141.3805637887441,75.16661142054964
1756.0,285.1666666666667,863.9505826132286,0.33007289121110467,547.0,137.0,19.166666666666668,390.83333333333337,624.4960405491531,93.33333333333331,43.66666666666666,7.666666666666667,11.5,77.66666666666667,64.33333333333333,40.5,208.33333333333331,9.027033103453894,0.0,39.46893835886102,29.000069086838234
1757.0,0.0,0.0,0.0,440.6666666666666,100.0,21.0,319.66666666666663,466.5828363613953,64.66666666666667,35.333333333333336,10.833333333333334,10.166666666666666,79.16666666666667,32.5,28.33333333333333,179.66666666666666,5.015018390807719,0.0,20.90115130392096,0.0
1758.0,390.0,1051.4564395013726,0.3709140819803699,360.0,29.166666666666664,3.6666666666666665,327.1666666666667,435.5728335571145,8.166666666666666,21.0,0.6666666666666666,3.0,8.666666666666666,287.1666666666667,3.333333333333333,28.0,0.0,0.0,35.572738264923835,40.000095292190665
1759.0,6.0,13.864358379548394,0.4327643469495657,945.0,107.66666666666669,411.5,425.8333333333333,1000.958424691696,95.16666666666669,12.5,85.66666666666667,325.8333333333333,27.83333333333333,49.5,29.666666666666668,318.8333333333333,6.85367602035485,0.0,48.10474628903624,1.0000023823047666
1760.0,1594.3333333333333,4135.692653481944,0.38550575850722946,4397.166666666667,589.1666666666666,200.3333333333333,3607.666666666667,4844.880678508549,375.8333333333333,213.33333333333331,83.5,116.83333333333331,715.8333333333334,384.5,1172.5,1334.8333333333333,0.0,0.0,284.54727825574616,163.16673358613542
1761.0,604.1666666666666,1370.8688415029849,0.44071806753173703,531.0,37.333333333333336,257.3333333333333,236.3333333333333,656.8429097238036,32.333333333333336,5.0,240.0,17.333333333333332,36.833333333333336,47.833333333333336,42.333333333333336,109.33333333333331,0.0,0.0,63.84276202090812,62.00014770289553
1762.0,75.0,177.6428888534546,0.4221953407989823,501.0,144.83333333333334,13.166666666666668,343.0,536.3198820458997,107.0,37.833333333333336,1.8333333333333333,11.333333333333334,40.5,89.83333333333333,26.83333333333333,185.83333333333331,0.0,0.0,27.319862987461505,8.000019058438133
1763.0,248.66666666666663,566.7579948415774,0.4387528167753063,1895.0,443.5,79.16666666666666,1372.3333333333337,2022.0078882123776,363.8333333333333,79.66666666666667,7.833333333333333,71.33333333333333,218.5,236.5,233.5,683.8333333333334,0.0,0.0,101.67454258940712,25.333345622970693
1764.0,500.0,1160.4836357364125,0.430854847584915,2384.833333333333,586.3333333333334,122.66666666666669,1675.8333333333337,2572.6595116964727,316.1666666666667,270.1666666666667,13.166666666666666,109.5,431.0,333.1666666666667,112.33333333333331,799.3333333333334,0.0,0.0,136.8260568655958,51.0001214975431
1765.0,522.6666641211472,1303.6981866236447,0.4009107855513433,416.9999979691041,19.166666573320132,15.83333325622098,381.999998139563,527.1044881801428,14.833333261091234,4.333333312228899,2.4999999878243653,13.333333268396615,123.99999939608851,90.16666622753212,6.499999968343349,161.33333254759904,11.868694353359015,0.0,44.56895353994488,53.66684231773471
1766.0,1016.0,2115.6057653742723,0.4802407029838374,8845.166666666668,1274.0,575.0,6996.166666666667,9471.93810232498,852.0,422.0,311.1666666666667,263.8333333333333,1978.5,1119.5,522.3333333333334,3375.833333333333,55.004557950407225,0.0,467.93390386110735,103.83297384679986
1767.0,766.0,1810.0435355373024,0.4231942408902428,10246.333333333332,1136.0,2804.666666666667,6305.666666666666,12785.203202939483,838.8333333333334,297.1666666666667,970.5,1834.1666666666667,1269.0,1115.8333333333333,674.0,3246.833333333333,15.880709123808744,0.0,2444.655688597219,78.33347188512333
1768.0,1921.3333333333333,4024.8352416441553,0.4773694370029576,3402.0,540.6666666666667,267.6666666666667,2593.6666666666665,3870.3607488558455,365.6666666666667,175.0,132.33333333333334,135.33333333333334,700.0,404.0,215.33333333333331,1274.3333333333333,19.22099625938686,0.0,252.30700871887765,196.8327438775808
1769.0,0.0,0.0,0.0,1526.0,83.5,1112.0,330.5,1604.2503087114942,77.83333333333333,5.666666666666667,882.5,229.5,48.833333333333336,63.0,7.166666666666667,211.5,4.012014712646175,1.8596292091496585,72.37866478969836,0.0
1770.0,0.0,0.0,0.0,3619.3333315709165,426.6666664589035,1549.1666659123073,1643.4999991997058,3803.806808946571,346.9999998310301,79.66666662787338,1080.8333328070269,468.3333331052807,268.33333320266973,254.83333320924348,187.66666657528327,932.6666662125092,13.039047809750768,0.0,171.43442956590326,0.0
1771.0,777.0000042854916,1976.323179814143,0.39315432426318153,155.00000085489214,17.33333342893418,56.500000311621974,81.166667114336,279.0337602228661,11.833333398599294,5.500000030334883,8.000000044123466,48.500000267498514,12.33333340135701,9.833333387568427,7.83333337653756,51.166666948872994,0.0,0.0,44.20027047596655,79.83348889200738
1772.0,327.00000009232997,851.5555328538142,0.38400314186962814,0.0,0.0,0.0,0.0,48.84307857870669,0.0,0.0,0.0,0.0,0.0,0.0,0.0,0.0,0.0,0.0,15.509713887886031,33.33336469082066
1773.0,531.1666666666666,1405.877849617357,0.37781850451035714,163.83333333333334,43.5,6.166666666666666,114.16666666666669,251.9672402732088,27.83333333333333,15.666666666666666,4.333333333333333,1.8333333333333333,21.666666666666668,13.166666666666666,10.666666666666666,68.66666666666667,1.0030036781615437,0.0,32.96411504198365,54.166788219730186
1774.0,150.0,392.55203225574064,0.3821149495470646,821.0,171.0,169.16666666666669,480.83333333333337,882.0548742082262,132.16666666666666,38.833333333333336,4.333333333333333,164.83333333333334,75.66666666666667,80.5,141.66666666666666,183.0,0.0,0.0,46.05483847365472,15.0000357345715
1775.0,366.3333333333333,950.3162832875822,0.38548569542133637,485.6666666666666,189.8333333333333,30.33333333333333,265.5,563.5777573238751,78.5,111.33333333333331,1.3333333333333333,29.0,39.16666666666666,28.5,28.166666666666668,169.66666666666666,0.0,0.0,40.41103796038755,37.50005269682082
1776.0,43.0,109.22095672256438,0.3936973387737819,261.0,10.333333333333334,62.83333333333333,187.8333333333333,279.4188261059349,8.333333333333334,2.0,10.166666666666666,52.66666666666666,59.5,86.33333333333333,4.833333333333333,37.16666666666666,0.0,0.0,14.418816576715791,4.000009529219066
1777.0,375.0,872.3258408068577,0.4298852360640191,397.0,53.66666666666667,6.833333333333333,336.5,472.6192994597709,23.666666666666668,30.0,2.5,4.333333333333333,29.0,10.166666666666666,217.33333333333331,80.0,1.0030036781615437,0.0,36.616205254028266,38.000090527581136
1778.0,360.8333333333333,788.0229949460803,0.4578969594129965,178.99999999999997,0.0,0.0,178.99999999999997,242.6077860127986,0.0,0.0,0.0,0.0,1.0,90.83333333333331,74.0,13.166666666666666,1.0030036781615437,0.0,25.604694189360742,37.000088145276365
1779.0,1020.0,1945.7912607107028,0.5242083365239515,818.3333333333334,176.0,24.5,617.8333333333334,1009.8588132475944,139.66666666666666,36.333333333333336,5.833333333333333,18.666666666666668,85.0,53.16666666666666,52.5,427.1666666666667,0.0,0.0,87.19194608921369,104.33353382504724
1780.0,662.6666666666666,1523.0522957664723,0.43509121026811576,2335.0,421.83333333333337,225.8333333333333,1687.3333333333337,2545.179132783628,247.83333333333331,174.0,10.666666666666666,215.16666666666663,377.8333333333333,167.66666666666666,228.5,913.3333333333334,0.0,0.0,142.17897078690405,68.00016199672413
1781.0,392.1666666666667,983.5340666988284,0.3987321638821825,1220.6666666666667,219.5,66.33333333333333,934.8333333333334,1338.1836793802445,142.83333333333334,76.66666666666667,27.666666666666668,38.66666666666666,213.16666666666663,147.33333333333334,178.83333333333334,395.5,1.0030036781615437,0.0,76.51391374322527,40.000095292190665
1782.0,10.0,23.79583748044142,0.42024156570321713,1581.3333333333333,68.83333333333334,980.1666666666669,532.3333333333333,1721.276683976948,54.333333333333336,14.5,606.5,373.6666666666667,47.833333333333336,66.83333333333333,87.33333333333333,330.3333333333333,0.0,0.0,138.94334826131043,1.0000023823047666
1783.0,0.0,0.0,0.0,5119.666666666667,696.6666666666667,584.1666666666666,3838.8333333333335,5815.591410379972,526.8333333333334,169.83333333333334,330.8333333333333,253.33333333333331,805.8333333333334,673.3333333333334,340.0,2019.6666666666667,24.90774222726264,20.45592130204017,650.5610801840021,0.0
1784.0,0.0,0.0,0.0,3.9999999990097144,0.1666666666254047,0.4999999998762143,3.333333332508095,4.189721269709004,0.0,0.1666666666254047,0.0,0.4999999998762143,0.9999999997524286,1.1666666663778333,0.1666666666254047,0.9999999997524286,0.0,0.0,0.18972127069929084,0.0
1785.0,3110.0,8601.693664320233,0.3615567028270559,4813.5,859.8333333333334,491.5,3462.166666666667,5507.814542796054,572.8333333333334,287.0,340.8333333333333,150.66666666666666,936.8333333333334,422.5,328.0,1774.8333333333333,0.0,0.0,375.8138253991228,318.5007173969314
1786.0,217.5,550.6858309342748,0.39496204148016106,2511.1666666666665,352.5,143.0,2015.6666666666663,2662.685914276315,233.83333333333331,118.66666666666669,50.333333333333336,92.66666666666669,515.0,369.6666666666667,168.83333333333334,962.1666666666666,0.0,0.0,129.18573661154207,22.333510998106863
1787.0,752.5,1798.7420690850904,0.4183479182108364,1893.5,508.6666666666667,158.16666666666669,1226.6666666666663,2104.002140821101,399.0,109.66666666666669,12.833333333333334,145.33333333333334,215.66666666666663,243.66666666666663,110.83333333333331,656.5,0.0,0.0,133.50200701635228,77.00013380474847
1788.0,645.5,1328.9896063405797,0.4857073350463645,0.0,0.0,0.0,0.0,96.61806472535471,0.0,0.0,0.0,0.0,0.0,0.0,0.0,0.0,0.0,0.0,30.617907493240107,66.0001572321146
1789.0,1110.6666666666667,2392.4091748129863,0.4642461157395817,334.66666666666663,84.16666666666666,2.6666666666666665,247.8333333333333,546.0506314611612,38.16666666666666,46.0,1.3333333333333333,1.3333333333333333,7.0,4.333333333333333,1.8333333333333333,234.66666666666663,0.0,0.0,97.55035278702388,113.8336120074706
1790.0,0.0,0.0,0.0,4800.000003230084,221.83333348261252,860.6666672458387,3717.500002501633,5027.6655282788,153.66666677007422,68.16666671253834,15.166666676872834,845.5000005689658,1344.8333342383175,870.5000005857892,65.83333337763483,1436.333334299891,0.0,0.0,227.6655250487164,0.0
1791.0,174.16666666666666,312.6096286819862,0.5571378827996505,1534.5,226.5,316.6666666666667,991.3333333333331,1634.9945171448223,147.66666666666666,78.83333333333333,200.0,116.66666666666669,279.8333333333333,169.0,122.0,420.5,0.0,0.0,82.66118823164591,17.833328913176572
1792.0,1071.3333333333333,1539.98967538307,0.6956756596870305,1867.8333333333333,411.0,179.0,1277.8333333333333,2117.417026922926,303.3333333333333,107.66666666666669,75.66666666666667,103.33333333333331,499.0,96.66666666666669,84.16666666666667,598.0,0.0,0.0,139.91689959321636,109.66679399637631
1793.0,430.8333333333333,805.4129044020814,0.534922312491595,624.0,72.83333333333333,30.0,521.1666666666666,718.0303243085735,44.66666666666666,28.166666666666668,2.0,28.0,105.33333333333331,104.0,24.83333333333333,287.0,0.0,0.0,50.03021948716381,44.000104821409735
1794.0,826.3333333333334,1692.7690031906247,0.4881548113037364,312.49999999999994,10.666666666666668,10.166666666666668,291.66666666666663,451.33898513847606,6.0,4.666666666666667,1.3333333333333333,8.833333333333334,70.83333333333333,54.5,47.833333333333336,118.5,0.0,0.0,54.0052743614246,84.83371077705148
1795.0,921.3333333333334,1975.3178140135808,0.46642283423815617,1203.8333333333333,637.1666666666666,25.166666666666668,541.5,1399.0615454983051,378.8333333333333,258.3333333333333,10.333333333333334,14.833333333333334,155.16666666666666,48.833333333333336,37.5,300.0,0.0,0.0,100.8941182817169,94.33409388325497
1796.0,955.3333333333334,1847.5926766146608,0.5170692357818759,221.16666666666663,27.0,15.333333333333332,178.83333333333331,374.587743526464,15.166666666666666,11.833333333333334,8.0,7.333333333333333,56.66666666666666,24.5,21.5,76.16666666666667,0.0,0.0,55.58720989465212,97.8338669651452
1797.0,1091.999999924117,2183.472747621463,0.500120737075227,0.0,0.0,0.0,0.0,163.79417372048093,0.0,0.0,0.0,0.0,0.0,0.0,0.0,0.0,0.0,0.0,51.79390691012995,112.000266810351
1798.0,0.0,0.0,0.0,1213.0,657.1666666666666,22.5,533.3333333333334,1270.5329753538035,507.0,150.16666666666666,2.833333333333333,19.666666666666668,86.0,67.5,29.83333333333333,350.0,0.0,0.0,57.53297535380349,0.0
1799.0,735.1666666666666,1549.9040238457949,0.47433044585721446,360.6666666666667,58.5,23.666666666666668,278.5,487.5998466313861,38.66666666666666,19.83333333333333,14.833333333333334,8.833333333333334,76.33333333333333,37.0,35.666666666666664,129.5,0.0,0.0,51.76605571807709,75.16712424664236
1800.0,483.5,1136.9322275548973,0.42526721319160954,3346.166666666667,537.1666666666666,176.33333333333334,2632.666666666667,3577.739088521488,349.3333333333333,187.83333333333331,129.5,46.833333333333336,529.3333333333334,343.1666666666667,697.5,1062.6666666666667,0.0,0.0,182.072402003746,49.50001985107536
1801.0,1061.3333333333333,1814.269301368278,0.5849921687661811,883.8333333333333,208.0,70.5,605.3333333333333,1084.5545951801223,70.16666666666667,137.83333333333334,8.666666666666666,61.833333333333336,124.83333333333331,115.33333333333331,56.16666666666666,309.0,0.0,0.0,92.22104473385872,108.5002171129304
1802.0,672.8333333333334,1190.6202363625655,0.5651116223161886,2048.333333333333,463.33333333333337,139.5,1445.5,2246.2711521086067,321.6666666666667,141.66666666666666,78.33333333333333,61.16666666666666,238.16666666666663,204.0,215.33333333333331,788.0,0.0,0.0,129.10440379752012,68.83341497775338
1803.0,624.0,1272.1426129788667,0.4905110430495155,687.3333333333334,100.5,40.0,546.8333333333334,813.3599623458618,73.66666666666667,26.83333333333333,11.666666666666666,28.33333333333333,76.66666666666667,68.33333333333333,191.0,210.83333333333331,0.0,0.0,62.193103035102105,63.83352597742632
1804.0,426.4999999699992,918.8721814358595,0.4641559605205769,136.6666666570533,26.99999999810077,9.833333332641638,99.83333332631086,207.37761788264257,22.999999998382137,3.999999999718632,6.166666666232891,3.666666666408746,32.333333331058945,9.833333332641638,17.333333332114073,40.33333333049621,0.0,0.0,26.710846407274644,44.00010481831468
1805.0,497.3333333333333,1199.9236114064065,0.41447082848083877,198.16666666666663,7.833333333333334,4.833333333333334,185.5,313.11037856637915,5.0,2.833333333333333,3.8333333333333335,1.0,13.333333333333334,149.16666666666666,6.333333333333333,16.666666666666668,0.0,0.0,63.94358803803613,51.00012386167635
1806.0,1147.5,2450.6460864245296,0.46824386693640946,486.6666666666667,170.16666666666666,22.166666666666668,294.33333333333337,681.80675665788,136.16666666666666,34.0,13.333333333333334,8.833333333333334,48.66666666666666,18.83333333333333,33.333333333333336,193.5,0.0,0.0,77.47312094798936,117.666969043224
1807.0,479.6666666666667,1022.1027604125792,0.4692939743877081,485.6666666666667,12.833333333333332,3.5,469.33333333333337,580.4497149711316,9.166666666666666,3.6666666666666665,0.3333333333333333,3.1666666666666665,202.0,102.0,30.5,134.83333333333334,0.0,0.0,45.7829315715313,49.00011673293357
1808.0,1593.3333353267083,3859.763900053527,0.4128059064194605,1126.833334743083,230.0000002877466,46.000000057549315,850.8333343977871,1418.69278963115,145.500000182031,84.5000001057156,32.00000004003431,14.00000001751501,203.333333587718,91.16666678072276,90.33333344634683,466.00000058299963,0.0,0.0,128.6929458717842,163.1665090162824
1809.0,1686.0,3896.259694389688,0.4327226961867325,286.33333333333337,21.166666666666668,46.0,219.16666666666669,552.7159998700457,11.833333333333334,9.333333333333334,4.5,41.5,38.0,49.5,8.5,123.16666666666669,0.0,0.0,93.54892580961712,172.8337407270952
1810.0,284.3333333333333,366.7578604249063,0.7752617299160807,225.3333333333333,13.5,84.33333333333333,127.5,278.51053228012546,9.833333333333334,3.6666666666666665,9.333333333333334,75.0,18.83333333333333,59.333333333333336,7.166666666666667,42.16666666666666,0.0,0.0,24.177129859953904,29.000069086838234
1811.0,327.3333333333333,643.3704070381318,0.5087789704849335,296.0,3.0,13.0,280.0,359.2315140523045,2.6666666666666665,0.3333333333333333,2.5,10.5,2.333333333333333,250.0,18.33333333333333,9.333333333333334,0.0,0.0,29.56477347954144,33.6667405727631
1812.0,265.16666650070505,596.0734123918421,0.4448557190911777,326.6666664622135,77.3333332849322,40.333333308089635,208.99999986919175,381.7470773779228,51.16666663464263,26.166666650289557,3.4999999978094314,36.83333331028021,28.49999998216251,40.333333308089635,13.999999991237726,126.1666665877019,0.0,0.0,28.080346610379205,27.000064305329985
1813.0,807.1666666666666,1594.0041573618848,0.5063767637862042,350.0,49.16666666666666,35.33333333333333,265.5,487.8848958933095,41.16666666666666,8.0,2.1666666666666665,33.166666666666664,59.0,48.5,6.0,152.0,0.0,0.0,54.8846981620138,83.00019773129564
1814.0,524.1666666666666,1417.01955617105,0.3699078565175383,648.3333333333334,112.83333333333334,76.5,459.0,762.6137441926869,86.66666666666667,26.166666666666668,15.666666666666666,60.833333333333336,70.0,128.33333333333334,27.0,233.66666666666663,0.0,0.0,60.61364865038798,53.66676220896554
1815.0,618.6666666666666,1247.914417940711,0.4957604926847313,456.1666666666667,61.0,124.5,270.6666666666667,570.3214817992565,49.333333333333336,11.666666666666666,93.83333333333331,30.666666666666668,60.5,57.833333333333336,24.5,127.83333333333331,0.0,0.0,50.988040937872114,63.16677419471778
1816.0,511.8333332536456,1069.5673207282591,0.4785424192888978,111.99999998256264,2.999999999532928,1.9999999996886186,106.9999999833411,193.9215469822202,2.166666666329337,0.8333333332035912,0.0,1.9999999996886186,6.49999999898801,5.166666665862265,79.49999998762259,15.833333330868232,0.0,0.0,29.588137062605988,52.33340993705158
1817.0,305.8333333333333,768.457613057894,0.39798334759980114,475.83333333333337,104.16666666666669,25.833333333333336,345.83333333333337,543.9078421185476,83.66666666666667,20.5,5.166666666666667,20.666666666666668,64.16666666666667,51.833333333333336,15.833333333333334,214.0,0.0,0.0,37.07443493376647,31.00007385144777
1818.0,234.0,544.2142087525941,0.42997774816713585,602.5,65.0,135.66666666666669,401.83333333333337,668.7090992498705,46.16666666666666,18.83333333333333,36.5,99.16666666666669,75.0,78.16666666666667,31.0,217.66666666666663,0.0,0.0,42.20904207455615,24.0000571753144
1819.0,288.3333333333333,702.656398454522,0.4103475524701923,0.0,0.0,0.0,0.0,44.34581755137005,0.0,0.0,0.0,0.0,0.0,0.0,0.0,0.0,1.0030036781615437,0.0,13.676066282139931,29.666747591068567
1820.0,360.8333333333333,772.1047958028352,0.46733725174979457,83.5,8.0,6.5,69.0,141.5731437689165,5.166666666666667,2.833333333333333,1.6666666666666667,4.833333333333333,18.5,6.166666666666667,4.0,40.333333333333336,0.0,0.0,21.073055623640155,37.000088145276365
1821.0,203.83333333333331,528.8092508808169,0.3854572002925745,412.6666666666666,31.166666666666668,18.83333333333333,362.6666666666666,462.9037557711511,24.5,6.666666666666667,15.166666666666666,3.6666666666666665,7.833333333333333,49.833333333333336,4.666666666666667,300.3333333333333,0.0,0.0,29.23703907608433,21.0000500284001
1822.0,454.0,914.9217507154432,0.49621729906954853,269.5,12.833333333333332,20.666666666666668,236.0,350.3079081968709,7.333333333333333,5.5,3.6666666666666665,17.0,42.66666666666666,23.33333333333333,64.0,106.0,0.0,0.0,34.30783878683602,46.50006941003485
1823.0,595.5,1310.3240122043628,0.454467745728164,827.0,152.33333333333334,151.83333333333334,522.8333333333333,955.4679245864407,123.5,28.83333333333333,4.0,147.83333333333334,100.5,89.33333333333333,98.33333333333331,234.66666666666663,0.0,0.0,67.46777926585015,61.00014532059077
1824.0,1066.1666666666667,2226.868702165513,0.4787739239542393,988.0,77.5,92.16666666666669,818.3333333333333,1199.768827041351,55.5,22.0,23.166666666666668,69.0,155.0,162.5,160.16666666666666,340.6666666666667,0.0,0.0,102.43521748867018,109.33360955268093
1825.0,1485.3333333333333,2844.3052248970403,0.5222130593903122,371.3333333333333,29.5,30.33333333333333,311.5,611.4177507013642,16.666666666666668,12.833333333333334,22.5,7.833333333333333,64.83333333333333,38.0,42.333333333333336,166.33333333333334,0.0,0.0,88.08405525770632,152.00036211032457
1826.0,56.833333333333336,115.91746565929289,0.4902913724872065,11053.833333333334,670.1666666666667,741.0,9642.666666666668,11587.01152168436,399.6666666666667,270.5,166.5,574.5,3571.6666666666665,1262.3333333333333,813.6666666666666,3995.0,0.0,0.0,527.1781929582645,5.99999539276348
1827.0,599.6666666666666,1272.560506996092,0.4712284118278929,149.33333333333334,41.5,6.833333333333333,101.0,246.14611868479895,11.5,30.0,5.5,1.3333333333333333,26.0,14.666666666666666,7.666666666666667,52.66666666666666,0.0,0.0,35.47921687744124,61.33356847402438
1828.0,2346.6666666666665,4904.008479053052,0.47852010792603694,2768.0,338.33333333333337,187.0,2242.6666666666665,3250.9946470236077,219.33333333333331,119.0,144.66666666666666,42.333333333333336,637.5,285.5,280.3333333333333,1039.3333333333333,0.0,0.0,242.49421938314725,240.50042764046043
1829.0,767.4999996417756,1630.508170335752,0.4707121458236747,2301.6666655923823,187.4999999124859,44.99999997899661,2069.1666657009,2525.728712378615,17.666666658420894,169.83333325406502,28.833333319875603,16.166666659121006,577.4999997304566,856.1666662670578,416.8333331387797,218.66666656460575,0.0,0.0,145.56186572975722,78.50018105647536
1830.0,0.0,0.0,0.0,3738.0,216.16666666666663,195.83333333333331,3326.0,3915.2917015232506,163.0,53.16666666666666,21.5,174.33333333333334,1085.1666666666667,378.6666666666667,126.33333333333331,1735.8333333333333,0.0,0.0,177.2917015232504,0.0
1831.0,1274.8333333333333,2890.533458534624,0.4410373903714018,395.1666666666667,41.16666666666666,19.666666666666664,334.33333333333337,604.8758656705829,22.33333333333333,18.83333333333333,13.166666666666666,6.5,115.16666666666669,76.0,58.833333333333336,84.33333333333333,0.0,0.0,79.20892948028101,130.50026952363524
1832.0,0.0,0.0,0.0,6980.166666666666,1502.8333333333337,344.5,5132.833333333333,7313.438469922218,1039.6666666666667,463.1666666666667,216.5,128.0,1461.3333333333333,943.5,628.0,2100.0,0.0,0.0,333.2718032555517,0.0
1833.0,748.1666666666666,1729.827050392125,0.43250951966386975,499.33333333333337,41.16666666666667,12.333333333333332,445.83333333333337,634.9887765993664,24.166666666666668,17.0,7.5,4.833333333333333,110.66666666666669,108.83333333333331,71.16666666666667,155.16666666666666,0.0,0.0,59.15522674424364,76.50021652178933
1834.0,1006.1666666666666,2278.0939932198257,0.4416703918544489,348.0,15.5,32.0,300.5,515.0570674660361,10.166666666666666,5.333333333333333,5.666666666666667,26.33333333333333,67.33333333333333,39.5,20.0,173.66666666666666,0.0,0.0,64.2235242213353,102.83354324470076
1835.0,745.6666666666666,1647.8583967849383,0.45250651883772475,1411.0,237.83333333333331,50.16666666666667,1123.0,1589.4576703600003,158.33333333333334,79.5,13.333333333333334,36.833333333333336,118.16666666666669,462.5,91.83333333333331,450.5,0.0,0.0,102.29078717214786,76.16688318785249
1836.0,1000.8333333333334,2059.244327157744,0.4860197112766729,21.0,0.0,0.0,21.0,171.96749750936883,0.0,0.0,0.0,0.0,20.83333333333333,0.0,0.1666666666666666,0.0,0.0,0.0,48.467219047655554,102.50027846171326
1837.0,513.3333333333334,1071.4162412710002,0.47911662485569195,55.0,2.5,5.0,47.5,135.62481840956528,2.5,0.0,0.3333333333333333,4.666666666666667,5.0,2.1666666666666665,30.166666666666668,10.166666666666666,1.0030036781615437,0.0,26.95503835071247,52.66677638069126
1838.0,276.8333333333333,568.4993942198804,0.4869544913292582,0.0,0.0,0.0,0.0,41.13126759820089,0.0,0.0,0.0,0.0,0.0,0.0,0.0,0.0,0.0,0.0,13.131200893667426,28.000066704533467
1839.0,176.33333333333334,356.28489650227215,0.49492228007540257,48.0,2.166666666666667,17.666666666666668,28.166666666666664,80.65300105749579,1.0,1.1666666666666667,17.5,0.1666666666666666,3.6666666666666665,5.5,5.333333333333333,13.666666666666666,4.012014712646175,0.0,10.640943463363811,18.0000428814858
1840.0,794.4999987741922,1553.514246986408,0.5114211217022354,166.99999974234126,0.1666666664095221,3.1666666617809214,163.6666664141508,293.9381643326822,0.0,0.1666666664095221,0.999999998457133,2.166666663323788,0.3333333328190443,136.99999978862724,0.0,26.3333332927045,0.0,0.0,45.60468568379013,81.3334789065509
1841.0,1435.0,3165.9434230618785,0.4532614163433687,644.3333333333334,237.66666666666669,210.0,196.66666666666669,892.7922050341676,18.83333333333333,218.83333333333331,197.66666666666663,12.333333333333334,49.5,47.333333333333336,10.5,89.33333333333333,0.0,0.0,101.6252236347237,146.8336480661105
1842.0,1256.8333333333333,2628.257712881763,0.4782001883503554,70.0,0.0,16.833333333333336,53.16666666666667,268.76694702583484,0.0,0.0,12.833333333333334,4.0,20.666666666666668,5.166666666666667,6.0,21.33333333333333,0.0,0.0,69.9333040113216,128.83364301451323
1843.0,454.5,1126.697274803783,0.40339140793533224,1.0,0.0,0.0,1.0,69.27145002187582,0.0,0.0,0.0,0.0,1.0,0.0,0.0,0.0,0.0,0.0,21.60464066642784,46.66680935544798
1844.0,510.6666658371288,1063.3064375425301,0.4802629306160889,69.9999998862905,4.166666659898244,0.9999999983755785,64.83333322801667,152.70716844441034,4.166666659898244,0.0,0.9999999983755785,0.0,26.833333289744687,2.166666663147087,10.999999982131364,24.83333329299353,0.0,0.0,30.540385187740032,52.166783370379804
1845.0,739.3333333333334,1755.2838856007656,0.42120442134651526,10.0,0.0,0.0,10.0,121.20725681045263,0.0,0.0,0.0,0.0,0.0,0.0,10.0,0.0,0.0,0.0,35.54045164664464,75.666805163808
1846.0,1209.1666666666667,2546.000407343961,0.4749279156353686,297.0,97.83333333333331,100.5,98.66666666666669,492.26814374590856,90.5,7.333333333333333,94.33333333333331,6.166666666666667,0.3333333333333333,62.333333333333336,0.3333333333333333,35.666666666666664,0.0,0.0,71.43452209878156,123.83362164712702
1847.0,961.8333333333334,2071.015443223337,0.46442595900508205,120.0,0.5,40.66666666666666,78.83333333333334,269.80874130227943,0.3333333333333333,0.1666666666666666,0.0,40.66666666666666,22.5,0.1666666666666666,32.0,24.166666666666668,0.0,0.0,51.30851963837056,98.50022166390887
1848.0,293.5,604.1588346464846,0.4857994010329048,54.49999999999999,10.5,1.1666666666666667,42.83333333333333,112.48754339072023,7.666666666666667,2.833333333333333,0.3333333333333333,0.8333333333333334,12.666666666666666,2.5,1.3333333333333333,26.33333333333333,0.0,0.0,27.82077214316526,30.166771247554987
1849.0,287.3333333333333,587.0018326504286,0.48949307711011203,1483.1666666666667,201.5,28.833333333333336,1252.8333333333337,1596.6472945106043,47.16666666666666,154.33333333333334,13.0,15.833333333333334,366.5,90.33333333333331,227.16666666666663,568.8333333333334,0.0,0.0,83.98056583152908,29.500062012408847
1850.0,517.0,1054.2839693119784,0.49038021543417015,136.5,20.83333333333333,8.833333333333334,106.83333333333331,220.495283886476,16.5,4.333333333333333,0.3333333333333333,8.5,25.5,22.83333333333333,9.833333333333334,48.66666666666666,0.0,0.0,30.99515762432333,53.00012626215264
1851.0,202.5,402.3244252937405,0.5033251457506042,138.0,43.66666666666667,1.1666666666666667,93.16666666666669,175.15175405474434,4.333333333333333,39.333333333333336,0.1666666666666666,1.0,3.1666666666666665,73.16666666666667,0.8333333333333334,16.0,0.0,0.0,16.15170402634426,21.0000500284001
1852.0,1264.1666666666667,2942.906445605202,0.42956400077022966,867.5,102.0,43.66666666666667,721.8333333333333,1097.9411805624763,70.16666666666667,31.83333333333333,5.333333333333333,38.333333333333336,136.33333333333334,200.16666666666663,98.83333333333331,286.5,0.0,0.0,101.10757299641864,129.3336075660577
1853.0,1637.1666666666667,3369.63133494993,0.48585928368065634,1261.6666666666663,167.16666666666669,46.333333333333336,1048.1666666666663,1567.1746010070328,70.0,97.16666666666669,7.833333333333333,38.5,237.66666666666663,139.66666666666666,196.83333333333331,474.0,0.0,0.0,137.5075341131653,168.0004002272008
1854.0,842.8333333333334,1933.5894484461708,0.4358905319899386,245.8333333333333,29.83333333333333,79.83333333333333,136.16666666666666,383.63843588601367,24.0,5.833333333333333,48.16666666666666,31.666666666666668,19.83333333333333,13.333333333333334,17.5,85.5,0.0,0.0,51.63822391580633,86.166878636874
1855.0,349.8333333333333,815.9330154515519,0.4287525160870336,0.0,0.0,0.0,0.0,53.43006003466731,0.0,0.0,0.0,0.0,0.0,0.0,0.0,0.0,1.0030036781615437,0.0,16.593634896335807,35.83342146016995
1856.0,488.1666666666667,1123.361477728411,0.43455884534496036,732.6666666666667,81.16666666666667,72.0,579.5,840.5692199357364,43.833333333333336,37.333333333333336,23.0,49.0,135.16666666666666,94.66666666666669,103.16666666666669,246.5,0.0,0.0,57.90243415383136,50.000119115238334
1857.0,857.0,1750.614455531006,0.48954239883735573,111.0,0.0,0.0,111.0,244.91275716341448,0.0,0.0,0.0,0.0,0.3333333333333333,99.66666666666669,11.0,0.0,0.0,0.0,45.91254752059502,88.00020964281947
1858.0,525.6666666666666,1259.9783496190846,0.41720293592789565,232.0,37.16666666666667,12.166666666666668,182.66666666666663,321.93631221156704,36.833333333333336,0.3333333333333333,9.333333333333334,2.833333333333333,50.0,57.66666666666666,34.666666666666664,40.333333333333336,0.0,0.0,35.93618356710962,54.0001286444574
1859.0,904.0,1927.1047062535893,0.46909750003020434,285.0,28.33333333333333,17.333333333333332,239.3333333333333,434.06862701514194,21.83333333333333,6.5,0.5,16.833333333333332,24.83333333333333,76.83333333333333,5.666666666666667,132.0,0.0,0.0,56.401566250015485,92.66706076512646
1860.0,1181.0,2573.4827802746577,0.45891117245943125,221.0,0.5,1.3333333333333337,219.16666666666663,408.4956105027167,0.3333333333333333,0.1666666666666666,1.1666666666666667,0.1666666666666666,0.3333333333333333,2.333333333333333,0.0,216.5,0.0,0.0,66.49532224383996,121.00028825887676
1861.0,0.0,0.0,0.0,4827.833333333333,407.1666666666667,870.8333333333334,3549.833333333333,5056.66643879766,329.5,77.66666666666667,413.1666666666667,457.6666666666667,1419.8333333333333,414.0,138.83333333333334,1577.1666666666667,0.0,0.0,228.83310546432708,0.0
1862.0,872.5,1921.249755928832,0.4541314825454269,891.5,91.16666666666669,226.0,574.3333333333333,1064.353641572062,59.5,31.666666666666668,70.33333333333333,155.66666666666666,87.33333333333333,73.0,49.16666666666666,364.8333333333333,0.0,0.0,83.5194769966087,89.33416457545353
1863.0,686.8333333333334,1601.4916228715815,0.42887101220160945,1149.3333333333333,201.0,60.333333333333336,888.0,1306.6252518005135,122.83333333333331,78.16666666666667,36.833333333333336,23.5,234.16666666666663,111.0,100.0,442.8333333333333,0.0,0.0,86.95853670330352,70.33338176387682
1864.0,688.8333333333334,1646.9482063276173,0.4182483278386157,233.83333333333331,30.666666666666664,41.0,162.16666666666669,348.2619656282286,20.83333333333333,9.833333333333334,4.166666666666667,36.833333333333336,22.33333333333333,32.166666666666664,11.166666666666666,96.5,0.0,0.0,43.76180357685579,70.66682871803947
1865.0,535.0,1104.733265117775,0.48427979575953467,196.0,31.333333333333336,11.333333333333334,153.33333333333331,285.3405670066783,25.166666666666668,6.166666666666667,2.0,9.333333333333334,39.5,30.33333333333333,5.0,78.5,0.0,0.0,34.67381423540368,54.66675277127464
1866.0,1064.3333333333333,2030.176756231327,0.5242564865677433,913.0,117.66666666666669,81.66666666666667,713.6666666666666,1115.7864077609,60.833333333333336,56.833333333333336,27.83333333333333,53.833333333333336,162.66666666666666,95.0,98.33333333333331,357.6666666666667,0.0,0.0,93.7861480896803,109.00025967121957
1867.0,365.1666666666667,923.7212747967968,0.39532126912092314,177.99999999999997,10.5,9.666666666666668,157.83333333333331,241.2605045844741,7.833333333333333,2.6666666666666665,1.3333333333333333,8.333333333333334,51.66666666666666,38.16666666666666,12.333333333333334,55.66666666666666,0.0,0.0,25.760428241155967,37.50007634331811
1868.0,636.5,1610.4578052338732,0.3952292310493453,129.0,0.0,0.3333333333333333,128.66666666666666,230.47368186459815,0.0,0.0,0.0,0.3333333333333333,7.0,60.0,1.0,60.66666666666666,0.0,0.0,36.30685089199103,65.16683097260714
1869.0,392.1666666666667,1043.5767634742635,0.3757909148542844,0.0,0.0,0.0,0.0,58.60067195267317,0.0,0.0,0.0,0.0,0.0,0.0,0.0,0.0,0.0,0.0,18.600576660482503,40.000095292190665
1870.0,535.1666666666666,1173.641302922331,0.45598826944324294,2417.833333333333,270.8333333333333,549.5,1597.5,2698.6242925833994,228.5,42.333333333333336,268.8333333333333,280.6666666666667,377.6666666666667,479.5,145.16666666666666,595.1666666666666,0.0,0.0,225.9574759606105,54.833483289455366
1871.0,0.0,0.0,0.0,770.0,235.83333333333331,301.5,232.66666666666669,806.521344618655,228.5,7.333333333333333,181.0,120.5,80.66666666666667,12.666666666666666,6.166666666666667,133.16666666666666,0.0,0.0,36.52134461865513,0.0
1872.0,874.0,2303.2519819302765,0.37946347462492164,3713.166666666667,505.1666666666666,178.83333333333331,3029.166666666667,4020.1590825777394,312.8333333333333,192.33333333333331,76.83333333333333,102.0,744.8333333333334,381.5,352.1666666666667,1550.6666666666667,0.0,0.0,217.4921093255174,89.5003065855551
1873.0,494.1666666666667,1236.8465444981264,0.39953757308444765,3234.166666666667,390.1666666666667,110.66666666666669,2733.333333333333,3461.960711771551,266.1666666666667,124.0,22.5,88.16666666666667,648.0,161.0,185.83333333333331,1738.5,0.0,0.0,177.1274223718001,50.66662273308387
1874.0,212.0,516.2975671158007,0.41061591900248173,500.5,87.16666666666666,35.5,377.83333333333337,555.7668758457455,63.66666666666666,23.5,14.666666666666666,20.83333333333333,116.66666666666669,60.833333333333336,43.0,157.33333333333334,0.0,0.0,33.76686599332981,21.500009852415683
1875.0,158.5,360.61690269030174,0.43952460025458095,140.0,0.5,51.33333333333333,88.16666666666666,173.15815646595726,0.3333333333333333,0.1666666666666666,0.1666666666666666,51.16666666666666,0.1666666666666666,78.33333333333333,0.3333333333333333,9.333333333333334,0.0,0.0,17.15811834908102,16.000038116876265
1876.0,174.5,419.0087936890209,0.41645904006852436,377.0,73.0,16.5,287.5,421.1733792001778,47.16666666666666,25.83333333333333,9.5,7.0,68.83333333333333,47.66666666666666,39.5,131.5,0.0,0.0,26.173352866216533,18.00002633396127
1877.0,548.5,1391.3754327676686,0.39421423368741365,885.1666666666666,132.0,77.5,675.6666666666666,1009.168302487442,92.5,39.5,14.333333333333334,63.16666666666666,108.66666666666669,168.33333333333334,73.83333333333333,324.8333333333333,0.0,0.0,68.00150241170847,56.00013340906693
1878.0,678.8333333333334,1471.5849295870105,0.4612940236645689,891.0,78.0,66.5,746.5,1042.9581766481842,34.0,44.0,3.6666666666666665,62.833333333333336,123.66666666666669,223.5,16.5,382.8333333333333,0.0,0.0,82.45805244513976,69.50012420304448
1879.0,673.1666666666666,1382.8915127116616,0.48678197854196,1028.0,164.0,45.0,819.0,1177.6868404063366,99.16666666666669,64.83333333333333,11.333333333333334,33.666666666666664,123.5,132.0,118.66666666666669,444.8333333333333,0.0,0.0,80.68667602730768,69.0001643790289
1880.0,516.0,1221.012289471551,0.4226001690968423,2587.833333333333,974.6666666666669,62.833333333333336,1550.3333333333333,2787.8769010413744,736.3333333333334,238.33333333333331,9.5,53.333333333333336,229.0,155.0,66.83333333333333,1099.5,0.0,0.0,147.21013410635553,52.83343360168582
1881.0,504.1666666666667,1112.5069548861052,0.45318068750256185,689.0,111.16666666666666,15.5,562.3333333333334,797.5919769523643,50.66666666666666,60.5,1.8333333333333333,13.666666666666666,91.5,57.333333333333336,178.16666666666666,235.33333333333331,0.0,0.0,56.5918530725165,52.00012387984787
1882.0,589.3333333333334,1383.7007836193245,0.42591096305649506,0.0,0.0,0.0,0.0,88.45324123114612,0.0,0.0,0.0,0.0,0.0,0.0,0.0,0.0,0.0,0.0,27.95313846884453,60.50010276230159
1883.0,2038.5,4501.439281038976,0.4528551587014841,904.0,237.66666666666669,130.5,535.8333333333333,1252.3962225295145,153.5,84.16666666666667,27.666666666666668,102.83333333333331,98.16666666666669,108.83333333333331,104.83333333333331,224.0,0.0,0.0,139.56238893061962,208.83383359889456
1884.0,586.0,1307.9960461313813,0.4480135866872027,80.0,0.1666666666666666,0.1666666666666666,79.66666666666667,171.5881250112062,0.0,0.1666666666666666,0.0,0.1666666666666666,0.1666666666666666,79.5,0.0,0.0,0.0,0.0,31.587982072920184,60.000142938286
1885.0,667.5,1131.547068702058,0.5899003395109816,1410.0,160.16666666666666,240.83333333333331,1009.0,1577.7004078543168,138.0,22.166666666666668,93.5,147.33333333333334,336.5,38.0,107.83333333333331,526.6666666666666,1.0030036781615437,0.0,98.53058260415844,68.16682157199692
1886.0,524.6666666666666,1394.786028214987,0.37616283505371945,2879.666666666667,343.3333333333333,154.0,2382.333333333333,3094.9156969167634,229.0,114.33333333333331,83.5,70.5,566.0,513.8333333333334,200.33333333333331,1102.1666666666667,0.0,0.0,161.58212135142463,53.666908898672354
1887.0,484.6666666666667,1243.1867461384104,0.3898582961667983,3546.833333333333,158.33333333333334,1465.8333333333333,1922.666666666667,3787.407609516334,106.16666666666669,52.16666666666666,1364.8333333333333,101.0,389.1666666666667,300.5,88.33333333333333,1144.6666666666667,0.0,0.0,191.07431784244173,49.49995834055925
1888.0,214.66666666666663,546.0080995046959,0.3931565609766571,1359.5000000000002,92.33333333333334,74.33333333333333,1192.8333333333337,1495.3369545678866,64.16666666666667,28.166666666666668,4.5,69.83333333333333,179.0,292.6666666666667,19.166666666666668,702.0,0.0,39.05221339353675,74.61801729314631,22.16672388120364
1889.0,280.6666666666667,669.7861356095242,0.4190392302033128,0.0,0.0,0.0,0.0,42.311682050004286,0.0,0.0,0.0,0.0,0.0,0.0,0.0,0.0,0.0,0.0,13.31161296316605,29.000069086838234
1890.0,629.5,1326.4000836861003,0.474592853048232,1195.0,226.0,78.66666666666667,890.3333333333333,1346.0358621966473,162.33333333333334,63.66666666666666,41.333333333333336,37.333333333333336,129.66666666666666,168.0,88.33333333333333,504.3333333333333,0.0,0.0,86.53570734770925,64.5001548489381
1891.0,542.3333333333334,1370.10298237976,0.3958339922677516,947.6666666666669,43.5,92.33333333333334,811.8333333333334,1073.8388989106973,28.83333333333333,14.666666666666666,8.166666666666666,84.16666666666667,164.33333333333334,205.66666666666663,163.83333333333334,278.0,0.0,0.0,70.672136665724,55.50009557830662
1892.0,385.0,924.6980912808526,0.4163521084667908,1051.0000000000002,14.0,3.666666666666667,1033.3333333333337,1158.2769081765596,13.833333333333334,0.1666666666666666,1.3333333333333333,2.333333333333333,5.5,56.833333333333336,953.5,17.5,0.0,0.0,68.11015096387206,39.16675721268755
1893.0,339.6666666666667,780.1084979760158,0.4354095200192392,1066.3333333333333,53.5,42.16666666666666,970.6666666666666,1168.0199808391758,25.666666666666668,27.83333333333333,3.5,38.66666666666666,131.16666666666666,580.0,66.0,193.5,0.0,0.0,66.6865641251757,35.00008338066684
1894.0,769.3333333333334,1545.4170134387148,0.4978160112405428,718.0,185.66666666666669,30.0,502.33333333333337,882.2710910797693,99.66666666666669,86.0,10.833333333333334,19.166666666666668,101.66666666666669,102.83333333333331,47.333333333333336,250.5,0.0,0.0,85.43747027919058,78.83362080057879
1895.0,632.5,1538.6404964062476,0.41107718240700775,592.3333333333334,39.5,29.333333333333336,523.5,735.0750063010402,24.0,15.5,3.6666666666666665,25.666666666666668,95.16666666666669,54.66666666666666,28.0,345.6666666666667,0.0,0.0,78.0748372684425,64.66683569926427
1896.0,528.3333333333334,1190.2457976053922,0.4438859052443336,0.0,0.0,0.0,0.0,79.06032974964738,0.0,0.0,0.0,0.0,0.0,0.0,0.0,0.0,0.0,0.0,25.06020110518998,54.0001286444574
1897.0,1513.8333333333333,3540.003232726329,0.4276361443227995,4171.833333333334,130.5,201.66666666666663,3839.666666666667,4615.541962509106,59.66666666666666,70.83333333333333,35.5,166.16666666666666,1442.5,592.5,51.5,1753.1666666666667,0.0,0.0,288.70854120889675,155.00008796687703
1898.0,1315.5,2522.527329012804,0.521500792030992,277.0,35.833333333333336,5.833333333333334,235.3333333333333,487.2180400160937,25.5,10.333333333333334,3.5,2.333333333333333,28.166666666666668,10.833333333333334,87.0,109.33333333333331,0.0,0.0,75.38377057309947,134.8342694429942
1899.0,335.5000005073354,719.3959959514196,0.46636345266785656,431.00000065174834,94.50000014290073,26.833333373910087,309.6666671349374,501.52078796191466,75.83333344800675,18.666666694893973,10.166666682040466,16.66666669186962,46.50000007031623,48.666666740259274,34.333333385251414,180.1666669391105,0.0,0.0,36.35407977005936,34.16670754010693
1900.0,205.0,533.121289374751,0.38452788152659534,31.0,0.3333333333333333,0.0,30.666666666666668,63.19360500242946,0.1666666666666666,0.1666666666666666,0.0,0.0,7.666666666666667,1.6666666666666667,15.166666666666666,6.166666666666667,0.0,0.0,11.193554974029366,21.0000500284001
1901.0,523.8333333333334,1333.6741275231286,0.39277460852163754,396.0,18.83333333333333,13.833333333333334,363.3333333333333,493.62760673668754,11.166666666666666,7.666666666666667,2.0,11.833333333333334,32.833333333333336,97.66666666666669,108.33333333333331,124.5,0.0,0.0,43.62747809223014,54.0001286444574
1902.0,198.66666666666663,419.1481288900657,0.4739772242160551,199.0,18.5,17.5,162.99999999999997,238.1903126367884,17.666666666666668,0.8333333333333334,7.0,10.5,19.166666666666668,38.16666666666666,77.5,28.166666666666668,0.0,0.0,18.8568607253126,20.33345191147577
1903.0,880.0,2071.551967539339,0.42480228050725394,13.0,0.0,8.666666666666666,4.333333333333333,145.35553134914664,0.0,0.0,8.666666666666666,0.0,0.0,0.0,4.0,0.3333333333333333,0.0,0.0,42.35531694171764,90.000214407429
1904.0,1129.8333333333333,2321.2711414972123,0.486730443994834,0.0,0.0,0.0,0.0,169.58989899878088,0.0,0.0,0.0,0.0,0.0,0.0,0.0,0.0,0.0,0.0,53.58962265142796,116.00027634735294
1905.0,849.1666666666666,1876.5526867595845,0.4525141620899547,93.0,0.0,0.0,93.0,240.6884084512421,0.0,0.0,0.0,0.0,0.0,93.0,0.0,0.0,0.0,0.0,60.68820119072743,87.0002072605147
1906.0,435.6666666666667,888.8179085155575,0.4901641410379401,0.0,0.0,0.0,0.0,65.49765081593111,0.0,0.0,0.0,0.0,0.0,0.0,0.0,0.0,0.0,0.0,20.66424574490681,44.83340507102429
1907.0,466.8333333333333,1020.0602956107772,0.45765268518152596,111.0,103.66666666666666,0.8333333333333334,6.5,189.24132729943628,1.8333333333333333,101.83333333333331,0.8333333333333334,0.0,0.8333333333333334,0.6666666666666666,1.0,4.0,0.0,0.0,30.407877251609158,47.83345004782715
1908.0,900.6666666666666,2285.820396534243,0.3940233747289401,4089.0,896.3333333333333,175.66666666666669,3017.0,4618.699950634837,536.1666666666666,360.1666666666667,40.333333333333336,135.33333333333334,650.1666666666666,377.3333333333333,210.5,1779.0,0.0,200.83995459931444,236.5265239168534,92.33347211866938
1909.0,1048.1666666666667,2576.087130939923,0.40688323546114985,173.16666666666666,20.5,11.833333333333334,140.83333333333331,338.5117411582966,13.833333333333334,6.666666666666667,8.5,3.333333333333333,45.16666666666666,24.5,13.166666666666666,58.0,0.0,0.0,57.84484084022913,107.5002336514008
1910.0,731.6666666666666,1741.5727406651706,0.42011835026036076,175.0,75.5,5.5,94.0,293.00387904476264,11.0,64.5,2.6666666666666665,2.833333333333333,6.166666666666667,5.833333333333333,3.5,78.5,0.0,0.0,43.00370037190513,75.0001786728575
1911.0,701.0,1442.3326211660542,0.4860182663228378,265.33333333333337,63.33333333333333,6.833333333333333,195.16666666666669,383.1685045297178,18.33333333333333,45.0,1.3333333333333333,5.5,15.333333333333334,70.0,5.166666666666667,104.66666666666669,0.0,0.0,45.83499967044133,72.0001715259432
1912.0,257.1666666666667,673.0416884576772,0.382096192668217,0.0,0.0,0.0,0.0,38.19803475457522,0.0,0.0,0.0,0.0,0.0,0.0,0.0,0.0,0.0,0.0,12.197972814651282,26.00006193992393
1913.0,287.6666666666667,719.0238844880788,0.4000794311185863,211.66666666666669,83.0,9.833333333333332,118.83333333333334,265.00530634993817,24.83333333333333,58.16666666666666,2.0,7.833333333333333,22.666666666666668,22.0,10.833333333333334,63.333333333333336,0.0,0.0,23.671934649620336,29.66670503365113
1914.0,401.1666666666667,1068.7832950894804,0.37534893042380524,10.333333333333334,2.5,0.3333333333333333,7.5,71.01083817391122,2.0,0.5,0.1666666666666666,0.1666666666666666,1.6666666666666667,1.0,0.6666666666666666,4.166666666666667,0.0,0.0,19.510780676003712,41.16672416457418
1915.0,444.6666666666667,1027.6935409334708,0.43268411151321307,0.0,0.0,0.0,0.0,67.09104643434632,0.0,0.0,0.0,0.0,0.0,0.0,0.0,0.0,0.0,0.0,21.09093684832705,46.00010958601927
1916.0,658.8333333333334,1406.8251195079154,0.4683121762595358,100.0,6.666666666666667,8.0,85.33333333333334,203.3260279412449,4.166666666666667,2.5,0.0,8.0,17.666666666666668,19.666666666666668,2.1666666666666665,45.833333333333336,0.0,0.0,35.9925349928887,67.33349294835621
1917.0,482.1666361683339,1003.5895681567201,0.4804420566605959,0.0,0.0,0.0,0.0,77.20274168416249,0.0,0.0,0.0,0.0,0.0,0.0,0.0,0.0,0.0,0.0,27.869337278818648,49.333404405343835
1918.0,0.0,0.0,0.0,1612.0,1031.0,66.83333333333334,514.1666666666666,1688.457672110743,659.8333333333334,371.1666666666667,51.333333333333336,15.5,48.0,24.666666666666668,22.5,419.0,0.0,0.0,76.45767211074296,0.0
1919.0,832.5,2177.555008532592,0.38230951536834146,3602.833333333333,1002.0,226.5,2374.333333333333,4032.021399693231,682.8333333333334,319.1666666666667,114.83333333333331,111.66666666666669,706.6666666666666,395.3333333333333,284.6666666666667,987.6666666666666,0.0,0.0,344.02091584465984,85.16715051523869
1920.0,780.0,1941.3419398799567,0.4017839330500589,246.66666666666669,23.33333333333333,20.166666666666668,203.16666666666669,385.1532625124769,17.333333333333332,6.0,6.833333333333333,13.333333333333334,57.833333333333336,35.5,27.83333333333333,82.0,1.0030036781615437,0.0,57.65002807334606,79.83356409430259
1921.0,369.5,942.2322600861648,0.39215384109880735,457.6666666666667,82.0,24.166666666666668,351.5,534.9152210716461,60.66666666666666,21.33333333333333,7.666666666666667,16.5,69.0,116.16666666666669,31.166666666666668,135.16666666666666,0.0,0.0,39.24846387739819,38.000090527581136
1922.0,635.1666666666666,1625.800402861307,0.39067936356075017,586.1666666666667,77.5,32.0,476.6666666666667,709.0942698069842,58.333333333333336,19.166666666666668,4.333333333333333,27.666666666666668,96.5,106.16666666666669,40.833333333333336,233.16666666666663,0.0,0.0,57.92744829050779,65.00015484980983
1923.0,477.5,1111.3818073612208,0.42964532695900354,342.00000000000006,8.666666666666666,12.0,321.33333333333337,429.8701431698335,5.833333333333333,2.833333333333333,1.3333333333333333,10.666666666666666,42.16666666666666,84.33333333333333,41.833333333333336,153.0,0.0,0.0,38.87002643689993,49.00011673293357
1924.0,618.6666666666666,1465.249582954466,0.42222613393904807,91.0,10.833333333333334,1.0,79.16666666666666,188.15951413076613,2.5,8.333333333333334,1.0,0.0,26.5,0.8333333333333334,7.833333333333333,44.0,0.0,0.0,33.65939240155458,63.50012172921154
1925.0,63.5,150.28075198993122,0.4225424690731817,157.0,43.66666666666666,25.5,87.83333333333333,174.1250820319508,42.0,1.6666666666666667,16.166666666666668,9.333333333333334,22.166666666666668,24.83333333333333,1.1666666666666667,39.66666666666666,0.0,0.0,10.458401053887512,6.666680978063272
1926.0,156.0,371.4452117380532,0.4199811844929979,0.0,0.0,0.0,0.0,23.399167675980426,0.0,0.0,0.0,0.0,0.0,0.0,0.0,0.0,0.0,0.0,7.399129559104157,16.000038116876265
1927.0,674.3333333333334,1480.301941743987,0.45553769424829743,0.0,0.0,0.0,0.0,109.98244135981834,0.0,0.0,0.0,0.0,0.0,0.0,0.0,0.0,0.0,0.0,40.98227698078944,69.0001643790289
1928.0,591.1666666666666,1620.378945752305,0.3648323549354694,3355.0,653.1666666666667,207.0,2494.833333333333,3602.5499688569994,420.6666666666667,232.5,128.33333333333334,78.66666666666667,710.1666666666666,481.6666666666667,346.0,957.0,0.0,0.0,187.0487717648016,60.50119709219778
1929.0,1125.1666666666667,2860.0726478189663,0.39340492540449845,738.9999999999999,33.333333333333336,111.33333333333331,594.3333333333333,948.419266581274,21.666666666666668,11.666666666666666,8.833333333333334,102.5,159.66666666666666,139.5,66.0,229.16666666666663,0.0,0.0,94.41899261622576,115.00027396504817
1930.0,497.0,1195.7203861383591,0.4156490144030138,120.0,8.833333333333334,7.5,103.66666666666666,200.26462751015376,5.5,3.333333333333333,0.5,7.0,31.33333333333333,17.0,1.8333333333333333,53.5,0.0,0.0,29.26450601261067,51.0001214975431
1931.0,530.5,1387.705076852035,0.3822858392962159,220.0,30.666666666666664,14.333333333333334,175.0,309.7635666399609,27.83333333333333,2.833333333333333,0.5,13.833333333333334,50.0,68.0,8.666666666666666,48.333333333333336,0.0,0.0,35.596811505424746,54.16675513453615
1932.0,423.00000003602565,1121.1168257313025,0.37730233846067157,297.00000002529464,5.333333333787558,5.333333333787558,286.33333335771954,374.15011769018565,3.833333333659807,1.5000000001277505,0.6666666667234447,4.666666667064113,18.833333334937308,164.16666668064823,64.66666667217413,38.66666666995978,0.0,0.0,34.15001522212387,43.00010244276716
1933.0,533.5000000782813,1288.5075491328585,0.4140449161026002,42.000000006162736,0.0,0.0,42.000000006162736,124.13050108127888,0.0,0.0,0.0,0.0,0.0,41.66666667278048,0.0,0.3333333333822439,0.0,0.0,27.297072172998387,54.83342890211775
1934.0,698.0,1452.2769571954516,0.4806245782126399,41.0,0.0,12.666666666666666,28.333333333333336,147.55055898248744,0.0,0.0,0.0,12.666666666666666,7.0,11.0,4.166666666666667,6.166666666666667,0.0,0.0,35.050439470695835,71.50011951179161
1935.0,789.5,1733.3758312483712,0.4554696020143565,0.0,0.0,0.0,0.0,122.44637572985448,0.0,0.0,0.0,0.0,0.0,0.0,0.0,0.0,0.0,0.0,41.44618276316837,81.0001929666861
1936.0,274.5,586.4078964574145,0.4681042012877029,0.0,0.0,0.0,0.0,74.01924888184614,0.0,0.0,0.0,0.0,0.0,0.0,0.0,0.0,0.0,0.0,46.01918217731267,28.000066704533467
1937.0,285.1666665191537,745.7005188309287,0.3824144670922631,150.99999992188967,25.99999998655054,37.16666664744083,87.83333328789831,200.68811191118635,23.499999987843758,2.499999998706783,3.1666666650285915,33.99999998241225,14.333333325918888,9.333333328505322,14.49999999249934,49.66666664097474,0.0,0.0,20.688042917459782,29.00006907183688
1938.0,1002.5000000065023,2755.0732275491578,0.3638741758230145,314.00000000203664,16.500000000107022,11.000000000071347,286.50000000185827,479.2750662065951,1.500000000009729,15.000000000097293,1.8333333333452244,9.166666666726123,39.8333333335917,135.33333333421115,62.33333333373764,49.00000000031782,0.0,0.0,62.4414969492978,102.83356925526064
1939.0,1001.3333338595093,2210.209442611002,0.45304907062409305,2.0000000010509504,0.0,0.0,2.0000000010509504,155.08766234754626,0.0,0.0,0.0,0.0,0.0,2.0000000010509504,0.0,0.0,0.0,0.0,50.58743109950602,102.50023124698929
1940.0,338.1666666666667,718.9319847617525,0.47037365680528465,0.0,0.0,0.0,0.0,51.03942288607482,0.0,0.0,0.0,0.0,0.0,0.0,0.0,0.0,0.0,0.0,16.039339505407987,35.00008338066684
1941.0,931.0,2055.423346303071,0.4529480516383726,135.0,0.1666666666666666,7.0,127.83333333333331,280.7281755359509,0.0,0.1666666666666666,1.6666666666666667,5.333333333333333,17.833333333333332,46.0,19.0,45.0,0.0,0.0,50.56128964172529,95.16688589422562
1942.0,393.3333333333333,918.5158042451512,0.4282270718864549,240.0,2.666666666666667,1.1666666666666667,236.16666666666663,310.0395016707599,2.333333333333333,0.3333333333333333,0.0,1.1666666666666667,5.166666666666667,3.1666666666666665,0.1666666666666666,227.66666666666663,0.0,0.0,30.039406378569183,40.000095292190665
1943.0,343.0,819.88247307465,0.41835264353647184,0.0,0.0,0.0,0.0,51.26868234715867,0.0,0.0,0.0,0.0,0.0,0.0,0.0,0.0,0.0,0.0,16.268598966491833,35.00008338066684
1944.0,285.0,668.5588072696373,0.42629009879314367,64.0,2.833333333333333,34.0,27.166666666666664,136.55324995944946,2.5,0.3333333333333333,2.333333333333333,31.666666666666668,6.333333333333333,4.5,2.5,13.833333333333334,0.0,0.0,43.55318087261122,29.000069086838234
1945.0,736.0,1935.0790677979887,0.3803462154326989,154.99999999999997,0.1666666666666666,16.0,138.83333333333331,272.260591731587,0.1666666666666666,0.0,3.1666666666666665,12.833333333333334,9.833333333333334,72.33333333333333,17.0,39.66666666666666,0.0,0.0,42.26041305872951,75.0001786728575
1946.0,599.0,1477.918627759227,0.40529971593103514,162.0,23.83333333333333,16.166666666666664,122.0,259.0946170800668,9.166666666666666,14.666666666666666,0.5,15.666666666666666,30.666666666666668,20.0,3.5,67.83333333333333,0.0,0.0,36.09447175947605,61.00014532059077
1947.0,443.0,1068.8708019527066,0.4144560775639945,186.0,0.1666666666666666,0.1666666666666666,185.66666666666663,260.833777028564,0.0,0.1666666666666666,0.0,0.1666666666666666,0.3333333333333333,70.16666666666667,113.33333333333331,1.8333333333333333,0.0,0.0,29.83366982484945,45.0001072037145
1948.0,641.0,1463.958822106771,0.4378538455593595,0.0,0.0,0.0,0.0,96.40299086920284,0.0,0.0,0.0,0.0,0.0,0.0,0.0,0.0,0.0,0.0,30.40283363708824,66.0001572321146
1949.0,435.8333333333333,932.1928808265792,0.4675355736968063,74.00000000000001,0.1666666666666666,0.0,73.83333333333334,143.01518972978806,0.1666666666666666,0.0,0.0,0.0,0.1666666666666666,73.5,0.0,0.1666666666666666,0.0,0.0,24.18178465876379,44.83340507102429
1950.0,761.8333333333334,1691.312645332103,0.45043909263963505,369.0,36.66666666666666,23.833333333333336,308.5,508.6706342893277,22.5,14.166666666666666,2.6666666666666665,21.166666666666668,73.83333333333333,45.5,50.16666666666666,139.0,0.0,0.0,61.67038462903687,78.0002496602909
1951.0,584.3333333333334,1270.2805919004074,0.46000335442356055,98.5,24.0,4.0,70.5,195.256423161359,13.833333333333334,10.166666666666666,2.833333333333333,1.1666666666666667,15.5,6.0,6.333333333333333,42.66666666666666,0.3345623939886235,0.0,36.421545268070425,60.00031549929998
1952.0,650.0,1684.3568710275376,0.3859039679658083,0.0,0.0,0.0,0.0,98.5000408642916,0.0,0.0,0.0,0.0,0.0,0.0,0.0,0.0,1.0030036781615437,0.0,30.83025582719821,66.66678135893183
1953.0,0.0,0.0,0.0,0.0,0.0,0.0,0.0,4.012014366043904,0.0,0.0,0.0,0.0,0.0,0.0,0.0,0.0,4.012014366043904,0.0,0.0,0.0
1954.0,860.0,2288.073891778347,0.3758619872768125,0.0,0.0,0.0,0.0,128.79028285326547,0.0,0.0,0.0,0.0,0.0,0.0,0.0,0.0,0.0,0.0,40.790073210446,88.00020964281947
1955.0,450.0,1219.7531441909878,0.3689271080325573,98.0,0.0,0.0,98.0,169.99192367825694,0.0,0.0,0.0,0.0,0.0,98.0,0.0,0.0,0.0,0.0,25.99181409223768,46.00010958601927
1956.0,776.0,1620.5462722631962,0.4788508747215632,980.8333333333334,507.33333333333337,22.166666666666664,451.33333333333337,1143.993466325776,393.1666666666667,114.16666666666669,13.0,9.166666666666666,78.66666666666667,44.66666666666666,20.33333333333333,307.6666666666667,0.0,0.0,83.82665872501484,79.33347426742809
1957.0,917.6666666666666,2259.861323369682,0.4060721147695615,14.666666666666668,2.5,1.1666666666666667,11.0,152.88960474039993,1.8333333333333333,0.6666666666666666,1.0,0.1666666666666666,2.0,1.8333333333333333,1.0,6.166666666666667,0.0,0.0,44.2227141370852,94.00022393664808
1958.0,850.5,1895.0140505229076,0.44880933720006677,145.0,5.333333333333333,3.1666666666666665,136.5,279.2169404726675,5.333333333333333,0.0,0.0,3.1666666666666665,6.5,104.0,8.166666666666666,17.833333333333332,0.0,0.0,47.2167332121528,87.0002072605147
1959.0,392.0,856.98205820435,0.45741914459838834,199.83333333333331,23.166666666666668,76.16666666666667,100.5,269.4072552365774,19.166666666666668,4.0,31.83333333333333,44.333333333333336,7.333333333333333,9.666666666666666,18.166666666666668,65.33333333333333,1.0030036781615437,0.0,28.570822932891847,40.000095292190665
1960.0,783.3333333333334,1298.7702915369816,0.6031346254512232,5333.833333333334,311.3333333333333,3461.0,1561.5,5704.112767128384,201.66666666666663,109.66666666666669,3347.6666666666665,113.33333333333331,283.0,508.5,147.16666666666666,622.8333333333334,0.0,0.0,290.11235198573365,80.16708180931609
1961.0,567.5,1425.4877670663534,0.39810934412149473,2072.0,139.16666666666666,101.5,1831.3333333333333,2262.254599113963,94.33333333333331,44.833333333333336,15.0,86.5,333.0,232.5,367.0,898.8333333333334,3.009011034484632,3.719258418299317,125.19282505201072,58.33350460916834
1962.0,575.8333333333334,1440.4438210497767,0.39976104928109835,1139.3333333333337,95.83333333333334,36.33333333333333,1007.1666666666669,1284.3866518823093,51.833333333333336,44.0,3.6666666666666665,32.666666666666664,296.0,98.66666666666669,103.83333333333331,508.6666666666667,3.009011034484632,1.8596292091496585,81.35120205216181,58.83347625317958
1963.0,335.0,494.0386079760695,0.6780846569307533,1757.0,41.333333333333336,257.6666666666667,1458.0,1890.2243055986564,36.0,5.333333333333333,83.83333333333333,173.83333333333334,832.3333333333334,11.5,54.333333333333336,559.8333333333334,0.0,0.0,99.22422460029422,34.000080998362066
1964.0,0.0,0.0,0.0,1691.0000000000002,115.16666666666669,395.5,1180.3333333333337,1771.2046672079814,89.0,26.166666666666668,78.16666666666667,317.3333333333333,283.0,274.0,48.333333333333336,575.0,0.0,0.0,80.2046672079816,0.0
1965.0,107.0,252.974312216306,0.422967846270927,650.8333333333333,54.33333333333333,285.5,311.0,699.7838420589646,42.66666666666666,11.666666666666666,59.5,226.0,29.33333333333333,36.833333333333336,24.666666666666668,220.16666666666663,2.006007356323088,0.0,35.944475163955914,11.000026205352432
1966.0,1400.0,3384.125340983692,0.4136962609053512,3589.6666666666665,433.5,292.83333333333337,2863.333333333333,3978.6887944961104,301.1666666666667,132.33333333333334,189.83333333333331,103.0,1064.6666666666667,308.5,246.83333333333331,1243.3333333333333,9.027033103453894,0.0,236.66146799105616,143.33362673493318
1967.0,1532.999877821861,3670.888675791739,0.4176100157794142,285.99997720616585,15.666665418053375,10.66666581654698,259.6666459715655,533.2880941039741,11.333332430081164,4.333332987972209,7.66666605564314,2.9999997609038376,45.833329680475295,145.83332171060323,15.666665418053373,52.333329162433614,4.012014392893734,0.0,86.27574099579519,157.00036150911941
1968.0,679.9999695048111,1885.4980398280227,0.3606474019813006,0.0,0.0,0.0,0.0,102.25277820258333,0.0,0.0,0.0,0.0,0.0,0.0,0.0,0.0,0.0,0.0,32.25261458046778,70.00016362211556
1969.0,150.0,460.8151790582545,0.32551011081394426,0.0,0.0,0.0,0.0,22.114583387556262,0.0,0.0,0.0,0.0,0.0,0.0,0.0,0.0,0.0,0.0,7.114547652984766,15.0000357345715
1970.0,188.0,498.1885773985503,0.3773671427428177,580.0,52.5,29.5,498.0,643.4265292470725,36.66666666666666,15.833333333333334,4.833333333333333,24.666666666666668,108.16666666666669,104.5,77.33333333333333,208.0,0.0,0.0,44.426483983282,19.000045263790568
1971.0,432.3333333333333,948.9149055959024,0.455608117001635,823.0000000000001,86.5,37.833333333333336,698.6666666666667,927.1989351674522,58.333333333333336,28.166666666666668,7.666666666666667,30.166666666666668,119.83333333333331,274.1666666666667,32.5,272.1666666666667,0.3341518877087151,0.0,59.53130728800244,44.3334759917411
1972.0,809.3333333333334,1482.870436498082,0.545788299107668,1461.0,35.666666666666664,934.6666666666666,490.6666666666667,1662.5397976987442,28.83333333333333,6.833333333333333,880.0,54.66666666666666,126.83333333333331,84.66666666666667,78.66666666666667,200.5,11.033040459776982,0.0,107.67322380396752,82.83353343499995
1973.0,715.6666666666666,1746.674088611377,0.409731083396118,2997.0000000000005,449.0,140.83333333333334,2407.166666666667,3525.019601783325,301.3333333333333,147.66666666666666,41.66666666666666,99.16666666666669,509.1666666666667,406.6666666666667,179.5,1311.8333333333333,0.0,0.0,454.85304720148935,73.16655458183553
1974.0,747.0,1819.2095463338528,0.41061789803455334,1230.5,137.33333333333331,369.1666666666666,724.0,1416.6744624694427,108.83333333333331,28.5,172.66666666666666,196.5,129.83333333333334,138.0,72.66666666666667,383.5,15.880709123808744,0.0,93.79361246645595,76.50014087917786
1975.0,3037.000052177893,7765.76860480965,0.39107526978037405,106.00000182115794,27.83333381153047,3.5000000601325736,74.6666679494949,566.2408986893643,19.00000032643397,8.833333485096496,3.000000051542206,0.5000000085903676,16.333333613952007,3.3333333906024505,9.000000154626617,46.00000079031382,0.0,0.0,149.07349105006625,311.16740581813997
1976.0,512.999955765784,1225.409997741812,0.4186353601742611,0.0,0.0,0.0,0.0,76.99849434055852,0.0,0.0,0.0,0.0,0.0,0.0,0.0,0.0,0.0,0.0,24.331750875164975,52.666743465393544
1977.0,945.3333326775487,2204.088240665656,0.4288999483941028,400.49999972217023,121.83333324881664,25.833333315412556,252.83333315794098,561.1765144035692,99.33333326442505,22.499999984391586,0.33333333310209756,25.499999982310463,6.166666662388805,3.166666664469927,2.166666665163634,241.33333316591862,0.0,0.0,63.8429597878081,96.83355489359091
1978.0,726.0,2198.0127751480736,0.33029835322549095,76.0,0.1666666666666666,0.0,75.83333333333333,188.03929107517797,0.0,0.1666666666666666,0.0,0.0,0.3333333333333333,75.16666666666667,0.0,0.3333333333333333,0.0,0.0,38.03911478462522,74.00017629055273
1979.0,250.0,753.3831340215921,0.33183647033016134,74.0,8.0,3.8333333333333335,62.16666666666667,115.36748487037104,7.666666666666667,0.3333333333333333,0.3333333333333333,3.5,11.0,18.166666666666668,9.333333333333334,23.666666666666668,0.0,0.0,15.367422930447097,26.00006193992393
1980.0,705.0,2019.2991972101088,0.34913102574102817,800.6666666666666,239.3333333333333,29.166666666666664,532.1666666666666,964.0806665796388,110.16666666666669,129.16666666666666,10.166666666666666,19.0,88.0,43.333333333333336,28.5,372.3333333333333,0.0,0.0,91.413828387029,72.0001715259432
1981.0,454.0,1054.0873319828595,0.43070435079223823,1993.8333333333333,509.6666666666667,115.16666666666669,1369.0,2210.4323410326,441.6666666666667,68.0,22.5,92.66666666666669,274.6666666666667,158.16666666666666,167.33333333333334,768.8333333333334,0.0,0.0,170.09893828923165,46.50006941003485
1982.0,1260.6666666666667,3566.503678201694,0.35347409687863307,40.0,0.0,0.0,40.0,230.69001420347047,0.0,0.0,0.0,0.0,0.0,0.0,40.0,0.0,0.0,0.0,61.68970688615557,129.0003073173149
1983.0,1594.6666666666667,3911.2720604556985,0.40771049469795095,220.00000000000003,18.0,13.333333333333334,188.66666666666669,496.2370693715129,16.833333333333332,1.1666666666666667,1.0,12.333333333333334,23.166666666666668,82.33333333333333,54.833333333333336,28.33333333333333,0.0,0.0,113.07005456575722,163.1670148057557
1984.0,455.0,1042.3724132301118,0.43650426107310575,486.5,54.33333333333333,42.83333333333333,389.3333333333333,602.2246134458262,38.66666666666666,15.666666666666666,2.1666666666666665,40.66666666666666,90.33333333333331,80.5,40.333333333333336,178.16666666666666,0.0,0.0,69.2246125737288,46.500000872097445
1985.0,1168.3333333333333,2326.4571409941664,0.50219422174013,1214.8333333333333,330.66666666666663,26.666666666666668,857.5,1475.5807275061056,169.16666666666666,161.5,6.0,20.666666666666668,81.66666666666667,459.5,35.666666666666664,280.6666666666667,2.006007356323088,0.0,139.07434916963888,119.66703764681034
1986.0,672.1666666666666,1578.569832443348,0.42580736870301833,354.00000000000006,11.333333333333332,8.666666666666666,334.00000000000006,498.5138808491451,6.833333333333333,4.5,0.6666666666666666,8.0,108.5,117.16666666666669,58.66666666666666,49.66666666666666,0.0,0.0,75.68039022878018,68.83349062036484
1987.0,1070.0,2843.531980404101,0.3762925851981942,8915.833333333334,776.8333333333333,386.5,7752.5,9518.84106695612,360.0,416.8333333333333,90.0,296.5,3262.833333333333,1112.1666666666667,499.6666666666667,2877.833333333333,3.844664985870219,1.8596292091496585,487.6365438097328,109.66689561803248
1988.0,908.0,1676.3342651131254,0.5416580803105666,4062.5,559.0,177.83333333333331,3325.666666666667,4391.246349993309,336.1666666666667,222.83333333333331,87.83333333333333,90.0,802.3333333333334,507.5,362.1666666666667,1653.6666666666667,0.0,0.0,235.746128438966,93.0002215543433
1989.0,51.333333333333336,137.27155197999667,0.37395463657913386,8889.666666666666,1670.8333333333333,389.0,6829.833333333333,9318.564880610082,994.1666666666666,676.6666666666666,212.66666666666663,176.33333333333334,1769.8333333333333,1613.3333333333333,989.1666666666666,2457.5,0.0,0.0,423.5647930692252,5.333420874188519
1990.0,654.3333333333334,1349.9850770144997,0.48469671589288643,4484.833333333333,890.5,243.5,3350.833333333333,4803.22829460642,617.3333333333334,273.1666666666667,123.16666666666669,120.33333333333331,741.1666666666666,353.3333333333333,210.83333333333331,2045.5,7.021436701500602,0.0,244.5384618626462,66.83506270893963
1991.0,483.0,1003.7916532052436,0.4811755491866416,0.0,0.0,0.0,0.0,72.24224624089605,0.0,0.0,0.0,0.0,0.0,0.0,0.0,0.0,0.0,0.0,22.908843442610948,49.3334027982851
1992.0,1477.0,3228.358622168504,0.45750803205620694,1368.5,286.3333333333333,73.83333333333333,1008.3333333333334,1658.5194021604775,198.66666666666663,87.66666666666667,43.0,30.83333333333333,224.0,109.16666666666669,61.66666666666666,613.5,3.511744618653795,0.0,135.50707032320184,151.00058721862172
1993.0,675.0,1387.7869802860575,0.48638588601030514,75.0,8.833333333333332,8.5,57.66666666666667,190.6059431037297,6.833333333333333,2.0,5.333333333333333,3.1666666666666665,19.0,5.333333333333333,5.666666666666667,27.666666666666668,11.033040459776982,0.0,35.572738264923835,69.0001643790289
1994.0,268.0,465.8969024358692,0.575234560691011,1949.8333333333333,402.1666666666666,153.83333333333331,1393.8333333333337,2088.043972225984,288.8333333333333,113.33333333333331,90.33333333333331,63.5,301.0,87.66666666666667,132.33333333333334,872.8333333333334,6.018022068969263,0.0,105.19255250145244,27.0000643222287
1995.0,1345.0,2486.2370671154936,0.5409781785453207,5834.833333333332,884.6666666666666,387.0,4563.166666666666,6324.408706179321,610.1666666666666,274.5,231.0,156.0,1368.1666666666667,405.0,537.8333333333334,2252.1666666666665,11.033040459776982,0.0,340.54200362815305,138.0003287580578
1996.0,1696.999982223723,4048.372754977276,0.41918076346535643,3773.999960466902,363.9999961870567,218.83333104102812,3191.1666332388163,4207.4916385102515,188.83333135528167,175.16666483177497,85.99999909913977,132.83333194188836,1134.166654786136,337.6666631295682,393.6666625429615,1325.6666527801506,0.0,0.0,259.4912653449958,174.00041269835435
1997.0,582.0,1764.8553267922168,0.32977207319187873,106.0,3.333333333333333,22.33333333333333,80.33333333333334,198.6322015066428,2.333333333333333,1.0,4.0,18.33333333333333,40.66666666666666,12.333333333333334,3.333333333333333,24.0,0.0,0.0,32.6320585683568,60.000142938286
1998.0,483.0,1396.0794396711524,0.34596885125231197,0.0,0.0,0.0,0.0,73.24524991905758,0.0,0.0,0.0,0.0,0.0,0.0,0.0,0.0,1.0030036781615437,0.0,22.908843442610948,49.3334027982851
1999.0,957.6666666666666,1916.0872747579836,0.4998032601555831,677.6666666666667,267.66666666666663,47.66666666666666,362.33333333333337,853.3780242417997,21.5,246.16666666666663,5.0,42.66666666666666,129.66666666666666,58.833333333333336,17.333333333333332,156.5,0.0,0.0,77.54432978643985,98.16702778869336
2000.0,528.8333333333334,1390.8330764707052,0.38022775146768095,62.0,2.1666666666666665,6.166666666666667,53.66666666666666,208.0235542698684,1.3333333333333333,0.8333333333333334,0.0,6.166666666666667,8.166666666666666,8.5,11.0,26.0,0.0,0.0,92.023425625411,54.0001286444574
2001.0,229.33333333333331,468.126802859766,0.4898957545954346,230.66666666666669,12.166666666666668,14.166666666666666,204.33333333333331,275.98239767687585,6.5,5.666666666666667,0.6666666666666666,13.5,29.666666666666668,74.16666666666667,3.0,97.5,0.0,0.0,21.81564075057248,23.500090259636693
2002.0,608.0,1446.2581591342184,0.4203952082551917,30.0,0.0,1.0,29.0,184.26069038692407,0.0,0.0,1.0,0.0,14.0,0.0,0.0,15.0,0.0,0.0,92.26054268402856,62.00014770289553
2003.0,488.5,1356.0463340200552,0.3602384282488502,0.0,0.0,0.0,0.0,86.17562588071874,0.0,0.0,0.0,0.0,0.0,0.0,0.0,0.0,2.006007356323088,0.0,34.16949940915732,50.000119115238334
2004.0,1008.0,2144.964856778665,0.4699377692899953,40.0,7.0,1.1666666666666663,31.83333333333333,192.7072183129112,4.5,2.5,0.6666666666666666,0.5,7.333333333333333,3.5,2.0,19.0,0.0,0.0,49.70697293552024,103.00024537739095
2005.0,613.0,1097.2660402358667,0.5586612339412513,0.0,0.0,0.0,0.0,94.0809421833878,0.0,0.0,0.0,0.0,0.0,0.0,0.0,0.0,2.006007356323088,0.0,29.07478474186441,63.000150085200296
2006.0,1192.0,2957.1415580749585,0.4030919645172376,38.0,7.666666666666667,4.0,26.33333333333333,218.33958139565664,1.0,6.666666666666667,1.0,3.0,6.833333333333333,4.5,0.6666666666666666,14.333333333333334,0.0,0.0,58.33929075447509,122.00029064118154
2007.0,501.0,1191.503503999411,0.4204771520338288,53.00000000000001,8.0,6.833333333333334,38.16666666666667,256.2765174959002,7.166666666666667,0.8333333333333334,0.1666666666666666,6.666666666666667,8.833333333333334,5.166666666666667,7.166666666666667,17.0,0.0,0.0,152.2763959983571,51.0001214975431
2008.0,0.0,0.0,0.0,1117.0,422.6666666666666,164.66666666666666,529.6666666666666,1169.9796648558931,240.0,182.66666666666663,6.5,158.16666666666666,79.83333333333333,55.333333333333336,14.5,380.0,0.0,0.0,52.979664855893226,0.0
2009.0,947.9999934506128,1728.4264557485965,0.5484757481567394,3876.999973215217,358.8333308542843,343.8333309579139,3174.3333114030183,4209.872510583892,236.49999836610752,122.33333248817681,140.83333236036705,202.99999859754683,924.4999936129657,499.1666632181057,393.9999972779973,1356.66665729395,7.021025698625094,0.0,228.85128125662635,97.00023041342304
2010.0,476.0000067557909,1143.381206775805,0.41630910490303813,0.0,0.0,0.0,0.0,71.57694896761859,0.0,0.0,0.0,0.0,0.0,0.0,0.0,0.0,0.0,0.0,22.576831539234306,49.00011742838429
2011.0,483.0,1609.3419222414784,0.30012267332679776,116.0,0.1666666666666666,2.1666666666666665,113.66666666666669,193.7441630925376,0.0,0.1666666666666666,2.1666666666666665,0.0,0.1666666666666666,82.5,0.0,31.0,0.0,0.0,28.410760294252498,49.3334027982851
2012.0,561.0,1480.0109729472904,0.37905124370992055,24.0,0.0,0.0,24.0,109.08015770336382,0.0,0.0,0.0,0.0,19.166666666666668,0.1666666666666666,4.333333333333333,0.3333333333333333,0.0,0.0,27.74673584664059,57.33342185672323
2013.0,447.1666666666667,940.9533967428956,0.47522721976936516,364.3333333333333,38.16666666666666,17.333333333333332,308.8333333333333,448.7103604661452,23.0,15.166666666666666,4.166666666666667,13.166666666666666,42.16666666666666,137.5,10.166666666666666,119.0,0.0,0.0,38.543662186208,45.83336494660392
2014.0,549.0,1093.2612992517247,0.5021672315445167,3621.3333333333335,1454.5,103.0,2063.833333333333,3875.1558718764727,827.0,627.5,14.166666666666666,88.83333333333333,308.0,170.33333333333334,76.33333333333333,1509.1666666666667,0.0,0.0,197.82231765584245,56.00022088729742
2015.0,466.6666666666667,1022.1813898239906,0.45653997549986897,211.33333333333331,66.66666666666667,25.83333333333333,118.83333333333334,480.1482919916394,2.5,64.16666666666667,25.33333333333333,0.5,8.5,73.83333333333333,2.1666666666666665,34.333333333333336,0.0,0.0,221.1481351005577,47.66682355774841
2016.0,522.6666666666666,1452.1187584775823,0.3599338302155371,61.66666666666667,8.666666666666666,3.166666666666667,49.833333333333336,168.21552876666735,5.333333333333333,3.333333333333333,1.6666666666666667,1.5,15.0,15.333333333333334,5.833333333333333,13.666666666666666,0.0,0.0,52.715435588233504,53.83342651176719
2017.0,315.5,750.8957766105474,0.42016483489110673,30.0,0.6666666666666666,4.833333333333333,24.5,83.3878992775893,0.1666666666666666,0.5,0.0,4.833333333333333,8.666666666666666,2.333333333333333,9.0,4.5,0.0,0.0,21.38782304383676,32.00007623375253
2018.0,714.1666666666666,1751.585802728431,0.4077257680178813,702.1666666666666,43.833333333333336,43.333333333333336,615.0,842.1770713809761,30.5,13.333333333333334,3.8333333333333335,39.5,209.66666666666663,87.0,70.83333333333333,247.5,0.0,0.0,67.17689510886315,72.83350960544631
2019.0,301.6666666666667,633.9233163533132,0.4758724894392978,919.0,104.83333333333334,29.33333333333333,784.8333333333334,1007.8967507396608,54.333333333333336,50.5,1.8333333333333333,27.5,136.83333333333334,190.0,34.666666666666664,423.3333333333333,0.0,0.0,57.89667688821303,31.00007385144777
2020.0,527.0,1309.2324231080877,0.4025259309946771,35.333333333333336,8.166666666666668,0.6666666666666666,26.5,158.0083954861945,4.666666666666667,3.5,0.6666666666666666,0.0,6.166666666666667,4.333333333333333,4.5,11.5,1.0030036781615437,0.0,67.67192983024223,54.0001286444574
2021.0,300.0,719.7498848285555,0.41681145954119886,381.0,29.833333333333336,15.666666666666668,335.5,444.3001201959986,19.0,10.833333333333334,4.833333333333333,10.833333333333334,58.333333333333336,161.66666666666666,17.333333333333332,98.16666666666669,0.0,0.0,32.30004634455084,31.00007385144777
2022.0,1912.3333333333333,4094.301229707686,0.46707196809499646,1120.0,230.16666666666669,63.5,826.3333333333333,1470.4585345665291,149.0,81.16666666666667,33.5,30.0,175.5,74.66666666666667,65.83333333333333,510.3333333333333,11.19984329367176,0.0,143.59177763045838,195.66691364239892
2023.0,964.6666666666666,2002.4898944154072,0.4817336004326177,474.8333333333333,96.33333333333334,17.833333333333336,360.6666666666666,646.9677707932601,61.333333333333336,35.0,9.333333333333334,8.5,64.5,67.83333333333333,31.33333333333333,197.0,5.015018390807719,0.0,68.28579554480032,98.83362352431875
2024.0,183.0,373.9895081686288,0.4893185396994795,340.00000000000006,0.5,0.0,339.50000000000006,384.8091050920257,0.1666666666666666,0.3333333333333333,0.0,0.0,1.0,337.6666666666667,0.1666666666666666,0.6666666666666666,1.0030036781615437,0.0,24.806056150073555,19.000045263790568
2025.0,847.0,1724.8644508113466,0.49105307933129805,201.0,3.5,6.666666666666667,190.8333333333333,337.7071801960349,2.333333333333333,1.1666666666666667,0.0,6.666666666666667,20.33333333333333,100.5,20.0,50.0,0.0,0.0,49.70697293552024,87.0002072605147
2026.0,452.0,915.0725753237422,0.49394989226956953,376.0,111.16666666666666,36.66666666666666,228.16666666666663,467.2923071330386,54.66666666666666,56.5,5.666666666666667,31.0,40.16666666666666,19.166666666666668,20.166666666666668,148.66666666666666,0.0,0.0,45.29219754701938,46.00010958601927
2027.0,0.0,0.0,0.0,5695.166666666667,1453.0,221.3333333333333,4020.8333333333335,5976.421263443802,870.5,582.5,117.0,104.33333333333331,817.8333333333334,321.1666666666667,405.5,2476.333333333333,10.030036781615438,0.0,271.2245599955202,0.0
2028.0,773.0,1978.1376241158705,0.3907715977777293,476.5,119.83333333333334,23.5,333.1666666666667,616.7934973084326,80.66666666666667,39.16666666666666,11.666666666666666,11.833333333333334,68.16666666666667,39.5,30.666666666666668,194.83333333333331,2.006007356323088,0.0,59.28730175003306,79.00018820207656
2029.0,1529.0,3119.029268183958,0.4902166246391955,719.3333333333335,140.83333333333334,37.83333333333333,540.6666666666667,986.7154077206852,86.66666666666667,54.16666666666666,20.83333333333333,17.0,116.83333333333331,47.5,67.66666666666667,308.6666666666667,4.012014712646175,0.0,106.7030639083449,156.66699576636083
2030.0,366.0,1120.6577325008914,0.32659391836187496,66.16666666666667,2.5,12.166666666666666,51.5,127.17197601498584,1.0,1.5,10.666666666666666,1.5,4.166666666666667,5.166666666666667,28.5,13.666666666666666,3.009011034484632,0.0,20.496207787125144,37.500090526709386
2031.0,286.3333333333333,878.5754365086094,0.32590637233292086,1016.0,144.66666666666666,134.66666666666669,736.6666666666667,1110.9291872199587,85.83333333333333,58.833333333333336,95.66666666666669,39.0,213.33333333333331,103.16666666666669,80.16666666666667,340.0,4.012014712646175,0.0,61.58384100162005,29.333331505692477
2032.0,535.1666666666666,1653.0093910482856,0.32375294996193643,333.1666666666667,21.833333333333336,82.66666666666667,228.66666666666669,593.1836794799203,12.333333333333334,9.5,64.16666666666667,18.5,14.5,105.66666666666669,62.5,46.0,0.0,0.0,205.18354608929303,54.83346672396052
2033.0,669.6666666666666,1826.2243866084548,0.36669462502925393,343.0,20.5,9.666666666666668,312.8333333333333,459.6113898544614,13.166666666666666,7.333333333333333,5.666666666666667,4.0,18.5,241.0,6.833333333333333,46.5,0.0,0.0,48.11125854446663,68.50013130999473
2034.0,211.0,425.665489166495,0.4956944017546825,0.0,0.0,0.0,0.0,31.34146456605007,0.0,0.0,0.0,0.0,0.0,0.0,0.0,0.0,0.0,0.0,10.008062292055344,21.333402273994725
2035.0,747.6666666666666,1838.891470868185,0.4065855318333034,67.0,13.833333333333334,3.5,49.66666666666667,192.30095967282773,8.833333333333334,5.0,1.8333333333333333,1.6666666666666667,10.166666666666666,5.0,7.333333333333333,27.166666666666668,0.0,0.0,48.634185211909,76.66677446091872
2036.0,849.6666666666666,1864.08144627033,0.4558098404802467,111.16666666666666,9.0,3.0,99.16666666666666,243.57097817878133,6.166666666666667,2.833333333333333,1.1666666666666667,1.8333333333333333,9.333333333333334,63.5,2.0,24.33333333333333,0.0,0.0,45.570841816518815,86.83346969559584
2037.0,296.1666666666667,640.6221458627946,0.4623110027952394,131.0,25.333333333333336,8.166666666666668,97.5,181.597525532756,22.666666666666668,2.6666666666666665,1.5,6.666666666666667,3.5,71.16666666666667,4.666666666666667,18.166666666666668,0.0,0.0,20.264116002147254,30.33340953060871
2038.0,626.1666666666666,1381.4872936775348,0.45325546570884767,120.33333333333334,25.0,49.333333333333336,46.0,219.73579850970955,7.5,17.5,47.833333333333336,1.5,5.0,5.166666666666667,2.333333333333333,33.5,0.0,0.0,35.40229379795097,64.00017137842521
2039.0,1611.5,4172.251201784348,0.386242323882802,297.0,194.8333333333333,28.5,73.66666666666667,670.5284465095,112.33333333333331,82.5,10.5,18.0,1.5,8.666666666666666,1.1666666666666667,62.333333333333336,0.0,0.0,208.52815506528987,165.00029144421015
2040.0,1185.5,2958.896128656738,0.40065617326627356,55.16666666666666,8.833333333333332,3.333333333333333,43.0,235.28910545409087,6.833333333333333,2.0,1.5,1.8333333333333333,11.333333333333334,3.8333333333333335,5.333333333333333,22.5,0.0,0.0,58.78925689397588,121.33318189344836
2041.0,751.6666666666666,1929.0679283230452,0.3896527725283872,18.0,0.1666666666666666,12.0,5.833333333333333,156.5089282763032,0.1666666666666666,0.0,0.1666666666666666,11.833333333333334,5.833333333333333,0.0,0.0,0.0,1.0030036781615437,0.0,60.505741160674624,77.00018343746704
2042.0,410.0,1021.1139631084556,0.40152227352947545,94.16666666666666,10.0,36.16666666666666,48.0,353.07949571722963,6.666666666666667,3.333333333333333,35.5,0.6666666666666666,7.666666666666667,9.333333333333334,1.1666666666666667,29.83333333333333,0.0,0.0,216.9127289937628,42.0001000568002
2043.0,623.8333333333334,1423.0089294348072,0.43839031535881395,65.0,27.166666666666664,14.166666666666666,23.666666666666668,268.67174922619944,26.33333333333333,0.8333333333333334,12.166666666666666,2.0,0.0,0.0,0.0,23.666666666666668,0.0,0.0,139.6715967586944,64.00015246750506
2044.0,1109.3333333333333,3049.863230643224,0.3637321576218262,87.0,0.0,2.1666666666666665,84.83333333333333,314.4085148290056,0.0,0.0,2.0,0.1666666666666666,0.0,74.5,0.3333333333333333,10.0,0.0,0.0,113.74158367186116,113.66693115714442
2045.0,405.1666666666667,960.6877866461252,0.4217464532167641,93.0,1.1666666666666667,54.16666666666666,37.66666666666666,176.12828320810837,0.1666666666666666,1.0,54.16666666666666,0.0,5.0,24.33333333333333,2.1666666666666665,6.166666666666667,0.0,0.0,41.62822334546412,41.50005986264427
2046.0,278.5,833.2022601757741,0.3342525738483319,0.0,0.0,0.0,0.0,82.87634291743065,0.0,0.0,0.0,0.0,0.0,0.0,0.0,0.0,0.0,0.0,54.209640266084286,28.66670265134637
2047.0,657.8333333333334,1497.440734474712,0.43930508779974864,367.00000000000006,0.5,0.0,366.50000000000006,485.6173541502843,0.3333333333333333,0.1666666666666666,0.0,0.0,1.6666666666666667,363.5,0.6666666666666666,0.6666666666666666,3.009011034484632,0.0,48.60818350138026,67.00015961441936
2048.0,1279.3333333333333,3265.009433361025,0.39183143554240146,72.83333333333333,8.5,2.666666666666667,61.66666666666666,278.1327112543234,2.0,6.5,1.6666666666666667,1.0,18.83333333333333,22.33333333333333,7.833333333333333,12.666666666666666,0.0,0.0,74.13238971626834,131.16698820472175
2049.0,15.0,37.029251039090944,0.40508515778957666,95.0,0.3333333333333333,0.0,94.66666666666669,102.2173397101317,0.1666666666666666,0.1666666666666666,0.0,0.0,0.1666666666666666,94.5,0.0,0.0,0.0,0.0,5.217334945522162,2.000004764609533
2050.0,430.3333333333333,1308.918169874221,0.3287702342574141,0.0,0.0,0.0,0.0,85.4090451062558,0.0,0.0,0.0,0.0,0.0,0.0,0.0,0.0,0.0,0.0,41.40894028484607,44.000104821409735
2051.0,339.0,1274.3503519323174,0.2660178964803274,0.0,0.0,0.0,0.0,51.07896107641241,0.0,0.0,0.0,0.0,0.0,0.0,0.0,0.0,0.0,0.0,16.07887769574557,35.00008338066684
2052.0,660.0,2020.9020460568356,0.3265868334824964,211.0,28.33333333333333,3.666666666666667,179.0,416.3119687017223,17.333333333333332,11.0,1.6666666666666667,2.0,18.83333333333333,100.16666666666669,8.333333333333334,51.66666666666666,0.0,0.0,137.3118067049982,68.00016199672413
2053.0,2041.8333333333333,4590.700354440728,0.4447759983633443,748.1666666666667,166.83333333333334,47.833333333333336,533.5,1089.495503558462,130.83333333333334,36.0,15.333333333333334,32.5,116.16666666666669,157.0,47.0,213.33333333333331,0.0,0.0,132.3283389900989,209.00049790169624
2054.0,543.3333333333334,1272.799986373747,0.42688037331089984,0.0,0.0,0.0,0.0,81.60452981341557,0.0,0.0,0.0,0.0,0.0,0.0,0.0,0.0,0.0,0.0,25.771072527145936,55.83345728626963
2055.0,718.0,1825.460626317379,0.39332538300125836,39.0,36.83333333333333,0.3333333333333333,1.8333333333333333,148.40488422099332,4.166666666666667,32.666666666666664,0.1666666666666666,0.1666666666666666,0.8333333333333334,0.0,0.1666666666666666,0.8333333333333334,0.0,0.0,35.90475048872979,73.50013373226355
2056.0,1931.1666666666667,4245.710418713683,0.454851244247541,1408.6666666666663,310.0,78.33333333333333,1020.3333333333331,1765.024976441629,193.5,116.5,33.166666666666664,45.16666666666666,222.16666666666663,105.5,110.0,582.6666666666666,0.0,0.0,158.358313292889,197.99999648207324
2057.0,457.0,1084.4399876316163,0.42141566634597644,401.0,0.5,5.0,395.5,488.6953245433969,0.5,0.0,0.0,5.0,10.0,301.8333333333333,56.5,27.166666666666668,0.0,0.0,40.69521257507287,47.00011196832404
2058.0,1745.5,3942.615423032423,0.44272641703853177,1957.0,500.0,89.33333333333334,1367.6666666666663,2312.726417172162,297.1666666666667,202.83333333333331,38.333333333333336,51.0,285.3333333333333,138.33333333333334,147.0,797.0,1.1703534049375002,0.0,175.72237961343674,178.83368415378803
2059.0,260.1666666666667,535.0495981035575,0.4862477564487621,592.3333333333333,131.0,34.5,426.8333333333333,659.4298131593378,81.83333333333333,49.16666666666666,15.666666666666666,18.83333333333333,93.0,40.16666666666666,46.16666666666666,247.5,0.0,0.0,40.42975592937463,26.666723896629737
2060.0,0.0,0.0,0.0,257.0,17.833333333333332,72.66666666666667,166.5,269.18959164544725,12.0,5.833333333333333,1.0,71.66666666666667,37.66666666666666,65.33333333333333,2.5,61.0,0.0,0.0,12.189591645447232,0.0
2061.0,1.0000000003572125,2.4524073796529207,0.40776259631820977,1017.5000003634638,136.3333333820333,244.3333334206122,636.8333335608182,1100.620527336164,71.00000002536208,65.3333333566712,50.666666684765424,193.66666673584677,111.00000003965059,104.66666670405492,48.0000000171462,373.1666667999665,0.0,0.0,83.12052697270022,0.0
2062.0,651.8333333333334,1943.7719278893096,0.33534455559358856,74.0,0.0,0.0,74.0,230.4256434816545,0.0,0.0,0.0,0.0,0.0,73.83333333333333,0.0,0.1666666666666666,0.0,0.0,89.42548386723512,67.00015961441936
2063.0,457.0,975.7672533398108,0.4683493921688821,1185.1666666666667,203.33333333333331,48.5,933.3333333333336,1334.7376318645654,56.833333333333336,146.5,10.333333333333334,38.16666666666666,179.83333333333334,79.83333333333333,372.0,301.6666666666667,8.859683376677937,0.0,93.87786016559116,46.83342165562948
2064.0,506.8333333333333,1317.8712294243514,0.384584868397741,1076.0,503.0,93.66666666666666,479.3333333333333,1269.0733604707862,253.83333333333331,249.16666666666663,11.833333333333334,81.83333333333333,114.83333333333331,88.0,35.833333333333336,240.66666666666663,0.0,0.0,141.07323659093794,52.00012387984787
2065.0,554.8333333333334,1219.6349396796595,0.45491754563792824,29.0,0.0,0.0,29.0,118.69192020150652,0.0,0.0,0.0,0.0,0.0,28.83333333333333,0.0,0.1666666666666666,0.0,0.0,32.69178441013482,57.0001357913717
2066.0,1097.0,2441.8409528323277,0.44925120889940573,465.0,85.5,23.333333333333336,356.1666666666667,651.253544084762,17.833333333333332,67.66666666666667,3.6666666666666665,19.666666666666668,36.66666666666666,208.83333333333331,20.666666666666668,90.0,0.0,0.0,74.08665077654935,112.1668933082126
2067.0,785.8333333333334,1723.9616155691556,0.455829947857566,511.5,91.5,25.333333333333336,394.6666666666666,658.535191104585,42.333333333333336,49.16666666666666,3.1666666666666665,22.166666666666668,63.16666666666666,49.333333333333336,96.5,185.66666666666663,0.0,0.0,66.53500051933192,80.50019058525308
2068.0,212.66666666666663,503.50283861087183,0.42237431521418767,0.0,0.0,0.0,0.0,32.0862454380181,0.0,0.0,0.0,0.0,0.0,0.0,0.0,0.0,0.0,0.0,10.08619302731324,22.000052410704864
2069.0,1579.5,3725.516031767703,0.42396811247932015,585.8333333333334,76.0,38.83333333333333,471.0,850.2468892562345,49.833333333333336,26.166666666666668,16.5,22.33333333333333,105.0,124.5,77.66666666666667,163.83333333333334,0.0,0.0,102.57989813619872,161.8336577867024
2070.0,1220.0,2736.1030291005354,0.44588964195586667,434.6666666666667,45.5,27.166666666666668,362.0,638.0843989749444,30.5,15.0,9.5,17.666666666666668,109.5,43.5,57.66666666666666,151.33333333333334,0.0,0.0,78.5841862855906,124.83354602268706
2071.0,981.3333333333334,2285.955197942907,0.42928808675533925,253.83333333333331,23.833333333333336,15.666666666666668,214.33333333333331,428.8064123623175,16.666666666666668,7.166666666666667,8.5,7.166666666666667,46.833333333333336,19.166666666666668,22.166666666666668,126.16666666666669,3.009011034484632,0.0,71.63041369500773,100.33365429949176
2072.0,619.0,1461.871929652502,0.4234297050543552,0.0,0.0,0.0,0.0,92.3595167331841,0.0,0.0,0.0,0.0,0.0,0.0,0.0,0.0,0.0,0.0,29.3593666479838,63.000150085200296
2073.0,323.8333333333333,728.7963102758113,0.4443399736900141,156.0,36.5,22.83333333333333,96.66666666666666,213.76497133795647,23.666666666666668,12.833333333333334,2.333333333333333,20.5,16.5,13.166666666666666,6.666666666666667,60.333333333333336,2.006007356323088,0.0,22.75888536557612,33.0000786160573
2074.0,581.0,1463.7861531520775,0.39691590110269204,5991.999999999999,921.8333333333331,478.5,4591.666666666666,6386.070931289045,600.0,321.8333333333333,239.83333333333331,238.66666666666663,1247.0,498.8333333333333,550.8333333333334,2295.0,8.1911052572618,0.0,326.5463213945883,59.33350463719487
2075.0,120.33333333333331,341.57874999411274,0.35228577110082904,1583.0,4.0,4.0,1575.0,1676.1254963405424,2.1666666666666665,1.8333333333333333,0.8333333333333334,3.1666666666666665,25.0,70.66666666666667,1465.8333333333333,13.5,0.0,0.0,80.79214387481072,12.333352465731636
2076.0,132.83333333333334,364.4917470339842,0.36443440603045624,1786.1666666666667,126.5,177.16666666666669,1482.5,1894.3485983412163,92.0,34.5,10.833333333333334,166.33333333333334,552.5,278.0,152.66666666666666,499.3333333333333,1.0030036781615437,0.0,93.17889464412124,14.000033352266732
2077.0,401.1666666666667,1082.3479673952604,0.3706448191814874,312.3333333333333,32.333333333333336,33.16666666666667,246.8333333333333,387.1756842898677,22.666666666666668,9.666666666666666,3.0,30.166666666666668,58.0,46.16666666666666,41.333333333333336,101.33333333333331,0.0,0.0,33.842253282038946,41.00009767449544
2078.0,287.0,852.3543498713876,0.3367144193530609,302.0,16.0,8.166666666666668,277.8333333333333,358.93652620422506,12.833333333333334,3.1666666666666665,1.0,7.166666666666667,17.666666666666668,193.0,9.5,57.66666666666666,0.0,0.0,27.93645711738685,29.000069086838234
2079.0,977.6666666666666,2054.06689529977,0.47596632266642236,597.1666666666666,39.333333333333336,98.5,459.3333333333333,772.0447146889965,27.5,11.833333333333334,3.6666666666666665,94.83333333333331,46.16666666666666,257.8333333333333,11.333333333333334,144.0,0.0,0.0,74.71118330177453,100.1668647205554
2080.0,814.0,1969.3030266836715,0.4133442080626795,794.8333333333334,87.16666666666666,64.83333333333333,642.8333333333334,958.2256986873882,60.66666666666666,26.5,26.33333333333333,38.5,172.83333333333334,86.5,92.16666666666669,291.3333333333333,0.0,0.0,80.22544895890537,83.16691639514939
2081.0,266.0,625.4698227884829,0.42528030979034787,157.33333333333334,13.5,14.333333333333332,129.5,241.3415793553102,8.166666666666666,5.333333333333333,5.666666666666667,8.666666666666666,33.0,25.33333333333333,11.166666666666666,60.0,2.006007356323088,0.0,55.002141258231,27.00009740742274
2082.0,603.3333333333334,1352.2571615312795,0.44616760073219064,1872.0,985.5,568.8333333333333,317.66666666666663,2051.220591108864,595.8333333333334,389.6666666666667,377.3333333333333,191.5,33.5,73.16666666666667,11.833333333333334,199.16666666666663,0.0,0.0,117.38717617348703,61.8334149353766
2083.0,567.6666666666666,1174.602126190816,0.4832842151474603,1128.3333333333337,229.66666666666669,64.0,834.6666666666667,1272.9934262962977,141.0,88.66666666666667,25.33333333333333,38.66666666666666,156.5,96.16666666666669,88.0,494.0,5.85176814684172,0.0,80.64188866678855,58.1664361493336
2084.0,0.0,0.0,0.0,1189.6666666666663,456.0,103.16666666666669,630.5,1248.0980431926864,279.8333333333333,176.16666666666666,7.666666666666667,95.5,117.66666666666669,160.66666666666666,37.333333333333336,314.8333333333333,2.006007356323088,0.0,56.42536916969652,0.0
2085.0,323.6666666666667,706.6353015452784,0.4580391978137359,25.000000000000004,0.1666666666666666,0.0,24.833333333333336,88.70858060810049,0.1666666666666666,0.0,0.0,0.0,23.166666666666668,0.1666666666666666,1.1666666666666667,0.3333333333333333,0.0,0.0,30.54182823337913,33.166752374721355
2086.0,612.0,1371.9409190651702,0.4460833491408741,0.0,0.0,0.0,0.0,91.6936460866543,0.0,0.0,0.0,0.0,0.0,0.0,0.0,0.0,0.0,0.0,29.026871892808277,62.66677419384603
2087.0,427.0,1085.298779334864,0.39344004446562736,0.0,0.0,0.0,0.0,64.2518291422479,0.0,0.0,0.0,0.0,0.0,0.0,0.0,0.0,0.0,0.0,20.251724320838168,44.000104821409735
2088.0,607.0,1495.3541799531974,0.40592389959347175,102.0,0.6666666666666666,14.5,86.83333333333333,201.62906543361115,0.3333333333333333,0.3333333333333333,0.0,14.5,3.333333333333333,67.16666666666667,3.0,13.333333333333334,0.0,0.0,37.62891773071561,62.00014770289553
2089.0,226.0,424.7172065250359,0.5321187758063621,167.0,18.0,34.0,115.0,301.6401696438297,9.833333333333334,8.166666666666666,32.666666666666664,1.3333333333333333,11.333333333333334,11.833333333333334,50.16666666666666,41.66666666666666,0.0,0.0,111.6401148508201,23.000054793009635
2090.0,530.0,1606.7260078750176,0.3298633353803451,87.0,0.5,0.1666666666666666,86.33333333333333,172.12426386621772,0.5,0.0,0.0,0.1666666666666666,0.3333333333333333,85.5,0.1666666666666666,0.3333333333333333,0.0,1.8596292091496585,29.26450601261067,54.0001286444574
2091.0,566.0,1375.1199397414614,0.41160046017979685,13.0,0.0,0.0,13.0,98.46229211419768,0.0,0.0,0.0,0.0,0.0,0.0,13.0,0.0,0.0,0.0,27.4621539405212,58.00013817367647
2092.0,963.0,2076.160150592447,0.46383705020308824,272.83333333333337,27.666666666666664,121.66666666666669,123.5,431.45201051776354,14.0,13.666666666666666,117.16666666666669,4.5,15.0,47.333333333333336,8.5,52.66666666666666,1.0030036781615437,0.0,58.615437658096745,99.0002358481719
2093.0,285.5,637.1955177055266,0.4480571379849864,746.6666666666667,220.16666666666669,34.5,492.0,835.6355603750654,113.5,106.66666666666669,9.666666666666666,24.83333333333333,77.16666666666667,126.33333333333331,66.16666666666667,222.33333333333331,5.015018390807719,0.0,54.95380623075266,29.000069086838234
2094.0,523.0,1544.5279869300346,0.33861477708768206,1250.0,611.8333333333334,47.0,591.1666666666667,1387.927379770047,423.6666666666667,188.16666666666663,13.833333333333334,33.166666666666664,88.5,38.333333333333336,91.33333333333331,373.0,0.0,0.0,84.09395325827994,53.83342651176719
2095.0,404.8333333333333,1162.623541566989,0.34820672286378895,194.0,0.5,0.1666666666666666,193.33333333333331,263.5699047069055,0.1666666666666666,0.3333333333333333,0.0,0.1666666666666666,0.0,192.5,0.0,0.8333333333333334,0.0,0.0,28.40313090961278,41.16677379729274
2096.0,293.5,747.7473306989413,0.3925122671125512,0.0,0.0,0.0,0.0,45.084923378709455,0.0,0.0,0.0,0.0,0.0,0.0,0.0,0.0,1.0030036781615437,0.0,13.915235924717436,30.166683775830474
2097.0,682.3333333333334,1657.5131139622747,0.411660895823756,183.0,40.833333333333336,22.0,120.16666666666666,294.21772676125266,12.666666666666666,28.166666666666668,3.1666666666666665,18.83333333333333,27.0,19.5,8.166666666666666,65.5,0.0,0.0,41.050886241254936,70.16684051999772
2098.0,478.6666666666667,1214.4074389425857,0.39415656666551174,295.0,4.333333333333334,5.333333333333333,285.3333333333333,386.8620858856544,3.333333333333333,1.0,1.0,4.333333333333333,14.333333333333334,14.5,185.66666666666663,70.83333333333333,0.0,0.0,42.69530484991918,49.16678103573522
2099.0,328.1666666666667,808.5287906748158,0.40588123818419825,223.0,10.333333333333334,34.333333333333336,178.33333333333334,292.8379674604012,7.5,2.833333333333333,1.5,32.833333333333336,42.333333333333336,35.5,36.0,64.5,10.030036781615438,0.0,26.141190106022645,33.6667405727631
2100.0,597.8333333333334,1694.7809530454813,0.3527496177361688,0.0,0.0,0.0,0.0,92.35558316980772,0.0,0.0,0.0,0.0,0.0,0.0,0.0,0.0,0.0,0.0,31.355437849216955,61.00014532059077
2101.0,524.0,1259.2476250343095,0.4161214915817078,353.0,26.83333333333333,27.83333333333333,298.3333333333333,475.1247433849604,19.83333333333333,7.0,4.0,23.83333333333333,58.5,102.33333333333331,8.333333333333334,129.16666666666666,9.027033103453894,0.0,59.59762419533826,53.50008608616822
2102.0,437.5,1113.2506398092958,0.3929932616746086,331.8333333333333,77.66666666666667,16.0,238.16666666666663,416.1649910854436,70.0,7.666666666666667,3.0,13.0,94.33333333333331,22.33333333333333,62.0,59.5,3.009011034484632,0.0,36.48921563670836,44.8334310809172
2103.0,359.0,746.3153859940334,0.48102987924045043,1679.0000000000002,431.5,68.66666666666667,1178.8333333333337,1812.663075590496,352.3333333333333,79.16666666666667,14.166666666666666,54.5,247.0,239.0,59.833333333333336,633.0,0.0,0.0,96.66298744521968,37.000088145276365
2104.0,0.0,0.0,0.0,6519.0,916.5,894.1666666666666,4708.333333333333,6829.198851751032,760.0,156.5,237.66666666666663,656.5,1278.3333333333333,510.1666666666667,119.66666666666669,2800.1666666666665,1.0030036781615437,0.0,309.1958480728701,0.0
2105.0,582.6666666666666,1171.511617506738,0.49736311442367354,2455.0,372.3333333333333,178.5,1904.1666666666663,2674.076096382918,266.5,105.83333333333331,25.5,153.0,396.8333333333333,290.8333333333333,396.5,820.0,0.0,0.0,159.07595344463195,60.000142938286
2106.0,344.5,730.7135116311571,0.4714569999273444,0.0,0.0,0.0,0.0,60.33955931438864,0.0,0.0,0.0,0.0,0.0,0.0,0.0,0.0,0.0,0.0,25.3394759337218,35.00008338066684
2107.0,400.0,825.6594323841811,0.48446124916777933,266.0,7.666666666666667,14.0,244.3333333333333,338.5886892537478,4.166666666666667,3.5,2.1666666666666665,11.833333333333334,28.5,44.0,109.33333333333331,62.5,0.0,0.0,31.588591579252363,41.00009767449544
2108.0,643.0,1169.4976748066226,0.5498087032163792,3162.0,901.1666666666669,313.0,1947.8333333333333,3408.472516029495,394.6666666666667,506.5,79.0,234.0,217.66666666666663,82.33333333333333,813.3333333333334,834.5,0.0,0.0,180.47235879738025,66.0001572321146
2109.0,997.1666666666666,2096.0517669451706,0.4757357057645375,1094.6666666666663,114.5,39.333333333333336,940.8333333333331,1306.5034309860985,45.333333333333336,69.16666666666667,7.666666666666667,31.666666666666668,134.33333333333334,414.6666666666667,52.0,339.8333333333333,0.5009542729615449,0.0,109.16903038804573,102.16677965842456
2110.0,695.1666666666666,1636.6734365473897,0.42474366061267604,462.5,22.83333333333333,25.166666666666664,414.5,596.4066812068287,15.166666666666666,7.666666666666667,24.33333333333333,0.8333333333333334,96.66666666666669,38.333333333333336,197.5,82.0,0.0,0.0,62.90651206319024,71.00016914363843
2111.0,0.0,0.0,0.0,2392.8333293381656,189.8333330163802,1620.166663961573,582.833332360212,2507.3291579115557,155.99999973953635,33.83333327684389,1612.3333306413188,7.8333333202544955,75.33333320755386,84.16666652613873,3.9999999933214445,419.3333326331981,1.0030036764868897,0.0,113.49282489690357,0.0
2112.0,439.0,1156.512561575429,0.3795894783900866,360.6666666666666,52.66666666666666,14.166666666666666,293.8333333333333,443.4355033656412,28.33333333333333,24.33333333333333,5.0,9.166666666666666,62.5,42.333333333333336,18.33333333333333,170.66666666666666,0.0,0.0,37.93538907053286,44.83344762844172
2113.0,455.6666666666667,1113.4942507378144,0.4092222895311194,1147.3333333333333,362.6666666666666,41.16666666666666,743.5,1270.0301818575415,168.16666666666666,194.5,9.333333333333334,31.83333333333333,101.66666666666669,83.5,62.333333333333336,496.0,0.0,0.0,76.03008641179976,46.66676211240807
2114.0,523.8333333333334,1190.9663482604076,0.43983890401141373,5.0,1.3333333333333333,0.0,3.6666666666666665,83.9269667510175,0.3333333333333333,1.0,0.0,0.0,1.0,0.0,0.6666666666666666,2.0,0.0,0.0,25.09351186522416,53.833454885793344
2115.0,346.5,774.1422552883924,0.44759215458522905,0.0,0.0,0.0,0.0,59.93385911043867,0.0,0.0,0.0,0.0,0.0,0.0,0.0,0.0,0.0,0.0,24.43378753173009,35.50007157870858
2116.0,298.8333333333333,656.3776167100517,0.45527654466824996,16.0,0.0,0.0,16.0,62.76897590859701,0.0,0.0,0.0,0.0,9.0,0.0,6.0,1.0,1.0030036781615437,0.0,14.93255795426048,30.83341427617498
2117.0,871.6666665019604,1982.0307282642993,0.4397846380844433,4199.999999206387,166.16666663526857,226.6666666238367,3807.1666659472817,4605.78940296579,97.1666666483065,68.99999998696207,20.499999996126412,206.1666666277103,1958.4999996299307,394.83333325872735,46.49999999121357,1407.33333306741,0.835653951227686,0.0,315.62019026550536,89.33355954267091
2118.0,0.0,0.0,0.0,2516.333333333333,389.6666666666667,1542.6666666666667,584.0,2639.844199547677,337.1666666666667,52.5,167.16666666666666,1375.5,263.3333333333333,18.33333333333333,36.833333333333336,265.5,0.0,0.0,123.51086621434308,0.0
2119.0,873.0,2132.982045716834,0.40928614554118753,1619.0,159.83333333333334,147.66666666666666,1311.5,1828.5355726084197,98.66666666666669,61.16666666666666,37.66666666666666,110.0,381.6666666666667,322.1666666666667,137.33333333333334,470.3333333333333,2.006007356323088,0.0,118.19606716162048,89.33349809047576
2120.0,367.0,943.5559104485142,0.3889541636441539,4262.0,1017.8333333333331,560.1666666666666,2684.0,4519.053687534226,509.8333333333333,508.0,174.33333333333334,385.8333333333333,531.3333333333334,437.1666666666667,410.8333333333333,1304.6666666666667,0.0,0.0,219.5536372008013,37.50005033342521
2121.0,501.3333333333333,1121.187137870042,0.4471450986190705,1245.0,256.16666666666663,101.33333333333334,887.5,1385.7148671478906,93.5,162.66666666666666,4.666666666666667,96.66666666666669,177.16666666666666,124.5,152.33333333333334,433.5,0.0,3.719258418299317,85.82886074196956,51.16674798762185
2122.0,696.3333333333334,1841.2460688353929,0.3781859171999598,162.33333333333334,67.0,19.333333333333336,76.0,293.2383153570771,61.833333333333336,5.166666666666667,5.0,14.333333333333334,18.33333333333333,14.5,11.0,32.166666666666664,0.0,0.0,59.738129682744585,71.16685234099924
2123.0,471.6666666666667,1195.601387006773,0.394501605461917,682.5,27.666666666666664,26.33333333333333,628.5,785.575423251068,19.0,8.666666666666666,1.3333333333333333,25.0,61.16666666666666,443.6666666666667,8.0,115.66666666666669,0.0,0.0,54.74194481922557,48.33347843184243
2124.0,499.1666666666667,1315.783333772896,0.37936843692597094,60.0,0.1666666666666666,0.0,59.833333333333336,142.51875249088894,0.1666666666666666,0.0,0.0,0.0,0.0,59.5,0.0,0.3333333333333333,0.0,0.0,31.51863099334585,51.0001214975431
2125.0,147.16665585288698,404.97636140357537,0.3633956691764274,0.0,0.0,0.0,0.0,21.979952212053124,0.0,0.0,0.0,0.0,0.0,0.0,0.0,0.0,0.0,0.0,6.979917579681499,15.000034632371625
2126.0,522.666666665176,1485.8350522832566,0.35176627840486285,3.999999999988592,0.0,0.0,3.999999999988592,83.65001914427475,0.0,0.0,0.0,0.0,0.0,0.0,3.999999999988592,0.0,1.003003678158683,0.0,24.980210699897558,53.66680476622991
2127.0,342.0,756.6878602673952,0.45196971956064613,3839.3333333333335,1312.0,31.0,2496.333333333333,5193.473398980255,1135.0,177.0,27.83333333333333,3.1666666666666665,678.5,661.0,336.1666666666667,820.6666666666666,0.0,0.0,1319.139982266255,35.00008338066684
2128.0,1.0,1.0,1.0,6455.833333333332,983.6666666666666,533.5,4938.666666666666,6764.055685689941,761.6666666666666,222.0,170.0,363.5,1246.8333333333333,871.6666666666666,329.5,2490.6666666666665,0.0,0.0,308.2223523566084,0.0
2129.0,1058.1666666666667,2399.963009860699,0.44090957332216796,2114.333333333333,453.33333333333337,207.5,1453.5,2379.9794087231976,343.1666666666667,110.16666666666669,34.666666666666664,172.83333333333334,259.1666666666667,145.16666666666666,129.0,920.1666666666666,2.006007356323088,0.0,155.4731511693533,108.16691686418756
2130.0,591.1666666666666,1193.8887928872912,0.4951605796022206,0.0,0.0,0.0,0.0,131.53980168426563,0.0,0.0,0.0,0.0,0.0,0.0,0.0,0.0,0.0,0.0,71.03969892196403,60.50010276230159
2131.0,58.0,120.09786996515844,0.48293945610214706,147.0,0.1666666666666666,0.3333333333333333,146.5,162.72322941957444,0.0,0.1666666666666666,0.1666666666666666,0.1666666666666666,0.0,146.16666666666666,0.0,0.3333333333333333,0.0,0.0,9.723215125745847,6.0000142938286
2132.0,400.8333333333333,984.2220866439352,0.4072590310385342,181.0,0.3333333333333333,0.0,180.66666666666663,249.59792138011625,0.3333333333333333,0.0,0.0,0.0,0.1666666666666666,180.5,0.0,0.0,0.0,0.0,27.59782370562077,41.00009767449544
2133.0,0.0,0.0,0.0,0.0,0.0,0.0,0.0,2.006007356323088,0.0,0.0,0.0,0.0,0.0,0.0,0.0,0.0,2.006007356323088,0.0,0.0,0.0
2134.0,1581.5,3610.540414047013,0.4380230709638602,1444.6666666666667,211.5,86.5,1146.6666666666667,1753.9029980809585,143.83333333333334,67.66666666666667,41.0,45.5,245.0,139.5,178.33333333333334,583.8333333333334,3.009011034484632,0.0,144.22740482106,161.99991555874712
2135.0,831.8333333333334,2484.6239749778315,0.33479244413261977,64.0,0.0,0.0,64.0,250.6547744054052,0.0,0.0,0.0,0.0,0.0,63.833333333333336,0.1666666666666666,0.0,0.0,0.0,101.4879454194213,85.16682898598391
2136.0,906.1666666666666,2279.6533509441915,0.3975019562914461,11.0,0.0,4.666666666666667,6.333333333333333,156.16919051484194,0.0,0.0,4.666666666666667,0.0,0.0,3.0,3.1666666666666665,0.1666666666666666,0.0,0.0,52.502271573374685,92.66691894146724
2137.0,228.0000000106678,689.2675926445609,0.3307858986027246,0.0,0.0,0.0,0.0,44.81416722764327,0.0,0.0,0.0,0.0,0.0,0.0,0.0,0.0,0.0,0.0,21.814112433557497,23.000054794085774
2138.0,4070.0,10527.346567651604,0.3866121414209239,81.0,16.0,2.833333333333333,62.16666666666666,694.550863882532,12.833333333333334,3.1666666666666665,2.0,0.8333333333333334,11.833333333333334,3.5,5.666666666666667,41.16666666666666,0.0,0.0,196.88324871693175,416.6676151656002
2139.0,740.0,1882.543491135948,0.39308520811568376,2943.333333333333,325.8333333333333,281.6666666666667,2335.833333333333,3233.9954963441905,207.66666666666663,118.16666666666669,34.333333333333336,247.33333333333331,1017.8333333333334,420.8333333333333,52.66666666666666,844.5,0.0,0.0,214.66198195569507,76.00018105516227
2140.0,1110.0,2850.608318594179,0.38939057069314015,8403.0,1035.0,699.3333333333333,6668.666666666666,8968.205659071547,688.5,346.5,368.5,330.8333333333333,2145.0,860.1666666666666,784.5,2879.0,0.0,0.0,451.20538748880455,114.0002715827434
2141.0,1110.0,3136.384146889,0.35391072904797594,8400.833333333334,1094.5,702.3333333333333,6604.0,8965.932551045958,665.1666666666666,429.3333333333333,327.0,375.3333333333333,2033.8333333333333,1209.3333333333333,855.6666666666666,2505.1666666666665,0.0,0.0,451.0989461298821,114.0002715827434
2142.0,0.0,0.0,0.0,6239.500000000001,523.0,430.1666666666667,5286.333333333334,6535.442547056978,331.8333333333333,191.16666666666663,124.16666666666669,306.0,2176.6666666666665,924.3333333333334,415.3333333333333,1770.0,0.0,0.0,295.94254705697745,0.0
2143.0,0.0,0.0,0.0,1817.0,401.1666666666666,84.0,1331.8333333333337,1903.1808872364888,272.3333333333333,128.83333333333334,24.666666666666668,59.333333333333336,279.3333333333333,127.16666666666669,83.0,842.3333333333334,0.0,0.0,86.1808872364888,0.0
2144.0,417.1666666666667,888.4709177474348,0.4695332827824247,656.3333333333334,51.5,33.83333333333333,571.0,750.2492722242141,25.83333333333333,25.666666666666668,13.5,20.33333333333333,160.0,126.5,81.0,203.5,0.0,0.0,50.91583645177594,43.00010243910497
2145.0,382.8333333333333,885.2381425468698,0.43246366704433303,0.0,0.0,0.0,0.0,57.15725386787548,0.0,0.0,0.0,0.0,0.0,0.0,0.0,0.0,0.0,0.0,18.157160957989586,39.0000929098859
2146.0,969.9999997622348,2166.2804617892707,0.44777212224914276,191.99999995293717,3.499999999142084,30.499999992523875,157.99999996127121,373.28092448373513,2.333333332761389,1.1666666663806948,14.833333329697405,15.666666662826472,47.33333332173105,58.166666652408914,1.4999999996323217,50.99999998749894,0.0,0.0,82.11402913166096,99.16689539913702
2147.0,514.0,1070.1426677931022,0.4803097899647293,0.0,0.0,0.0,0.0,77.3793095530471,0.0,0.0,0.0,0.0,0.0,0.0,0.0,0.0,0.0,0.0,24.379183290894463,53.00012626215264
2148.0,262.99999916813425,600.6847136656687,0.4378336807726986,0.0,0.0,0.0,0.0,39.474237748938805,0.0,0.0,0.0,0.0,0.0,0.0,0.0,0.0,0.0,0.0,12.47417351211097,27.000064236827832
2149.0,370.0,945.5112739340462,0.39132267398623233,10506.000000000002,1282.0,802.8333333333334,8421.166666666668,11059.852280353783,812.5,469.5,431.6666666666667,371.1666666666667,2634.833333333333,1396.5,1129.5,3260.333333333333,0.0,0.0,515.8521898262038,38.000090527581136
2150.0,435.0,949.7558146822844,0.4580124630724348,676.0,96.83333333333334,49.833333333333336,529.3333333333333,773.528488020798,70.16666666666667,26.666666666666668,4.5,45.333333333333336,96.33333333333331,58.5,106.5,268.0,0.0,0.0,52.69508294977384,44.83340507102429
2151.0,430.0,906.6302981389498,0.47428373051580763,0.0,0.0,0.0,0.0,64.39514142663273,0.0,0.0,0.0,0.0,0.0,0.0,0.0,0.0,0.0,0.0,20.395036605223,44.000104821409735
2152.0,527.0,1133.502900185928,0.4649304381255279,126.0,7.0,13.833333333333334,105.16666666666666,210.9721260937844,4.833333333333333,2.1666666666666665,1.8333333333333333,12.0,21.5,33.166666666666664,2.5,48.0,0.0,0.0,30.971997449327016,54.0001286444574
2153.0,0.0,0.0,0.0,582.0,98.66666666666669,105.33333333333334,378.0,609.6044448935809,95.16666666666669,3.5,8.666666666666666,96.66666666666669,13.166666666666666,297.8333333333333,3.6666666666666665,63.333333333333336,0.0,0.0,27.604444893580894,0.0
2154.0,364.6666666666667,791.4589989263312,0.460752442212878,2169.0,98.83333333333331,146.83333333333334,1923.3333333333333,2326.3123103449034,54.16666666666666,44.66666666666666,6.833333333333333,140.0,738.6666666666666,442.1666666666667,26.666666666666668,715.8333333333334,0.0,0.0,120.14567846098778,37.16663188391586
2155.0,782.6666666666666,1856.5892760548152,0.4215615574004633,0.0,0.0,0.0,0.0,130.12235531567313,0.0,0.0,0.0,0.0,0.0,0.0,0.0,0.0,0.0,0.0,50.1221647312918,80.00019058438134
2156.0,580.8333333333334,1474.2722159204384,0.3939797054173603,92.0,6.833333333333333,2.0,83.16666666666667,240.41324866409855,0.0,6.833333333333333,0.0,2.0,13.0,1.3333333333333333,3.1666666666666665,65.66666666666667,0.0,0.0,88.9130939238543,59.500154740244255
2157.0,0.0,0.0,0.0,127.5,16.0,50.16666666666666,61.33333333333333,133.55165055134364,10.0,6.0,4.666666666666667,45.5,9.333333333333334,10.166666666666666,6.333333333333333,35.5,0.0,0.0,6.051650551343633,0.0
2158.0,1511.5,3269.7592238740717,0.46226645343296763,845.8333333333333,65.33333333333333,72.5,708.0,1112.2322598365831,39.5,25.83333333333333,9.833333333333334,62.66666666666666,137.66666666666666,91.83333333333331,36.833333333333336,441.6666666666667,0.0,0.0,111.73167300264618,154.66725350060358
2159.0,1.333333332778697,4.118431886551277,0.3237478170108122,23.999999990016548,1.6666666659733709,12.499999994800284,9.833333329242889,25.201360430620053,1.333333332778697,0.33333333319467423,0.8333333329866857,11.666666661813599,0.0,2.666666665557394,0.16666666659733706,6.9999999970881595,0.0,0.0,1.201360440603505,0.0
2160.0,0.0,0.0,0.0,0.0,0.0,0.0,0.0,0.0,0.0,0.0,0.0,0.0,0.0,0.0,0.0,0.0,0.0,0.0,0.0,0.0
2161.0,0.0,0.0,0.0,4637.333333333333,918.6666666666666,408.5,3310.1666666666665,4857.16545228646,574.1666666666666,344.5,156.5,252.0,741.0,378.8333333333333,351.8333333333333,1838.5,0.0,0.0,219.8321189531264,0.0
2162.0,223.0,548.5890130772481,0.4064973863568771,0.0,0.0,0.0,0.0,34.5800193152752,0.0,0.0,0.0,0.0,0.0,0.0,0.0,0.0,1.0030036781615437,0.0,10.57696084410402,23.000054793009635
2163.0,203.5,494.6912251390471,0.41136771719126514,0.0,0.0,0.0,0.0,36.50431562565909,0.0,0.0,0.0,0.0,0.0,0.0,0.0,0.0,6.018022068969263,0.0,9.652907831091383,20.833385725598447
2164.0,91.33333333333331,235.49620647943,0.3878335651292585,80.0,0.0,0.1666666666666666,79.83333333333333,99.13284317040664,0.0,0.0,0.0,0.1666666666666666,0.0,79.5,0.0,0.3333333333333333,2.006007356323088,0.0,8.126814373340665,9.0000214407429
2165.0,120.0,312.807574031328,0.38362242465389246,1299.3333333333333,134.5,170.83333333333331,994.0,1381.6859950199976,89.0,45.5,56.0,114.83333333333331,224.5,338.1666666666667,94.66666666666669,336.6666666666667,3.009011034484632,0.0,67.34362206452239,12.0000285876572
2166.0,309.5,850.8620229224979,0.36374875321964073,140.0,14.5,19.0,106.5,201.8380630016705,12.333333333333334,2.1666666666666665,6.0,13.0,8.333333333333334,46.833333333333336,25.83333333333333,25.5,4.012014712646175,0.0,26.32596969201033,31.50007859701404
2167.0,731.1666666666666,1801.2128591155906,0.40593018363508415,490.83333333333326,75.66666666666666,16.0,399.1666666666666,684.639691195143,30.5,45.16666666666666,3.1666666666666665,12.833333333333334,79.0,48.833333333333336,43.66666666666666,227.66666666666663,5.015018390807719,0.0,113.9578369209417,74.83350255006019
2168.0,39.333333333333336,100.69397276122508,0.3906225194491451,236.0,21.33333333333333,91.66666666666669,123.0,257.0710593651386,15.666666666666666,5.666666666666667,14.166666666666666,77.5,32.833333333333336,17.0,5.666666666666667,67.5,4.012014712646175,0.0,13.05903512327337,4.000009529219066
2169.0,236.0,660.5769672526902,0.3572634404458777,0.0,0.0,0.0,0.0,37.19961950566685,0.0,0.0,0.0,0.0,0.0,0.0,0.0,0.0,2.006007356323088,0.0,11.193554974029366,24.0000571753144
2170.0,0.0,0.0,0.0,977.8333333333331,78.83333333333334,487.1666666666666,411.8333333333333,1028.223817574236,74.66666666666667,4.166666666666667,46.333333333333336,440.8333333333333,76.83333333333333,43.833333333333336,85.0,206.16666666666663,4.012014712646175,0.0,46.37846952825663,0.0
2171.0,180.83333333333331,456.7847172811464,0.39588306371036536,0.0,0.0,0.0,0.0,29.41621835338831,0.0,0.0,0.0,0.0,0.0,0.0,0.0,0.0,2.006007356323088,0.0,8.576841856071965,18.833369140993256
2172.0,182.5,610.9594297353991,0.2987105053424563,0.0,0.0,0.0,0.0,30.66508350948271,0.0,0.0,0.0,0.0,0.0,0.0,0.0,0.0,3.009011034484632,0.0,8.65602721120751,19.000045263790568
2173.0,188.33333333333331,614.1307734653714,0.30666649754517267,0.0,0.0,0.0,0.0,27.93251447759821,0.0,0.0,0.0,0.0,0.0,0.0,0.0,0.0,0.0,0.0,8.932469213807641,19.000045263790568
2174.0,133.0,363.0708427692302,0.36631969393514624,64.0,17.833333333333336,3.166666666666667,43.0,96.0096751519051,12.833333333333334,5.0,1.5,1.6666666666666667,8.333333333333334,3.6666666666666665,5.166666666666667,25.83333333333333,0.0,0.0,18.34294441251443,13.666730739390674
2175.0,231.83333333333331,581.6032555984553,0.39861079026248325,222.0,33.66666666666667,8.333333333333334,180.0,267.19056399614686,18.166666666666668,15.5,6.0,2.333333333333333,41.66666666666666,43.833333333333336,22.166666666666668,72.33333333333333,0.0,0.0,21.52384724643142,23.666716749715437
2176.0,9.0,20.738408108457143,0.433977379215032,0.0,0.0,0.0,0.0,9.450904666776202,0.0,0.0,0.0,0.0,0.0,0.0,0.0,0.0,8.02402942529235,0.0,0.4268728591790859,1.0000023823047666
2177.0,426.3333333333333,1068.9116195315733,0.3988480670835671,0.0,0.0,0.0,0.0,64.89031529866023,0.0,0.0,0.0,0.0,0.0,0.0,0.0,0.0,1.0030036781615437,0.0,20.220537785253526,43.66677383524516
2178.0,1428.3333333333333,3641.541403932435,0.39223317131336244,711.1666666666666,52.0,215.66666666666663,443.5,966.1680359378548,37.66666666666666,14.333333333333334,40.5,175.16666666666666,77.16666666666667,105.83333333333331,49.5,211.0,0.0,7.438516837992563,101.39591830267254,146.16693413052317
2179.0,608.6666666666666,1555.255209799744,0.3913612780921268,233.0,27.666666666666664,25.333333333333336,180.0,486.6754752386389,17.0,10.666666666666666,9.166666666666666,16.166666666666668,52.833333333333336,36.5,16.833333333333332,73.83333333333333,0.0,0.0,191.1753865997809,62.50008863885794
2180.0,204.0,682.3267814876509,0.2989769792638457,0.0,0.0,0.0,0.0,39.11735535261349,0.0,0.0,0.0,0.0,0.0,0.0,0.0,0.0,1.0030036781615437,7.438516837992563,9.675784808059282,21.0000500284001
2181.0,386.6666666666667,965.5841436785636,0.40044844273601227,120.0,7.0,26.33333333333333,86.66666666666666,193.04053638668088,4.666666666666667,2.333333333333333,2.333333333333333,24.0,8.333333333333334,7.333333333333333,8.333333333333334,62.66666666666666,3.009011034484632,0.0,30.031430060005547,40.000095292190665
2182.0,1258.3333333333333,3143.638253220943,0.4002793044155308,428.3333333333333,13.833333333333332,21.33333333333333,393.1666666666666,637.4375781063459,10.166666666666666,3.6666666666666665,6.333333333333333,15.0,36.833333333333336,265.5,28.5,62.333333333333336,0.0,0.0,79.93723294975682,129.16701182325576
2183.0,1072.0,2668.9219129651906,0.4016603089031558,91.0,0.0,3.0,88.0,256.1617215229996,0.0,0.0,0.0,3.0,0.0,88.0,0.0,0.0,0.0,0.0,55.161459469475226,110.00026205352434
2184.0,62.333333333333336,154.5602414493471,0.40329474610559135,413.0,18.833333333333336,224.5,169.66666666666666,441.5449846836804,14.833333333333334,4.0,10.5,214.0,20.33333333333333,28.0,11.333333333333334,110.0,0.0,0.0,22.544970389851827,6.0000142938286
2185.0,1024.9999945190666,2542.2938322414916,0.4031792004212762,5781.666635750637,887.3333285885383,833.4999955430654,4060.8333116190342,6655.431821454317,580.9999968932466,306.33333169529175,350.83333145733906,482.6666640857263,1062.6666609843203,543.4999970937685,449.99999759373657,2004.6666559472087,0.0,446.31100786513775,322.4550129190065,104.99916491953569
2186.0,602.3333331149881,1529.4138434560061,0.39383279789981473,2364.8333324760833,259.6666665725378,332.1666665462566,1772.9999993572894,2575.510005639253,168.9999999387377,90.66666663380012,47.833333315993805,284.3333332302628,466.83333316410676,248.99999990973777,93.33333329950008,963.8333329839448,2.006007355595912,0.0,146.67039048044586,62.000275327127405
2187.0,0.0,0.0,0.0,0.0,0.0,0.0,0.0,0.0,0.0,0.0,0.0,0.0,0.0,0.0,0.0,0.0,0.0,0.0,0.0,0.0
2188.0,0.0,0.0,0.0,0.0,0.0,0.0,0.0,0.0,0.0,0.0,0.0,0.0,0.0,0.0,0.0,0.0,0.0,0.0,0.0,0.0
2189.0,0.0,0.0,0.0,0.0,0.0,0.0,0.0,0.0,0.0,0.0,0.0,0.0,0.0,0.0,0.0,0.0,0.0,0.0,0.0,0.0
2190.0,0.0,0.0,0.0,0.0,0.0,0.0,0.0,0.0,0.0,0.0,0.0,0.0,0.0,0.0,0.0,0.0,0.0,0.0,0.0,0.0
2191.0,0.0,0.0,0.0,0.0,0.0,0.0,0.0,0.0,0.0,0.0,0.0,0.0,0.0,0.0,0.0,0.0,0.0,0.0,0.0,0.0
2192.0,0.0,0.0,0.0,0.0,0.0,0.0,0.0,0.0,0.0,0.0,0.0,0.0,0.0,0.0,0.0,0.0,0.0,0.0,0.0,0.0
2193.0,0.0,0.0,0.0,0.0,0.0,0.0,0.0,0.0,0.0,0.0,0.0,0.0,0.0,0.0,0.0,0.0,0.0,0.0,0.0,0.0
2194.0,0.0,0.0,0.0,0.0,0.0,0.0,0.0,0.0,0.0,0.0,0.0,0.0,0.0,0.0,0.0,0.0,0.0,0.0,0.0,0.0
2195.0,0.0,0.0,0.0,0.0,0.0,0.0,0.0,0.0,0.0,0.0,0.0,0.0,0.0,0.0,0.0,0.0,0.0,0.0,0.0,0.0
2196.0,0.0,0.0,0.0,0.0,0.0,0.0,0.0,0.0,0.0,0.0,0.0,0.0,0.0,0.0,0.0,0.0,0.0,0.0,0.0,0.0
2197.0,0.0,0.0,0.0,0.0,0.0,0.0,0.0,0.0,0.0,0.0,0.0,0.0,0.0,0.0,0.0,0.0,0.0,0.0,0.0,0.0
2198.0,0.0,0.0,0.0,0.0,0.0,0.0,0.0,0.0,0.0,0.0,0.0,0.0,0.0,0.0,0.0,0.0,0.0,0.0,0.0,0.0
2199.0,0.0,0.0,0.0,0.0,0.0,0.0,0.0,0.0,0.0,0.0,0.0,0.0,0.0,0.0,0.0,0.0,0.0,0.0,0.0,0.0
2200.0,1.0,2.330297912035809,0.4291296811601114,162.0,0.3333333333333333,0.0,161.66666666666666,169.7311417829101,0.1666666666666666,0.1666666666666666,0.0,0.0,0.1666666666666666,161.0,0.3333333333333333,0.1666666666666666,0.0,0.0,7.731141782910112,0.0
2201.0,0.0,0.0,0.0,0.0,0.0,0.0,0.0,0.0,0.0,0.0,0.0,0.0,0.0,0.0,0.0,0.0,0.0,0.0,0.0,0.0
2202.0,0.0,0.0,0.0,0.0,0.0,0.0,0.0,0.0,0.0,0.0,0.0,0.0,0.0,0.0,0.0,0.0,0.0,0.0,0.0,0.0
2203.0,0.0,0.0,0.0,0.0,0.0,0.0,0.0,0.0,0.0,0.0,0.0,0.0,0.0,0.0,0.0,0.0,0.0,0.0,0.0,0.0
2204.0,0.0,0.0,0.0,0.0,0.0,0.0,0.0,0.0,0.0,0.0,0.0,0.0,0.0,0.0,0.0,0.0,0.0,0.0,0.0,0.0
2205.0,0.0,0.0,0.0,0.0,0.0,0.0,0.0,0.0,0.0,0.0,0.0,0.0,0.0,0.0,0.0,0.0,0.0,0.0,0.0,0.0
2206.0,0.0,0.0,0.0,0.0,0.0,0.0,0.0,0.0,0.0,0.0,0.0,0.0,0.0,0.0,0.0,0.0,0.0,0.0,0.0,0.0
2207.0,0.0,0.0,0.0,0.0,0.0,0.0,0.0,0.0,0.0,0.0,0.0,0.0,0.0,0.0,0.0,0.0,0.0,0.0,0.0,0.0
2208.0,0.0,0.0,0.0,0.0,0.0,0.0,0.0,0.0,0.0,0.0,0.0,0.0,0.0,0.0,0.0,0.0,0.0,0.0,0.0,0.0
2209.0,0.0,0.0,0.0,0.0,0.0,0.0,0.0,0.0,0.0,0.0,0.0,0.0,0.0,0.0,0.0,0.0,0.0,0.0,0.0,0.0
2210.0,0.0,0.0,0.0,0.0,0.0,0.0,0.0,0.0,0.0,0.0,0.0,0.0,0.0,0.0,0.0,0.0,0.0,0.0,0.0,0.0
2211.0,1.0000000000684826,1.7253363483087463,0.5795971324946168,0.0,0.0,0.0,0.0,0.04743031768981315,0.0,0.0,0.0,0.0,0.0,0.0,0.0,0.0,0.0,0.0,0.04743031768981315,0.0
2212.0,2.0000000561968747,3.572290189565837,0.5598649465932518,0.0,0.0,0.0,0.0,0.09486063803856572,0.0,0.0,0.0,0.0,0.0,0.0,0.0,0.0,0.0,0.0,0.09486063803856572,0.0
2213.0,0.0,0.0,0.0,0.0,0.0,0.0,0.0,0.0,0.0,0.0,0.0,0.0,0.0,0.0,0.0,0.0,0.0,0.0,0.0,0.0
2214.0,0.0,0.0,0.0,0.0,0.0,0.0,0.0,0.0,0.0,0.0,0.0,0.0,0.0,0.0,0.0,0.0,0.0,0.0,0.0,0.0
2215.0,0.0,0.0,0.0,0.0,0.0,0.0,0.0,0.0,0.0,0.0,0.0,0.0,0.0,0.0,0.0,0.0,0.0,0.0,0.0,0.0
2216.0,0.0,0.0,0.0,0.0,0.0,0.0,0.0,0.0,0.0,0.0,0.0,0.0,0.0,0.0,0.0,0.0,0.0,0.0,0.0,0.0
154.0,0.0,0.0,0.0,0.0,0.0,0.0,0.0,4.021272384757458,0.0,0.0,0.0,0.0,0.0,0.0,0.0,0.0,4.021272384757458,0.0,0.0,0.0
155.0,149.0,387.7144232050841,0.3843034746251508,0.0,0.0,0.0,0.0,43.30081683908776,0.0,0.0,0.0,0.0,0.0,0.0,0.0,0.0,21.61596937718205,0.0,13.848808715758006,7.836038746147698
156.0,7.5,20.63131006093313,0.3635251458995708,0.0,0.0,0.0,0.0,39.81654336211294,0.0,0.0,0.0,0.0,0.0,0.0,0.0,0.0,33.6795267274708,0.0,5.970204316706223,0.1668123179359134
157.0,600.0,1629.1123382821925,0.36829872679785014,0.0,0.0,0.0,0.0,158.1271287005253,0.0,0.0,0.0,0.0,0.0,0.0,0.0,0.0,38.36927212285121,0.0,87.41617552691844,32.34168105075566
158.0,1169.3333333333333,2342.1473407522194,0.4992569480952392,32.66666666666667,9.166666666666666,2.1666666666666665,21.333333333333336,218.16234330361715,9.166666666666666,0.0,2.1666666666666665,0.0,1.6666666666666667,4.666666666666667,2.5,12.5,18.93490100584416,0.0,103.87710240506544,62.68367322604087
159.0,0.0,0.0,0.0,1790.0,0.0,848.6666666666667,941.3333333333334,1987.053329402324,0.0,0.0,511.1666666666667,337.5,44.16666666666666,0.0,44.16666666666666,853.0,54.45540594701624,68.4,74.19792345530766,0.0
160.0,3.1666666666666665,6.714013332494563,0.4716503393492823,834.5000000000001,0.0,260.83333333333337,573.6666666666667,1267.1465709045674,0.0,0.0,198.83333333333331,62.0,35.5,0.0,32.5,505.6666666666667,19.101043827597923,0.0,413.5455270769696,0.0
161.0,329.8333333333333,747.6488240698674,0.4411607732329029,5.0,0.0,5.0,0.0,72.47218710118608,0.0,0.0,5.0,0.0,0.0,0.0,0.0,0.0,3.685340974001417,0.0,46.28498944759971,17.501856679584943
162.0,602.1666666666666,1419.6467691021624,0.42416654605391685,933.5,0.0,279.0,654.5,1146.0113580467414,0.0,0.0,279.0,0.0,38.0,0.0,48.66666666666666,567.8333333333334,39.54294290020855,0.0,140.96044134855592,32.00797379797698
163.0,188.5,373.9691087141596,0.504052328407902,39.33333333333333,11.166666666666666,2.0,26.166666666666664,61.431653866682176,11.166666666666666,0.0,2.0,0.0,2.1666666666666665,8.166666666666666,4.166666666666667,11.666666666666666,2.5133610522863585,0.0,9.415607347776756,10.169352133285726
164.0,615.0,1402.7923652865463,0.43841128253815015,208.33333333333331,40.16666666666666,13.0,155.16666666666669,331.9615261403987,40.16666666666666,0.0,13.0,0.0,10.333333333333334,43.833333333333336,36.5,64.5,10.388985005753776,0.0,80.06136597611514,33.17784182519644
165.0,0.0,0.0,0.0,1416.0,3.1666666666666665,865.6666666666666,547.1666666666666,1485.7620325543269,0.1666666666666666,3.0,665.0,200.66666666666663,37.66666666666666,0.0,53.66666666666666,455.8333333333333,11.058499058083008,0.0,58.70353349624372,0.0
166.0,638.6666666666666,1748.555514095101,0.36525386898978984,114.33333333333331,0.0,30.5,83.83333333333333,222.28846930128933,0.0,0.0,30.5,0.0,5.333333333333333,0.0,6.666666666666667,71.83333333333333,19.93761416816444,0.0,53.84285934011327,34.17466245967827
167.0,926.3333333333334,1978.7737378618413,0.4681350452600409,71.66666666666667,22.0,5.0,44.66666666666667,191.23025019359568,22.0,0.0,5.0,0.0,2.833333333333333,13.333333333333334,6.833333333333333,21.666666666666668,15.917775470540668,0.0,53.96654687444984,49.67926118193851
168.0,453.3333333333333,1275.6951491151497,0.35536180697071346,0.0,0.0,0.0,0.0,54.17102883276932,0.0,0.0,0.0,0.0,0.0,0.0,0.0,0.0,1.67496559603699,0.0,28.155568710682147,24.340494526050183
169.0,507.6666666666667,1334.555171759962,0.3804014082064323,0.0,0.0,0.0,0.0,100.43269836703124,0.0,0.0,0.0,0.0,0.0,0.0,0.0,0.0,5.024894964218471,0.0,68.23528477139055,27.172518631422214
170.0,195.0,528.469560791414,0.36899003172098715,6.333333333333334,3.8333333333333335,0.0,2.5,83.08640031762624,0.3333333333333333,3.5,0.0,0.0,0.1666666666666666,0.3333333333333333,0.5,1.5,14.410904366314034,0.0,51.83951826302921,10.502644354949664
171.0,615.1666666666666,1681.441819117548,0.36585664735608725,0.0,0.0,0.0,0.0,124.15964913824106,0.0,0.0,0.0,0.0,0.0,0.0,0.0,0.0,7.0355301471061695,0.0,84.11647821969733,33.00764077143756
172.0,362.6666666666667,984.5471981787908,0.3683588428645424,149.16666666666666,17.5,6.166666666666667,125.5,226.45022695986123,17.5,0.0,6.166666666666667,0.0,4.666666666666667,93.33333333333331,6.166666666666667,21.33333333333333,6.535285073932673,0.0,51.408614884639576,19.339660334622334
173.0,1077.3333333333333,2820.177114314129,0.38200910427405627,380.6666666666667,54.333333333333336,28.333333333333336,298.0,538.2447199820783,54.333333333333336,0.0,27.666666666666668,0.6666666666666666,24.0,51.833333333333336,93.16666666666669,129.0,9.71763854684928,0.0,90.17944539994012,57.68096936862229
174.0,1039.0,2791.521313385976,0.37219848367904623,291.83333333333337,35.166666666666664,20.0,236.66666666666669,455.136773714165,35.166666666666664,0.0,20.0,0.0,26.666666666666668,27.83333333333333,61.833333333333336,120.33333333333331,20.777444321978173,0.0,87.0111942504911,55.51480180836237
175.0,744.5,2019.5370719584853,0.3686488405375033,358.1666666666667,42.333333333333336,112.16666666666669,203.66666666666669,455.7182413512215,42.333333333333336,0.0,27.666666666666668,84.5,20.0,29.166666666666668,50.66666666666666,103.83333333333331,4.021923012155284,0.0,53.68524352943291,39.84440814296662
176.0,777.0,1754.1141952791688,0.44295861813964726,424.33333333333326,83.0,33.666666666666664,307.66666666666663,548.8353699387654,83.0,0.0,33.666666666666664,0.0,30.5,98.5,67.33333333333333,111.33333333333331,6.364715048308142,0.0,76.45465236141528,41.68266919570866
177.0,179.33333333333334,482.8853865989655,0.37137867144086717,352.83333333333337,1.5,88.0,263.33333333333337,408.94372241704014,1.5,0.0,83.66666666666667,4.333333333333333,11.0,1.1666666666666667,19.33333333333333,231.83333333333331,5.865767173979202,0.0,40.57479194468681,9.669829965040782
178.0,1534.0,4184.214619845282,0.3666159935306383,683.4999999999999,126.33333333333331,42.833333333333336,514.3333333333333,885.9873511423293,126.33333333333331,0.0,40.833333333333336,2.0,45.333333333333336,63.66666666666666,110.0,295.3333333333333,14.745535139707023,0.0,105.715528600472,82.02628740215023
179.0,1597.5,4364.013793380934,0.36606208770994014,794.1666666666667,165.33333333333334,67.33333333333334,561.5,1004.2829077935312,165.33333333333334,0.0,58.833333333333336,8.5,48.833333333333336,95.33333333333331,106.0,311.3333333333333,17.927760026030537,0.0,106.66460508734193,85.52387601349204
180.0,966.8333333333334,2290.400001968874,0.42212422830170443,231.16666666666663,41.5,18.83333333333333,170.83333333333331,379.452059487872,41.5,0.0,18.83333333333333,0.0,18.166666666666668,41.16666666666666,28.5,83.0,9.215307138282908,0.0,87.55811299553973,51.511972687382695
181.0,456.0,1237.676131487063,0.36843241006200694,93.83333333333331,23.5,7.833333333333333,62.5,145.9536341399117,23.5,0.0,7.833333333333333,0.0,5.5,17.166666666666668,8.0,31.83333333333333,4.691830315986532,0.0,22.920957057622115,24.50751343296973
182.0,234.16666666666663,631.3173060534194,0.3709175472006662,61.83333333333334,12.333333333333334,4.333333333333333,45.16666666666667,139.67894637556705,12.333333333333334,0.0,4.0,0.3333333333333333,3.8333333333333335,9.166666666666666,13.5,18.666666666666668,3.852785651875765,0.0,61.48866534589507,12.504162044462891
183.0,351.8333333333333,956.3825128178712,0.3678793041674265,174.16666666666666,1.0,21.833333333333336,151.33333333333331,270.46211368082135,1.0,0.0,21.166666666666668,0.6666666666666666,24.666666666666668,1.8333333333333333,38.66666666666666,86.16666666666667,26.473028236856305,0.0,50.984149644033145,18.838269133265232
184.0,236.33333333333331,630.5041940365662,0.3748322938508909,0.0,0.0,0.0,0.0,40.09566984244261,0.0,0.0,0.0,0.0,0.0,0.0,0.0,0.0,9.886124874435252,0.0,17.373338456531695,12.836206511475668
185.0,335.3333333333333,949.2814478548876,0.35324964381332163,87.83333333333333,18.166666666666668,6.5,63.16666666666666,128.85264742525283,18.166666666666668,0.0,6.333333333333333,0.1666666666666666,5.333333333333333,21.5,10.833333333333334,25.5,5.361870254814004,0.0,17.485822990544033,18.17162084656146
186.0,176.83333333333334,511.9048589275771,0.34544179499251687,16.666666666666668,0.0,0.6666666666666666,16.0,41.41003685023101,0.0,0.0,0.6666666666666666,0.0,2.1666666666666665,0.0,7.833333333333333,6.0,3.016477139964264,0.0,12.223958625801648,9.502934417798436
187.0,33.666666666666664,85.85054141613716,0.3921543896092239,4.166666666666666,3.1666666666666665,0.1666666666666666,0.8333333333333333,20.098622172336576,0.0,3.1666666666666665,0.1666666666666666,0.0,0.6666666666666666,0.0,0.0,0.1666666666666666,3.3497967341249044,0.0,10.915158938903874,1.6669998326411335
188.0,4.0,9.386339702284191,0.4261512076988423,47.16666666666667,10.666666666666666,2.333333333333333,34.16666666666667,143.35684268062204,10.666666666666666,0.0,2.333333333333333,0.0,1.8333333333333333,9.666666666666666,4.0,18.666666666666668,14.074453346651104,0.0,82.11572266730427,0.0
189.0,175.66666666666666,452.74230723797433,0.38800585644038615,13.499999999999998,4.833333333333333,0.8333333333333334,7.833333333333332,83.39902424679569,4.833333333333333,0.0,0.8333333333333334,0.0,0.5,2.1666666666666665,1.5,3.6666666666666665,5.69728185969429,0.0,54.69907800802639,9.502664379075012
190.0,100.16666666666669,254.9247591823192,0.39292639517618866,4.0,0.0,4.0,0.0,54.98522000074406,0.0,0.0,4.0,0.0,0.0,0.0,0.0,0.0,2.512580220799066,0.0,43.13764146698298,5.334998312962017
191.0,336.1666666666667,879.6316046161932,0.38216756299171994,13.500000000000002,0.1666666666666666,1.1666666666666667,12.166666666666668,53.19289488873105,0.1666666666666666,0.0,1.1666666666666667,0.0,2.0,1.1666666666666667,3.8333333333333335,5.166666666666667,3.85382871731379,0.0,17.834652271239694,18.004413900177564
192.0,422.1666666666667,1152.6248014719324,0.3662654717541638,19.333333333333336,4.833333333333333,1.8333333333333333,12.666666666666668,106.84891689023227,4.833333333333333,0.0,1.8333333333333333,0.0,1.3333333333333333,4.166666666666667,1.6666666666666667,5.5,15.91738221903865,0.0,49.0925801467277,22.505621191132597
193.0,311.1666666666667,782.6423666046063,0.39758474616781025,9.333333333333334,1.5,0.6666666666666666,7.166666666666667,58.49237554780714,1.5,0.0,0.6666666666666666,0.0,0.3333333333333333,2.6666666666666665,0.8333333333333334,3.333333333333333,2.1780798598223963,0.0,30.476653175865096,16.50430917878631
194.0,0.0,0.0,0.0,0.0,0.0,0.0,0.0,2.0106361923787284,0.0,0.0,0.0,0.0,0.0,0.0,0.0,0.0,2.0106361923787284,0.0,0.0,0.0
195.0,148.5,443.0786762726434,0.335154923837098,0.0,0.0,0.0,0.0,86.35805666334615,0.0,0.0,0.0,0.0,0.0,0.0,0.0,0.0,5.192080246275297,0.0,73.16356222886493,8.002414188205913
196.0,279.3333333333333,797.3801093257495,0.350313896805794,0.0,0.0,0.0,0.0,55.75179374723516,0.0,0.0,0.0,0.0,0.0,0.0,0.0,0.0,3.685078937019549,0.0,37.2289272482536,14.83778756196202
197.0,343.0,947.3679777440497,0.3620557249747661,7.500000000000001,0.0,0.6666666666666666,6.833333333333334,59.06680186882218,0.0,0.0,0.6666666666666666,0.0,1.3333333333333333,0.1666666666666666,2.333333333333333,3.0,4.522043747845615,0.0,29.039990626158414,18.00476749481815
198.0,527.6666666666666,1425.74786915122,0.3700981625740031,92.16666666666669,7.666666666666667,5.833333333333333,78.66666666666667,187.3362830509308,7.666666666666667,0.0,5.833333333333333,0.0,9.833333333333334,8.333333333333334,26.666666666666668,33.833333333333336,6.200136111169218,0.0,60.96213116644828,28.0073491066466
199.0,96.33333333333331,226.1090633976527,0.42604808443222,190.0,23.5,64.0,102.5,244.5404578953745,23.5,0.0,16.833333333333332,47.16666666666666,8.0,32.0,14.333333333333334,48.16666666666666,13.739302359216254,0.0,35.80034276978981,5.0008127663684085
200.0,228.66666666666663,582.4734045339236,0.3925787252889912,0.0,0.0,0.0,0.0,59.44072194052811,0.0,0.0,0.0,0.0,0.0,0.0,0.0,0.0,20.775490023994525,0.0,26.495442658553376,12.169789257980204
201.0,120.83333333333331,273.64536563004725,0.4415690836025084,0.0,0.0,0.0,0.0,42.76357325903686,0.0,0.0,0.0,0.0,0.0,0.0,0.0,0.0,16.4204980983897,0.0,20.0081801530476,6.334895007599557
202.0,367.0,771.4292440736526,0.47574032592023496,21.5,5.666666666666667,1.0,14.833333333333334,91.61807304920478,5.666666666666667,0.0,1.0,0.0,0.8333333333333334,4.666666666666667,2.833333333333333,6.5,11.05849824368154,0.0,39.55337262216051,19.50620218336273
203.0,383.0,828.5161267954944,0.46227223298761116,9.0,0.3333333333333333,2.333333333333333,6.333333333333333,75.61102005802444,0.3333333333333333,0.0,0.0,2.333333333333333,5.5,0.0,0.0,0.8333333333333334,16.25422730366542,0.0,29.684734814554773,20.672057939804244
204.0,276.3333333333333,603.9955711353588,0.45750887347385116,0.0,0.0,0.0,0.0,61.17012992303968,0.0,0.0,0.0,0.0,0.0,0.0,0.0,0.0,9.886391164337082,0.0,36.612722050397,14.671016708305592
205.0,338.8333333333333,908.51575800754,0.37295262118119615,0.0,0.0,0.0,0.0,34.90311682649201,0.0,0.0,0.0,0.0,0.0,0.0,0.0,0.0,2.8489000250022016,0.0,14.04934564863106,18.004871152858748
206.0,209.33333333333331,554.2247497275894,0.37770477308388717,69.66666666666667,9.5,4.166666666666667,56.0,96.80243070382386,9.5,0.0,4.166666666666667,0.0,6.333333333333333,6.0,16.833333333333332,26.83333333333333,4.356942981099196,0.0,11.609094344449003,11.169726711609
207.0,232.33333333333331,506.0306775336173,0.45912894938647003,0.0,0.0,0.0,0.0,62.90685113068385,0.0,0.0,0.0,0.0,0.0,0.0,0.0,0.0,15.079248591444292,0.0,35.32472928316718,12.502873256072377
208.0,122.66666666666669,310.2805049688522,0.3953411983746149,0.0,0.0,0.0,0.0,29.440334644036632,0.0,0.0,0.0,0.0,0.0,0.0,0.0,0.0,4.3559005207961325,0.0,18.582789396006916,6.501644727233587
209.0,1245.3333333333333,2922.9945115274463,0.42604709944616664,63.66666666666666,16.833333333333332,5.833333333333333,41.0,198.52409977272765,16.833333333333332,0.0,5.833333333333333,0.0,4.166666666666667,14.0,6.333333333333333,16.5,5.529183717228555,0.0,62.64253616898321,66.6857132198492
210.0,277.0,598.9988079695958,0.4624383159274335,51.66666666666666,13.166666666666666,4.0,34.5,162.99571811772367,13.166666666666666,0.0,4.0,0.0,2.0,11.0,4.833333333333333,16.666666666666668,15.079510219320412,0.0,81.24643844179901,15.003102789937564
211.0,191.33333333333331,488.12255486594495,0.3919780625295628,101.0,32.33333333333333,6.666666666666667,62.0,152.06796603131318,25.33333333333333,7.0,6.666666666666667,0.0,4.5,20.666666666666668,11.333333333333334,25.5,4.524126844559242,0.0,36.20746699443136,10.336372192322592
212.0,181.16666666666663,403.9965682264669,0.4484361524702623,41.0,0.0,9.666666666666666,31.33333333333333,61.22631412510431,0.0,0.0,1.1666666666666667,8.5,3.1666666666666665,4.0,4.166666666666667,20.0,1.3403356361058156,0.0,9.217000711218631,9.668977777779869
213.0,309.3333333333333,987.4676690692224,0.3132592013112773,485.5,193.0,48.16666666666666,244.33333333333331,537.6331224407711,136.0,57.0,18.33333333333333,29.83333333333333,19.0,128.83333333333334,12.0,84.5,2.178601897756749,0.0,33.449899430685086,16.504621112329357
214.0,422.5,1375.1872833210523,0.3072308805675327,11.5,3.1666666666666665,1.8333333333333333,6.5,63.22207048765293,3.1666666666666665,0.0,1.8333333333333333,0.0,0.8333333333333334,1.8333333333333333,1.0,2.833333333333333,8.042544769514913,0.0,21.17323924757052,22.50628647056749
215.0,333.8333331501924,799.9645138106121,0.4173101773727252,48.83333330654338,1.6666666657523337,10.83333332739017,36.33333331340088,99.907767367651,1.6666666657523337,0.0,4.166666664380834,6.666666663009335,3.333333331504667,12.166666659992035,4.166666664380834,16.666666657523336,5.0251561849817215,0.0,28.211946596594306,17.837331279531604
216.0,85.66666666666667,205.62007849350084,0.41662597978910115,5.0,0.0,1.3333333333333333,3.666666666666667,13.42878198004011,0.0,0.0,0.0,1.3333333333333333,0.0,0.0,1.1666666666666667,2.5,0.0,0.0,3.761011877277064,4.667770102763048
217.0,290.0,825.2511199518452,0.3514081871429899,26.83333333333333,12.666666666666666,1.0,13.166666666666666,73.45872427855014,12.666666666666666,0.0,0.0,1.0,0.1666666666666666,0.5,0.0,12.5,1.3399462322280398,0.0,29.780554013023146,15.504890699965612
218.0,296.6666666666667,954.2641754453098,0.3108852603926229,26.166666666666664,7.833333333333333,2.0,16.333333333333332,61.43755232361567,7.833333333333333,0.0,2.0,0.0,2.333333333333333,3.5,3.1666666666666665,7.333333333333333,2.0106361923787284,0.0,17.42273186885397,15.837517595716308
219.0,151.83333333333334,361.9210165081915,0.41952063131955986,180.8333333333333,0.5,0.0,180.3333333333333,204.79039308919783,0.5,0.0,0.0,0.0,0.1666666666666666,177.66666666666666,0.1666666666666666,2.333333333333333,0.0,0.0,15.788124121721076,8.168935634143468
220.0,288.5,557.0292529635302,0.5179261205136181,1.0,0.0,0.0,1.0,55.203683519093126,0.0,0.0,0.0,0.0,0.0,0.0,1.0,0.0,8.377564738458826,0.0,30.322017845966784,15.504100934667512
221.0,365.1666666666667,699.9270096265782,0.5217210675460127,0.0,0.0,0.0,0.0,57.23745194851814,0.0,0.0,0.0,0.0,0.0,0.0,0.0,0.0,13.572121738245484,0.0,23.99341781242397,19.67191239784869
222.0,247.83333333333331,561.4910010861158,0.44138433715578484,0.0,0.0,0.0,0.0,35.48228925076188,0.0,0.0,0.0,0.0,0.0,0.0,0.0,0.0,8.211030083799828,0.0,13.934178950141291,13.33708021682076
223.0,95.83333333333331,221.1723033224117,0.4332971710008067,7.666666666666667,0.0,0.5,7.166666666666667,20.473452200990327,0.0,0.0,0.5,0.0,0.6666666666666666,0.0,1.8333333333333333,4.666666666666667,2.0106361923787284,0.0,5.794796243928612,5.001353098016319
224.0,700.0,1807.4266236522933,0.3872909643133948,229.0,0.0,1.6666666666666663,227.3333333333333,308.353213584577,0.0,0.0,1.0,0.6666666666666666,35.166666666666664,109.33333333333331,9.666666666666666,73.16666666666667,0.0,0.0,41.84330423936681,37.5099093452102
225.0,33.833333333333336,82.84131700418197,0.40841134058292883,1549.0,298.8333333333333,419.6666666666666,830.5,1616.8094165630737,244.0,54.833333333333336,133.16666666666666,286.5,95.83333333333331,164.16666666666666,128.83333333333334,441.6666666666667,0.0,0.0,65.80887532386693,2.000541239206527
226.0,517.5,1293.8543185659375,0.39996774951725533,16.0,0.0,0.0,16.0,75.80610981975323,0.0,0.0,0.0,0.0,0.0,0.0,16.0,0.0,1.508042350962033,0.0,30.623678232504037,27.67438923628717
227.0,790.3333333333334,1473.676050744578,0.5363005885411626,509.0,45.5,93.83333333333331,369.6666666666667,605.8233066032496,37.0,8.5,19.33333333333333,74.5,37.0,133.5,78.5,120.66666666666669,0.3346275309037139,0.0,54.31135279399346,42.177326278352425
228.0,316.0,1024.8120074801084,0.3083492364389901,124.0,0.3333333333333333,0.0,123.66666666666669,160.055894500328,0.3333333333333333,0.0,0.0,0.0,0.1666666666666666,122.66666666666669,0.3333333333333333,0.5,0.6706905652856504,0.0,18.21379108385094,17.171412851191395
229.0,270.6666666666667,689.8006474844242,0.39238389765758863,89.0,7.833333333333333,4.833333333333334,76.33333333333333,131.16049139067275,7.833333333333333,0.0,3.8333333333333335,1.0,6.833333333333333,10.0,16.333333333333332,43.16666666666666,1.508301341483836,0.0,26.315483606994174,14.336706442194746
230.0,22.83333333333333,55.39881936142274,0.4121628149576314,1424.5000000000002,150.66666666666669,1083.1666666666667,190.66666666666669,1486.51627445623,13.833333333333334,136.83333333333334,17.0,1066.1666666666667,2.833333333333333,4.666666666666667,7.333333333333333,175.83333333333334,1.0053180961893644,0.0,60.01058167785608,1.0003746821846335
231.0,39.5,100.59074352017444,0.3926802667690581,3476.833333333333,624.5,2188.5,663.8333333333334,3624.60118271107,444.5,180.0,1994.5,194.0,52.333333333333336,35.833333333333336,35.166666666666664,540.5,0.0,0.0,145.76730813853018,2.000541239206527
232.0,153.5,430.0533151945533,0.35693248854635057,0.0,0.0,0.0,0.0,32.53443987639967,0.0,0.0,0.0,0.0,0.0,0.0,0.0,0.0,1.5072588811807723,0.0,22.859055907717785,8.168125087501108
233.0,153.33333333333334,354.993013518551,0.4319333831771891,400.6666666666666,44.333333333333336,32.666666666666664,323.66666666666663,433.7340279806772,44.333333333333336,0.0,24.0,8.666666666666666,29.5,103.33333333333331,61.833333333333336,129.0,1.1732838015673843,0.0,23.558994507667503,8.33508300477559
234.0,251.83333333333331,646.0081746399421,0.3898299483186798,27.83333333333333,0.5,2.6666666666666665,24.666666666666664,83.43999622802752,0.5,0.0,0.6666666666666666,2.0,1.6666666666666667,2.1666666666666665,2.333333333333333,18.5,4.189888717533305,0.0,37.912798791707225,13.503975385453655
235.0,2439.6666666666665,5108.69789960176,0.47755156296418444,1974.0,84.16666666666667,632.3333333333334,1257.5,2311.0269836637726,84.16666666666667,0.0,602.5,29.83333333333333,164.16666666666666,140.16666666666666,465.0,488.1666666666667,4.187413787914441,0.0,202.13803286683356,130.7015370090247
236.0,403.6666666666667,1049.9530656083036,0.38446162965655734,41.83333333333333,12.5,11.666666666666666,17.666666666666668,98.31829096489652,12.5,0.0,11.666666666666666,0.0,0.0,0.3333333333333333,0.1666666666666666,17.166666666666668,4.356030120690288,0.0,30.289661327612027,21.83926618326088
237.0,65.5,187.7177520302176,0.34892810771277627,593.8333333333334,11.333333333333334,48.5,534.0,752.6842356891045,11.0,0.3333333333333333,39.66666666666666,8.833333333333334,60.0,78.0,159.83333333333334,236.16666666666663,5.528662284429164,0.0,149.98826116147262,3.333978909869327
238.0,1444.0,2833.202825641731,0.5096705350323546,485.8333333333333,72.0,133.83333333333331,280.0,644.9020299517259,72.0,0.0,18.5,115.33333333333331,20.83333333333333,110.0,34.666666666666664,114.5,1.6763980653527906,0.0,80.03810751751352,77.35419103552634
239.0,24.5,64.69441102070216,0.37870350179337775,1.0,0.0,1.0,0.0,6.260683272688188,0.0,0.0,0.0,1.0,0.0,0.0,0.0,0.0,3.0150414281591846,0.0,1.079494375487852,1.1661474690411515
240.0,28.83333333333333,61.15984192628563,0.47144224748136854,0.0,0.0,0.0,0.0,2.695294837729488,0.0,0.0,0.0,0.0,0.0,0.0,0.0,0.0,0.0,0.0,1.194712186174152,1.5005826515553355
241.0,26.666666666666668,54.2457972366278,0.4915895428791085,15.333333333333332,3.5,1.3333333333333333,10.5,18.43153996780819,3.5,0.0,1.3333333333333333,0.0,0.6666666666666666,3.0,1.3333333333333333,5.5,0.0,0.0,1.7647273231935043,1.333479311281356
242.0,8.166666666666666,21.434655364924684,0.3810029378886336,0.0,0.0,0.0,0.0,1.5101031894599306,0.0,0.0,0.0,0.0,0.0,0.0,0.0,0.0,1.0053180961893644,0.0,0.3382430682591406,0.1665420250114254
243.0,144.83333333333334,340.9795588217079,0.4247566447496757,5.0,0.0,0.0,5.0,21.04940382918745,0.0,0.0,0.0,0.0,0.8333333333333334,1.0,1.0,2.1666666666666665,2.0106361923787284,0.0,6.203310935337156,7.835456701471567
244.0,0.0,0.0,0.0,66.33333333333334,3.8333333333333335,19.83333333333333,42.66666666666667,79.22534522229478,0.0,3.8333333333333335,19.83333333333333,0.0,3.5,0.0,5.333333333333333,33.833333333333336,10.053180961893643,0.0,2.8388309270677827,0.0
245.0,364.0,1078.4913297064477,0.33750850838928526,371.83333333333337,82.33333333333333,174.66666666666669,114.83333333333334,434.0293230990631,11.333333333333334,71.0,125.16666666666669,49.5,17.333333333333332,25.33333333333333,10.833333333333334,61.333333333333336,2.0106361923787284,0.0,40.68017026413188,19.50518330921921
246.0,193.33333333333331,427.9205934628503,0.4517972172566578,0.0,0.0,0.0,0.0,39.82011390725299,0.0,0.0,0.0,0.0,0.0,0.0,0.0,0.0,3.852915856904881,0.0,25.631075011475275,10.336123038872833
247.0,521.3333333333334,1508.6892133223744,0.3455538282700876,0.0,0.0,0.0,0.0,54.79751309962381,0.0,0.0,0.0,0.0,0.0,0.0,0.0,0.0,1.6753556050497274,0.0,25.114621734370576,28.007535760203503
248.0,111.83333333333331,268.30428993380934,0.41681530086948143,0.0,0.0,0.0,0.0,10.634480707580432,0.0,0.0,0.0,0.0,0.0,0.0,0.0,0.0,0.0,0.0,4.63285698996085,6.001623717619583
249.0,413.0,1180.7228222989936,0.3497857348059427,0.0,0.0,0.0,0.0,39.33608191565918,0.0,0.0,0.0,0.0,0.0,0.0,0.0,0.0,0.0,0.0,17.163378694546022,22.17270322111316
250.0,292.5,701.6181821762412,0.4168934150091997,265.0,3.5,20.0,241.5,304.9451984087579,3.5,0.0,4.333333333333333,15.666666666666666,10.833333333333334,125.16666666666669,29.83333333333333,75.66666666666667,0.0,0.0,24.2743474277776,15.67085098098032
251.0,92.83333333333331,294.7792437350048,0.31492493215291273,201.83333333333331,0.3333333333333333,0.0,201.5,221.550829877665,0.3333333333333333,0.0,0.0,0.0,0.0,200.83333333333331,0.1666666666666666,0.5,0.0,0.0,14.716143446315328,5.001353098016319
252.0,230.5,475.6725146498681,0.48457708381504006,1034.3333333333337,310.33333333333337,453.8333333333333,270.1666666666667,1122.401106631499,52.16666666666666,258.1666666666667,437.3333333333333,16.5,65.0,18.5,23.166666666666668,163.5,10.555905216666313,0.0,65.00899520403611,12.50287287746292
253.0,603.3333333333334,1904.7614304686329,0.31675007887202644,1063.5,65.83333333333333,495.0,502.6666666666666,1175.9675082200906,49.16666666666666,16.666666666666668,220.83333333333331,274.1666666666667,41.16666666666666,108.0,116.66666666666669,236.83333333333331,2.0106361923787284,0.0,78.28173264928964,32.17513937842237
254.0,463.8333333333333,1437.356886764324,0.32269879360127607,187.83333333333331,23.5,27.333333333333336,137.0,247.7100755131437,1.6666666666666667,21.83333333333333,19.0,8.333333333333334,4.166666666666667,87.33333333333333,6.333333333333333,39.16666666666666,2.680413897255471,0.0,32.35695700474562,24.839371277809253
255.0,291.1666666666667,665.7495043521675,0.4373516837237413,355.8333333333333,30.33333333333333,20.333333333333336,305.16666666666663,408.6663347659975,30.33333333333333,0.0,19.166666666666668,1.1666666666666667,36.16666666666666,70.66666666666667,51.16666666666666,147.16666666666666,1.1734148200583192,0.0,35.98852781259452,15.671058800011314
256.0,110.0,227.4873407233448,0.4835433903716638,29.0,2.333333333333333,4.166666666666667,22.5,51.452168274868,2.333333333333333,0.0,1.3333333333333333,2.833333333333333,1.8333333333333333,2.333333333333333,3.6666666666666665,14.666666666666666,0.8382638326234728,0.0,15.7793841168296,5.834520325414924
257.0,376.6666666666667,951.9959960659268,0.3956599273770287,544.5,195.33333333333331,89.83333333333333,259.3333333333333,604.8445086427192,79.16666666666667,116.16666666666669,33.166666666666664,56.66666666666666,35.5,14.5,55.16666666666666,154.16666666666666,2.0106361923787284,0.0,38.32846005827522,20.00541239206528
258.0,118.16666666666669,333.23832689140073,0.35460106815737347,190.16666666666669,12.666666666666666,36.33333333333333,141.16666666666669,210.1457348113348,12.666666666666666,0.0,13.0,23.33333333333333,17.0,29.166666666666668,23.0,72.0,1.0053180961893644,0.0,12.80550110254062,6.168248945938079
259.0,155.5,334.7131982499666,0.4645768401515835,287.8333333333333,22.83333333333333,23.833333333333336,241.16666666666663,334.7010806988337,19.0,3.8333333333333335,15.333333333333334,8.5,28.83333333333333,29.0,40.16666666666666,143.16666666666666,1.0053180961893644,0.0,37.86016045217398,8.002268817137093
260.0,110.5,279.9248626114733,0.3947487871178147,0.0,0.0,0.0,0.0,28.210152800759747,0.0,0.0,0.0,0.0,0.0,0.0,0.0,0.0,0.0,0.0,22.541924734574952,5.668228066184795
261.0,308.8333333333333,805.4595036372779,0.3834250287428604,0.0,0.0,0.0,0.0,85.18808488603958,0.0,0.0,0.0,0.0,0.0,0.0,0.0,0.0,0.0,0.0,68.68469056529376,16.503394320745805
262.0,982.0,1729.4989366297004,0.5677945092661564,0.0,0.0,0.0,0.0,158.73989976374304,0.0,0.0,0.0,0.0,0.0,0.0,0.0,0.0,0.0,0.0,106.22175357866206,52.51814618508097
263.0,487.0,1342.387768991818,0.3627863805446877,7.166666666666666,1.6666666666666667,0.8333333333333334,4.666666666666666,54.40232899363504,1.6666666666666667,0.0,0.0,0.8333333333333334,2.6666666666666665,0.1666666666666666,0.0,1.8333333333333333,0.0,0.0,21.229666178903045,26.005996148065325
264.0,826.1666666666666,2338.1194322413207,0.3533466491378943,0.0,0.0,0.0,0.0,92.91470527268312,0.0,0.0,0.0,0.0,0.0,0.0,0.0,0.0,0.0,0.0,48.73604791189603,44.17865736078709
265.0,440.6666666666667,1130.3142650206612,0.38986207668414385,87.0,0.3333333333333333,0.0,86.66666666666667,137.22993793299972,0.3333333333333333,0.0,0.0,0.0,0.0,86.16666666666667,0.0,0.5,0.0,0.0,26.556880458436087,23.673057474563624
266.0,224.5,639.6862039586166,0.35095332463121814,0.0,0.0,0.0,0.0,22.30833208435731,0.0,0.0,0.0,0.0,0.0,0.0,0.0,0.0,1.0053180961893644,0.0,9.29976655292878,12.003247435239166
267.0,307.0,934.6181784775775,0.3284763843349161,0.0,0.0,0.0,0.0,34.059135803356426,0.0,0.0,0.0,0.0,0.0,0.0,0.0,0.0,0.0,0.0,17.72126453506949,16.337871268286936
268.0,159.66666666666666,417.7061223933385,0.3822464122666472,0.0,0.0,0.0,0.0,15.788653729396971,0.0,0.0,0.0,0.0,0.0,0.0,0.0,0.0,0.0,0.0,7.119655496951623,8.668998232445349
269.0,203.16666666666663,417.5484505789832,0.4865702803709381,183.83333333333331,5.833333333333333,15.333333333333334,162.66666666666669,216.0261485745781,5.0,0.8333333333333334,13.0,2.333333333333333,25.5,12.833333333333334,75.0,49.333333333333336,3.015954288568093,0.0,18.006946923248567,11.16991402942812
270.0,92.83333333333331,194.51732049801583,0.4772497024720236,373.3333333333333,285.6666666666667,16.333333333333332,71.33333333333333,397.84668113628896,169.0,116.66666666666669,6.666666666666667,9.666666666666666,3.6666666666666665,6.833333333333333,7.666666666666667,53.16666666666666,0.0,0.0,19.345452679927785,5.167895123027744
271.0,388.5,963.3020508529872,0.40330029366800374,153.33333333333331,8.5,3.5,141.33333333333331,197.46387378494347,8.5,0.0,2.5,1.0,5.833333333333333,70.16666666666667,39.66666666666666,25.666666666666668,0.0,0.0,23.124857439941614,21.005683011668538
272.0,262.8333333333333,646.2246676816221,0.4067212944319612,112.0,0.1666666666666666,7.333333333333333,104.5,144.71824762241096,0.1666666666666666,0.0,7.333333333333333,0.0,1.1666666666666667,91.0,0.1666666666666666,12.166666666666666,0.0,0.0,18.71456301054662,14.003684611864324
273.0,339.5,834.0366020607307,0.40705647589226446,0.0,0.0,0.0,0.0,33.58845453326083,0.0,0.0,0.0,0.0,0.0,0.0,0.0,0.0,0.0,0.0,15.417082996009214,18.171371537251616
274.0,689.6666666454043,1857.1238035429305,0.37136278439256004,1.6666666666152834,0.3333333333230567,0.1666666666615283,1.1666666666306982,68.19586491480678,0.3333333333230567,0.0,0.1666666666615283,0.0,0.0,0.3333333333230567,0.1666666666615283,0.6666666666461134,0.0,0.0,29.686621555506935,36.84257669268457
275.0,70.83333375073069,119.19807401118702,0.5942489787551669,12.000000070712023,0.5000000029463343,3.50000002062434,8.000000047141349,21.58656423491685,0.5000000029463343,0.0,1.1666666735414468,2.333333347082893,0.0,3.0000000176780057,0.16666666764877802,4.833333361814565,1.0053181021133708,0.0,4.746289693828642,3.834956368262812
276.0,1083.1666666666667,2620.390013345489,0.413360858937091,297.1666666666667,87.33333333333334,11.333333333333332,198.5,413.53657529702383,57.333333333333336,30.0,5.0,6.333333333333333,8.166666666666666,84.16666666666667,33.833333333333336,72.33333333333333,1.0053180961893644,0.0,57.34762799106637,58.01696254310146
277.0,132.16666666666666,278.4447054716762,0.4746603690767999,126.66666666666666,54.5,5.666666666666667,66.5,144.7372054020438,37.66666666666666,16.833333333333332,3.8333333333333335,1.8333333333333333,5.833333333333333,3.6666666666666665,11.0,46.0,0.1679657053780202,0.0,10.733637546195355,7.16893548380376
278.0,643.8333333333334,1481.6085800069825,0.4345502192828143,978.0,440.5,38.333333333333336,499.1666666666667,1081.8843474301025,278.5,162.0,34.333333333333336,4.0,18.33333333333333,212.16666666666663,144.83333333333334,123.83333333333331,1.50699989065897,0.0,68.03439772980674,34.34294980963654
279.0,261.1666666666667,614.927981660702,0.42471098153859954,129.66666666666666,11.666666666666666,8.0,110.0,161.59440468475395,11.666666666666666,0.0,6.666666666666667,1.3333333333333333,6.833333333333333,17.333333333333332,51.66666666666666,34.166666666666664,1.5075219285933226,0.0,16.25055051367972,14.16966557581426
280.0,164.83333333333334,418.4002975332781,0.39396084157952366,0.0,0.0,0.0,0.0,16.503271473705873,0.0,0.0,0.0,0.0,0.0,0.0,0.0,0.0,0.0,0.0,7.5008358972765,9.002435576429374
281.0,488.6666666666667,1106.2227497403192,0.4417434615057221,2.5,0.1666666666666666,0.1666666666666666,2.1666666666666665,58.089552433700845,0.1666666666666666,0.0,0.1666666666666666,0.0,0.1666666666666666,2.0,0.0,0.0,5.864724108541178,0.0,23.551042423363068,26.173785901796595
282.0,1555.5,4376.738145683775,0.3554016594604805,654.5,129.33333333333331,56.33333333333333,468.8333333333333,829.8210484476258,107.33333333333331,22.0,40.66666666666666,15.666666666666666,63.333333333333336,69.83333333333333,75.16666666666667,260.5,0.3347577359328304,0.0,91.62985115245068,83.35643955924232
283.0,507.5,1313.4121548834353,0.3863981295688865,334.5,108.66666666666669,14.166666666666668,211.66666666666663,396.414150191337,27.0,81.66666666666667,8.833333333333334,5.333333333333333,13.5,97.83333333333331,22.83333333333333,77.5,0.0,0.0,34.90684346204895,27.00730672928812
284.0,390.0,1003.9626763846796,0.38846065613157027,8.0,0.0,0.0,8.0,47.84270570544763,0.0,0.0,0.0,0.0,2.6666666666666665,0.1666666666666666,4.166666666666667,1.0,0.670560360256534,0.0,18.33306657822641,20.83907876696469
285.0,253.83333333333331,586.1226661150346,0.433072030835803,4.333333333333333,0.1666666666666666,0.0,4.166666666666666,42.11345931347031,0.1666666666666666,0.0,0.0,0.0,0.0,0.1666666666666666,0.3333333333333333,3.6666666666666665,2.010635587243768,0.0,22.266471387142555,13.50301900575065
286.0,283.5,740.5563353544411,0.38282030206967677,139.66666666666669,11.833333333333332,3.0,124.83333333333334,173.22135194985776,2.1666666666666665,9.666666666666666,1.8333333333333333,1.1666666666666667,47.333333333333336,5.333333333333333,41.0,31.166666666666668,1.0053180961893644,0.0,17.545183453567912,15.00418373343381
287.0,228.0,601.6272533789216,0.3789721936954861,0.0,0.0,0.0,0.0,28.28414241773264,0.0,0.0,0.0,0.0,0.0,0.0,0.0,0.0,0.0,0.0,15.947624221462666,12.336518196269976
288.0,1186.8333333333333,2870.4271753658877,0.41346923674593833,576.5,50.833333333333336,97.5,428.1666666666666,715.4916508205894,47.333333333333336,3.5,38.0,59.5,17.833333333333332,241.0,31.5,137.83333333333334,2.0106361923787284,0.0,73.13015361896719,63.8508610092436
289.0,128.66666666666666,356.5171260534953,0.3608989786576487,241.16666666666663,65.66666666666667,22.33333333333333,153.16666666666666,279.08406474557773,64.0,1.6666666666666667,18.33333333333333,4.0,16.333333333333332,18.5,17.833333333333332,100.5,3.853175660888503,0.0,27.062099200224065,7.002123217798526
290.0,127.16666666666669,370.6351672064801,0.34310469679695127,20.5,0.0,8.833333333333334,11.666666666666668,42.81645813602873,0.0,0.0,8.5,0.3333333333333333,1.5,0.0,1.8333333333333333,8.333333333333334,2.0106361923787284,0.0,13.47069828374451,6.835123659905489
291.0,916.8333333333334,2641.020807045392,0.3471511208421826,9.0,0.0,0.0,9.0,96.39279703219334,0.0,0.0,0.0,0.0,0.0,9.0,0.0,0.0,0.0,0.0,38.379536671633424,49.01326036055992
292.0,212.33333333333331,581.3683693260697,0.3652302817565962,323.6666666666667,77.0,30.5,216.16666666666669,367.2740436965484,62.833333333333336,14.166666666666666,21.5,9.0,24.33333333333333,47.833333333333336,40.833333333333336,103.16666666666669,9.88560708942086,0.0,22.21870969324813,11.50306024721272
293.0,520.6666666666666,1439.972616373194,0.36158095004476587,236.3333333333333,21.83333333333333,21.166666666666664,193.3333333333333,297.7298753111233,21.83333333333333,0.0,9.166666666666666,12.0,17.833333333333332,57.5,41.833333333333336,76.16666666666667,2.0106361923787284,0.0,31.37832843651985,28.007577348891385
294.0,574.5,1674.575391807838,0.34307204250731366,1375.6666666666667,603.0,79.0,693.6666666666667,1488.6921879997026,494.6666666666667,108.33333333333331,49.833333333333336,29.166666666666668,69.83333333333333,194.5,106.66666666666669,322.6666666666667,1.5071300956880862,0.0,80.84364736900052,30.67474386834709
295.0,20.5,42.44317641850676,0.4829987227596203,0.0,0.0,0.0,0.0,8.880012905454581,0.0,0.0,0.0,0.0,0.0,0.0,0.0,0.0,4.020750346823104,0.0,3.6923252723615456,1.1669372862699303
296.0,11.0,25.190692961940712,0.43666921019677063,0.0,0.0,0.0,0.0,11.50941647423902,0.0,0.0,0.0,0.0,0.0,0.0,0.0,0.0,10.053180961893643,0.0,0.455964892742114,1.0002706196032636
297.0,64.66666666666667,157.4515725249191,0.410708293538524,0.0,0.0,0.0,0.0,28.96761415071025,0.0,0.0,0.0,0.0,0.0,0.0,0.0,0.0,21.950336290640323,0.0,3.5163410329261207,3.5009368271438084
298.0,70.66666666666667,143.71713778654166,0.4917066103252456,0.0,0.0,0.0,0.0,27.988944549755605,0.0,0.0,0.0,0.0,0.0,0.0,0.0,0.0,11.728017772437946,0.0,12.760280972511916,3.500645804805742
299.0,26.33333333333333,49.98256239386229,0.5268504068644345,329.0,75.16666666666666,77.33333333333334,176.5,348.76738480079933,57.16666666666666,18.0,15.0,62.333333333333336,21.33333333333333,22.666666666666668,28.83333333333333,103.66666666666669,3.015954288568093,0.0,15.58445163727346,1.1669788749578072
300.0,3.8333333333333335,12.89895940218192,0.29718159533744304,2376.333333333333,108.83333333333331,557.3333333333333,1710.1666666666667,2514.067331883617,100.0,8.833333333333334,554.1666666666666,3.1666666666666665,294.8333333333333,150.0,536.8333333333334,728.5,4.021272384757458,0.0,133.71272616552605,0.0
301.0,14.333333333333334,39.55847402614732,0.362332817081349,1.0,0.3333333333333333,0.3333333333333333,0.3333333333333333,6.325926093685536,0.3333333333333333,0.0,0.3333333333333333,0.0,0.0,0.3333333333333333,0.0,0.0,3.685601788415719,0.0,0.6400536856665537,1.0002706196032636
302.0,98.0,243.3155070024322,0.4027692324559502,12.166666666666666,0.8333333333333334,1.3333333333333333,10.0,35.64890226078551,0.8333333333333334,0.0,0.3333333333333333,1.0,2.5,1.8333333333333333,1.3333333333333333,4.333333333333333,13.572249514247142,0.0,4.5752580598341765,5.334728020037528
303.0,65.5,156.95733164791932,0.4173108660315855,171.16666666666669,58.5,9.666666666666666,103.0,189.5049867933477,22.33333333333333,36.16666666666666,6.5,3.1666666666666665,7.833333333333333,9.333333333333334,16.333333333333332,69.5,2.8489000250022016,0.0,11.988358632879814,3.5010614687990493
304.0,128.5,283.2640356123952,0.4536403632116333,181.0,35.0,7.833333333333333,138.16666666666666,205.4325506108472,19.0,16.0,7.833333333333333,0.0,9.333333333333334,78.33333333333333,21.166666666666668,29.33333333333333,4.859406617486775,0.0,12.738186563798031,6.83495742956237
305.0,2.0,4.757330323634828,0.42040385340993186,0.0,0.0,0.0,0.0,13.152037958233027,0.0,0.0,0.0,0.0,0.0,0.0,0.0,0.0,13.069135250461736,0.0,0.0829027077712934,0.0
306.0,28.166666666666668,68.7662864226718,0.40959993816650686,0.0,0.0,0.0,0.0,12.38794122008468,0.0,0.0,0.0,0.0,0.0,0.0,0.0,0.0,10.053180961893643,0.0,1.16778138323323,1.1669788749578072
307.0,106.16666666666669,266.8506518050402,0.3978505053239726,0.0,0.0,0.0,0.0,26.617228851231328,0.0,0.0,0.0,0.0,0.0,0.0,0.0,0.0,9.5511091584113,0.0,11.564579354846586,5.501540337973442
308.0,499.0,1343.1395534156384,0.3715176123962921,785.1666666666666,147.0,63.66666666666666,574.5,890.1538234720826,144.66666666666666,2.333333333333333,48.5,15.166666666666666,69.66666666666667,142.5,114.16666666666669,248.16666666666663,2.6798918593211183,0.0,75.63530879169492,26.671956154399982
309.0,212.83333333333331,495.8433335918818,0.42923504041401905,322.3333333333333,54.16666666666666,93.16666666666666,175.0,365.2380481363901,45.5,8.666666666666666,85.33333333333333,7.833333333333333,20.5,23.666666666666668,26.83333333333333,104.0,9.2158285710823,0.0,22.18572222831212,11.503164003662343
310.0,0.0,0.0,0.0,304.66666666666663,83.33333333333333,60.0,161.33333333333331,318.3926281011083,82.33333333333333,1.0,33.666666666666664,26.33333333333333,17.666666666666668,34.833333333333336,28.0,80.83333333333333,1.0053180961893644,0.0,12.720643338252248,0.0
311.0,29.666666666666668,67.37004431862458,0.44035397284821526,1699.1666666666663,445.83333333333337,245.0,1008.3333333333331,1776.3379660924109,301.5,144.33333333333334,198.0,47.0,118.83333333333331,231.33333333333331,125.5,532.6666666666666,3.35110527600294,0.0,72.31967386821822,1.500520281523201
312.0,430.0,1384.501475291123,0.3105811063939695,483.0,5.833333333333333,8.166666666666666,469.0,551.8965448945913,5.833333333333333,0.0,4.5,3.6666666666666665,11.5,18.0,236.83333333333331,202.66666666666663,8.042544769514913,0.0,37.847775874201375,23.006224250875064
313.0,721.0,1763.927223729789,0.4087470221563109,82.66666666666667,20.0,0.3333333333333333,62.333333333333336,154.98991021723583,1.6666666666666667,18.33333333333333,0.3333333333333333,0.0,1.0,46.66666666666666,3.333333333333333,11.333333333333334,0.0,0.0,33.312689386041875,39.010554164527285
314.0,618.6666666666666,1531.803630724433,0.40388118571966153,16.0,0.1666666666666666,1.1666666666666667,14.666666666666666,77.32888771574784,0.1666666666666666,0.0,0.1666666666666666,1.0,6.166666666666667,0.3333333333333333,0.0,8.166666666666666,1.0053180961893644,0.0,27.14797250598411,33.17559711357437
315.0,0.0,0.0,0.0,1703.5,158.16666666666666,699.8333333333334,845.5,1774.2837398326135,157.16666666666666,1.0,426.1666666666667,273.6666666666667,69.66666666666667,1.8333333333333333,74.66666666666667,699.3333333333334,0.0,0.0,70.78373983261343,0.0
316.0,1193.6666666666667,3225.137057557409,0.3701134697111764,274.6666666666667,11.833333333333334,21.833333333333336,241.0,399.5505970387159,11.833333333333334,0.0,10.0,11.833333333333334,18.83333333333333,38.833333333333336,65.16666666666667,118.16666666666669,0.0,0.0,60.8666107174404,64.01731965460887
317.0,542.5,1222.7886862617568,0.4436580139275753,9.833333333333334,0.0,1.0,8.833333333333334,65.0658855678234,0.0,0.0,0.1666666666666666,0.8333333333333334,0.1666666666666666,0.1666666666666666,0.0,8.5,0.0,0.0,26.057975177365943,29.17457705712413
318.0,123.83333333333331,270.8564964794088,0.4571916677019687,0.0,0.0,0.0,0.0,11.802285148682063,0.0,0.0,0.0,0.0,0.0,0.0,0.0,0.0,0.0,0.0,5.133599503137309,6.6686856455447545
319.0,0.0,0.0,0.0,3224.166666666667,302.8333333333333,2106.1666666666665,815.1666666666667,3357.809612038221,288.8333333333333,14.0,1622.3333333333333,483.8333333333333,117.16666666666669,253.0,41.16666666666666,403.8333333333333,0.0,0.0,133.64294537155453,0.0
320.0,739.5,1761.1795540833784,0.4198890444108519,49.0,0.3333333333333333,1.1666666666666667,47.5,123.37298481211543,0.3333333333333333,0.0,0.0,1.1666666666666667,0.0,27.83333333333333,0.3333333333333333,19.33333333333333,1.340467665027431,0.0,33.02194164626794,40.01057550082007
321.0,542.0,1179.6025737841956,0.45947678654281837,132.83333333333334,0.1666666666666666,2.0,130.66666666666669,189.82533990163944,0.1666666666666666,0.0,0.5,1.5,3.6666666666666665,115.16666666666669,0.0,11.833333333333334,0.0,0.0,27.98415859981145,29.007847968494648
322.0,579.6666666666666,1226.974905785578,0.4724356333070493,524.5,61.16666666666666,51.66666666666666,411.6666666666667,601.2688477920856,61.16666666666666,0.0,32.666666666666664,19.0,41.0,119.16666666666669,62.16666666666666,189.33333333333331,0.0,0.0,45.76031293311514,31.00853485897042
323.0,379.0,768.1598652667476,0.4933868809565965,223.16666666666663,53.333333333333336,78.83333333333333,91.0,268.13262338151594,53.333333333333336,0.0,5.0,73.83333333333333,6.833333333333333,12.5,8.666666666666666,63.0,0.0,0.0,24.960544322783974,20.00541239206528
324.0,638.5,1515.0962714718817,0.4214253655180022,607.6666666666666,171.33333333333331,62.333333333333336,374.0,694.164130801094,152.66666666666666,18.666666666666668,48.5,13.833333333333334,42.833333333333336,77.83333333333333,58.5,194.83333333333331,0.0,0.0,52.48826306791634,34.00920106651097
325.0,514.3333333648831,1123.7111655760089,0.45770955128067836,0.0,0.0,0.0,0.0,49.63196178808764,0.0,0.0,0.0,0.0,0.0,0.0,0.0,0.0,0.0,0.0,22.12371926193534,27.5082425261523
326.0,0.0,0.0,0.0,4829.0,212.0,1845.8333333333333,2771.1666666666665,5032.187686616385,212.0,0.0,1454.0,391.8333333333333,322.6666666666667,517.1666666666666,263.0,1668.3333333333333,3.015954288568093,0.0,200.17173232781613,0.0
327.0,698.5,1531.9880891180062,0.4559434926169298,174.16666666666666,2.6666666666666665,32.83333333333333,138.66666666666666,248.72174653008244,2.6666666666666665,0.0,2.0,30.83333333333333,3.0,75.83333333333333,6.166666666666667,53.66666666666666,1.0058377050962568,0.0,36.20649885554652,37.34274330277298
328.0,386.1666666666667,744.9868949457717,0.5183536372069687,559.0,130.33333333333334,10.5,418.1666666666666,619.019423823756,70.16666666666667,60.16666666666666,8.333333333333334,2.1666666666666665,7.0,18.5,20.83333333333333,371.8333333333333,0.0,0.0,39.18034505679129,20.83907876696469
329.0,932.6666666666666,1982.2999465000992,0.4704972465510885,393.83333333333337,73.66666666666667,34.83333333333333,285.33333333333337,498.8324688864475,71.5,2.1666666666666665,23.83333333333333,11.0,22.83333333333333,150.16666666666666,14.833333333333334,97.5,0.0,0.0,54.98560457295098,50.01353098016318
330.0,470.5,1241.8787577490375,0.378861460560613,181.5,31.166666666666668,9.833333333333332,140.5,233.72455053354383,31.166666666666668,0.0,4.333333333333333,5.5,6.333333333333333,86.83333333333333,12.0,35.333333333333336,0.0,0.0,27.05128465906938,25.173265874474463
331.0,324.6666666666667,614.2456700035597,0.5285615878493457,412.83333333333337,0.3333333333333333,0.3333333333333333,412.1666666666667,460.746028770931,0.3333333333333333,0.0,0.3333333333333333,0.0,0.1666666666666666,410.6666666666667,0.3333333333333333,1.0,0.0,0.0,30.574553549707517,17.3381418878902
332.0,400.83333340451566,856.4707871945985,0.4680058437456576,148.5000000263715,6.666666667850573,14.33333333587873,127.50000002264221,192.77320012777358,6.666666667850573,0.0,9.66666666838333,4.666666667495401,10.666666668560916,33.66666667264539,14.166666669182467,69.00000001225342,0.0,0.0,22.767392065649698,21.50580803575236
333.0,976.6666666666666,2623.4248723778046,0.37228688229270357,1068.0,151.0,224.33333333333331,692.6666666666667,1205.270484487679,119.66666666666669,31.33333333333333,185.5,38.833333333333336,75.5,128.66666666666666,95.33333333333331,393.1666666666667,0.0,0.0,84.75616260638944,52.51432188128965
334.0,917.5,2396.442811712613,0.3828591258325545,1212.0,568.6666666666667,79.33333333333333,564.0,1349.960131727151,286.5,282.1666666666667,52.16666666666666,27.166666666666668,54.5,89.16666666666667,132.66666666666666,287.6666666666667,0.0,0.0,88.78010068927371,49.18003103787728
335.0,471.1666666666667,1113.5050315986414,0.42313833642064486,777.6666666666667,461.5,65.33333333333333,250.8333333333333,854.4370351759478,39.333333333333336,422.1666666666667,21.33333333333333,44.0,24.166666666666668,32.0,35.0,159.66666666666666,0.0,0.0,51.76360301919962,25.00676549008159
336.0,290.6666666666667,795.1431759244089,0.3655526142555982,160.83333333333334,5.166666666666667,6.666666666666666,149.0,204.2532184598813,5.166666666666667,0.0,3.6666666666666665,3.0,7.0,100.83333333333331,10.666666666666666,30.5,0.0,0.0,27.91619998573456,15.503685140813484
337.0,345.66666661932413,935.8411888692367,0.36936466435826376,443.9999999391897,3.9999999994521596,17.666666664247035,422.3333332754905,495.0721388538108,3.9999999994521596,0.0,6.999999999041279,10.666666665205758,6.833333332397439,306.33333329137787,71.66666665685119,37.499999994864,0.0,0.0,32.73405907259599,18.338079842025255
338.0,693.4999995366745,1688.8928477874172,0.41062403718815804,9.999999993319028,0.16666666655531706,0.0,9.83333332676371,78.17243306172519,0.16666666655531706,0.0,0.0,0.0,0.9999999993319028,1.6666666655531712,0.9999999993319028,6.166666662546734,0.0,0.0,31.16242016781167,37.01001290059447
339.0,1.6666666666666667,4.163425786468629,0.4003113666835202,826.6666666666667,59.16666666666667,71.5,696.0,861.1776702263371,49.333333333333336,9.833333333333334,46.16666666666666,25.33333333333333,55.66666666666666,306.8333333333333,108.33333333333331,225.16666666666663,0.1680967238689547,0.0,34.342906835801536,0.0
340.0,565.8333333333334,1148.3862857834204,0.4927203854122363,2788.833333333333,272.5,1773.0,743.3333333333334,2958.074713321953,197.0,75.5,1630.6666666666667,142.33333333333334,96.5,208.5,130.33333333333334,308.0,0.0,0.0,139.2332614005214,30.00811858809791
341.0,92.5,179.73199862068648,0.5146551571777469,519.3333333333334,153.66666666666666,21.0,344.6666666666667,549.6951017186141,91.83333333333331,61.833333333333336,14.0,7.0,35.166666666666664,165.66666666666666,77.16666666666667,66.66666666666667,0.0,0.0,25.36041528726436,5.001353098016319
342.0,238.5,624.5092395882219,0.381899874143188,71.83333333333333,66.16666666666667,0.8333333333333334,4.833333333333333,97.70011186727746,1.6666666666666667,64.5,0.8333333333333334,0.0,0.1666666666666666,2.5,1.1666666666666667,1.0,0.0,0.0,12.863260479101688,13.003518054842427
343.0,150.66666666666666,392.4095634678067,0.383952586005278,200.66666666666669,102.33333333333334,8.5,89.83333333333334,223.23438520401783,8.166666666666666,94.16666666666669,4.166666666666667,4.333333333333333,6.833333333333333,14.833333333333334,12.0,56.16666666666666,0.0,0.0,14.565553580525057,8.002164956826109
344.0,455.8333333333333,964.0311434114076,0.4728408791030136,465.8333333333333,89.16666666666667,61.0,315.66666666666663,528.7107090125157,83.0,6.166666666666667,39.5,21.5,45.0,34.666666666666664,56.66666666666666,179.33333333333334,0.0,0.0,38.537672117025984,24.33970356215642
345.0,266.8333333333333,531.0466048368888,0.502466885020932,54.0,0.6666666666666666,2.0,51.333333333333336,81.63867435230591,0.6666666666666666,0.0,1.0,1.0,2.333333333333333,5.0,29.666666666666668,14.333333333333334,0.0,0.0,13.63488567786022,14.003788674445692
346.0,418.3333333333333,645.6342991505817,0.6479416194023564,132.83333333333331,27.333333333333336,3.833333333333333,101.66666666666666,178.18465893240403,0.1666666666666666,27.166666666666668,2.5,1.3333333333333333,1.8333333333333333,69.33333333333333,20.83333333333333,9.666666666666666,0.0,0.0,23.345371967798915,22.0059536312718
347.0,743.3333333333334,1180.3277718202137,0.6297685702904542,328.66666666666663,167.66666666666666,15.666666666666666,145.33333333333331,412.7709365385082,166.16666666666666,1.5,8.166666666666666,7.5,20.0,16.333333333333332,31.83333333333333,77.16666666666667,0.0,0.0,44.42665377938905,39.67761609245246
348.0,215.16666716711893,420.5277040924885,0.5116587208718035,322.500000750097,105.33333357832626,6.833333349226861,210.33333382254386,356.2981836350592,4.166666676357843,101.16666690196843,5.833333346900979,1.0000000023258822,22.00000005116941,20.833333381789206,26.16666672752725,141.333333662058,0.0,0.0,22.294956432581902,11.503226452380307
349.0,243.0,491.3120986391664,0.4945939672014186,0.0,0.0,0.0,0.0,23.075442515269827,0.0,0.0,0.0,0.0,0.0,0.0,0.0,0.0,0.0,0.0,10.0719244604274,13.003518054842427
350.0,259.0,494.7037665629082,0.5235456398472048,19.83333333333333,6.333333333333333,1.3333333333333333,12.166666666666666,45.39499407829149,6.333333333333333,0.0,0.3333333333333333,1.0,1.1666666666666667,0.8333333333333334,1.5,8.666666666666666,0.0,0.0,11.557872070512463,14.003788674445692
351.0,2.833333333333333,8.744940736017435,0.323996859311327,169.0,20.33333333333333,63.333333333333336,85.33333333333333,176.15950589334568,20.33333333333333,0.0,34.833333333333336,28.5,10.166666666666666,13.166666666666666,15.0,47.0,0.0,0.0,7.159505893345684,0.0
352.0,274.3333333333333,488.65909125041617,0.5614002445577128,278.6666666666667,1.1666666666666667,216.33333333333331,61.16666666666667,317.4233068177959,1.1666666666666667,0.0,3.333333333333333,213.0,1.6666666666666667,1.0,0.6666666666666666,57.833333333333336,0.0,0.0,23.7525808570803,15.004059294048956
353.0,611.6666519044267,1204.170231278559,0.5079569615792393,884.6666453157212,379.8333241662639,84.33333129799452,420.4999898514628,979.3213501970606,369.1666577570314,10.666666409232509,57.66666527491324,26.666666023081273,76.33333149107014,73.49999822611775,113.33333059809539,157.33332953617952,0.0,0.0,61.97781836176273,32.67688651957644
354.0,359.8333333333333,620.6382551436781,0.5797794936923953,165.33333333333334,49.0,20.166666666666668,96.16666666666669,206.10806936621063,49.0,0.0,14.0,6.166666666666667,10.5,7.666666666666667,18.0,60.0,0.0,0.0,21.769594260415285,19.00514177246201
355.0,113.66666666666669,207.8789133574961,0.5467926728633147,210.16666666666669,68.83333333333334,47.0,94.33333333333331,230.40216455260148,34.333333333333336,34.5,28.166666666666668,18.83333333333333,11.166666666666666,6.5,38.66666666666666,38.0,0.0,0.0,14.233707937972126,6.0017899479627
356.0,440.1666666666667,795.1756758018511,0.5535464427062672,138.16666666666669,27.5,16.0,94.66666666666669,185.6746473056932,13.833333333333334,13.666666666666666,13.0,3.0,16.166666666666668,9.5,23.5,45.5,0.0,0.0,24.00177701915599,23.506203619870515
357.0,50.5,129.85598540544035,0.3888923551912324,5.666666666666667,0.3333333333333333,1.0,4.333333333333334,11.16353710791194,0.3333333333333333,0.0,1.0,0.0,0.3333333333333333,1.0,0.6666666666666666,2.333333333333333,0.0,0.0,2.496058582435481,3.0008118588097914
358.0,106.0,195.6042848561772,0.5419104191809452,204.3333333333333,152.0,32.83333333333333,19.5,223.1949385380393,29.666666666666668,122.33333333333331,32.666666666666664,0.1666666666666666,1.5,5.166666666666667,6.0,6.833333333333333,0.0,0.0,12.85998148708643,6.001623717619583
359.0,199.5,429.1543990383064,0.46486765706482386,207.16666666666663,70.66666666666667,15.833333333333332,120.66666666666666,234.65564957266548,16.166666666666668,54.5,12.666666666666666,3.1666666666666665,22.33333333333333,5.333333333333333,35.833333333333336,57.16666666666666,0.0,0.0,16.986089267738695,10.502893638260147
360.0,420.3333333333333,702.8068070344061,0.5980780623155743,277.0,50.833333333333336,6.166666666666667,220.0,328.60927104886014,0.8333333333333334,50.0,6.0,0.1666666666666666,12.0,1.5,27.83333333333333,178.66666666666666,0.0,0.0,29.103130177631243,22.50614087122892
361.0,167.33333333333334,410.7899401707502,0.4073452559811447,299.5,0.1666666666666666,0.1666666666666666,299.1666666666667,327.8536091324784,0.1666666666666666,0.0,0.1666666666666666,0.0,0.0,298.8333333333333,0.1666666666666666,0.1666666666666666,0.0,0.0,19.351173556049016,9.002435576429374
362.0,330.6666666666667,662.1480553871609,0.4993847886079261,291.5,137.33333333333334,14.0,140.16666666666669,335.1291567803941,108.5,28.83333333333333,9.666666666666666,4.333333333333333,15.333333333333334,19.666666666666668,20.0,85.16666666666667,0.0,0.0,25.79105630485272,17.838100475541392
363.0,273.5,653.7267645751232,0.4183705101591732,0.0,0.0,0.0,0.0,27.84210333062498,0.0,0.0,0.0,0.0,0.0,0.0,0.0,0.0,0.0,0.0,13.00481471389338,14.837288616731598
364.0,2.0,4.891224176602356,0.4088955909171355,677.0,197.0,356.16666666666663,123.83333333333334,705.142766450414,133.33333333333334,63.66666666666666,84.33333333333333,271.8333333333333,10.5,13.833333333333334,34.5,65.0,0.0,0.0,28.142766450413973,0.0
365.0,0.5,1.1580244944684337,0.43176979622483225,2088.833333333333,6.833333333333333,992.6666666666669,1089.3333333333333,2175.9908879933955,6.5,0.3333333333333333,934.8333333333334,57.833333333333336,155.66666666666666,85.66666666666667,309.0,539.0,1.0053180961893644,0.0,86.15223656387259,0.0
366.0,92.0,240.59747177118084,0.38238140792890873,1168.5,125.83333333333334,460.3333333333333,582.3333333333333,1226.0150842986643,114.16666666666669,11.666666666666666,369.0,91.33333333333331,65.0,53.0,123.0,341.3333333333333,0.0,0.0,52.51373120064804,5.001353098016319
367.0,0.0,0.0,0.0,30.83333333333333,1.8333333333333333,6.0,23.0,32.110952228751664,1.8333333333333333,0.0,4.166666666666667,1.8333333333333333,2.833333333333333,4.666666666666667,4.666666666666667,10.833333333333334,0.0,0.0,1.27761889541833,0.0
368.0,510.0000078489484,895.725344293274,0.5693709696819371,813.5000125198422,223.3333367704545,114.3333350929342,475.8333406564536,895.6020153345173,76.83333451580563,146.5000022546489,73.16666779270862,41.16666730022557,72.50000111578188,74.66666781579376,165.16666920859734,163.50000251628052,0.0,0.0,54.928029000510215,27.17397381416482
369.0,9.5,17.382164762699215,0.5465372195980024,1377.5,103.0,231.3333333333333,1043.1666666666667,1435.1706646716414,103.0,0.0,143.66666666666666,87.66666666666667,176.5,113.5,258.5,494.6666666666667,0.0,0.0,57.50389399432397,0.1667706773173572
370.0,97.83333333333331,189.6479746768133,0.5158680629205507,730.5,69.66666666666667,115.83333333333334,545.0,770.0270878923493,42.5,27.166666666666668,58.5,57.333333333333336,46.5,62.16666666666666,78.83333333333333,357.5,0.0,0.0,34.35854817282185,5.16853971952741
371.0,325.3333333333333,546.5950580037771,0.5951999173235942,1023.6666666666666,68.0,179.66666666666666,776.0,1097.2888162169168,52.16666666666666,15.833333333333334,128.0,51.66666666666666,182.5,99.16666666666669,146.16666666666666,348.1666666666667,0.0,0.0,55.95063274033878,17.67151680991141
372.0,293.0,541.4419450023294,0.5411475832348738,1200.8333333333337,310.5,37.16666666666666,853.1666666666667,1278.7622306239268,263.1666666666667,47.333333333333336,14.166666666666666,23.0,67.0,469.6666666666667,26.166666666666668,290.3333333333333,0.0,0.0,61.924567376941326,16.004329913652217
373.0,169.0,311.5524691916162,0.5424447459476202,2181.166666666667,282.3333333333333,165.66666666666669,1733.1666666666667,2287.592231656718,87.33333333333333,195.0,116.16666666666669,49.5,311.5,225.83333333333331,171.16666666666666,1024.6666666666667,0.0,0.0,97.42312941362168,9.002435576429374
374.0,296.3333333333333,624.1243142703,0.47479857226808064,244.33333333333331,10.0,33.333333333333336,201.0,282.7980441212703,9.666666666666666,0.3333333333333333,30.166666666666668,3.1666666666666665,48.0,12.666666666666666,70.83333333333333,69.5,0.0,0.0,22.626756876675785,15.837953911261195
375.0,188.5,349.44173801124845,0.5394318408350299,1592.6666666666667,98.0,138.5,1356.1666666666667,1676.4958257964477,91.83333333333331,6.166666666666667,90.33333333333331,48.16666666666666,222.16666666666663,360.8333333333333,297.6666666666667,475.5,0.0,0.0,73.82645293374819,10.002706196032635
376.0,300.8333333333333,637.5902146583239,0.47182865485874165,266.5,23.666666666666668,32.333333333333336,210.5,306.20946402139896,23.666666666666668,0.0,21.0,11.333333333333334,30.666666666666668,29.5,42.0,108.33333333333331,0.0,0.0,23.538529914973527,16.170934106425392
377.0,771.5,1271.945303484498,0.6065512391818055,458.00000000000006,31.5,32.16666666666667,394.33333333333337,550.6466783691377,10.833333333333334,20.666666666666668,24.166666666666668,8.0,60.5,28.0,187.33333333333331,118.5,0.0,0.0,51.46899929977394,41.1776790693638
378.0,331.8333333333333,539.5582067031283,0.6150093339529393,64.83333333333333,3.8333333333333335,0.5,60.5,99.27821310722015,3.8333333333333335,0.0,0.5,0.0,1.0,54.16666666666666,1.5,3.8333333333333335,0.0,0.0,16.440008621028067,18.004871152858748
379.0,727.0,1660.7420783414152,0.4377561148604458,54.0,3.333333333333333,5.666666666666667,45.0,125.71866506084616,3.333333333333333,0.0,2.833333333333333,2.833333333333333,4.333333333333333,6.333333333333333,6.666666666666667,27.666666666666668,0.0,0.0,32.70811089631886,39.010554164527285
380.0,490.5,1198.9152386625149,0.40911983114602135,44.16666666666666,1.6666666666666667,4.5,38.0,92.50229339041252,1.6666666666666667,0.0,1.5,3.0,5.0,20.666666666666668,3.0,9.333333333333334,0.0,0.0,22.328590614060985,26.007036109684854
381.0,391.1666666666667,890.292105408418,0.43936890408257695,48.16666666666666,20.166666666666664,3.0,25.0,87.37769632378057,17.333333333333332,2.833333333333333,2.0,1.0,4.333333333333333,4.166666666666667,2.833333333333333,13.666666666666666,0.0,0.0,18.20534664544537,21.005683011668538
382.0,161.5,399.4350165671231,0.4043210867889964,1.0,0.0,0.0,1.0,16.73891237573336,0.0,0.0,0.0,0.0,0.8333333333333334,0.0,0.1666666666666666,0.0,0.0,0.0,6.736476799303986,9.002435576429374
383.0,0.0,0.0,0.0,1997.6666666666663,103.0,1284.0,610.6666666666666,2080.471066676564,88.66666666666667,14.333333333333334,1043.8333333333333,240.16666666666663,428.6666666666667,38.833333333333336,21.0,122.16666666666669,0.0,0.0,82.8044000098968,0.0
384.0,7.0,17.773180288414256,0.39385185354604585,1041.8333333333333,150.66666666666666,553.3333333333333,337.83333333333337,1085.3109246390968,140.0,10.666666666666666,317.3333333333333,236.0,90.16666666666669,40.66666666666666,41.833333333333336,165.16666666666666,0.0,0.0,43.47759130576345,0.0
385.0,8.0,22.189524408469385,0.360530485139489,440.6666666666667,63.66666666666666,201.0,176.0,459.2627383539921,60.66666666666666,3.0,174.0,27.0,22.166666666666668,27.166666666666668,24.83333333333333,101.83333333333331,0.0,0.0,18.596071687325477,0.0
386.0,7.0,17.380473043725498,0.4027508332131996,791.6666666666667,47.333333333333336,640.5,103.83333333333331,824.7686287321243,41.0,6.333333333333333,147.83333333333334,492.6666666666667,7.666666666666667,6.5,32.666666666666664,57.0,0.0,0.0,33.101962065457656,0.0
387.0,409.8333333333333,1106.1793129636308,0.37049448360711473,423.8333333333333,21.0,232.16666666666663,170.66666666666666,482.23079827533127,9.5,11.5,204.0,28.166666666666668,74.83333333333333,7.833333333333333,7.0,81.0,0.0,0.0,36.39140730007547,22.00605764192249
388.0,0.0,0.0,0.0,117.0,18.83333333333333,23.333333333333336,74.83333333333334,121.96979347891951,18.83333333333333,0.0,11.5,11.833333333333334,7.5,34.0,18.166666666666668,15.166666666666666,0.0,0.0,4.969793478919522,0.0
389.0,174.83333333333334,297.8229679499811,0.5870377779684753,377.8333333333333,36.333333333333336,85.66666666666667,255.8333333333333,410.0259493299677,20.5,15.833333333333334,74.16666666666667,11.5,29.5,48.16666666666666,42.5,135.66666666666666,0.0,0.0,22.856867717876245,9.335748278758157
390.0,372.0,765.7661257357795,0.4857880069356256,1090.8333333333333,252.66666666666663,100.16666666666666,738.0,1171.4799510087544,51.66666666666666,201.0,66.33333333333333,33.833333333333336,124.5,96.0,134.83333333333334,382.6666666666667,0.0,0.0,60.641205283355845,20.00541239206528
391.0,77.0,158.45740071367376,0.4859350188328278,549.5,6.333333333333333,24.166666666666668,519.0,579.4693574845151,6.333333333333333,0.0,17.666666666666668,6.5,29.5,409.0,16.666666666666668,63.833333333333336,0.0,0.0,25.96827500610199,4.001082478413054
392.0,358.0,609.864783182417,0.5870153677867286,1543.8333333333337,428.33333333333337,162.0,953.5,1641.6721450507323,97.16666666666669,331.1666666666667,107.16666666666669,54.833333333333336,171.83333333333334,153.33333333333334,227.66666666666663,400.6666666666667,0.0,0.0,78.83366994493689,19.00514177246201
393.0,384.5,703.6176289552874,0.5464615782451263,860.6666666666667,85.66666666666667,74.5,700.5,932.8403892958938,73.66666666666667,12.0,46.66666666666666,27.83333333333333,116.33333333333331,47.833333333333336,151.5,384.8333333333333,0.0,0.0,51.66816463782336,20.505557991403844
394.0,25.166666666666668,42.896304215839706,0.5866861289503288,9312.666666666666,336.5,446.0,8530.166666666666,9700.918681678842,126.0,210.5,269.8333333333333,176.16666666666666,1101.0,5844.333333333333,485.1666666666667,1099.6666666666667,0.0,0.0,387.0852023675623,1.1668126446146891
395.0,203.83333333333331,324.5702327419881,0.6280099429061548,878.8333333333333,71.83333333333334,89.33333333333334,717.6666666666666,934.72825437792,46.833333333333336,25.0,56.333333333333336,33.0,115.5,133.16666666666666,142.5,326.5,0.0,0.0,44.89194422895077,11.002976815635902
396.0,491.0,740.6380716474763,0.6629418859171241,1796.1666666666663,268.0,167.33333333333331,1360.8333333333333,1917.1836766825631,70.66666666666667,197.33333333333331,113.83333333333331,53.5,188.16666666666663,440.5,190.16666666666663,542.0,0.0,0.0,94.67666120388274,26.34034881201364
397.0,647.1666666666666,1489.45434356648,0.4344991637118826,335.8333333333333,61.0,27.0,247.8333333333333,411.2831884636825,35.5,25.5,11.0,16.0,21.33333333333333,34.333333333333336,119.83333333333331,72.33333333333333,0.0,0.0,40.77392479886969,34.67593033147951
398.0,769.6666666666666,1327.4050970444569,0.5798280181237614,431.0,30.5,17.833333333333332,382.6666666666667,522.2852167770068,27.83333333333333,2.6666666666666665,12.0,5.833333333333333,173.5,63.66666666666666,35.333333333333336,110.16666666666669,0.0,0.0,50.10741311791846,41.17780365908836
399.0,558.3333333333334,1125.2548601195097,0.4961838896425958,116.66666666666669,45.0,6.0,65.66666666666667,174.65339812490805,45.0,0.0,4.0,2.0,6.166666666666667,12.333333333333334,7.833333333333333,39.333333333333336,0.0,0.0,27.978612870143483,30.00811858809791
400.0,664.1666666666666,1227.965312756623,0.540867612274567,467.50000000000006,48.833333333333336,41.333333333333336,377.33333333333337,550.0865166995297,47.833333333333336,1.0,26.166666666666668,15.166666666666666,49.333333333333336,102.0,45.333333333333336,180.66666666666663,0.0,0.0,46.90998308549037,35.67653361403941
401.0,325.3333333333333,735.9078839085863,0.4420843157779593,78.0,14.666666666666668,2.333333333333333,61.0,111.88935099332024,0.3333333333333333,14.333333333333334,0.3333333333333333,2.0,11.333333333333334,35.333333333333336,2.1666666666666665,12.166666666666666,0.0,0.0,16.718208435053324,17.171142558266908
402.0,361.0,757.388214545878,0.47663799497652837,88.16666666666666,2.1666666666666665,2.166666666666667,83.83333333333333,126.4557226153745,2.1666666666666665,0.0,1.0,1.1666666666666667,2.6666666666666665,3.6666666666666665,58.16666666666666,19.33333333333333,0.0,0.0,19.11714349892847,19.17191244977937
403.0,238.66666795889205,486.18645990149435,0.4908953408682916,19.83333344071799,0.0,0.0,19.83333344071799,43.884256455862,0.0,0.0,0.0,0.0,4.000000021657409,0.0,2.0000000108287046,13.833333408231875,0.0,0.0,11.047404889895954,13.003518125248055
404.0,209.833333351717,418.8670102233316,0.5009545469810048,38.00000000332921,0.0,0.0,38.00000000332921,59.60554890641939,0.0,0.0,0.0,0.0,0.0,36.666666669879056,1.0000000000876108,0.3333333333625369,0.0,0.0,10.43586383112115,11.169685071969027
405.0,10.0,24.713583913943783,0.40463576771468773,1852.8333333333333,719.5,371.0,762.3333333333333,1931.05689208846,621.6666666666666,97.83333333333331,305.1666666666667,65.83333333333333,99.66666666666669,6.166666666666667,72.83333333333333,583.6666666666666,0.0,0.0,77.22328813552308,1.0002706196032636
406.0,2.0,3.838043849341718,0.5210987884734641,444.1666666666666,79.0,150.33333333333331,214.83333333333331,464.6828411672993,61.5,17.5,149.16666666666666,1.1666666666666667,28.666666666666668,2.833333333333333,39.0,144.33333333333334,2.0106361923787284,0.0,18.50553830825392,0.0
407.0,0.0,0.0,0.0,394.5,164.5,106.5,123.5,410.8511614425175,139.16666666666666,25.33333333333333,74.5,32.0,4.166666666666667,0.6666666666666666,3.8333333333333335,114.83333333333331,0.0,0.0,16.35116144251746,0.0
408.0,0.0,0.0,0.0,730.3333333333333,199.0,385.8333333333333,145.5,760.6070389305831,190.5,8.5,31.33333333333333,354.5,20.166666666666668,0.0,16.5,108.83333333333331,0.0,0.0,30.273705597249773,0.0
409.0,148.16666666666666,365.3356691833032,0.4055631003616174,1067.0,82.83333333333333,667.0,317.16666666666663,1126.2880396254204,65.33333333333333,17.5,353.0,314.0,43.66666666666666,71.0,65.5,137.0,0.0,0.0,51.45198014440687,7.836059481013607
410.0,151.83333333333334,402.9151486457756,0.37683699370365,171.0,43.5,19.0,108.5,192.38598127656155,43.5,0.0,13.0,6.0,16.666666666666668,16.166666666666668,20.666666666666668,55.0,0.0,0.0,13.38381631973546,8.002164956826109
411.0,330.1666666666667,914.8320610969836,0.36090412733322963,106.5,11.333333333333334,19.0,76.16666666666666,142.77651649289615,11.333333333333334,0.0,14.5,4.5,9.333333333333334,17.333333333333332,13.166666666666666,36.333333333333336,0.0,0.0,18.271645340037395,18.004871152858748
412.0,104.0,210.94750775302225,0.49301364641749357,731.4999999999999,42.0,8.166666666666668,681.3333333333333,771.9688419732469,37.16666666666666,4.833333333333333,4.166666666666667,4.0,1.6666666666666667,6.0,4.0,669.6666666666666,0.0,0.0,34.80065559961131,5.6681863736355576
413.0,179.33333333333334,368.00313916563465,0.4873146836190904,475.5,57.0,63.16666666666666,355.3333333333333,512.6479139322729,45.0,12.0,40.16666666666666,23.0,55.0,48.16666666666666,69.0,183.16666666666663,0.0,0.0,27.145207736240295,10.002706196032635
414.0,74.0,150.20532047283154,0.4926589801683142,215.16666666666669,28.166666666666664,73.33333333333334,113.66666666666669,231.15705430284487,22.33333333333333,5.833333333333333,5.166666666666667,68.16666666666667,13.5,42.833333333333336,17.0,40.333333333333336,0.0,0.0,11.989305157765145,4.001082478413054
415.0,419.6666666666667,1118.7623490420483,0.37511690219644106,93.66666666666666,5.833333333333333,11.166666666666666,76.66666666666666,137.6207419808606,5.833333333333333,0.0,7.833333333333333,3.333333333333333,9.0,11.0,12.0,44.66666666666666,0.0,0.0,21.78130936498625,22.172765949207715
416.0,451.0,958.415130730703,0.4705685308371062,31.5,7.166666666666667,3.1666666666666665,21.166666666666664,75.50572991898456,7.166666666666667,0.0,2.1666666666666665,1.0,1.8333333333333333,2.6666666666666665,2.6666666666666665,14.0,0.0,0.0,19.999235048506225,24.00649487047833
417.0,545.6666666666666,1372.9979954033226,0.3974271400930744,505.83333333333337,102.66666666666669,36.5,366.6666666666667,578.7681542537711,68.66666666666667,34.0,22.166666666666668,14.333333333333334,37.333333333333336,51.5,81.83333333333333,196.0,0.0,0.0,43.59376426026494,29.34105666017274
418.0,413.3333333333333,1045.5540696490305,0.39532468509455493,140.50000000000003,2.5,1.3333333333333333,136.66666666666669,185.46146165467653,2.5,0.0,0.3333333333333333,1.0,0.8333333333333334,35.333333333333336,11.0,89.5,0.0,0.0,22.95550802340473,22.0059536312718
419.0,522.0,1000.5010647487524,0.521738575191907,29.000000000000004,0.1666666666666666,0.0,28.833333333333336,79.84727333988273,0.1666666666666666,0.0,0.0,0.0,7.166666666666667,1.3333333333333333,13.333333333333334,7.0,0.0,0.0,22.83969599099135,28.007577348891385
420.0,153.16666666666666,342.49144382419905,0.4472131185422756,157.0,0.0,0.3333333333333333,156.66666666666666,177.8593852088718,0.0,0.0,0.3333333333333333,0.0,0.0,156.16666666666666,0.0,0.5,0.0,0.0,12.8572202520457,8.002164956826109
421.0,108.0,240.43401470676957,0.4491876913993035,61.0,0.0,2.0,59.0,74.00690252429388,0.0,0.0,2.0,0.0,15.666666666666666,11.333333333333334,9.5,22.5,0.0,0.0,7.005278806674298,6.001623717619583
422.0,0.0,0.0,0.0,5255.166666666666,227.66666666666663,3494.0,1533.5,5473.025537955994,227.66666666666663,0.0,3424.833333333333,69.16666666666667,531.3333333333334,438.1666666666667,266.5,297.5,0.0,0.0,217.85887128932688,0.0
423.0,37.0,77.99241312659186,0.4744051186099881,655.1666666666666,129.66666666666666,181.5,344.0,685.8910057746128,128.66666666666666,1.0,73.33333333333333,108.16666666666669,44.833333333333336,34.333333333333336,58.66666666666666,206.16666666666663,0.0,0.0,28.72379786873969,2.000541239206527
424.0,44.66666666666666,111.7969804422603,0.39953374849632556,523.1666666666666,165.66666666666666,134.16666666666666,223.3333333333333,549.2232374055338,164.66666666666666,1.0,121.83333333333331,12.333333333333334,22.0,20.666666666666668,66.33333333333333,114.33333333333331,0.0,0.0,23.556091771283864,2.500478967583421
425.0,147.0,362.9894502491365,0.4049704472102621,800.0,228.83333333333331,73.66666666666667,497.5,847.5935772749278,214.5,14.333333333333334,46.333333333333336,27.33333333333333,60.5,54.0,83.0,300.0,0.0,0.0,39.59141231810171,8.002164956826109
426.0,189.66666666666663,469.7755924919286,0.4037388695751054,658.5,91.5,77.33333333333334,489.6666666666666,704.3363484145709,90.83333333333331,0.6666666666666666,42.833333333333336,34.5,76.33333333333333,43.0,189.0,181.33333333333331,0.0,0.0,35.83364221853836,10.002706196032635
427.0,112.0,283.198319395979,0.39548257291526223,503.1666666666667,82.33333333333333,42.16666666666667,378.6666666666667,534.6654342329344,47.66666666666666,34.666666666666664,25.5,16.666666666666668,54.16666666666666,98.16666666666669,73.33333333333333,153.0,0.0,0.0,25.49714384864817,6.001623717619583
428.0,62.5,148.03583150922086,0.42219508184480997,397.1666666666666,44.833333333333336,59.83333333333333,292.5,419.2202797340046,44.833333333333336,0.0,32.5,27.33333333333333,45.833333333333336,33.166666666666664,65.66666666666667,147.83333333333334,0.0,0.0,19.05280120852812,3.0008118588097914
429.0,158.5,397.7494084958276,0.39849210737836377,575.8333333333333,85.33333333333333,63.0,427.5,614.7711655529974,85.33333333333333,0.0,38.5,24.5,55.16666666666666,80.66666666666667,76.33333333333333,215.33333333333331,0.0,0.0,30.435583883191956,8.50224833647225
430.0,390.0,991.7419097865736,0.3932474731091372,0.0,0.0,0.0,0.0,37.17229371181298,0.0,0.0,0.0,0.0,0.0,0.0,0.0,0.0,0.0,0.0,16.16661070014445,21.005683011668538
431.0,241.0,638.3066834371429,0.37756145478889136,49.16666666666666,1.0,5.5,42.66666666666666,74.19746512754301,1.0,0.0,1.6666666666666667,3.8333333333333335,2.833333333333333,5.666666666666667,4.333333333333333,29.83333333333333,0.0,0.0,12.027280406033924,13.003518054842427
432.0,882.8333333333334,1647.4994231772828,0.5358626054209757,444.5,70.16666666666667,37.333333333333336,337.0,546.5357686149805,41.833333333333336,28.33333333333333,28.666666666666668,8.666666666666666,30.5,69.16666666666667,48.333333333333336,189.0,0.0,0.0,55.02304949362709,47.0127191213534
433.0,390.4999998441043,878.728077688239,0.44439230947465924,379.9999998482961,12.833333328210001,19.499999992215194,347.6666665278709,433.28222726045414,12.833333328210001,0.0,14.33333332761117,5.166666664604026,16.66666666001299,158.33333327012338,61.3333333088478,111.33333328888673,0.0,0.0,32.27654440887535,21.005683003282634
434.0,325.0,982.699903879706,0.3307215139809191,1491.166666666667,725.6666666666667,171.33333333333334,594.1666666666667,1584.118641231267,480.6666666666667,245.0,44.66666666666666,126.66666666666669,95.66666666666669,67.83333333333333,86.16666666666667,344.5,0.0,0.0,75.28064476637634,17.671329798224033
435.0,79.33333333333333,187.33235441819943,0.4234897574405655,364.3333333333333,20.666666666666668,34.0,309.66666666666663,387.2294686463224,20.666666666666668,0.0,21.166666666666668,12.833333333333334,33.333333333333336,28.166666666666668,55.16666666666666,193.0,0.0,0.0,18.895052834575942,4.001082478413054
436.0,598.8333333333334,1173.8934092800794,0.5101258160232652,649.5000000000001,73.66666666666667,45.66666666666666,530.1666666666667,733.2629415206126,46.833333333333336,26.83333333333333,23.83333333333333,21.83333333333333,52.5,99.0,113.16666666666669,265.5,0.0,0.0,51.75428169330815,32.008659827304434
437.0,249.50000007206597,678.462643620845,0.3677431652545009,4367.000001261371,41.50000001198693,15.666666671191852,4309.833334578192,4571.3588298348795,1.6666666671480694,39.83333334483886,1.1666666670036487,14.500000004188204,13.166666670469747,4214.500001217323,21.833333339639704,60.333333350760114,0.0,0.0,191.3553105149104,13.003518058598384
438.0,251.33333333333331,557.3035384291389,0.45098104713593223,0.0,0.0,0.0,0.0,27.594005141139867,0.0,0.0,0.0,0.0,0.0,0.0,0.0,0.0,0.0,0.0,14.257174383968657,13.336830757171212
439.0,305.1666666666667,636.9119590832325,0.4791347725766083,1965.6666666666667,234.0,68.66666666666667,1663.0,2075.798906261663,31.5,202.5,44.5,24.166666666666668,175.5,62.833333333333336,389.0,1035.6666666666667,0.0,0.0,94.12790968134384,16.004329913652217
440.0,172.0,365.3953707864196,0.47072298598040313,5223.666666666667,238.66666666666663,32.5,4952.5,5456.325808335201,180.5,58.16666666666666,19.33333333333333,13.166666666666666,28.83333333333333,47.0,4444.666666666667,432.0,0.0,0.0,223.65670609210483,9.002435576429374
441.0,369.1666666666667,854.1212074384117,0.4322181248418261,428.6666666666666,189.3333333333333,35.333333333333336,204.0,483.2425229050556,64.0,125.33333333333331,21.666666666666668,13.666666666666666,17.166666666666668,37.0,28.33333333333333,121.5,0.0,0.0,34.73729757660848,19.838558661780556
442.0,268.6666666666667,575.0575513195855,0.4671996151518345,607.1666666666666,32.83333333333333,49.0,525.3333333333333,657.4763870679586,4.5,28.33333333333333,1.1666666666666667,47.833333333333336,3.0,1.8333333333333333,3.8333333333333335,516.6666666666666,0.0,0.0,36.30593172684633,14.003788674445692
443.0,596.1666666666666,1399.7380880625294,0.42591301312080504,739.8333333333333,111.16666666666666,19.666666666666668,608.9999999999999,833.9167128073391,9.833333333333334,101.33333333333331,18.5,1.1666666666666667,10.166666666666666,170.83333333333334,351.8333333333333,76.16666666666667,0.0,0.0,62.07486534990127,32.008514124104515
444.0,471.8333333333333,1190.9042567336835,0.3961975370106073,0.0,0.0,0.0,0.0,45.900371048860926,0.0,0.0,0.0,0.0,0.0,0.0,0.0,0.0,0.0,0.0,20.89360555877933,25.00676549008159
445.0,261.8333333333333,611.9969547107909,0.4278343728966216,0.0,0.0,0.0,0.0,24.90327722830201,0.0,0.0,0.0,0.0,0.0,0.0,0.0,0.0,0.0,0.0,10.899737764757132,14.003539463544875
446.0,334.6666666666667,860.189116640843,0.3890617309523586,219.66666666666669,53.333333333333336,9.166666666666666,157.16666666666669,284.4984608542777,11.0,42.333333333333336,9.166666666666666,0.0,6.166666666666667,18.5,88.66666666666667,43.833333333333336,0.1680967238689547,0.0,46.65961648072215,18.004080983019875
447.0,495.3333333333333,1254.7177993534062,0.3947766849155989,249.16666666666669,89.5,24.666666666666668,135.0,311.7432242231656,85.0,4.5,21.666666666666668,3.0,17.5,5.833333333333333,11.833333333333334,99.83333333333331,3.015954288568093,0.0,33.053192906601524,26.507410361329352
448.0,1240.6666666666667,3102.3367785397168,0.3999135990808367,766.1666666666667,116.5,166.83333333333334,482.83333333333337,915.8780241884872,104.33333333333331,12.166666666666666,53.66666666666666,113.16666666666669,51.833333333333336,112.5,80.33333333333333,238.16666666666663,0.0,0.0,83.1932052011263,66.51815232069424
449.0,363.3333333333333,896.0774669058192,0.4054708959348499,0.0,0.0,0.0,0.0,41.06394892211331,0.0,0.0,0.0,0.0,0.0,0.0,0.0,0.0,3.854088521297411,0.0,17.70413645381704,19.505723946998863
450.0,767.5,1704.3286070669922,0.45032395561370275,281.33333333333337,19.666666666666668,124.83333333333331,136.83333333333334,401.831041406794,19.666666666666668,0.0,11.333333333333334,113.5,8.333333333333334,84.66666666666667,18.666666666666668,25.166666666666668,1.842670487000708,0.0,77.47806568596634,41.17697190049356
451.0,19.5,51.02749585288947,0.3821469126413303,728.8333333333334,159.0,99.5,470.33333333333337,761.6863961634275,77.0,82.0,41.66666666666666,57.833333333333336,56.16666666666666,99.83333333333331,85.66666666666667,228.66666666666663,1.0053180961893644,0.0,31.013974498694296,0.8337702352103943
452.0,349.8333333333333,734.2289162739236,0.4764635736612949,46.66666666666666,4.333333333333333,3.1666666666666665,39.16666666666666,146.35228154369486,4.333333333333333,0.0,3.1666666666666665,0.0,3.6666666666666665,9.333333333333334,10.666666666666666,15.5,8.209336800069725,0.0,72.97126147510085,18.50501660185761
453.0,367.3333333333333,964.3405699892488,0.38091660225124474,662.6666666666666,181.16666666666663,218.66666666666663,262.8333333333333,730.7799438444358,131.66666666666666,49.5,175.0,43.66666666666666,42.66666666666666,8.5,35.666666666666664,176.0,5.026590480946822,0.0,43.081274304757066,20.00541239206528
454.0,204.83333333333331,550.893811626095,0.3718199932736922,332.66666666666663,15.333333333333334,230.16666666666663,87.16666666666666,366.7798071710096,4.5,10.833333333333334,216.5,13.666666666666666,0.5,32.333333333333336,9.666666666666666,44.66666666666666,1.0053180961893644,0.0,22.27155384787216,10.836268560281356
455.0,709.3333333333334,1898.1153089774875,0.373704026293034,875.4999999999999,156.5,115.66666666666666,603.3333333333333,990.7064706622542,79.83333333333333,76.66666666666667,62.16666666666666,53.5,66.83333333333333,93.0,98.5,345.0,0.0,0.0,77.19639476002219,38.010075902232096
456.0,196.83333333333331,541.8626044417923,0.3632532153351015,50.50000000000001,11.833333333333334,5.0,33.66666666666667,78.4680996531828,11.833333333333334,0.0,5.0,0.0,2.6666666666666665,14.0,5.5,11.5,7.037226673325551,0.0,10.26145858040076,10.6694143994565
457.0,188.66666666666663,499.1208623536687,0.37799795780321555,512.3333333333334,129.66666666666669,52.66666666666667,330.0,563.2793615003604,103.16666666666669,26.5,38.833333333333336,13.833333333333334,36.0,65.5,37.66666666666666,190.83333333333331,11.896762890706478,0.0,29.046517439669373,10.002747836651194
458.0,235.66666666666663,699.3263769488807,0.3369909593498622,282.6666666666667,20.166666666666668,13.0,249.5,340.66275048904214,20.166666666666668,0.0,13.0,0.0,19.5,139.16666666666666,36.833333333333336,54.0,7.707527229598463,0.0,37.785225777891775,12.503330814885304
459.0,504.8333333333333,1294.8443455371837,0.3898795519888503,686.6666666666667,167.16666666666666,281.1666666666667,238.3333333333333,804.3253078906312,72.83333333333333,94.33333333333331,95.33333333333331,185.83333333333331,22.0,10.666666666666666,13.166666666666666,192.5,5.361871673410785,17.1,68.18946254106517,27.007307009488542
460.0,368.5,977.0769931079418,0.3771453044123517,349.3333333333333,50.0,11.333333333333332,288.0,400.1752629685754,9.5,40.5,4.333333333333333,7.0,19.666666666666668,173.83333333333334,22.666666666666668,71.83333333333333,1.0053180961893644,0.0,29.83119914698744,20.00541239206528
461.0,478.0,1230.2097574785605,0.38855162470805743,237.33333333333331,10.333333333333334,18.5,208.5,317.0053647107254,10.333333333333334,0.0,18.5,0.0,33.166666666666664,10.166666666666666,74.83333333333333,90.33333333333331,7.706482340267939,0.0,46.46015599527967,25.50539304184451
462.0,1527.3333333333333,4323.123929907421,0.3532939046154156,308.5,41.66666666666666,20.666666666666668,246.16666666666669,468.7641200657778,41.66666666666666,0.0,20.666666666666668,0.0,25.5,43.333333333333336,52.833333333333336,124.5,2.3461757702295327,0.0,76.06185917154785,81.85608512400044
463.0,362.3333333333333,1034.6433947427224,0.35020117576204335,38.00000000000001,0.1666666666666666,0.1666666666666666,37.66666666666667,86.9873425346517,0.1666666666666666,0.0,0.0,0.1666666666666666,6.166666666666667,0.0,0.3333333333333333,31.166666666666668,6.19857283168934,0.0,23.283918900975788,19.50485080198658
464.0,442.0,1158.7147526688725,0.381457126511887,149.33333333333331,21.666666666666668,22.166666666666664,105.5,200.38015405128132,13.333333333333334,8.333333333333334,7.5,14.666666666666666,15.0,13.0,17.166666666666668,60.333333333333336,2.8485106211244253,0.0,24.52525257032929,23.673057526494304
465.0,915.8333333333334,2034.059940543391,0.45024894059349707,142.33333333333334,52.0,29.333333333333336,61.0,236.3912467225557,16.333333333333332,35.666666666666664,17.666666666666668,11.666666666666666,9.5,9.833333333333334,12.0,29.666666666666668,1.3408584875019864,0.0,43.87012874714091,48.8469261545795
466.0,447.3333333333333,1102.1597130121374,0.40586979187507927,52.83333333333333,16.0,0.5,36.33333333333333,100.75014040484524,16.0,0.0,0.5,0.0,3.333333333333333,7.333333333333333,7.0,18.666666666666668,2.0106361923787284,0.0,21.89986302034225,24.00630785879095
467.0,737.5,1982.1192036196087,0.3720765121760733,27.333333333333336,2.666666666666667,1.3333333333333333,23.333333333333336,99.38939571033686,1.6666666666666667,1.0,1.3333333333333333,0.0,5.5,0.0,5.5,12.333333333333334,1.0053180961893644,0.0,31.706939835920902,39.34380444489326
468.0,519.1666666666666,1438.4502612255508,0.360920833108501,28.666666666666664,5.833333333333333,2.6666666666666665,20.166666666666664,80.99007658296081,2.6666666666666665,3.1666666666666665,2.6666666666666665,0.0,1.5,3.6666666666666665,3.8333333333333335,11.166666666666666,0.0,0.0,24.48148056226433,27.841929354029816
469.0,332.1666666666667,808.0314762188106,0.41108134576767125,0.8333333333333333,0.0,0.0,0.8333333333333333,51.12496030912128,0.0,0.0,0.0,0.0,0.0,0.5,0.1666666666666666,0.1666666666666666,1.3404690836242106,0.0,30.945954024417684,18.005203867746047
470.0,235.0,581.0595914032253,0.40443356150870613,224.66666666666663,2.833333333333333,7.166666666666666,214.66666666666663,258.4080883625994,2.833333333333333,0.0,2.333333333333333,4.833333333333333,3.333333333333333,191.5,7.166666666666667,12.666666666666666,0.0,0.0,21.237924598773663,12.503497097159103
471.0,170.16666666666666,456.5844854289376,0.37269480697926877,96.5,0.1666666666666666,0.0,96.33333333333334,117.72421558353209,0.1666666666666666,0.0,0.0,0.0,0.1666666666666666,95.33333333333331,0.1666666666666666,0.6666666666666666,1.0053180961893644,0.0,11.049566591940748,9.169330895401972
472.0,313.6666666666667,841.8446355954908,0.3725944828819751,62.00000000000001,0.0,12.833333333333334,49.16666666666667,95.2553146944328,0.0,0.0,1.0,11.833333333333334,10.5,13.166666666666666,8.333333333333334,17.166666666666668,1.0053180961893644,0.0,15.578875049590549,16.671121548652902
473.0,604.8333333333334,1552.522194801648,0.3895811186200836,631.3333333333333,100.83333333333331,57.16666666666666,473.3333333333333,719.241629604206,70.0,30.83333333333333,48.0,9.166666666666666,53.0,78.16666666666667,84.83333333333333,257.3333333333333,4.356552972086459,0.0,51.20908501450566,32.34265828428063
474.0,169.16666666666666,457.6724599679883,0.36962387179359435,57.66666666666666,10.166666666666666,5.0,42.5,83.25523316329596,10.166666666666666,0.0,5.0,0.0,3.8333333333333335,15.5,6.5,16.666666666666668,0.0,0.0,16.41890265807027,9.169663838559025
475.0,306.6666666666667,944.8127429148752,0.32457930840407434,9.666666666666668,1.0,0.3333333333333333,8.333333333333334,71.58186479520256,1.0,0.0,0.3333333333333333,0.0,0.6666666666666666,1.0,2.833333333333333,3.8333333333333335,22.62050339939484,0.0,22.790073564881027,16.504621164260033
476.0,49.16666666666666,151.25765171222446,0.3250524261754955,0.0,0.0,0.0,0.0,31.852784819061227,0.0,0.0,0.0,0.0,0.0,0.0,0.0,0.0,27.47873958454768,0.0,2.040191292978234,2.33385394153531
477.0,120.5,372.24939191561367,0.32370771481962957,0.0,0.0,0.0,0.0,29.426088279358986,0.0,0.0,0.0,0.0,0.0,0.0,0.0,0.0,16.42037012635883,0.0,6.503948836042004,6.50176931695815
478.0,51.333333333333336,156.30993411263458,0.3284073633883264,0.0,0.0,0.0,0.0,19.516574730183656,0.0,0.0,0.0,0.0,0.0,0.0,0.0,0.0,9.717511784148684,0.0,7.13177166051564,2.6672912855193345
479.0,143.0,438.6237021920817,0.32601977340790755,38.833333333333336,3.1666666666666665,0.0,35.66666666666667,58.39073269804791,3.1666666666666665,0.0,0.0,0.0,5.666666666666667,17.666666666666668,1.8333333333333333,10.5,3.35110385740616,0.0,8.370734795186165,7.835560712122256
480.0,170.0,509.07534553999386,0.3339387803580924,129.66666666666669,21.0,15.166666666666668,93.5,156.48913398920595,17.0,4.0,6.166666666666667,9.0,8.333333333333334,22.33333333333333,22.0,40.833333333333336,2.6805449157464047,0.0,14.972986394039964,9.16893601275292
481.0,106.0,322.9011453100737,0.328273843371509,9.0,0.0,7.166666666666667,1.8333333333333333,29.76579360075593,0.0,0.0,7.0,0.1666666666666666,0.8333333333333334,0.0,0.1666666666666666,0.8333333333333334,4.021272384757458,0.0,11.076230779781543,5.668290436216928
482.0,103.33333333333331,290.5460602365833,0.3556521580405942,0.0,0.0,0.0,0.0,19.80708983518729,0.0,0.0,0.0,0.0,0.0,0.0,0.0,0.0,3.015954288568093,0.0,11.28974065764462,5.501394888974581
483.0,123.16666666666669,362.41388921796073,0.339850845486202,0.0,0.0,0.0,0.0,14.465193963975604,0.0,0.0,0.0,0.0,0.0,0.0,0.0,0.0,2.5124481918774504,0.0,5.1178924051171535,6.834853366981001
484.0,365.6666666666667,1106.2442633300836,0.33054785347850274,266.0,18.5,18.83333333333333,228.66666666666669,337.1509897847164,18.5,0.0,18.83333333333333,0.0,34.5,15.5,66.66666666666667,112.0,3.5172466791599226,0.0,48.12801875401679,19.50572435153964
485.0,293.0,935.9655458154524,0.3130457112550293,23.83333333333333,0.3333333333333333,0.8333333333333333,22.666666666666664,68.14417125428612,0.3333333333333333,0.0,0.6666666666666666,0.1666666666666666,1.8333333333333333,2.333333333333333,1.1666666666666667,17.333333333333332,3.1830085521339844,0.0,25.290270080553267,15.837559288265544
486.0,80.66666666666667,203.7764684402838,0.3958585958628773,0.0,0.0,0.0,0.0,35.31510192105331,0.0,0.0,0.0,0.0,0.0,0.0,0.0,0.0,25.802341519194893,0.0,5.511677923445365,4.001082478413054
487.0,126.33333333333331,322.35241192138943,0.39191061912743386,0.0,0.0,0.0,0.0,27.15444731081902,0.0,0.0,0.0,0.0,0.0,0.0,0.0,0.0,14.4097339339801,0.0,5.9096313575519845,6.835082019286933
488.0,121.0,314.01196749094646,0.38533563216341,0.0,0.0,0.0,0.0,30.102687972162197,0.0,0.0,0.0,0.0,0.0,0.0,0.0,0.0,15.247086324791445,0.0,8.520498997079267,6.335102650291483
489.0,168.33333333333334,466.31419932700896,0.3609869345095524,35.33333333333333,22.83333333333333,5.0,7.5,53.78838936986034,13.666666666666666,9.166666666666666,0.1666666666666666,4.833333333333333,0.0,0.6666666666666666,1.3333333333333333,5.5,1.0053180961893644,0.0,8.447302363908273,9.002435576429374
490.0,107.0,290.80424863499246,0.36794510569308336,238.16666666666663,22.0,38.16666666666666,178.0,265.1913173394337,20.166666666666668,1.8333333333333333,31.33333333333333,6.833333333333333,12.333333333333334,111.16666666666669,10.666666666666666,43.833333333333336,1.0053180961893644,0.0,20.01770885895807,6.001623717619583
491.0,232.66666666666663,565.8030267165806,0.4112149558775919,165.16666666666669,52.0,11.833333333333334,101.33333333333334,223.68440726404097,52.0,0.0,11.833333333333334,0.0,7.0,35.0,13.0,46.333333333333336,3.519198757382615,0.0,42.32918900141773,12.669352838573957
492.0,166.83333333333334,424.34596326687256,0.39315404828868683,0.0,0.0,0.0,0.0,20.099491728164192,0.0,0.0,0.0,0.0,0.0,0.0,0.0,0.0,3.015954288568093,0.0,8.081101863166726,9.002435576429374
493.0,137.83333333333334,332.79730778843066,0.4141660106846723,77.66666666666667,10.166666666666666,19.833333333333336,47.66666666666667,113.52336569664746,10.166666666666666,0.0,4.0,15.833333333333334,3.8333333333333335,12.666666666666666,6.666666666666667,24.5,9.214786924241054,0.0,19.30635177222695,7.335560333512802
494.0,471.6666666666667,1148.4473668588364,0.41069941930098264,376.1666666666667,61.0,26.0,289.1666666666667,466.7164312376646,61.0,0.0,26.0,0.0,30.166666666666668,68.0,65.0,126.0,6.033732879357223,0.0,59.01045110370731,25.505580587933377
495.0,213.66666666666663,552.2617943981952,0.386893804412998,171.33333333333334,39.66666666666666,11.833333333333334,119.83333333333334,212.77364441574585,39.66666666666666,0.0,11.833333333333334,0.0,11.0,41.833333333333336,17.833333333333332,49.16666666666666,2.3457847507861143,0.0,27.759255916006936,11.335270415619451
496.0,595.6666666666666,1799.493068837009,0.331019150327508,296.5,36.833333333333336,15.833333333333334,243.8333333333333,366.2969332101646,36.833333333333336,0.0,15.833333333333334,0.0,17.666666666666668,143.0,24.666666666666668,58.5,0.6701685273512975,0.0,37.28606056483515,31.84070411797815
497.0,683.8333333333334,1615.0738884749333,0.42340684114400307,127.16666666666666,32.833333333333336,31.666666666666668,62.66666666666666,197.43216732363544,23.666666666666668,9.166666666666666,3.1666666666666665,28.5,5.833333333333333,5.0,10.666666666666666,41.16666666666666,0.0,0.0,33.58896666431993,36.67653399264886
498.0,726.8333333333334,1445.9020880840835,0.5026850291754097,52.0,17.166666666666664,4.333333333333333,30.5,123.29471992275134,10.666666666666666,6.5,2.5,1.8333333333333333,1.0,3.8333333333333335,2.5,23.166666666666668,0.0,0.0,32.284165758224056,39.010554164527285
499.0,535.5,1336.0178303162309,0.4008180039582623,282.0,148.83333333333331,2.833333333333333,130.33333333333334,346.7390331485177,83.0,65.83333333333333,2.833333333333333,0.0,15.166666666666666,89.66666666666667,5.333333333333333,20.166666666666668,2.0106361923787284,0.0,33.88738188465406,28.84101507148486
500.0,914.1666666666666,1973.9457792974329,0.46311640180513824,263.1666666666667,115.5,8.166666666666668,139.5,360.7736949846988,44.16666666666666,71.33333333333333,4.166666666666667,4.0,15.833333333333334,9.833333333333334,48.16666666666666,65.66666666666667,0.0,0.0,48.7593947663807,48.84763355165143
501.0,363.8333333333333,796.6152726752108,0.4567240245237833,51.0,0.5,0.0,50.5,88.37256653865043,0.5,0.0,0.0,0.0,0.0,50.333333333333336,0.0,0.1666666666666666,1.0053180961893644,0.0,17.19539841464451,19.171850027816557
502.0,567.5,1550.931698344171,0.3659090858777874,756.1666666666666,97.66666666666666,124.0,534.5,841.5652711550773,62.16666666666666,35.5,55.0,69.0,43.0,153.83333333333334,21.83333333333333,315.8333333333333,0.0,0.0,54.890610593898735,30.507993894511998
503.0,736.5,1778.510896246156,0.4141104794772448,194.66666666666663,39.0,12.833333333333334,142.83333333333331,272.94176319835503,39.0,0.0,9.833333333333334,3.0,15.5,5.166666666666667,17.333333333333332,104.83333333333331,0.0,0.0,38.597522027923766,39.67757450376458
504.0,505.33333333998456,1188.5241708730266,0.4251771614949939,455.66666667266423,9.6666666667939,13.000000000171108,433.0000000056992,522.3407970121998,9.6666666667939,0.0,7.833333333436436,5.166666666734671,19.333333333587795,318.16666667085445,15.166666666866291,80.33333333439069,0.0,0.0,39.833594287211604,26.840536052324037
505.0,770.8333333333334,1732.3035192522966,0.4449759091097635,517.1666666666666,88.66666666666666,57.333333333333336,371.1666666666666,611.9326884314958,53.16666666666666,35.5,46.833333333333336,10.5,47.5,36.66666666666666,87.0,200.0,0.0,0.0,53.42128114614954,41.34474061867951
506.0,654.8333333333334,2151.7050776603096,0.30433228983470945,10.5,0.5,2.0,8.0,74.58878853504345,0.0,0.5,0.0,2.0,0.6666666666666666,0.1666666666666666,3.0,4.166666666666667,0.0,0.0,28.9127748239178,35.176013711125655
507.0,115.66666666666669,348.6136400797245,0.3317904217408557,174.5,20.5,0.5,153.5,193.37121410449672,11.166666666666666,9.333333333333334,0.5,0.0,1.1666666666666667,91.83333333333331,33.333333333333336,27.166666666666668,0.0,0.0,12.86959038687713,6.001623717619583
508.0,437.5,1168.5339981789616,0.37440074544839785,56.5,0.8333333333333334,1.0,54.66666666666666,100.47972557973377,0.8333333333333334,0.0,0.1666666666666666,0.8333333333333334,1.3333333333333333,2.6666666666666665,1.5,49.16666666666666,0.0,0.0,20.47343873055681,23.506286849176945
509.0,432.8333333333333,1149.272782113824,0.37661496910875725,91.5,13.166666666666666,15.166666666666668,63.16666666666666,136.40488928096627,13.166666666666666,0.0,12.333333333333334,2.833333333333333,3.8333333333333335,8.166666666666666,5.0,46.16666666666666,0.0,0.0,21.731998363424538,23.17289091754173
510.0,477.8333333333333,1104.273463467793,0.43271286428705324,0.0,0.0,0.0,0.0,45.81388467650111,0.0,0.0,0.0,0.0,0.0,0.0,0.0,0.0,0.0,0.0,19.806848566816253,26.007036109684854
511.0,408.0,960.9966823729554,0.42455921803240765,298.6666666666667,10.5,6.833333333333333,281.33333333333337,349.9619224718595,10.5,0.0,0.0,6.833333333333333,0.1666666666666666,192.33333333333331,26.33333333333333,62.5,0.0,0.0,29.289302173921023,22.0059536312718
512.0,454.83333342033427,1037.1367401816856,0.4385471228612117,380.5000000727824,47.6666666757844,24.166666671289292,308.66666672570875,439.3017396734903,23.16666667109801,24.500000004686385,13.833333335979388,10.333333335309904,25.833333338274755,43.83333334171782,47.500000009085845,191.5000000366303,0.0,0.0,34.62853647025118,24.173203130456752
513.0,585.3333333333334,1337.5164867740384,0.4376270043183552,0.0,0.0,0.0,0.0,59.44733052264841,0.0,0.0,0.0,0.0,0.0,0.0,0.0,0.0,0.0,0.0,27.938920357263907,31.5084101653845
514.0,219.66666666666663,676.6094639493033,0.324657987171054,361.1666666666666,131.0,11.333333333333334,218.8333333333333,397.0956494257537,20.5,110.5,8.333333333333334,3.0,18.5,47.16666666666666,28.166666666666668,125.0,0.0,0.0,24.09244357920252,11.83653917988462
515.0,353.3333333333333,943.5086075955536,0.3744887227195217,98.16666666666666,4.5,3.333333333333333,90.33333333333331,137.7211136829459,4.5,0.0,2.333333333333333,1.0,6.333333333333333,15.166666666666666,37.0,31.83333333333333,1.0053180961893644,0.0,19.71075782494521,18.83837109514465
516.0,415.1666666666667,1013.2288562853446,0.40974619316383526,677.0,17.833333333333332,23.666666666666668,635.5,744.2791466883132,17.833333333333332,0.0,16.666666666666668,7.0,27.666666666666668,200.5,117.83333333333331,289.5,0.0,0.0,45.27319305704133,22.0059536312718
517.0,624.1666666666666,1565.9262774721294,0.3985926257488042,141.0,0.0,1.5,139.5,206.05917204684684,0.0,0.0,0.6666666666666666,0.8333333333333334,1.8333333333333333,114.66666666666669,12.5,10.5,0.0,0.0,31.71692889761036,33.34224314923649
518.0,278.0,575.9772663453857,0.48265793850498406,653.8333333333334,200.66666666666663,37.83333333333333,415.33333333333337,707.3219903137249,60.0,140.66666666666666,23.83333333333333,14.0,41.5,47.0,46.833333333333336,280.0,0.0,0.0,38.65157623462161,14.837080745769924
519.0,184.16666666666663,327.1204202843683,0.5629934887787473,1036.1666666666663,364.8333333333333,115.0,556.3333333333333,1098.5094986282293,293.8333333333333,71.0,53.16666666666666,61.833333333333336,98.66666666666669,71.83333333333333,104.33333333333331,281.5,0.0,0.0,52.67370876078326,9.669123200779364
520.0,711.0,1581.0344330151547,0.4497055757628682,0.0,0.0,0.0,0.0,69.83112337914247,0.0,0.0,0.0,0.0,0.0,0.0,0.0,0.0,0.0,0.0,31.820881474837,38.01024190430547
521.0,453.0,1027.281022758519,0.4409698903845962,375.6666666666667,159.66666666666666,4.166666666666667,211.83333333333337,434.8482210442626,138.5,21.166666666666668,3.0,1.1666666666666667,6.0,10.0,121.16666666666669,74.66666666666667,0.0,0.0,34.841476511864315,24.3400778657316
522.0,366.1666666666667,1083.3497504767597,0.33799487792887234,643.3333333333333,197.66666666666663,28.166666666666668,417.5,705.856768867746,160.0,37.66666666666666,21.0,7.166666666666667,42.0,71.0,91.5,213.0,1.0053180961893644,0.0,41.84632957816861,19.67178786005481
523.0,612.5,1393.05479785209,0.4396811962777026,41.0,8.0,4.0,29.0,101.76362823614129,8.0,0.0,4.0,0.0,3.0,0.0,6.166666666666667,19.83333333333333,0.0,0.0,27.75469778923357,33.008930446907705
524.0,478.0,1313.9966985787466,0.3637756476230247,3.0,1.1666666666666667,0.8333333333333333,1.0,48.945137328680936,1.1666666666666667,0.0,0.1666666666666666,0.6666666666666666,0.0,0.0,0.0,1.0,0.0,0.0,19.93810121899608,26.007036109684854
525.0,350.1666666666667,901.2055580753618,0.3885536030364613,57.0,0.3333333333333333,0.0,56.66666666666666,100.05126311360377,0.3333333333333333,0.0,0.0,0.0,0.0,56.66666666666666,0.0,0.0,0.0,0.0,24.212850429771237,18.83841268383253
526.0,413.6666666666667,986.763212848216,0.41921573613658514,1472.5,306.0,91.66666666666666,1074.8333333333333,1572.7184339262933,185.66666666666663,120.33333333333331,54.16666666666666,37.5,98.0,112.83333333333331,294.5,569.5,0.0,0.0,78.21248029502146,22.0059536312718
527.0,0.0,0.0,0.0,340.66666666666663,0.0,178.0,162.66666666666666,354.7859134206747,0.0,0.0,178.0,0.0,86.33333333333333,76.33333333333333,0.0,0.0,0.0,0.0,14.119246754008074,0.0
528.0,348.8333333333333,830.6213311129072,0.4199667408805277,0.0,0.0,0.0,0.0,33.46546697843664,0.0,0.0,0.0,0.0,0.0,0.0,0.0,0.0,0.0,0.0,14.460325205974629,19.00514177246201
529.0,314.8333333333333,671.9413363703869,0.4685428865471541,97.5,3.8333333333333335,33.666666666666664,60.0,131.5970237441154,3.8333333333333335,0.0,3.8333333333333335,29.83333333333333,6.5,9.833333333333334,7.166666666666667,36.5,0.0,0.0,17.09242321085991,17.004600533255484
530.0,664.0,1578.4354469202435,0.4206697215876394,171.66666666666666,6.833333333333333,15.0,149.83333333333331,242.31599190313528,6.833333333333333,0.0,4.833333333333333,10.166666666666666,12.0,97.0,6.833333333333333,34.0,0.0,0.0,34.80624959741777,35.84307563905083
531.0,311.6666666666667,668.7673187771901,0.4660315447778379,86.5,29.0,6.0,51.5,120.00719691687851,29.0,0.0,4.0,2.0,5.666666666666667,8.5,8.833333333333334,28.5,0.0,0.0,16.502596383623025,17.004600533255484
532.0,0.0,0.0,0.0,2568.1666666666665,1099.8333333333333,156.83333333333331,1311.5,2686.656851577718,604.0,495.8333333333333,92.5,64.33333333333333,156.66666666666666,227.66666666666663,192.5,734.6666666666666,0.0,0.0,118.49018491105134,0.0
533.0,124.66666666666669,286.40335641924,0.4352835393597078,1103.6666666666667,459.0,92.5,552.1666666666667,1161.5733516367754,177.0,282.0,62.5,30.0,82.0,118.66666666666669,90.16666666666669,261.3333333333333,0.0,0.0,50.90479063288606,7.001894337222846
534.0,3.0,5.364920734744898,0.5591881312562672,4335.0,145.66666666666666,206.16666666666669,3983.1666666666665,4514.868725521937,25.83333333333333,119.83333333333331,203.83333333333331,2.333333333333333,364.0,4.666666666666667,1192.8333333333333,2421.6666666666665,0.0,0.0,179.86872552193745,0.0
535.0,313.5,736.6960864591134,0.4255486159928165,2041.5,628.5,244.5,1168.5,2157.466109238681,518.8333333333334,109.66666666666669,85.16666666666667,159.33333333333334,129.5,266.6666666666667,171.5,600.8333333333334,0.0,0.0,99.12832102336154,16.83778821531957
536.0,231.0,414.5318552583198,0.5572551230255874,1542.3333333333337,878.3333333333333,91.33333333333334,572.6666666666667,1630.4492312202128,650.1666666666666,228.16666666666663,49.5,41.833333333333336,68.16666666666667,135.83333333333334,97.5,271.1666666666667,2.0106361923787284,0.0,73.60213961158935,12.503122082911403
537.0,708.0,1502.8972022176465,0.471090104469746,868.0,193.16666666666669,49.333333333333336,625.5,974.6590716050728,191.83333333333331,1.3333333333333333,17.666666666666668,31.666666666666668,25.666666666666668,191.5,159.83333333333334,248.5,0.0,0.0,68.6489337114178,38.01013789365478
538.0,1309.0,2466.774445681868,0.5306524892421467,2642.333333333333,1168.5,209.0,1264.8333333333333,2947.620338753343,893.1666666666666,275.3333333333333,102.83333333333331,106.16666666666669,140.16666666666666,264.3333333333333,221.16666666666663,639.1666666666666,0.1675738724727838,0.0,235.09766001793983,70.02177152959685
539.0,229.33333333333331,469.2351304585881,0.48873862685686725,64.83333333333333,0.0,15.833333333333332,49.0,97.27188215073944,0.0,0.0,3.6666666666666665,12.166666666666666,0.1666666666666666,0.5,2.1666666666666665,46.16666666666666,8.042544769514913,0.0,12.226214587640598,12.16978946025059
540.0,0.0,0.0,0.0,90.0,0.3333333333333333,2.0,87.66666666666667,93.7306218497082,0.3333333333333333,0.0,2.0,0.0,0.0,86.5,0.0,1.1666666666666667,0.0,0.0,3.7306218497082058,0.0
541.0,0.0,0.0,0.0,3483.6666666666665,0.0,1374.0,2109.6666666666665,3628.074542099312,0.0,0.0,1374.0,0.0,279.8333333333333,1829.8333333333333,0.0,0.0,0.0,0.0,144.4078754326458,0.0
542.0,344.3333333333333,818.7685639211219,0.4205502610949112,98.33333333333331,37.83333333333333,5.833333333333334,54.66666666666666,136.02968872557963,12.5,25.33333333333333,3.0,2.833333333333333,7.166666666666667,9.166666666666666,5.833333333333333,32.5,1.0053180961893644,0.0,18.35285344086941,18.33818385518753
543.0,851.1666666666666,2261.0547564919,0.3764467287768295,280.66666666666663,12.333333333333334,16.5,251.8333333333333,373.5959498697474,12.333333333333334,0.0,9.333333333333334,7.166666666666667,16.5,98.83333333333331,28.83333333333333,107.66666666666669,0.0,0.0,46.9168347013306,46.012448501750136
544.0,532.6666666666666,1222.688991267213,0.4356518055459083,0.0,0.0,0.0,0.0,50.57909401953769,0.0,0.0,0.0,0.0,0.0,0.0,0.0,0.0,0.0,0.0,22.07126700872637,28.50782701081132
545.0,402.3333333333333,777.303704918348,0.5176012037348986,206.5,6.666666666666667,0.6666666666666666,199.16666666666663,253.24988210773316,1.5,5.166666666666667,0.6666666666666666,0.0,2.6666666666666665,167.0,1.5,28.0,0.0,0.0,25.243845423493976,21.506036684239163
546.0,441.5,1134.1588891255558,0.3892752631338978,30.0,0.0,1.0,29.0,73.55040972654417,0.0,0.0,1.0,0.0,3.1666666666666665,0.3333333333333333,21.33333333333333,4.166666666666667,0.0,0.0,19.543914856065843,24.00649487047833
547.0,429.1666666666667,1098.9651140232531,0.3905189174709197,124.66666666666669,0.5,0.0,124.16666666666669,171.46240635459657,0.5,0.0,0.0,0.0,0.1666666666666666,123.66666666666669,0.1666666666666666,0.1666666666666666,0.0,0.0,23.789515437054828,23.006224250875064
548.0,376.1666666666667,820.3737422981334,0.458530846700312,636.1666666666666,83.16666666666666,25.0,528.0,698.4717724785418,37.5,45.66666666666666,18.0,7.0,64.33333333333333,33.166666666666664,86.5,344.0,0.0,0.0,41.96629748817461,20.33880832370049
549.0,32.5,84.25975363002601,0.3857120226425467,2121.5,26.166666666666668,95.83333333333331,1999.5,2212.5759685205257,5.0,21.166666666666668,93.0,2.833333333333333,18.5,2.5,1877.5,101.0,0.0,0.0,89.40886462530324,1.6671038952225037
550.0,108.0,242.0121749688776,0.4462585405626334,902.6666666666666,22.5,64.66666666666667,815.5,950.5632642406366,22.5,0.0,39.0,25.666666666666668,39.5,340.0,195.66666666666663,240.33333333333331,0.0,0.0,41.89497385635028,6.001623717619583
551.0,569.8333333333334,1237.008075486384,0.460654497432669,131.5,67.83333333333333,6.333333333333333,57.333333333333336,194.7831406367945,8.666666666666666,59.16666666666666,6.333333333333333,0.0,7.5,21.166666666666668,7.666666666666667,21.0,3.854088521297411,0.0,28.91968557586197,30.509366539635177
552.0,417.1666666666667,803.4627958215286,0.519210931528099,229.0,42.66666666666666,38.16666666666666,148.16666666666666,280.6952921494604,14.166666666666666,28.5,11.666666666666666,26.5,13.833333333333334,22.166666666666668,38.66666666666666,73.5,2.848769006511267,0.0,26.507943098397405,22.33858004455168
553.0,180.0,537.0876833894941,0.33514080766857696,1233.0,448.3333333333333,112.16666666666669,672.5,1301.5808960971067,401.5,46.833333333333336,69.16666666666667,43.0,90.33333333333331,125.33333333333331,124.33333333333331,332.5,0.0,0.0,58.57818990107395,10.002706196032635
554.0,313.8333333333333,764.6053707401937,0.41045138491444255,1715.0,551.0,135.5,1028.5,1817.612899121346,389.8333333333333,161.16666666666666,81.0,54.5,118.33333333333331,119.83333333333331,202.16666666666663,588.1666666666666,0.0,0.0,85.6082985880905,17.004600533255484
555.0,147.83333333333334,301.9461822344749,0.48960159800442205,423.8333333333333,77.5,38.0,308.3333333333333,455.6746672897546,30.166666666666668,47.333333333333336,22.5,15.5,35.666666666666664,30.0,62.16666666666666,180.5,0.0,0.0,23.67239832227783,8.168935634143468
556.0,314.1666666666667,626.8616546438736,0.5011738464767763,94.83333333333334,7.833333333333333,0.0,87.00000000000001,128.79207421243748,0.0,7.833333333333333,0.0,0.0,0.0,82.66666666666667,0.1666666666666666,4.166666666666667,0.0,0.0,16.954140345848664,17.004600533255484
557.0,326.0,552.2440836239285,0.5903186827475403,27.83333333333333,0.3333333333333333,1.3333333333333333,26.166666666666664,59.50551584199168,0.1666666666666666,0.1666666666666666,1.3333333333333333,0.0,8.833333333333334,2.333333333333333,6.333333333333333,8.666666666666666,0.0,0.0,14.667581975402864,17.004600533255484
558.0,176.0,413.6756099993437,0.42545413784554337,167.16666666666669,2.1666666666666665,2.1666666666666665,162.83333333333334,190.3965907126308,2.1666666666666665,0.0,2.1666666666666665,0.0,4.5,4.666666666666667,2.333333333333333,151.33333333333334,0.0,0.0,14.227488469534707,9.002435576429374
559.0,0.0,0.0,0.0,222.33333333333337,56.5,10.166666666666668,155.66666666666669,231.54738427883237,33.833333333333336,22.666666666666668,7.166666666666667,3.0,10.666666666666666,15.666666666666666,62.66666666666666,66.66666666666667,0.0,0.0,9.21405094549902,0.0
560.0,466.6666666666667,1072.3503317194295,0.4351811650194609,10.833333333333334,0.3333333333333333,1.0,9.5,55.634349638815856,0.3333333333333333,0.0,0.0,1.0,0.0,0.3333333333333333,0.1666666666666666,9.0,0.0,0.0,19.79425081540093,25.00676549008159
561.0,557.0,1239.2781050263145,0.44945520923906973,336.0,16.833333333333332,30.166666666666668,289.0,403.0252952868009,16.833333333333332,0.0,15.833333333333334,14.333333333333334,21.666666666666668,106.0,29.33333333333333,132.0,0.0,0.0,37.01717669870303,30.00811858809791
562.0,197.66666666666663,470.6862453407855,0.41995420223837715,173.66666666666666,5.833333333333333,11.833333333333334,156.0,199.5624357222435,5.833333333333333,0.0,5.666666666666667,6.166666666666667,48.833333333333336,10.5,19.83333333333333,76.83333333333333,0.0,0.0,15.393083490548738,10.502685565028086
563.0,496.8333333333333,1108.1653801949235,0.4483386164310074,83.83333333333333,3.5,4.333333333333334,76.0,134.91107358231062,3.5,0.0,2.333333333333333,2.0,8.166666666666666,32.833333333333336,6.833333333333333,28.166666666666668,0.0,0.0,24.070433519689143,27.00730672928812
564.0,389.6666666666667,939.0019392845468,0.4149796186401544,8.0,0.0,0.0,8.0,55.65904368153821,0.0,0.0,0.0,0.0,2.0,0.0,1.0,5.0,0.0,0.0,26.820131347187026,20.838912334351186
565.0,288.5,642.9747195404137,0.44869571264981367,197.66666666666669,0.3333333333333333,2.1666666666666665,195.16666666666669,232.8232422809511,0.3333333333333333,0.0,2.1666666666666665,0.0,0.8333333333333334,170.83333333333334,2.333333333333333,21.166666666666668,0.0,0.0,20.15251632023543,15.004059294048956
566.0,381.8333333333333,923.789529569055,0.41333368815238397,421.5,52.16666666666666,135.0,234.3333333333333,476.8101521361584,34.166666666666664,18.0,133.0,2.0,2.1666666666666665,2.0,104.83333333333331,125.33333333333331,0.0,0.0,34.9715310524151,20.33862108374337
567.0,251.66666666666663,656.4433599040897,0.383379103268615,0.0,0.0,0.0,0.0,26.46844560952583,0.0,0.0,0.0,0.0,0.0,0.0,0.0,0.0,0.0,0.0,12.798406388946278,13.670039220579554
568.0,979.5,2339.0641053458166,0.4187572276285206,556.5,79.83333333333334,16.833333333333332,459.83333333333337,758.1870898951229,20.5,59.333333333333336,9.5,7.333333333333333,15.166666666666666,22.33333333333333,160.16666666666666,262.1666666666667,0.0,85.5,63.67299671806979,52.51409317705304
569.0,243.33333333333331,587.1843298192886,0.41440706261391785,1162.5,233.8333333333333,45.5,883.1666666666666,1233.9553797925798,129.66666666666666,104.16666666666669,27.666666666666668,17.833333333333332,114.0,60.16666666666666,307.5,401.5,0.0,0.0,58.285382134688696,13.16999765789104
570.0,1212.0,2560.285063790458,0.47338478716336957,1066.0,110.16666666666666,41.33333333333333,914.5,1225.261332145857,65.83333333333333,44.333333333333336,28.33333333333333,13.0,148.16666666666666,38.333333333333336,333.1666666666667,394.8333333333333,0.0,0.0,94.41055418958084,64.85077795627622
571.0,494.8333333333333,1281.6388749157315,0.38609419784170396,284.3333333333333,5.166666666666667,20.666666666666664,258.5,345.2283490677761,5.166666666666667,0.0,4.333333333333333,16.333333333333332,11.166666666666666,109.16666666666669,47.333333333333336,90.83333333333331,0.5018119994987219,0.0,33.71927187574648,26.67393185919759
572.0,1079.0,2154.733199145922,0.5007580522858638,1291.0,300.0,67.33333333333333,923.6666666666669,1472.8019314849348,197.83333333333331,102.16666666666669,9.333333333333334,58.0,17.666666666666668,29.166666666666668,421.6666666666667,455.1666666666667,0.0,0.0,123.95138441578528,57.85054706914955
573.0,342.1666666666667,812.3628855287357,0.4211992851494731,0.0,0.0,0.0,0.0,44.0234763046367,0.0,0.0,0.0,0.0,0.0,0.0,0.0,0.0,0.0,0.0,25.68545867979229,18.33801762484441
574.0,127.16666666666669,310.186083848317,0.40996896149877565,0.0,0.0,0.0,0.0,18.79962493718449,0.0,0.0,0.0,0.0,0.0,0.0,0.0,0.0,6.869652800852767,0.0,5.261411132442208,6.668561003889512
575.0,361.5,909.6134558636544,0.3974215615101748,398.1666666666666,79.5,91.83333333333331,226.8333333333333,452.3458597809475,45.5,34.0,75.33333333333333,16.5,31.5,24.166666666666668,21.0,150.16666666666666,3.3501924155940315,0.0,31.490587812583914,19.33841288610292
576.0,9.166666666666666,20.334160094430136,0.45080134237644603,417.8333333333333,40.0,119.83333333333331,258.0,442.0509395412472,13.0,27.0,90.83333333333331,29.0,21.83333333333333,25.0,27.0,184.16666666666663,0.0,0.0,24.05083553059657,0.1667706773173572
577.0,1.0,2.575315196270899,0.3883019839466708,0.0,0.0,0.0,0.0,0.0414513538856467,0.0,0.0,0.0,0.0,0.0,0.0,0.0,0.0,0.0,0.0,0.0414513538856467,0.0
578.0,3.999999999718045,7.679916414555813,0.520839001859032,0.0,0.0,0.0,0.0,0.1658054155308995,0.0,0.0,0.0,0.0,0.0,0.0,0.0,0.0,0.0,0.0,0.1658054155308995,0.0
579.0,35.0,93.20665366283606,0.3755096725884862,0.0,0.0,0.0,0.0,3.451338625204163,0.0,0.0,0.0,0.0,0.0,0.0,0.0,0.0,0.0,0.0,1.4507973859976355,2.000541239206527
580.0,1.999999999854081,5.154725625027992,0.38799349283371803,12.999999999051527,0.1666666666545067,0.1666666666545067,12.666666665742513,13.621770307290863,0.1666666666545067,0.0,0.1666666666545067,0.0,0.8333333332725338,3.999999999708162,0.9999999999270405,6.833333332834776,0.0,0.0,0.621770308239337,0.0
581.0,9.0,20.035035756343174,0.4492130740096415,0.0,0.0,0.0,0.0,0.3730621849708206,0.0,0.0,0.0,0.0,0.0,0.0,0.0,0.0,0.0,0.0,0.3730621849708206,0.0
3391.0,207.0,646.7064887041945,0.3200833818982794,0.0,0.0,0.0,0.0,28.61980039193833,0.0,0.0,0.0,0.0,0.0,0.0,0.0,0.0,3.0332795131624715,0.0,10.581474967644372,15.00504591113149
3392.0,580.8333333333334,1700.249590023456,0.34161651132956333,168.0,32.0,13.833333333333334,122.16666666666669,250.1482202544359,27.83333333333333,4.166666666666667,13.833333333333334,0.0,0.0,66.16666666666667,9.0,47.0,2.0221863421083146,0.0,38.27865725866709,41.8473766536605
3382.0,313.0,1003.777755972038,0.31182201252995206,0.0,0.0,0.0,0.0,39.51907782340033,0.0,0.0,0.0,0.0,0.0,0.0,0.0,0.0,1.0110931710541573,0.0,16.000418027599455,22.50756662474672
2227.0,66.0,206.36301906161728,0.3198247452480489,0.0,0.0,0.0,0.0,8.201240853736177,0.0,0.0,0.0,0.0,0.0,0.0,0.0,0.0,0.0,0.0,3.366387047762144,4.834853805974034
2236.0,45.16666666666666,123.71385848439922,0.365089790424428,0.0,0.0,0.0,0.0,11.705127220115273,0.0,0.0,0.0,0.0,0.0,0.0,0.0,0.0,6.066559026324943,0.0,2.3040103630446,3.334557830745728
2235.0,0.0,0.0,0.0,309.83333333333337,0.0,5.5,304.33333333333337,325.67544708901744,0.0,0.0,4.666666666666667,0.8333333333333334,304.1666666666667,0.0,0.0,0.1666666666666666,0.0,0.0,15.842113755684087,0.0
2226.0,0.0,0.0,0.0,0.0,0.0,0.0,0.0,0.0,0.0,0.0,0.0,0.0,0.0,0.0,0.0,0.0,0.0,0.0,0.0,0.0
2246.0,616.1666650954982,1594.2732570063417,0.3864874872532891,378.33333236861813,7.499999980875689,7.166666648392325,363.6666657393501,474.37152119821405,0.0,7.499999980875689,7.166666648392325,0.0,336.83333247443926,16.166666625443153,10.666666639467646,0.0,1.0110931684759625,0.0,50.84554253695216,44.181553124167806
2253.0,1758.7378417490668,4519.31178569535,0.3891605459299958,70.28493948902324,0.9646952478885542,5.099103453125216,64.22114078800948,291.91518943682786,0.0,0.9646952478885542,5.099103453125216,0.0,53.954027078338434,6.339425914696214,3.9276877949748283,0.0,1.7931114003536395,0.0,93.49666063743649,126.3404779100145
2252.0,1379.0481251011197,3554.1287441118106,0.38801299119673527,4.2688120440888906e-05,0.0,4.7431244934320987e-07,4.22138079915457e-05,171.2233238339549,0.0,0.0,4.7431244934320987e-07,0.0,4.22138079915457e-05,0.0,0.0,0.0,1.6582030592864248,0.0,70.49469216408254,99.07038592246549
2273.0,337.34506831211206,827.7875863092373,0.4075261261360469,14.999957311879214,0.0,0.16666619235421343,14.833291119525002,65.10695269691033,0.0,0.0,0.16666619235421343,0.0,14.833291119525002,0.0,0.0,0.0,8.088737613456274,0.0,18.009340633819708,24.00891713775513
2250.0,1697.6666456226,4304.125326875295,0.39442779117565113,36.999999541352565,0.9999999876041233,0.0,35.99999955374844,247.54860654943337,0.0,0.9999999876041233,0.0,0.0,30.833332951127133,4.1666666150171805,0.9999999876041233,0.0,0.0,0.0,88.67431136335216,121.87429564472865
2251.0,437.5000000223726,1125.2817872375058,0.3887915053672084,211.00000001078996,3.83333333352936,14.333333334066301,192.83333334319428,291.4941099348424,0.0,3.83333333352936,14.333333334066301,0.0,164.66666667508727,24.33333333457767,3.83333333352936,0.0,0.0,0.0,49.15024072701155,31.343869197040892
2300.0,8.0,21.727065467779536,0.3682043491728653,0.0,0.0,0.0,0.0,1.40928228654478,0.0,0.0,0.0,0.0,0.0,0.0,0.0,0.0,0.0,0.0,0.4089458924693477,1.0003363940754324
2298.0,262.17621269214703,693.7773013775007,0.37789678643506197,0.0,0.0,0.0,0.0,32.98862606242315,0.0,0.0,0.0,0.0,0.0,0.0,0.0,0.0,0.9422437616085503,0.0,13.401993162178393,18.644389138636207
2264.0,27.166666666666668,75.0703140450985,0.3618829495018003,729.5,9.5,6.833333333333333,713.1666666666666,775.3988749677769,0.0,9.5,6.833333333333333,0.0,668.3333333333334,27.666666666666668,17.166666666666668,0.0,5.0554658552707865,0.0,38.67599340261992,2.1674157098862508
2295.0,488.0,1263.014943703625,0.38637705945822326,339.8333333333333,8.666666666666666,18.83333333333333,312.3333333333333,417.1614279475408,1.1666666666666667,7.5,5.333333333333333,13.5,284.0,12.333333333333334,12.5,3.5,0.0,0.0,42.31632082156733,35.011773792640135
2294.0,637.6666666666666,1646.912095812978,0.3871892545375291,538.6666666666666,12.333333333333334,21.33333333333333,505.0,645.8222542675435,1.3333333333333333,11.0,18.5,2.833333333333333,456.8333333333333,21.166666666666668,25.0,2.0,1.0110931710541573,0.0,60.12902030235258,46.0154741274699
2302.0,443.8141862154177,1140.418955904378,0.3891676685288548,63.71435185640057,0.0,0.0,63.71435185640057,121.52641330608839,0.0,0.0,0.0,0.0,0.0,63.71435185640057,0.0,0.0,0.0,0.0,25.94416895624529,31.867892493442543
2301.0,651.3333333333334,1702.4553425403271,0.3825846805246845,0.0,0.0,0.0,0.0,80.31131924684465,0.0,0.0,0.0,0.0,0.0,0.0,0.0,0.0,0.0,0.0,33.29550872529932,47.015810521545326
2309.0,550.1666666666666,1459.2853943285347,0.3770110142984172,0.0,0.0,0.0,0.0,67.47052875572942,0.0,0.0,0.0,0.0,0.0,0.0,0.0,0.0,0.0,0.0,28.12399532920803,39.3465334265214
2312.0,563.0,1621.5681985174836,0.34719477140383115,0.0,0.0,0.0,0.0,70.13751223133032,0.0,0.0,0.0,0.0,0.0,0.0,0.0,0.0,1.0110931710541573,0.0,28.779567182530343,40.34685187774582
2344.0,783.3984618223088,2084.709246977037,0.37578308004259453,1212.8091319215796,56.067963507086546,238.81481633182523,917.9263520826678,1377.3237782080846,25.682415734795267,30.38554777229128,21.033253964444647,217.7815623673806,708.8129224354723,95.34661558385277,51.311589848633176,62.45522421470952,1.774832893091288,0.0,106.45775596529666,56.28205742811688
2290.0,0.0,0.0,0.0,0.0,0.0,0.0,0.0,5.0554658552707865,0.0,0.0,0.0,0.0,0.0,0.0,0.0,0.0,5.0554658552707865,0.0,0.0,0.0
2288.0,24.5,63.7000137087803,0.3846153018429094,275.0,6.0,4.833333333333333,264.1666666666667,291.9830720342728,0.0,6.0,4.833333333333333,0.0,239.66666666666663,10.833333333333334,13.666666666666666,0.0,0.0,0.0,15.315844706225777,1.6672273280470045
2332.0,110.74310746879853,287.27032413542656,0.38550138376490084,1220.8842934346949,26.095501282454435,244.57641128169692,950.2123808705433,1342.3011242175085,13.82895121685491,12.266550065599526,17.602109499369746,226.97430178232716,807.3536025418978,64.72432588990316,50.96592141025206,27.16853102849023,4.973869243358425,0.0,108.5884950076258,7.854466531829312
2336.0,1336.6666666666667,3423.257484675605,0.3904662949399297,455.33333333333337,28.833333333333336,86.5,340.0,653.4906412895093,15.833333333333334,13.0,20.666666666666668,65.83333333333333,240.0,44.833333333333336,20.666666666666668,34.5,2.190646138257805,0.0,99.9344487396467,96.03221307827154
2341.0,528.0,1294.825288412844,0.40777702190787896,200.83333333333331,4.5,70.0,126.33333333333334,277.1480067282789,3.333333333333333,1.1666666666666667,2.5,67.5,94.5,14.166666666666666,9.666666666666666,8.0,1.0110931710541573,0.0,37.290797249025005,38.01278297486643
2339.0,26.99999990801994,79.49445332488027,0.33964633730702626,171.4999994157563,3.6666666541755477,45.33333317889768,122.49999958268307,194.15530728682486,2.4999999914833277,1.1666666626922197,2.8333333236811047,42.49999985521657,104.83333297620086,8.499999971043314,5.499999981263321,3.6666666541755473,3.7075960976997293,0.0,16.780296070866267,2.1674157025025833
2343.0,0.0,0.0,0.0,996.6666666666669,40.66666666666666,264.33333333333337,691.6666666666666,1096.310002462511,31.5,9.166666666666666,22.5,241.83333333333331,490.3333333333333,72.0,67.5,61.833333333333336,0.0,0.0,99.64333579584424,0.0
2337.0,533.3333334501891,1531.4546095840983,0.3482527853666052,176.0000000385624,3.3333333340636813,3.833333334173234,168.83333337032548,250.45609681956446,0.0,3.3333333340636813,3.3333333340636813,0.5000000001095523,157.50000003450896,6.333333334720995,4.666666667689155,0.33333333340636817,0.0,0.0,36.27659779755505,38.179498983447004
2387.0,175.56398743429264,503.0079384495439,0.34902826379926655,291.8947074130575,4.414017526734041,4.414017526734041,283.06667235958946,328.4778080890857,0.0,4.414017526734041,4.414017526734041,0.0,256.4401795370325,17.086519458325316,9.539973364231635,0.0,0.0,0.0,23.90631470938844,12.676785966639676
2389.0,0.0,0.0,0.0,0.0,0.0,0.0,0.0,0.0,0.0,0.0,0.0,0.0,0.0,0.0,0.0,0.0,0.0,0.0,0.0,0.0
2391.0,399.6666666666667,1269.697434038916,0.31477315457378247,147.16666666666669,2.166666666666667,10.333333333333334,134.66666666666669,203.79194782574828,0.5,1.6666666666666667,1.5,8.833333333333334,121.5,5.666666666666667,6.5,1.0,0.0,0.0,27.94902055013713,28.67626060894449
2395.0,384.0,1189.6309738496316,0.3227891744928098,0.0,0.0,0.0,0.0,47.6388218726408,0.0,0.0,0.0,0.0,0.0,0.0,0.0,0.0,0.0,0.0,19.62940283852869,28.00941903411211
2397.0,30.0,85.99270797655551,0.34886679005595456,0.0,0.0,0.0,0.0,4.034617844554202,0.0,0.0,0.0,0.0,0.0,0.0,0.0,0.0,0.0,0.0,1.533779101316135,2.500838743238067
2402.0,132.0,378.1839451158528,0.34903649852074803,0.0,0.0,0.0,0.0,16.07651448788332,0.0,0.0,0.0,0.0,0.0,0.0,0.0,0.0,0.0,0.0,6.739633248283895,9.336881239599425
2409.0,0.0,0.0,0.0,0.0,0.0,0.0,0.0,2.0221863421083146,0.0,0.0,0.0,0.0,0.0,0.0,0.0,0.0,2.0221863421083146,0.0,0.0,0.0
2407.0,316.0,1043.0822757005249,0.30294829790658384,0.0,0.0,0.0,0.0,40.179553005503166,0.0,0.0,0.0,0.0,0.0,0.0,0.0,0.0,1.0116180221025786,0.0,16.160359380689997,23.00757560271059
2405.0,543.0,1746.225475704733,0.3109564071506051,0.0,0.0,0.0,0.0,75.87016035978625,0.0,0.0,0.0,0.0,0.0,0.0,0.0,0.0,9.099838539487417,0.0,27.75720245135697,39.013119368941865
2319.0,608.3333333333334,1803.961025271189,0.3372208849367368,0.0,0.0,0.0,0.0,74.94501062576309,0.0,0.0,0.0,0.0,0.0,0.0,0.0,0.0,0.0,0.0,31.09695220817944,43.84805841758365
2320.0,6.0,16.773968520088502,0.35769710625213114,0.0,0.0,0.0,0.0,0.3067094193520108,0.0,0.0,0.0,0.0,0.0,0.0,0.0,0.0,0.0,0.0,0.3067094193520108,0.0
2347.0,248.33333333333331,630.8418796472075,0.39365384789007896,117.83333333333331,8.333333333333334,27.666666666666668,81.83333333333333,157.4262585534584,6.0,2.333333333333333,3.1666666666666665,24.5,48.66666666666666,11.666666666666666,5.833333333333333,15.666666666666666,2.8643898241050496,0.0,18.72407304108479,18.004462354935253
2357.0,487.3333333333333,1273.5576242368993,0.3826551104237138,355.6666666666667,21.5,98.33333333333334,235.83333333333334,449.05431406072205,17.333333333333332,4.166666666666666,8.166666666666668,90.16666666666667,130.0,35.66666666666667,32.166666666666664,38.0,2.0221863421083146,0.0,56.35368725930695,35.01177379264014
2356.0,126.0,328.088698475834,0.3840424878557064,907.0,61.5,192.33333333333331,653.1666666666666,970.8234804016214,46.16666666666666,15.333333333333334,18.5,173.83333333333334,460.5,53.66666666666666,46.833333333333336,92.16666666666669,2.0221863421083146,0.0,52.79826651283412,9.003027546678892
2366.0,0.0,0.0,0.0,942.8333333333331,95.83333333333331,261.16666666666663,585.8333333333334,1009.1012836272114,78.83333333333333,17.0,26.5,234.66666666666663,280.1666666666667,87.5,59.833333333333336,158.33333333333334,4.044372684216629,0.0,62.22357760966127,0.0
2367.0,33.46581863446697,87.71965000790424,0.38150880254824815,651.877869070561,103.45047196262558,103.95161583401654,444.47578127391876,703.1143221196749,84.52089992726285,18.92957203536274,35.30319782342671,68.64841801058984,107.12031953041574,103.10176375361218,83.52117884415091,150.73251914574,3.958210556945064,0.0,44.99051517980537,2.287727312363446
2375.0,20.0,51.64686568535405,0.38724518389644647,296.6133305186733,63.74871154333014,36.99778934219039,195.86682963315278,314.81897539965775,53.143603289060124,10.605108254270007,14.77704089184124,22.22074845034915,23.559347754587048,45.96234962049523,35.900580044277234,90.44455221379326,1.0110931710541573,0.0,16.194215315854873,1.0003363940754324
2374.0,25.5,68.68673040512921,0.3712507474092227,670.1666666666667,100.0,176.0,394.1666666666667,717.9295442321189,81.0,19.0,22.5,153.5,143.83333333333334,64.5,41.5,144.33333333333334,3.707548428531202,0.0,42.22130954176314,1.834019595157736
2417.0,662.3333333333334,1865.2338033150968,0.3550940006320722,675.6666666666667,325.83333333333337,30.5,319.3333333333333,792.923261484483,49.16666666666666,276.6666666666667,26.666666666666668,3.8333333333333335,12.0,118.5,76.0,112.83333333333331,1.0110931710541573,0.0,68.39608419102979,47.84941745573218
2416.0,31.166666666666668,82.21248032096418,0.3790989706792628,0.0,0.0,0.0,0.0,3.5937683081551324,0.0,0.0,0.0,0.0,0.0,0.0,0.0,0.0,0.0,0.0,1.5930955200042671,2.000672788150865
2403.0,0.0,0.0,0.0,299.16666666666663,32.833333333333336,54.5,211.8333333333333,329.2298818864741,27.0,5.833333333333333,14.166666666666666,40.333333333333336,67.0,56.0,40.66666666666666,48.16666666666666,8.088745368433258,0.0,21.97446985137418,0.0
2476.0,218.60535731636443,614.0528009181952,0.35600416933117657,916.8625309940586,160.89444120921942,56.700413685035464,699.2676760998037,992.445766298039,116.09550049569638,44.798940713523066,56.25130149743122,0.44911218760424126,4.378843829141353,143.7159000333572,141.35806104843493,409.8148711888702,2.043424196657288,0.0,58.04022842054741,15.49958268677578
2475.0,760.8946666552995,2330.601242411686,0.3264799884290511,1064.8042362131202,184.43890976733613,66.63292586590245,813.7324005798816,1215.8237305072387,132.4045122350027,52.03439753233345,66.08203800425835,0.5508878616441131,7.621156651030228,170.28411572611589,152.14195445248342,483.6851737502522,3.0120418826895627,0.0,93.3166800560739,54.69077235535483
2470.0,2002.8333333333333,5894.9039629968565,0.33975673665006256,0.0,0.0,0.0,0.0,246.4295094271836,0.0,0.0,0.0,0.0,0.0,0.0,0.0,0.0,0.0,0.0,102.38106868032128,144.04844074686227
2474.0,281.6666666666667,859.0403300000527,0.3278852654876511,1325.1666666666663,236.66666666666663,89.0,999.5,1473.3854855691682,173.66666666666666,63.0,75.5,13.5,17.5,213.66666666666663,185.16666666666663,583.1666666666666,4.044372684216629,0.0,123.83442541626025,20.340020802024856
2483.0,196.0,680.390253011422,0.2880699703332018,410.0,0.5,0.8333333333333334,408.6666666666667,454.9823608716091,0.3333333333333333,0.1666666666666666,0.8333333333333334,0.0,0.0,408.5,0.0,0.1666666666666666,0.0,0.0,30.97765135455309,14.004709517056057
2482.0,723.1666666666666,2345.3728495905725,0.3083376132681456,171.83333333333331,30.33333333333333,10.833333333333334,130.66666666666666,301.1070078417869,23.0,7.333333333333333,8.833333333333334,2.0,4.166666666666667,26.666666666666668,28.0,71.83333333333333,0.0,0.0,77.25618201653111,52.017492491922496
2480.0,743.5,2586.554510472089,0.2874480305711009,1031.1666666666663,436.0,76.16666666666667,519.0,1175.069189323955,280.1666666666667,155.83333333333334,28.166666666666668,48.0,21.166666666666668,73.0,113.0,311.8333333333333,0.0,0.0,90.71799571392596,53.18452694336219
2479.0,509.6666666666667,1670.419904675091,0.3051129031929254,114.33333333333331,22.5,13.5,78.33333333333333,184.5768379919209,15.5,7.0,3.5,10.0,7.666666666666667,11.666666666666666,11.0,48.0,0.0,0.0,33.2310580777966,37.012446580791
2579.0,1176.9977296388463,3272.752811269403,0.359635388773014,207.3287771320298,33.55417467741666,8.538636896042414,165.23596555857074,376.0679935726376,25.015537781374256,8.53863689604241,4.93639945552452,3.6022374405178925,0.06670810075033132,51.2985294770048,58.63642055954125,55.23430742127435,0.0,0.0,84.12491025531914,84.6143061852887
2581.0,528.543341354762,1517.4987343122968,0.34829903274633595,13.433273528025298,0.8395795955015811,10.354815011186169,2.2388789213375495,90.85400318967427,0.8395795955015811,0.0,0.3918038112340712,9.963011199952096,0.6716636764012649,0.0,0.11194394606687748,1.4552712988694072,0.0,0.0,39.45896612697702,37.96176353467196
2568.0,593.991678900005,1742.1445378969813,0.3409543042950032,408.71800248850445,100.97549436193793,25.96766962419199,281.7748385023745,503.58739414493743,79.15274979206892,21.822744569869016,24.679181285601967,1.288488338590027,0.7200549799143949,67.63384958295285,65.8014053824295,147.6195285570778,1.035351839338986,0.0,51.27305181884389,42.56098799825012
2565.0,515.8333333333334,1669.580729960039,0.308959802947462,465.0,111.33333333333331,34.0,319.66666666666663,594.1766427642705,91.5,19.83333333333333,20.5,13.5,7.0,54.333333333333336,85.16666666666667,173.16666666666666,2.0221863421083146,0.0,90.14200984137116,37.012446580791
2738.0,291.0,860.1935426604495,0.3382959596511044,1132.3333333333337,193.5,37.0,901.8333333333334,1226.099767113846,124.16666666666669,69.33333333333333,34.666666666666664,2.333333333333333,42.66666666666666,151.83333333333334,128.83333333333334,578.5,0.0,0.0,72.75936950492843,21.007064275584085
2739.0,319.0,1040.4715765504047,0.3065917485777146,169.83333333333331,6.666666666666666,1.0,162.16666666666666,218.8404281738684,5.333333333333333,1.3333333333333333,1.0,0.0,9.666666666666666,106.83333333333331,5.0,40.66666666666666,1.0110931710541573,0.0,24.98826460574598,23.00773706373495
3112.0,229.5,617.3579926576055,0.3717454098424277,223.0,1.0,4.166666666666667,217.83333333333331,262.4697482433256,1.0,0.0,1.1666666666666667,3.0,2.0,156.33333333333334,7.0,52.5,0.0,0.0,23.13096982339013,16.338778419935437
3113.0,355.1666666666667,1126.7195548062791,0.31522188920181804,199.8333333333333,1.6666666666666667,4.833333333333334,193.3333333333333,253.7115382276276,1.5,0.1666666666666666,1.5,3.333333333333333,7.0,78.5,1.5,106.33333333333331,0.0,0.0,28.36960216580117,25.50860272849313
3124.0,122.0,381.5746125334956,0.3197277701206878,0.0,0.0,0.0,0.0,15.239452406836444,0.0,0.0,0.0,0.0,0.0,0.0,0.0,0.0,0.0,0.0,6.236424860157553,9.003027546678892
3128.0,960.583572045127,2911.887220095388,0.3298835083364458,139.95200164346136,30.04521688582637,11.482798407514101,98.42398635012087,265.2200095969703,22.620249494501458,7.424967391324908,11.396461577382416,0.08633683013168494,0.43168415065842486,32.462648129513546,13.382208670411169,52.14744539953773,0.0,0.0,56.26158336073167,69.00642459277726
3134.0,0.0,0.0,0.0,0.0,0.0,0.0,0.0,7.077652197379101,0.0,0.0,0.0,0.0,0.0,0.0,0.0,0.0,7.077652197379101,0.0,0.0,0.0
3136.0,358.8333333333333,1093.1250208565357,0.328263763510018,1595.8333333333333,342.66666666666663,130.16666666666669,1123.0,1804.4371323943108,288.3333333333333,54.333333333333336,69.16666666666667,61.0,42.0,242.33333333333331,171.83333333333334,666.8333333333334,0.8427287115182206,0.0,181.75265164564323,26.008418703815757
3131.0,62.66666666666666,177.06799827588756,0.35391300108914353,145.0,24.0,20.83333333333333,100.16666666666669,178.4756410178372,18.666666666666668,5.333333333333333,20.83333333333333,0.0,0.0,55.833333333333336,10.5,33.833333333333336,18.03078776839047,0.0,10.609766197280427,4.835087052166305
3132.0,0.0,0.0,0.0,556.6989051873861,105.91473336592342,248.75828347612682,202.02588834533603,589.8991490577689,99.84012344544742,6.074609920476017,198.8382217534031,49.92006172272371,21.170917742649085,24.53901829261599,27.546250926515008,128.76970138355597,4.743324112654146,0.0,28.456919757728464,0.0
3143.0,27.83333333333333,83.37349526228735,0.33383910852929405,0.0,0.0,0.0,0.0,11.509501920387528,0.0,0.0,0.0,0.0,0.0,0.0,0.0,0.0,7.920142364749495,0.0,1.4219483426933348,2.1674112129446974
3144.0,36.333333333333336,99.76108703484816,0.3642034626250766,161.66666666666669,25.166666666666668,13.0,123.5,178.49848063336836,21.0,4.166666666666667,13.0,0.0,0.0,76.83333333333333,11.333333333333334,35.333333333333336,4.044086377316034,0.0,10.12013697544431,2.667590613941362
3145.0,0.0,0.0,0.0,85.12136396841115,18.660670009938368,35.16818578796076,31.292508170512022,97.6048141616553,18.230039163555173,0.43063084638319304,34.163380479733306,1.0048053082274504,0.14354361546106428,5.167570156598316,4.593395694754059,21.387998703698585,8.127888137614036,0.0,4.355562055630126,0.0
3151.0,16.927573918397844,40.290568981782165,0.42013737572313353,6.0807789803953405,0.6573815113940908,3.2869075569704544,2.1364899120307954,14.390967045250862,0.4930361335455682,0.16434537784852266,3.2869075569704544,0.0,0.0,0.6573815113940908,0.16434537784852266,1.3147630227881817,6.148320358611257,0.0,1.1754637302845306,0.9864039759597341
3366.0,329.5,1021.2384715804868,0.32264746106759956,0.0,0.0,0.0,0.0,60.85151307017864,0.0,0.0,0.0,0.0,0.0,0.0,0.0,0.0,0.0,0.0,36.84343961236826,24.008073457810383
3371.0,356.6666666666667,969.6133961273288,0.3678442027422541,0.0,0.0,0.0,0.0,44.24090923534587,0.0,0.0,0.0,0.0,0.0,0.0,0.0,0.0,0.0,0.0,18.232162989384623,26.008746245961248
3364.0,36.0,100.08117215185504,0.3597080172619933,143.0,1.1666666666666667,2.333333333333333,139.5,174.36194377625694,0.1666666666666666,1.0,2.0,0.3333333333333333,120.5,15.333333333333334,3.1666666666666665,0.5,19.21077025002899,0.0,9.150164344001654,3.001009182226297
3387.0,167.99999998461308,513.7147164604975,0.3270297591280541,0.0,0.0,0.0,0.0,29.69173900752948,0.0,0.0,0.0,0.0,0.0,0.0,0.0,0.0,9.099838538653973,0.0,8.58786374106975,12.004036727805756
3260.0,497.3333333333333,1513.0512305250793,0.3286956338951868,37.5,6.166666666666667,20.83333333333333,10.5,101.86373504346,6.166666666666667,0.0,20.33333333333333,0.5,0.0,0.6666666666666666,1.5,8.333333333333334,1.0110931710541573,0.0,27.34053168569027,36.01211018671557
3261.0,358.1666660056853,1066.6938793079246,0.3357726831976061,1271.3333309871418,305.16666610349444,74.4999998625134,891.6666650211337,1380.638285610941,189.16666631756755,115.9999997859269,71.33333320169068,3.166666660822717,59.99999988927254,221.9999995903084,75.83333319338612,533.8333323481666,0.0,0.0,83.29620842583623,26.00874619796321
3273.0,1270.3333333333333,3485.1301394553425,0.36450097485652616,312.16666666666663,87.5,18.83333333333333,205.8333333333333,486.1058983846368,76.33333333333333,11.166666666666666,18.83333333333333,0.0,0.0,53.0,23.166666666666668,129.66666666666666,2.0221863421083146,0.0,80.8864335149974,91.03061186086435
3506.0,125.00000000617453,344.03910159646983,0.36333079416301195,133.0000000065697,2.1666666667736916,1.6666666667489938,129.16666667304702,155.19675753626896,0.0,2.1666666667736916,1.6666666667489938,0.0,124.33333333947492,3.666666666847786,1.1666666667242958,0.0,0.0,0.0,13.193729982575709,9.003027547123608
2222.0,5.999999999847086,21.20977846528423,0.282888386112461,150.4999999961644,1.9999999999490288,2.333333333273867,146.1666666629415,180.73166534350895,0.0,1.9999999999490288,2.333333333273867,0.0,138.1666666631454,7.6666666664712775,0.3333333333248381,0.0,22.244049762624556,0.0,7.987615584719954,0.0
2266.0,1.0,2.4795692980700106,0.4032958468950058,621.5,7.666666666666666,37.5,576.3333333333334,655.9609123414165,2.333333333333333,5.333333333333333,7.833333333333333,29.666666666666668,509.1666666666667,33.0,26.5,7.666666666666667,0.0,0.0,34.460912341416424,0.0
2381.0,47.51931244353922,124.81601020765423,0.38071488076315024,2536.5028155508944,574.5082510433122,270.278433061353,1691.7161314462294,2673.2358398968804,477.79326490332846,96.71498613998375,114.61263207000349,155.66580099134944,193.22495394433804,349.84666512431124,293.87740029280354,854.7671120847765,1.0512398733925008,0.0,132.3847468721458,3.297037600447231
3049.0,189.16666666666663,625.9235639416592,0.3022200753641836,0.0,0.0,0.0,0.0,26.374400724302006,0.0,0.0,0.0,0.0,0.0,0.0,0.0,0.0,3.0332795131624715,0.0,9.669906513326538,13.671214697813
3055.0,474.6666666666667,1595.0210940790046,0.2975927205155542,114.0,9.833333333333332,7.833333333333334,96.33333333333334,178.10379695901344,5.833333333333333,4.0,2.1666666666666665,5.666666666666667,0.0,83.0,5.666666666666667,7.666666666666667,0.0,0.0,30.09233712282964,34.01145983618379
3139.0,69.66666666666667,227.8296620070838,0.30578400570379005,0.0,0.0,0.0,0.0,15.641365270100676,0.0,0.0,0.0,0.0,0.0,0.0,0.0,0.0,7.077652197379101,0.0,3.5620355869687668,5.001677485752809
2555.0,331.0,992.2862634067968,0.3335730949893272,1469.1666666666667,257.0,37.0,1175.1666666666667,1585.1962677392885,109.0,148.0,27.166666666666668,9.833333333333334,286.3333333333333,112.5,301.1666666666667,475.1666666666667,0.0,0.0,92.02152761481156,24.008073457810383
2552.0,142.0,405.2908329317166,0.3503656842490789,1987.3333333333333,372.5,332.0,1282.8333333333333,2106.1866775237663,134.16666666666666,238.33333333333331,33.666666666666664,298.3333333333333,152.66666666666666,165.83333333333334,375.3333333333333,589.0,0.0,0.0,108.84998024967878,10.003363940754324
2573.0,1783.1666666666667,5519.217616404853,0.3230832321897462,1019.6666666666669,253.0,47.0,719.6666666666667,1293.994247818291,205.66666666666663,47.333333333333336,45.833333333333336,1.1666666666666667,10.833333333333334,156.5,129.0,423.3333333333333,3.0332795131624715,0.0,143.2512431968066,128.04305844165538
2572.0,408.0,1303.6492093631052,0.3129676273875297,190.83333333333331,47.16666666666666,10.0,133.66666666666669,257.518438079458,40.66666666666666,6.5,10.0,0.0,0.0,21.83333333333333,37.66666666666666,74.16666666666667,7.077652197379101,0.0,30.59769712055804,29.009755428187542
3146.0,0.5741245798673129,1.037880622343751,0.553170150311526,107.07423414525385,15.979800806306873,33.39491306228203,57.69952027666495,124.56457425234115,15.40567622643956,0.5741245798673129,32.725101052436834,0.6698120098451984,10.716992157523174,9.090305847899122,5.932620658628901,31.959601612613746,2.321973768152709,0.0,15.168366338934577,0.0
3365.0,176.0,559.0139016590223,0.31484011305921594,30.0,3.0,5.0,22.0,58.59019570933712,3.0,0.0,0.0,5.0,2.0,3.0,1.0,16.0,5.0554658552707865,0.0,10.530356731085703,13.004373122980622
2296.0,0.0,0.0,0.0,2571.833333333333,60.66666666666667,137.33333333333334,2373.833333333333,2733.368164556304,11.833333333333334,48.833333333333336,46.16666666666666,91.16666666666669,2163.6666666666665,93.5,96.66666666666669,20.0,4.044372684216629,0.0,157.49045853875424,0.0
2297.0,535.8589143297617,1404.3175309258718,0.3815795947348659,10.573001000228484,0.48059095455584006,1.7621668333714136,8.330243212301228,78.26154723706412,0.1601969848519466,0.32039396970389333,0.8009849242597334,0.9611819091116801,4.4855155758545076,2.5631517576311467,0.1601969848519466,1.1213788939636269,1.2957314940496483,0.0,27.93260494233327,38.46020980045272
2268.0,228.0,593.6677493672395,0.38405320188441044,340.16666666666663,2.6666666666666665,28.666666666666668,308.8333333333333,393.9055739193345,0.8333333333333334,1.8333333333333333,4.166666666666667,24.5,277.8333333333333,15.666666666666666,13.333333333333334,2.0,2.0221863421083146,0.0,35.71133860535266,16.005382305206922
2325.0,422.0,1096.4396600944085,0.3848821010028622,0.0,0.0,0.0,0.0,51.74855017181675,0.0,0.0,0.0,0.0,0.0,0.0,0.0,0.0,0.0,0.0,21.57176029218952,30.176789879627236
2342.0,23.999999938486667,66.41611704496431,0.3613580709971113,130.99999966423974,4.666666654705741,49.49999987312875,76.83333313640523,154.27087722957833,4.166666655987269,0.4999999987184722,1.1666666636764353,48.33333320945232,55.166666525271424,7.1666666482981025,7.666666647016575,6.83333331581912,0.0,0.0,21.270204782315574,2.0006727830230293
2349.0,116.33333333333331,328.9046881012721,0.35369922516128277,0.0,0.0,0.0,0.0,13.949501448945018,0.0,0.0,0.0,0.0,0.0,0.0,0.0,0.0,0.0,0.0,5.946810296341558,8.002691152603461
2351.0,535.3855014427987,1373.5960349290754,0.3897692537169001,237.55342747003917,17.121578438572417,36.31682206691281,184.11502696455392,319.07024068359584,7.217331623791506,9.904246814780912,3.1292111234446356,33.18761094346818,137.17897774277924,13.055401503404905,11.53530454213081,22.34534317623899,3.602525860455659,0.0,39.509456938945995,38.40483041415502
2463.0,1364.5,3980.972913682948,0.3427554091890692,45.16666666666666,12.666666666666666,2.833333333333333,29.666666666666664,215.26021186614463,10.166666666666666,2.5,2.1666666666666665,0.6666666666666666,1.6666666666666667,4.666666666666667,5.5,17.833333333333332,0.0,0.0,72.06056063723456,98.0329845622434
2484.0,5.666666666666667,16.97793089101295,0.3337666234503431,362.83333333333337,21.833333333333336,13.5,327.50000000000006,390.6967699037679,14.833333333333334,7.0,13.5,0.0,0.0,225.33333333333331,53.0,49.16666666666666,2.0221863421083146,0.0,25.84125022832613,0.0
2560.0,467.5,1408.3130295252306,0.33195744852094655,471.83333333333337,107.66666666666666,21.333333333333336,342.83333333333337,557.7282533654882,84.83333333333333,22.83333333333333,21.166666666666668,0.1666666666666666,0.3333333333333333,42.0,89.0,211.5,4.044229476682356,0.0,48.00614415171426,33.844546403758315
2785.0,352.6666666666667,1348.5222679999306,0.26152083286672495,0.0,0.0,0.0,0.0,43.03621828761519,0.0,0.0,0.0,0.0,0.0,0.0,0.0,0.0,0.0,0.0,18.02780843572938,25.00840985188581
2781.0,394.0,1197.2098756658886,0.3290985214942844,13.0,2.0,1.3333333333333337,9.666666666666666,61.81454131349018,1.1666666666666667,0.8333333333333334,0.1666666666666666,1.1666666666666667,3.1666666666666665,3.1666666666666665,1.8333333333333333,1.5,0.0,0.0,20.805122279378065,28.00941903411211
2871.0,702.1666666666666,2118.439302432563,0.3314547015155837,0.0,0.0,0.0,0.0,86.24382227236553,0.0,0.0,0.0,0.0,0.0,0.0,0.0,0.0,0.0,0.0,35.893606453865395,50.35021581850014
2872.0,461.1666666666667,1403.4094873703627,0.3286044955637127,0.0,0.0,0.0,0.0,56.58503824472098,0.0,0.0,0.0,0.0,0.0,0.0,0.0,0.0,0.0,0.0,23.57393724023171,33.01110100448927
3137.0,0.0,0.0,0.0,902.5,297.0,176.83333333333334,428.6666666666666,953.6690096233574,248.33333333333331,48.66666666666666,139.33333333333334,37.5,42.66666666666666,80.16666666666667,76.16666666666667,229.66666666666663,5.0554658552707865,0.0,46.11354376808671,0.0
3379.0,170.0,550.7429235606695,0.30867396152984417,0.0,0.0,0.0,0.0,20.69413694387883,0.0,0.0,0.0,0.0,0.0,0.0,0.0,0.0,0.0,0.0,8.690100214973638,12.004036728905191
2736.0,350.0,796.0133005166632,0.43969114557863265,1462.0,182.0,149.16666666666669,1130.8333333333333,1579.6415275440877,146.83333333333334,35.166666666666664,47.5,101.66666666666669,74.33333333333333,176.5,353.0,527.0,0.0,0.0,92.63311769220196,25.00840985188581
2792.0,1055.6666666666667,3080.3366920417525,0.34271145404138753,288.5,47.833333333333336,20.5,220.16666666666669,438.5592663280841,38.333333333333336,9.5,20.5,0.0,0.0,74.0,50.833333333333336,95.33333333333331,0.0,0.0,74.03370037835124,76.02556594973287
2796.0,2366.2104345656953,6087.835908271322,0.38867841877124365,276.360095995347,37.03006819858604,9.503291838575176,229.82673595818588,589.2197434209016,24.686712132390685,12.343356066195343,9.394058599051325,0.10923323952385257,0.21846647904770522,54.6166197619263,76.57250090622067,98.41914881099119,0.0,0.0,142.8355832052354,170.0240642203192
2797.0,2903.7399108783607,7937.799329462396,0.36581170553161646,556.8334102145003,61.64689912614932,6.5367837572589,488.6497273310921,942.1558938609633,40.52805929500518,21.118839831144136,6.5367837572589,0.0,0.0,138.98207926971997,187.45484497739366,162.2128030839785,0.0,0.0,176.87986513107063,208.4426185153923
2793.0,0.0,0.0,0.0,3678.666676427871,928.6666691308491,185.8333338264351,2564.1666734705873,3875.0706284615026,766.8333353680969,161.83333376275203,185.8333338264351,0.0,1.0000000026534626,506.33333467686987,655.1666684051269,1401.6666703859369,0.0,0.0,196.40395203363124,0.0
2794.0,0.0,0.0,0.0,1005.1666666666664,247.5,44.833333333333336,712.8333333333333,1056.554239508121,209.33333333333331,38.16666666666666,44.833333333333336,0.0,0.0,149.5,178.16666666666666,385.1666666666667,0.0,0.0,51.38757284145462,0.0
2795.0,0.0,0.0,0.0,3169.5,641.1666666666666,207.16666666666669,2321.166666666667,3332.533715252612,541.0,100.16666666666669,149.83333333333334,57.333333333333336,143.83333333333334,232.0,317.3333333333333,1628.0,1.0110931710541573,0.0,162.0226220815575,0.0
2798.0,1202.0,3695.2733246273706,0.3252804040202382,4324.666666666667,627.8333333333334,260.8333333333333,3436.0,4693.372402375147,396.6666666666667,231.16666666666663,259.8333333333333,1.0,1.5,1014.8333333333334,788.8333333333334,1630.8333333333333,0.0,0.0,282.5101077606287,86.19562794785145
3058.0,490.5,1169.2888307719263,0.41948574816727524,284.0,34.666666666666664,101.66666666666669,147.66666666666666,358.6028068269884,22.83333333333333,11.833333333333334,9.166666666666666,92.5,18.83333333333333,25.33333333333333,13.166666666666666,90.33333333333331,0.0,0.0,39.59103303434826,35.011773792640135
3057.0,319.1666666666667,767.4662169952303,0.41587063977390715,170.0,70.5,36.833333333333336,62.66666666666667,218.01284274431617,18.5,52.0,3.0,33.833333333333336,3.5,6.5,19.166666666666668,33.5,0.0,0.0,25.005105680581234,23.00773706373495
3064.0,419.1666666666667,995.5282521607382,0.4210494938309274,806.1666666666666,316.33333333333337,83.66666666666666,406.1666666666666,898.8136455004754,146.83333333333334,169.5,2.333333333333333,81.33333333333333,35.833333333333336,107.83333333333331,57.833333333333336,204.66666666666663,0.0,0.0,62.63688701154576,30.01009182226298
3065.0,395.8333333333333,1004.9816059344812,0.39387122211581976,1038.3333333333333,124.83333333333331,218.3333333333333,695.1666666666666,1144.654922724601,112.0,12.833333333333334,21.166666666666668,197.16666666666663,121.33333333333331,111.83333333333331,138.0,324.0,0.0,0.0,78.31217035715547,28.00941903411211
3059.0,699.8333333333334,1837.0004873365176,0.38096524097716905,68.0,1.8333333333333333,4.5,61.66666666666667,157.26712649803395,0.5,1.3333333333333333,1.1666666666666667,3.333333333333333,2.833333333333333,53.833333333333336,2.0,3.0,0.0,0.0,39.250306794262336,50.01681970377162
3066.0,271.1666666666667,650.5117334660918,0.4168513075418668,575.0,139.66666666666669,37.0,398.33333333333337,637.4278642876478,136.33333333333334,3.333333333333333,5.666666666666667,31.33333333333333,12.833333333333334,215.5,50.833333333333336,119.16666666666669,0.0,0.0,43.25477474285035,19.17308954479748
3060.0,366.0000076760983,1083.3019315397428,0.33785595411603025,0.0,0.0,0.0,0.0,44.717830183431666,0.0,0.0,0.0,0.0,0.0,0.0,0.0,0.0,0.0,0.0,18.70908339199039,26.00874679144128
3067.0,490.8333333333333,1371.0051378070195,0.3580098424127293,30.83333333333333,0.0,0.3333333333333333,30.5,92.51168020094204,0.0,0.0,0.0,0.3333333333333333,5.333333333333333,18.83333333333333,0.1666666666666666,6.166666666666667,0.0,0.0,26.666573074968564,35.011773792640135
3068.0,345.33333438649834,1033.8089164164141,0.33403981035833846,85.00000025922498,0.0,0.16666666717495088,84.83333359205002,132.00657914663415,0.0,0.0,0.16666666717495088,0.0,0.0,84.83333359205002,0.0,0.0,0.0,0.0,21.99816895925507,25.008409928154094
3381.0,251.16666666666663,733.5490058346913,0.34239930075410424,0.0,0.0,0.0,0.0,31.85632922707108,0.0,0.0,0.0,0.0,0.0,0.0,0.0,0.0,1.0110931710541573,0.0,12.83918096265914,18.006055093357784
3408.0,889.6666666666666,2935.543671345382,0.3030670861247742,167.66666666666669,33.0,16.666666666666668,118.0,285.7373265310623,27.0,6.0,16.666666666666668,0.0,0.0,66.0,8.333333333333334,43.66666666666666,0.0,0.0,54.04913064356796,64.02152922082769
3403.0,283.3333333333333,856.5651292620978,0.3307785055147126,90.0,12.0,11.666666666666666,66.33333333333333,130.10212080437935,9.5,2.5,11.666666666666666,0.0,0.0,33.666666666666664,4.333333333333333,28.33333333333333,1.0110931710541573,0.0,19.084299751816555,20.00672788150865
3405.0,63.833333333333336,195.7675004599832,0.3260670600755895,1125.8333333333333,213.16666666666669,68.0,844.6666666666666,1207.5644147044263,182.33333333333331,30.83333333333333,66.66666666666667,1.3333333333333333,33.666666666666664,163.66666666666666,101.33333333333331,546.0,7.414715105380304,0.0,69.31468429533548,5.001681970377162
3404.0,933.6666666666666,2708.1343170836167,0.3447637957899112,0.0,0.0,0.0,0.0,115.76104166415234,0.0,0.0,0.0,0.0,0.0,0.0,0.0,0.0,1.0110931710541573,0.0,47.72741009004421,67.02253840305399
3395.0,65.0,207.85494626192823,0.3127180813782045,0.0,0.0,0.0,0.0,8.324367346690613,0.0,0.0,0.0,0.0,0.0,0.0,0.0,0.0,0.0,0.0,3.32268537631345,5.001681970377162
2245.0,310.3333333333333,804.0017592345981,0.38598588842488063,333.33333333333337,8.0,14.666666666666668,310.6666666666667,388.563184013703,2.0,6.0,4.333333333333333,10.333333333333334,288.0,11.0,9.166666666666666,2.5,0.0,0.0,32.88901800738274,22.34083267298688
2267.0,404.0,1051.1431603126575,0.3843434607706833,602.4999999999999,5.166666666666666,24.0,573.3333333333333,718.6567125194916,0.3333333333333333,4.833333333333333,7.0,17.0,525.6666666666666,25.666666666666668,21.166666666666668,0.8333333333333334,3.0332795131624715,0.0,84.11367757814175,29.009755428187542
2241.0,47.51887495833477,130.66485519133315,0.3636699010514546,2.5273216099402918,0.04595130199891439,0.0,2.4813703079413774,10.145154995434796,0.04595130199891439,0.0,0.0,0.0,2.159711193948977,0.27570781199348643,0.0,0.04595130199891439,1.6725977154773854,0.0,2.5593682945771388,3.385867375439978
2223.0,9.0,30.407961873993877,0.2959751145865901,220.0,1.0,2.1666666666666665,216.83333333333331,244.8395306186604,0.0,1.0,2.1666666666666665,0.0,190.0,25.83333333333333,1.0,0.0,12.133118052649886,0.0,11.70607617193508,1.0003363940754324
2229.0,29.0,100.49024763683802,0.288585217789523,41.0,1.0,2.0,38.0,51.63441520252845,0.0,1.0,2.0,0.0,28.0,10.0,0.0,0.0,5.0554658552707865,0.0,3.578276559106792,2.000672788150865
2230.0,4.0,14.499996378693616,0.27586213786078073,0.0,0.0,0.0,0.0,3.237752459397145,0.0,0.0,0.0,0.0,0.0,0.0,0.0,0.0,3.0332795131624715,0.0,0.2044729462346738,0.0
2224.0,0.0,0.0,0.0,146.99999998565514,3.1666666663576506,13.16666666538181,130.66666665391568,154.51438075904613,1.6666666665040266,1.499999999853624,3.499999999658456,9.666666665723353,102.99999998994885,16.16666666508906,5.3333333328128845,6.1666666660648985,0.0,0.0,7.51438077339098,0.0
2221.0,0.9999999936892654,2.6153463403559205,0.3823585344162013,0.0,0.0,0.0,0.0,50.43712567732042,0.0,0.0,0.0,0.0,0.0,0.0,0.0,0.0,50.386007441084345,0.0,0.051118236236074775,0.0
2308.0,31.0,81.34609554828637,0.3810877435610742,170.0,10.333333333333332,45.0,114.66666666666669,182.2754383364432,7.333333333333333,3.0,8.0,37.0,65.16666666666667,32.0,4.833333333333333,12.666666666666666,0.0,0.0,10.27476554829236,2.000672788150865
2306.0,756.4955976831714,1985.4177968795293,0.3810258973562902,396.1645243407149,27.00747834725541,61.69408740546298,307.46295858799647,510.16489148076334,11.335826107489734,15.671652239765681,29.01246396874656,32.68162343671643,171.40313152668213,94.70655136004602,15.83582609155574,25.517449609712585,1.1001054226786187,0.0,58.92195285560749,53.97830886176248
2310.0,426.6666666666667,1166.3345761845133,0.36581841555485906,182.0,14.166666666666666,33.0,134.83333333333331,255.95458898487695,1.6666666666666667,12.5,3.0,30.0,112.83333333333331,7.5,9.5,5.0,0.0,0.0,43.11091266604624,30.84367631883074
2275.0,0.0,0.0,0.0,1623.4999999999998,21.666666666666668,24.33333333333333,1577.4999999999998,1714.6042836002623,0.0,21.666666666666668,24.33333333333333,0.0,1454.8333333333333,61.333333333333336,61.333333333333336,0.0,8.088745368433258,0.0,83.01553823182915,0.0
2292.0,384.0,993.5039587816732,0.38651079002331956,0.0,0.0,0.0,0.0,47.6388218726408,0.0,0.0,0.0,0.0,0.0,0.0,0.0,0.0,0.0,0.0,19.62940283852869,28.00941903411211
2271.0,615.1666665306609,1727.3434626673463,0.35613453828153363,1231.4999997277307,17.499999996130967,22.333333328395707,1191.666666403204,1371.8971554821237,0.8333333331490937,16.666666662981875,19.499999995688793,2.833333332706918,1109.1666664214438,43.83333332364233,38.16666665822848,0.4999999998894562,1.0110931708306172,0.0,95.37126125397438,44.01480132958792
2281.0,54.49999974156733,141.33877270175935,0.385598365542401,711.1666632943969,9.999999952581161,15.666666592377151,685.4999967494387,754.2921908503306,0.6666666635054107,9.333333289075751,13.499999935984567,2.166666656392585,620.4999970576611,38.49999981743747,24.999999881452904,1.4999999928871741,0.0,0.0,39.1241819986059,4.001345557327815
2386.0,116.99999894893116,326.48847672499187,0.358358739403482,266.3333309407294,3.166666638218935,5.9999999460990345,257.1666643564114,298.1162730974294,0.0,3.166666638218935,5.6666666157601995,0.3333333303388352,209.66666478312732,41.83333295752382,5.499999950590781,0.16666666516941755,0.0,0.0,23.613535077271177,8.169407079428911
2328.0,7.676275986401366,20.725362733939942,0.3703807786114481,0.0551299310546694,0.0008336721281437812,0.0008336721281437812,0.053462586798381846,9.758574316851748,0.0,0.0008336721281437812,0.0008336721281437812,0.0,0.048433661380224195,0.003227117915395282,0.0018018075027623657,0.0,8.305495888628544,0.0,0.39521784818366346,1.0027306489848713
2398.0,44.66666666666666,125.41543606641072,0.35614967397645136,169.83333333333334,8.333333333333334,34.666666666666664,126.83333333333334,189.35675750810125,5.5,2.833333333333333,9.333333333333334,25.33333333333333,81.0,32.833333333333336,6.666666666666667,6.333333333333333,5.0554658552707865,0.0,10.966765239332611,3.501193080164516
2316.0,588.6666666666666,1894.1037217933424,0.31078903435621547,0.0,0.0,0.0,0.0,72.10594161799008,0.0,0.0,0.0,0.0,0.0,0.0,0.0,0.0,0.0,0.0,30.091813066821917,42.01412855116817
2315.0,266.0,908.8420724963312,0.2926801124747378,615.5,18.833333333333336,101.0,495.6666666666666,679.5583634929395,9.5,9.333333333333334,9.666666666666666,91.33333333333331,293.3333333333333,160.66666666666666,16.833333333333332,24.83333333333333,0.0,0.0,45.05197200550632,19.00639148743322
2314.0,327.0,1140.5496480898544,0.2867038717232925,1085.8333333333337,124.5,90.0,871.3333333333335,1182.720605576358,27.33333333333333,97.16666666666669,15.833333333333334,74.16666666666667,759.8333333333334,47.333333333333336,32.833333333333336,31.33333333333333,0.0,0.0,73.54613906456143,23.341133178463465
2311.0,327.9574724991467,990.5751822743865,0.33107782061140256,543.997905662254,33.434710565780875,30.923183011543816,479.64001208492925,611.7248175663582,22.917688932413178,10.517021633367692,9.261257856249163,21.66192515529465,410.79172558989933,42.00633575912136,19.935249961756675,6.9067007741519175,0.0,0.0,44.573678660582054,23.153233243522156
2317.0,553.8333333333334,1639.2006145088162,0.3378679390620462,39.0,0.0,0.0,39.0,109.31807934156868,0.0,0.0,0.0,0.0,0.0,39.0,0.0,0.0,0.0,0.0,30.304623578551386,40.0134557630173
2313.0,1205.3333333333333,3192.6246567754624,0.37753681153070934,0.0,0.0,0.0,0.0,148.4769495757497,0.0,0.0,0.0,0.0,0.0,0.0,0.0,0.0,0.0,0.0,61.61441275107563,86.86253682467405
2355.0,23.666666666666668,72.93980844849288,0.3244684510431516,90.0,9.0,22.666666666666668,58.33333333333333,97.81137374314892,7.666666666666667,1.3333333333333333,8.333333333333334,14.333333333333334,28.33333333333333,10.166666666666666,6.666666666666667,13.166666666666666,0.0,0.0,5.810700954998038,2.000672788150865
2354.0,294.3333333333333,758.787224783559,0.3878996953556917,80.0,9.333333333333334,19.166666666666668,51.5,121.93957210969631,6.666666666666667,2.6666666666666665,7.666666666666667,11.5,26.0,7.833333333333333,3.5,14.166666666666666,1.6849801995882316,0.0,19.08139051473338,21.173201395374683
2353.0,1364.5,3472.4609638808165,0.39294898177200444,452.83333333333337,55.66666666666666,103.83333333333331,293.33333333333337,644.7742602209275,45.0,10.666666666666666,17.833333333333332,86.0,152.33333333333334,26.0,25.0,90.0,1.0110931710541573,0.0,92.89686709714768,98.03296661939238
2360.0,40.45753940243722,119.6603405275281,0.33810316119842465,0.0,0.0,0.0,0.0,6.920254623132442,0.0,0.0,0.0,0.0,0.0,0.0,0.0,0.0,2.122340983033801,0.0,2.0642097503768375,2.7337038897218036
2365.0,28.042460737974153,104.98069024294678,0.2671201787021801,0.0,0.0,0.0,0.0,6.3012194094983105,0.0,0.0,0.0,0.0,0.0,0.0,0.0,0.0,2.933124884660688,0.0,1.4334811416909354,1.9346133831466865
2345.0,382.0796278978275,1063.6574681433412,0.3592130355317897,86.41201986341727,1.053805120285576,4.817394835591206,80.54081990754048,137.60426815467912,0.6021743544489007,0.45163076583667555,0.6021743544489007,4.215220481142305,70.60494305913362,3.6130461266934044,5.269025601427881,1.0538051202855763,0.0,0.0,23.934714843604887,27.25753344765698
2358.0,671.0,2554.2842005100188,0.2626959051252089,242.0,5.166666666666667,27.5,209.33333333333331,336.68709689368507,2.333333333333333,2.833333333333333,4.5,23.0,54.333333333333336,131.83333333333334,5.5,17.666666666666668,0.0,0.0,46.67094997806431,48.016146915620766
2364.0,373.792637247797,988.511863706243,0.3781367234646334,27.086422988970796,0.0,0.0,27.086422988970796,77.41287805400283,0.0,0.0,0.0,0.0,0.0,27.086422988970796,0.0,0.0,2.7386897312432708,0.0,20.492230632599803,27.095534701188946
2368.0,318.41949393260893,835.2542415220825,0.3812246356897914,529.7369218378606,97.17686651452003,64.00404503889357,368.5560102844469,606.1334507971944,78.06512342527954,19.1117430892405,24.154772744353096,39.849272294540455,101.30911821047384,69.6469432049715,50.16306772429638,147.4368811447052,4.422855807442359,0.0,49.10015098586668,22.87352216602489
2380.0,10.0,27.494374070669693,0.3637107713125846,1187.1666666666667,222.83333333333331,165.83333333333334,798.5,1261.2938598333656,186.83333333333331,36.0,48.66666666666666,117.16666666666669,229.0,148.83333333333334,99.66666666666669,321.0,3.0332795131624715,0.0,70.09357725946104,1.0003363940754324
2372.0,1120.5766165338832,3079.725316381783,0.36385602656615923,0.0,0.0,0.0,0.0,139.06315516547377,0.0,0.0,0.0,0.0,0.0,0.0,0.0,0.0,1.2879962462528032,0.0,57.28230212573278,80.49285679348822
2379.0,335.0,1311.305837138305,0.2554705321308405,0.0,0.0,0.0,0.0,41.13268270496432,0.0,0.0,0.0,0.0,0.0,0.0,0.0,0.0,0.0,0.0,17.124609247153938,24.008073457810383
2378.0,364.0,1084.7933359247734,0.3355477840299363,70.0,25.0,1.0,44.0,118.19406091242335,25.0,0.0,0.0,1.0,1.0,29.0,0.0,14.0,0.0,0.0,22.18531466646212,26.008746245961248
2377.0,170.5,658.1145214710783,0.25907345064941384,334.0,64.83333333333333,33.33333333333333,235.83333333333331,371.7849281936269,46.66666666666666,18.166666666666668,19.33333333333333,14.0,5.5,48.833333333333336,40.0,141.5,0.0,0.0,25.78089146472172,12.004036728905191
2371.0,1199.3333333333333,3428.931729011707,0.3497687991819561,49.0,0.0,0.0,49.0,199.0083856788404,0.0,0.0,0.0,0.0,0.0,49.0,0.0,0.0,0.0,0.0,63.81275773098892,86.19562794785145
2383.0,300.524049479967,1156.4513241950597,0.25986744378467014,0.0,0.0,0.0,0.0,42.203983012647974,0.0,0.0,0.0,0.0,0.0,0.0,0.0,0.0,5.014155349286077,0.0,15.362259452885938,21.827568210475963
2370.0,485.88643150003395,1878.9614407097606,0.2585930828450076,195.85234164173255,34.52484570742143,22.08574688636518,139.24174904794594,265.7512588127379,25.0051272219192,9.519718485502231,9.900507224922322,12.185239661442857,15.231549576803571,33.63633864877455,19.293296130617854,71.08056469174998,0.0,0.0,34.85456839737126,35.04434877363399
2384.0,476.0,1607.1543679794092,0.29617565647937716,109.0,24.0,2.1666666666666665,82.83333333333333,190.91560578538576,24.0,0.0,0.0,2.1666666666666665,54.66666666666666,0.0,26.166666666666668,2.0,0.0,0.0,47.90416838682105,34.01143739856471
2385.0,266.0,908.1718618854894,0.2928961038803245,227.16666666666669,55.16666666666667,18.5,153.5,273.3836427360663,46.333333333333336,8.833333333333334,7.166666666666667,11.333333333333334,4.833333333333333,50.0,15.666666666666666,83.0,0.0,0.0,27.21058458196644,19.00639148743322
2404.0,0.0,0.0,0.0,375.1987659796262,60.97185377943115,46.180838037790174,268.0460741624049,421.4308913963427,50.94683199898559,10.025021780445552,26.295139096250633,19.88569894153954,16.434461935156644,84.30878972735358,77.07762647588467,90.22519602400997,3.98802533582073,0.0,42.244100080895784,0.0
2435.0,1712.0,4602.92172078456,0.37193767434050395,844.9999999999999,227.16666666666663,50.0,567.8333333333333,1098.7607028758664,193.5,33.666666666666664,50.0,0.0,0.0,152.83333333333334,76.16666666666667,338.8333333333333,0.0,0.0,130.71932640458814,123.0413764712782
2429.0,2124.0,6262.697530831625,0.33915097919761,575.1666666666667,130.83333333333334,38.833333333333336,405.5,886.5180511243057,109.5,21.33333333333333,38.833333333333336,0.0,0.0,141.0,76.33333333333333,188.16666666666663,0.0,0.0,158.96685644344475,152.38452801419427
2434.0,1791.6666666666667,5253.224456974148,0.34106036803511436,0.0,0.0,0.0,0.0,220.4631261770723,0.0,0.0,0.0,0.0,0.0,0.0,0.0,0.0,0.0,0.0,91.58646080123007,128.8766653758422
2432.0,180.0,527.4706419404305,0.341251219855243,0.0,0.0,0.0,0.0,22.205655703540945,0.0,0.0,0.0,0.0,0.0,0.0,0.0,0.0,0.0,0.0,9.201282580560322,13.004373122980622
2438.0,635.8333342905422,1731.166023568433,0.3672861676085267,236.5000003560365,28.666666709822607,25.500000038388713,182.33333360782515,327.1071006743718,21.000000031614235,7.666666678208372,15.500000023334316,10.000000015054397,48.83333340684898,84.16666679337452,9.833333348136826,39.500000059464874,0.0,0.0,44.59162612159182,46.015474196743426
2437.0,1046.6666666666667,2770.6295241164607,0.3777721480104574,0.0,0.0,0.0,0.0,128.52925362375257,0.0,0.0,0.0,0.0,0.0,0.0,0.0,0.0,0.0,0.0,53.50402406809511,75.02522955565745
2436.0,850.1666666666666,2278.2376250227703,0.3731685656179827,85.66666666666666,17.833333333333332,10.5,57.33333333333333,194.6745748899781,14.666666666666666,3.1666666666666665,3.1666666666666665,7.333333333333333,19.33333333333333,6.666666666666667,5.333333333333333,26.0,0.0,0.0,47.82039402756602,61.187514195745415
2431.0,621.5,1693.7248493550833,0.3669427181378649,800.3333333333334,111.16666666666666,157.16666666666669,532.0,917.6822527877592,76.0,35.166666666666664,69.0,88.16666666666667,233.0,77.83333333333333,36.66666666666666,184.5,0.0,0.0,72.66714193339733,44.68177752102864
2440.0,895.3333333333334,2652.184100389192,0.3375834027516976,163.33333333333334,28.5,18.0,116.83333333333334,281.6359030564953,22.5,6.0,7.666666666666667,10.333333333333334,33.833333333333336,19.0,14.833333333333334,49.16666666666666,0.0,0.0,54.11426168402984,64.18830803913214
2442.0,699.8333333333334,2083.948287062637,0.33582087313680953,198.83333333333331,28.5,29.666666666666664,140.66666666666669,336.7881151584864,19.33333333333333,9.166666666666666,10.833333333333334,18.83333333333333,56.0,42.333333333333336,8.666666666666666,33.666666666666664,0.0,0.0,87.93796212138149,50.01681970377162
2445.0,1127.0,3106.11869895802,0.3628322383101663,456.0,86.83333333333333,60.5,308.6666666666667,617.9507453248059,69.83333333333333,17.0,18.5,42.0,44.333333333333336,113.5,25.33333333333333,125.5,0.0,0.0,80.92349740469591,81.02724792011004
2444.0,561.6400675662975,1718.9594454417715,0.32673258758699586,0.0,0.0,0.0,0.0,68.89377744929136,0.0,0.0,0.0,0.0,0.0,0.0,0.0,0.0,0.0,0.0,28.70998142583729,40.18379602345407
2448.0,634.193277040011,2058.6117715159107,0.30806842058082995,0.0,0.0,0.0,0.0,78.2640787509552,0.0,0.0,0.0,0.0,0.0,0.0,0.0,0.0,0.0,0.0,32.418944077482685,45.84513467347253
2450.0,354.0,1089.473115326112,0.3249277058975771,188.5,26.0,9.666666666666668,152.83333333333331,241.24559187860268,21.83333333333333,4.166666666666667,4.666666666666667,5.0,25.166666666666668,44.16666666666666,8.833333333333334,74.66666666666667,0.0,0.0,27.73718202671687,25.00840985188581
2453.0,426.3333333333333,1167.3704026643743,0.3652082769618638,266.83333333333337,56.16666666666666,20.0,190.66666666666669,332.7759216709919,46.66666666666666,9.5,12.5,7.5,10.666666666666666,73.5,23.666666666666668,82.83333333333333,0.0,0.0,35.43230363878831,30.510284698870294
2449.0,440.0,1593.3489180057848,0.2761479265638178,330.5,94.66666666666669,18.833333333333336,217.0,401.89743522481166,82.5,12.166666666666666,14.833333333333334,4.0,18.166666666666668,41.333333333333336,30.0,127.5,0.0,0.0,39.386670614397794,32.010764610413844
2452.0,877.8333333333334,2388.906072386963,0.36746247308761454,62.66666666666666,19.33333333333333,2.833333333333333,40.5,173.59955171364246,16.5,2.833333333333333,2.833333333333333,0.0,0.0,11.666666666666666,5.666666666666667,23.166666666666668,0.0,0.0,48.0783902775878,62.854494769388
2451.0,457.5,1201.5953390639852,0.38074382042492094,299.8333333333333,70.16666666666666,26.166666666666668,203.5,371.4149691962056,57.16666666666666,13.0,12.333333333333334,13.833333333333334,16.333333333333332,43.0,30.33333333333333,113.83333333333331,0.0,0.0,38.73725535553985,32.84438050733245
2461.0,151.84292052895978,438.59519824216983,0.34620287941483546,219.3031299016505,39.050439404657105,39.826275949120486,140.4264145478729,253.12275677564762,31.679992232254936,7.3704471724021685,19.913137974560243,19.913137974560243,7.499753263146065,35.17125668234017,23.145790243157684,74.60961435922898,3.9453811864208803,0.0,18.96958956022451,10.90465612735174
2456.0,289.00625023666083,788.9444567263732,0.36632014810758196,162.207880153164,36.43800206339191,12.92961363539713,112.84026445437496,208.96652500752452,29.23855810731851,7.199443956073402,7.640226239098304,5.289387396298826,2.644693698149413,26.1530821261442,17.778218748671055,66.2642698814103,2.674031737728836,0.0,23.066948821269563,21.01766429536211
2454.0,9.0,27.304111613280227,0.3296206859783917,0.0,0.0,0.0,0.0,1.4604005231034485,0.0,0.0,0.0,0.0,0.0,0.0,0.0,0.0,0.0,0.0,0.4600641290280161,1.0003363940754324
2460.0,212.6570779801088,563.7850323060154,0.3771953240941686,63.363531195211806,11.282892936883234,11.507056372715352,40.573581885613216,100.76412198934605,9.15334029647812,2.1295526404051137,5.753528186357676,5.753528186357676,2.1669132130437996,10.162075757722649,6.687542502324829,21.557050412521946,8.187736864800693,0.0,14.108763920149784,15.104090009183768
2468.0,1065.8333333333333,3254.13235544718,0.32753226264727864,147.16666666666666,33.83333333333333,5.833333333333333,107.5,287.0486712063905,28.83333333333333,5.0,5.833333333333333,0.0,0.0,56.333333333333336,10.166666666666666,41.0,1.0110931710541573,0.0,62.01176092236901,76.85915044630063
2467.0,1385.0,4996.910357096447,0.2771712720507521,49.0,0.0,0.0,49.0,221.6702503533269,0.0,0.0,0.0,0.0,0.0,48.833333333333336,0.0,0.1666666666666666,0.0,0.0,73.30355122513058,99.36669912819634
2466.0,459.0,1600.3565360245782,0.28681108844670017,40.833333333333336,4.833333333333333,8.0,28.000000000000004,99.3949482274767,2.1666666666666665,2.6666666666666665,2.333333333333333,5.666666666666667,7.0,13.833333333333334,2.6666666666666665,4.5,0.0,0.0,25.550513889654106,33.01110100448927
2473.0,737.0,2689.898209598768,0.27398806295719746,0.0,0.0,0.0,0.0,90.69196922973656,0.0,0.0,0.0,0.0,0.0,0.0,0.0,0.0,0.0,0.0,37.67414034373866,53.01782888599792
2472.0,494.0,1776.1780921618276,0.2781252635532404,189.0,61.833333333333336,12.666666666666668,114.5,259.25838650658017,59.0,2.833333333333333,3.8333333333333335,8.833333333333334,4.5,7.5,4.666666666666667,97.83333333333331,0.0,0.0,34.91321659921152,35.34516990736865
2471.0,606.0,1706.282726826562,0.3551580230358845,395.0,86.33333333333333,8.0,300.66666666666663,489.6836224926019,9.0,77.33333333333333,2.5,5.5,99.33333333333331,63.833333333333336,55.5,82.0,0.0,0.0,51.16900953512211,43.51461295747978
2458.0,513.0,1688.7824399178974,0.3037691462642993,59.0,0.0,0.0,59.0,125.08651825482846,0.0,0.0,0.0,0.0,0.0,58.833333333333336,0.0,0.1666666666666666,0.0,0.0,29.240715891258304,36.84580236357016
2459.0,426.0,1098.0653413050952,0.38795505510963646,0.0,0.0,0.0,0.0,52.78679699033118,0.0,0.0,0.0,0.0,0.0,0.0,0.0,0.0,0.0,0.0,21.77636877399277,31.01042821633841
2465.0,1030.9999995865394,3140.2008042458283,0.32832295252983074,41.99999998315679,0.0,0.0,41.99999998315679,170.87476092050753,0.0,0.0,0.0,0.0,0.0,41.83333331655697,0.0,0.16666666659982848,0.0,0.0,54.84986780545488,74.0248931318959
2477.0,558.0,1998.1326817075624,0.2792607343387952,79.0,15.833333333333334,2.1666666666666665,61.0,151.5757724508891,12.333333333333334,3.5,1.8333333333333333,0.3333333333333333,4.0,6.166666666666667,2.833333333333333,48.0,0.0,0.0,32.562316687871814,40.0134557630173
2478.0,160.16666666666666,542.7473879903994,0.2951035236847604,363.0,55.83333333333333,14.5,292.6666666666667,403.1006557123147,43.16666666666666,12.666666666666666,12.166666666666666,2.333333333333333,12.166666666666666,101.66666666666669,12.666666666666666,166.16666666666666,1.8535355484575209,0.0,26.743280792563496,11.50383937129366
2485.0,651.5,1873.509071249058,0.34774317882840494,30.0,4.666666666666667,3.8333333333333335,21.5,111.85286307715928,3.333333333333333,1.3333333333333333,3.5,0.3333333333333333,0.0,6.5,4.333333333333333,10.666666666666666,0.0,0.0,34.837052555613944,47.015810521545326
2486.0,1113.1666666666667,3392.493189669722,0.32812642632748795,0.0,0.0,0.0,0.0,136.93011320551273,0.0,0.0,0.0,0.0,0.0,0.0,0.0,0.0,0.0,0.0,56.90320167947814,80.0269115260346
2494.0,233.0,660.4164786380312,0.3528076714265414,21.833333333333336,3.1666666666666665,2.0,16.666666666666668,52.20431509551218,2.5,0.6666666666666666,2.0,0.0,0.0,4.0,6.666666666666667,6.0,0.3369674632196997,0.0,13.028295599676794,17.005718699282355
2493.0,262.19578423964833,846.4153340498772,0.3097720158082554,254.72546997593116,34.16750294388692,6.24567258114062,214.31229445090364,306.2680275470598,28.534151204034597,5.633351739852324,5.878280076367642,0.36739250477297763,11.021775143189329,42.862458890180726,29.75879288661119,130.66926753092238,0.7429361053448792,0.0,31.68878460716676,19.110836858616963
2492.0,367.6431248612112,1200.6512217965505,0.30620309894084136,45.16594350194994,14.736345973093838,1.913811165336862,28.51578636351924,93.17257364917924,11.578557550288016,3.1577884228058224,1.913811165336862,0.0,0.0,1.5310489322694896,4.30607512200794,22.678662309241815,0.58051241998779,0.0,21.102371037181314,26.32374669006019
2498.0,483.4079933781753,1466.952916229775,0.32953204430077093,139.06257343755726,35.79474219756944,6.622027306550347,96.64580393343749,206.53004950240347,28.725280613549476,7.069461584019964,6.622027306550347,0.0,0.0,13.065080902112843,21.208384752059892,62.37233827926476,0.9049065208959749,0.0,31.829934313219017,34.732635230731184
2491.0,329.0,1157.08849399437,0.2843343458236832,0.0,0.0,0.0,0.0,40.82597328561231,0.0,0.0,0.0,0.0,0.0,0.0,0.0,0.0,0.0,0.0,16.817899827801927,24.008073457810383
2490.0,387.6666666666667,1292.3552003781106,0.2999691312057592,0.0,0.0,0.0,0.0,47.82636574939488,0.0,0.0,0.0,0.0,0.0,0.0,0.0,0.0,0.0,0.0,19.81694671528277,28.00941903411211
2495.0,1345.8333317270367,4123.687022841248,0.3263665075143721,157.6666664784863,28.66666663245205,33.166666627081156,95.83333321895306,331.3889655989414,20.49999997553257,8.16666665691948,12.99999998448407,20.166666642597086,0.999999998806467,38.666666620516715,14.49999998269377,41.66666661693611,0.0,0.0,76.8563850109661,96.86591410948901
2496.0,295.1666666666667,853.5927457343454,0.3457933167095217,404.8333333333333,99.83333333333331,21.5,283.5,462.6310466560845,80.5,19.33333333333333,21.5,0.0,1.0,74.66666666666667,53.0,154.83333333333334,1.0110931710541573,0.0,35.77955587611293,21.007064275584085
2510.0,475.0,1373.85136567627,0.34574336923716936,1117.6666666666667,198.16666666666669,44.0,875.5,1236.9331286744195,151.33333333333334,46.833333333333336,43.333333333333336,0.6666666666666666,21.0,140.5,173.83333333333334,540.1666666666666,0.5056659116849672,0.0,84.74931832790027,34.011477768167765
2511.0,620.8333333333334,1694.342672401723,0.36641545033703543,1522.1666666666667,373.8333333333333,50.66666666666667,1097.6666666666667,1676.56154173106,123.33333333333331,250.5,22.5,28.166666666666668,82.33333333333333,351.8333333333333,211.33333333333331,452.1666666666667,0.0,0.0,109.54645333121412,44.84842173317919
2507.0,151.83333333333334,476.9454785746505,0.3183452619932295,1729.0,448.8333333333333,60.333333333333336,1219.8333333333333,1843.846179297682,204.66666666666663,244.16666666666663,56.833333333333336,3.5,41.16666666666666,162.5,172.66666666666666,843.5,2.0221863421083146,0.0,101.82029262074391,11.00370033482976
2487.0,948.5,3092.031557544331,0.3067562482296564,662.0,106.83333333333331,40.83333333333333,514.3333333333334,817.0303971779313,90.83333333333331,16.0,16.5,24.33333333333333,130.66666666666666,53.833333333333336,105.0,224.83333333333331,1.0110931710541573,0.0,85.99642920974763,68.02287479712942
2501.0,0.0,0.0,0.0,1281.3333333333333,221.0,81.0,979.3333333333331,1397.2362953530228,178.33333333333334,42.66666666666666,80.16666666666667,0.8333333333333334,0.6666666666666666,298.6666666666667,340.6666666666667,339.3333333333333,0.0,0.0,115.90296201968955,0.0
2418.0,428.00000008075864,1498.823619155213,0.2855572827988884,296.33333338924797,22.50000000424549,13.833333335943522,260.000000049059,364.3702489126158,8.83333333500008,13.666666669245407,7.8333333348113925,6.000000001132131,62.50000001179303,145.33333336075606,7.666666668113278,44.50000000839663,0.0,0.0,37.02648730117803,31.01042822218972
2503.0,1498.1512972478188,4476.5083648366635,0.334669607459224,93.60253161290925,15.834534679400745,11.492807428597315,66.27518950491118,282.65601359043694,13.791368914316777,2.043165765083967,11.492807428597315,0.0,0.0,38.94784739691312,8.04496520001812,19.282376907979938,0.0,0.0,81.36798860951973,107.68549336800797
2506.0,262.0393892527499,805.7388925759008,0.3252162600901951,401.09908149964906,93.84140252194352,18.676538099123782,288.5811408785818,455.0167322764438,78.8752486239011,14.966153898042432,18.645902047569848,0.030636051553933646,3.925646415307479,70.28671417675005,47.05439882432609,167.3143814621981,1.011093171222451,0.0,33.90016611497554,19.00639149059678
2514.0,912.091028034888,3040.178822558037,0.3000122957462895,90.97634210311179,12.593745469173461,3.4038277202707627,74.97876891366757,207.56662281754527,11.014691784711562,1.5790536844618988,2.0344552073626594,1.3693725129081034,14.99957857962697,7.696050238437587,10.808076857802362,41.47506323780065,0.0,0.0,51.27535290385016,65.31492781058331
2512.0,2.9606108456241547,10.269915271669936,0.2882799679751151,1523.2342800736276,639.4919426548174,38.32346261280156,845.4188748060086,1601.2491240848385,529.2914278454739,110.20051480934356,36.020765288427214,2.3026973243743423,69.57435487216763,96.7132876237224,91.7789362143488,587.3522960957698,0.0,0.0,78.01484401121087,0.0
2515.0,207.66666666666663,690.5685277808515,0.3007184056504941,411.5,45.833333333333336,6.333333333333333,359.3333333333333,458.15484297698345,12.5,33.333333333333336,6.0,0.3333333333333333,2.333333333333333,84.83333333333333,154.16666666666666,118.0,0.0,0.0,31.649797065851967,15.00504591113149
2519.0,1168.9089785433412,3873.5339696126925,0.3017680979986909,564.6903277987157,74.40625495700723,67.76283933584587,422.5212335058624,737.0568183120844,51.8186418450586,22.587613111948624,57.46554512304575,10.297294212800107,47.50042169130371,103.6372836901172,88.02525698038801,183.3582711440535,0.0,0.0,88.631295135475,83.73519537789363
2518.0,579.3147815470503,1804.6084031736248,0.32101966306277546,0.0,0.0,0.0,0.0,71.01766333838596,0.0,0.0,0.0,0.0,0.0,0.0,0.0,0.0,0.0,0.0,29.613628879485727,41.40403445890024
2522.0,392.8333333333333,1360.791310925735,0.28868007179300115,116.66666666666669,33.333333333333336,9.166666666666666,74.16666666666667,173.75340870205855,29.0,4.333333333333333,7.0,2.1666666666666665,2.0,13.333333333333334,15.333333333333334,43.5,3.0332795131624715,0.0,26.04404348811731,28.00941903411211
2521.0,1021.1666666666666,2903.726876053915,0.3516744894596988,0.0,0.0,0.0,0.0,131.2915552555037,0.0,0.0,0.0,0.0,0.0,0.0,0.0,0.0,6.066559026324943,0.0,52.200439461672175,73.02455676750658
2526.0,0.0,0.0,0.0,1016.1666666666666,226.5,202.83333333333331,586.8333333333333,1071.1453199384457,199.5,27.0,190.33333333333331,12.5,22.33333333333333,69.5,89.66666666666667,405.3333333333333,3.0332795131624715,0.0,51.9453737586162,0.0
2513.0,526.3583314786642,1469.6935584973453,0.35814155164211736,1168.0280125981485,473.0386561685288,69.86611479980049,625.1232416298193,1303.4771772471254,207.92532305954208,265.1133331089868,46.517120303762226,23.348994496038255,18.538749892649495,109.57217323435472,185.0749585100929,311.9373599927221,0.08199093408012414,0.0,97.56697287564388,37.80020083925303
2516.0,856.3083419436407,2098.619690964318,0.4080340738393463,470.80532643021854,103.62801223847512,34.30055224744331,332.87676194430014,601.3679664100704,68.90801119067137,34.72000104780374,25.31621329908165,8.984338948361653,1.46125015864634,50.09449400511657,73.09170904915051,208.22930873138665,0.929102243201339,0.0,67.90028706349942,61.73325067315103
2517.0,785.6666666666666,1994.491826080038,0.39391821836182256,236.0,56.0,9.166666666666666,170.83333333333331,347.6195298958073,46.66666666666666,9.333333333333334,9.0,0.1666666666666666,4.833333333333333,42.16666666666666,24.5,99.33333333333331,3.0332795131624715,0.0,52.2340161996921,56.35223418295274
2520.0,1799.1666666666667,4925.361337868351,0.3652862284100619,722.5,117.66666666666669,74.33333333333333,530.5,987.948488477954,99.16666666666669,18.5,72.33333333333333,2.0,15.666666666666666,99.16666666666669,104.16666666666669,311.5,0.0,0.0,136.2383955848588,129.21009289309507
2525.0,353.1666666666667,995.2982134173236,0.3548350252273442,431.1666666666666,99.66666666666666,14.666666666666666,316.8333333333333,498.46476466679246,86.83333333333333,12.833333333333334,14.666666666666666,0.0,9.833333333333334,61.5,57.333333333333336,188.16666666666663,2.0221863421083146,0.0,40.10075888439629,25.1751527736212
2523.0,1152.0,2618.48863242436,0.4399484442036346,378.0,70.5,26.333333333333336,281.16666666666663,563.2415672560878,55.16666666666666,15.333333333333334,22.666666666666668,3.6666666666666665,16.166666666666668,47.5,40.833333333333336,176.66666666666666,0.0,0.0,102.2136465478269,83.02792070826091
2527.0,577.8333333333334,1598.8308916300568,0.36140991292969993,475.1666666666667,85.66666666666667,24.5,365.0,571.3443351648036,62.333333333333336,23.33333333333333,24.5,0.0,0.1666666666666666,67.83333333333333,82.33333333333333,214.66666666666663,1.0110931710541573,0.0,53.81938705526159,41.34718827182125
2530.0,907.1666666666666,2180.588190251356,0.4160192514672372,0.0,0.0,0.0,0.0,112.40580373434972,0.0,0.0,0.0,0.0,0.0,0.0,0.0,0.0,1.0110931710541573,0.0,46.372844948392434,65.02186561490312
2535.0,463.6666666666667,1369.0330643955476,0.33868186147234053,611.1666666666667,58.0,19.83333333333333,533.3333333333334,699.1212160289242,43.0,15.0,14.0,5.833333333333333,2.1666666666666665,144.5,136.83333333333334,249.83333333333331,0.0,0.0,54.94344835776811,33.01110100448927
2536.0,0.0,0.0,0.0,2125.000059290955,334.8333426757277,82.16666895925025,1708.0000476559771,2233.626315008975,271.3333409039745,63.50000177175325,81.33333560266557,0.8333333565846883,80.83333558871476,607.6666836215546,127.66667022877427,891.8333582169334,0.0,0.0,108.62625571801955,0.0
2561.0,339.0,981.0432510044326,0.3455505143661279,0.0,0.0,0.0,0.0,44.37043516436147,0.0,0.0,0.0,0.0,0.0,0.0,0.0,0.0,3.0332795131624715,0.0,17.329082193388608,24.008073457810383
2562.0,334.8333333333333,967.964687711382,0.34591482270391516,0.0,0.0,0.0,0.0,44.49443079855145,0.0,0.0,0.0,0.0,0.0,0.0,0.0,0.0,3.3702469763821714,0.0,17.116110364358892,24.008073457810383
2578.0,419.3333333333333,1199.3659571230312,0.34962917768585455,303.8333333333333,74.66666666666666,16.333333333333332,212.8333333333333,371.8177776435763,59.16666666666666,15.5,16.333333333333332,0.0,0.6666666666666666,32.833333333333336,54.66666666666666,124.66666666666669,1.0110931710541573,0.0,36.96325931692579,30.01009182226298
2577.0,340.0,1309.9704924534706,0.25954783100740464,0.0,0.0,0.0,0.0,41.38827388775766,0.0,0.0,0.0,0.0,0.0,0.0,0.0,0.0,0.0,0.0,17.380200429947276,24.008073457810383
2576.0,457.0,1420.5188553187766,0.321713434699496,263.6666666666667,99.5,16.0,148.16666666666669,338.5136729769732,89.5,10.0,16.0,0.0,0.3333333333333333,28.0,39.333333333333336,80.5,0.0,0.0,41.835905305817306,33.01110100448927
2574.0,581.0,1903.298478897981,0.30525953046334686,27.833333333333336,5.0,1.5,21.333333333333336,104.13571016946968,4.166666666666667,0.8333333333333334,1.5,0.0,0.0,3.8333333333333335,5.5,12.0,0.0,0.0,34.28824828496817,42.01412855116817
2591.0,59.0,207.7656784606056,0.2839737556132832,31.0,0.0,0.1666666666666666,30.83333333333333,39.601986866581896,0.0,0.0,0.1666666666666666,0.0,0.0,30.83333333333333,0.0,0.0,0.0,0.0,4.600641290280162,4.0013455763017305
2592.0,167.0,581.3789503393654,0.28724810195229455,91.33333333333334,5.166666666666667,0.5,85.66666666666667,116.87656456090116,4.5,0.6666666666666666,0.5,0.0,1.8333333333333333,3.0,73.66666666666667,7.166666666666667,0.0,0.0,13.53919449866262,12.004036728905191
2597.0,518.8333333333334,1452.6150435153952,0.357171940115485,22.0,1.0,21.0,0.0,86.6590897358806,1.0,0.0,21.0,0.0,0.0,0.0,0.0,0.0,0.0,0.0,27.64664315508961,37.012446580791
2590.0,330.8333333333333,1005.548413700258,0.3290078616065032,705.8333333333334,187.16666666666669,32.83333333333333,485.83333333333337,853.390106210622,152.33333333333334,34.833333333333336,32.666666666666664,0.1666666666666666,0.5,91.16666666666669,111.66666666666669,282.5,1.0110931710541573,0.0,122.53760624842398,24.008073457810383
2589.0,672.0,2512.750386948444,0.26743603482879014,0.0,0.0,0.0,0.0,86.4119745672626,0.0,0.0,0.0,0.0,0.0,0.0,0.0,0.0,4.044372684216629,0.0,34.351454967425205,48.016146915620766
2594.0,288.1666666666667,986.3541393272612,0.2921533505838071,25.83333333333333,6.333333333333334,2.166666666666667,17.333333333333332,62.89156888117094,5.166666666666667,1.1666666666666667,1.1666666666666667,1.0,0.8333333333333334,1.6666666666666667,1.3333333333333333,13.5,0.0,0.0,16.05117127225352,21.007064275584085
2595.0,230.16666666666663,686.1561918682058,0.3354435468110971,146.16666666666666,34.83333333333333,6.5,104.83333333333331,182.7570124278222,29.33333333333333,5.5,6.5,0.0,0.0,27.33333333333333,27.83333333333333,49.66666666666666,1.0110931710541573,0.0,19.240420330022527,16.33883226007885
2603.0,79.16666666666667,246.02087171803876,0.3217884162177855,1154.5,186.83333333333331,181.5,786.1666666666667,1223.05661748506,131.0,55.833333333333336,150.5,31.0,126.5,45.333333333333336,147.66666666666666,466.6666666666667,0.0,0.0,63.05480096211972,5.501816522940036
2602.0,17.0,45.27167143832549,0.3755107655603006,1066.8333333333337,339.33333333333337,12.5,715.0,1123.2372321455582,192.5,146.83333333333334,10.333333333333334,2.1666666666666665,70.5,51.333333333333336,225.16666666666663,368.0,0.0,0.0,55.40356241814919,1.0003363940754324
2601.0,413.3333333333333,1126.201841250025,0.3670153237136915,1206.8333333333337,149.83333333333334,379.3333333333333,677.6666666666667,1319.6571986592576,136.83333333333334,13.0,344.5,34.833333333333336,109.66666666666669,86.66666666666667,100.66666666666669,380.6666666666667,0.0,0.0,82.81377350366132,30.01009182226298
2600.0,265.1666666666667,652.8946478148315,0.4061400526932655,810.5,189.0,15.166666666666666,606.3333333333334,884.4924357436499,160.83333333333334,28.166666666666668,12.666666666666666,2.5,83.0,53.5,89.66666666666667,380.1666666666667,0.0,0.0,54.98604425621675,19.00639148743322
2599.0,295.5,733.2899187098698,0.4029784024849198,231.16666666666669,55.16666666666667,5.0,171.0,279.09545385337896,31.166666666666668,24.0,4.5,0.5,14.166666666666666,57.16666666666666,21.33333333333333,78.33333333333333,0.0,0.0,26.92172291112818,21.007064275584085
2598.0,490.8333333333333,1600.0300972764917,0.30676506283776195,78.83333333333333,8.5,1.3333333333333333,69.0,142.96553238393724,7.666666666666667,0.8333333333333334,1.3333333333333333,0.0,0.0,36.16666666666666,1.8333333333333333,31.0,0.0,0.0,29.12042525796376,35.011773792640135
2611.0,113.0,310.63653633040445,0.3637691861198486,1010.0,212.66666666666669,42.66666666666666,754.6666666666667,1077.0746780593608,107.66666666666669,105.0,41.66666666666666,1.0,47.5,266.1666666666667,103.33333333333331,337.6666666666667,0.0,0.0,59.07198690675728,8.002691152603461
2610.0,289.3333333333333,737.5042038912412,0.39231414791501434,656.0,37.16666666666667,142.16666666666666,476.6666666666667,725.3308371035298,27.666666666666668,9.5,14.333333333333334,127.83333333333331,70.0,219.5,66.66666666666667,120.5,0.0,0.0,48.323772827945696,21.007064275584085
2609.0,258.5,669.785290058522,0.3859445763244722,1218.1666666666667,132.83333333333331,43.5,1041.8333333333337,1312.4910940524474,54.5,78.33333333333333,43.16666666666666,0.3333333333333333,35.0,293.3333333333333,121.66666666666669,591.8333333333334,0.0,0.0,75.48473395571183,18.83969343006896
2616.0,316.3333333333333,893.3434381082324,0.3541004722698911,1476.5,178.5,167.33333333333334,1130.6666666666667,1591.154923771837,150.16666666666666,28.33333333333333,164.83333333333334,2.5,374.5,272.5,86.0,397.6666666666667,0.0,0.0,91.64718670810174,23.00773706373495
2615.0,438.6666666666667,1252.7070284214044,0.3501749864207686,82.66666666666667,9.0,3.8333333333333335,69.83333333333334,140.66038214654068,7.0,2.0,3.8333333333333335,0.0,3.1666666666666665,24.0,6.666666666666667,36.0,0.0,0.0,26.6498911488071,31.343824331066926
2608.0,165.33333333333334,475.012860211677,0.3480607519966026,480.33333333333337,100.66666666666669,23.83333333333333,355.83333333333337,538.3364319780528,87.66666666666667,13.0,23.0,0.8333333333333334,13.833333333333334,56.16666666666666,49.5,236.33333333333331,0.0,0.0,45.99906191581429,12.004036728905191
2596.0,610.0,1686.880015936477,0.361614337852806,2087.0,333.66666666666663,5.166666666666667,1748.1666666666667,2268.8802853789384,148.66666666666666,185.0,2.333333333333333,2.833333333333333,99.5,169.0,515.8333333333334,963.8333333333334,0.0,0.0,137.8654840396193,44.01480133931904
2606.0,225.5,719.5838438700326,0.31337557384171705,199.3333333333333,58.833333333333336,13.333333333333332,127.16666666666666,237.55499859935017,34.833333333333336,24.0,5.166666666666667,8.166666666666666,2.1666666666666665,86.5,5.833333333333333,32.666666666666664,0.0,0.0,21.716090084202587,16.505575181814233
2614.0,163.33333333333334,402.29181809706114,0.40600709730051193,246.00000000000003,33.833333333333336,20.0,192.16666666666669,283.9283695437128,28.166666666666668,5.666666666666667,19.83333333333333,0.1666666666666666,14.0,67.16666666666667,12.166666666666666,98.83333333333331,0.0,0.0,25.92433281480761,12.004036728905191
2612.0,239.0,785.4751374908832,0.30427443033201546,78.0,0.0,0.0,78.0,116.21008599943914,0.0,0.0,0.0,0.0,5.0,72.83333333333333,0.0,0.1666666666666666,0.0,0.0,21.204367300156783,17.005718699282355
2605.0,388.0,1310.727631740301,0.2960187842266194,76.83333333333334,9.333333333333334,4.333333333333334,63.16666666666667,130.62648852264903,8.0,1.3333333333333333,2.333333333333333,2.0,12.833333333333334,8.0,7.5,34.833333333333336,2.0221863421083146,0.0,23.76154981309529,28.00941903411211
2539.0,188.83333333333331,560.9989223864973,0.336601953761397,184.0,28.5,14.166666666666666,141.33333333333334,216.72982760332604,18.0,10.5,13.666666666666666,0.5,0.3333333333333333,72.16666666666667,29.0,39.833333333333336,0.0,0.0,19.05859046789395,13.671237135432085
2538.0,280.0,958.6586408865792,0.292074767866331,104.0,18.5,8.0,77.5,143.63613072003733,11.833333333333334,6.666666666666667,7.833333333333333,0.1666666666666666,0.1666666666666666,35.833333333333336,11.5,30.0,0.0,0.0,19.62940283852869,20.00672788150865
2537.0,261.0,868.4324942097619,0.30054149486598764,37.0,6.833333333333334,3.833333333333333,26.33333333333333,72.25071915297059,4.0,2.833333333333333,3.6666666666666665,0.1666666666666666,0.1666666666666666,10.166666666666666,5.5,10.5,1.0110931710541573,0.0,15.233234494483204,19.00639148743322
2542.0,347.0,914.7246957155916,0.37934911085847633,24.5,5.333333333333334,3.6666666666666665,15.5,68.49885221049374,4.166666666666667,1.1666666666666667,3.5,0.1666666666666666,0.0,2.0,3.8333333333333335,9.666666666666666,0.0,0.0,18.99044235860792,25.00840985188581
2679.0,293.3333333333333,793.0979609766414,0.36985763142312844,96.0,0.0,0.0,96.0,136.90904524491265,0.0,0.0,0.0,0.0,0.0,96.0,0.0,0.0,0.0,0.0,19.901980969328584,21.007064275584085
2678.0,308.6666666666667,874.2245737379341,0.3530748001590671,48.0,0.0,0.0,48.0,95.23951440891771,0.0,0.0,0.0,0.0,0.0,48.0,0.0,0.0,0.0,0.0,25.2321137392582,22.00740066965952
2686.0,503.8333333333333,1713.8720514152444,0.2939737146173127,0.0,0.0,0.0,0.0,61.767086439903935,0.0,0.0,0.0,0.0,0.0,0.0,0.0,0.0,0.0,0.0,25.754976253188364,36.01211018671557
2684.0,364.8333333333333,877.6254707422501,0.41570504218020954,0.0,0.0,0.0,0.0,44.65835871424858,0.0,0.0,0.0,0.0,0.0,0.0,0.0,0.0,0.0,0.0,18.649612468287327,26.008746245961248
2683.0,254.0,872.0649733397104,0.29126270147884387,0.0,0.0,0.0,0.0,45.990087179259575,0.0,0.0,0.0,0.0,0.0,0.0,0.0,0.0,0.0,0.0,27.984032085901788,18.006055093357784
2617.0,546.0,1630.2614828196563,0.3349155983588922,3.0,0.0,3.0,0.0,70.07706334678812,0.0,0.0,3.0,0.0,0.0,0.0,0.0,0.0,0.0,0.0,28.063943977846264,39.013119368941865
2540.0,502.5,1350.5049494116904,0.37208304954298765,423.0,43.83333333333333,13.166666666666666,366.0,507.3332175036285,30.33333333333333,13.5,11.5,1.6666666666666667,26.83333333333333,127.83333333333331,63.16666666666666,148.16666666666666,1.0110931710541573,0.0,47.310014145858815,36.01211018671557
2620.0,350.0,979.6566259333746,0.3572680373253589,0.0,0.0,0.0,0.0,42.89979264741977,0.0,0.0,0.0,0.0,0.0,0.0,0.0,0.0,0.0,0.0,17.89138279553396,25.00840985188581
2621.0,315.8333333333333,1104.998994748801,0.28582228113712593,0.0,0.0,0.0,0.0,106.41336498663756,0.0,0.0,0.0,0.0,0.0,0.0,0.0,0.0,0.0,67.26086956004349,16.144758362859104,23.00773706373495
2685.0,408.3333078559661,1220.265050790471,0.33462673342275384,0.0,0.0,0.0,0.0,55.883121276701324,0.0,0.0,0.0,0.0,0.0,0.0,0.0,0.0,0.0,0.0,26.87336765853547,29.009753618165846
2622.0,351.3333327862784,1179.8275408829331,0.2977836341431353,69.99999989100424,10.333333317243483,6.499999989878964,53.16666658388178,116.54607526302361,6.499999989878964,3.833333327364518,6.333333323471812,0.16666666640715289,0.0,24.333333295444326,10.333333317243483,18.499999971193976,0.0,0.0,21.537665559073705,25.008409812945654
2628.0,300.3333331190237,935.9472764465229,0.32088702075109227,0.0,0.0,0.0,0.0,47.70763964356454,0.0,0.0,0.0,0.0,0.0,0.0,0.0,0.0,0.0,10.347826077788492,15.35241291182041,22.007400653955646
2627.0,164.66666666666666,532.2149965447439,0.3093987725556751,147.0,0.0,0.0,147.0,174.93599746572917,0.0,0.0,0.0,0.0,0.0,146.33333333333334,0.1666666666666666,0.5,0.0,0.0,15.931960736823973,12.004036728905191
2626.0,473.0,1707.385248662371,0.27703179488669344,122.0,1.1666666666666667,0.1666666666666666,120.66666666666669,186.42678815097244,1.1666666666666667,0.0,0.1666666666666666,0.0,37.333333333333336,34.5,1.8333333333333333,47.0,0.0,0.0,30.415350752407736,34.01143739856471
2636.0,126.33333333333331,385.5003545828868,0.327712625504655,1558.6666666666663,580.5,30.666666666666668,947.5,1653.8073526295998,444.0,136.5,29.5,1.1666666666666667,73.16666666666667,100.16666666666669,214.16666666666663,560.0,0.0,0.0,86.13765841625438,9.003027546678892
2635.0,161.0,505.10662950647605,0.31874457905513554,517.0,68.66666666666666,4.333333333333333,444.0,563.6624180057779,63.66666666666666,5.0,4.0,0.3333333333333333,33.166666666666664,103.66666666666669,109.5,197.66666666666663,0.0,0.0,34.65838127687271,12.004036728905191
2634.0,335.6666666666667,779.5480649156098,0.43059136668244363,88.5,2.1666666666666665,0.3333333333333333,86.0,134.19074542955127,1.3333333333333333,0.8333333333333334,0.3333333333333333,0.0,12.0,0.1666666666666666,0.8333333333333334,73.0,0.0,0.0,21.682671971740884,24.008073457810383
2633.0,380.0,1372.0735479946409,0.27695308356858156,174.16666666666669,24.0,10.5,139.66666666666669,229.50373650065595,12.5,11.5,1.3333333333333333,9.166666666666666,13.5,8.666666666666666,83.66666666666667,33.833333333333336,0.0,0.0,28.327987193952605,27.00908264003668
2625.0,361.1666666666667,1283.6257045129855,0.2813644704970249,270.5,39.0,8.333333333333332,223.16666666666663,328.79764842273164,29.83333333333333,9.166666666666666,8.166666666666666,0.1666666666666666,14.666666666666666,32.666666666666664,38.333333333333336,137.5,0.0,0.0,32.28890217677034,26.008746245961248
2644.0,409.0,1166.6824048976584,0.3505666994574051,359.1666666666667,82.0,13.666666666666668,263.5,428.7833036091373,64.66666666666667,17.333333333333332,13.333333333333334,0.3333333333333333,0.1666666666666666,31.83333333333333,77.83333333333333,153.66666666666666,1.0110931710541573,0.0,39.26234285559734,29.343200915819107
2645.0,0.0,0.0,0.0,1143.6666666666667,0.1666666666666666,1143.0,0.5,1202.1292089310791,0.1666666666666666,0.0,1138.0,5.0,0.0,0.0,0.1666666666666666,0.3333333333333333,0.0,0.0,58.46254226441238,0.0
2643.0,125.83333333333331,348.6326957436592,0.3609338276919827,506.1666666666667,88.5,15.833333333333334,401.83333333333337,548.4933351479095,69.5,19.0,14.833333333333334,1.0,0.0,167.0,80.66666666666667,154.16666666666666,1.0110931710541573,0.0,32.31252981776208,9.00304549242672
2642.0,717.3333333333334,1894.4472231244097,0.3786504710066687,197.3333333333333,25.5,11.333333333333332,160.5,295.77442821907465,19.666666666666668,5.833333333333333,11.166666666666666,0.1666666666666666,4.833333333333333,38.66666666666666,40.16666666666666,76.83333333333333,0.0,0.0,46.75707477544282,51.68402011029852
2632.0,167.0,600.4973922852756,0.27810278969648555,221.0,4.0,49.83333333333333,167.16666666666666,252.83791251366856,4.0,0.0,0.1666666666666666,49.66666666666666,11.5,0.5,1.1666666666666667,154.0,0.0,0.0,19.833875784763364,12.004036728905191
2656.0,1138.5,3524.9587320515307,0.3229825046313071,301.8333333333333,54.66666666666667,25.83333333333333,221.3333333333333,457.15454528004767,35.5,19.166666666666668,25.33333333333333,0.5,0.0,98.33333333333331,47.66666666666666,75.33333333333333,0.0,0.0,73.62706861162854,81.69414333508583
2655.0,502.3333333333333,1409.607194450573,0.3563640532702654,0.0,0.0,0.0,0.0,62.70220667846112,0.0,0.0,0.0,0.0,0.0,0.0,0.0,0.0,1.0110931710541573,0.0,25.6790033206914,36.01211018671557
2624.0,651.0,1739.1926995571548,0.374311598804297,0.0,0.0,0.0,0.0,80.2937825212385,0.0,0.0,0.0,0.0,0.0,0.0,0.0,0.0,0.0,0.0,33.27797199969317,47.015810521545326
2623.0,977.8333333333334,2512.1751734366294,0.3892377186403238,965.1666666666666,30.333333333333336,6.166666666666667,928.6666666666666,1134.5154361467603,23.166666666666668,7.166666666666667,5.666666666666667,0.5,126.5,16.666666666666668,719.5,66.0,0.0,0.0,99.32522189481324,70.02354758528027
2618.0,268.0,661.380114013272,0.4052132719470033,3854.166666666667,391.5,484.3333333333333,2978.333333333333,4084.901687074268,320.8333333333333,70.66666666666667,50.333333333333336,434.0,1309.1666666666667,287.6666666666667,527.6666666666666,853.8333333333334,1.0110931710541573,0.0,210.71753574911432,19.00639148743322
2550.0,0.0,0.0,0.0,4893.333333333333,489.5,199.83333333333331,4204.0,5143.471859117982,390.8333333333333,98.66666666666669,72.16666666666667,127.66666666666669,1057.5,405.6666666666667,843.3333333333334,1897.5,0.0,0.0,250.1385257846476,0.0
2631.0,0.0,0.0,0.0,2004.9999997544314,382.1666666198595,30.33333332961816,1592.4999998049536,2115.4821886611758,146.6666666487032,235.4999999711564,27.833333329924354,2.4999999996938045,207.16666664129323,165.99999997966862,348.66666662396267,870.666666560029,0.0,0.0,110.48218890674475,0.0
2629.0,0.0,0.0,0.0,1939.1666666666667,531.6666666666667,56.5,1351.0,2038.2845872374576,187.0,344.6666666666667,55.66666666666666,0.8333333333333334,40.0,172.0,342.0,797.0,0.0,0.0,99.1179205707908,0.0
2543.0,358.1666666666667,1042.8703986301032,0.3434431230737284,1192.5,181.0,289.0,722.5,1566.82096324829,161.33333333333334,19.666666666666668,191.33333333333331,97.66666666666669,51.333333333333336,96.0,146.83333333333334,428.3333333333333,0.0,269.04347830440184,79.26873869792708,26.008746245961248
2547.0,0.0,0.0,0.0,1060.3333333333337,203.83333333333331,33.166666666666664,823.3333333333334,1114.5222305761313,125.66666666666669,78.16666666666667,32.166666666666664,1.0,20.166666666666668,102.16666666666669,182.5,518.5,0.0,0.0,54.188897242797815,0.0
2546.0,233.0,711.4604315165825,0.3274953738513978,918.5,172.33333333333334,47.83333333333333,698.3333333333334,996.3605585171126,132.0,40.333333333333336,46.66666666666666,1.1666666666666667,0.0,143.0,183.83333333333331,371.5,2.0221863421083146,0.0,58.83265347572191,17.005718699282355
2545.0,29.166666666666668,71.17883216730438,0.4097660186122613,375.5,12.5,4.333333333333333,358.6666666666667,398.6862848234943,9.0,3.5,4.333333333333333,0.0,0.0,295.6666666666667,25.166666666666668,37.833333333333336,0.0,0.0,20.68546402093376,2.5008208025605367
2544.0,424.0,1249.932397334728,0.3392183456514202,29.0,3.5,2.0,23.5,82.50004909806832,3.333333333333333,0.1666666666666666,0.0,2.0,1.0,1.0,3.1666666666666665,18.33333333333333,0.0,0.0,23.15656116107682,30.34348793699149
2541.0,279.0,1057.5414612608893,0.2638194437004417,49.0,0.0,0.0,49.0,85.77350947275191,0.0,0.0,0.0,0.0,0.0,49.0,0.0,0.0,0.0,0.0,16.766781591243255,20.00672788150865
2549.0,1603.5,4091.814560569637,0.39187992912776837,2500.333333333333,153.0,60.66666666666666,2286.666666666667,2825.1509210313693,91.0,62.0,58.5,2.1666666666666665,885.5,143.83333333333334,141.16666666666666,1116.1666666666667,0.0,0.0,209.77899659997445,115.03859109806125
2548.0,22.5,59.88318451424846,0.3757315210023008,665.1666666666666,62.5,15.666666666666666,587.0,701.9801969441947,47.66666666666666,14.833333333333334,13.5,2.1666666666666665,177.66666666666666,61.16666666666666,118.16666666666669,230.0,0.0,0.0,35.14625360410573,1.66727667342235
2551.0,0.0,0.0,0.0,658.5,35.0,10.5,613.0,692.1616615073541,27.5,7.5,9.5,1.0,357.6666666666667,38.16666666666666,73.83333333333333,143.33333333333334,0.0,0.0,33.66166150735397,0.0
2554.0,148.0,435.1615088134518,0.34010360981500715,539.0,64.5,16.833333333333332,457.6666666666667,585.122014901194,52.66666666666666,11.833333333333334,14.166666666666666,2.6666666666666665,39.66666666666666,77.83333333333333,117.66666666666669,222.5,0.0,0.0,35.11831456636426,11.00370033482976
2556.0,0.0,0.0,0.0,995.6666666666669,379.0,17.333333333333336,599.3333333333334,1046.5637267308516,105.0,274.0,8.333333333333334,9.0,240.33333333333331,42.5,121.16666666666669,195.33333333333331,0.0,0.0,50.89706006418501,0.0
2557.0,666.0,1997.190940407864,0.3334683662564533,1582.3333333333337,360.3333333333333,148.83333333333331,1073.1666666666667,1745.279735197451,324.3333333333333,36.0,72.83333333333333,76.0,481.1666666666667,89.16666666666667,203.5,299.3333333333333,0.0,0.0,114.9302549484968,48.016146915620766
2558.0,2.9999999459014024,8.521729186793449,0.352041220759591,702.3333206682506,179.33333009943937,49.66666577103432,473.33332479777687,745.0432843906342,154.16666388659985,25.166666212839544,49.66666577103432,0.0,0.8333333183059451,111.49999798933545,131.6666642923393,229.33332919779608,0.0,0.0,42.70996372238363,0.0
2641.0,875.0,2275.7967477551724,0.3844807322372233,582.5,105.0,31.833333333333336,445.6666666666667,722.5322170040042,76.66666666666667,28.33333333333333,31.666666666666668,0.1666666666666666,0.1666666666666666,79.0,111.5,255.0,0.0,0.0,77.01102417725197,63.02119282675225
2649.0,131.33333333333334,340.80450021131054,0.3853626734738014,0.0,0.0,0.0,0.0,15.71665824088252,0.0,0.0,0.0,0.0,0.0,0.0,0.0,0.0,0.0,0.0,6.713630694203629,9.003027546678892
2637.0,0.0,0.0,0.0,3000.666674279011,424.5000010769074,55.3333334737076,2520.8333397283955,3162.5680538582897,136.16666701210573,288.3333340648016,52.333333466096946,3.0000000076106526,1455.1666703582562,163.50000041478057,371.33333427536303,530.8333346799961,0.0,0.0,161.90137957927854,0.0
2652.0,505.0,1363.7891866936643,0.37029183463780724,34.0,0.0,0.0,34.0,97.56487998103115,0.0,0.0,0.0,0.0,0.0,33.833333333333336,0.0,0.1666666666666666,0.0,0.0,27.55276979431561,36.01211018671557
2647.0,641.000000168001,1802.5621912003655,0.3556049290821667,0.0,0.0,0.0,0.0,78.78226378222458,0.0,0.0,0.0,0.0,0.0,0.0,0.0,0.0,0.0,0.0,32.7667896426944,46.015474139530184
2651.0,235.9999999022576,664.245796096066,0.35529016711778527,184.66666659018463,31.833333320149155,8.833333329674897,143.99999994036057,223.1661587539333,24.666666656450655,7.166666663698501,8.833333329674897,0.0,0.0,23.666666656864816,39.833333316835855,80.4999999666599,0.0,0.0,21.493773471509375,17.00571869223922
2650.0,416.3333333333333,1124.3275931146595,0.3702953977852569,1263.5,219.16666666666669,68.83333333333334,975.5,1386.9993596907343,152.0,67.16666666666667,68.66666666666667,0.1666666666666666,1.8333333333333333,142.0,272.0,559.6666666666666,0.8424901673703942,0.0,92.64681808012078,30.010051443243032
2653.0,494.6666666666667,1406.3511466208986,0.3517376637088283,839.8333333333334,143.16666666666669,158.83333333333334,537.8333333333334,943.7511505256796,117.66666666666669,25.5,156.5,2.333333333333333,15.833333333333334,87.33333333333333,134.0,300.6666666666667,0.0,0.0,68.23910758759952,35.67870960474669
2711.0,615.8333333333334,1756.5079256637816,0.35060094198015695,334.5,29.666666666666664,77.33333333333334,227.5,443.0925840908913,27.83333333333333,1.8333333333333333,41.0,36.333333333333336,74.83333333333333,47.66666666666666,38.5,66.5,0.0,0.0,64.57778275157227,44.01480133931904
2707.0,384.0,1102.9068218049622,0.3481708449056148,387.00000000000006,98.33333333333334,28.83333333333333,259.83333333333337,454.4215794208455,69.16666666666667,29.166666666666668,2.0,26.83333333333333,14.333333333333334,11.0,55.5,179.0,0.0,0.0,39.41216038673338,28.00941903411211
2714.0,211.0,544.2001673660183,0.38772498182288423,0.0,0.0,0.0,0.0,25.79099382501054,0.0,0.0,0.0,0.0,0.0,0.0,0.0,0.0,0.0,0.0,10.785947913879047,15.00504591113149
2708.0,176.83333333333334,556.7679086198171,0.31760690692768007,58.0,17.0,2.1666666666666665,38.83333333333333,83.00856088487632,17.0,0.0,0.0,2.1666666666666665,0.1666666666666666,0.0,0.0,38.66666666666666,0.0,0.0,12.004187761895691,13.004373122980622
2709.0,87.0,277.09471608811185,0.31397206423934604,0.0,0.0,0.0,0.0,10.449304945056753,0.0,0.0,0.0,0.0,0.0,0.0,0.0,0.0,0.0,0.0,4.447286580604157,6.002018364452596
2706.0,191.83333333333331,563.8139376951636,0.3402422687838049,0.0,0.0,0.0,0.0,35.81091205352536,0.0,0.0,0.0,0.0,0.0,0.0,0.0,0.0,0.0,0.0,21.806202536469304,14.004709517056057
2699.0,402.5,1423.9191498879256,0.282670543500788,0.0,0.0,0.0,0.0,49.58486497676461,0.0,0.0,0.0,0.0,0.0,0.0,0.0,0.0,0.0,0.0,20.575109548577064,29.009755428187542
2702.0,604.5,1632.7941613758487,0.3702242537973234,534.1666666666667,84.16666666666666,56.833333333333336,393.1666666666667,648.8855196012021,52.16666666666666,32.0,6.5,50.333333333333336,36.16666666666666,192.5,74.33333333333333,90.16666666666669,0.0,0.0,71.2042893361948,43.514563598340594
2690.0,360.0,1131.141891285356,0.31826245917823753,61.0,0.0,0.0,61.0,109.54061700821482,0.0,0.0,0.0,0.0,0.0,61.0,0.0,0.0,1.0110931710541573,0.0,21.520777591199423,26.008746245961248
2691.0,230.5,674.2313487090686,0.3418707843254867,96.0,13.5,28.83333333333333,53.66666666666666,129.52899384078017,12.5,1.0,1.0,27.83333333333333,4.166666666666667,4.333333333333333,3.1666666666666665,42.0,0.0,0.0,16.690018063233172,16.838975777546967
2689.0,176.0,542.7335155323035,0.32428437707109775,0.0,0.0,0.0,0.0,22.001182757306275,0.0,0.0,0.0,0.0,0.0,0.0,0.0,0.0,0.0,0.0,8.99680963432565,13.004373122980622
2703.0,246.0,719.4798051904696,0.3419136968477883,567.6666666666667,74.0,109.33333333333334,384.33333333333337,627.2660801740209,25.83333333333333,48.16666666666666,2.1666666666666665,107.16666666666669,54.333333333333336,22.5,51.0,256.5,0.0,0.0,41.59335841399636,18.006055093357784
2704.0,229.0,864.7041177646607,0.26483047240712343,0.0,0.0,0.0,0.0,27.711458477142003,0.0,0.0,0.0,0.0,0.0,0.0,0.0,0.0,0.0,0.0,11.70607617193508,16.005382305206922
2705.0,343.0,1148.7419675951649,0.29858750674710155,88.0,0.0,0.5,87.5,135.04036980867193,0.0,0.0,0.0,0.5,30.83333333333333,1.3333333333333333,0.6666666666666666,54.66666666666666,0.0,0.0,22.03195995678611,25.00840985188581
2710.0,140.0,437.79820066127417,0.3197820360808619,14.0,0.0,1.0,13.0,32.88666554184343,0.0,0.0,1.0,0.0,5.0,4.0,2.0,2.0,1.0110931710541573,0.0,7.872208430034944,10.003363940754324
2698.0,382.0,1178.3177911357095,0.32419098045851724,104.0,1.0,13.0,90.0,155.85254560754953,0.0,1.0,13.0,0.0,18.0,48.0,1.1666666666666667,22.83333333333333,0.0,0.0,24.843462967512878,27.00908264003668
2692.0,727.3333333333334,2141.4202479595583,0.33964997483626547,155.33333333333334,7.833333333333333,2.1666666666666665,145.33333333333334,264.8104314017679,5.833333333333333,2.0,1.3333333333333333,0.8333333333333334,0.5,124.66666666666669,6.833333333333333,13.333333333333334,0.0,0.0,57.1261690921805,52.35092897625407
2694.0,421.0,1384.4029073271402,0.30410222181115076,85.99999999999999,1.0,8.333333333333334,76.66666666666666,141.92702039271538,0.0,1.0,7.166666666666667,1.1666666666666667,43.66666666666666,4.5,10.166666666666666,18.33333333333333,0.0,0.0,25.9169285704524,30.01009182226298
2695.0,509.6666666666667,1486.3798479432974,0.3428912652253003,0.0,0.0,0.0,0.0,63.065613702749886,0.0,0.0,0.0,0.0,0.0,0.0,0.0,0.0,0.0,0.0,26.05316712195889,37.012446580791
2787.0,460.5,1236.9226626521738,0.3722949008085996,1954.5,186.8333333333333,164.83333333333334,1602.8333333333333,2110.969396126574,156.66666666666666,30.166666666666668,38.833333333333336,126.0,81.33333333333333,296.5,723.1666666666666,501.8333333333333,0.0,0.0,123.45835344323264,33.01104268334164
2677.0,505.3333333333333,1558.477639563449,0.32424804854748135,108.66666666666669,1.0,3.1666666666666665,104.5,176.0653698431099,1.0,0.0,0.1666666666666666,3.0,5.0,1.3333333333333333,0.0,98.16666666666669,0.0,0.0,31.386592989727635,36.01211018671557
2671.0,709.6666666666666,2084.8750480791764,0.340388104946861,171.83333333333334,11.333333333333334,69.16666666666667,91.33333333333334,267.91154161619863,9.0,2.333333333333333,2.1666666666666665,67.0,21.5,12.0,21.666666666666668,36.16666666666666,0.0,0.0,45.06105218501828,51.01715609784706
2670.0,619.6666666666666,1629.1148694392907,0.3803701496383393,716.8333333333334,4.0,22.33333333333333,690.5,829.5009187606704,3.0,1.0,20.33333333333333,2.0,3.0,386.6666666666667,4.5,296.3333333333333,0.0,0.0,68.31935657076527,44.34822885657187
2783.0,721.0,1811.340938575329,0.3980476478200106,231.0,0.0,3.166666666666667,227.8333333333333,331.68205369577487,0.0,0.0,2.0,1.1666666666666667,26.666666666666668,153.0,1.1666666666666667,47.0,0.0,0.0,48.66456120385238,52.017492491922496
2788.0,702.5,2145.407261111842,0.3274436573109827,397.0,1.5,3.0,392.5,504.56573679833247,0.6666666666666666,0.8333333333333334,0.8333333333333334,2.1666666666666665,4.0,381.3333333333333,3.8333333333333335,3.333333333333333,1.0110931710541573,0.0,56.20442780877824,50.35021581850014
2672.0,438.1666666666667,1192.5963581421238,0.3674056722336977,450.8333333333333,37.0,5.333333333333333,408.5,527.7880218625643,31.33333333333333,5.666666666666667,4.833333333333333,0.5,24.666666666666668,62.5,49.66666666666666,271.6666666666667,0.0,0.0,45.444112300656265,31.5105762285746
2661.0,425.6666666666667,1041.365232731093,0.4087582850738254,1917.5,700.8333333333333,227.66666666666663,989.0,2067.6124928612044,228.0,472.8333333333333,172.16666666666666,55.5,86.83333333333333,94.0,254.66666666666663,553.5,0.0,0.0,119.76900940811386,30.343483453090467
2669.0,556.5,1844.338102509294,0.3017342640391477,613.1666666666666,158.83333333333331,10.166666666666666,444.1666666666667,712.9734173527847,94.5,64.33333333333333,10.0,0.1666666666666666,21.5,35.5,112.5,274.6666666666667,0.0,0.0,59.79329492310072,40.0134557630173
2667.0,580.1666666666666,1531.8029726203006,0.3787475785310915,175.0,7.0,0.3333333333333333,167.66666666666666,260.4498443876123,7.0,0.0,0.1666666666666666,0.1666666666666666,10.666666666666666,23.0,109.0,25.0,0.0,0.0,43.60244529633275,41.847399091279584
2668.0,400.6666666666667,991.9328170274586,0.4039252052042709,609.5,34.333333333333336,192.66666666666663,382.5,690.3145807198179,30.166666666666668,4.166666666666667,24.0,168.66666666666666,24.666666666666668,91.66666666666669,118.16666666666669,148.0,0.0,0.0,51.80482529163038,29.009755428187542
2779.0,830.1666666666666,2596.7472751681407,0.3196948253706795,385.5,31.833333333333336,18.33333333333333,335.3333333333333,538.5399132136855,30.666666666666668,1.1666666666666667,14.166666666666666,4.166666666666667,113.33333333333331,39.833333333333336,80.83333333333333,101.33333333333331,0.0,31.04347825230585,62.14299423858909,59.853440722790566
2664.0,593.3333333333334,1368.117435227786,0.4336859673413531,1806.5,443.1666666666667,253.0,1110.3333333333333,1974.3561389988736,236.33333333333331,206.83333333333331,43.66666666666666,209.33333333333331,154.66666666666666,116.16666666666669,173.5,666.0,0.0,0.0,125.00842595113772,42.84771304773593
2665.0,17.0,41.90715095025452,0.40565869104725555,1852.0,300.0,517.3333333333334,1034.6666666666663,1948.5402405621903,274.3333333333333,25.666666666666668,21.83333333333333,495.5,134.33333333333334,258.8333333333333,207.66666666666663,433.8333333333333,0.0,0.0,95.5399041681148,1.0003363940754324
2666.0,210.5,433.8639170319776,0.4851751706848792,915.5,278.0,222.16666666666669,415.3333333333333,988.0636586473312,157.33333333333334,120.66666666666669,85.66666666666667,136.5,50.16666666666666,19.5,85.83333333333333,259.8333333333333,0.0,0.0,57.55861273619983,15.00504591113149
2770.0,595.5,1354.6694448299197,0.439590633916428,1129.0,302.3333333333333,34.0,792.6666666666666,1260.1684888020525,64.83333333333333,237.5,24.166666666666668,9.833333333333334,449.8333333333333,58.0,209.33333333333331,75.5,0.0,0.0,88.15402385680854,43.0144649452436
2658.0,583.8333333333334,1489.1508419925342,0.3920578875355197,360.16666666666663,29.5,99.66666666666666,231.0,450.4369147699919,28.166666666666668,1.3333333333333333,11.333333333333334,88.33333333333333,14.0,113.0,27.666666666666668,76.33333333333333,0.0,0.0,48.25611955215705,42.01412855116817
2659.0,141.5,344.5341639073516,0.4106994743141079,1067.0,126.16666666666669,389.3333333333333,551.5,1138.7797073842698,114.5,11.666666666666666,11.5,377.8333333333333,79.83333333333333,87.16666666666667,76.16666666666667,308.3333333333333,0.0,0.0,61.77634344351558,10.003363940754324
2755.0,371.0,1034.2213828698225,0.3587239696887004,1066.6666666666667,66.0,239.0,761.6666666666667,1167.1682995415908,11.666666666666666,54.333333333333336,213.33333333333331,25.666666666666668,531.8333333333334,72.33333333333333,30.83333333333333,126.66666666666669,0.0,0.0,73.49255023488719,27.00908264003668
2748.0,34.0,92.55921465236936,0.36733241663400024,2302.6666666666665,230.16666666666663,538.1666666666666,1534.3333333333333,2424.113635547404,168.0,62.16666666666666,126.16666666666669,412.0,744.1666666666666,62.66666666666666,134.5,593.0,0.0,0.0,119.44629609258628,2.000672788150865
2757.0,607.1666666666666,1389.2226650762914,0.43705496745068084,1086.5,145.33333333333331,104.66666666666666,836.5,1228.4384592794945,103.33333333333331,42.0,38.833333333333336,65.83333333333333,246.83333333333331,90.5,136.16666666666666,363.0,0.0,0.0,98.42379248404464,43.51466679544972
2663.0,142.0,303.68594438700234,0.4675883182102173,1859.1666666666667,1291.0,28.5,539.6666666666667,1971.4718964671652,718.1666666666666,572.8333333333334,22.33333333333333,6.166666666666667,93.0,59.0,85.66666666666667,302.0,0.0,0.0,102.30186585974434,10.003363940754324
2604.0,330.6666666666667,922.698853042608,0.35836900151798207,561.0,125.33333333333334,22.833333333333336,412.83333333333337,630.0846463318867,108.16666666666669,17.166666666666668,16.166666666666668,6.666666666666667,17.833333333333332,44.833333333333336,58.0,292.1666666666667,0.0,0.0,45.576662562268105,23.50798376961864
2588.0,569.1666666666666,1481.8186504572404,0.3841000830236821,0.0,0.0,0.0,0.0,70.10848342443879,0.0,0.0,0.0,0.0,0.0,0.0,0.0,0.0,0.0,0.0,29.09469126734605,41.01379215709274
2583.0,874.1078190459111,2593.616741219167,0.33702273938709393,16.581550593766586,0.9753853290450933,5.85231197427056,9.753853290450934,125.54408617013291,0.9753853290450933,0.0,0.9753853290450933,4.876926645225467,8.77846796140584,0.0,0.0,0.9753853290450933,0.9862054453439061,0.0,45.530669785995364,62.44566034502707
2657.0,114.16666666666669,266.82681321531595,0.42786804403551404,818.6666666666667,437.33333333333337,92.5,288.8333333333333,874.3542341597662,291.6666666666667,145.66666666666666,7.0,85.5,23.0,29.166666666666668,16.5,220.16666666666663,0.0,0.0,47.684876340496096,8.002691152603461
2564.0,353.24511502703183,1031.4895197742076,0.34246117702132056,0.0,0.0,0.0,0.0,44.908715688572194,0.0,0.0,0.0,0.0,0.0,0.0,0.0,0.0,1.2917313689405865,0.0,18.05720532571462,25.55977899391699
2571.0,1.0,2.0772667441221424,0.48140182421425237,1553.8333333333337,437.6666666666666,260.0,856.1666666666667,1644.9890924704896,409.3333333333333,28.33333333333333,142.16666666666666,117.83333333333331,355.8333333333333,95.33333333333331,117.83333333333331,287.1666666666667,0.0,0.0,91.15575913715628,0.0
2569.0,48.0,139.28556847103803,0.3446157453848548,350.6666666666667,0.5,227.5,122.66666666666669,376.0689958194884,0.5,0.0,62.66666666666666,164.83333333333334,120.33333333333331,1.0,1.1666666666666667,0.1666666666666666,2.0221863421083146,0.0,20.37913362848701,3.001009182226297
2730.0,0.0,0.0,0.0,1341.0,342.0,16.5,982.5,1409.5495552251746,324.1666666666667,17.833333333333332,11.166666666666666,5.333333333333333,710.3333333333334,43.5,55.66666666666666,173.0,0.0,0.0,68.54955522517442,0.0
2729.0,0.0,0.0,0.0,3377.6666666666665,342.83333333333337,803.8333333333333,2231.0,3552.3494986353667,314.1666666666667,28.666666666666668,339.3333333333333,464.5,1223.0,27.33333333333333,36.66666666666666,944.0,2.0221863421083146,0.0,172.66064562659133,0.0
2726.0,0.0,0.0,0.0,203.8333333333333,0.3333333333333333,171.66666666666666,31.83333333333333,215.2640028867292,0.3333333333333333,0.0,130.16666666666666,41.5,17.333333333333332,0.0,0.3333333333333333,14.166666666666666,1.0110931710541573,0.0,10.419576382341702,0.0
2566.0,42.66666666666666,133.69518211795926,0.3191339133598835,1196.5,128.5,537.3333333333334,530.6666666666666,1330.9225948103838,107.66666666666669,20.83333333333333,154.16666666666666,383.1666666666667,127.16666666666669,109.83333333333331,106.5,187.16666666666663,5.0554658552707865,0.0,126.36611977288668,3.001009182226297
2784.0,479.0,1397.1274210285844,0.3428463236712895,49.00000000000001,0.5,0.0,48.50000000000001,129.00186630154167,0.1666666666666666,0.3333333333333333,0.0,0.0,18.0,2.5,19.166666666666668,8.833333333333334,0.0,0.0,45.99042890297695,34.01143739856471
2786.0,340.0,1057.4192619273642,0.3215375511320647,48.0,0.0,0.0,48.0,92.00836688544538,0.0,0.0,0.0,0.0,14.166666666666666,1.1666666666666667,0.1666666666666666,32.5,0.0,0.0,19.83356396774641,24.17480291769897
2772.0,518.1666666666666,1427.2861211723812,0.363043302236444,578.0,97.16666666666669,22.0,458.8333333333333,671.057029650365,79.66666666666667,17.5,19.0,3.0,101.0,106.33333333333331,86.5,165.0,0.0,0.0,56.04458306957402,37.012446580791
2768.0,55.333333333333336,123.32205325154462,0.44868968586233204,597.6666666666667,50.0,106.0,441.6666666666667,635.0482141554901,47.0,3.0,49.16666666666666,56.833333333333336,239.16666666666663,19.33333333333333,78.0,105.16666666666669,0.0,0.0,33.38020191252177,4.0013455763017305
2774.0,529.5,1435.2764949437326,0.368918464048809,139.00000000000003,3.1666666666666665,1.1666666666666667,134.66666666666669,219.18523138087548,3.1666666666666665,0.0,0.1666666666666666,1.0,4.0,111.66666666666669,6.0,13.0,0.0,0.0,42.17244840600905,38.01278297486643
2773.0,1105.6666666666667,2814.5046840997616,0.3928459145628751,577.0,18.5,62.0,496.50000000000006,742.3748108523251,4.333333333333333,14.166666666666666,39.333333333333336,22.666666666666668,252.5,208.33333333333331,21.5,14.166666666666666,0.0,0.0,86.01483960563742,79.35997124668769
2769.0,404.3333333333333,746.8276612738541,0.5414011214363261,1573.0,241.66666666666663,219.33333333333331,1112.0,1703.0874318487504,101.5,140.16666666666666,21.0,198.33333333333331,451.1666666666667,267.1666666666667,134.16666666666666,259.5,0.0,0.0,101.07767642056255,29.009755428187542
2752.0,811.1666666666666,2020.9606708854624,0.4013767701433114,591.8333333333333,175.16666666666666,97.0,319.6666666666667,721.5717153391755,78.33333333333333,96.83333333333331,1.6666666666666667,95.33333333333331,125.66666666666669,44.66666666666666,65.5,83.83333333333333,0.0,0.0,71.71887114946709,58.01951085637509
2753.0,689.0,2015.7897422763745,0.3418015210365798,691.0,30.83333333333333,40.33333333333333,619.8333333333334,810.8928716723925,24.5,6.333333333333333,5.166666666666667,35.166666666666664,20.0,180.66666666666663,20.0,399.1666666666667,0.0,0.0,70.54299224796789,49.34987942442471
2754.0,619.5,1892.2750255913847,0.32738370037219633,0.0,0.0,0.0,0.0,76.18268412622606,0.0,0.0,0.0,0.0,0.0,0.0,0.0,0.0,0.0,0.0,31.667734774670844,44.51494935155522
2746.0,491.0,1500.4329628407245,0.32723887848371747,164.0,9.0,27.33333333333333,127.66666666666666,232.49427454898316,8.666666666666666,0.3333333333333333,3.0,24.33333333333333,25.666666666666668,20.166666666666668,9.0,72.83333333333333,0.0,0.0,33.482500756343,35.011773792640135
2747.0,457.0,1367.7674473047657,0.3341211262927296,0.0,0.0,0.0,0.0,62.37213511180076,0.0,0.0,0.0,0.0,0.0,0.0,0.0,0.0,0.0,0.0,29.36103410731149,33.01110100448927
2737.0,65.5,196.8913739024189,0.33267074479587094,485.0,103.16666666666666,9.833333333333334,372.0,518.1413458187569,40.16666666666666,63.0,2.1666666666666665,7.666666666666667,5.166666666666667,165.33333333333334,3.8333333333333335,197.66666666666663,0.0,0.0,28.139663848379765,5.001681970377162
2766.0,657.1666666666666,1434.243433595209,0.4581974379477207,1127.3333333333333,365.8333333333333,62.33333333333333,699.1666666666666,1267.573377187549,240.16666666666663,125.66666666666669,21.83333333333333,40.5,358.0,64.16666666666667,124.33333333333331,152.66666666666666,0.0,0.0,93.2242333326708,47.015810521545326
2758.0,271.1666666666667,707.0886080246336,0.38349743382829293,1961.3333333333333,347.3333333333333,132.5,1481.5,2094.951506020618,221.0,126.33333333333331,35.166666666666664,97.33333333333331,631.3333333333334,119.0,339.8333333333333,391.3333333333333,0.0,0.0,114.11166908490787,19.50650360237701
2749.0,0.0,0.0,0.0,1192.1666666666663,160.66666666666666,362.0,669.5,1256.2884544568574,110.83333333333331,49.833333333333336,232.5,129.5,47.833333333333336,90.66666666666669,212.66666666666663,318.3333333333333,1.0110931710541573,0.0,63.11069461913673,0.0
2759.0,676.0,1496.9522248589435,0.4515842181026845,2809.5,1958.5,471.0,380.0,3036.1887819907306,1955.1666666666667,3.333333333333333,273.8333333333333,197.16666666666663,120.0,35.833333333333336,95.16666666666669,129.0,0.0,0.0,178.17248706287353,48.51629492785696
2750.0,114.0,299.5192677603912,0.38060990483990326,3087.833333333333,387.1666666666666,753.3333333333334,1947.3333333333333,3268.010903281588,326.3333333333333,60.833333333333336,153.5,599.8333333333334,129.0,294.8333333333333,397.1666666666667,1126.3333333333333,1.0110931710541573,0.0,171.1637856245973,8.002691152603461
2741.0,0.0,0.0,0.0,3014.0,455.0,528.1666666666666,2030.8333333333333,3169.0858969191354,292.8333333333333,162.16666666666666,77.16666666666667,451.0,382.1666666666667,244.83333333333331,478.8333333333333,925.0,1.0110931710541573,0.0,154.07480374808105,0.0
2727.0,243.16666666666663,627.8044986830814,0.38732864638075537,3464.1666666666665,455.83333333333337,1013.1666666666666,1995.1666666666663,3676.257595044497,405.1666666666667,50.66666666666666,97.16666666666669,916.0,500.3333333333333,191.16666666666663,250.16666666666663,1053.5,5.0554658552707865,0.0,189.52953748699645,17.50592503556298
2743.0,363.8333333333333,1003.081215957492,0.36271572784466505,341.99999999999994,50.16666666666666,20.666666666666664,271.16666666666663,405.25663072746494,33.666666666666664,16.5,18.83333333333333,1.8333333333333333,6.0,54.5,85.33333333333333,125.33333333333331,1.0110931710541573,0.0,36.0699900675666,26.175547488844263
2744.0,124.83333333333331,337.52513807258987,0.36984899568128177,2168.333333333333,672.6666666666667,386.6666666666666,1109.0,2294.5569890496545,541.3333333333334,131.33333333333334,118.83333333333331,267.8333333333333,74.5,127.5,136.33333333333334,770.6666666666666,0.0,0.0,117.22062816964218,9.003027546678892
2732.0,8.0,21.338892062909263,0.3749023134104232,1505.8333333333337,78.0,1064.0,363.83333333333337,1592.226058153752,72.66666666666667,5.333333333333333,898.0,166.0,41.833333333333336,84.66666666666667,53.0,184.33333333333331,1.0110931710541573,0.0,84.54802471517756,0.8336069341868456
2824.0,37.166666626084265,91.69625840619139,0.4053236988301667,4583.166661662294,880.6666657050642,524.6666660937816,3177.8333298634475,4828.00377898219,822.3333324354252,58.333333269639,385.83333291204076,138.8333331817408,1334.1666652098863,262.1666663804061,538.9999994114644,1042.4999988616912,0.0,0.0,241.83610814094806,3.001009178949486
2735.0,281.5,838.4641632079679,0.33573289396529443,241.8333333333333,44.0,35.0,162.83333333333331,288.5917850797853,18.83333333333333,25.166666666666668,2.333333333333333,32.666666666666664,29.5,16.0,9.0,108.33333333333331,0.0,0.0,26.751723864943383,20.00672788150865
2800.0,0.0,0.0,0.0,1548.1666666666663,183.66666666666663,738.5,626.0,1627.3091205099556,179.0,4.666666666666667,674.5,64.0,298.1666666666667,39.0,35.0,253.83333333333331,0.0,0.0,79.14245384328906,0.0
2791.0,255.53256967911608,707.0332132560408,0.3614152275850428,4923.9693716105985,626.2781364166883,8.471543901357073,4289.219691292554,5206.897522163059,376.9066895749229,249.37144684176548,8.471543901357073,0.0,1.0781964965363549,627.6643890550922,1949.6873218795968,1710.7897838613276,0.0,0.0,264.74669508941446,18.18145546304624
2803.0,1397.9674322105634,3914.44458945873,0.3571304690262246,472.03066478001483,51.555201545148584,0.6951228279184697,419.78034040694774,668.1451648283195,31.093313210603085,20.4618883345455,0.6951228279184697,0.0,0.08847017809871434,119.33561558371386,159.97935919621798,140.37689544891717,0.0,0.0,95.58933853950003,100.52516150880463
2805.0,0.0,0.0,0.0,255.16666666666669,25.166666666666668,16.0,214.0,268.210595806342,23.166666666666668,2.0,16.0,0.0,0.0,58.5,44.5,111.0,0.0,0.0,13.043929139675322,0.0
2810.0,1171.0,2463.4229632936213,0.4753548284028177,292.00000000000006,24.83333333333333,0.3333333333333333,266.83333333333337,450.81511144343904,19.33333333333333,5.5,0.3333333333333333,0.0,0.0,57.0,72.16666666666667,137.66666666666666,0.0,0.0,74.78685434110271,84.02825710233634
2811.0,496.0,1040.429792746713,0.47672606403414336,535.0,93.83333333333331,23.83333333333333,417.3333333333333,623.7140256315114,70.0,23.83333333333333,23.5,0.3333333333333333,20.0,49.66666666666666,88.66666666666667,259.0,0.0,0.0,52.70191544479582,36.01211018671557
2808.0,350.3333333333333,1021.557675493458,0.3429403368381591,59.0,9.333333333333334,6.333333333333333,43.333333333333336,104.93295323412008,5.5,3.8333333333333335,6.333333333333333,0.0,0.1666666666666666,17.5,11.0,14.666666666666666,0.0,0.0,20.924543382234276,25.00840985188581
2813.0,419.0,1364.7507489034326,0.30701576851059686,0.0,0.0,0.0,0.0,51.42863294034507,0.0,0.0,0.0,0.0,0.0,0.0,0.0,0.0,0.0,0.0,21.41854111808209,30.01009182226298
2809.0,759.1666666666666,2216.231595153185,0.34254843596983975,0.0,0.0,0.0,0.0,94.16999394327678,0.0,0.0,0.0,0.0,0.0,0.0,0.0,0.0,1.0110931710541573,0.0,38.80733937742076,54.35156139480187
2814.0,221.66666666666663,717.2293690355858,0.3090596624127762,39.0,0.0,0.0,39.0,69.34123194559837,0.0,0.0,0.0,0.0,0.0,38.833333333333336,0.0,0.1666666666666666,1.0110931710541573,0.0,13.324756469337292,16.005382305206922
2816.0,324.0,682.5124538631136,0.47471661237258866,301.0,80.16666666666667,4.0,216.8333333333333,355.95652122396166,51.0,29.166666666666668,3.333333333333333,0.6666666666666666,10.5,20.33333333333333,53.333333333333336,132.66666666666666,0.0,0.0,31.94878416022667,23.00773706373495
2815.0,487.8333333333333,1449.480263446247,0.33655741691402774,345.83333333333337,53.66666666666667,30.166666666666668,262.0,423.46110976956254,26.166666666666668,27.5,16.166666666666668,14.0,8.833333333333334,61.5,41.16666666666666,150.5,0.0,0.0,42.61600264358902,35.011773792640135
2817.0,0.0,0.0,0.0,2740.333333333333,401.5,620.1666666666666,1718.6666666666663,2880.414112799336,343.1666666666667,58.333333333333336,192.66666666666663,427.5,364.0,128.5,372.8333333333333,853.3333333333334,0.0,0.0,140.0807794660028,0.0
2812.0,1.0,1.807762041095014,0.553170150311526,1818.5,259.5,1028.6666666666663,530.3333333333334,1911.5088202509703,216.0,43.5,925.6666666666666,103.0,48.833333333333336,45.0,78.0,358.5,0.0,0.0,93.0088202509708,0.0
2807.0,0.8333333333333334,1.5067108613325275,0.5530811217464362,2713.333333333333,229.5,612.3333333333334,1871.5,2853.913238735632,193.66666666666663,35.833333333333336,153.33333333333334,459.0,221.16666666666663,442.8333333333333,252.83333333333331,954.6666666666666,0.0,0.0,140.5799054022991,0.0
2818.0,984.6666666666666,2680.5707112939613,0.36733471067112783,270.0,0.0,0.0,270.0,405.16012915546656,0.0,0.0,0.0,0.0,0.0,0.5,0.3333333333333333,269.1666666666667,0.0,0.0,64.13624517611086,71.02388397935572
2820.0,223.0,695.9409097221251,0.3204295032591766,531.8333333333334,55.66666666666667,284.5,191.66666666666669,587.4357869199166,54.833333333333336,0.8333333333333334,237.83333333333331,46.66666666666666,23.0,7.666666666666667,11.166666666666666,149.83333333333334,1.0110931710541573,0.0,38.58597811032208,16.005382305206922
2930.0,969.3333333333334,2353.823741288674,0.4118122000089275,2209.833333333333,310.1666666666667,57.5,1842.1666666666663,2442.2035693543585,171.83333333333334,138.33333333333334,55.5,2.0,87.0,546.6666666666666,313.5,895.0,0.0,0.0,162.51341789563372,69.85681812539168
2823.0,57.66666666666666,165.92220824673822,0.34755242999726826,2543.0,130.66666666666666,1174.8333333333333,1237.5,2680.9554083652256,112.83333333333331,17.833333333333332,1106.0,68.83333333333333,232.5,328.1666666666667,197.66666666666663,479.1666666666667,1.0110931710541573,0.0,132.94296961786958,4.0013455763017305
2934.0,657.6428270189667,1710.4660580913974,0.38448165861460554,17.597640574414818,2.7463055357463535,1.6340319145729163,13.217303124095551,99.43936129411883,2.41303763390737,0.3332679018389836,1.603620469267194,0.030411445305722505,0.44096595693297636,4.919370354596772,1.6153204652418223,6.2416463473239805,0.006004277488584257,0.0,34.669170454433726,47.16654598778169
2933.0,309.3328033041749,746.159449356272,0.41456662322113996,320.4968825799541,84.04419230080988,16.307082088216845,220.1456081909274,375.6667096202797,66.85903656168905,17.185155739120823,16.307082088216845,0.0,0.0,43.401926173254054,50.55195447347222,126.19172754420111,0.7609836618099516,0.0,32.198670248438326,22.210173130077344
2936.0,227.3849393262932,632.1660252990112,0.35969180599153733,151.3967944058111,21.090787023596306,15.06072732615446,115.24528005606035,188.72961366339302,19.052141966766726,2.0386450568295795,14.757805438460482,0.30292188769398054,4.3923673715627185,45.765655515748975,12.321766552196731,52.76549061655192,0.0030843265882022405,0.0,20.876430757360247,16.453304173633427
2833.0,458.1666666666667,1412.7904118522763,0.324299105389578,931.6666666666669,240.5,270.5,420.6666666666667,1035.7226706962924,88.83333333333333,151.66666666666666,265.6666666666667,4.833333333333333,49.16666666666666,35.833333333333336,76.66666666666667,259.0,0.0,0.0,71.0449030251366,33.01110100448927
2826.0,249.0,656.6468272589701,0.3791992737395786,824.1666666666666,229.0,13.0,582.1666666666666,897.0304645037031,58.5,170.5,12.0,1.0,23.83333333333333,96.83333333333331,135.66666666666666,325.8333333333333,0.0,0.0,54.857742743678834,18.006055093357784
2825.0,352.0,809.2105362191919,0.4349918645951161,88.0,0.1666666666666666,0.0,87.83333333333333,135.5004750057703,0.0,0.1666666666666666,0.0,0.0,0.0,87.83333333333333,0.0,0.0,0.0,0.0,22.492065153884518,25.00840985188581
2832.0,547.0,1848.854198136989,0.29585891659341684,33.0,0.0,0.0,33.0,101.66169657296956,0.0,0.0,0.0,0.0,0.0,33.0,0.0,0.0,0.0,0.0,29.648577204027703,39.013119368941865
2831.0,339.0,636.9303880993579,0.5322402672788125,719.1666666666665,71.16666666666667,23.0,624.9999999999999,797.2669251457735,63.333333333333336,7.833333333333333,16.0,7.0,297.8333333333333,35.833333333333336,179.16666666666666,112.16666666666669,0.0,0.0,54.09218502129647,24.008073457810383
2837.0,963.0,2149.4756367766345,0.4480162433681361,3093.6666666666665,619.8333333333333,66.33333333333334,2407.5,3372.2275580653904,426.3333333333333,193.5,53.333333333333336,13.0,227.16666666666663,388.8333333333333,508.6666666666667,1282.8333333333333,0.0,0.0,209.53768020751875,69.02321119120485
2854.0,550.8333333333334,1496.838897587734,0.36799774125394646,255.16666666666663,7.833333333333333,8.166666666666668,239.16666666666663,336.0483089876637,7.0,0.8333333333333334,1.5,6.666666666666667,4.0,50.5,174.0,10.666666666666666,0.0,0.0,41.20163201808359,39.68001030291344
2853.0,840.0,2488.5184538098647,0.33755023946636975,348.33333333333337,59.333333333333336,84.33333333333333,204.66666666666669,469.4324001728001,24.0,35.333333333333336,4.333333333333333,80.0,8.833333333333334,26.33333333333333,62.833333333333336,106.66666666666669,0.0,0.0,61.07888319494079,60.02018364452596
2843.0,3929.0,10098.633503839346,0.38906253984821354,678.1666666666666,196.8333333333333,60.0,421.3333333333333,1196.1055411223513,116.33333333333331,80.5,40.833333333333336,19.166666666666668,23.33333333333333,83.66666666666667,72.33333333333333,242.0,0.0,0.0,235.51061521168413,282.42825924400046
2844.0,631.0,1811.0143270146743,0.34842352740530647,232.83333333333331,19.166666666666668,8.166666666666666,205.5,333.0065077841721,16.666666666666668,2.5,2.1666666666666665,6.0,31.666666666666668,90.0,35.833333333333336,48.0,0.0,0.0,55.15803671744425,45.01513773339446
2838.0,543.0,1559.6995034608854,0.3481439846554503,3096.0,420.1666666666667,63.833333333333336,2612.0,3323.0287565496037,318.0,102.16666666666669,50.5,13.333333333333334,117.5,214.66666666666663,1438.3333333333333,841.5,0.0,0.0,188.01563718066132,39.013119368941865
2845.0,421.3333333333333,962.405990062478,0.43779167802766994,952.1666666666664,284.3333333333333,75.5,592.3333333333333,1052.3876978174842,217.16666666666663,67.16666666666667,14.166666666666666,61.333333333333336,64.83333333333333,67.5,144.5,315.5,0.0,0.0,70.21093932855473,30.01009182226298
2855.0,773.0,1459.3402214785694,0.5296914239894069,2699.0,662.1666666666667,114.16666666666669,1922.6666666666663,2931.834865632124,414.1666666666667,248.0,48.0,66.16666666666667,157.5,200.83333333333331,502.5,1061.8333333333333,0.0,0.0,177.48296784324634,55.3518977888773
2827.0,156.83333333333334,449.7811360102866,0.34868810800848377,992.8333333333334,338.6666666666667,36.333333333333336,617.8333333333334,1062.6050334940314,142.83333333333334,195.83333333333331,26.666666666666668,9.666666666666666,31.33333333333333,33.333333333333336,309.0,244.16666666666663,0.0,0.0,58.76799982586821,11.00370033482976
2830.0,180.66666666666663,562.4625103472371,0.3212065930494315,0.0,0.0,0.0,0.0,22.239900681034182,0.0,0.0,0.0,0.0,0.0,0.0,0.0,0.0,0.0,0.0,9.23552755805356,13.004373122980622
2740.0,467.5,1354.0193465311495,0.3452683310601759,0.0,0.0,0.0,0.0,57.90913970226448,0.0,0.0,0.0,0.0,0.0,0.0,0.0,0.0,0.0,0.0,23.89770230369977,34.01143739856471
2834.0,515.3333333333334,1375.989986984239,0.37451822920804156,491.6666666666666,143.66666666666669,12.333333333333334,335.66666666666663,580.1558999054345,79.66666666666667,64.0,9.833333333333334,2.5,55.833333333333336,63.5,26.166666666666668,190.16666666666663,0.0,0.0,51.47678665797671,37.012446580791
2829.0,673.0,2038.9324279436516,0.3300746953535623,7.0,0.0,7.0,0.0,89.77654777551533,0.0,0.0,7.0,0.0,0.0,0.0,0.0,0.0,0.0,0.0,34.76040085989455,48.016146915620766
2835.0,339.6666666666667,895.5244195845312,0.3792935840032719,253.0,0.0,0.1666666666666666,252.83333333333331,307.30398551802926,0.0,0.0,0.1666666666666666,0.0,0.0,252.83333333333331,0.0,0.0,0.0,0.0,30.29591206021887,24.008073457810383
2828.0,720.3333333333334,2340.281956523032,0.3077976699882505,32.0,0.0,0.0,32.0,122.47543440011812,0.0,0.0,0.0,0.0,0.0,31.83333333333333,0.0,0.1666666666666666,0.0,0.0,38.45794190819563,52.017492491922496
2839.0,730.0,1716.9457970007877,0.4251735851389053,1120.8333333333333,290.8333333333333,56.16666666666667,773.8333333333333,1267.7958610785277,204.16666666666663,86.66666666666667,38.5,17.666666666666668,32.833333333333336,138.66666666666666,99.83333333333331,502.5,0.0,0.0,94.61163913854314,52.35088860665101
2840.0,590.0,1550.840215303031,0.3804389350870136,26.0,4.0,8.5,13.5,99.50296227130794,4.0,0.0,1.3333333333333333,7.166666666666667,0.0,1.5,0.5,11.5,0.0,0.0,31.48883372013977,42.01412855116817
2847.0,843.0,2215.3799354441103,0.3805216371750728,420.83333333333337,36.83333333333333,8.833333333333334,375.1666666666667,545.9586729278725,31.83333333333333,5.0,7.5,1.3333333333333333,19.5,72.16666666666667,51.5,232.0,0.0,0.0,64.60500793777705,60.52033165676215
2849.0,446.6666666666667,1284.9914568314596,0.3476028298025111,878.1666666666667,243.33333333333331,12.666666666666668,622.1666666666667,977.9003374272752,226.33333333333331,17.0,9.833333333333334,2.833333333333333,63.5,49.66666666666666,156.83333333333334,352.1666666666667,0.0,0.0,67.7229061501945,32.010764610413844
2850.0,87.0,278.5758752062838,0.31230270724475695,1214.3333333333333,103.0,41.33333333333333,1070.0,1286.8570861332275,87.66666666666667,15.333333333333334,21.0,20.33333333333333,109.66666666666669,189.0,384.1666666666667,387.1666666666667,0.0,0.0,66.52173443544154,6.002018364452596
2846.0,381.5,803.4302126090907,0.47483900158683595,797.3333333333333,200.5,53.0,543.8333333333333,884.601643464023,154.33333333333334,46.16666666666666,22.33333333333333,30.666666666666668,69.5,65.5,66.5,342.3333333333333,0.0,0.0,60.25922749065313,27.00908264003668
2856.0,261.0,626.1154105119264,0.4168560549988706,1187.8333333333333,249.3333333333333,79.16666666666666,859.3333333333333,1280.9010778120478,107.83333333333331,141.5,77.33333333333333,1.8333333333333333,120.33333333333331,252.0,214.5,272.5,0.0,0.0,74.0613529912815,19.00639148743322
2858.0,557.1666666666666,1538.858755909905,0.3620648513236824,0.0,0.0,0.0,0.0,68.49481240899067,0.0,0.0,0.0,0.0,0.0,0.0,0.0,0.0,0.0,0.0,28.481356645973374,40.0134557630173
2859.0,521.0,1562.3203250649317,0.3334783473282579,55.0,0.0,0.0,55.0,121.45655083858404,0.0,0.0,0.0,0.0,0.0,55.0,0.0,0.0,0.0,0.0,29.444104257793036,37.012446580791
2863.0,689.0,1829.1236668754052,0.3766831146944712,312.33333333333337,5.166666666666667,7.0,300.1666666666667,412.86944243381794,5.166666666666667,0.0,3.8333333333333335,3.1666666666666665,59.333333333333336,1.1666666666666667,58.833333333333336,180.83333333333331,0.0,0.0,51.18622967605986,49.34987942442471
2864.0,247.16666666666663,747.3022695559577,0.33074523755097324,897.6666666666666,5.833333333333333,2.1666666666666665,889.6666666666666,974.1943500332968,4.5,1.3333333333333333,2.1666666666666665,0.0,201.66666666666663,190.0,143.0,355.0,0.0,0.0,58.52162827327248,18.006055093357784
2865.0,603.0,1559.7912694199902,0.3865901879449717,1378.5,475.0,32.0,871.5,1522.8056202825978,383.0,92.0,29.5,2.5,52.5,110.16666666666669,161.5,547.3333333333334,0.0,0.0,101.29115533735416,43.0144649452436
2866.0,527.1666666666666,1357.8236243079398,0.3882438464239822,1603.6666666666667,342.33333333333337,57.66666666666666,1203.6666666666667,1750.603843913582,188.0,154.33333333333334,54.0,3.6666666666666665,102.66666666666669,95.0,151.66666666666666,854.3333333333334,0.0,0.0,108.92439427204886,38.01278297486643
2867.0,295.0,710.7300842459125,0.4150661503417239,2337.333333333333,599.3333333333333,45.333333333333336,1692.6666666666663,2492.9008845113062,417.8333333333333,181.5,39.0,6.333333333333333,118.16666666666669,243.83333333333331,249.16666666666663,1081.5,0.0,0.0,134.56048690238893,21.007064275584085
2873.0,488.6666666666667,1340.5713869268818,0.36452118211092316,71.00000000000001,1.1666666666666667,0.0,69.83333333333334,134.6209453637232,1.0,0.1666666666666666,0.0,0.0,11.666666666666666,28.83333333333333,1.3333333333333333,28.0,0.0,0.0,28.609171571083056,35.011773792640135
2874.0,668.3333333333334,1473.8299868874562,0.4534670479495192,1486.166666666667,221.66666666666669,37.66666666666666,1226.8333333333337,1644.317412271125,163.33333333333334,58.333333333333336,31.5,6.166666666666667,143.83333333333334,169.33333333333334,214.16666666666663,699.5,0.0,0.0,110.13459868883751,48.016146915620766
2884.0,676.8333333333334,1412.427380544488,0.47919867786223136,42.0,2.0,0.0,40.0,127.76206520869326,2.0,0.0,0.0,0.0,1.0,0.0,26.0,13.0,0.0,0.0,36.74558189899708,49.01648330969619
2885.0,18.0,40.21723798893917,0.4475692737763466,1587.8333333333337,295.1666666666667,80.16666666666667,1212.5,1670.9213566113845,239.5,55.66666666666666,45.333333333333336,34.833333333333336,219.66666666666663,134.66666666666666,359.6666666666667,498.5,0.0,0.0,82.08768688397578,1.0003363940754324
2896.0,0.0,0.0,0.0,1378.1666666666663,582.1666666666666,28.666666666666668,767.3333333333334,1448.616119676928,492.5,89.66666666666667,26.5,2.1666666666666665,55.66666666666666,73.33333333333333,90.5,547.8333333333334,0.0,0.0,70.44945301026158,0.0
2883.0,411.0,1172.8549281924998,0.3504269710776565,128.0,2.0,4.166666666666666,121.83333333333331,185.06263294554603,2.0,0.0,2.1666666666666665,2.0,2.0,108.66666666666669,2.333333333333333,8.833333333333334,0.0,0.0,27.5527295051223,29.50990344042373
2897.0,23.0,49.113413199479005,0.46830384006469306,1240.8333333333337,601.0,15.5,624.3333333333334,1307.438904295081,488.0,113.0,14.0,1.5,27.666666666666668,38.5,68.66666666666667,489.5,0.0,0.0,64.60489817359716,2.000672788150865
2875.0,95.0,228.4119783582124,0.4159151401903014,1103.0,82.83333333333333,50.333333333333336,969.8333333333331,1171.2425324977723,68.5,14.333333333333334,14.333333333333334,36.0,243.16666666666663,185.0,137.66666666666666,404.0,0.0,0.0,61.24017773924432,7.002354758528028
2876.0,463.0,1084.7096932622608,0.4268423181575238,19.0,0.0,0.0,19.0,76.65009102576747,0.0,0.0,0.0,0.0,5.666666666666667,0.1666666666666666,13.166666666666666,0.0,0.0,0.0,24.638990021278204,33.01110100448927
2877.0,318.8333333333333,955.3493056146956,0.33373482501061535,0.0,0.0,0.0,0.0,49.65373673549594,0.0,0.0,0.0,0.0,0.0,0.0,0.0,0.0,0.0,10.347826085172416,16.298173586588575,23.00773706373495
2886.0,214.33333333333331,629.7563914725985,0.3403432442061356,495.16666666666674,165.16666666666669,11.833333333333332,318.1666666666667,547.1122979904044,71.16666666666667,94.0,11.166666666666666,0.6666666666666666,28.666666666666668,30.33333333333333,63.333333333333336,195.83333333333331,0.0,0.0,36.27364513325937,15.671986190478409
2898.0,70.0,173.3935412601618,0.4037059252107386,3021.0,1921.6666666666663,27.5,1071.8333333333337,3184.008151173221,1056.8333333333333,864.8333333333334,4.833333333333333,22.666666666666668,255.0,42.333333333333336,122.16666666666669,652.3333333333334,0.0,0.0,158.00646920284422,5.001681970377162
2888.0,503.1666666666667,1393.4082607651228,0.36110498325191287,1425.0,215.33333333333331,91.16666666666669,1118.5,1559.5771107501669,157.83333333333334,57.5,24.5,66.66666666666667,276.8333333333333,126.0,152.66666666666666,563.0,0.0,0.0,98.5650005634514,36.01211018671557
2899.0,627.6666666666666,1550.0201107499097,0.4049409825805405,2740.833333333333,986.3333333333334,63.33333333333333,1691.1666666666663,2958.0407156362576,831.3333333333334,155.0,59.66666666666666,3.6666666666666665,177.16666666666666,183.16666666666663,248.83333333333331,1082.0,0.0,0.0,172.1922445695294,45.01513773339446
2900.0,203.0,539.8367711366209,0.3760395935471116,741.3333333333333,150.0,109.33333333333331,482.0,804.6112572889728,66.5,83.5,17.5,91.83333333333331,31.33333333333333,52.0,103.5,295.1666666666667,0.0,0.0,48.272878044508026,15.00504591113149
2901.0,8.0,19.577612686607893,0.4086300065315122,574.8333333333334,181.66666666666669,8.333333333333332,384.8333333333333,605.6274003539039,87.0,94.66666666666669,7.333333333333333,1.0,42.66666666666666,25.5,155.66666666666666,161.0,0.0,0.0,29.793730626495037,1.0003363940754324
2902.0,0.0,0.0,0.0,3451.4999999999995,1277.6666666666663,70.0,2103.833333333333,3629.7686769466895,627.0,650.6666666666666,54.0,16.0,130.0,207.66666666666663,281.8333333333333,1484.3333333333333,0.0,0.0,178.26867694668965,0.0
2905.0,509.0,1395.2608895461642,0.3648063267691551,0.0,0.0,0.0,0.0,62.86500503614975,0.0,0.0,0.0,0.0,0.0,0.0,0.0,0.0,0.0,0.0,26.019287915247336,36.845717120902414
2906.0,849.0,1648.2661038143594,0.5150867314660382,189.5,80.0,14.5,95.0,303.6051504500972,40.5,39.5,14.5,0.0,5.0,14.666666666666666,14.166666666666666,61.16666666666666,0.0,0.0,53.0846304114958,61.02052003860138
2904.0,517.0,1272.5276627960343,0.4062780048836288,236.0,18.166666666666668,26.166666666666664,191.66666666666663,311.50448033123564,16.0,2.1666666666666665,13.5,12.666666666666666,13.0,73.83333333333333,13.0,91.83333333333331,0.0,0.0,38.49203375044465,37.012446580791
2907.0,470.0,1368.9057243860088,0.34333993322352985,107.0,4.666666666666667,1.5,100.83333333333331,170.5066598929164,4.5,0.1666666666666666,1.5,0.0,5.166666666666667,60.0,5.333333333333333,30.33333333333333,0.0,0.0,29.495222494351705,34.01143739856471
2903.0,208.66666666666663,461.89933371622624,0.4517578862645939,1314.6666666666663,360.8333333333333,14.5,939.3333333333331,1407.5418148727272,239.0,121.83333333333331,9.0,5.5,244.16666666666663,64.5,300.6666666666667,330.0,0.0,0.0,77.87010229492903,15.00504591113149
2851.0,411.6666666666667,1277.3947039613158,0.32227052874890694,1853.0,72.16666666666667,15.833333333333334,1765.0,1998.2769540298443,58.833333333333336,13.333333333333334,13.0,2.833333333333333,86.83333333333333,189.33333333333331,1004.0,484.8333333333333,0.0,0.0,115.76702816266872,29.509925867175777
2861.0,110.0,248.2645968412844,0.4430756595968575,1905.0,552.3333333333334,79.16666666666667,1273.5,2016.006070506901,225.16666666666663,327.1666666666667,60.333333333333336,18.83333333333333,111.16666666666669,161.0,265.0,736.3333333333334,0.0,0.0,103.00337935429764,8.002691152603461
2862.0,643.1666666666666,1676.2712028073404,0.3836889076120387,124.33333333333331,17.5,6.166666666666666,100.66666666666666,210.5933362833617,15.166666666666666,2.333333333333333,4.0,2.1666666666666665,2.0,49.833333333333336,13.166666666666666,35.666666666666664,1.0110931710541573,0.0,39.2334356515043,46.0154741274699
2852.0,13.833333333333334,42.77415142403683,0.3234040389532947,911.3333333333331,86.0,66.33333333333333,759.0,959.636933289746,66.33333333333333,19.666666666666668,43.16666666666666,23.166666666666668,91.0,116.0,229.33333333333331,322.6666666666667,0.0,0.0,47.30326356233736,1.0003363940754324
2842.0,780.6666666666666,2428.648538728924,0.32144077424856304,701.8333333333334,65.0,20.0,616.8333333333334,893.8719767337706,21.5,43.5,8.0,12.0,125.16666666666669,45.5,310.1666666666667,136.0,0.0,51.73913042586207,84.28067490635091,56.01883806822423
2882.0,514.3333333333334,1416.3307233156663,0.36314493844295487,107.83333333333334,13.166666666666666,1.8333333333333333,92.83333333333334,176.64964161947137,13.166666666666666,0.0,1.5,0.3333333333333333,11.833333333333334,12.333333333333334,10.166666666666666,58.5,0.0,0.0,31.803861705347018,37.012446580791
2870.0,117.0,338.7282173539066,0.34540966475715024,495.6666666666666,73.5,0.5,421.6666666666666,648.8140505171991,3.5,70.0,0.3333333333333333,0.1666666666666666,284.0,6.833333333333333,84.83333333333333,46.0,0.0,113.82608694653076,31.318605751398337,8.002691152603461
2878.0,756.3333333333334,2193.3193024423213,0.34483503267907023,342.33333333333337,55.833333333333336,20.833333333333336,265.6666666666667,452.5138615496592,45.333333333333336,10.5,13.333333333333334,7.5,16.0,76.66666666666667,26.666666666666668,146.33333333333334,0.0,0.0,56.16236293625252,54.01816528007336
2879.0,146.0,405.5542177210589,0.36000118756111454,741.6666666666667,47.5,8.333333333333334,685.8333333333334,797.379329321693,40.333333333333336,7.166666666666667,6.5,1.8333333333333333,48.5,160.33333333333334,139.83333333333334,337.1666666666667,0.0,0.0,45.37590259954342,10.33676005548284
2881.0,612.0,1764.633731210585,0.346814179722243,0.0,0.0,0.0,0.0,75.29921606698886,0.0,0.0,0.0,0.0,0.0,0.0,0.0,0.0,0.0,0.0,31.28441472766983,44.01480133931904
2889.0,531.3333333333334,1445.9224753662238,0.36747013922634897,1510.8333333333333,7.666666666666667,8.666666666666668,1494.5,1653.2398097674434,5.666666666666667,2.0,5.666666666666667,3.0,280.6666666666667,52.0,194.33333333333331,967.5,0.0,0.0,104.39369345924337,38.01278297486643
2890.0,77.0,215.25251827207947,0.3577193921730193,1804.3333333333333,255.16666666666669,22.166666666666668,1527.0,1906.514293524487,126.66666666666669,128.5,20.5,1.6666666666666667,424.0,111.33333333333331,419.3333333333333,572.3333333333334,0.0,0.0,96.17894182670088,6.002018364452596
2880.0,457.5,1283.851014814639,0.35634975921723544,266.16666666666663,30.166666666666664,11.166666666666666,224.8333333333333,336.16764777038355,27.33333333333333,2.833333333333333,9.166666666666666,2.0,61.0,12.0,45.66666666666666,106.16666666666669,0.0,0.0,36.989880099227605,33.01110100448927
2891.0,552.8333333333334,1566.5803552905566,0.35289178206935856,813.3333333333334,187.5,19.833333333333336,606.0,923.1834112535104,160.0,27.5,10.0,9.833333333333334,159.16666666666666,140.16666666666666,120.5,186.16666666666663,0.0,0.0,69.8366221571599,40.0134557630173
2893.0,386.0,1053.2147377967774,0.36649696035157503,553.0,52.16666666666666,3.5,497.33333333333337,629.0092891845674,51.16666666666666,1.0,2.1666666666666665,1.3333333333333333,201.33333333333331,140.66666666666666,22.666666666666668,132.66666666666666,0.0,0.0,47.99987015045526,28.00941903411211
2894.0,686.1666666666666,1996.6175966588933,0.3436645393764367,0.0,0.0,0.0,0.0,84.09202377562829,0.0,0.0,0.0,0.0,0.0,0.0,0.0,0.0,0.0,0.0,35.07554046593211,49.01648330969619
2960.0,759.0,1919.4562088108505,0.39542449393529994,562.5,98.5,363.0,101.0,684.4042229772597,16.333333333333332,82.16666666666667,359.0,4.0,25.5,1.6666666666666667,16.0,57.833333333333336,0.0,0.0,67.55266158245787,54.35156139480187
2911.0,445.5,1183.7916854129824,0.37633310445543555,1264.0,313.33333333333337,46.333333333333336,904.3333333333331,1383.3964551253632,73.0,240.33333333333331,9.5,36.833333333333336,195.83333333333331,121.66666666666669,374.3333333333333,212.5,0.0,0.0,87.38569051494945,32.010764610413844
2910.0,348.0,974.6970644939656,0.35703400849029077,125.0,0.0,3.0,122.0,174.187335744136,0.0,0.0,3.0,0.0,4.0,0.0,95.0,23.0,0.0,0.0,24.178925892250188,25.00840985188581
2916.0,458.0,1450.0638662426734,0.3158481572172022,832.3333333333333,355.33333333333337,15.833333333333332,461.1666666666666,931.3036763684488,265.6666666666667,89.66666666666667,13.166666666666666,2.6666666666666665,27.166666666666668,55.5,91.66666666666669,286.8333333333333,0.0,0.0,65.95924203062596,33.01110100448927
2915.0,477.6666666666667,866.068098371853,0.5515347667979531,566.6666666666667,38.33333333333333,12.666666666666668,515.6666666666667,654.0622702840079,21.5,16.833333333333332,11.333333333333334,1.3333333333333333,55.833333333333336,64.5,222.33333333333331,173.0,0.0,0.0,53.38416621877653,34.01143739856471
2908.0,606.6666666666666,1687.329010892555,0.3595426041692693,811.0,157.16666666666669,22.5,631.3333333333334,927.3172051115164,83.0,74.16666666666667,20.83333333333333,1.6666666666666667,29.83333333333333,135.16666666666666,164.83333333333334,301.5,0.0,0.0,72.46914669393288,43.84805841758365
2918.0,82.5,202.98923817586024,0.4064254870917143,1683.1666666666663,219.66666666666663,87.83333333333333,1375.6666666666663,1779.4275818792205,202.0,17.666666666666668,83.5,4.333333333333333,39.0,41.5,78.83333333333333,1216.3333333333333,0.0,0.0,90.25889684810106,6.002018364452596
2917.0,353.0,847.2132924501228,0.4166601293272105,548.8333333333334,181.3333333333333,13.166666666666666,354.33333333333337,619.9419494887582,167.16666666666666,14.166666666666666,12.166666666666666,1.0,24.83333333333333,35.166666666666664,40.833333333333336,253.5,0.0,0.0,46.10020630353907,25.00840985188581
2981.0,228.0,506.1396922590064,0.45046852378320446,1876.1666666666663,581.8333333333333,59.66666666666666,1234.6666666666663,1999.7326081009744,351.8333333333333,230.0,54.66666666666666,5.0,139.0,138.16666666666666,269.1666666666667,688.3333333333334,0.0,0.0,107.56055912910097,16.005382305206922
2961.0,322.0,1249.983682460747,0.2576033627623868,25.0,0.0,0.1666666666666666,24.83333333333333,65.74576514959291,0.0,0.0,0.1666666666666666,0.0,0.0,24.83333333333333,0.0,0.0,0.0,0.0,17.73802808585796,23.00773706373495
2962.0,401.0,1171.742168238647,0.34222545784349456,550.0000000000001,0.1666666666666666,0.1666666666666666,549.6666666666667,627.6231983954814,0.1666666666666666,0.0,0.1666666666666666,0.0,0.0,517.8333333333334,0.3333333333333333,31.5,0.0,0.0,48.61344296729372,29.009755428187542
2964.0,647.0,1863.893514334016,0.3471228345526908,1375.0,486.33333333333337,45.16666666666666,843.5,1524.7095900569714,102.16666666666669,384.1666666666667,43.16666666666666,2.0,31.166666666666668,140.33333333333334,277.6666666666667,394.3333333333333,0.0,0.0,103.360719814773,46.348870242198416
2965.0,173.0,665.060174431944,0.26012683761701205,613.5,246.33333333333331,5.5,361.6666666666666,665.7083730563659,47.833333333333336,198.5,4.833333333333333,0.6666666666666666,13.0,136.66666666666666,34.833333333333336,177.16666666666666,0.0,0.0,40.20433632746074,12.004036728905191
2968.0,189.5,772.4345650011065,0.2453282240156207,378.5,236.16666666666663,5.333333333333333,137.0,421.5401058533055,10.5,225.66666666666663,4.333333333333333,1.0,5.833333333333333,21.5,18.0,91.66666666666669,0.0,0.0,29.03539633624932,14.004709517056057
2963.0,826.0,1933.441758341264,0.4272174201454307,17.0,0.0,0.0,17.0,119.11252066940804,0.0,0.0,0.0,0.0,0.0,17.0,0.0,0.0,0.0,0.0,43.09267341895751,59.01984725045052
2966.0,2.0,10.07762041095014,0.19845954882631225,15770.666666666666,12.166666666666668,37.333333333333336,15721.166666666666,16576.937745207768,9.333333333333334,2.833333333333333,14.333333333333334,23.0,4.0,15656.666666666666,16.5,44.0,0.0,0.0,806.2710785411009,0.0
2970.0,494.0,1429.26356139753,0.34563254345963185,15.500000000000002,0.6666666666666666,0.1666666666666666,14.666666666666668,77.05601784205344,0.3333333333333333,0.3333333333333333,0.0,0.1666666666666666,0.0,12.333333333333334,0.8333333333333334,1.5,0.0,0.0,26.04409603717711,35.51192180487632
2972.0,850.0,1917.044684226965,0.4433908124279099,2115.5,270.0,30.83333333333333,1814.6666666666667,2328.1117796512253,148.66666666666666,121.33333333333331,28.0,2.833333333333333,80.0,600.8333333333334,194.0,939.8333333333334,0.0,0.0,151.5912596126242,61.02052003860138
2973.0,585.0,1707.7882591831624,0.3425483205276317,99.5,30.5,2.333333333333333,66.66666666666666,176.5044265962722,9.333333333333334,21.166666666666668,1.8333333333333333,0.5,4.0,9.166666666666666,5.833333333333333,47.66666666666666,0.0,0.0,34.99029804510402,42.01412855116817
3004.0,498.0,1292.160635709394,0.38540099909992914,162.0,12.333333333333334,6.666666666666667,143.0,231.75014631543675,0.3333333333333333,12.0,0.6666666666666666,6.0,1.0,44.16666666666666,84.5,13.333333333333334,0.0,0.0,33.738036128721184,36.01211018671557
2974.0,466.0,1516.0906534235185,0.30736948278634585,156.0,21.166666666666664,6.0,128.83333333333334,221.14004496234787,17.333333333333332,3.8333333333333335,4.833333333333333,1.1666666666666667,6.166666666666667,12.666666666666666,12.333333333333334,97.66666666666669,0.0,0.0,31.79554784313009,33.344497119217785
3003.0,453.0,1324.9855733541046,0.34189051496859957,0.0,0.0,0.0,0.0,55.66747378372685,0.0,0.0,0.0,0.0,0.0,0.0,0.0,0.0,0.0,0.0,23.15656116107682,32.51091262265003
2976.0,416.0,1374.8135427797818,0.3025864868619752,0.0,0.0,0.0,0.0,51.27527823066906,0.0,0.0,0.0,0.0,0.0,0.0,0.0,0.0,0.0,0.0,21.26518640840608,30.01009182226298
2978.0,291.0,1018.3870299869524,0.28574598009533597,121.33333333333334,30.833333333333336,8.333333333333332,82.16666666666667,163.4179843301543,7.166666666666667,23.666666666666668,0.1666666666666666,8.166666666666666,5.833333333333333,1.0,67.66666666666667,7.666666666666667,0.0,0.0,21.07758672123684,21.007064275584085
2980.0,440.0,1417.6639665842338,0.31036974231640413,550.5,14.666666666666668,0.8333333333333333,535.0,633.1435648981939,2.833333333333333,11.833333333333334,0.3333333333333333,0.5,3.0,63.0,441.5,27.5,0.0,0.0,50.63280028777998,32.010764610413844
2977.0,479.0,1246.4235388966265,0.38429954590237114,319.0,56.16666666666666,7.666666666666667,255.16666666666669,393.8032720321536,30.33333333333333,25.83333333333333,5.666666666666667,2.0,68.83333333333333,50.0,22.166666666666668,114.16666666666669,0.0,0.0,40.791834633588856,34.01143739856471
2991.0,372.1666666666667,874.0452550531032,0.42579793725217974,1489.8333333333333,199.8333333333333,36.66666666666666,1253.3333333333333,1611.689270599482,89.33333333333333,110.5,31.83333333333333,4.833333333333333,340.8333333333333,171.83333333333334,232.33333333333331,508.3333333333333,0.0,0.0,95.18032252383531,26.67561474231373
2992.0,209.0,438.8153867840483,0.4762822961421222,74.16666666666666,16.833333333333332,3.333333333333333,54.0,103.6476174397672,16.5,0.3333333333333333,2.5,0.8333333333333334,4.333333333333333,12.666666666666666,14.833333333333334,22.166666666666668,0.0,0.0,14.475904861969036,15.00504591113149
2994.0,118.0,257.06944040304734,0.45901994346349856,0.0,0.0,0.0,0.0,14.03464306652634,0.0,0.0,0.0,0.0,0.0,0.0,0.0,0.0,0.0,0.0,6.031951913922879,8.002691152603461
3002.0,0.0,0.0,0.0,2700.1666666666665,205.0,60.83333333333333,2434.333333333333,2838.194085377157,164.66666666666666,40.333333333333336,53.66666666666666,7.166666666666667,94.83333333333331,287.3333333333333,1238.0,814.1666666666666,0.0,0.0,138.02741871049065,0.0
2913.0,368.66666698910655,993.1936518327748,0.3711931367148724,57.000000049852815,0.0,0.0,57.000000049852815,104.93477226732406,0.0,0.0,0.0,0.0,0.0,57.000000049852815,0.0,0.0,0.0,0.0,21.759327891252422,26.175444326218834
2914.0,384.0,1042.8603489241748,0.36821804606545666,115.83333333333331,0.1666666666666666,1.1666666666666667,114.5,169.3932728173883,0.0,0.1666666666666666,1.1666666666666667,0.0,16.0,90.5,2.833333333333333,5.166666666666667,0.0,0.0,25.55052044994284,28.00941903411211
2921.0,517.0,1369.8774295210624,0.37740602834864867,402.33333333333337,121.16666666666669,3.666666666666667,277.5,486.3405883557245,10.166666666666666,111.0,3.333333333333333,0.3333333333333333,34.0,99.0,74.33333333333333,70.16666666666667,0.0,0.0,46.99480844160019,37.012446580791
2982.0,246.66666666666663,650.4125053885474,0.37924650067930565,1869.1666666666663,88.66666666666667,16.666666666666664,1763.8333333333333,1995.330259313888,70.16666666666667,18.5,14.166666666666666,2.5,38.833333333333336,78.16666666666667,1274.8333333333333,372.0,0.0,0.0,108.15753755386343,18.006055093357784
2920.0,349.0,1273.8806810926385,0.27396600417917805,0.0,0.0,0.0,0.0,42.84867441086111,0.0,0.0,0.0,0.0,0.0,0.0,0.0,0.0,0.0,0.0,17.840264558975296,25.00840985188581
2923.0,0.0,0.0,0.0,1003.8333333333331,204.66666666666663,53.83333333333333,745.3333333333333,1064.1633722527074,172.5,32.166666666666664,50.66666666666666,3.1666666666666665,33.0,221.83333333333331,129.16666666666666,361.3333333333333,0.0,0.0,60.33003891937414,0.0
2925.0,424.0,1056.9000634693057,0.40117321841027,0.0,0.0,0.0,0.0,52.18447764225968,0.0,0.0,0.0,0.0,0.0,0.0,0.0,0.0,0.0,0.0,21.67423780776052,30.510239834499163
2984.0,339.0,660.0866503208787,0.5135689380101941,343.6666666666667,15.666666666666666,6.166666666666666,321.83333333333337,402.5715408531784,12.5,3.1666666666666665,5.333333333333333,0.8333333333333334,5.0,15.166666666666666,262.6666666666667,39.0,0.0,0.0,34.89680072870129,24.008073457810383
2927.0,511.5,1359.6515586052976,0.3761993260425385,68.0,8.333333333333332,1.1666666666666667,58.5,134.63543900742076,6.833333333333333,1.5,1.0,0.1666666666666666,3.0,8.0,5.0,42.5,0.0,0.0,29.622992426629764,37.012446580791
2986.0,228.0,472.7611868343344,0.4822730933702814,330.0,0.1666666666666666,1.5,328.3333333333333,374.6956458204982,0.1666666666666666,0.0,0.3333333333333333,1.1666666666666667,0.0,165.83333333333334,156.66666666666666,5.833333333333333,0.0,0.0,28.523565457927063,16.17208036257118
2987.0,1006.5,2302.790261749649,0.43707845074664603,29.666666666666664,2.0,0.5,27.166666666666664,155.16558613877896,1.6666666666666667,0.3333333333333333,0.5,0.0,1.0,2.833333333333333,18.33333333333333,5.0,0.0,0.0,52.9745465967472,72.5243728753651
2969.0,638.3333333333334,1331.2178233596137,0.47951080742170527,550.0,56.16666666666667,7.333333333333333,486.5,755.5983647141213,42.333333333333336,13.833333333333334,6.0,1.3333333333333333,23.0,33.833333333333336,203.83333333333331,225.83333333333331,0.0,0.0,159.74958863532206,45.8487760787992
2975.0,435.6666666666667,984.0046865847112,0.4427485687886111,790.0,298.33333333333337,6.333333333333334,485.3333333333333,883.8340986759017,137.5,160.83333333333334,2.1666666666666665,4.166666666666667,20.5,25.33333333333333,51.16666666666666,388.3333333333333,0.0,0.0,62.65702624234248,31.177072433559257
2988.0,483.6666666666667,1100.0146381714155,0.4396911185388215,144.66666666666669,24.5,1.5,118.66666666666669,211.79785887279004,22.5,2.0,1.1666666666666667,0.3333333333333333,8.0,55.333333333333336,24.83333333333333,30.5,0.0,0.0,32.119418413483245,35.011773792640135
2990.0,136.16666666666666,349.2816483624417,0.3898477555435996,1031.1666666666663,326.5,136.16666666666666,568.5,1100.6751711834872,50.16666666666666,276.3333333333333,107.5,28.666666666666668,66.83333333333333,16.833333333333332,31.666666666666668,453.1666666666667,0.0,0.0,59.67188349780137,9.83662101901894
2937.0,962.6666666675407,2683.0322377929424,0.35879802452892945,1097.83333333433,263.0000000002388,50.1666666667122,784.6666666673791,1274.1768465499285,211.66666666685882,51.33333333337994,50.0000000000454,0.16666666666681793,1.1666666666677261,104.50000000009489,211.16666666685836,467.8333333337581,1.6849803347423185,0.0,105.30214540991761,69.35638747093853
2938.0,649.3333333333334,1861.3600167421637,0.34884886722227215,398.0,73.16666666666667,81.5,243.3333333333333,500.279210590962,61.0,12.166666666666666,48.333333333333336,33.166666666666664,8.0,40.16666666666666,62.66666666666666,132.5,2.0221863421083146,0.0,53.574816249295615,46.682207999558045
2940.0,442.3333333333333,1139.427967660922,0.38820649122855794,68.0,0.0,0.0,68.0,127.10913248870112,0.0,0.0,0.0,0.0,0.0,68.0,0.0,0.0,1.0110931710541573,0.0,26.087274707233124,32.010764610413844
2941.0,505.5,1519.3649217116108,0.33270479841705103,0.0,0.0,0.0,0.0,61.85245391125064,0.0,0.0,0.0,0.0,0.0,0.0,0.0,0.0,0.0,0.0,25.84034372453507,36.01211018671557
2943.0,707.3333333333334,1857.6315730144768,0.3807715930374214,0.0,0.0,0.0,0.0,96.1747773609026,0.0,0.0,0.0,0.0,0.0,0.0,0.0,0.0,0.0,0.0,45.157621263055546,51.01715609784706
2944.0,167.0,438.545145710742,0.3808045799466009,0.0,0.0,0.0,0.0,20.540782234202823,0.0,0.0,0.0,0.0,0.0,0.0,0.0,0.0,0.0,0.0,8.536745505297633,12.004036728905191
2945.0,60.78929648929428,188.4896227721478,0.3225073910980144,57.91941553915592,5.21796536388792,0.13044913409719797,52.5710010411708,71.19928817680432,4.9570670956935245,0.260898268194396,0.13044913409719797,0.0,5.348414497985118,22.43725106471806,2.7394318160411584,22.045903662426465,3.1655094877345182,0.0,6.069056813688623,4.04530633622525
2948.0,2.0,5.233508001215743,0.3821528503511221,353.8333333333333,3.5,326.16666666666663,24.166666666666668,375.0559869827605,3.5,0.0,4.333333333333333,321.8333333333333,0.0,15.333333333333334,0.3333333333333333,8.5,3.0332795131624715,0.0,18.18937413626472,0.0
2950.0,173.16666666666666,472.9854948422733,0.3661141167223588,236.5,20.33333333333333,24.166666666666664,192.0,272.4790334364573,19.33333333333333,1.0,23.83333333333333,0.3333333333333333,5.5,100.66666666666669,12.833333333333334,73.0,3.0332795131624715,0.0,20.94171719438961,12.004036728905191
2954.0,95.64708437041327,287.59245629763734,0.3325785578722742,12.409964371119331,2.4048895452908754,0.6792436120287206,9.325831213799733,33.65299612927772,2.037730836086162,0.36715870920471383,0.6792436120287206,0.0,0.0,1.8357935460235695,2.863837931796768,4.6261997359793945,9.211208164527344,0.0,5.523269423449905,6.508554170181138
2957.0,831.1666666666666,2286.8682068873204,0.3634519314070906,84.83333333333333,5.5,1.8333333333333333,77.5,191.34535367066763,5.166666666666667,0.3333333333333333,1.6666666666666667,0.1666666666666666,20.5,10.166666666666666,25.666666666666668,21.166666666666668,0.0,0.0,46.82525075038788,59.68676958694642
2952.0,477.0,1180.557219436979,0.40404648935820886,153.16666666666669,39.0,23.166666666666668,91.0,224.39145874836996,35.166666666666664,3.8333333333333335,6.0,17.166666666666668,7.666666666666667,13.833333333333334,9.833333333333334,59.66666666666666,0.0,0.0,37.21335468313856,34.01143739856471
2953.0,329.8333333333333,905.8925783363336,0.36409762175010896,72.33333333333333,1.3333333333333333,0.5,70.5,116.73528926623358,1.3333333333333333,0.0,0.5,0.0,0.0,65.5,2.1666666666666665,2.833333333333333,0.0,0.0,20.56058053245412,23.841375400446125
2929.0,366.3333333333333,976.1833547652878,0.3752710303295573,321.8333333333333,32.666666666666664,161.66666666666666,127.5,383.0163308697496,30.0,2.6666666666666665,76.83333333333333,84.83333333333333,5.0,14.333333333333334,18.83333333333333,89.33333333333333,0.0,0.0,35.17425129045506,26.008746245961248
2995.0,278.0,674.6104050039293,0.41208970086724467,190.50000000000003,20.166666666666668,5.666666666666667,164.66666666666669,234.45538896111728,17.666666666666668,2.5,4.5,1.1666666666666667,11.0,24.0,23.166666666666668,106.5,0.0,0.0,23.948661079608616,20.00672788150865
2997.0,307.6666666666667,739.6539136955007,0.4159603038257245,2195.1666666666665,148.66666666666666,868.3333333333333,1178.1666666666667,2345.4468452629835,108.5,40.16666666666666,19.666666666666668,848.6666666666666,72.5,188.5,409.1666666666667,508.0,0.0,0.0,127.93925618589395,22.34092241042269
3006.0,220.66666666666663,538.655982442899,0.4096615908096012,306.0,51.0,31.0,224.0,348.9274251748177,49.0,2.0,22.166666666666668,8.833333333333334,18.0,115.83333333333331,13.333333333333334,76.83333333333333,0.0,0.0,26.922042869610777,16.005382305206922
3018.0,350.3333333333333,1012.4767188223848,0.34601618666432865,0.0,0.0,0.0,0.0,43.42861034376038,0.0,0.0,0.0,0.0,0.0,0.0,0.0,0.0,0.0,0.0,17.919769808380966,25.50884053537942
3008.0,2147.5,5458.145366329669,0.393448663578575,842.3333333333334,129.0,18.0,695.3333333333334,1149.5547699738293,84.16666666666667,44.833333333333336,15.0,3.0,8.833333333333334,84.16666666666667,308.6666666666667,293.6666666666667,0.0,0.0,152.8363300609377,154.38510657955814
3007.0,467.3333333333333,1143.3984101034375,0.40872309179707184,222.66666666666669,22.166666666666668,23.166666666666668,177.33333333333334,291.28384609085373,19.5,2.6666666666666665,21.5,1.6666666666666667,14.333333333333334,30.0,29.0,104.0,0.0,0.0,35.27268230496923,33.344497119217785
3023.0,328.0,912.9489833108086,0.3592752782422829,0.0,0.0,0.0,0.0,40.77485504905364,0.0,0.0,0.0,0.0,0.0,0.0,0.0,0.0,0.0,0.0,16.766781591243255,24.008073457810383
3016.0,760.1666666666666,1463.3213693778869,0.5194803291841779,0.0,0.0,0.0,0.0,93.87695928812822,0.0,0.0,0.0,0.0,0.0,0.0,0.0,0.0,0.0,0.0,38.85845761397943,55.01850167414879
3021.0,1131.8333333333333,3322.938413044694,0.3406121909723489,276.3333333333333,42.66666666666667,16.833333333333332,216.8333333333333,429.50205042245454,30.166666666666668,12.5,15.666666666666666,1.1666666666666667,12.333333333333334,56.0,53.5,95.0,0.0,0.0,71.97477111164692,81.1939459774743
3022.0,168.0,504.97185222575416,0.3326918109583927,461.5,117.0,24.5,320.0,506.6943713158021,98.0,19.0,24.5,0.0,0.6666666666666666,66.0,84.83333333333333,168.5,1.0110931710541573,0.0,32.17924141584275,12.004036728905191
3025.0,1.0,2.212314619323858,0.45201527452981644,1765.1666666666667,715.6666666666667,40.5,1009.0,1858.4560059072155,351.1666666666667,364.5,37.5,3.0,55.5,129.83333333333334,164.16666666666666,659.5,0.0,0.0,93.28933924054888,0.0
2998.0,389.0,842.6799705708731,0.46162245880422687,2246.6666666666665,165.83333333333331,29.166666666666668,2051.6666666666665,2409.4067145110066,120.83333333333331,45.0,26.0,3.1666666666666665,66.66666666666667,1145.3333333333333,143.33333333333334,696.3333333333334,0.0,0.0,134.73062881022835,28.00941903411211
2999.0,249.0,543.8331449996801,0.4578610227961491,273.6666666666667,17.166666666666668,14.333333333333334,242.16666666666669,318.39073777426296,10.5,6.666666666666667,11.833333333333334,2.5,25.166666666666668,18.0,112.0,87.0,0.0,0.0,26.718016014238533,18.006055093357784
3000.0,336.0,709.1860629858966,0.47378257630350806,467.3333333333333,95.5,7.333333333333334,364.5,532.4064035318029,80.5,15.0,6.166666666666667,1.1666666666666667,22.83333333333333,35.166666666666664,61.333333333333336,245.16666666666663,0.0,0.0,41.064996740659176,24.008073457810383
3001.0,368.0,1071.161061996913,0.34355244328425794,54.0,5.5,1.8333333333333333,46.66666666666666,101.58064207371936,5.166666666666667,0.3333333333333333,1.8333333333333333,0.0,5.0,13.666666666666666,5.333333333333333,22.666666666666668,0.0,0.0,21.57189582775809,26.008746245961248
3011.0,331.0,697.3186045714805,0.4746754178506505,489.1666666666667,95.5,27.83333333333333,365.83333333333337,555.1002274931618,81.5,14.0,24.0,3.8333333333333335,25.33333333333333,48.833333333333336,67.33333333333333,224.33333333333331,0.0,0.0,41.925487368684834,24.008073457810383
3012.0,281.0,575.2949255496504,0.48844512183299016,505.50000000000006,31.666666666666668,2.333333333333333,471.50000000000006,565.7113668432498,30.0,1.6666666666666667,2.1666666666666665,0.1666666666666666,6.5,240.33333333333331,193.0,31.666666666666668,0.0,0.0,40.20463896174122,20.00672788150865
3020.0,447.8333333333333,1127.0452694069702,0.3973516818618783,321.3333333333333,27.666666666666668,106.0,187.66666666666663,392.6613291717754,25.5,2.1666666666666665,105.16666666666669,0.8333333333333334,14.0,11.333333333333334,79.83333333333333,82.5,0.0,0.0,39.31723122802824,32.010764610413844
3013.0,446.3333333333333,1314.6706047630903,0.33950202561482284,137.33333333333334,19.166666666666668,10.333333333333332,107.83333333333334,199.180384712934,17.5,1.6666666666666667,2.1666666666666665,8.166666666666666,4.0,57.5,13.0,33.333333333333336,0.0,0.0,29.836286769186785,32.010764610413844
3027.0,0.0,0.0,0.0,1182.1666666666667,123.33333333333331,417.6666666666667,641.1666666666667,1242.5968645085022,105.0,18.33333333333333,214.83333333333331,202.83333333333331,31.5,222.5,95.66666666666669,291.5,0.0,0.0,60.4301978418358,0.0
3033.0,0.0,0.0,0.0,1132.8333333333337,83.5,340.83333333333337,708.5,1190.7407236864365,74.33333333333333,9.166666666666666,293.1666666666667,47.66666666666666,111.33333333333331,71.5,83.66666666666667,442.0,0.0,0.0,57.90739035310308,0.0
3034.0,0.0,0.0,0.0,98.83333333333331,0.0,98.83333333333331,0.0,104.89653409430429,0.0,0.0,0.5,98.33333333333331,0.0,0.0,0.0,0.0,1.0110931710541573,0.0,5.052107589916782,0.0
3028.0,0.0,0.0,0.0,2806.0,180.33333333333331,43.333333333333336,2582.333333333333,2949.4383986742723,101.16666666666669,79.16666666666667,42.0,1.3333333333333333,893.3333333333334,35.0,1478.1666666666667,175.83333333333334,0.0,0.0,143.43839867427195,0.0
3035.0,919.3333333333334,2405.586777092244,0.38216594058792536,224.0,25.5,4.0,194.5,348.46987901636004,19.83333333333333,5.666666666666667,3.8333333333333335,0.1666666666666666,4.166666666666667,100.5,18.666666666666668,71.16666666666667,0.0,0.0,58.44767700738152,66.02220200897854
3037.0,0.0,0.0,0.0,73.33333333333333,9.5,7.333333333333333,56.5,81.12628086327499,6.666666666666667,2.833333333333333,6.333333333333333,1.0,4.5,16.833333333333332,15.166666666666666,20.0,4.044372684216629,0.0,3.748574845725024,0.0
3032.0,617.666667926425,1855.29410101497,0.33292116198101424,352.6666673859459,0.6666666680263627,2.50000000509886,349.5000007128207,456.2832551106904,0.6666666680263627,0.0,0.500000001019772,2.000000004079088,86.83333351043375,228.50000046603583,23.66666671493588,10.500000021415213,0.0,0.0,59.601786295655316,44.01480142908917
3041.0,1.3333333333333333,3.6191176314475406,0.36841392546835766,2047.1666666666667,209.8333333333333,521.3333333333334,1316.0,2154.8881141327506,142.66666666666666,67.16666666666667,425.6666666666667,95.66666666666669,502.8333333333333,249.66666666666663,112.33333333333331,451.1666666666667,0.0,0.0,107.72144746608392,0.0
3043.0,0.0,0.0,0.0,1586.0,430.1666666666666,157.0,998.8333333333331,1670.102385698736,329.8333333333333,100.33333333333331,79.33333333333333,77.66666666666667,63.16666666666666,158.16666666666666,191.5,586.0,3.0332795131624715,0.0,81.06910618557369,0.0
3044.0,0.0,0.0,0.0,621.8333333333333,42.333333333333336,464.1666666666666,115.33333333333331,653.6200645845095,41.833333333333336,0.5,389.3333333333333,74.83333333333333,47.16666666666666,7.666666666666667,8.5,52.0,0.0,0.0,31.78673125117625,0.0
3039.0,0.0,0.0,0.0,1789.3333333333337,280.33333333333337,929.0,580.0,1881.8106869168237,269.6666666666667,10.666666666666666,794.0,135.0,87.0,91.66666666666669,85.0,316.3333333333333,1.0110931710541573,0.0,91.46626041243567,0.0
3051.0,362.3333333333333,1147.7472604474783,0.3156908718667457,758.1666666666667,116.66666666666669,212.5,429.0,841.4524887088005,92.66666666666669,24.0,52.333333333333336,160.16666666666666,83.83333333333333,81.16666666666667,56.5,207.5,0.0,0.0,57.27707579617263,26.008746245961248
3045.0,0.0,0.0,0.0,1956.666666666667,295.5,1200.3333333333337,460.83333333333337,2067.525638418483,32.166666666666664,263.3333333333333,962.3333333333334,238.0,168.66666666666666,22.33333333333333,129.33333333333334,140.5,0.0,0.0,110.85897175181618,0.0
3048.0,0.0,0.0,0.0,1198.0,264.6666666666667,57.0,876.3333333333333,1263.7686373035988,217.5,47.16666666666666,55.5,1.5,17.333333333333332,192.83333333333331,215.83333333333331,450.3333333333333,3.0332795131624715,0.0,62.735357790436446,0.0
3050.0,0.0,0.0,0.0,36.5,4.5,22.5,9.5,42.39681351606893,4.0,0.5,17.5,5.0,0.0,1.0,1.6666666666666667,6.833333333333333,3.0332795131624715,0.0,2.863534002906461,0.0
3054.0,0.0,0.0,0.0,799.1666666666667,182.5,145.33333333333334,471.33333333333337,843.0451736944812,161.66666666666666,20.83333333333333,95.66666666666669,49.66666666666666,19.0,90.83333333333331,121.66666666666669,239.83333333333331,3.0332795131624715,0.0,40.84522751465189,0.0
3056.0,485.8333333333333,1756.4168292799711,0.2766048043006379,44.0,0.0,0.0,44.0,106.09577690052834,0.0,0.0,0.0,0.0,0.0,43.833333333333336,0.0,0.1666666666666666,0.0,0.0,27.08400310788819,35.011773792640135
3141.0,325.6666666666667,1001.8651519146296,0.32506037967714163,1193.3333333333337,310.0,164.33333333333334,719.0,1295.643389133472,230.5,79.5,51.833333333333336,112.5,44.333333333333336,93.16666666666669,105.16666666666669,476.3333333333333,0.6740780530199837,0.0,78.12781449755526,23.50816324956368
3061.0,0.0,0.0,0.0,1264.6666666666667,235.16666666666669,116.5,913.0,1340.8395192950225,158.0,77.16666666666667,68.0,48.5,15.166666666666666,206.33333333333331,230.83333333333331,460.6666666666667,3.0332795131624715,0.0,73.13957311519337,0.0
3062.0,1019.8333333333334,2959.1483399370136,0.3446374484068754,196.83333333333331,30.33333333333333,7.666666666666667,158.83333333333334,332.3839018833685,21.33333333333333,9.0,7.666666666666667,0.0,2.1666666666666665,78.66666666666667,20.0,58.0,0.1686507936507937,0.0,62.19066297353146,73.19125478285284
3063.0,456.3333333333333,1114.2363861484891,0.40954804474723006,512.6666666666666,37.5,49.5,425.6666666666666,595.2115325454834,35.666666666666664,1.8333333333333333,2.5,47.0,16.5,32.666666666666664,202.16666666666663,174.33333333333334,0.0,0.0,49.53376487432741,33.01110100448927
3040.0,0.0,0.0,0.0,1510.0,2.5,1258.8333333333333,248.66666666666663,1588.198654992878,2.5,0.0,1190.5,68.33333333333333,0.0,1.0,1.0,246.66666666666663,1.0110931710541573,0.0,77.18756182182376,0.0
3046.0,258.6666666666667,797.7049099656957,0.3242636010323546,433.6666666666667,31.166666666666668,224.83333333333331,177.66666666666669,502.0757841659071,16.666666666666668,14.5,207.33333333333331,17.5,5.166666666666667,106.66666666666669,6.833333333333333,59.0,1.0110931710541573,0.0,48.391632840753005,19.00639148743322
3148.0,327.0,821.2046782644278,0.3981954909111052,2316.5,496.6666666666667,589.3333333333334,1230.5,2474.9663425949325,345.6666666666667,151.0,200.16666666666663,389.1666666666667,127.66666666666669,196.66666666666663,160.5,745.6666666666666,0.0,0.0,135.12520941646878,23.341133178463465
3069.0,323.5,857.7376728871292,0.3771549393547155,2591.5,957.0,144.5,1490.0,2765.8567128848463,670.8333333333334,286.1666666666667,80.83333333333333,63.66666666666666,80.33333333333333,188.83333333333331,171.0,1049.8333333333333,2.0221863421083146,0.0,148.9933350431272,23.341191499611096
3070.0,1130.6666666666667,3072.969919565532,0.367939386411737,187.16666666666669,26.833333333333336,10.166666666666666,150.16666666666669,336.54628200195776,19.166666666666668,7.666666666666667,10.166666666666666,0.0,4.333333333333333,38.16666666666666,36.333333333333336,71.33333333333333,1.0110931710541573,0.0,67.34091540594616,81.02760675829074
3080.0,498.0,1614.62460638395,0.3084308253639843,0.0,0.0,0.0,0.0,61.46932302104936,0.0,0.0,0.0,0.0,0.0,0.0,0.0,0.0,0.0,0.0,25.4572128343338,36.01211018671557
3072.0,542.0,1521.9947283677884,0.35611161451344153,723.3333333333334,71.0,175.16666666666666,477.16666666666674,827.0278643901527,51.5,19.5,57.16666666666666,118.0,73.0,115.16666666666669,118.16666666666669,170.83333333333334,0.0,0.0,64.68141168787749,39.013119368941865
3082.0,1073.015516613341,3234.3878052479085,0.3317522762336463,1245.3322610387709,170.50670296703345,57.58142491838095,1017.2441331533564,1441.6990104356269,104.34873274188524,66.1579702251482,22.078673892596047,35.5027510257849,13.171366726951785,128.33469044283436,342.60269762936997,533.1353783542004,1.0108171866159203,0.0,118.45961606422017,76.89631614601964
3081.0,617.6666666666666,1833.0758637918168,0.33695641237072954,229.5,46.66666666666666,12.333333333333334,170.5,317.1598441378087,37.66666666666666,9.0,12.333333333333334,0.0,0.0,31.666666666666668,32.833333333333336,106.0,0.0,0.0,43.311646683761154,44.34819745404755
3094.0,240.98144814565143,676.2636582311052,0.35634244900278056,1553.414832233136,295.66617248263,93.14836190433647,1164.6002978461697,1674.4204159644582,212.34877225685145,83.31740022577853,93.02547488335449,0.12288702098197417,1.2288702098197422,199.8142961166901,246.38847706885832,717.1686544508016,3.8517864996952613,0.0,99.82041721254606,17.333380019081037
3073.0,297.3333333333333,678.7242285707927,0.43807679292580415,237.00000000000003,45.5,44.833333333333336,146.66666666666669,285.3206754907647,40.66666666666666,4.833333333333333,4.5,40.333333333333336,27.166666666666668,25.33333333333333,10.0,84.16666666666667,0.0,0.0,27.313611215180632,21.007064275584085
3074.0,339.0,724.827665234628,0.46769738002517486,871.1666666666665,87.0,78.33333333333333,705.8333333333333,957.0364654724448,42.833333333333336,44.16666666666666,6.833333333333333,71.5,20.33333333333333,248.0,253.83333333333331,183.66666666666663,0.0,0.0,61.8617253479678,24.008073457810383
3075.0,519.6666666666666,1238.3122002552,0.4196572290570747,42.0,0.0,0.0,42.0,107.72376223868378,0.0,0.0,0.0,0.0,0.0,41.833333333333336,0.1666666666666666,0.0,0.0,0.0,28.71131565789278,37.012446580791
3076.0,336.3333333333333,963.3312275167596,0.3491357112966443,469.0,18.83333333333333,18.33333333333333,431.8333333333333,534.341765219258,12.5,6.333333333333333,9.166666666666666,9.166666666666666,5.666666666666667,379.8333333333333,16.333333333333332,30.0,0.0,0.0,41.166948839712354,24.17481637954577
3078.0,494.33334306039575,1331.4982184552935,0.37126098721625406,0.0,0.0,0.0,0.0,60.61593804837676,0.0,0.0,0.0,0.0,0.0,0.0,0.0,0.0,0.0,0.0,25.27071360537205,35.34522444300471
3085.0,312.00000092679113,854.9599023896535,0.36492939616786274,43.00000012773083,0.0,0.0,43.00000012773083,86.32079981217471,0.0,0.0,0.0,0.0,0.16666666716174733,42.83333346056908,0.0,0.0,0.0,0.0,21.146700891552307,22.174098792891584
3084.0,317.5,902.8674884657096,0.3516573628534842,48.333333333333336,6.166666666666667,7.666666666666667,34.5,94.04368884163922,4.666666666666667,1.5,2.5,5.166666666666667,2.0,6.5,4.833333333333333,21.166666666666668,0.0,0.0,22.702618444570945,23.00773706373495
3089.0,252.83333333333331,687.1532604171343,0.36794314732618977,0.0,0.0,0.0,0.0,30.93045717421152,0.0,0.0,0.0,0.0,0.0,0.0,0.0,0.0,0.0,0.0,12.924402080853731,18.006055093357784
3092.0,233.99999902953232,666.539930414917,0.3510667378680056,0.0,0.0,0.0,0.0,28.96722854133604,0.0,0.0,0.0,0.0,0.0,0.0,0.0,0.0,0.0,0.0,11.96150991258146,17.005718628754575
3086.0,429.3333333333333,1123.649234425627,0.382088395719679,0.0,0.0,0.0,0.0,52.956876302926574,0.0,0.0,0.0,0.0,0.0,0.0,0.0,0.0,0.0,0.0,21.94644808658816,31.01042821633841
3099.0,150.0,449.2331485732743,0.3339023410814341,140.83333333333334,19.333333333333336,49.66666666666666,71.83333333333334,166.37919248247408,18.166666666666668,1.1666666666666667,15.666666666666666,34.0,7.166666666666667,10.666666666666666,13.666666666666666,40.333333333333336,0.0,0.0,14.875554929039517,10.670304220101244
3111.0,353.6666666666667,969.3389346403372,0.364853462527935,142.5,29.833333333333336,11.666666666666666,101.0,193.36979326804004,18.666666666666668,11.166666666666666,6.333333333333333,5.333333333333333,6.333333333333333,5.666666666666667,40.16666666666666,48.833333333333336,0.0,0.0,25.361280266115656,25.50851300192436
3108.0,620.1987521083985,1924.5072527397194,0.32226366059441264,17.691881993583475,2.293392110279339,1.6381372216280996,13.760352661676036,94.70782312538935,1.8019509437909094,0.49144116648842984,1.4743234994652896,0.16381372216280987,0.0,7.699244941652067,1.4743234994652896,4.586784220558679,0.0,0.0,32.607512961607576,44.40842817019831
3115.0,303.3333333333333,724.7013874394124,0.4185632021557197,510.5,134.33333333333334,83.16666666666666,293.0,573.9418465477873,98.66666666666669,35.666666666666664,70.83333333333333,12.333333333333334,13.0,103.0,20.166666666666668,156.83333333333334,0.0,0.0,41.60117533801644,21.84067120977093
3110.0,599.1402497108166,1950.53486180605,0.3071671578102723,27.360635420167895,6.323793685022461,1.8391310062653716,19.197710728880065,108.8457493481774,3.7590914791331116,2.5647022058893496,1.623266113511696,0.21586489275367587,0.0,2.6902317964237366,3.753385588654276,12.75409334380205,0.0,0.0,38.41459218138884,43.070521746620685
3119.0,766.6666666666666,1943.8601014296275,0.39440424035804605,21.666666666666668,5.333333333333334,0.6666666666666666,15.666666666666666,116.98882297064844,4.666666666666667,0.6666666666666666,0.6666666666666666,0.0,0.0,4.333333333333333,3.5,7.833333333333333,0.0,0.0,40.30370846997641,55.01844783400538
3120.0,271.0,794.5502656576822,0.34107344961452135,311.33333333333337,34.0,3.666666666666667,273.6666666666667,360.6088104247489,30.33333333333333,3.6666666666666665,2.833333333333333,0.8333333333333334,16.0,33.166666666666664,71.66666666666667,152.83333333333334,0.0,0.0,29.768892727375032,19.50658436404053
3199.0,349.8333333333333,1173.8677368223437,0.2980176747001592,0.0,0.0,0.0,0.0,43.056821664233055,0.0,0.0,0.0,0.0,0.0,0.0,0.0,0.0,0.0,0.0,17.881713754982986,25.175107909250077
3122.0,152.83333333333334,457.6625352719311,0.3339432912998303,203.3333333333333,36.33333333333333,5.166666666666667,161.83333333333331,232.54138959574905,30.83333333333333,5.5,4.666666666666667,0.5,9.0,20.33333333333333,12.0,120.5,0.0,0.0,18.20420787769609,11.003848384719644
3125.0,254.6697901890714,795.8124613576425,0.3200123176691768,0.0,0.0,0.0,0.0,31.26232369598307,0.0,0.0,0.0,0.0,0.0,0.0,0.0,0.0,0.0,0.0,13.018289744514359,18.24403395146871
3095.0,723.3324925728098,2107.3404481741477,0.34324425044824775,492.6926413845382,95.07371241290284,28.07335745232806,369.5455715193073,607.8774439338267,69.08759343286683,25.986118980036014,27.968995528713457,0.10436192361460242,0.3130857708438074,57.190334140802136,80.7761288777023,231.26602272995905,1.055355632942915,0.0,62.13957410406995,51.989872812275586
3103.0,3.5,10.77367553674035,0.3248659186054297,2179.1666666666665,240.16666666666669,287.6666666666667,1651.3333333333333,2295.1070037604222,195.83333333333331,44.333333333333336,267.6666666666667,20.0,72.83333333333333,207.33333333333331,638.6666666666666,732.5,0.0,0.0,115.77363903639116,0.1666980573642576
3097.0,705.762793281974,2059.217860397327,0.3427334265378782,306.58560604500667,49.51167161757392,75.98545721452682,181.08847721290604,443.8359162082837,39.822767675468235,9.688903942105682,66.61701969536468,9.368437519162152,6.3132128313121525,35.07370592076745,30.439410624466035,109.26214783636038,0.08247944917331718,0.0,86.46705239583807,50.70077831826558
3104.0,694.3639007383036,1834.9507211923687,0.3784101080856816,348.8809077969432,63.201216313836305,20.38748913349558,265.2922023496113,460.2511822864918,45.532059064806795,17.669157249029503,20.30254126210602,0.08494787138956489,0.5946350997269545,54.366637689321564,54.45158556071111,155.87934399985164,0.5153412759454555,0.0,61.05869620432677,49.79623700927642
3177.0,0.0,0.0,0.0,2526.833333333333,758.5,371.0,1397.3333333333337,2656.3362334561207,446.5,312.0,366.3333333333333,4.666666666666667,113.66666666666669,196.0,183.83333333333331,903.8333333333334,0.0,0.0,129.50290012278722,0.0
3178.0,0.0,0.0,0.0,2909.333333333333,1326.1666666666667,64.0,1519.1666666666663,3058.051337241242,864.8333333333334,461.3333333333333,61.333333333333336,2.6666666666666665,77.66666666666667,165.0,161.66666666666666,1114.8333333333333,0.0,0.0,148.7180039079085,0.0
3106.0,282.8333333333333,750.8382557305807,0.376690094270877,24.0,4.166666666666667,2.333333333333333,17.5,59.69158343263998,3.0,1.1666666666666667,2.333333333333333,0.0,0.0,9.0,2.333333333333333,6.166666666666667,0.0,0.0,15.68485555113133,20.00672788150865
3179.0,657.1666666666666,1777.9344824835616,0.36962366900533,327.33333333333337,65.66666666666667,44.66666666666666,217.0,451.6722002672143,58.833333333333336,6.833333333333333,42.0,2.6666666666666665,19.666666666666668,57.0,48.333333333333336,92.0,1.0110931710541573,0.0,76.31190940113802,47.01586436168875
3107.0,366.8333333333333,1210.234954962095,0.3031091870460994,0.0,0.0,0.0,0.0,45.09454477706043,0.0,0.0,0.0,0.0,0.0,0.0,0.0,0.0,0.0,0.0,18.752317173702924,26.342227603357504
3188.0,568.1666666666666,1824.7543221925007,0.31136611638984707,59.0,0.1666666666666666,0.1666666666666666,58.66666666666666,132.9190067214821,0.1666666666666666,0.0,0.1666666666666666,0.0,0.0,58.66666666666666,0.0,0.0,1.0110931710541573,0.0,32.06087777474391,40.84703577568404
3189.0,299.1666666666667,1059.6577792585676,0.2823238525894565,0.0,0.0,0.0,0.0,36.63356662491172,0.0,0.0,0.0,0.0,0.0,0.0,0.0,0.0,0.0,0.0,15.293074832074792,21.34049179283693
3187.0,603.3333333333334,1546.270604302017,0.3901861237319949,517.6666666666666,118.66666666666666,13.333333333333334,385.6666666666666,617.9869870696506,38.333333333333336,80.33333333333333,12.333333333333334,1.0,21.166666666666668,65.0,56.833333333333336,242.66666666666663,0.0,0.0,57.30585545774033,43.0144649452436
3197.0,433.0,1371.7517012233764,0.3156547935124377,48.0,0.0,0.0,48.0,108.77221304364414,0.0,0.0,0.0,0.0,0.0,47.833333333333336,0.0,0.1666666666666666,0.0,5.173913042586208,24.58787178471953,31.01042821633841
3198.0,260.0,865.4278030680439,0.30042945128209336,122.0,0.0,0.0,122.0,160.36745100449394,0.0,0.0,0.0,0.0,0.0,121.83333333333331,0.0,0.1666666666666666,0.0,0.0,19.52780243879609,18.839648565697832
3207.0,323.0,872.5308248911957,0.37018749456820393,421.5,75.5,138.5,207.5,482.5654096758592,48.333333333333336,27.166666666666668,5.833333333333333,132.66666666666666,7.833333333333333,30.33333333333333,17.5,151.83333333333334,0.0,0.0,38.057672612124215,23.00773706373495
3212.0,580.3333333333334,1871.726797847244,0.3100523719598397,50.5,5.5,0.5,44.5,124.25693911244024,5.333333333333333,0.1666666666666666,0.5,0.0,9.833333333333334,8.333333333333334,3.8333333333333335,22.5,0.0,0.0,32.24300791888361,41.51393119355664
3213.0,443.8333333333333,1251.9108296483564,0.35452471759350435,500.5,126.5,42.5,331.5,581.8015898658443,98.5,28.0,42.333333333333336,0.1666666666666666,0.3333333333333333,95.5,47.5,188.16666666666663,1.0110931710541573,0.0,48.2797320843763,32.010764610413844
3200.0,406.6666666666667,1129.9765590888708,0.359889471507774,0.0,0.0,0.0,0.0,79.79793575239069,0.0,0.0,0.0,0.0,0.0,0.0,0.0,0.0,0.0,0.0,50.78818032420313,29.009755428187542
3202.0,595.0,1810.94869896236,0.3285570708551402,118.16666666666669,30.333333333333336,20.0,67.83333333333334,197.63669310891973,25.166666666666668,5.166666666666667,19.33333333333333,0.6666666666666666,4.0,16.666666666666668,7.666666666666667,39.5,0.0,0.0,36.45556149700946,43.0144649452436
3232.0,511.3333333333333,1479.59109413163,0.3455909780488603,390.33333333333337,73.5,179.0,137.83333333333334,472.9415452975844,70.33333333333333,3.1666666666666665,98.66666666666669,80.33333333333333,22.33333333333333,17.0,8.333333333333334,90.16666666666669,0.0,0.0,46.09590890092819,36.51230306332288
3230.0,224.33333333333331,690.8531558662849,0.32471927127847294,30.333333333333336,2.5,2.833333333333333,25.0,59.35992933554639,2.5,0.0,0.8333333333333334,2.0,1.0,0.5,4.833333333333333,18.666666666666668,0.0,0.0,13.021213697006132,16.005382305206922
3221.0,589.5,1992.2930754075803,0.2958902017362084,0.0,0.0,0.0,0.0,72.31516248316599,0.0,0.0,0.0,0.0,0.0,0.0,0.0,0.0,0.0,0.0,30.134335874633564,42.18082660853243
3209.0,605.3333333333334,1744.659540399414,0.34696358763197505,557.5,145.0,33.833333333333336,378.6666666666666,670.6587361418524,121.5,23.5,31.0,2.833333333333333,5.0,86.33333333333333,53.833333333333336,233.5,1.0110931710541573,0.0,68.63302104623969,43.51462192455852
3219.0,484.0,1490.9878300288883,0.32461700240076563,70.0,0.8333333333333333,1.3333333333333337,67.83333333333333,133.33127684614246,0.5,0.3333333333333333,1.1666666666666667,0.1666666666666666,0.0,65.33333333333333,0.5,2.0,0.0,0.0,28.31950305350233,35.011773792640135
3224.0,434.6666666666667,1477.6220826807537,0.29416633099992606,305.8333333333333,37.0,4.333333333333333,264.5,374.6967121703215,33.5,3.5,4.0,0.3333333333333333,15.0,86.66666666666667,13.0,149.83333333333334,0.0,0.0,37.85295062064965,31.01042821633841
3225.0,546.0,1732.2055047286783,0.31520509460886514,0.0,0.0,0.0,0.0,66.92357102308975,0.0,0.0,0.0,0.0,0.0,0.0,0.0,0.0,0.0,0.0,27.91045165414789,39.013119368941865
3228.0,65.33333333333333,207.3605822091071,0.31507113182894964,0.0,0.0,0.0,0.0,11.216547878016794,0.0,0.0,0.0,0.0,0.0,0.0,0.0,0.0,3.20274189766387,0.0,3.345425914957803,4.66838006539512
3227.0,184.33333331065927,564.8850557906563,0.3263200741833261,136.66666664985593,39.333333328495115,6.833333332492795,90.499999988868,167.58725339598325,33.499999995879314,5.8333333326158,6.833333332492795,0.0,0.0,20.999999997416882,14.333333331570254,55.166666659880846,1.0110931709297872,0.0,16.40497245323227,13.504521121965313
3250.0,311.8333333333333,884.3531381212696,0.35261177904088836,0.0,0.0,0.0,0.0,44.94797661374716,0.0,0.0,0.0,0.0,0.0,0.0,0.0,0.0,0.0,0.0,22.94057594408764,22.00740066965952
3242.0,313.1666666666667,926.5383009020796,0.3379964609792892,368.1666666666667,80.16666666666667,20.83333333333333,267.1666666666667,436.0442637144699,59.333333333333336,20.83333333333333,20.5,0.3333333333333333,3.333333333333333,50.0,41.5,172.33333333333334,1.0110931710541573,0.0,44.52567119289517,22.34083268385392
3222.0,657.6666666666666,1939.2819036449573,0.33912896594897113,586.8333333333334,102.0,40.0,444.83333333333337,698.9834056283778,75.0,27.0,39.333333333333336,0.6666666666666666,0.5,98.16666666666669,70.16666666666667,276.0,1.5163295410899948,0.0,63.61810272209154,47.01564003186288
3175.0,0.0,0.0,0.0,1798.8333333333333,1010.5,20.83333333333333,767.5,1890.7865228084831,655.5,355.0,20.33333333333333,0.5,57.0,46.5,39.66666666666666,624.3333333333334,0.0,0.0,91.9531894751496,0.0
3181.0,45.0,102.75649654954675,0.43792851557859475,447.3333333333333,266.1666666666667,13.333333333333332,167.83333333333331,475.5018326670876,111.33333333333331,154.83333333333334,8.666666666666666,4.666666666666667,9.333333333333334,23.33333333333333,26.83333333333333,108.33333333333331,0.0,0.0,25.167490151527957,3.001009182226297
3180.0,98.0,228.06223212946136,0.42970727368997036,863.0,227.5,33.83333333333333,601.6666666666666,919.1272229098151,163.66666666666666,63.833333333333336,31.83333333333333,2.0,44.0,76.5,137.16666666666666,344.0,0.0,0.0,49.12486815128714,7.002354758528028
3184.0,298.3333333333333,683.3651090592948,0.4365650651143315,302.5,67.83333333333334,28.5,206.16666666666663,354.38731510732345,35.833333333333336,32.0,26.33333333333333,2.1666666666666665,7.0,16.0,97.33333333333331,85.83333333333333,0.0,0.0,30.713552774375103,21.173762332948343
3185.0,324.0,646.029294618364,0.5015252445965319,184.16666666666669,39.333333333333336,6.333333333333333,138.5,233.15090279252905,35.0,4.333333333333333,5.833333333333333,0.5,13.0,13.0,31.33333333333333,81.16666666666667,0.0,0.0,25.97649906212744,23.00773706373495
3186.0,200.0,426.1845052893187,0.4692803176038238,410.3333333333333,153.16666666666666,73.16666666666667,184.0,455.5372638633636,54.16666666666666,99.0,73.0,0.1666666666666666,6.0,8.666666666666666,8.833333333333334,160.5,0.0,0.0,31.199221012974206,14.004709517056057
3195.0,270.0,722.8853762041232,0.37350319827712125,40.0,0.0,0.0,40.0,74.85304482062045,0.0,0.0,0.0,0.0,0.0,39.833333333333336,0.1666666666666666,0.0,0.0,0.0,15.846653333187223,19.00639148743322
3194.0,254.0,682.107873705489,0.37237511805891943,1166.5,265.0,49.66666666666667,851.8333333333334,1257.1189941885216,151.83333333333334,113.16666666666669,41.833333333333336,7.833333333333333,88.0,138.33333333333334,172.83333333333334,452.6666666666667,0.0,0.0,72.6129390951636,18.006055093357784
3211.0,660.1666666666666,2136.490009763958,0.3089959062058065,553.6666666666666,113.66666666666666,9.833333333333332,430.1666666666666,662.898482134307,64.5,49.16666666666666,6.833333333333333,3.0,21.5,121.83333333333331,22.0,264.8333333333333,0.0,0.0,62.04930688873068,47.18250857890959
3196.0,272.1666666666667,713.744465147759,0.38132227983067146,117.0,27.83333333333333,0.0,89.16666666666666,156.90022078562572,27.83333333333333,0.0,0.0,0.0,0.0,83.83333333333333,0.0,5.333333333333333,0.0,0.0,19.893492904117075,20.00672788150865
3215.0,590.6666666666666,1615.2279229146168,0.3656862652552658,1567.0,205.33333333333331,84.66666666666667,1277.0,1719.6501837547976,152.0,53.333333333333336,78.5,6.166666666666667,65.16666666666667,352.6666666666667,88.83333333333333,770.3333333333334,0.0,0.0,110.3025962816785,42.34758747311883
3206.0,179.83333333333334,450.1640451481696,0.3994839998253125,207.33333333333331,41.0,0.3333333333333333,166.0,240.1287265484984,15.666666666666666,25.33333333333333,0.3333333333333333,0.0,4.833333333333333,19.666666666666668,0.6666666666666666,140.83333333333334,0.0,0.0,19.79102009218439,13.004373122980622
3208.0,210.33333333333331,525.0923413848242,0.4005644660111057,53.0,16.166666666666664,1.0,35.833333333333336,81.46631062657123,2.5,13.666666666666666,0.8333333333333334,0.1666666666666666,2.0,4.666666666666667,12.5,16.666666666666668,0.0,0.0,13.461264715439746,15.00504591113149
3210.0,281.0,711.9413804805562,0.3946954169321169,25.83333333333333,1.0,0.0,24.83333333333333,61.524815962726535,1.0,0.0,0.0,0.0,1.0,1.5,0.0,22.33333333333333,0.0,0.0,15.684754747884554,20.00672788150865
3216.0,280.3333333333333,701.9876429376778,0.3993422621517872,99.33333333333334,1.0,0.5,97.83333333333334,138.74778394954305,0.5,0.5,0.5,0.0,0.0,94.16666666666669,0.6666666666666666,3.0,0.0,0.0,19.407722734701046,20.00672788150865
3223.0,284.0,858.7319769096771,0.3307201870157813,0.0,0.0,0.0,0.0,34.52430706417049,0.0,0.0,0.0,0.0,0.0,0.0,0.0,0.0,0.0,0.0,14.517579182661844,20.00672788150865
3183.0,278.0,748.6731717220588,0.3713235768293379,866.1666666666667,193.33333333333331,15.166666666666666,657.6666666666667,949.8352409835944,84.16666666666667,109.16666666666669,14.166666666666666,1.0,54.0,46.833333333333336,202.5,354.3333333333333,0.0,5.173913042586208,58.48793339283265,20.00672788150865
3201.0,729.8333333333334,2197.834353990585,0.332069308138797,0.0,0.0,0.0,0.0,89.65886777238065,0.0,0.0,0.0,0.0,0.0,0.0,0.0,0.0,0.0,0.0,37.30796122287863,52.35090654950202
3191.0,406.0,1078.6824230269249,0.37638510773236716,388.1666666666666,60.0,26.0,302.16666666666663,457.9458929341508,45.66666666666666,14.333333333333334,24.666666666666668,1.3333333333333333,24.83333333333333,86.33333333333333,33.5,157.5,0.0,0.0,40.60281316240246,29.176413105081703
3182.0,144.83333333333334,395.648408610786,0.36606575479951253,97.66666666666669,3.1666666666666665,2.5,92.0,120.06606098931088,3.1666666666666665,0.0,2.1666666666666665,0.3333333333333333,9.0,67.83333333333333,1.6666666666666667,13.5,0.0,0.0,12.396030381889863,10.003363940754324
3192.0,67.0,174.71082778250994,0.38349082796061984,110.0,0.0,0.0,110.0,124.04960984126149,0.0,0.0,0.0,0.0,0.0,109.83333333333331,0.0,0.1666666666666666,0.0,0.0,9.047927870884315,5.001681970377162
3203.0,399.8333333333333,1326.9063512218224,0.3013274696930681,49.0,0.0,0.0,49.0,100.9534005706498,0.0,0.0,0.0,0.0,0.0,48.833333333333336,0.0,0.1666666666666666,0.0,0.0,22.943645142462252,29.009755428187542
3204.0,352.0,771.8939871705967,0.4560211711070167,274.5,24.83333333333333,7.166666666666666,242.5,332.0180927733144,20.83333333333333,4.0,4.833333333333333,2.333333333333333,7.166666666666667,24.33333333333333,165.16666666666666,45.833333333333336,0.0,0.0,32.00951696634139,25.508575806973017
3193.0,199.0,506.3540995978205,0.393005606468001,817.5,163.83333333333334,77.5,576.1666666666666,883.4676458830544,142.5,21.33333333333333,17.166666666666668,60.333333333333336,49.66666666666666,92.33333333333331,77.83333333333333,356.3333333333333,0.0,0.0,51.96293636599827,14.004709517056057
3205.0,152.0,323.1259091907071,0.47040486595672665,883.3333333333334,101.66666666666669,42.16666666666667,739.5,947.2629426235618,46.333333333333336,55.333333333333336,27.666666666666668,14.5,81.0,273.6666666666667,130.16666666666666,254.66666666666663,0.0,0.0,52.92590895539876,11.00370033482976
3233.0,495.0,1510.444101291071,0.3277181853846114,0.0,0.0,0.0,0.0,60.81520334321068,0.0,0.0,0.0,0.0,0.0,0.0,0.0,0.0,0.0,0.0,25.30330397595345,35.51189936725724
3214.0,161.5,355.3610918153469,0.45446731147460223,993.5,150.0,71.5,772.0,1064.3767876193492,97.5,52.5,68.83333333333333,2.6666666666666665,51.5,151.5,87.83333333333333,481.1666666666667,0.0,0.0,59.03944894780832,11.837338671540934
3239.0,1272.1666666666667,3358.1927300043976,0.3788247932586647,825.0,241.16666666666663,46.833333333333336,537.0,1025.455126670485,203.66666666666663,37.5,46.833333333333336,0.0,0.5,106.5,73.5,356.5,1.8535355484575209,0.0,107.23774915583624,91.36384196619132
3234.0,767.5,2193.0955098804648,0.34996195858420814,144.66666666666666,40.33333333333333,8.666666666666666,95.66666666666669,246.28090792574991,31.83333333333333,8.5,8.666666666666666,0.0,0.0,25.0,17.166666666666668,53.5,0.0,0.0,46.59552869232488,55.01871256675836
3240.0,457.5,1342.1626470172337,0.34086777859354744,322.5,83.5,15.5,223.5,396.73709033956135,70.5,13.0,15.5,0.0,0.0,50.66666666666666,33.333333333333336,139.5,1.5167590827391244,0.0,39.87600458528624,32.844326671536
3236.0,299.0,881.3912437515646,0.3392364084845371,360.0,24.666666666666668,63.833333333333336,271.5,415.02629642083065,20.5,4.166666666666667,56.833333333333336,7.0,1.0,205.5,16.166666666666668,48.833333333333336,0.0,0.0,33.68583603051801,21.3404603903126
3237.0,365.5,1021.9181636075688,0.35766073352656175,21.83333333333333,1.6666666666666663,3.8333333333333335,16.333333333333332,67.63884427593752,1.3333333333333333,0.3333333333333333,2.833333333333333,1.0,7.666666666666667,3.1666666666666665,1.1666666666666667,4.333333333333333,0.0,0.0,19.79676469664293,26.008746245961248
3238.0,36.333333333333336,96.30257935982549,0.3772830756440829,1558.5,405.3333333333333,85.33333333333333,1067.8333333333337,1645.758749815378,330.0,75.33333333333333,85.33333333333333,0.0,0.3333333333333333,208.5,178.66666666666666,680.3333333333334,3.0332795131624715,0.0,81.55805015549889,2.6674201467167
3241.0,728.8333333333334,2074.784809446965,0.35128141001167457,634.5,120.33333333333334,104.83333333333331,409.33333333333337,785.0577503498696,97.16666666666669,23.166666666666668,102.33333333333331,2.5,7.5,92.83333333333331,65.16666666666667,243.83333333333331,1.0110931710541573,0.0,97.1957281916944,52.35092898712111
3130.0,220.16666666666663,678.5887399989899,0.3244478631740844,0.0,0.0,0.0,0.0,52.537321453859306,0.0,0.0,0.0,0.0,0.0,0.0,0.0,0.0,25.277329276353928,0.0,11.254609872298458,16.005382305206922
3147.0,336.1666666666667,836.3959794861981,0.401922862987906,598.5,137.16666666666666,116.83333333333331,344.5,670.6243449524959,113.0,24.166666666666668,78.83333333333333,38.0,1.6666666666666667,57.16666666666666,80.33333333333333,205.33333333333331,0.0,0.0,47.78276769967018,24.34157725282573
3154.0,0.0,0.0,0.0,1780.6666666666663,657.5,317.3333333333333,805.8333333333333,1885.042870762213,630.8333333333334,26.666666666666668,305.5,11.833333333333334,151.5,89.0,139.0,426.3333333333333,1.0110931710541573,0.0,103.36511092449196,0.0
3157.0,43.16666666666666,119.90732587769315,0.36000024477818104,0.0,0.0,0.0,0.0,10.93853181965312,0.0,0.0,0.0,0.0,0.0,0.0,0.0,0.0,5.72949622649169,0.0,2.2080308919393485,3.001004701222081
3152.0,4.498301507036873,11.09679678416536,0.40536936870428686,3404.431394870066,713.4700529473882,1401.025002776148,1289.9363391465297,3597.086063635177,680.9304791752821,32.53957377210619,1324.0041411366226,77.0208616395255,45.53756492808378,158.37457322601963,209.0818692594045,876.9423317330218,11.207284797521572,0.0,181.4334515494735,0.013932418115701405
3158.0,0.0,0.0,0.0,1311.333319376953,249.33333067970526,582.9999937951933,478.99999490205414,1378.3722107530896,233.49999751488443,15.833333164820857,530.4999943539451,52.49999944124811,57.99999938271219,57.99999938271219,65.66666596778335,297.3333301688464,0.0,0.0,67.03889137613702,0.0
3165.0,0.0,0.0,0.0,1598.1666666666663,216.5,748.6666666666666,633.0,1679.8602503487148,199.16666666666663,17.333333333333332,730.5,18.166666666666668,61.5,56.66666666666666,120.16666666666669,394.6666666666667,0.0,0.0,81.69358368204804,0.0
3155.0,74.5,223.03502760048767,0.33402825018789606,0.0,0.0,0.0,0.0,14.373411423204942,0.0,0.0,0.0,0.0,0.0,0.0,0.0,0.0,5.056372269109324,0.0,3.815330361424007,5.501708792671612
3149.0,27.5,74.61786436187099,0.36854445292932075,0.0,0.0,0.0,0.0,9.640688950496909,0.0,0.0,0.0,0.0,0.0,0.0,0.0,0.0,6.066559026324943,0.0,1.4067052385134289,2.167424685658536
3150.0,33.666666666666664,99.8316311565677,0.33723446443408944,261.5,47.833333333333336,17.833333333333332,195.8333333333333,282.9594063226418,41.0,6.833333333333333,17.833333333333332,0.0,6.833333333333333,88.83333333333333,16.0,84.16666666666667,3.707166676849104,0.0,15.084684917553387,2.6675547282393297
3169.0,34.666666666666664,95.6649569637791,0.36237581416351067,230.8333333333333,51.66666666666666,87.5,91.66666666666666,257.94258560281094,49.5,2.1666666666666665,85.33333333333333,2.1666666666666665,11.333333333333334,11.5,9.166666666666666,59.66666666666666,4.044372684216629,0.0,20.3973203579066,2.6675592273543693
3161.0,587.6666666666666,1750.487145376787,0.3357160709341702,0.0,0.0,0.0,0.0,72.05438250169874,0.0,0.0,0.0,0.0,0.0,0.0,0.0,0.0,0.0,0.0,30.040253950530573,42.01412855116817
3168.0,993.8333333333334,2588.3012665325523,0.3839712734309069,0.0,0.0,0.0,0.0,123.17127045484642,0.0,0.0,0.0,0.0,0.0,0.0,0.0,0.0,1.0110931710541573,0.0,50.80289718970803,71.35728009408423
3166.0,635.6666666666666,1861.3381491268735,0.3415105777340074,0.0,0.0,0.0,0.0,78.1762261622053,0.0,0.0,0.0,0.0,0.0,0.0,0.0,0.0,0.0,0.0,32.49424685397846,45.68197930822684
3167.0,631.5,1674.6891464024047,0.3770849063879102,0.0,0.0,0.0,0.0,77.29613212100264,0.0,0.0,0.0,0.0,0.0,0.0,0.0,0.0,0.0,0.0,32.280994387608175,45.01513773339446
3170.0,239.5,698.8683886945718,0.3426968566247018,0.0,0.0,0.0,0.0,64.2485038162223,0.0,0.0,0.0,0.0,0.0,0.0,0.0,0.0,0.0,0.0,47.242785116939935,17.005718699282355
3171.0,1329.5,3578.3707669842424,0.3715377993433777,0.0,0.0,0.0,0.0,163.48960443208972,0.0,0.0,0.0,0.0,0.0,0.0,0.0,0.0,0.0,0.0,67.95761115774232,95.5319932743474
3172.0,912.6666666666666,2232.3818983850374,0.4088308847724098,83.33333333333334,16.666666666666668,4.5,62.16666666666667,199.93064842270627,11.5,5.166666666666667,4.5,0.0,0.0,11.833333333333334,9.5,40.833333333333336,0.0,0.0,50.90828486674717,65.68903022262575
3174.0,37.333333333333336,113.32595597274684,0.32943320894916106,37.333333333333336,6.0,0.5,30.833333333333336,44.82891782800664,5.833333333333333,0.1666666666666666,0.5,0.0,3.0,5.166666666666667,1.8333333333333333,20.83333333333333,1.0111887240036124,0.0,3.8168500138556847,2.6675457568140164
3341.0,86.5,283.1977587393689,0.30544027037871874,0.0,0.0,0.0,0.0,10.423715910364006,0.0,0.0,0.0,0.0,0.0,0.0,0.0,0.0,0.0,0.0,4.421697545911409,6.002018364452596
3348.0,24.0,76.50028194305716,0.313724333955584,0.0,0.0,0.0,0.0,47.54695919829104,0.0,0.0,0.0,0.0,0.0,0.0,0.0,0.0,44.31944873273213,0.0,1.2268376774080432,2.000672788150865
3377.0,426.5,1198.4481803196402,0.3558768806226127,565.0,160.5,33.0,371.5,652.8749888932776,130.16666666666666,30.33333333333333,33.0,0.0,0.3333333333333333,74.66666666666667,49.333333333333336,247.16666666666663,1.0110931710541573,0.0,56.02016556324933,30.843730158974157
3375.0,468.1666666666667,1304.1845743095926,0.3589727066926122,0.0,0.0,0.0,0.0,88.60826827522794,0.0,0.0,0.0,0.0,0.0,0.0,0.0,0.0,0.0,0.0,54.9303256959063,33.677942579321645
3376.0,543.1666666666666,1516.72858176543,0.35811724866055844,549.0,142.0,30.33333333333333,376.6666666666666,654.0094121695432,115.16666666666669,26.83333333333333,30.33333333333333,0.0,0.3333333333333333,91.33333333333331,49.5,235.5,1.0110931710541573,0.0,64.98519962954721,39.013119368941865
3370.0,444.5,1243.644247764351,0.35741732476876703,23.833333333333336,4.333333333333334,0.3333333333333333,19.166666666666668,79.61908656134021,4.166666666666667,0.1666666666666666,0.3333333333333333,0.0,1.0,5.5,1.1666666666666667,11.5,0.0,0.0,23.941731539328416,31.844021688678456
3384.0,33.833333333333336,101.00478285649946,0.3349676359524615,1.0,0.0,0.5,0.5,18.32504224579536,0.0,0.0,0.5,0.0,0.0,0.1666666666666666,0.0,0.3333333333333333,4.044372684216629,0.0,11.279996773427865,2.000672788150865
3386.0,120.0,301.17456789071383,0.39844001716487554,1412.0,411.0,73.5,927.5,1502.3398630163988,350.8333333333333,60.16666666666666,73.5,0.0,0.0,251.33333333333331,132.0,544.1666666666666,3.0332795131624715,0.0,78.3035559565575,9.003027546678892
3394.0,481.5,1374.4565697487058,0.35032027246087044,744.5,151.83333333333331,48.5,544.1666666666667,845.6064440725894,119.83333333333331,32.0,48.5,0.0,0.0,170.16666666666666,100.33333333333331,273.6666666666667,3.707500773716729,0.0,62.720296405756805,34.67864689311586
3409.0,560.5,1700.3135061743926,0.3296450907227648,0.0,0.0,0.0,0.0,68.66542985179169,0.0,0.0,0.0,0.0,0.0,0.0,0.0,0.0,0.0,0.0,28.65197408877438,40.0134557630173
3413.0,413.8333333333333,1308.4365781604645,0.3162807737423109,0.0,0.0,0.0,0.0,50.99739104406038,0.0,0.0,0.0,0.0,0.0,0.0,0.0,0.0,0.0,0.0,21.15401522201267,29.843375822047705
3414.0,171.66666666666666,565.8265835178689,0.30339095346029354,95.33333333333334,1.1666666666666667,9.0,85.16666666666667,123.00868013131992,1.1666666666666667,0.0,4.166666666666667,4.833333333333333,83.33333333333333,1.1666666666666667,0.0,0.6666666666666666,2.0221863421083146,0.0,13.649123726973068,12.004036728905191
3416.0,1016.3333333333334,2994.513966033371,0.33939842821290994,200.0,60.33333333333333,10.166666666666666,129.5,387.19324131650137,49.66666666666666,10.666666666666666,10.166666666666666,0.0,0.0,38.5,12.833333333333334,78.16666666666667,0.0,0.0,114.1686845489948,73.02455676750658
3417.0,350.6666666666667,1109.2753193057554,0.31612230125712426,313.66666666666663,24.666666666666664,152.5,136.5,383.6954821033227,18.33333333333333,6.333333333333333,147.0,5.5,1.3333333333333333,55.16666666666666,26.33333333333333,53.66666666666666,4.044372684216629,0.0,40.976032900553605,25.00840985188581
3422.0,7.0,21.133195934342623,0.33123243742914477,1137.8333333333337,676.8333333333334,156.5,304.5,1206.689107838415,622.8333333333334,54.0,114.5,42.0,101.83333333333331,73.0,47.16666666666666,82.5,1.0110931710541573,0.0,66.84434493995191,1.0003363940754324
3419.0,0.0,0.0,0.0,988.1666666666669,68.33333333333334,681.0,238.8333333333333,1070.0109607591853,59.833333333333336,8.5,527.0,154.0,27.666666666666668,72.16666666666667,40.16666666666666,98.83333333333331,1.0110931710541573,0.0,80.83320092146441,0.0
3418.0,937.6666666666666,2936.015390367837,0.3193670815700975,1225.6666666666663,165.5,186.83333333333331,873.3333333333333,1417.6147151917355,123.16666666666669,42.333333333333336,90.16666666666669,96.66666666666669,122.66666666666669,227.16666666666663,139.33333333333334,384.1666666666667,4.044372684216629,0.0,120.71443938043404,67.18923646041823
3427.0,288.3333333333333,836.2480073828868,0.34479404529249447,0.0,0.0,0.0,0.0,35.408700330996055,0.0,0.0,0.0,0.0,0.0,0.0,0.0,0.0,0.0,0.0,14.735108445729496,20.67359188526656
3415.0,1093.1666666666667,3220.5536532798037,0.33943439059100555,89.0,0.0,16.666666666666668,72.33333333333333,327.9564783061936,0.0,0.0,16.0,0.6666666666666666,72.33333333333333,0.0,0.0,0.0,0.0,0.0,160.43009155607362,78.52638675011993
3433.0,457.5,1418.0730189609114,0.3226209044829241,0.0,0.0,0.0,0.0,98.39794804595805,0.0,0.0,0.0,0.0,0.0,0.0,0.0,0.0,0.0,0.0,65.38684704146876,33.01110100448927
3444.0,50.0,163.7603784196837,0.3053241601082554,172.0,0.1666666666666666,8.666666666666668,163.16666666666666,196.42724628970524,0.0,0.1666666666666666,6.166666666666667,2.5,161.16666666666666,2.0,0.0,0.0,7.077652197379101,0.0,13.348248516024398,4.0013455763017305
3446.0,227.83333333333331,716.5449213914662,0.31796099104422,157.99999999999997,1.0,6.166666666666666,150.83333333333331,193.7284172271728,0.0,1.0,4.0,2.1666666666666665,148.66666666666666,2.1666666666666665,0.0,0.0,0.0,0.0,19.72303492196589,16.005382305206922
3243.0,795.3616099719393,2016.0932320354314,0.39450636376024567,1013.0657202358477,284.0008352002431,57.13861878897286,671.9262662466319,1170.951453331947,234.2285191819741,49.77231601826903,57.13861878897286,0.0,0.2986338961096142,143.14518086854173,96.95647160358808,431.52597987839255,2.415573544013821,0.0,98.21274557015701,57.25741398192828
3385.0,1085.5,2820.2783118309526,0.3848910922891446,473.3333333333333,125.16666666666669,29.5,318.66666666666663,634.9302319482739,105.0,20.166666666666668,29.5,0.0,0.0,91.5,48.0,179.16666666666666,4.044372684216629,0.0,79.69298525020447,77.85954068051949
3245.0,880.8333333333334,2338.021237436514,0.37674308480581165,1199.8333333333337,296.83333333333337,62.83333333333333,840.1666666666667,1398.3986364202444,254.33333333333331,42.5,60.16666666666666,2.6666666666666665,24.5,187.33333333333331,143.16666666666666,485.1666666666667,2.0221863421083146,0.0,133.3552258606859,63.187890884116506
3246.0,64.5,199.02244715677725,0.32408404640503186,574.5,103.33333333333331,273.66666666666663,197.5,611.6500189658726,96.33333333333331,7.0,133.5,140.16666666666666,28.5,21.0,19.166666666666668,128.83333333333334,0.0,0.0,32.64850743448368,4.501511531388933
3248.0,396.0,1155.031770202795,0.34284771225857463,63.16666666666666,12.833333333333332,3.1666666666666665,47.16666666666666,117.17394198291792,9.666666666666666,3.1666666666666665,3.1666666666666665,0.0,0.0,12.666666666666666,7.0,27.5,2.0221863421083146,0.0,23.475544365413715,28.50954460872921
3256.0,1581.3333375926866,4424.096347045412,0.3574364601369417,20.500000055217168,5.500000014814361,1.6666666711558673,13.333333369246938,216.08809337150288,4.833333346352014,0.6666666684623468,1.6666666711558673,0.0,0.0,1.6666666711558673,1.166666669809107,10.500000028281963,0.0,0.0,81.88319404029184,113.70489927599384
3249.0,717.833334075091,2040.2689442779997,0.35183270131532307,0.0,0.0,0.0,0.0,89.38895304167283,0.0,0.0,0.0,0.0,0.0,0.0,0.0,0.0,1.0110931720989487,0.0,36.693848681641086,51.6840111879328
3277.0,117.5,369.796069396444,0.31774269583712855,369.0,42.66666666666666,58.833333333333336,267.5,403.55047368678095,35.5,7.166666666666667,52.833333333333336,6.0,13.166666666666666,136.5,35.166666666666664,82.66666666666667,1.0110931710541573,0.0,24.86984778829095,8.669532727435836
3285.0,581.6666720244647,1764.7014340069509,0.3296119450097152,0.0,0.0,0.0,0.0,73.77024517327871,0.0,0.0,0.0,0.0,0.0,0.0,0.0,0.0,2.0221863607349038,0.0,29.7339298743787,42.0141289381651
3290.0,267.0000002109003,773.1135397581949,0.3453567768253151,161.3333334607687,15.000000011848329,5.166666670747758,141.16666677817264,202.2350635565892,13.333333343865181,1.6666666679831477,4.6666666703528135,0.5000000003949443,8.000000006319109,20.166666682596087,19.50000001540283,93.50000007385458,0.0,0.0,21.895338593374348,19.006391502446153
3281.0,586.0,1838.0483806237264,0.31881641755324513,0.0,0.0,0.0,0.0,71.96952493872777,0.0,0.0,0.0,0.0,0.0,0.0,0.0,0.0,0.0,0.0,29.95539638755961,42.01412855116817
3267.0,344.2285144673357,968.2828070914348,0.35550410680258027,90.68003222021756,19.914046291498757,7.73447333643032,63.031512592288486,139.1638612372322,14.135416787269207,5.77862950422955,7.73447333643032,0.0,0.08890199237276228,13.157494871168822,8.890199237276232,40.89491649147066,1.617987552861757,0.0,22.23171874815055,24.634122716002327
3280.0,527.8333333333334,1623.583218984368,0.32510395966245537,0.0,0.0,0.0,0.0,64.99548829387976,0.0,0.0,0.0,0.0,0.0,0.0,0.0,0.0,0.0,0.0,26.98270531901332,38.01278297486643
3279.0,417.0,1202.5671015575049,0.3467581970768387,34.0,6.0,4.0,24.0,87.06467863076948,4.5,1.5,4.0,0.0,0.0,8.833333333333334,3.8333333333333335,11.333333333333334,0.0,0.0,23.0545868085065,30.01009182226298
3265.0,343.7597942837687,955.1740047286095,0.3598923259866563,0.0,0.0,0.0,0.0,42.436931202239684,0.0,0.0,0.0,0.0,0.0,0.0,0.0,0.0,0.0,0.0,17.571953596901768,24.864977605337913
3297.0,264.5,773.0109177102054,0.34216851785676666,0.0,0.0,0.0,0.0,32.52718253426361,0.0,0.0,0.0,0.0,0.0,0.0,0.0,0.0,0.0,0.0,13.520791046830391,19.00639148743322
3295.0,715.5000001099017,1986.3746003422539,0.360203961521971,11.83333333515095,1.0000000001536014,1.0000000001536014,9.833333334843747,100.19707925520595,0.6666666667690675,0.33333333338453375,0.0,1.0000000001536014,1.0000000001536014,1.0000000001536014,0.6666666667690675,7.166666667767477,0.0,0.0,37.17989175698176,51.18385416307323
3291.0,132.0,420.3731051723096,0.31400676774003805,503.5,109.83333333333334,5.666666666666667,388.0,544.9887225778579,77.0,32.833333333333336,5.666666666666667,0.0,24.33333333333333,222.66666666666663,42.0,99.0,0.0,0.0,32.48569503117889,9.003027546678892
3296.0,233.0,747.2709950464359,0.31180120939328204,37.0,0.3333333333333333,5.333333333333333,31.33333333333333,67.80764257012285,0.3333333333333333,0.0,5.333333333333333,0.0,23.83333333333333,0.6666666666666666,3.0,3.8333333333333335,0.0,0.0,13.801923870840485,17.005718699282355
3309.0,233.0,704.5837947613942,0.3306916817167289,0.0,0.0,0.0,0.0,28.916229384909222,0.0,0.0,0.0,0.0,0.0,0.0,0.0,0.0,0.0,0.0,11.910510685626868,17.005718699282355
3311.0,275.0,858.4757006920303,0.32033521715095525,91.16666666666666,27.0,5.666666666666667,58.5,130.89640680362112,22.33333333333333,4.666666666666667,5.666666666666667,0.0,0.1666666666666666,10.0,7.833333333333333,40.5,1.0110931710541573,0.0,18.711919084391635,20.00672788150865
3316.0,820.3333333333334,2517.629243608249,0.32583563899092516,196.0,21.0,31.666666666666668,143.33333333333334,306.97319485846793,19.0,2.0,2.0,29.666666666666668,14.833333333333334,13.0,11.5,104.0,0.0,0.0,51.9533476080174,59.01984725045052
3317.0,299.0585247768229,940.9137760932413,0.31783839537193387,64.51991496642826,5.086029332939165,12.642415770448782,46.79146986304031,104.91000469860211,5.086029332939165,0.0,0.0,12.642415770448782,7.265756189913093,3.6328780949565465,1.017205866587833,34.875629711582846,0.0,0.0,18.5854886904271,21.804601041746746
3318.0,726.3333333333334,2303.613417402755,0.3153017463113447,244.0,64.16666666666667,17.833333333333332,162.0,345.61092091977906,51.5,12.666666666666666,15.666666666666666,2.1666666666666665,3.5,40.833333333333336,15.5,102.16666666666669,0.0,0.0,49.59342842785659,52.017492491922496
3288.0,556.1666666666666,1466.2360711020156,0.3793159080097208,549.1666666666666,94.33333333333331,28.83333333333333,426.0,645.6868951222474,70.33333333333333,24.0,28.33333333333333,0.5,7.833333333333333,81.83333333333333,97.33333333333331,239.0,0.0,0.0,56.50677269256346,40.0134557630173
3284.0,854.5,2448.03091631805,0.3490560492124858,0.0,0.0,0.0,0.0,106.89006587304922,0.0,0.0,0.0,0.0,0.0,0.0,0.0,0.0,2.0221863421083146,0.0,43.68066143497527,61.18721809596565
3271.0,1051.6666666666667,2952.455451283507,0.35620068922952947,477.1666666666667,122.66666666666669,55.5,299.0,632.7001937291674,106.5,16.166666666666668,54.16666666666666,1.3333333333333333,6.333333333333333,83.83333333333333,42.333333333333336,166.5,2.0221863421083146,0.0,78.15266569086724,75.35867502952514
3272.0,1389.9999991830487,4122.256939621548,0.33719392544964955,1046.3333327183673,299.16666649083606,58.66666663218622,688.4999995953447,1278.261486116458,251.83333318532212,47.33333330551389,58.66666663218622,0.0,0.33333333313742175,162.6666665710618,97.33333327612714,428.16666641501826,2.0221863409198053,0.0,129.87232770842107,100.03363934875001
3270.0,231.16666666666663,647.5517454877855,0.35698562821807267,498.5,164.0,57.5,277.0,552.4719228250948,107.83333333333331,56.16666666666666,21.33333333333333,36.16666666666666,12.0,28.33333333333333,19.33333333333333,217.33333333333331,0.0,0.0,37.29964510491208,16.67227772018271
3283.0,420.6666666666667,1176.4740938869224,0.35756560119129943,303.66666666666663,134.33333333333334,14.0,155.33333333333331,370.70350139431287,129.5,4.833333333333333,7.166666666666667,6.833333333333333,7.833333333333333,71.5,4.333333333333333,71.66666666666667,0.0,0.0,37.02674290538322,30.01009182226298
3287.0,433.3333333333333,1074.8025984427557,0.40317480992432936,332.0,93.16666666666669,14.5,224.33333333333331,402.1329885194824,47.333333333333336,45.833333333333336,9.0,5.5,14.333333333333334,47.0,12.0,151.0,0.0,0.0,39.12256030314399,31.01042821633841
3286.0,428.1666666666667,1111.6223347759626,0.38517278150313505,122.33333333333331,52.83333333333333,9.666666666666666,59.833333333333336,185.4838383275545,36.0,16.833333333333332,1.8333333333333333,7.833333333333333,7.166666666666667,7.666666666666667,6.0,39.0,0.0,0.0,32.14007677788274,31.01042821633841
3292.0,391.6666666666667,943.7454430399137,0.4150130414458616,265.5,21.5,27.166666666666664,216.83333333333331,327.1031088009359,19.166666666666668,2.333333333333333,10.166666666666666,17.0,71.0,23.666666666666668,25.166666666666668,97.0,0.0,0.0,33.593689766823765,28.00941903411211
3293.0,516.6666666666666,1303.9548803019263,0.39623047888515456,1810.8333333333333,141.0,58.83333333333333,1611.0000000000002,1966.992928754276,110.16666666666669,30.83333333333333,33.5,25.33333333333333,60.333333333333336,191.16666666666663,932.3333333333334,427.1666666666667,0.0,0.0,118.9804507827874,37.17914463815526
3301.0,867.5,2476.1350682963007,0.35034437786016315,228.5,37.16666666666666,14.166666666666666,177.16666666666669,347.7199036206111,25.33333333333333,11.833333333333334,14.166666666666666,0.0,0.0,72.5,16.666666666666668,88.0,1.0110931710541573,0.0,56.021202119372425,62.187608330184496
3304.0,478.0,1527.5472594434066,0.3129199421130638,81.0,10.166666666666666,13.0,57.83333333333333,143.58656536376495,10.166666666666666,0.0,1.0,12.0,4.0,9.166666666666666,1.1666666666666667,43.5,0.0,0.0,28.57512796520024,34.01143739856471
3303.0,812.0000001718485,2469.4186342266808,0.3288223345030897,31.000000006560718,2.3333333338271505,5.16666666776012,23.500000004973447,147.63386762552642,2.1666666671252113,0.16666666670193928,0.0,5.16666666776012,3.000000000634908,3.1666666673368473,0.16666666670193928,17.166666670299755,0.0,15.52173913264928,43.09261761766231,58.01951086865411
3432.0,359.0,1189.3670498954732,0.30184121884959775,25.0,16.0,9.0,0.0,70.63814908448994,16.0,0.0,9.0,0.0,0.0,0.0,0.0,0.0,0.0,0.0,19.62940283852869,26.008746245961248
3426.0,1041.5,2864.499779596829,0.3635887869213202,261.66666666666663,47.66666666666666,48.83333333333333,165.16666666666666,426.30773026611496,14.166666666666666,33.5,1.6666666666666667,47.16666666666666,6.333333333333333,67.0,41.5,50.333333333333336,0.0,0.0,89.61583404379085,75.02522955565745
3431.0,264.0,859.863652650302,0.3070254210493604,0.0,0.0,0.0,0.0,32.50160593892169,0.0,0.0,0.0,0.0,0.0,0.0,0.0,0.0,0.0,0.0,13.495214451488474,19.00639148743322
3450.0,253.83333333333331,809.4337818796126,0.3135936984788288,0.0,0.0,0.0,0.0,30.981656992574027,0.0,0.0,0.0,0.0,0.0,0.0,0.0,0.0,0.0,0.0,12.975601899216244,18.006055093357784
3442.0,773.8333333333334,2248.851281672565,0.34410160406774476,59.0,0.1666666666666666,0.0,58.833333333333336,157.42510077891143,0.1666666666666666,0.0,0.0,0.0,0.0,58.833333333333336,0.0,0.0,0.0,0.0,42.57299217057579,55.85210860833564
3443.0,759.1666667749092,2391.6150959133133,0.3174284474421239,0.0,0.0,0.0,0.0,93.32581870397532,0.0,0.0,0.0,0.0,0.0,0.0,0.0,0.0,0.0,0.0,38.80750540389253,54.5183133000828
3282.0,928.1666666666666,2740.644897925856,0.33866724848925567,95.0,56.66666666666667,16.333333333333332,22.0,238.65838646227277,11.333333333333334,45.333333333333336,13.0,3.333333333333333,0.5,5.333333333333333,0.5,15.666666666666666,0.0,0.0,76.80257751910734,66.8558089431654
3421.0,429.5,1159.948908232588,0.37027492931083344,1093.8333333333337,216.33333333333331,312.6666666666667,564.8333333333334,1202.7138135807145,157.0,59.333333333333336,8.666666666666666,304.0,49.5,207.33333333333331,58.333333333333336,249.66666666666663,0.0,0.0,77.87005203104239,31.01042821633841
3420.0,587.3333333333334,1580.329588238517,0.37165243105268486,591.0,76.83333333333333,98.16666666666666,416.0,699.248557625936,31.666666666666668,45.16666666666666,7.333333333333333,90.83333333333331,19.5,227.83333333333331,8.5,160.16666666666666,0.0,0.0,66.23442907476782,42.01412855116817
3425.0,804.8333333333334,1996.382364520848,0.403145884093452,372.1666666666666,145.16666666666666,42.66666666666666,184.3333333333333,507.3520198397018,140.16666666666666,5.0,5.0,37.66666666666666,9.166666666666666,72.33333333333333,5.0,97.83333333333331,0.0,0.0,77.16584231666006,58.01951085637509
3424.0,707.5,1952.526247328943,0.362351082843501,143.0,35.166666666666664,4.166666666666667,103.66666666666669,237.49310534985105,3.333333333333333,31.83333333333333,0.8333333333333334,3.333333333333333,16.333333333333332,78.16666666666667,1.1666666666666667,8.0,0.0,0.0,43.47594925200399,51.01715609784706
3423.0,166.0,461.1497546322357,0.3599698326466292,645.0,137.83333333333331,51.0,456.1666666666666,698.1264242470602,73.83333333333333,64.0,16.0,35.0,157.5,51.66666666666666,77.33333333333333,169.66666666666666,0.0,0.0,41.45588233739812,11.670541909662134
3430.0,484.3333333333333,1112.8164443808075,0.435232005942207,96.0,2.833333333333333,1.3333333333333333,91.83333333333331,160.67744345155947,0.0,2.833333333333333,0.0,1.3333333333333333,52.66666666666666,6.166666666666667,16.166666666666668,16.833333333333332,0.0,0.0,29.665669658919352,35.011773792640135
3436.0,289.5,813.4895437889073,0.35587427301354774,194.16666666666669,2.1666666666666665,2.0,190.00000000000003,239.8972825296011,0.3333333333333333,1.8333333333333333,1.1666666666666667,0.8333333333333334,156.33333333333334,16.0,6.333333333333333,11.333333333333334,0.0,0.0,24.723551587350325,21.007064275584085
3438.0,254.33333333333331,701.8090922233164,0.36239674884748313,0.0,0.0,0.0,0.0,31.33903966088911,0.0,0.0,0.0,0.0,0.0,0.0,0.0,0.0,0.0,0.0,12.99951218590735,18.33952747498176
3435.0,643.6666666666666,1746.0293317335254,0.36864596428492385,0.0,0.0,0.0,0.0,78.9185473059145,0.0,0.0,0.0,0.0,0.0,0.0,0.0,0.0,0.0,0.0,32.90307317844459,46.0154741274699
3440.0,176.5,485.9057071297428,0.3632391993141837,0.0,0.0,0.0,0.0,22.026829905408118,0.0,0.0,0.0,0.0,0.0,0.0,0.0,0.0,0.0,0.0,9.02245678242749,13.004373122980622
3449.0,38.0,97.24679778124046,0.39075836805939995,0.0,0.0,0.0,0.0,4.943502171455699,0.0,0.0,0.0,0.0,0.0,0.0,0.0,0.0,0.0,0.0,1.9424929892294016,3.001009182226297
3470.0,30.0,80.4835661121608,0.3727469028670078,0.0,0.0,0.0,0.0,4.545313055965076,0.0,0.0,0.0,0.0,0.0,0.0,0.0,0.0,1.0110931710541573,0.0,1.533547096760054,2.000672788150865
3478.0,616.6666666666666,1641.0563067579542,0.3757742279330707,677.6666666666666,178.5,114.33333333333331,384.8333333333333,812.8389526488443,74.83333333333333,103.66666666666669,27.83333333333333,86.5,235.16666666666663,64.5,18.0,67.16666666666667,0.0,0.0,91.15748464285863,44.01480133931904
3457.0,950.0,2770.7151379839947,0.3428717687272721,271.5,43.333333333333336,36.5,191.66666666666669,418.3120549801604,34.0,9.333333333333334,11.5,25.0,78.66666666666667,23.0,8.666666666666666,81.33333333333333,0.0,0.0,78.78918018303095,68.02287479712942
3453.0,35.0,91.402998957247,0.38291960219347904,0.0,0.0,0.0,0.0,4.790147461779694,0.0,0.0,0.0,0.0,0.0,0.0,0.0,0.0,0.0,0.0,1.789138279553396,3.001009182226297
3456.0,38.0,106.1228562380114,0.3580755489163799,0.0,0.0,0.0,0.0,4.943502171455699,0.0,0.0,0.0,0.0,0.0,0.0,0.0,0.0,0.0,0.0,1.9424929892294016,3.001009182226297
3455.0,4.0,9.520272775710977,0.420156028533676,0.0,0.0,0.0,0.0,2.2266592883429883,0.0,0.0,0.0,0.0,0.0,0.0,0.0,0.0,2.0221863421083146,0.0,0.2044729462346738,0.0
3469.0,32.0,90.82290789847104,0.3523340172698732,0.0,0.0,0.0,0.0,3.636456358028256,0.0,0.0,0.0,0.0,0.0,0.0,0.0,0.0,0.0,0.0,1.6357835698773908,2.000672788150865
3477.0,212.0,567.9480323877336,0.3732735882695501,729.8333333333333,249.66666666666663,92.33333333333331,387.8333333333333,792.9898828810976,185.66666666666663,64.0,9.5,82.83333333333333,298.5,23.5,13.0,52.833333333333336,0.0,0.0,48.15150363663287,15.00504591113149
3484.0,504.8333333333333,1307.5888828626885,0.38607955447595105,391.1666666666667,86.33333333333334,57.0,247.83333333333331,523.697235016092,32.0,54.333333333333336,6.166666666666667,50.833333333333336,203.83333333333331,16.166666666666668,11.833333333333334,16.0,0.0,36.21739130773764,60.13433739508347,36.17883964660416
3486.0,827.3333333333334,2278.5842279544063,0.36309095937000757,0.0,0.0,0.0,0.0,101.47832045012888,0.0,0.0,0.0,0.0,0.0,0.0,0.0,0.0,0.0,0.0,42.29177514231411,59.18654530781478
3501.0,472.05243835411335,1375.0828348522277,0.343290183245464,11.900481639179327,0.6898829935756132,1.7247074839390328,9.485891161664679,70.62753011678218,0.3449414967878066,0.3449414967878066,0.9485891161664681,0.7761183677725649,4.398004084044534,3.1044734710902597,0.6036476193786616,1.3797659871512264,0.0,0.0,24.738888433779223,33.988160043823626
3483.0,661.5,1584.2877517545276,0.4175377858393581,1441.8333333333333,22.5,23.333333333333336,1396.0,1597.5338976339276,1.0,21.5,10.833333333333334,12.5,1014.1666666666666,329.3333333333333,40.333333333333336,12.166666666666666,0.0,0.0,108.18456090244165,47.51600339815264
3482.0,954.5,2431.9921146761594,0.39247660148236124,379.0,6.833333333333333,19.666666666666668,352.5,515.6895012194879,0.5,6.333333333333333,7.833333333333333,11.833333333333334,316.5,25.5,8.166666666666666,2.333333333333333,0.0,0.0,68.16647841012225,68.5230228093656
3489.0,27.0,64.97597740089432,0.4155381893436262,0.0,0.0,0.0,0.0,3.3808651752349137,0.0,0.0,0.0,0.0,0.0,0.0,0.0,0.0,0.0,0.0,1.3801923870840485,2.000672788150865
3490.0,184.5,491.62963432963926,0.37528250356912407,0.0,0.0,0.0,0.0,23.44680027282212,0.0,0.0,0.0,0.0,0.0,0.0,0.0,0.0,1.0110931710541573,0.0,9.431333978787338,13.004373122980622
3497.0,188.16666666666663,521.1150600363197,0.3610846837808758,55.0,1.0,1.0,53.0,80.93461801947134,0.0,1.0,1.0,0.0,48.833333333333336,4.166666666666667,0.0,0.0,0.0,0.0,12.430105860026826,13.504512159444523
3500.0,13.0,36.688793612004666,0.354331628820479,3064.6666666666665,85.66666666666666,67.5,2911.5,3227.024020731505,27.0,58.66666666666666,52.16666666666666,15.333333333333334,2728.0,114.66666666666669,62.833333333333336,6.0,4.044372684216629,0.0,157.31264498654636,1.0003363940754324
3495.0,272.3333333333333,703.2714172889902,0.38723788090683253,217.33333333333331,3.1666666666666665,2.6666666666666665,211.5,263.87686123035587,0.0,3.1666666666666665,2.6666666666666665,0.0,201.83333333333331,6.0,3.6666666666666665,0.0,2.0221863421083146,0.0,25.01481103101708,19.506530523897123
3502.0,0.9999999985844776,0.9999999985844776,1.0,2981.8333291124814,55.49999992143851,72.66666656380536,2853.6666626272377,3134.3165838094433,4.49999999363015,50.99999992780836,55.666666587869244,16.99999997593612,2671.1666628855705,96.16666653054062,73.4999998959591,12.833333315167463,0.0,0.0,152.48325469696204,0.0
3481.0,41.0,110.7380295757989,0.37024317803971735,61.0,0.8333333333333334,26.0,34.166666666666664,72.24834882437295,0.8333333333333334,0.0,4.166666666666667,21.83333333333333,32.0,0.5,0.1666666666666666,1.5,3.0332795131624715,0.0,5.214060128984183,3.001009182226297
3452.0,19.0,51.57724650262482,0.36837949460976116,0.0,0.0,0.0,0.0,2.98267605974429,0.0,0.0,0.0,0.0,0.0,0.0,0.0,0.0,1.0110931710541573,0.0,0.9712464946147008,1.0003363940754324
3451.0,19.0,48.76310810553548,0.38963882201436545,0.0,0.0,0.0,0.0,7.02704874396092,0.0,0.0,0.0,0.0,0.0,0.0,0.0,0.0,5.0554658552707865,0.0,0.9712464946147008,1.0003363940754324
3468.0,926.6666666666666,2426.813929056772,0.3818449595873358,64.0,0.0,0.0,64.0,181.16363630609536,0.0,0.0,0.0,0.0,0.0,64.0,0.0,0.0,0.0,0.0,50.64128628488067,66.52235002121473
3466.0,11.0,28.36080913268802,0.3878591738527534,205.0,5.0,9.5,190.5,217.04187549074777,0.1666666666666666,4.833333333333333,9.166666666666666,0.3333333333333333,144.66666666666666,42.5,3.1666666666666665,0.1666666666666666,0.0,0.0,11.041539096672388,1.0003363940754324
3465.0,30.0,86.95218735981611,0.34501719750714555,0.0,0.0,0.0,0.0,4.545313055965076,0.0,0.0,0.0,0.0,0.0,0.0,0.0,0.0,1.0110931710541573,0.0,1.533547096760054,2.000672788150865
3474.0,471.0,1252.1274437919485,0.37615979294697144,28.0,0.0,1.0,27.0,87.51959875864051,0.0,0.0,1.0,0.0,27.0,0.0,0.0,0.0,0.0,0.0,25.508161360075807,34.01143739856471
3467.0,948.3333333333334,2695.1536572517857,0.351866147142177,0.0,0.0,0.0,0.0,128.50005550963877,0.0,0.0,0.0,0.0,0.0,0.0,0.0,0.0,0.0,0.0,60.47718071250935,68.02287479712942
3472.0,712.1666666666666,1859.2228622128296,0.3830453471398542,233.0,1.6666666666666663,20.166666666666668,211.16666666666663,340.8305438866501,0.3333333333333333,1.3333333333333333,5.166666666666667,15.0,199.16666666666663,5.333333333333333,5.0,1.6666666666666667,0.0,0.0,56.64661346454336,51.183930422106776
3471.0,23.0,66.74694492708858,0.3445850596626435,1.0,0.0,0.0,1.0,5.238603636613066,0.0,0.0,0.0,0.0,1.0,0.0,0.0,0.0,1.0110931710541573,0.0,1.2268376774080432,2.000672788150865
3473.0,460.0,1194.9194803533007,0.3849631774887394,165.0,51.83333333333333,24.83333333333333,88.33333333333333,247.95999885365703,32.166666666666664,19.666666666666668,1.5,23.33333333333333,40.0,3.0,41.16666666666666,4.166666666666667,0.0,0.0,49.94889784916779,33.01110100448927
3459.0,44.0,159.10728013772277,0.27654297127016275,0.0,0.0,0.0,0.0,33.72942338400787,0.0,0.0,0.0,0.0,0.0,0.0,0.0,0.0,28.479211793200164,0.0,2.249202408581412,3.001009182226297
3461.0,145.0,500.81508958113614,0.2895280174590443,73.0,0.0,32.0,41.0,156.16079040806736,0.0,0.0,32.0,0.0,17.166666666666668,23.83333333333333,0.0,0.0,62.01365089752329,0.0,11.143775569789726,10.003363940754324
3479.0,447.0000050906931,1163.0489802455202,0.3843346348116235,0.0,0.0,0.0,0.0,54.86080244384665,0.0,0.0,0.0,0.0,0.0,0.0,0.0,0.0,0.0,0.0,22.850037468875808,32.01076497497085
3464.0,25.0,86.52190476785331,0.2889441704626988,260.0,2.0,12.833333333333332,245.16666666666669,279.6026497205339,0.0,2.0,6.0,6.833333333333333,205.83333333333331,34.833333333333336,4.333333333333333,0.1666666666666666,3.0332795131624715,0.0,14.568697419220513,2.000672788150865
3505.0,0.0,0.0,0.0,0.0,0.0,0.0,0.0,86.27988696532584,0.0,0.0,0.0,0.0,0.0,0.0,0.0,0.0,86.27988696532584,0.0,0.0,0.0
3508.0,353.5,1086.022443741404,0.3254997187555112,137.16666666666666,11.833333333333332,9.166666666666666,116.16666666666666,245.7325394820159,10.666666666666666,1.1666666666666667,9.166666666666666,0.0,67.83333333333333,47.833333333333336,0.5,0.0,58.47475312749032,0.0,25.082709835973134,25.00840985188581
3510.0,133.0,396.7386051341304,0.33523332057649147,209.0,1.0,3.0,205.0,285.0182730544185,0.0,1.0,3.0,0.0,190.5,13.5,1.0,0.0,48.53247221059954,0.0,17.482436903064613,10.003363940754324
3512.0,281.6666666666667,939.5654023306662,0.29978399158586544,0.0,0.0,0.0,0.0,35.416180738862,0.0,0.0,0.0,0.0,0.0,0.0,0.0,0.0,1.0110931710541573,0.0,14.398359686299187,20.00672788150865
3511.0,441.5,1199.6174779820387,0.36803398425194533,17.0,0.0,1.0,16.0,72.44879858455077,0.0,0.0,0.0,1.0,14.0,2.0,0.0,0.0,0.0,0.0,23.438033974136925,32.010764610413844
3556.0,0.0,0.0,0.0,0.0,0.0,0.0,0.0,6.066559022627479,0.0,0.0,0.0,0.0,0.0,0.0,0.0,0.0,6.066559022627479,0.0,0.0,0.0
2728.0,0.0,0.0,0.0,2919.833333333333,501.5,1267.1666666666667,1151.1666666666667,3391.9017824039365,463.3333333333333,38.16666666666666,1047.1666666666667,220.0,182.0,226.33333333333331,117.0,625.8333333333334,2.0221863421083146,320.78260869814994,149.2636540303445,0.0
3552.0,0.9999999989611188,2.479103642068084,0.40337159850522125,219.66666643845912,35.49999996311972,39.16666662597716,144.9999998493622,313.7292570491231,24.333333308053884,11.166666655065827,21.499999977664054,17.6666666483131,45.16666661974386,27.999999970911325,11.499999988052867,60.33333327065417,0.0,82.78260860822361,11.279982002440372,0.0
3515.0,58.999999996344,162.53357778101585,0.3630019150617337,0.0,0.0,0.0,0.0,7.017321532828333,0.0,0.0,0.0,0.0,0.0,0.0,0.0,0.0,0.0,0.0,3.015975956774551,4.001345576053783
2720.0,1254.3333333333333,4348.09949039817,0.2884785263316203,99.0,9.666666666666668,12.666666666666668,76.66666666666667,259.3868837159536,5.166666666666667,4.5,7.166666666666667,5.5,9.833333333333334,35.333333333333336,15.0,16.5,1.0110931710541573,0.0,69.17888432273647,90.19690622216297
3509.0,133.0,381.4223862682992,0.34869479293343175,0.0,0.0,0.0,0.0,203.18020034024184,0.0,0.0,0.0,0.0,0.0,0.0,0.0,0.0,186.3781109371846,0.0,6.798725462302905,10.003363940754324
2909.0,456.5,1025.1534428395082,0.4452991922219656,1105.1666666666667,146.5,42.5,916.1666666666669,1218.0063114805253,119.0,27.5,39.5,3.0,84.16666666666667,154.83333333333334,144.83333333333334,532.3333333333334,0.0,0.0,79.82854380936931,33.01110100448927
2958.0,411.3333333333333,1158.992979117298,0.35490580248951065,59.0,0.0,0.0,59.0,126.88612494643657,0.0,0.0,0.0,0.0,0.0,59.0,0.0,0.0,0.0,0.0,38.04276258406217,29.84336236237439
3015.0,166.16666666666666,492.7605978677919,0.3372158151152526,145.83333333333334,10.833333333333334,10.5,124.5,173.7861132935876,9.833333333333334,1.0,10.0,0.5,4.0,8.5,65.33333333333333,46.66666666666666,0.0,0.0,15.948743231349084,12.004036728905191
2318.0,770.3333333333334,2390.690262421148,0.3222221403759707,0.0,0.0,0.0,0.0,94.39681048220972,0.0,0.0,0.0,0.0,0.0,0.0,0.0,0.0,0.0,0.0,39.37830880806094,55.01850167414879
2457.0,779.6666666666666,2527.98230557084,0.30841460596798415,64.33333333333333,13.833333333333334,5.333333333333334,45.16666666666666,163.4931260656536,10.833333333333334,3.0,3.8333333333333335,1.5,5.166666666666667,10.666666666666666,7.833333333333333,21.5,0.0,0.0,43.14093672124503,56.01885601107524
2713.0,298.3333333333333,876.6930802535967,0.3402939296008084,884.1666666666666,88.5,206.16666666666663,589.5,967.6497362999586,62.0,26.5,72.5,133.66666666666666,116.0,128.66666666666666,142.66666666666666,202.16666666666663,2.0221863421083146,0.0,60.4538190155997,21.007064275584085
2712.0,131.83333333333334,391.6581196835579,0.3366030900619365,0.0,0.0,0.0,0.0,15.742204585737586,0.0,0.0,0.0,0.0,0.0,0.0,0.0,0.0,0.0,0.0,6.739177039058693,9.003027546678892
2765.0,910.0,2134.7006046884867,0.42628928759440476,872.5,239.5,26.833333333333336,606.1666666666666,1036.6475445949602,180.33333333333331,59.16666666666666,16.666666666666668,10.166666666666666,270.1666666666667,79.33333333333333,78.83333333333333,177.83333333333334,0.0,0.0,99.12567898005696,65.02186561490312
2764.0,495.5,1005.799120456118,0.4926431033020755,585.5,75.33333333333333,19.666666666666668,490.5,685.6044739749254,67.83333333333333,7.5,12.0,7.666666666666667,344.6666666666667,30.5,41.5,73.83333333333333,0.0,0.0,64.25893173853525,35.84554223639018
2848.0,497.1666666666667,1431.0709754808777,0.34740881143201546,517.1666666666667,52.16666666666666,81.83333333333334,383.1666666666667,605.0299588604961,8.166666666666666,44.0,70.16666666666667,11.666666666666666,91.66666666666669,5.5,176.5,109.5,0.0,0.0,51.851182007113785,36.01211018671557
3308.0,361.0,1023.491223776808,0.3527143092325362,8.5,0.6666666666666666,4.0,3.833333333333333,53.397035569906095,0.6666666666666666,0.0,2.0,2.0,3.0,0.0,0.1666666666666666,0.6666666666666666,0.0,0.0,18.888289323944846,26.008746245961248
2321.0,38.16666666666666,97.40883426727358,0.39181935554165137,152.16666666666666,3.833333333333333,8.333333333333334,140.0,169.59505947116742,0.1666666666666666,3.6666666666666665,7.5,0.8333333333333334,130.33333333333334,5.5,4.166666666666667,0.0,1.0110931710541573,0.0,13.416290451220314,3.001009182226297
2382.0,390.2402484872049,1222.7309820527441,0.31915462535517186,76.71470795129093,5.503794789727266,3.666364516281029,67.54454864528265,131.7960525997028,4.579838915496323,0.923955874230944,2.0061443927828866,1.6602201234981424,46.580338139675526,9.282618161103343,3.5310766931466735,8.150515651357118,2.8392885153816243,0.0,23.86903491134083,28.373021221689395
2441.0,1512.0,4241.096516044419,0.3565115753154824,0.0,0.0,0.0,0.0,185.8281362553124,0.0,0.0,0.0,0.0,0.0,0.0,0.0,0.0,0.0,0.0,77.29163974007845,108.53649651523392
2446.0,545.5,1674.0685721534749,0.32585284084168914,29.0,0.0,0.1666666666666666,28.83333333333333,97.38056560560992,0.0,0.0,0.1666666666666666,0.0,21.83333333333333,2.0,0.0,5.0,0.0,0.0,29.36744623666804,39.013119368941865
2607.0,224.5,675.631471304891,0.33228173869166955,57.5,12.5,22.5,22.5,88.08604228291996,12.166666666666666,0.3333333333333333,22.0,0.5,3.333333333333333,1.8333333333333333,1.6666666666666667,15.666666666666666,0.0,0.0,14.413961920348775,16.17208036257118
2613.0,258.0,866.7809567117938,0.29765305525255725,48.0,0.0,0.0,48.0,82.64857187438577,0.0,0.0,0.0,0.0,0.0,48.0,0.0,0.0,0.0,0.0,15.642180386952552,19.00639148743322
2553.0,47.333333333333336,129.44608703746977,0.36566059597948386,4579.666666666667,107.16666666666666,51.833333333333336,4420.666666666667,4819.524814257283,36.66666666666666,70.5,51.5,0.3333333333333333,2957.6666666666665,6.333333333333333,43.833333333333336,1412.8333333333333,0.0,0.0,236.5236794864388,3.334468104176957
2648.0,303.0,768.6715639705354,0.39418656055763046,204.0,66.83333333333333,4.0,133.16666666666669,251.92434660490443,64.83333333333333,2.0,4.0,0.0,12.0,62.333333333333336,31.0,27.83333333333333,0.0,0.0,25.91694593524491,22.00740066965952
2722.0,420.0000004122143,1107.9883258820862,0.37906536612454467,0.0,0.0,0.0,0.0,51.47975122742919,0.0,0.0,0.0,0.0,0.0,0.0,0.0,0.0,0.0,0.0,21.46965937571243,30.010091851716766
2725.0,379.0,1173.3018045770984,0.3230200435399532,0.0,0.0,0.0,0.0,46.382894295772026,0.0,0.0,0.0,0.0,0.0,0.0,0.0,0.0,0.0,0.0,19.37381165573535,27.00908264003668
2715.0,255.0,654.0367664989584,0.38988633829411196,0.0,0.0,0.0,0.0,31.04120541581824,0.0,0.0,0.0,0.0,0.0,0.0,0.0,0.0,0.0,0.0,13.035150322460458,18.006055093357784
2700.0,281.0,874.1562020750106,0.32145284713759614,69.0,2.333333333333333,0.8333333333333333,65.83333333333333,106.8981106770426,2.333333333333333,0.0,0.1666666666666666,0.6666666666666666,11.5,36.66666666666666,2.5,15.166666666666666,0.0,0.0,17.89138279553396,20.00672788150865
2701.0,319.5,879.665044419442,0.3632064295687257,74.0,6.666666666666666,8.166666666666666,59.16666666666667,117.1227888086896,6.333333333333333,0.3333333333333333,0.0,8.166666666666666,8.833333333333334,22.0,2.5,25.83333333333333,0.0,0.0,20.115051744954656,23.00773706373495
2687.0,397.0,1299.0168006127865,0.30561575478679165,35.0,0.0,0.1666666666666666,34.833333333333336,85.4258933421854,0.0,0.0,0.1666666666666666,0.0,0.0,34.833333333333336,0.0,0.0,0.0,0.0,22.08307819334478,28.34281514884063
2688.0,388.5,1255.2146499065154,0.3095088159056575,0.0,0.0,0.0,0.0,47.86866225709764,0.0,0.0,0.0,0.0,0.0,0.0,0.0,0.0,0.0,0.0,19.85924322298553,28.00941903411211
2681.0,498.6666666666667,1713.6691344393396,0.2909935509982884,0.0,0.0,0.0,0.0,63.5253096235929,0.0,0.0,0.0,0.0,0.0,0.0,0.0,0.0,2.0221863421083146,0.0,25.491013094769013,36.01211018671557
2660.0,711.6666666666666,2013.3537436598192,0.3534732378290456,1061.5,313.66666666666663,44.66666666666666,703.1666666666666,1210.3210963929005,58.5,255.16666666666663,14.833333333333334,29.83333333333333,311.3333333333333,54.66666666666666,219.0,118.16666666666669,0.0,0.0,97.80394029505374,51.01715609784706
2763.0,1866.3333333333333,3887.66133025096,0.4800658223006416,2995.4999999999995,498.8333333333333,283.3333333333333,2213.333333333333,3378.0727438730046,119.0,379.8333333333333,105.66666666666669,177.66666666666666,1251.3333333333333,196.33333333333331,295.0,470.6666666666667,0.0,0.0,248.527707438673,134.04503643433142
2570.0,586.6666666666666,1776.1863464795324,0.3302956741163233,1563.5,131.33333333333334,209.0,1223.1666666666663,1717.4496531504276,120.66666666666669,10.666666666666666,13.666666666666666,195.33333333333331,377.8333333333333,166.83333333333334,95.16666666666669,583.3333333333334,2.0221863421083146,0.0,109.91333825715112,42.01412855116817
2760.0,718.8333333333334,2109.670530322827,0.3407325091768409,0.0,0.0,0.0,0.0,88.59637831866624,0.0,0.0,0.0,0.0,0.0,0.0,0.0,0.0,0.0,0.0,36.74562874847913,51.85074957018711
2782.0,372.8333333333333,1074.236191324788,0.3470683042930637,36.0,0.0,0.1666666666666666,35.833333333333336,83.90801120584653,0.0,0.0,0.1666666666666666,0.0,0.0,35.833333333333336,0.0,0.0,0.0,0.0,20.898928565809857,27.00908264003668
2751.0,239.0,647.4357678950636,0.369148588711795,1796.0,244.5,97.5,1454.0,1917.033316208412,144.0,100.5,22.666666666666668,74.83333333333333,58.833333333333336,29.33333333333333,85.83333333333333,1280.0,0.0,0.0,104.02759750912948,17.005718699282355
2762.0,184.66666666666663,308.26259575855994,0.599056353925284,605.6666666666666,79.33333333333334,108.5,417.8333333333333,659.0713457014496,55.333333333333336,24.0,3.5,105.0,26.666666666666668,34.833333333333336,99.0,257.3333333333333,0.0,0.0,40.4003059118022,13.004373122980622
2806.0,663.3333333333334,1701.2864918708074,0.3899010169674031,1279.0,294.1666666666667,34.333333333333336,950.5,1429.966031142565,72.16666666666667,222.0,34.0,0.3333333333333333,110.83333333333331,80.16666666666667,173.5,586.0,0.0,0.0,102.94988422694436,48.016146915620766
2857.0,381.0,913.9896968489436,0.4168537143400298,241.66666666666663,21.666666666666664,7.666666666666666,212.3333333333333,300.50546872757883,18.33333333333333,3.333333333333333,7.333333333333333,0.3333333333333333,11.333333333333334,48.0,44.66666666666666,108.33333333333331,0.0,0.0,31.82971942087552,27.00908264003668
2892.0,705.3333333333334,1924.5369289569535,0.3664950891410563,237.0,0.3333333333333333,6.0,230.66666666666663,336.18756951247843,0.1666666666666666,0.1666666666666666,6.0,0.0,29.666666666666668,159.83333333333334,10.166666666666666,31.0,0.0,0.0,48.170413414631376,51.01715609784706
2895.0,393.0,955.7460196236927,0.41119710878287147,0.0,0.0,0.0,0.0,48.09888600166882,0.0,0.0,0.0,0.0,0.0,0.0,0.0,0.0,0.0,0.0,20.089466967556707,28.00941903411211
2993.0,111.0,243.7399826248928,0.45540333106048125,68.0,0.0,0.0,68.0,85.15285549660511,0.0,0.0,0.0,0.0,0.0,67.66666666666667,0.0,0.3333333333333333,0.0,0.0,9.150164344001654,8.002691152603461
2919.0,362.99999875457695,972.3231311666436,0.373332678323749,0.0,0.0,0.0,0.0,44.56466596386022,0.0,0.0,0.0,0.0,0.0,0.0,0.0,0.0,0.0,0.0,18.555919807132824,26.008746156727387
2983.0,1.0,1.0,1.0,6068.333333333333,275.8333333333333,76.83333333333333,5715.666666666666,6378.587128180769,105.33333333333331,170.5,11.0,65.83333333333333,144.66666666666666,240.83333333333331,4790.333333333333,539.8333333333334,0.0,0.0,310.2537948474356,0.0
2967.0,347.0,621.6390939723047,0.5582017015414085,281.8333333333333,3.1666666666666665,1.3333333333333333,277.3333333333333,338.9863803807785,2.6666666666666665,0.5,1.0,0.3333333333333333,14.833333333333334,186.66666666666663,39.16666666666666,36.66666666666666,0.0,0.0,32.14463719555936,25.00840985188581
2985.0,112.0,196.94611010916427,0.568683483709935,1879.6666666666667,163.16666666666666,61.833333333333336,1654.6666666666667,1989.4801044062635,126.83333333333331,36.333333333333336,53.5,8.333333333333334,68.5,505.1666666666667,141.83333333333334,939.1666666666666,0.0,0.0,101.81074658699288,8.002691152603461
2989.0,476.1666666666667,1070.117222950424,0.4449668283572017,566.6666666666666,119.5,4.666666666666667,442.5,654.1530832394191,70.16666666666667,49.333333333333336,4.666666666666667,0.0,48.66666666666666,49.66666666666666,45.16666666666666,299.0,0.0,0.0,53.30826317397234,34.17815339877998
2946.0,570.7107055706789,1774.4954373944038,0.32161858156631107,160.24725308979805,92.11536814631593,25.036217537016952,43.09566740646515,239.62768680008938,50.04293307229108,42.07243507402485,25.036217537016952,0.0,1.651585683202212,12.0627496953907,9.427234943438485,19.95409708443375,0.8788633037194271,0.0,37.36500491765872,41.136565488913156
2951.0,468.3333333333333,1288.611723290849,0.3634402239778685,215.83333333333331,21.5,6.666666666666667,187.66666666666669,284.8180234064756,20.33333333333333,1.1666666666666667,5.0,1.6666666666666667,11.0,44.333333333333336,18.166666666666668,114.16666666666669,0.0,0.0,34.973252674577544,34.01143739856471
2956.0,394.3529184430868,1151.0047742244062,0.34261623172572664,100.25670284600479,19.428443894713936,5.487423084766533,75.3408358665243,154.77240616330607,16.4622692542996,2.966174640414342,5.487423084766533,0.0,0.0,14.830873202071713,23.13616219523187,37.37380046922071,0.8997236769230886,0.0,25.27948479678289,28.336494843595332
2959.0,657.3333333333334,1997.3211026045483,0.32910748926457395,0.0,0.0,0.0,0.0,80.6174828133583,0.0,0.0,0.0,0.0,0.0,0.0,0.0,0.0,0.0,0.0,33.60167229181297,47.015810521545326
2996.0,658.5,1636.8555142842697,0.40229573976047317,2400.166666666667,294.8333333333333,33.16666666666667,2072.166666666667,2603.8724589878707,179.16666666666666,115.66666666666669,28.666666666666668,4.5,179.16666666666666,770.8333333333334,209.16666666666663,913.0,0.0,0.0,156.35662608133737,47.349166239866406
3017.0,875.5,2084.015076381682,0.42010252705084294,46.66666666666667,2.0,33.333333333333336,11.333333333333334,156.65608134894308,1.1666666666666667,0.8333333333333334,33.333333333333336,0.0,0.0,0.3333333333333333,2.6666666666666665,8.333333333333334,0.0,0.0,47.13482568720462,62.8545889950718
3024.0,2.0,6.441666857925836,0.3104786453740925,4653.333333333334,917.3333333333334,141.66666666666666,3594.333333333333,4891.305344549374,662.3333333333334,255.0,132.5,9.166666666666666,299.6666666666667,322.5,500.8333333333333,2471.333333333333,0.0,0.0,237.9720112160401,0.0
3038.0,119.0,365.1056323977153,0.3259330709814179,659.5,72.33333333333333,332.5,254.66666666666669,708.3000111504795,50.0,22.33333333333333,327.5,5.0,25.0,53.16666666666666,63.833333333333336,112.66666666666669,0.0,0.0,39.79698360380049,9.003027546678892
3083.0,255.83333333333331,754.7746653138696,0.33895325994672354,109.5,6.166666666666667,61.33333333333333,42.0,156.18147495697949,6.166666666666667,0.0,24.166666666666668,37.16666666666666,5.666666666666667,7.833333333333333,3.8333333333333335,24.666666666666668,0.0,0.0,28.17524942463348,18.50622553234602
3077.0,366.0,1056.2176456282048,0.34651949010217,327.00000000000006,7.833333333333333,7.833333333333334,311.33333333333337,388.43368418111856,1.8333333333333333,6.0,6.166666666666667,1.6666666666666667,272.8333333333333,20.166666666666668,10.166666666666666,8.166666666666666,0.0,0.0,35.424937935157246,26.008746245961248
3088.0,443.0,1361.312119686622,0.3254213296080695,0.0,0.0,0.0,0.0,54.65575045342669,0.0,0.0,0.0,0.0,0.0,0.0,0.0,0.0,0.0,0.0,22.644985843012847,32.010764610413844
3087.0,239.0,697.1235972598224,0.34283734037900193,0.0,0.0,0.0,0.0,29.223000940081995,0.0,0.0,0.0,0.0,0.0,0.0,0.0,0.0,0.0,0.0,12.217282240799642,17.005718699282355
3101.0,257.0,742.7275151245822,0.34602191889564216,41.0,3.0,4.0,34.0,74.23928958784099,3.0,0.0,0.0,4.0,10.833333333333334,2.0,0.0,21.166666666666668,0.0,0.0,15.233234494483204,18.006055093357784
3220.0,420.8333333333333,1429.5893963243232,0.2943735693726852,0.0,0.0,0.0,0.0,51.52227158407101,0.0,0.0,0.0,0.0,0.0,0.0,0.0,0.0,0.0,0.0,21.512179761808028,30.01009182226298
3226.0,304.0,949.8127316250174,0.3200630923107252,68.0,0.0,0.0,68.0,109.0233846694842,0.0,0.0,0.0,0.0,0.0,68.0,0.0,0.0,0.0,0.0,19.01598399982467,22.00740066965952
3251.0,51.0,153.58044954323432,0.332073516855041,0.0,0.0,0.0,0.0,6.608375640793822,0.0,0.0,0.0,0.0,0.0,0.0,0.0,0.0,0.0,0.0,2.607030064492092,4.0013455763017305
3269.0,914.1709845196623,2861.8937628687804,0.31942869311937405,0.0,0.0,0.0,0.0,112.43010093279399,0.0,0.0,0.0,0.0,0.0,0.0,0.0,0.0,0.0,0.0,46.7304493270179,65.69965160577607
3153.0,0.0,0.0,0.0,3037.29218665253,368.5654224413034,286.62498509782336,2382.1017791134036,3192.553292812189,310.7740977295401,57.791324711763345,246.98713126093668,39.63785383688666,89.10189833081668,1315.8768200220234,145.22776699901337,831.8952937615501,0.0,0.0,155.26110615965828,0.0
3162.0,4.0,9.248957200693312,0.4324811882252148,0.0,0.0,0.0,0.0,5.25993880150546,0.0,0.0,0.0,0.0,0.0,0.0,0.0,0.0,5.0554658552707865,0.0,0.2044729462346738,0.0
3164.0,1.0,3.6930271154635306,0.2707805734251927,1635.0,365.3333333333333,508.3333333333333,761.3333333333333,1718.6324810297715,342.8333333333333,22.5,446.3333333333333,62.0,67.33333333333333,95.0,104.83333333333331,494.1666666666667,0.0,0.0,83.63248102977148,0.0
3355.0,598.1666666666666,1685.1767571354949,0.35495781919247754,0.0,0.0,0.0,0.0,73.59188216054298,0.0,0.0,0.0,0.0,0.0,0.0,0.0,0.0,0.0,0.0,30.577417215299388,43.0144649452436
3360.0,603.1666666666666,1771.390698993521,0.34050459168007224,0.5,0.1666666666666666,0.0,0.3333333333333333,74.54026450594267,0.0,0.1666666666666666,0.0,0.0,0.0,0.0,0.1666666666666666,0.1666666666666666,0.0,0.0,30.85898485596925,43.18127964997342
3362.0,409.0,1121.7804687018845,0.36459896692023136,0.0,0.0,0.0,0.0,50.08238722858163,0.0,0.0,0.0,0.0,0.0,0.0,0.0,0.0,0.0,0.0,20.90598758317324,29.17639964540839
3410.0,565.6666666666666,1468.514043869853,0.38519663399065107,666.0,140.16666666666666,103.83333333333334,422.0,796.2446543919725,123.5,16.666666666666668,46.833333333333336,57.0,23.666666666666668,108.5,56.0,233.83333333333331,6.066559026324943,0.0,83.16430320855481,41.01379215709274
3406.0,19.0,53.99826547542841,0.3518631539867857,766.5,128.16666666666666,106.16666666666669,532.1666666666667,809.6761212823682,97.83333333333331,30.33333333333333,103.0,3.1666666666666665,16.333333333333332,128.83333333333334,58.0,329.0,2.0221863421083146,0.0,40.15359854618438,1.0003363940754324
3411.0,34.0,83.0031067151619,0.4096232218954924,426.0,48.833333333333336,243.66666666666663,133.5,480.3641945763353,47.333333333333336,1.5,34.5,209.16666666666663,51.5,8.166666666666666,3.6666666666666665,70.16666666666667,2.0221863421083146,0.0,50.3413354460761,2.000672788150865
3247.0,276.83333461260077,841.4708918621824,0.32898741630856204,115.00000053142355,19.833333424984644,10.666666715958128,84.50000039048079,158.23820257054223,13.833333397258196,6.000000027726447,10.333333381084437,0.33333333487369143,0.6666666697473829,30.666666808379617,12.333333390326585,40.83333352202721,3.201882531642372,0.0,20.029591533515053,20.006727973961226
3299.0,628.8333333333334,1831.5860990088208,0.34332720349517404,64.0,0.0,0.0,64.0,151.43129359745927,0.0,0.0,0.0,0.0,0.0,63.66666666666666,0.0,0.3333333333333333,0.0,0.0,42.41615586406481,45.01513773339446
3307.0,385.1666666666667,1146.8987475840345,0.3358331914460872,48.0,0.0,0.0,48.0,97.98583143881494,0.0,0.0,0.0,0.0,0.0,48.0,0.0,0.0,0.0,0.0,22.14315532643821,27.84267611237672
3313.0,344.8333333333333,1078.0685581897549,0.3198621559953128,89.66666666666667,14.0,1.6666666666666667,74.0,136.88611805826983,12.5,1.5,1.5,0.1666666666666666,5.833333333333333,17.833333333333332,2.5,47.833333333333336,0.0,0.0,22.21104153971737,25.00840985188581
3306.0,734.3333333333334,2188.522709098457,0.335538365802855,88.0,3.833333333333333,0.0,84.16666666666667,183.05369261156252,3.6666666666666665,0.1666666666666666,0.0,0.0,2.1666666666666665,68.83333333333333,0.5,12.666666666666666,0.0,0.0,42.03586372556465,53.01782888599792
3305.0,40.0,117.68858454715212,0.3398800330033193,0.0,0.0,0.0,0.0,5.045738644573036,0.0,0.0,0.0,0.0,0.0,0.0,0.0,0.0,0.0,0.0,2.0447294623467385,3.001009182226297
3437.0,383.5,1069.9757665296158,0.3584193324712884,0.0,0.0,0.0,0.0,47.27983212705693,0.0,0.0,0.0,0.0,0.0,0.0,0.0,0.0,0.0,0.0,19.60387201489548,27.67596011216145
3448.0,20.0,60.5250436952625,0.3304417275714494,0.0,0.0,0.0,0.0,2.0227011252488016,0.0,0.0,0.0,0.0,0.0,0.0,0.0,0.0,0.0,0.0,1.0223647311733692,1.0003363940754324
3441.0,249.0,695.5459745427161,0.35799215165281356,60.0,10.0,10.666666666666668,39.333333333333336,94.8127888679256,7.333333333333333,2.6666666666666665,8.333333333333334,2.333333333333333,7.166666666666667,12.5,2.0,17.666666666666668,1.0110931710541573,0.0,15.795640603513643,18.006055093357784
3454.0,19.0,46.87202011139647,0.40535910239935097,168.33333333333331,24.666666666666668,27.666666666666664,116.0,180.9320353901354,19.5,5.166666666666667,18.83333333333333,8.833333333333334,9.0,58.333333333333336,7.0,41.66666666666666,2.0221863421083146,0.0,9.576179320618332,1.0003363940754324
3476.0,978.5,2537.4234018817588,0.38562740426936326,659.0,28.0,113.33333333333334,517.6666666666666,820.7630769780944,17.166666666666668,10.833333333333334,63.333333333333336,50.0,356.8333333333333,85.83333333333333,25.33333333333333,49.66666666666666,3.0332795131624715,0.0,88.70624987965165,70.02354758528027
3475.0,660.5,1715.7378041174088,0.38496558064696096,68.33333333333333,36.33333333333333,1.3333333333333337,30.666666666666668,152.94067850880683,8.0,28.33333333333333,0.1666666666666666,1.1666666666666667,17.166666666666668,0.5,12.0,1.0,0.0,0.0,37.25813853919969,47.34920663627384
2776.0,755.5000008617787,2425.689809328047,0.31145779561611125,0.0,0.0,0.0,0.0,92.63801243953012,0.0,0.0,0.0,0.0,0.0,0.0,0.0,0.0,0.0,0.0,38.61984709783966,54.01816534169044
3014.0,230.000000213174,551.6284554562967,0.41694730925895096,0.0,0.0,0.0,0.0,28.26272475213197,0.0,0.0,0.0,0.0,0.0,0.0,0.0,0.0,0.0,0.0,11.757194419390824,16.50553033274115
2352.0,0.0,0.0,0.0,23.0,1.3333333333333333,6.833333333333334,14.833333333333332,26.19790578295769,0.3333333333333333,1.0,0.6666666666666666,6.166666666666667,10.166666666666666,1.1666666666666667,0.5,3.0,2.0221863421083146,0.0,1.1757194408493747,0.0
2509.0,250.5,634.7972225302805,0.3946142029442337,1775.3333333333337,916.8333333333334,23.5,835.0,2017.876696477653,522.8333333333334,394.0,22.33333333333333,1.1666666666666667,50.333333333333336,72.33333333333333,50.0,662.3333333333334,0.0,0.0,224.53745610085156,18.0059070434679
2508.0,812.0,2266.8586277530203,0.3582049582001853,210.3333333333333,37.66666666666666,7.666666666666667,165.0,531.6346728577317,32.0,5.666666666666667,7.166666666666667,0.5,46.5,23.5,28.666666666666668,66.33333333333333,2.0221863421083146,0.0,261.2596423259151,58.01951085637509
2504.0,1060.3487518513243,2997.6390141661677,0.35372796618950936,28.564138121413666,4.83213250621459,3.507192948058976,20.224812667140096,161.11452494994143,4.2086315376707715,0.623500968543818,3.507192948058976,0.0,0.0,11.885487212866531,2.4550350636412834,5.884290390632282,1.0110931710539948,0.0,55.66307536824808,75.87621828922568
2630.0,0.0,0.0,0.0,4989.666666666666,592.3333333333334,164.0,4233.333333333333,5244.72234811085,456.6666666666667,135.66666666666666,99.83333333333331,64.16666666666667,1107.5,423.0,981.0,1721.8333333333333,0.0,0.0,255.05568144418336,0.0
2646.0,0.0,0.0,0.0,1822.8333333333333,277.3333333333333,20.166666666666668,1525.3333333333333,1916.0104011825151,244.16666666666663,33.166666666666664,20.0,0.1666666666666666,530.6666666666666,72.66666666666667,96.16666666666669,825.8333333333334,0.0,0.0,93.1770678491818,0.0
2639.0,2.0,7.25277156433316,0.27575665140694194,1382.6666666666663,775.5,25.0,582.1666666666666,1455.1206811302504,351.1666666666667,424.3333333333333,9.666666666666666,15.333333333333334,58.66666666666666,96.0,106.66666666666669,320.8333333333333,0.0,0.0,72.4540144635839,0.0
2640.0,293.0,785.7418813235416,0.3728959941736294,3696.0,411.0,83.33333333333334,3201.6666666666665,3920.9401961447015,324.5,86.5,65.16666666666667,18.166666666666668,1476.8333333333333,272.8333333333333,545.8333333333334,906.1666666666666,0.0,0.0,203.9331318691176,21.007064275584085
2717.0,173.0,435.5234774064188,0.39722313256275055,766.8333333333333,25.83333333333333,71.16666666666667,669.8333333333333,826.880069355007,21.5,4.333333333333333,18.33333333333333,52.833333333333336,401.0,123.16666666666669,92.0,53.66666666666666,0.0,0.0,48.04269929276848,12.004036728905191
2724.0,252.0,811.658839393565,0.3104752733159206,0.0,0.0,0.0,0.0,30.88785070614224,0.0,0.0,0.0,0.0,0.0,0.0,0.0,0.0,0.0,0.0,12.881795612784453,18.006055093357784
2718.0,282.0,705.2639369898633,0.39985030455917553,78.99999999999999,0.0,0.3333333333333333,78.66666666666666,117.46041127918797,0.0,0.0,0.0,0.3333333333333333,27.5,46.16666666666666,0.0,5.0,0.0,0.0,18.45368339767932,20.00672788150865
2676.0,410.8333333333333,1232.3132566091897,0.33338384629876877,0.0,0.0,0.0,0.0,50.5107909440047,0.0,0.0,0.0,0.0,0.0,0.0,0.0,0.0,0.0,0.0,21.000842639209832,29.50994830479486
2693.0,633.0,1797.526950292683,0.3521504920395945,813.6666666666667,175.66666666666669,92.66666666666669,545.3333333333334,933.9674360336244,67.0,108.66666666666669,11.166666666666666,81.5,176.33333333333334,123.33333333333331,127.66666666666669,118.0,0.0,0.0,74.95223551883453,45.348533848122976
2696.0,261.0,946.7794506095994,0.2756713824238062,1031.3333333333333,350.0,63.833333333333336,617.5,1116.401776416575,294.5,55.5,21.0,42.833333333333336,352.6666666666667,53.66666666666666,73.0,138.16666666666666,0.0,0.0,66.06205159580871,19.00639148743322
2789.0,582.5,1616.2216454167826,0.36040848831088884,171.0,0.0,0.5,170.5,251.53173913183787,0.0,0.0,0.0,0.5,61.16666666666666,96.83333333333331,4.333333333333333,8.166666666666666,0.0,0.0,38.5176105806697,42.01412855116817
2780.0,180.66666666666663,515.23172578226,0.35065128489975295,3206.833333333333,56.833333333333336,23.666666666666664,3126.333333333333,3393.009115588594,38.833333333333336,18.0,14.166666666666666,9.5,1329.5,177.66666666666666,1594.3333333333333,24.83333333333333,0.0,0.0,173.17140913227954,13.004373122980622
2771.0,684.0,2017.1912833337765,0.33908534388943284,809.0,18.833333333333336,6.166666666666667,784.0,934.3360104917882,17.166666666666668,1.6666666666666667,2.0,4.166666666666667,87.33333333333333,7.5,469.8333333333333,219.33333333333331,0.0,0.0,76.31952718209202,49.01648330969619
2777.0,514.0,1438.4560734517315,0.35732756076909683,148.0,0.0,0.0,148.0,218.85256628226844,0.0,0.0,0.0,0.0,0.0,148.0,0.0,0.0,0.0,0.0,33.84011970147744,37.012446580791
2778.0,567.0,1677.5167230526922,0.33799961109668775,0.0,0.0,0.0,0.0,69.99783228585775,0.0,0.0,0.0,0.0,0.0,0.0,0.0,0.0,0.0,0.0,28.98404012876502,41.01379215709274
2767.0,136.0,221.6227763560715,0.6136553392034707,833.6666666666666,174.0,72.5,587.1666666666666,893.2374530675584,47.333333333333336,126.66666666666669,12.333333333333334,60.16666666666666,283.5,75.16666666666667,87.33333333333333,141.16666666666666,0.0,0.0,49.56742246013749,10.003363940754324
2761.0,0.0,0.0,0.0,841.4999999999999,39.66666666666667,672.6666666666666,129.16666666666666,884.5159335942252,37.833333333333336,1.8333333333333333,154.16666666666666,518.5,43.5,9.0,5.666666666666667,71.0,0.0,0.0,43.01593359422531,0.0
2836.0,283.5,745.9316757427176,0.3800616185359357,4006.8333333333335,330.0,167.66666666666669,3509.166666666667,4255.3201618110525,246.16666666666663,83.83333333333333,73.16666666666667,94.5,781.3333333333334,596.8333333333334,917.0,1214.0,0.0,0.0,228.48010059621,20.00672788150865
2926.0,0.0,0.0,0.0,336.33333333333337,73.16666666666667,95.66666666666669,167.5,355.5316380570316,66.5,6.666666666666667,95.5,0.1666666666666666,10.0,24.666666666666668,31.0,101.83333333333331,0.0,0.0,19.19830472369824,0.0
2947.0,453.5,1295.8673579092792,0.34995865682708904,69.66666666666666,28.333333333333336,0.5,40.83333333333333,141.25388417224758,10.166666666666666,18.166666666666668,0.5,0.0,1.8333333333333333,5.333333333333333,4.166666666666667,29.5,0.0,0.0,38.74285942282704,32.84435808275389
3009.0,430.5,1010.6858577552752,0.4259483762404046,113.16666666666669,16.0,7.666666666666667,89.5,172.13416633626616,13.333333333333334,2.6666666666666665,7.5,0.1666666666666666,3.0,12.0,10.833333333333334,63.66666666666666,0.0,0.0,27.790341991199018,31.17715767840048
3019.0,808.0,2029.724094231764,0.39808366186135374,490.8333333333333,49.0,160.16666666666669,281.66666666666663,615.2491260781665,30.5,18.5,84.5,75.66666666666667,18.83333333333333,34.0,109.33333333333331,119.5,0.0,0.0,66.39628188845803,58.01951085637509
3029.0,583.3333333333334,1727.2775327473728,0.33771835867366096,572.0,78.0,35.333333333333336,458.6666666666667,673.0753080460067,66.0,12.0,26.5,8.833333333333334,179.83333333333334,42.16666666666666,65.16666666666667,171.5,0.0,0.0,59.06117949483855,42.01412855116817
3030.0,550.0000032893848,1321.5379124606789,0.4161817819250415,0.0,0.0,0.0,0.0,67.46154599440528,0.0,0.0,0.0,0.0,0.0,0.0,0.0,0.0,0.0,0.0,28.115030275415208,39.34651571899008
3031.0,195.5,569.754507282319,0.3431302385522469,375.5,70.33333333333333,47.5,257.6666666666667,418.6942147300493,57.0,13.333333333333334,45.0,2.5,48.833333333333336,33.333333333333336,39.66666666666666,135.83333333333334,0.0,0.0,29.18950521299323,14.004709517056057
3053.0,515.6666666666666,1631.4788266224575,0.3160731590579187,0.0,0.0,0.0,0.0,63.372469697057376,0.0,0.0,0.0,0.0,0.0,0.0,0.0,0.0,0.0,0.0,26.360023116266376,37.012446580791
3052.0,453.3333333333333,1231.433937187826,0.3681345134669519,760.0,123.16666666666669,118.16666666666669,518.6666666666666,860.3653784118661,92.0,31.166666666666668,17.666666666666668,100.5,42.66666666666666,104.16666666666669,149.66666666666666,222.16666666666663,0.0,0.0,67.85450168650851,32.51087672535763
3098.0,377.1698372046097,1111.3108006282498,0.33939185778756653,64.83476562688433,5.33357331596447,10.000268882396599,49.50092342852328,114.7720144229721,5.166852777198614,0.16672053876585527,6.166905609352018,3.833363273044581,12.833354219675172,4.833517221975687,5.166834363510681,26.667217623361736,9.170552871502034e-07,0.0,22.59445623664067,27.3427916423918
3218.0,487.0,1572.2465250849934,0.3097478622022545,23.833333333333336,5.0,3.1666666666666665,15.666666666666668,84.958027124658,3.5,1.5,2.6666666666666665,0.5,0.0,7.166666666666667,1.5,7.0,0.0,0.0,26.112919998684543,35.011773792640135
3217.0,205.0,616.4137658123263,0.3325688220636111,0.0,0.0,0.0,0.0,25.484284405658524,0.0,0.0,0.0,0.0,0.0,0.0,0.0,0.0,0.0,0.0,10.479238494527037,15.00504591113149
3159.0,347.0,953.887868593184,0.36377441356054113,163.16666666666669,26.666666666666668,15.5,121.0,214.2542804844761,21.0,5.666666666666667,15.5,0.0,0.0,71.16666666666667,13.5,36.333333333333336,0.0,0.0,26.079203965923657,25.00840985188581
3142.0,66.83333333333333,213.82492754392453,0.3125610007261863,509.33333333333337,144.0,26.0,339.33333333333337,557.6067360197611,122.66666666666669,21.33333333333333,26.0,0.0,0.0,86.66666666666667,57.333333333333336,195.33333333333331,11.290103034231072,0.0,31.98209772878156,5.001201923415106
3325.0,319.8333333333333,923.792725818117,0.3462176356174344,0.0,0.0,0.0,0.0,39.35702888688219,0.0,0.0,0.0,0.0,0.0,0.0,0.0,0.0,0.0,0.0,16.349291823147244,23.00773706373495
3428.0,490.8333333333333,1369.921534882336,0.358293026888939,923.0,165.5,85.83333333333334,671.6666666666666,1040.3276739821745,119.5,46.0,55.833333333333336,30.0,40.16666666666666,155.16666666666666,87.83333333333333,388.5,3.8757218905658353,0.0,78.44017829896846,35.011773792640135
3278.0,180.16666666666663,512.7018758391687,0.35140629507504234,234.00000000000003,51.66666666666667,16.666666666666668,165.66666666666669,268.1762885150929,25.5,26.166666666666668,5.833333333333333,10.833333333333334,69.83333333333333,18.166666666666668,9.666666666666666,68.0,0.0,0.0,21.17191539211225,13.004373122980622
3263.0,495.0450593399323,1380.869853070064,0.35850232970131635,114.04283217967193,19.139362270153637,7.338408331561497,87.5650615779568,196.36768837606584,17.35434402734138,1.785018242812256,2.875862724530857,4.46254560703064,5.355054728436768,13.486804501248157,5.652557768905478,63.07064457936638,0.6016065851715212,0.0,46.010875363748845,35.71237424747355
3298.0,437.6666666666667,1355.204631680548,0.3229524578320911,50.0,0.0,0.0,50.0,106.10573532755204,0.0,0.0,0.0,0.0,0.0,49.833333333333336,0.0,0.1666666666666666,0.0,0.0,24.92860905384937,31.17712627370267
3312.0,366.0,1115.6503147055084,0.3280597828689815,290.0,79.33333333333333,16.0,194.66666666666669,351.2260416697076,65.33333333333333,14.0,16.0,0.0,1.5,41.5,24.666666666666668,127.0,1.0110931710541573,0.0,34.20620225269218,26.008746245961248
3319.0,445.5,1474.326814920201,0.3021718085105255,812.6666666666666,234.16666666666663,50.333333333333336,528.1666666666666,911.0305306348706,197.16666666666663,37.0,49.833333333333336,0.5,8.0,110.33333333333331,51.5,358.3333333333333,2.0221863421083146,0.0,64.33091301568186,32.010764610413844
3314.0,464.5,1513.6233480067056,0.3068795157075908,18.0,3.333333333333333,4.0,10.666666666666666,75.67594262735076,2.6666666666666665,0.6666666666666666,1.3333333333333333,2.6666666666666665,0.0,5.5,0.3333333333333333,4.833333333333333,0.0,0.0,24.664841622861484,33.01110100448927
3445.0,444.44147750219173,1374.1299878085083,0.3234348143518769,9.480085596509264,0.7473040447698743,1.8575843398565448,6.875197211882843,64.89713286629947,0.7473040447698743,0.0,0.0,1.8575843398565448,1.0675772068141063,0.5337886034070531,0.14946080895397487,5.1243705927077094,0.0,0.0,23.20348286514125,32.213564404648956
3429.0,135.0,325.77648816332777,0.41439454627651906,1646.8333333333337,661.0,36.16666666666667,949.6666666666669,1759.7471065593395,465.5,195.5,27.666666666666668,8.5,715.3333333333334,61.333333333333336,64.16666666666667,108.83333333333331,0.0,0.0,102.91040928525224,10.003363940754324
2270.0,31.0,91.1681005040483,0.34003121517951834,0.0,0.0,0.0,0.0,3.5853381214695874,0.0,0.0,0.0,0.0,0.0,0.0,0.0,0.0,0.0,0.0,1.5846653333187224,2.000672788150865
2255.0,716.1666666666666,1870.907672492619,0.3827910255520597,0.0,0.0,0.0,0.0,90.25721148265396,0.0,0.0,0.0,0.0,0.0,0.0,0.0,0.0,2.191314196840499,0.0,36.54716651697475,51.5187307688387
2276.0,0.0,0.0,0.0,0.0,0.0,0.0,0.0,6.909001403728307,0.0,0.0,0.0,0.0,0.0,0.0,0.0,0.0,6.909001403728307,0.0,0.0,0.0
2324.0,64.0,164.8374948397856,0.38826117845460484,0.0,0.0,0.0,0.0,9.284342281186102,0.0,0.0,0.0,0.0,0.0,0.0,0.0,0.0,1.0110931710541573,0.0,3.2715671397547816,5.001681970377162
3344.0,298.6666666666667,902.870232538476,0.3307968918489501,487.1666666666667,125.0,21.5,340.6666666666667,553.4903576945003,111.16666666666669,13.833333333333334,20.83333333333333,0.6666666666666666,6.166666666666667,76.66666666666667,39.5,218.33333333333331,1.0110931710541573,0.0,43.8053855689592,21.50721228782027
3358.0,302.0,844.8960490758324,0.3574404216120254,0.0,0.0,0.0,0.0,56.11285583798573,0.0,0.0,0.0,0.0,0.0,0.0,0.0,0.0,0.0,0.0,34.43888268557905,21.673973152406678
3494.0,414.0000017169477,1191.1983450033963,0.34754917470588603,21.000000087091546,1.5000000062208247,2.6666666777259107,16.83333340314481,73.24652502905296,0.0,1.5000000062208247,1.3333333388629554,1.3333333388629554,11.166666712977252,4.666666686020345,0.8333333367893472,0.16666666735786936,0.0,0.0,22.236432995240083,30.010091946721328
2422.0,0.0,0.0,0.0,0.0,0.0,0.0,0.0,73.13567574526121,0.0,0.0,0.0,0.0,0.0,0.0,0.0,0.0,73.13567574526121,0.0,0.0,0.0
3503.0,15.999999985065742,56.92591332403217,0.28106707562144795,83.99999992159515,0.0,0.9999999990666089,82.99999992252853,424.1098257752064,0.0,0.0,0.9999999990666089,0.0,75.83333326255116,7.166666659977364,0.0,0.0,333.99766580937404,0.0,5.1118236510955155,1.0003363931417273
3504.0,0.9999999996368801,1.8077620404385797,0.553170150311526,0.0,0.0,0.0,0.0,39.483751893333476,0.0,0.0,0.0,0.0,0.0,0.0,0.0,0.0,39.432633656793364,0.0,0.05111823654010635,0.0
3513.0,41.0,127.03672316404248,0.32274132218489854,0.0,0.0,0.0,0.0,49.24784581771435,0.0,0.0,0.0,0.0,0.0,0.0,0.0,0.0,44.15098893658264,0.0,2.095847698905407,3.001009182226297
2426.0,939.0,2586.2697551300976,0.3630711754399979,0.0,0.0,0.0,0.0,115.3559586463722,0.0,0.0,0.0,0.0,0.0,0.0,0.0,0.0,0.0,0.0,48.00002412858969,67.3559345177825
3557.0,0.0,0.0,0.0,0.0,0.0,0.0,0.0,0.0,0.0,0.0,0.0,0.0,0.0,0.0,0.0,0.0,0.0,0.0,0.0,0.0
2654.0,1874.8333297112,5577.694114204763,0.3361305391302376,0.0,0.0,0.0,0.0,230.55049261721675,0.0,0.0,0.0,0.0,0.0,0.0,0.0,0.0,0.0,0.0,95.83857449653664,134.71191812068008
2719.0,1515.3333330983944,4763.8837400106,0.3180878073013223,945.9999998533311,209.33333330087805,57.49999999108514,679.166666561368,1180.8422141870485,166.99999997410814,42.33333332676993,47.8333333259172,9.666666665167936,0.33333333328165293,153.66666664284202,177.9999999724027,347.1666666128416,0.0,0.0,125.8055473964007,109.03666693731698
3347.0,279.0,853.3560677202289,0.3269444145927953,115.0,18.166666666666668,1.3333333333333333,95.5,155.14731308562403,16.666666666666668,1.5,1.3333333333333333,0.0,4.666666666666667,15.0,8.166666666666666,67.66666666666667,0.0,0.0,20.14058520411537,20.00672788150865
3321.0,50.0,166.9983847609146,0.2994040934682281,0.0,0.0,0.0,0.0,7.066444973156317,0.0,0.0,0.0,0.0,0.0,0.0,0.0,0.0,0.8424901673703942,0.0,2.556054689588053,3.66790011619787
2242.0,17.368574669178006,44.635709902717814,0.38911836973204394,5.970447542529938,0.1085535916823625,0.0,5.861893950847576,12.417378560170091,0.1085535916823625,0.0,0.0,0.0,5.10201880907104,0.6513215500941753,0.0,0.1085535916823625,3.9512806287637723,0.0,1.192569087266719,1.3030813016096567
3356.0,115.83333333333331,338.64480022085263,0.342049643927179,0.0,0.0,0.0,0.0,13.923751664368725,0.0,0.0,0.0,0.0,0.0,0.0,0.0,0.0,0.0,0.0,5.921060511765263,8.002691152603461
3507.0,70.0,195.7462804836698,0.35760577328487103,99.0,1.0,2.0,96.0,192.85399192529025,0.0,1.0,1.1666666666666667,0.8333333333333334,81.0,10.0,1.0,4.0,80.21332797649812,0.0,8.63898197841497,5.001681970377162
2428.0,1143.8333333333333,3694.1703581360366,0.30963199377477435,512.3333333333334,94.5,46.0,371.83333333333337,696.3046222265408,79.33333333333333,15.166666666666666,34.333333333333336,11.666666666666666,2.833333333333333,143.16666666666666,86.5,139.33333333333334,0.0,0.0,101.94370457902194,82.02758431418548
2575.0,269.1666666666667,831.3923806315057,0.3237540696033492,397.0,65.16666666666667,36.16666666666667,295.66666666666663,453.0925864714579,46.0,19.166666666666668,35.333333333333336,0.8333333333333334,0.8333333333333334,146.16666666666666,43.66666666666666,105.0,3.0332795131624715,0.0,34.052915470862146,19.00639148743322
2593.0,294.1666666666667,1104.7554479032897,0.26627310797603604,78.83333333333333,8.0,47.16666666666666,23.666666666666664,118.90656270413248,6.0,2.0,46.16666666666666,1.0,0.0,4.666666666666667,5.833333333333333,13.166666666666666,0.0,0.0,19.06616509521505,21.007064275584085
2534.0,765.3333333333334,2281.106177342513,0.3355097368702697,0.0,0.0,0.0,0.0,96.1634544453076,0.0,0.0,0.0,0.0,0.0,0.0,0.0,0.0,2.0221863421083146,0.0,39.12276642905051,55.01850167414879
2697.0,440.0,1499.2499911376308,0.29348007510483826,0.0,0.0,0.0,0.0,54.50278869622797,0.0,0.0,0.0,0.0,0.0,0.0,0.0,0.0,0.0,0.0,22.492024085814123,32.010764610413844
2745.0,257.0,771.7053886012435,0.33302864512301256,675.6666666666667,65.83333333333334,50.16666666666667,559.6666666666667,742.0119356246427,45.333333333333336,20.5,9.833333333333334,40.333333333333336,76.5,115.16666666666669,113.5,254.5,0.0,0.0,47.67234985216675,18.67291910580925
2734.0,260.1666666666667,670.1103917107661,0.38824448909450754,0.0,0.0,0.0,0.0,32.305502665319096,0.0,0.0,0.0,0.0,0.0,0.0,0.0,0.0,0.0,0.0,13.299111177885877,19.00639148743322
2799.0,0.0,0.0,0.0,2241.1666666666665,396.1666666666666,126.5,1718.5,2375.7661967527088,285.8333333333333,110.33333333333331,126.0,0.5,0.5,332.1666666666667,438.1666666666667,947.6666666666666,0.0,0.0,134.59953008604234,0.0
2804.0,632.0,1772.6955402416097,0.3565192023407818,34.0,0.0,0.0,34.0,113.05988328146763,0.0,0.0,0.0,0.0,0.0,34.0,0.0,0.0,0.0,0.0,34.044745548073195,45.01513773339446
2868.0,401.0,1056.3655890385949,0.37960342911676315,223.00000000000003,0.1666666666666666,0.1666666666666666,222.66666666666669,283.9075350407967,0.1666666666666666,0.0,0.1666666666666666,0.0,96.0,100.66666666666669,1.3333333333333333,24.666666666666668,0.0,0.0,31.897779612609124,29.009755428187542
2860.0,23.0,76.98699598795142,0.2987517528752458,3447.9999999999995,40.83333333333333,233.33333333333331,3173.833333333333,3627.104679589461,30.33333333333333,10.5,11.5,221.83333333333331,1789.0,55.833333333333336,186.0,1143.0,0.0,0.0,177.4375105963252,1.6671689931355236
3005.0,455.5,1184.5218432182194,0.38454335190852634,0.0,0.0,0.0,0.0,56.295346036942135,0.0,0.0,0.0,0.0,0.0,0.0,0.0,0.0,0.0,0.0,23.284245032452866,33.01110100448927
2955.0,6.0,13.269858369855127,0.45215252738718603,1727.5,218.33333333333331,547.8333333333334,961.3333333333331,1816.1083117004405,184.83333333333331,33.5,494.5,53.333333333333336,4.666666666666667,122.5,190.5,643.6666666666666,0.0,0.0,88.60831170044047,0.0
3042.0,130.0,344.7307809997314,0.3771058668535355,724.3333333333333,262.8333333333333,31.5,430.0,777.0218418860702,183.66666666666663,79.16666666666667,31.0,0.5,0.3333333333333333,72.33333333333333,95.33333333333331,262.0,0.0,0.0,43.68548100605801,9.003027546678892
3047.0,221.33333333333331,645.6781773133592,0.3427920303180949,368.83333333333337,84.33333333333334,26.0,258.5,415.0011523084444,32.833333333333336,51.5,10.166666666666666,15.833333333333334,12.166666666666666,36.5,78.83333333333333,131.0,0.0,0.0,30.16243666990415,16.005382305206922
3079.0,627.6666666666666,1571.1315672852515,0.39949974893013446,936.6666666666669,157.83333333333331,141.66666666666666,637.1666666666667,1080.1575208072002,125.83333333333331,32.0,129.16666666666666,12.5,97.5,87.0,107.66666666666669,345.0,1.0110931710541573,0.0,97.46462323608488,45.01513773339446
3090.0,189.0,562.0509889963897,0.3362684235063485,60.0,4.0,6.166666666666667,49.83333333333333,86.7331504201645,4.0,0.0,0.1666666666666666,6.0,16.333333333333332,11.5,1.0,21.0,0.0,0.0,12.728440903108448,14.004709517056057
3129.0,1739.3302102065888,5505.184153310283,0.3159440559605485,388.3333333333333,102.83333333333331,18.166666666666664,267.3333333333333,622.19008783508,83.5,19.33333333333333,17.833333333333332,0.3333333333333333,4.5,31.666666666666668,42.0,189.16666666666663,0.0,0.0,108.71905466045112,125.13769984129559
3231.0,192.83333201170913,635.0900899622374,0.3036314612044648,2.1666666518169566,0.0,1.9999999862925755,0.16666666552438122,26.13916368756014,0.0,0.0,0.9999999931462877,0.9999999931462877,0.0,0.0,0.16666666552438122,0.0,0.0,0.0,9.967787614671376,14.004709421071807
3235.0,573.8333333333334,1665.118642551497,0.3446200881241929,0.0,0.0,0.0,0.0,70.34693922761969,0.0,0.0,0.0,0.0,0.0,0.0,0.0,0.0,0.0,0.0,29.333147070526945,41.01379215709274
3363.0,1106.3333333333333,3182.5891217047624,0.3476205350506329,0.0,0.0,0.0,0.0,137.09019072616516,0.0,0.0,0.0,0.0,0.0,0.0,0.0,0.0,1.0110931710541573,0.0,56.552351984163614,79.5267455709474
3334.0,69.0,214.4037010754478,0.3218228027496558,13.0,0.0,0.0,13.0,46.45961347348774,0.0,0.0,0.0,0.0,11.0,2.0,0.0,0.0,24.26623610529977,0.0,4.191695397810814,5.001681970377162
3412.0,442.8333333333333,1283.824684511793,0.34493287025535885,0.0,0.0,0.0,0.0,55.658978736616746,0.0,0.0,0.0,0.0,0.0,0.0,0.0,0.0,1.0110931710541573,0.0,22.63712095514875,32.010764610413844
3447.0,35.0,108.51222542171566,0.3225443019344412,0.0,0.0,0.0,0.0,4.790147461779694,0.0,0.0,0.0,0.0,0.0,0.0,0.0,0.0,0.0,0.0,1.789138279553396,3.001009182226297
3498.0,2284.333333333333,6072.378254634373,0.37618429510545637,60.0,0.0,1.0,59.0,351.0604083660767,0.0,0.0,1.0,0.0,7.166666666666667,51.833333333333336,0.0,0.0,0.0,0.0,126.83854168034144,164.2218666857352
3496.0,65.0,175.81302064091076,0.36971095635037876,694.0,6.0,30.666666666666668,657.3333333333334,739.8226098605148,0.1666666666666666,5.833333333333333,9.0,21.666666666666668,578.5,67.66666666666667,10.833333333333334,0.3333333333333333,2.0221863421083146,0.0,38.79874154802936,5.001681970377162
3488.0,824.5,2279.326511035088,0.36172965830401277,0.0,0.0,0.0,0.0,101.1665346958235,0.0,0.0,0.0,0.0,0.0,0.0,0.0,0.0,0.0,0.0,42.14668744537298,59.01984725045052
3480.0,1067.6666666666667,2735.8947381378043,0.3902440586560642,0.0,0.0,0.0,0.0,131.603662317446,0.0,0.0,0.0,0.0,0.0,0.0,0.0,0.0,0.0,0.0,54.57775997363769,77.02590234380831
3458.0,5.0,16.30769721572332,0.3066036813081845,0.0,0.0,0.0,0.0,17.444175090714015,0.0,0.0,0.0,0.0,0.0,0.0,0.0,0.0,17.188583907920673,0.0,0.2555911827933423,0.0
3462.0,59.0,208.69953582645812,0.28270307246423787,0.0,0.0,0.0,0.0,12.072787388533955,0.0,0.0,0.0,0.0,0.0,0.0,0.0,0.0,5.0554658552707865,0.0,3.0159759569614395,4.0013455763017305
3463.0,80.0,269.5564305736506,0.2967838675922135,131.33333333333331,0.1666666666666666,3.0,128.16666666666666,150.16038585054037,0.0,0.1666666666666666,2.6666666666666665,0.3333333333333333,117.5,9.333333333333334,1.3333333333333333,0.0,2.0221863421083146,0.0,10.802847810646124,6.002018364452596
3036.0,46.833333333333336,118.7032514682951,0.39454128470812977,1123.3333333333333,93.66666666666669,135.16666666666666,894.4999999999999,1186.3234048685931,68.66666666666667,25.0,132.16666666666666,3.0,188.0,405.3333333333333,104.16666666666669,197.0,0.0,0.0,59.82230148844741,3.1677700468127
3327.0,197.0,596.919016221841,0.33002801828445394,0.0,0.0,0.0,0.0,25.0860952901679,0.0,0.0,0.0,0.0,0.0,0.0,0.0,0.0,1.0110931710541573,0.0,10.070292602057686,14.004709517056057
2447.0,481.87271610805516,1258.385167383549,0.38292943098651683,55.6754386122362,10.39111856156855,9.255954348960222,36.02836570170743,117.452865780028,8.365287043682917,2.025831517885633,5.9727101648007475,3.2832441841594746,1.955975258648198,15.350912967426481,3.842094258058959,14.87938321757379,0.0,0.0,27.478829880908812,34.298597286882995
2443.0,746.4606224589754,1957.7000658919985,0.38129468117418747,475.657898140958,88.77554874337203,79.07737955291962,307.8049698446664,591.8642351263184,71.46804680348774,17.307501939884293,51.02729020207267,28.05008935084696,16.71069152816415,131.14908797550257,32.82457264460814,127.12061769639156,0.0,0.0,62.47533121674769,53.73100576861266
2305.0,1057.3026417004542,3057.219945873892,0.34583793787143735,908.4291304285538,32.678596933603,139.21041076280687,736.5401227321439,1084.9175758634915,10.670643424787293,22.007953508815707,17.51988418972638,121.6905265730805,591.2780126360848,72.06362922891125,40.00397643139649,33.19450443575146,0.03216642741530537,0.0,100.4762787529818,75.98000025454074
2682.0,382.3333333333333,1218.238474588806,0.31384112495903804,268.66666666666663,16.5,3.5,248.66666666666663,328.9545846032632,14.5,2.0,3.0,0.5,0.3333333333333333,216.16666666666663,11.5,20.666666666666668,0.0,0.0,33.27883529655981,27.00908264003668
2680.0,311.0,996.9219486573649,0.31196022960358005,0.0,0.0,0.0,0.0,37.90550775970024,0.0,0.0,0.0,0.0,0.0,0.0,0.0,0.0,0.0,0.0,15.898107090040725,22.00740066965952
3156.0,63.333333333333336,176.3003252015128,0.3592354878582486,0.0,0.0,0.0,0.0,12.122460192997607,0.0,0.0,0.0,0.0,0.0,0.0,0.0,0.0,4.549656844219497,0.0,3.2380257894333297,4.33477755934478
2673.0,455.0,1594.876303150961,0.2852885826324379,2255.1666666666665,945.6666666666666,58.5,1251.0,2432.7182031033467,681.1666666666666,264.5,44.16666666666666,14.333333333333334,242.33333333333331,96.5,234.5,677.6666666666666,0.0,0.0,144.540435432191,33.01110100448927
2674.0,648.1666666666666,2047.347810072182,0.3165884484687605,32.0,2.6666666666666665,4.333333333333333,25.0,113.2846273892808,1.8333333333333333,0.8333333333333334,4.333333333333333,0.0,7.833333333333333,5.666666666666667,2.6666666666666665,8.833333333333334,0.0,0.0,34.76900524957469,46.51562213970609
2423.0,0.0,0.0,0.0,0.0,0.0,0.0,0.0,68.58568476226864,0.0,0.0,0.0,0.0,0.0,0.0,0.0,0.0,68.58568476226864,0.0,0.0,0.0
3460.0,196.0,709.7367170497514,0.2761587435052493,0.0,0.0,0.0,0.0,68.34333261528721,0.0,0.0,0.0,0.0,0.0,0.0,0.0,0.0,44.31944873273213,0.0,10.01917436549902,14.004709517056057
2425.0,4370.0,12108.839242107551,0.36089338644480995,0.0,0.0,0.0,0.0,884.9921331192279,0.0,0.0,0.0,0.0,0.0,0.0,0.0,0.0,0.0,0.0,571.3866937613813,313.6054393578466
2439.0,1064.6666666666667,2782.978297386104,0.3825637690623203,480.1666666666666,106.83333333333331,60.333333333333336,313.0,635.5121274297646,89.5,17.333333333333332,24.0,36.333333333333336,68.5,51.833333333333336,35.333333333333336,157.33333333333334,0.0,0.0,78.98645834279742,76.3590024203006
2500.0,0.0,0.0,0.0,2349.9999871998552,429.1666643290516,324.3333315667318,1596.499991304072,2530.7088306918236,356.99999805546736,72.16666627358421,133.66666593860168,190.66666562813006,36.33333313543039,411.49999775861295,441.333330929448,707.3333294805806,0.0,0.0,180.7088434919682,0.0
2721.0,450.0,1645.211066386114,0.27352113609864914,0.0,0.0,0.0,0.0,55.01397106181466,0.0,0.0,0.0,0.0,0.0,0.0,0.0,0.0,0.0,0.0,23.00320645140081,32.010764610413844
2723.0,416.0,1162.769875215385,0.3577664066356574,327.0,0.1666666666666666,65.83333333333333,261.0,394.9909415853536,0.1666666666666666,0.0,61.66666666666666,4.166666666666667,213.66666666666663,13.833333333333334,0.5,33.0,0.0,0.0,37.98084976309067,30.01009182226298
2716.0,401.0,1206.4783373762305,0.3323723166651035,145.99999999999997,0.1666666666666666,2.5,143.33333333333331,202.9714308257792,0.1666666666666666,0.0,2.0,0.5,113.83333333333331,14.333333333333334,3.1666666666666665,12.0,0.0,0.0,27.96167539759165,29.009755428187542
2869.0,384.1666666666667,1022.5709797479218,0.3756870420490216,28.0,1.5,0.0,26.5,97.77428355263478,1.5,0.0,0.0,0.0,5.833333333333333,2.333333333333333,1.1666666666666667,17.166666666666668,0.0,20.695652173556223,21.06921234496645,28.00941903411211
3118.0,435.8333333333333,1228.6824798404248,0.3547159990349477,0.0,0.0,0.0,0.0,85.34403901078849,0.0,0.0,0.0,0.0,0.0,0.0,0.0,0.0,1.0110931710541573,31.04347825230585,22.279039371090064,31.01042821633841
3114.0,408.3333333333333,1271.5477321462502,0.3211309516820937,0.0,0.0,0.0,0.0,49.88313764914234,0.0,0.0,0.0,0.0,0.0,0.0,0.0,0.0,0.0,0.0,20.87338222095479,29.009755428187542
3333.0,56.0,201.936657460224,0.2773146822588686,0.0,0.0,0.0,0.0,39.2189482973202,0.0,0.0,0.0,0.0,0.0,0.0,0.0,0.0,32.354981473733034,0.0,2.8626212472854338,4.0013455763017305
3434.0,1119.1666666666667,3323.92378066694,0.33670046021395467,0.0,0.0,0.0,0.0,137.4027533305705,0.0,0.0,0.0,0.0,0.0,0.0,0.0,0.0,0.0,0.0,57.20914374717163,80.19360958339887
3439.0,374.8333333333333,1222.2226545069195,0.3066817097123372,0.0,0.0,0.0,0.0,46.17011404760917,0.0,0.0,0.0,0.0,0.0,0.0,0.0,0.0,0.0,0.0,19.16103140757249,27.00908264003668
3315.0,1800.8333333333333,5281.155692239178,0.3409922824240371,792.1666666666667,206.16666666666663,45.16666666666666,540.8333333333334,1065.4439486230322,172.66666666666666,33.5,43.0,2.1666666666666665,3.8333333333333335,117.33333333333331,92.5,327.1666666666667,1.0110931710541573,0.0,142.88937989200102,129.37680889331034
3300.0,896.0000009148894,2618.8439260850455,0.3421357004097358,0.0,0.0,0.0,0.0,110.15690368960601,0.0,0.0,0.0,0.0,0.0,0.0,0.0,0.0,0.0,0.0,45.8019468858138,64.3549568037922
3320.0,792.3333333333334,2223.8095243156326,0.3562955031309034,0.0,0.0,0.0,0.0,97.52195952178312,0.0,0.0,0.0,0.0,0.0,0.0,0.0,0.0,0.0,0.0,40.50278505948348,57.01917446229965
3499.0,429.0,1181.851370729613,0.3629898061844764,1126.1666666666663,25.0,26.5,1074.6666666666663,1237.690118158964,3.333333333333333,21.666666666666668,18.33333333333333,8.166666666666666,1009.1666666666666,40.0,20.5,5.0,1.0110931710541573,0.0,79.50193010490479,31.01042821633841
3493.0,539.5,1562.4349114729455,0.34529438380981914,0.0,0.0,0.0,0.0,66.59177342905174,0.0,0.0,0.0,0.0,0.0,0.0,0.0,0.0,0.0,0.0,27.57865406010988,39.013119368941865
3491.0,451.99999491314713,1308.7619234863764,0.3453645669252634,0.0,0.0,0.0,0.0,55.449603025625166,0.0,0.0,0.0,0.0,0.0,0.0,0.0,0.0,0.0,0.0,23.105442664487196,32.344160361137966
3487.0,1187.6666446806232,3083.917651940124,0.38511619917394685,0.0,0.0,0.0,0.0,145.7395867869269,0.0,0.0,0.0,0.0,0.0,0.0,0.0,0.0,0.0,0.0,60.710994864561464,85.02859192236545
2505.0,1213.851888636139,3804.9464224060675,0.3190194430828691,18.99999999998811,3.8333333333309345,1.6666666666656236,13.499999999991552,171.18299177519484,2.333333333331873,1.4999999999990612,1.6666666666656236,0.0,0.0,5.166666666663433,3.333333333331247,4.999999999996871,2.022186342107049,0.0,63.02166908407265,87.13913634902703
2675.0,312.0,911.355376232548,0.3423472425101356,0.0,0.0,0.0,0.0,37.95629047596408,0.0,0.0,0.0,0.0,0.0,0.0,0.0,0.0,0.0,0.0,15.948889806304562,22.00740066965952
2775.0,704.6666666666666,1822.2485550849635,0.3867017288614676,33.0,0.0,0.0,33.0,121.72544061583218,0.0,0.0,0.0,0.0,0.0,0.0,33.0,0.0,0.0,0.0,37.70828451798512,51.01715609784706
2841.0,387.5,863.3853945199916,0.448814634182496,86.0,1.1666666666666667,0.0,84.83333333333333,138.21399207446413,1.1666666666666667,0.0,0.0,0.0,0.0,83.83333333333333,0.3333333333333333,0.6666666666666666,0.0,0.0,24.204573040352027,28.00941903411211
2533.0,0.0,0.0,0.0,696.0000000000001,111.66666666666669,29.666666666666664,554.6666666666667,731.5782926448333,91.16666666666669,20.5,29.33333333333333,0.3333333333333333,31.166666666666668,178.83333333333334,45.0,299.6666666666667,0.0,0.0,35.578292644833255,0.0
2532.0,0.0,0.0,0.0,0.0,0.0,0.0,0.0,0.0,0.0,0.0,0.0,0.0,0.0,0.0,0.0,0.0,0.0,0.0,0.0,0.0
2531.0,0.0,0.0,0.0,776.0000009069767,186.3333335511168,229.16666693451305,360.5000004213468,829.2315113977257,176.00000020570604,10.333333345410773,221.66666692574717,7.500000008765883,50.33333339216215,44.16666671828797,40.66666671419722,225.3333335966994,5.0554658611795364,0.0,48.17604462956952,0.0
3102.0,239.0,745.2034764698004,0.32071777379810107,54.0,0.0,0.0,54.0,85.98336201097221,0.0,0.0,0.0,0.0,0.0,54.0,0.0,0.0,0.0,0.0,14.97764331168986,17.005718699282355
3091.0,134.0,401.7740163791754,0.3335208214996589,0.0,0.0,0.0,0.0,16.8532076396159,0.0,0.0,0.0,0.0,0.0,0.0,0.0,0.0,0.0,0.0,6.849843698861574,10.003363940754324
3100.0,281.8333333333333,750.0628763435592,0.37574627704176927,169.0,16.833333333333336,51.5,100.66666666666666,212.0525215795358,14.833333333333334,2.0,4.166666666666667,47.333333333333336,7.0,30.33333333333333,7.166666666666667,56.16666666666666,0.0,0.0,23.045793698027158,20.00672788150865
3117.0,196.16666666666663,589.5510870049587,0.3327390466926858,0.0,0.0,0.0,0.0,24.03232695493497,0.0,0.0,0.0,0.0,0.0,0.0,0.0,0.0,0.0,0.0,10.027617437878908,14.004709517056057
3116.0,229.0,653.5055001344317,0.3504178617515732,139.83333333333334,14.333333333333334,1.8333333333333333,123.66666666666669,174.85168544523373,11.333333333333334,3.0,1.8333333333333333,0.0,0.0,93.16666666666669,6.333333333333333,24.166666666666668,0.0,0.0,18.84624930953664,16.17210280236375
3121.0,106.33333333333331,305.7358636177364,0.3477947666168552,0.0,0.0,0.0,0.0,13.43848040065858,0.0,0.0,0.0,0.0,0.0,0.0,0.0,0.0,0.0,0.0,5.435789248055118,8.002691152603461
3123.0,193.33333333333331,557.64090404371,0.34669862259275575,36.333333333333336,5.0,6.333333333333334,25.0,61.57479635372311,3.6666666666666665,1.3333333333333333,2.333333333333333,4.0,0.5,4.833333333333333,7.0,12.666666666666666,0.0,0.0,11.736941882999483,13.504521137390292
3126.0,237.0,699.7278263788315,0.33870312293638666,7.833333333333334,0.3333333333333333,0.8333333333333334,6.666666666666667,37.35419870697706,0.3333333333333333,0.0,0.8333333333333334,0.0,6.0,0.0,0.1666666666666666,0.5,0.0,0.0,12.51514667436137,17.005718699282355
3190.0,253.16666666666663,876.0816067717614,0.2889761235823116,271.8333333333333,73.66666666666666,12.0,186.16666666666663,317.67861808375443,62.66666666666666,11.0,12.0,0.0,0.0,38.0,33.666666666666664,114.5,1.0110931710541573,0.0,26.82813648600919,18.006055093357784
2756.0,567.6666666666666,1685.0960184333078,0.3368749676320795,2252.0,313.1666666666667,244.0,1694.8333333333337,2436.983494084803,304.1666666666667,9.0,59.16666666666666,184.83333333333331,1433.6666666666667,54.333333333333336,55.16666666666666,151.66666666666666,0.0,0.0,144.13645382521813,40.84704025958506
2662.0,0.0,0.0,0.0,2603.666666666667,1290.6666666666667,40.16666666666667,1272.8333333333333,2736.7614732395914,1007.0,283.6666666666667,35.333333333333336,4.833333333333333,81.0,118.16666666666669,130.5,943.1666666666666,0.0,0.0,133.09480657292497,0.0
2638.0,0.0,0.0,0.0,2317.0,929.5,48.66666666666666,1338.8333333333337,2435.4414609012456,703.1666666666666,226.33333333333331,46.66666666666666,2.0,82.33333333333333,142.83333333333334,218.33333333333331,895.3333333333334,0.0,0.0,118.44146090124542,0.0
2822.0,0.0,0.0,0.0,656.8333333333334,32.0,282.5,342.33333333333337,690.4066544625945,22.83333333333333,9.166666666666666,90.0,192.5,47.833333333333336,174.5,18.83333333333333,101.16666666666669,0.0,0.0,33.57332112926125,0.0
3026.0,0.0,0.0,0.0,2401.666666666667,856.1666666666666,66.66666666666666,1478.8333333333337,2524.435371708804,644.6666666666666,211.5,53.66666666666666,13.0,98.0,168.33333333333334,197.16666666666663,1015.3333333333334,0.0,0.0,122.76870504213689,0.0
2790.0,0.0,0.0,0.0,3420.666666666667,727.1666666666667,955.1666666666666,1738.3333333333337,3595.499491447606,625.8333333333334,101.33333333333331,578.6666666666666,376.5,96.5,285.8333333333333,260.3333333333333,1095.6666666666667,0.0,0.0,174.83282478093918,0.0
3140.0,478.0,1431.3755332612236,0.33394450924484664,381.5,89.33333333333334,28.166666666666668,264.0,460.6172350006948,68.66666666666667,20.666666666666668,25.666666666666668,2.5,13.5,46.0,51.66666666666666,152.83333333333334,0.8420608418275096,0.0,43.930022008212006,34.345152150655274
3135.0,506.0,1529.5761358024545,0.33081060050308614,116.5,35.16666666666667,5.666666666666667,75.66666666666666,189.70148065074488,29.666666666666668,5.5,5.666666666666667,0.0,0.0,13.833333333333334,14.166666666666666,47.66666666666666,5.0554658552707865,0.0,31.80049503290653,36.34551976256756
3339.0,294.6666666666667,814.5096705012282,0.36177184548998226,145.5,43.333333333333336,7.5,94.66666666666666,192.32995080983332,39.0,4.333333333333333,7.5,0.0,0.0,26.666666666666668,12.833333333333334,55.16666666666666,0.0,0.0,25.82288653424929,21.007064275584085
3345.0,263.3333333333333,752.8051542364941,0.34980277678944666,270.16666666666663,68.0,33.333333333333336,168.83333333333331,399.1122327889981,59.16666666666666,8.833333333333334,32.333333333333336,1.0,3.5,43.5,23.33333333333333,98.5,1.0110931710541573,0.0,109.09477952120837,18.83969343006896
3340.0,368.1666666666667,1171.8588506177614,0.31417321844911833,0.0,0.0,0.0,0.0,44.828861689231374,0.0,0.0,0.0,0.0,0.0,0.0,0.0,0.0,0.0,0.0,18.82011544327013,26.008746245961248
3337.0,281.1666666666667,870.6981515953333,0.32292094126018317,0.0,0.0,0.0,0.0,34.37917808769859,0.0,0.0,0.0,0.0,0.0,0.0,0.0,0.0,0.0,0.0,14.37245020618994,20.00672788150865
3343.0,256.0,839.6128693599936,0.3049024250844791,0.0,0.0,0.0,0.0,31.09236864520853,0.0,0.0,0.0,0.0,0.0,0.0,0.0,0.0,0.0,0.0,13.086313551850749,18.006055093357784
3338.0,260.6666666666667,793.0017806870691,0.3287088037063688,0.0,0.0,0.0,0.0,31.998823734391777,0.0,0.0,0.0,0.0,0.0,0.0,0.0,0.0,0.0,0.0,13.325859764211405,18.672963970180373
3346.0,230.50000139434,676.9354641289124,0.3405051346969239,0.0,0.0,0.0,0.0,28.455119671543024,0.0,0.0,0.0,0.0,0.0,0.0,0.0,0.0,0.0,0.0,11.78284633151066,16.672273340032362
3329.0,224.5,682.0997649113127,0.32913073944423615,0.0,0.0,0.0,0.0,27.481506025511337,0.0,0.0,0.0,0.0,0.0,0.0,0.0,0.0,0.0,0.0,11.476123720304416,16.005382305206922
3330.0,297.0,891.3882333511248,0.3331881540363674,27.83333333333333,8.333333333333332,2.1666666666666665,17.333333333333332,82.78010097495263,6.333333333333333,2.0,2.1666666666666665,0.0,0.0,5.0,2.6666666666666665,9.666666666666666,0.0,0.0,33.939703366035225,21.007064275584085
3323.0,131.9999991779208,400.7289162839518,0.3293997358662961,0.0,0.0,0.0,0.0,15.750634674330183,0.0,0.0,0.0,0.0,0.0,0.0,0.0,0.0,0.0,0.0,6.747607183720999,9.003027490609183
3324.0,181.33333333333331,522.4610562249593,0.3470753105380844,0.0,0.0,0.0,0.0,22.10871269341032,0.0,0.0,0.0,0.0,0.0,0.0,0.0,0.0,0.0,0.0,9.271069030318282,12.837643663092036
3331.0,305.6666666666667,847.6612249669964,0.36060003414520675,101.33333333333331,30.166666666666668,6.0,65.16666666666666,143.98318882359325,25.666666666666668,4.5,6.0,0.0,0.0,14.166666666666666,10.333333333333334,40.66666666666666,0.0,0.0,20.809152877964635,21.84070261229526
3332.0,295.0,904.2042717817272,0.326253711917004,0.0,0.0,0.0,0.0,36.087795626644365,0.0,0.0,0.0,0.0,0.0,0.0,0.0,0.0,0.0,0.0,15.08073135106028,21.007064275584085
3326.0,225.33333333333331,700.4118776484485,0.3217154656055574,0.0,0.0,0.0,0.0,27.524088803382504,0.0,0.0,0.0,0.0,0.0,0.0,0.0,0.0,0.0,0.0,11.51870649817558,16.005382305206922
3322.0,102.66666666666669,332.0194227887442,0.30921885775336394,0.0,0.0,0.0,0.0,13.933052617180794,0.0,0.0,0.0,0.0,0.0,0.0,0.0,0.0,1.179743964704951,0.0,5.250756536336284,7.502552116139559
3354.0,265.3333333333333,724.1151393626114,0.36642423132720015,0.0,0.0,0.0,0.0,32.56971112348692,0.0,0.0,0.0,0.0,0.0,0.0,0.0,0.0,0.0,0.0,13.563319636053697,19.00639148743322
3361.0,535.6666666666666,1525.596019824466,0.3511196015890891,164.16666666666666,28.83333333333333,16.5,118.83333333333331,238.28754695241045,23.33333333333333,5.5,16.5,0.0,0.0,71.33333333333333,8.5,39.0,0.0,0.0,35.774683253297844,38.34619703244597
3353.0,487.8333333333333,1532.7838023197692,0.3182662372834506,17.0,5.0,1.0,11.0,77.81762671923389,4.166666666666667,0.8333333333333334,1.0,0.0,0.0,3.1666666666666665,1.0,6.833333333333333,0.0,0.0,25.805852926593744,35.011773792640135
3352.0,436.1666666666667,1368.865703371336,0.31863364360173946,19.833333333333336,4.0,6.166666666666667,9.666666666666668,77.82114443810894,3.5,0.5,6.166666666666667,0.0,1.8333333333333333,0.6666666666666666,1.0,6.166666666666667,0.0,0.0,26.810630990929532,31.17718011384608
3359.0,545.6666666666666,1550.1237998673623,0.3520148950124868,8.833333333333332,2.0,1.1666666666666667,5.666666666666666,76.19068875506974,1.6666666666666667,0.3333333333333333,1.1666666666666667,0.0,1.0,1.5,0.5,2.6666666666666665,0.0,0.0,28.34416426980012,39.0131911519363
3351.0,276.0,856.4815765890677,0.3222486128647019,0.0,0.0,0.0,0.0,34.115361171701146,0.0,0.0,0.0,0.0,0.0,0.0,0.0,0.0,0.0,0.0,14.108633290192495,20.00672788150865
3350.0,171.16666666666666,553.0038215168241,0.3095216705685265,0.0,0.0,0.0,0.0,21.088291204399177,0.0,0.0,0.0,0.0,0.0,0.0,0.0,0.0,0.0,0.0,8.750835923146388,12.337455281252788
3349.0,371.6666666666667,1067.1676995698117,0.34827390935509955,0.0,0.0,0.0,0.0,46.007896527927095,0.0,0.0,0.0,0.0,0.0,0.0,0.0,0.0,0.0,0.0,18.998813887890417,27.00908264003668
3357.0,298.0,838.4677435886202,0.3554102137842151,0.0,0.0,0.0,0.0,36.74084159641081,0.0,0.0,0.0,0.0,0.0,0.0,0.0,0.0,0.0,0.0,15.233665205882934,21.507176390527874
3367.0,408.0,1092.4635433612414,0.37346784016671575,0.0,0.0,0.0,0.0,49.86599594412428,0.0,0.0,0.0,0.0,0.0,0.0,0.0,0.0,0.0,0.0,20.856240515936733,29.009755428187542
3380.0,280.0,911.1235789934626,0.30731286782120365,0.0,0.0,0.0,0.0,35.33092728898998,0.0,0.0,0.0,0.0,0.0,0.0,0.0,0.0,1.0110931710541573,0.0,14.313106236427169,20.00672788150865
3390.0,237.66666666666663,781.1249661248648,0.3042620284507396,0.0,0.0,0.0,0.0,29.15497918089128,0.0,0.0,0.0,0.0,0.0,0.0,0.0,0.0,0.0,0.0,12.149260481608923,17.005718699282355
3397.0,325.0,1025.8980529866806,0.31679561049349175,0.0,0.0,0.0,0.0,54.62131444501891,0.0,0.0,0.0,0.0,0.0,0.0,0.0,0.0,0.0,0.0,31.61357738128396,23.00773706373495
3396.0,163.0,525.4248429302595,0.3102251486453511,0.0,0.0,0.0,0.0,20.33630928796815,0.0,0.0,0.0,0.0,0.0,0.0,0.0,0.0,0.0,0.0,8.33227255906296,12.004036728905191
3402.0,276.5,891.5772136954024,0.31012456997859433,0.0,0.0,0.0,0.0,34.14099357745822,0.0,0.0,0.0,0.0,0.0,0.0,0.0,0.0,0.0,0.0,14.134265695949567,20.00672788150865
3401.0,266.8333333333333,858.7906729880484,0.31070823394590685,0.0,0.0,0.0,0.0,32.6465560087607,0.0,0.0,0.0,0.0,0.0,0.0,0.0,0.0,0.0,0.0,13.640164521327478,19.00639148743322
3378.0,27.0,80.31025231128945,0.3361961794783769,0.0,0.0,0.0,0.0,4.391958346289071,0.0,0.0,0.0,0.0,0.0,0.0,0.0,0.0,1.0110931710541573,0.0,1.3801923870840485,2.000672788150865
3388.0,31.0,89.295700242907,0.34716117254998974,0.0,0.0,0.0,0.0,3.5853381214695874,0.0,0.0,0.0,0.0,0.0,0.0,0.0,0.0,0.0,0.0,1.5846653333187224,2.000672788150865
3389.0,117.0,365.60665441277297,0.32001605711450215,0.0,0.0,0.0,0.0,13.98352482996767,0.0,0.0,0.0,0.0,0.0,0.0,0.0,0.0,0.0,0.0,5.98083367736421,8.002691152603461
3399.0,386.3333333333333,1104.8313590986138,0.3496762923606067,3.8333333333333335,0.8333333333333334,1.5,1.5,54.82253148794419,0.8333333333333334,0.0,1.5,0.0,0.0,0.3333333333333333,0.1666666666666666,1.0,3.0332795131624715,0.0,19.94649960733627,28.00941903411211
3398.0,639.1666666666666,1857.3734984103571,0.34412392941629716,0.0,0.0,0.0,0.0,78.68862775337794,0.0,0.0,0.0,0.0,0.0,0.0,0.0,0.0,0.0,0.0,32.67315362590805,46.0154741274699
3255.0,1147.3333333333333,3341.371704045028,0.3433719546808827,1183.3333333333333,329.8333333333333,66.83333333333333,786.6666666666666,1386.8473237631868,273.3333333333333,56.5,66.83333333333333,0.0,0.5,159.66666666666666,105.33333333333331,521.1666666666666,2.0221863421083146,0.0,119.13082365883116,82.36098042891399
3259.0,28.66666672516412,94.78300254955464,0.3024452270350536,0.0,0.0,0.0,0.0,7.510332642876471,0.0,0.0,0.0,0.0,0.0,0.0,0.0,0.0,4.0443726924696115,0.0,1.4652871581734035,2.000672792233455
3276.0,125.33333333333331,383.01132265166353,0.32723140523790717,62.0,8.333333333333334,3.333333333333333,50.333333333333336,82.60136688367992,6.5,1.8333333333333333,3.333333333333333,0.0,2.0,17.666666666666668,1.5,29.166666666666668,2.0221863421083146,0.0,9.57615299489271,9.003027546678892
3289.0,674.8333329860718,1800.1635938655784,0.3748733366710131,302.333333177756,61.9999999680955,18.166666657318306,222.16666655234218,402.4905282127083,44.4999999771008,17.4999999909947,18.166666657318306,0.0,0.0,48.83333330820425,32.16666665011406,141.1666665940239,2.0221863410677203,0.0,49.95216374569386,48.18284494819067
3294.0,705.0000004019834,1805.9975378505371,0.3903659809199189,166.3333334281748,30.33333335062907,9.833333338940195,126.16666673860553,272.72042491204724,22.500000012829258,7.833333337799815,9.833333338940195,0.0,0.0,29.33333335005888,13.833333341220952,83.0000000473257,0.0,0.0,55.70330902336845,50.68378246050401
3302.0,671.3333333333334,1888.5815930987271,0.35546959463468564,99.5,17.833333333333332,13.666666666666666,68.0,187.93096950784567,11.5,6.333333333333333,13.666666666666666,0.0,0.0,21.33333333333333,6.166666666666667,40.5,1.0110931710541573,0.0,39.40372942117076,48.016146915620766
3310.0,487.3333333333333,1531.9014124403975,0.3181231699218727,0.0,0.0,0.0,0.0,59.92327750590353,0.0,0.0,0.0,0.0,0.0,0.0,0.0,0.0,0.0,0.0,24.9115037132634,35.011773792640135
3275.0,125.83333333333331,401.8032310139619,0.3131715317863157,0.0,0.0,0.0,0.0,21.50214211026295,0.0,0.0,0.0,0.0,0.0,0.0,0.0,0.0,6.066559026324943,0.0,6.432555537259115,9.003027546678892
3258.0,967.8333333333334,2981.2939703532,0.3246353237747541,103.83333333333331,29.5,5.5,68.83333333333333,229.99826524158783,23.33333333333333,6.166666666666667,5.5,0.0,0.0,12.333333333333334,7.833333333333333,48.66666666666666,2.0221863421083146,0.0,54.786138260212816,69.35660730593337
3274.0,1078.0,3435.951191867151,0.31374136004947073,169.83333333333331,32.833333333333336,19.33333333333333,117.66666666666666,311.8242117545079,26.0,6.833333333333333,19.33333333333333,0.0,0.0,47.5,10.166666666666666,60.0,1.0110931710541573,0.0,63.78718484894785,77.19260040117257
3369.0,285.6666666666667,772.1981997106401,0.369939565740651,31.833333333333336,8.333333333333334,1.5,22.0,72.90561174060413,7.166666666666667,1.1666666666666667,1.5,0.0,0.0,6.833333333333333,3.333333333333333,11.833333333333334,0.0,0.0,20.231912189050963,20.840366218219827
3372.0,507.6666666666667,1431.2824459749363,0.35469356037610245,0.0,0.0,0.0,0.0,62.4618468000816,0.0,0.0,0.0,0.0,0.0,0.0,0.0,0.0,0.0,0.0,25.949633474194528,36.51221332588708
3368.0,131.0,359.29873071801995,0.364599117114081,0.0,0.0,0.0,0.0,15.69951653586446,0.0,0.0,0.0,0.0,0.0,0.0,0.0,0.0,0.0,0.0,6.696488989185569,9.003027546678892
3373.0,410.3333333333333,1113.975283323683,0.36835048270465487,557.6666666666666,95.66666666666669,72.83333333333334,389.1666666666666,637.6706429712632,78.5,17.166666666666668,71.66666666666667,1.1666666666666667,1.0,207.83333333333331,31.666666666666668,148.66666666666666,1.0110931710541573,0.0,49.48293932351542,29.509943810026797
3374.0,578.1666666666666,1616.2426565705289,0.3577226874419131,37.66666666666666,4.666666666666667,1.6666666666666667,31.33333333333333,110.6609373735743,4.5,0.1666666666666666,1.5,0.1666666666666666,3.1666666666666665,6.333333333333333,2.5,19.33333333333333,0.0,0.0,31.480352975197803,41.51391773170984
3176.0,679.5,1649.533326601285,0.41193469027997676,231.8333333333333,44.33333333333333,14.166666666666666,173.33333333333331,328.2726588748856,31.33333333333333,13.0,14.166666666666666,0.0,0.3333333333333333,34.833333333333336,32.833333333333336,105.33333333333331,1.0110931710541573,0.0,46.57850993987545,48.84972243062262
2587.0,271.33247356705516,801.8447200619652,0.3383853092480138,3314.8132137965003,508.6635804705143,44.166402514285686,2761.9832308117007,3519.543404937468,402.6642225473462,105.9993579231681,43.83306877408256,0.33333374020311807,1.833322173289096,682.3291977289329,1168.9928948748004,908.8278160346782,2.0221739825342504,0.0,183.36824548398815,19.339771674444773
2731.0,556.0,1606.083589255588,0.3461837252553606,94.83333333333334,3.1666666666666665,69.0,22.666666666666664,168.11636301649554,3.1666666666666665,0.0,1.6666666666666667,67.33333333333333,14.333333333333334,0.0,0.1666666666666666,8.166666666666666,0.0,0.0,33.2695739201449,40.0134557630173
2733.0,127.33333333333331,335.37556118716776,0.37967385841292894,1380.1666666666667,155.33333333333334,856.5,368.3333333333333,1466.234825864235,147.0,8.333333333333334,679.6666666666666,176.83333333333334,22.83333333333333,81.83333333333333,52.5,211.16666666666663,0.0,0.0,77.23188354839702,8.836275649171222
2742.0,92.0,267.4154713360073,0.3440339466537525,1007.5,66.5,233.16666666666669,707.8333333333333,1070.70989784552,55.0,11.5,73.33333333333333,159.83333333333334,39.333333333333336,40.833333333333336,56.5,571.1666666666666,0.0,0.0,56.207543086992224,7.002354758528028
3400.0,474.8333333333333,1385.29000670536,0.3427681792512393,772.6666666666667,153.0,49.333333333333336,570.3333333333334,879.6156694177806,117.5,35.5,49.333333333333336,0.0,0.0,143.5,79.16666666666667,347.6666666666667,3.0332795131624715,0.0,69.73741281061241,34.178310427338964
3257.0,182.16666666666663,582.1991245536543,0.31289409238862315,45.0,12.166666666666668,1.8333333333333333,31.0,71.97610437944854,8.333333333333334,3.8333333333333335,1.8333333333333333,0.0,0.0,3.0,4.5,23.5,2.190550801644251,0.0,11.61441957864691,13.17113399915739
3229.0,5.333333333333333,15.002515942642892,0.3554959283978468,0.0,0.0,0.0,0.0,4.313725597243172,0.0,0.0,0.0,0.0,0.0,0.0,0.0,0.0,3.707596002391988,0.0,0.2726841347473238,0.3334454601038605
3252.0,32.0,93.92858660926488,0.34068435558513555,0.0,0.0,0.0,0.0,3.636456358028256,0.0,0.0,0.0,0.0,0.0,0.0,0.0,0.0,0.0,0.0,1.6357835698773908,2.000672788150865
3253.0,40.5,126.95423604028666,0.31901259275151755,0.0,0.0,0.0,0.0,5.071360232746573,0.0,0.0,0.0,0.0,0.0,0.0,0.0,0.0,0.0,0.0,2.070351050520276,3.001009182226297
3254.0,96.83333333333331,304.7088360245173,0.3177897122928918,0.0,0.0,0.0,0.0,11.952071118315963,0.0,0.0,0.0,0.0,0.0,0.0,0.0,0.0,0.0,0.0,4.949716359787937,7.002354758528028
3342.0,238.66666666666663,753.3469064007178,0.31680845124452645,0.0,0.0,0.0,0.0,29.371804060537585,0.0,0.0,0.0,0.0,0.0,0.0,0.0,0.0,0.0,0.0,12.19942320118337,17.172380859354213
3336.0,241.0,771.4099852288822,0.31241493448972374,0.0,0.0,0.0,0.0,29.325213709921456,0.0,0.0,0.0,0.0,0.0,0.0,0.0,0.0,0.0,0.0,12.319495010639102,17.005718699282355
3335.0,73.0,241.4193636947276,0.30237839617665374,0.0,0.0,0.0,0.0,8.73331323915996,0.0,0.0,0.0,0.0,0.0,0.0,0.0,0.0,0.0,0.0,3.7316312687827975,5.001681970377162
3328.0,270.5,880.610127362826,0.3071733921685294,0.0,0.0,0.0,0.0,33.00059819303591,0.0,0.0,0.0,0.0,0.0,0.0,0.0,0.0,0.0,0.0,13.827508648238434,19.17308954479748
3407.0,359.8333333333333,1167.4751838312288,0.30821497391703967,0.0,0.0,0.0,0.0,44.40288122039635,0.0,0.0,0.0,0.0,0.0,0.0,0.0,0.0,0.0,0.0,18.3941349744351,26.008746245961248
3160.0,201.66666666666663,553.1643059900199,0.3645691966797024,0.0,0.0,0.0,0.0,29.111509571297027,0.0,0.0,0.0,0.0,0.0,0.0,0.0,0.0,4.044468318119902,0.0,10.39527017989298,14.671771073284145
2949.0,2.0,2.807762041095014,0.7123110757705128,376.33333333333326,49.66666666666666,162.83333333333331,163.83333333333331,398.7058228156195,46.0,3.6666666666666665,50.0,112.83333333333331,15.5,23.166666666666668,18.33333333333333,106.83333333333331,3.0332795131624715,0.0,19.33920996912372,0.0
2939.0,122.0,318.68832625065124,0.3828191682931175,337.0,0.1666666666666666,0.3333333333333333,336.5,370.4773912981619,0.1666666666666666,0.0,0.3333333333333333,0.0,0.0,336.3333333333333,0.0,0.1666666666666666,1.0110931710541573,0.0,23.463270580428823,9.003027546678892
2979.0,451.0,1046.3196247792505,0.43103463733192493,25.000000000000004,1.8333333333333333,0.8333333333333333,22.333333333333336,81.34333758337391,1.6666666666666667,0.1666666666666666,0.6666666666666666,0.1666666666666666,4.666666666666667,4.333333333333333,2.833333333333333,10.5,0.0,0.0,24.332572972960065,32.010764610413844
2971.0,564.0,1388.5934525430869,0.4061663973476784,0.0,0.0,0.0,0.0,69.17753729683483,0.0,0.0,0.0,0.0,0.0,0.0,0.0,0.0,0.0,0.0,28.83068541908901,40.34685187774582
2928.0,187.16666666666663,491.8168510715878,0.38056171979236036,179.5,6.666666666666667,140.66666666666666,32.16666666666667,211.91610803493276,5.666666666666667,1.0,140.5,0.1666666666666666,2.0,2.833333333333333,2.6666666666666665,24.666666666666668,0.0,0.0,18.744812575456223,13.671295459476523
3010.0,118.0,263.5300395966162,0.44776679038420775,112.66666666666669,1.1666666666666667,85.0,26.5,132.4607285091476,1.0,0.1666666666666666,41.0,44.0,1.1666666666666667,21.666666666666668,0.8333333333333334,2.833333333333333,0.0,0.0,11.791370689877484,8.002691152603461
2924.0,132.0,340.9439289084859,0.38716043550794726,903.1666666666669,47.16666666666666,75.83333333333334,780.1666666666667,965.0855328779932,39.16666666666666,8.0,74.66666666666667,1.1666666666666667,444.1666666666667,185.66666666666663,70.0,80.33333333333333,0.0,0.0,52.91583866464745,9.003027546678892
2922.0,287.0,766.0028903693434,0.37467221548161167,55.83333333333333,8.5,20.0,27.33333333333333,94.36463279520554,8.166666666666666,0.3333333333333333,18.5,1.5,7.833333333333333,0.5,3.0,16.0,0.0,0.0,17.524235186288124,21.007064275584085
2912.0,277.8333333333333,734.2362826240791,0.3783977173402379,48.0,4.0,1.5,42.5,84.66277411683953,3.8333333333333335,0.1666666666666666,1.3333333333333333,0.1666666666666666,4.833333333333333,9.0,5.666666666666667,23.0,0.0,0.0,16.656046235330876,20.00672788150865
2821.0,175.33333333333334,476.2250584013752,0.36817326228465225,148.83333333333334,16.333333333333332,1.6666666666666667,130.83333333333334,178.40839765964895,15.0,1.3333333333333333,0.8333333333333334,0.8333333333333334,7.333333333333333,17.5,12.833333333333334,93.16666666666669,0.0,0.0,16.570691203335002,13.004373122980622
2819.0,2.0,6.038810205475071,0.33119106776806884,196.33333333333331,17.833333333333332,62.333333333333336,116.16666666666669,207.4830905243563,14.166666666666666,3.6666666666666665,62.0,0.3333333333333333,2.833333333333333,40.5,19.0,53.833333333333336,1.0110931710541573,0.0,10.1386640199688,0.0
2887.0,758.0,1898.7040371977132,0.39921967044359796,1320.1666666666667,665.5,19.0,635.6666666666667,1480.7469759014275,475.3333333333333,190.16666666666663,18.166666666666668,0.8333333333333334,35.833333333333336,57.333333333333336,78.33333333333333,464.1666666666667,0.0,0.0,106.228747839959,54.35156139480187
2932.0,606.0,1489.426053000912,0.4068681347281556,42.0,0.3333333333333333,0.1666666666666666,41.5,118.63923024749695,0.3333333333333333,0.0,0.1666666666666666,0.0,1.0,7.166666666666667,1.0,32.333333333333336,0.0,0.0,33.12461729001716,43.51461295747978
2274.0,0.0,0.0,0.0,850.0,0.0,775.0,75.0,897.4948737590848,0.0,0.0,775.0,0.0,74.0,1.0,0.0,0.0,4.044372684216629,0.0,43.45050107486819,0.0
2278.0,0.0,0.0,0.0,138.5,0.6666666666666666,3.333333333333333,134.5,153.64118916943394,0.0,0.6666666666666666,3.333333333333333,0.0,126.66666666666669,5.166666666666667,2.6666666666666665,0.0,8.088745368433258,0.0,7.052443801000682,0.0
2279.0,0.0,0.0,0.0,16.0,0.1666666666666666,0.8333333333333334,15.0,23.735022813021,0.0,0.1666666666666666,0.8333333333333334,0.0,14.5,0.1666666666666666,0.3333333333333333,0.0,6.909001403728307,0.0,0.8260214092926886,0.0
2248.0,38.0,101.13707175891945,0.37572770636053854,0.0,0.0,0.0,0.0,4.943502171455699,0.0,0.0,0.0,0.0,0.0,0.0,0.0,0.0,0.0,0.0,1.9424929892294016,3.001009182226297
2244.0,57.0,155.80379788235737,0.3658447404667179,364.8333333333333,6.0,8.833333333333334,350.0,398.6556367859303,0.0,6.0,8.833333333333334,0.0,274.6666666666667,60.5,14.833333333333334,0.0,8.088745368433258,0.0,21.56546510222562,4.168092981938144
2262.0,257.5,687.4640786175306,0.374565025299685,0.0,0.0,0.0,0.0,32.3451277337967,0.0,0.0,0.0,0.0,0.0,0.0,0.0,0.0,0.3372060073675262,0.0,13.16838079465281,18.83954093177637
2259.0,0.0,0.0,0.0,226.99999979625431,3.166666663824399,13.833333320917111,209.9999998115128,242.28972628832778,0.16666666651707357,2.9999999973073255,6.333333327648798,7.499999993268314,134.6666665457955,61.999999944351394,4.499999995960988,8.833333325404904,2.0221863402932847,0.0,13.267540151780219,0.0
2258.0,1.0,1.807762041095014,0.553170150311526,170.0,1.1666666666666667,3.333333333333333,165.5,181.7932475562831,0.0,1.1666666666666667,2.6666666666666665,0.6666666666666666,147.83333333333334,15.0,2.6666666666666665,0.0,3.0332795131624715,0.0,8.759968043120617,0.0
2237.0,24.666666666666668,68.80500596353285,0.35850104685319234,0.0,0.0,0.0,0.0,4.43913455852017,0.0,0.0,0.0,0.0,0.0,0.0,0.0,0.0,1.0110931710541573,0.0,1.260639139426561,2.167402248039452
2299.0,446.5,1179.8011454963205,0.37845360780029225,0.0,0.0,0.0,0.0,54.83503341831137,0.0,0.0,0.0,0.0,0.0,0.0,0.0,0.0,0.0,0.0,22.82426880789752,32.010764610413844
2307.0,540.1666666666666,1400.8685970668512,0.385594100544242,0.0,0.0,0.0,0.0,66.6253236757572,0.0,0.0,0.0,0.0,0.0,0.0,0.0,0.0,0.0,0.0,27.61220430681534,39.013119368941865
2269.0,192.0,493.7615990248965,0.38885162470951684,132.0,3.5,18.33333333333333,110.16666666666669,162.56701816206464,2.5,1.0,2.6666666666666665,15.666666666666666,43.333333333333336,51.16666666666666,5.166666666666667,10.5,0.0,0.0,16.56230864500858,14.004709517056057
2265.0,0.0,0.0,0.0,426.3333333333333,5.5,7.5,413.3333333333333,454.9124551890105,0.0,5.5,7.5,0.0,380.3333333333333,14.833333333333334,18.166666666666668,0.0,0.0,0.0,28.57912185567714,0.0
2257.0,26.83333333333333,89.97461201436035,0.29823227611196157,7.333333333333334,0.0,0.1666666666666666,7.166666666666667,12.08834379195758,0.0,0.0,0.1666666666666666,0.0,7.166666666666667,0.0,0.0,0.0,1.0110931710541573,0.0,1.7432444994192222,2.000672788150865
2234.0,0.0,0.0,0.0,224.0,4.666666666666667,69.0,150.33333333333331,241.51704401546664,4.0,0.6666666666666666,16.333333333333332,52.66666666666666,143.0,2.6666666666666665,1.0,3.6666666666666665,6.066559026324943,0.0,11.450484989141737,0.0
2243.0,1.0,1.807762041095014,0.553170150311526,218.0,3.333333333333333,11.333333333333334,203.33333333333331,229.1948938063484,0.0,3.333333333333333,11.333333333333334,0.0,165.83333333333334,31.33333333333333,6.0,0.1666666666666666,0.0,0.0,11.194893806348396,0.0
2233.0,0.8463357684625191,1.5299736762475207,0.553170150311526,40.624116886200916,0.2821119228208397,9.591805375908551,30.750199587471524,48.73408350657634,0.2821119228208397,0.0,1.9747834597458778,7.617021916162672,29.05752805054649,0.5642238456416794,0.1410559614104198,0.987391729872939,5.990070211379279,0.0,2.119896408996146,0.0
2232.0,3.486997636847988,11.012611551001829,0.3166367596549587,7.375884576235273,0.0512214206683005,1.7415283027222173,5.583134852844754,9.01919357303796,0.0512214206683005,0.0,0.3585499446781035,1.3829783580441137,5.275806328834952,0.102442841336601,0.025610710334150244,0.1792749723390518,1.087582201637629,0.0,0.555726795165058,0.0
2240.0,24.666666666666668,66.26598279305304,0.37223724189981505,0.0,0.0,0.0,0.0,3.2620820024138646,0.0,0.0,0.0,0.0,0.0,0.0,0.0,0.0,0.0,0.0,1.2614092142629991,2.000672788150865
2287.0,332.0,872.1221664762646,0.3806806119163531,0.0,0.0,0.0,0.0,41.99042116634246,0.0,0.0,0.0,0.0,0.0,0.0,0.0,0.0,1.0110931710541573,0.0,16.97125453747793,24.008073457810383
2350.0,100.85683959833398,265.7634061739394,0.3794985963279091,611.117568622534,33.02763281741657,127.08745730052128,451.0024785045962,662.8393280640403,23.35171648101046,9.675916336406107,9.341448782905921,117.74600851761538,362.3541206041959,25.664241438221456,20.511128971323203,42.47298749085557,5.912082471078711,0.0,38.6436180979315,7.166058872495884
2348.0,338.5,933.0920736008992,0.36277234538462355,0.0,0.0,0.0,0.0,42.65824382138396,0.0,0.0,0.0,0.0,0.0,0.0,0.0,0.0,1.0111887240036124,0.0,17.30567986064192,24.34137523673843
2359.0,1109.8333333333333,2864.460597461815,0.38744932791770686,595.3333333333334,80.5,118.16666666666669,396.6666666666667,781.9043960982657,60.833333333333336,19.666666666666668,22.0,96.16666666666669,130.0,56.5,38.833333333333336,171.33333333333334,1.1796961747379202,0.0,105.53074484886326,79.86062174133114
2376.0,40.4933936585135,134.98401955536497,0.29998657464711775,133.51723118574506,15.02884466453249,10.730096681410547,107.75828983980202,148.67155048890115,12.191515173592906,2.8373294909395828,4.266368946955717,6.463727734454833,59.9044777203508,16.819973668712727,8.337851446471902,22.695987004266584,3.2847820011632853,0.0,8.896544387077896,2.972992914914924
2340.0,2346.0,5949.468830298308,0.3943209161888106,1739.3333333333337,116.83333333333334,631.3333333333334,991.1666666666666,2117.565360435566,95.16666666666669,21.666666666666668,38.5,592.8333333333334,498.0,109.0,164.5,219.66666666666663,1.0110931710541573,0.0,208.83102361177717,168.3899103194012
2361.0,0.0,0.0,0.0,1090.0,76.5,263.0,750.5,1179.8486570691164,59.0,17.5,24.5,238.5,490.5,87.16666666666667,61.333333333333336,111.5,7.077652197379101,0.0,82.77100487173719,0.0
2362.0,168.96936148656866,426.5692471091874,0.39611238417128125,758.2437349850763,81.04014655998247,174.2585500948,502.94503833029387,824.9545787327595,63.33686091294943,17.703285647033052,24.96549756740327,149.2930525273967,216.64425868923027,93.18457305665544,72.10340661332458,121.01279997108355,4.839862415659897,0.0,49.6474615623342,12.223519769689085
2338.0,372.6666666666667,963.9826003673356,0.3865906568486383,169.99999999999997,3.0,23.166666666666664,143.83333333333331,226.05839133924795,1.1666666666666667,1.8333333333333333,9.666666666666666,13.5,99.83333333333331,32.0,6.666666666666667,5.333333333333333,1.6850280974935563,0.0,27.696752445928865,26.676610795825532
2286.0,372.0,953.4531579737636,0.3901607508339035,0.0,0.0,0.0,0.0,46.02506663986135,0.0,0.0,0.0,0.0,0.0,0.0,0.0,0.0,0.0,0.0,19.01598399982467,27.00908264003668
2293.0,330.0,851.7785383489421,0.387424647537681,0.0,0.0,0.0,0.0,41.88818469322513,0.0,0.0,0.0,0.0,0.0,0.0,0.0,0.0,1.0110931710541573,0.0,16.869018064360592,24.008073457810383
2303.0,460.07713199925865,1200.3977030787644,0.38327058675575504,4.03346934381769,0.0,0.0,4.03346934381769,60.48649524320137,0.0,0.0,0.0,0.0,0.0,4.03346934381769,0.0,0.0,0.0,0.0,23.724535980970796,32.72848991841288
2304.0,557.6513471069536,1579.8585058459958,0.3529755006815233,504.2544128336177,12.73196388884235,44.410157708235985,447.11229123653936,598.8057987852532,4.582316382505041,8.149647506337308,10.738744341530813,33.67141336670517,394.5417047681438,23.91253084833395,16.398088064619333,12.259967555442335,0.0,0.0,54.257933345005746,40.293452606629685
2261.0,9.0,24.2102948190322,0.3717426849723829,611.3333333333333,7.5,60.66666666666666,543.1666666666666,647.0615152983943,1.8333333333333333,5.666666666666667,20.0,40.66666666666666,463.8333333333333,59.833333333333336,16.5,3.0,3.0332795131624715,0.0,31.694566057822957,1.0003363940754324
2260.0,0.0,0.0,0.0,469.1666666666667,2.333333333333333,10.666666666666668,456.1666666666667,499.2036423212171,0.0,2.333333333333333,6.0,4.666666666666667,414.6666666666667,19.0,22.33333333333333,0.1666666666666666,6.066559026324943,0.0,23.97041662822544,0.0
2249.0,46.27922148682549,123.62918141533846,0.3743389785243996,0.668899044240665,0.012161800804375726,0.0,0.6567372434362894,12.723750479713038,0.012161800804375726,0.0,0.0,0.0,0.5716046378056593,0.07297080482625438,0.0,0.012161800804375726,6.1724641503197075,0.0,2.401919499793365,3.4804677853592993
2329.0,5.0,14.159301224050845,0.35312477084017757,0.0,0.0,0.0,0.0,5.311057038064129,0.0,0.0,0.0,0.0,0.0,0.0,0.0,0.0,5.0554658552707865,0.0,0.2555911827933423,0.0
2333.0,30.16988009700052,86.78810800509942,0.3476268902558381,76.33333326926635,1.6666666652678241,2.499999997901736,72.16666660609678,85.2076613776745,0.0,1.6666666652678241,1.4999999987410417,0.9999999991606945,65.3333332784987,4.499999996223125,1.999999998321389,0.33333333305356483,1.4051246209538049,0.0,5.46853070098267,2.000672786471689
2330.0,98.0,255.7826982995191,0.3831377206180026,0.0,0.0,0.0,0.0,16.056314625494167,0.0,0.0,0.0,0.0,0.0,0.0,0.0,0.0,4.044372684216629,0.0,5.0095871827495095,7.002354758528028
2331.0,237.35467973259023,612.5149465472978,0.38750838827777395,256.49242185458866,3.6175000352557993,36.758468100179904,216.11645371915296,310.2204325518448,1.0502419457194256,2.567258089536374,6.418145223840935,30.340322876338966,180.64161466374122,23.92217765249803,9.452177511474831,2.1004838914388513,1.4158566123620564,0.0,35.50263023069028,16.809523854203785
2326.0,463.515182469555,1236.8337206819915,0.3747594965424877,302.89835098648933,10.016036941010013,43.62871024047175,249.25360380500751,379.3750049907494,4.9338448433287265,5.082192097681286,6.7069987727813585,36.921711467690386,207.22087743762225,22.340880301660167,10.288203489785948,9.403642575939182,1.5316043681950942,0.0,41.65666352172009,33.28838611434487
2280.0,0.0,0.0,0.0,16.166666666666668,0.0,0.8333333333333334,15.333333333333334,23.057617324110847,0.0,0.0,0.8333333333333334,0.0,15.333333333333334,0.0,0.0,0.0,6.066559026324943,0.0,0.8243916311192363,0.0
2277.0,0.0,0.0,0.0,661.4999999999999,12.833333333333334,12.666666666666666,635.9999999999999,702.4004930776488,0.0,12.833333333333334,12.666666666666666,0.0,583.1666666666666,26.166666666666668,26.666666666666668,0.0,7.0776521973791,0.0,33.822840880269766,0.0
2263.0,106.63158213707577,274.3866335248698,0.38861799048753926,414.8797756409455,9.993662868157669,16.18021607225527,388.70589670053255,460.1286301678187,0.0,9.993662868157669,16.18021607225527,0.0,355.774398106413,16.085038330653774,16.846460263465787,0.0,5.447499878404164,0.0,31.9798207025726,7.821533945896429
2254.0,1962.8674231575983,5034.29034960752,0.38989952641699066,314.0482175744837,8.201968999388338,9.9008837586717,295.9453648164237,572.4273211342843,0.0,8.201968999388338,9.9008837586717,0.0,265.54583760864784,15.160558186456708,15.238969021319193,0.0,1.098539846587682,0.0,116.40278353191925,140.87778018129364
2231.0,0.0,0.0,0.0,0.0,0.0,0.0,0.0,0.0,0.0,0.0,0.0,0.0,0.0,0.0,0.0,0.0,0.0,0.0,0.0,0.0
2247.0,570.001542335963,1483.157684932534,0.3843162113689154,0.00017622742644559915,2.4188078139592037e-06,1.2785127016641507e-05,0.00016102349161499843,70.15156290538562,0.0,2.4188078139592037e-06,1.2785127016641507e-05,0.0,0.00013528046559500406,1.58950227774462e-05,9.848003242548187e-06,0.0,1.0481314554799653e-06,0.0,29.13748268859845,41.01390294122926
2239.0,26.0,66.25679445275729,0.3924125852260878,0.0,0.0,0.0,0.0,4.340840109730403,0.0,0.0,0.0,0.0,0.0,0.0,0.0,0.0,1.0110931710541573,0.0,1.32907415052538,2.000672788150865
2238.0,23.0,69.3024025511759,0.3318788260337122,34.0,1.1666666666666667,1.0,31.83333333333333,39.925505443049126,0.0,1.1666666666666667,1.0,0.0,29.83333333333333,2.0,0.0,0.0,1.0110931710541573,0.0,2.913739483844102,2.000672788150865
2285.0,3.0,7.039550556417184,0.4261635705230116,16.0,0.0,1.0,15.0,16.979376118968695,0.0,0.0,1.0,0.0,14.833333333333334,0.1666666666666666,0.0,0.0,0.0,0.0,0.979376118968694,0.0
2323.0,0.0,0.0,0.0,0.0,0.0,0.0,0.0,7.077652197379101,0.0,0.0,0.0,0.0,0.0,0.0,0.0,0.0,7.077652197379101,0.0,0.0,0.0
2388.0,32.08986090205474,92.18129676231838,0.34811683095319984,49.71683544288567,0.7518155603558321,0.7518155603558321,48.21320432217401,56.79671948055741,0.0,0.7518155603558321,0.7518155603558321,0.0,43.67805884518882,2.9102537820225756,1.6248916949626044,0.0,0.737088031128139,0.0,4.183628108523963,2.1591678980196325
2392.0,30.0,87.7488734192035,0.34188473117689755,0.0,0.0,0.0,0.0,10.10137636358239,0.0,0.0,0.0,0.0,0.0,0.0,0.0,0.0,6.066559026324943,0.0,1.5339337296482511,2.500883607609196
2401.0,372.0,1100.3167392882626,0.3380844685146091,0.0,0.0,0.0,0.0,46.02506663986135,0.0,0.0,0.0,0.0,0.0,0.0,0.0,0.0,0.0,0.0,19.01598399982467,27.00908264003668
2335.0,504.8333333333333,1333.285194090561,0.3786386705341629,158.33333333333334,0.6666666666666666,21.0,136.66666666666669,229.2542565504562,0.0,0.6666666666666666,1.5,19.5,121.16666666666669,9.5,5.0,1.0,1.0110931710541573,0.0,33.89771985935311,36.01211018671557
2334.0,204.83333333333331,619.2327840890033,0.33078567316922336,0.0,0.0,0.0,0.0,25.47558577302035,0.0,0.0,0.0,0.0,0.0,0.0,0.0,0.0,0.0,0.0,10.47053986188886,15.00504591113149
2291.0,32.0,85.03511960935975,0.3763151054176654,0.0,0.0,0.0,0.0,3.636456358028256,0.0,0.0,0.0,0.0,0.0,0.0,0.0,0.0,0.0,0.0,1.6357835698773908,2.000672788150865
2284.0,0.0,0.0,0.0,0.0,0.0,0.0,0.0,2.0221863421083146,0.0,0.0,0.0,0.0,0.0,0.0,0.0,0.0,2.0221863421083146,0.0,0.0,0.0
3173.0,164.33333333333334,470.7581345181808,0.3490823021072762,252.33333333333331,48.833333333333336,21.666666666666668,181.83333333333331,285.63715455776537,39.833333333333336,9.0,21.666666666666668,0.0,0.0,88.66666666666667,16.5,76.66666666666667,0.0,0.0,21.299784495526804,12.004036728905191
3071.0,119.99999981697583,350.73663346182366,0.34213705774773984,1309.833331335574,468.99999928468054,65.33333323368683,775.4999988172063,1391.9274124948606,320.166666178348,148.83333310633253,18.8333333046087,46.499999929078136,33.83333328173069,169.8333330743033,52.999999919164324,518.8333325420081,0.0,0.0,73.0910536263393,9.003027532947462
2481.0,1101.1666666666667,3502.107851128882,0.3144296844860768,139.5,22.33333333333333,16.833333333333332,100.33333333333334,281.9462862540837,16.0,6.333333333333333,9.666666666666666,7.166666666666667,4.333333333333333,16.666666666666668,18.0,61.333333333333336,0.0,0.0,63.41971112212454,79.02657513195918
2488.0,850.8333311708667,2397.249433824768,0.35492065162922054,87.99999977634037,11.999999969500958,17.333333289279164,58.66666651756024,197.01203374428596,8.499999978396513,3.4999999911044464,9.166666643368789,8.166666645910375,7.333333314695031,26.666666598891023,6.166666650993549,18.499999952980644,0.0,0.0,47.99151408443315,61.02051988351244
2489.0,781.8333333333334,2011.1192922057696,0.38875532464105034,0.0,0.0,0.0,0.0,95.98450333451888,0.0,0.0,0.0,0.0,0.0,0.0,0.0,0.0,0.0,0.0,39.96566526629464,56.01883806822423
2469.0,912.5,2798.750033621004,0.32603840608781115,198.5,59.66666666666666,14.333333333333334,124.5,321.654042609922,50.16666666666666,9.5,10.5,3.8333333333333335,0.0,26.666666666666668,19.33333333333333,78.5,1.0110931710541573,0.0,56.78768770923617,65.35526172963164
2462.0,513.6666666666666,1490.2996506273664,0.3446734127934809,0.0,0.0,0.0,0.0,64.28244793405354,0.0,0.0,0.0,0.0,0.0,0.0,0.0,0.0,1.0110931710541573,0.0,26.258908182208376,37.012446580791
2433.0,988.0,2754.167001977281,0.35872915451048965,0.0,0.0,0.0,0.0,121.52835189610384,0.0,0.0,0.0,0.0,0.0,0.0,0.0,0.0,0.0,0.0,50.50446791674812,71.02388397935572
2464.0,309.3333333333333,925.7418033070076,0.3341464458322056,1064.3333333333333,283.3333333333333,64.16666666666667,716.8333333333333,1158.8965886383546,236.0,47.333333333333336,55.333333333333336,8.833333333333334,14.833333333333334,150.66666666666666,130.5,420.8333333333333,2.0221863421083146,0.0,70.2001824497827,22.34088651313029
2559.0,711.6666666666666,2053.3036724821404,0.34659591574507187,194.66666666666663,43.0,9.833333333333334,141.83333333333331,292.2056238759748,34.0,9.0,9.833333333333334,0.0,0.1666666666666666,33.0,39.0,69.66666666666667,0.1683644595359366,0.0,46.3536026577066,51.01699009206563
2346.0,262.0,772.7373449835237,0.3390544040622061,176.0,1.5,7.666666666666667,166.83333333333334,217.39617910013004,0.5,1.0,1.1666666666666667,6.5,7.166666666666667,155.83333333333334,2.0,1.8333333333333333,0.0,0.0,22.38978761269679,19.00639148743322
2399.0,408.0,1195.000758790978,0.34142237734877023,0.0,0.0,0.0,0.0,49.86599594412428,0.0,0.0,0.0,0.0,0.0,0.0,0.0,0.0,0.0,0.0,20.856240515936733,29.009755428187542
2396.0,204.0,559.8241232390889,0.3644001598567698,0.0,0.0,0.0,0.0,28.45678410340686,0.0,0.0,0.0,0.0,0.0,0.0,0.0,0.0,3.03256355621514,0.0,10.418882975267458,15.005337571924263
2400.0,384.0,1079.2279972930091,0.3558098946313236,0.0,0.0,0.0,0.0,47.6388218726408,0.0,0.0,0.0,0.0,0.0,0.0,0.0,0.0,0.0,0.0,19.62940283852869,28.00941903411211
2327.0,26.166666666666668,63.8681505832427,0.40969820525118045,210.5,4.333333333333334,10.166666666666668,196.0,225.49742445175207,0.1666666666666666,4.166666666666667,6.0,4.166666666666667,179.16666666666666,7.5,7.833333333333333,1.5,1.0110931710541573,0.0,12.15241039005478,1.8339208906431943
2322.0,7.0,16.958713937933982,0.4127671488309086,0.0,0.0,0.0,0.0,7.4247230763110545,0.0,0.0,0.0,0.0,0.0,0.0,0.0,0.0,6.066559026324943,0.0,0.3578276559106792,1.0003363940754324
2272.0,205.16666666666663,508.9948196609627,0.4030820329435307,2038.6666666666667,38.833333333333336,41.16666666666667,1958.6666666666667,2174.4301392918146,1.5,37.333333333333336,35.333333333333336,5.833333333333333,1799.5,74.16666666666667,82.33333333333333,2.6666666666666665,6.066559026324943,0.0,114.6918676876913,15.00504591113149
2289.0,2.0,5.366345473260744,0.37269311302552854,0.0,0.0,0.0,0.0,6.16879549944228,0.0,0.0,0.0,0.0,0.0,0.0,0.0,0.0,6.066559026324943,0.0,0.1022364731173368,0.0
2283.0,0.0,0.0,0.0,0.0,0.0,0.0,0.0,3.0332794980595073,0.0,0.0,0.0,0.0,0.0,0.0,0.0,0.0,3.0332794980595073,0.0,0.0,0.0
2282.0,7.5,18.276607817982317,0.4103606136703752,1315.5000000000002,20.166666666666668,22.0,1273.3333333333337,1386.1668043267584,0.0,20.166666666666668,22.0,0.0,1169.6666666666667,45.0,58.66666666666666,0.0,2.0221863421083146,0.0,67.64428159057437,1.0003363940754324
2228.0,210.9999995809773,558.8283596657889,0.37757568300071115,300.8333327359115,3.166666660378016,5.166666656406237,292.4999994191273,354.13543588248774,0.0,3.166666660378016,5.166666656406237,0.0,273.9999994558662,12.666666641512064,5.8333333217489765,0.0,12.133118028554852,0.0,26.16393923668816,15.005045881333123
2455.0,125.82708702692574,368.9805605353553,0.3410127808477572,182.9587877934048,36.06199826564601,16.07038645436905,130.82640307338974,209.95085297595756,29.0947754887394,6.967222776906609,15.359773765611328,0.7106126887577213,0.35530634437886066,74.01358437994756,12.888448117328501,43.56906423173484,2.3814341438730926,0.0,15.784955120784407,8.82567591789525
2619.0,722.3333333333334,1854.182279181096,0.3895697534399658,186.5,28.5,51.16666666666666,106.83333333333334,284.9744989468903,26.166666666666668,2.333333333333333,49.66666666666666,1.5,9.166666666666666,9.833333333333334,10.833333333333334,77.0,0.0,0.0,46.45700645496781,52.017492491922496
3485.0,349.5,975.929767957982,0.3581200322757728,111.16666666666666,12.166666666666666,16.666666666666668,82.33333333333333,166.72058208185896,4.833333333333333,7.333333333333333,2.6666666666666665,14.0,69.33333333333333,7.0,1.5,4.5,0.0,0.0,30.54550556330652,25.00840985188581
3561.0,0.0,0.0,0.0,0.0,0.0,0.0,0.0,0.0,0.0,0.0,0.0,0.0,0.0,0.0,0.0,0.0,0.0,0.0,0.0,0.0
3514.0,0.9999999994942917,3.559399167910465,0.28094629242758934,0.0,0.0,0.0,0.0,52.62796310476045,0.0,0.0,0.0,0.0,0.0,0.0,0.0,0.0,52.576844868227624,0.0,0.05111823653281749,0.0
2217.0,0.99999999854513,2.211628544353133,0.4521554946911822,0.0,0.0,0.0,0.0,1007.4365484527335,0.0,0.0,0.0,0.0,0.0,0.0,0.0,0.0,1007.3854302162491,0.0,0.05111823648429801,0.0
3553.0,0.0,0.0,0.0,0.0,0.0,0.0,0.0,1.011093171259481,0.0,0.0,0.0,0.0,0.0,0.0,0.0,0.0,1.011093171259481,0.0,0.0,0.0
3554.0,0.0,0.0,0.0,0.0,0.0,0.0,0.0,0.0,0.0,0.0,0.0,0.0,0.0,0.0,0.0,0.0,0.0,0.0,0.0,0.0
2219.0,0.0,0.0,0.0,62.50000011215719,0.16666666696575244,2.833333338417792,59.50000010677364,65.68997800294984,0.0,0.16666666696575244,2.833333338417792,0.0,58.833333438910635,0.5000000008972575,0.16666666696575244,0.0,0.0,0.0,3.1899778907926573,0.0
2528.0,96.0,220.52925259857147,0.4353163984768425,825.0,202.8333333333333,18.5,603.6666666666667,879.7500795626244,101.33333333333331,101.5,16.666666666666668,1.8333333333333333,22.666666666666668,115.16666666666669,93.16666666666669,372.6666666666667,0.0,0.0,47.747724804096414,7.002354758528028
2529.0,3.0,8.6543342876651,0.346647113490388,3217.5,388.1666666666666,94.83333333333334,2734.5,3382.123923179677,245.0,143.16666666666666,72.66666666666667,22.166666666666668,10.333333333333334,531.5,873.5,1319.1666666666667,0.0,0.0,164.62392317967712,0.0
2524.0,434.0,1017.1987405175208,0.4266619518022541,987.0,175.66666666666666,118.33333333333331,693.0,1101.5045360043262,141.0,34.666666666666664,114.0,4.333333333333333,6.833333333333333,152.33333333333334,160.83333333333334,373.0,1.0110931710541573,0.0,82.48301461693352,31.01042821633841
2218.0,0.0,0.0,0.0,0.0,0.0,0.0,0.0,1.0110931714349862,0.0,0.0,0.0,0.0,0.0,0.0,0.0,0.0,1.0110931714349862,0.0,0.0,0.0
3550.0,0.0,0.0,0.0,0.0,0.0,0.0,0.0,0.0,0.0,0.0,0.0,0.0,0.0,0.0,0.0,0.0,0.0,0.0,0.0,0.0
3562.0,0.0,0.0,0.0,0.0,0.0,0.0,0.0,0.0,0.0,0.0,0.0,0.0,0.0,0.0,0.0,0.0,0.0,0.0,0.0,0.0
3492.0,316.99999919276735,824.3678286430437,0.38453708184435986,0.0,0.0,0.0,0.0,39.21221795297991,0.0,0.0,0.0,0.0,0.0,0.0,0.0,0.0,0.0,0.0,16.20448094783359,23.007737005146318
2421.0,0.0,0.0,0.0,0.0,0.0,0.0,0.0,25.277329638455477,0.0,0.0,0.0,0.0,0.0,0.0,0.0,0.0,25.277329638455477,0.0,0.0,0.0
2420.0,0.0,0.0,0.0,0.0,0.0,0.0,0.0,26.288422314274715,0.0,0.0,0.0,0.0,0.0,0.0,0.0,0.0,26.288422314274715,0.0,0.0,0.0
2390.0,94.0,282.4801632048515,0.33276672929359724,0.0,0.0,0.0,0.0,11.807468995042864,0.0,0.0,0.0,0.0,0.0,0.0,0.0,0.0,0.0,0.0,4.805114236514836,7.002354758528028
2394.0,865.999997472533,2781.6441878044225,0.3113266611414003,0.0,0.0,0.0,0.0,111.34471482278903,0.0,0.0,0.0,0.0,0.0,0.0,0.0,0.0,5.055465840516141,0.0,44.26839273060723,62.020856251665656
2931.0,213.83333333333331,535.9840346926765,0.398954669341861,6023.833333333333,12.5,7.5,6003.833333333333,6357.696996942264,9.5,3.0,7.5,0.0,3.0,5933.0,10.833333333333334,57.0,0.0,0.0,318.85861769779893,15.00504591113149
2502.0,1976.1665958122783,5998.646058360565,0.32943543869503883,521.8333146232811,94.16666329037172,55.66666467076839,371.99998666214094,791.5742646601793,68.4999975439695,25.6666657464022,54.66666470662285,0.9999999641455402,0.3333333213818467,148.49999467561273,56.666664634913936,166.49999403023244,0.0,0.0,127.69318717123274,142.04776286566545
2563.0,306.4999763572731,930.3810882845991,0.32943487374876246,0.0,0.0,0.0,0.0,38.685873886028105,0.0,0.0,0.0,0.0,0.0,0.0,0.0,0.0,1.0110930930606836,0.0,15.667381820909743,22.007398972057683
2413.0,24.0,77.99099037759107,0.30772785271484193,0.0,0.0,0.0,0.0,9.294069491883851,0.0,0.0,0.0,0.0,0.0,0.0,0.0,0.0,6.066559026324943,0.0,1.2268376774080432,2.000672788150865
2412.0,288.0,935.4235926830124,0.3078819074617832,0.0,0.0,0.0,0.0,36.74020957553476,0.0,0.0,0.0,0.0,0.0,0.0,0.0,0.0,1.0110931710541573,0.0,14.722052128896516,21.007064275584085
2406.0,384.0,1192.8648632621694,0.3219140841736773,0.0,0.0,0.0,0.0,47.6388218726408,0.0,0.0,0.0,0.0,0.0,0.0,0.0,0.0,0.0,0.0,19.62940283852869,28.00941903411211
2414.0,0.0,0.0,0.0,0.0,0.0,0.0,0.0,6.066559026324943,0.0,0.0,0.0,0.0,0.0,0.0,0.0,0.0,6.066559026324943,0.0,0.0,0.0
2415.0,0.0,0.0,0.0,0.0,0.0,0.0,0.0,5.0554658552707865,0.0,0.0,0.0,0.0,0.0,0.0,0.0,0.0,5.0554658552707865,0.0,0.0,0.0
2408.0,26.0,78.48731538955526,0.33126371912396896,22.0,0.0,0.0,22.0,28.644302585627184,0.0,0.0,0.0,0.0,20.0,2.0,0.0,0.0,2.0221863421083146,0.0,2.454691557860336,2.167424685658536
2410.0,0.0,0.0,0.0,0.0,0.0,0.0,0.0,0.0,0.0,0.0,0.0,0.0,0.0,0.0,0.0,0.0,0.0,0.0,0.0,0.0
2411.0,178.33333333333334,499.1286965252837,0.3572892814514818,0.0,0.0,0.0,0.0,24.142633588608867,0.0,0.0,0.0,0.0,0.0,0.0,0.0,0.0,2.0221863421083146,0.0,9.116074123519928,13.004373122980622
2393.0,25.83333333333333,73.76833880326016,0.35019540567709834,0.0,0.0,0.0,0.0,3.3213167519907003,0.0,0.0,0.0,0.0,0.0,0.0,0.0,0.0,0.0,0.0,1.3206439638398353,2.000672788150865
2427.0,2356.0,5691.860862842327,0.41392438374248863,161.0,26.0,19.166666666666668,115.83333333333331,459.0547980386285,22.166666666666668,3.8333333333333335,19.166666666666668,0.0,0.0,71.33333333333333,8.5,36.0,0.0,0.0,128.6645513251519,169.3902467134766
2424.0,92.0,202.27010734204987,0.4548373519396168,0.0,0.0,0.0,0.0,183.92709594300868,0.0,0.0,0.0,0.0,0.0,0.0,0.0,0.0,20.221863421083142,0.0,156.70287776339748,7.002354758528028
2430.0,0.0,0.0,0.0,38.0,0.0,1.8333333333333333,36.16666666666666,39.9424929892294,0.0,0.0,1.0,0.8333333333333334,36.16666666666666,0.0,0.0,0.0,0.0,0.0,1.9424929892294016,0.0
3163.0,1.0,3.021157616413508,0.330998950391448,445.0,56.16666666666666,261.3333333333333,127.5,469.822519671286,51.5,4.666666666666667,258.8333333333333,2.5,7.5,19.166666666666668,18.83333333333333,82.0,2.0221863421083146,0.0,22.800333329177622,0.0
3383.0,219.83333333333331,690.1603665123816,0.3185250037527176,21.166666666666668,3.833333333333333,11.833333333333334,5.5,52.19633812454979,3.6666666666666665,0.1666666666666666,11.5,0.3333333333333333,0.0,1.5,0.5,3.5,3.0332795131624715,0.0,12.32445061861337,15.671941326107278
3393.0,462.6666666666667,1440.8093088220548,0.32111582277666123,0.0,0.0,0.0,0.0,57.67277840785621,0.0,0.0,0.0,0.0,0.0,0.0,0.0,0.0,1.0110931710541573,0.0,23.65058423231278,33.01110100448927
2419.0,588.3333332274756,1999.1779621199996,0.29428762440117434,96.16666664936358,12.999999997660932,16.499999997031182,66.66666665467145,173.16452797294988,8.49999999847061,4.499999999190322,6.666666665467145,9.83333333156404,9.166666665017324,25.66666666204851,12.499999997750896,19.333333329854714,0.0,0.0,34.983732779977686,42.01412854360864
2225.0,0.0,0.0,0.0,0.0,0.0,0.0,0.0,0.0,0.0,0.0,0.0,0.0,0.0,0.0,0.0,0.0,0.0,0.0,0.0,0.0
2220.0,8.000000015161632,20.924192697175837,0.38233255308537667,7.333333347231496,0.0,0.333333333965068,7.000000013266428,22.52110116814429,0.0,0.0,0.333333333965068,0.0,7.000000013266428,0.0,0.0,0.0,6.0665590378223095,0.0,8.120872387119206,1.0003363959712739
2942.0,10.0,34.232094925637846,0.29212351805295395,0.0,0.0,0.0,0.0,8.252060367240933,0.0,0.0,0.0,0.0,0.0,0.0,0.0,0.0,6.740541607578816,0.0,0.5111823655866846,1.0003363940754324
3547.0,0.0,0.0,0.0,0.0,0.0,0.0,0.0,0.0,0.0,0.0,0.0,0.0,0.0,0.0,0.0,0.0,0.0,0.0,0.0,0.0
3546.0,0.0,0.0,0.0,0.0,0.0,0.0,0.0,0.0,0.0,0.0,0.0,0.0,0.0,0.0,0.0,0.0,0.0,0.0,0.0,0.0
3549.0,0.0,0.0,0.0,0.0,0.0,0.0,0.0,0.0,0.0,0.0,0.0,0.0,0.0,0.0,0.0,0.0,0.0,0.0,0.0,0.0
3516.0,4.999999999594075,14.286998933080042,0.3499685289411691,0.0,0.0,0.0,0.0,0.25559118277259213,0.0,0.0,0.0,0.0,0.0,0.0,0.0,0.0,0.0,0.0,0.25559118277259213,0.0
3531.0,9.999999999835163,21.847722187558777,0.457713619478816,0.0,0.0,0.0,0.0,1.5115187596372015,0.0,0.0,0.0,0.0,0.0,0.0,0.0,0.0,0.0,0.0,0.5111823655782585,1.0003363940589431
3538.0,0.0,0.0,0.0,0.0,0.0,0.0,0.0,0.0,0.0,0.0,0.0,0.0,0.0,0.0,0.0,0.0,0.0,0.0,0.0,0.0
3537.0,0.0,0.0,0.0,0.0,0.0,0.0,0.0,0.0,0.0,0.0,0.0,0.0,0.0,0.0,0.0,0.0,0.0,0.0,0.0,0.0
3530.0,2.9999999999283578,5.961579315385373,0.5032223579054117,0.0,0.0,0.0,0.0,0.15335470967234308,0.0,0.0,0.0,0.0,0.0,0.0,0.0,0.0,0.0,0.0,0.15335470967234308,0.0
3520.0,0.0,0.0,0.0,0.0,0.0,0.0,0.0,0.0,0.0,0.0,0.0,0.0,0.0,0.0,0.0,0.0,0.0,0.0,0.0,0.0
3518.0,0.0,0.0,0.0,0.0,0.0,0.0,0.0,0.0,0.0,0.0,0.0,0.0,0.0,0.0,0.0,0.0,0.0,0.0,0.0,0.0
3519.0,0.0,0.0,0.0,0.0,0.0,0.0,0.0,0.0,0.0,0.0,0.0,0.0,0.0,0.0,0.0,0.0,0.0,0.0,0.0,0.0
3517.0,0.0,0.0,0.0,0.0,0.0,0.0,0.0,0.0,0.0,0.0,0.0,0.0,0.0,0.0,0.0,0.0,0.0,0.0,0.0,0.0
3521.0,0.9999999999136254,2.8848020609362073,0.34664423374305775,0.0,0.0,0.0,0.0,0.051118236554253085,0.0,0.0,0.0,0.0,0.0,0.0,0.0,0.0,0.0,0.0,0.051118236554253085,0.0
3524.0,0.0,0.0,0.0,0.0,0.0,0.0,0.0,0.0,0.0,0.0,0.0,0.0,0.0,0.0,0.0,0.0,0.0,0.0,0.0,0.0
3534.0,2.0,5.770972400082509,0.346562045587223,0.0,0.0,0.0,0.0,0.1022364731173368,0.0,0.0,0.0,0.0,0.0,0.0,0.0,0.0,0.0,0.0,0.1022364731173368,0.0
3533.0,0.0,0.0,0.0,0.0,0.0,0.0,0.0,0.0,0.0,0.0,0.0,0.0,0.0,0.0,0.0,0.0,0.0,0.0,0.0,0.0
3532.0,0.0,0.0,0.0,0.0,0.0,0.0,0.0,0.0,0.0,0.0,0.0,0.0,0.0,0.0,0.0,0.0,0.0,0.0,0.0,0.0
3535.0,0.0,0.0,0.0,0.0,0.0,0.0,0.0,0.0,0.0,0.0,0.0,0.0,0.0,0.0,0.0,0.0,0.0,0.0,0.0,0.0
3536.0,0.0,0.0,0.0,0.0,0.0,0.0,0.0,0.0,0.0,0.0,0.0,0.0,0.0,0.0,0.0,0.0,0.0,0.0,0.0,0.0
3539.0,0.0,0.0,0.0,0.0,0.0,0.0,0.0,0.0,0.0,0.0,0.0,0.0,0.0,0.0,0.0,0.0,0.0,0.0,0.0,0.0
3540.0,0.0,0.0,0.0,0.0,0.0,0.0,0.0,0.0,0.0,0.0,0.0,0.0,0.0,0.0,0.0,0.0,0.0,0.0,0.0,0.0
3542.0,0.0,0.0,0.0,0.0,0.0,0.0,0.0,0.0,0.0,0.0,0.0,0.0,0.0,0.0,0.0,0.0,0.0,0.0,0.0,0.0
3541.0,0.0,0.0,0.0,0.0,0.0,0.0,0.0,0.0,0.0,0.0,0.0,0.0,0.0,0.0,0.0,0.0,0.0,0.0,0.0,0.0
3543.0,0.0,0.0,0.0,0.0,0.0,0.0,0.0,0.0,0.0,0.0,0.0,0.0,0.0,0.0,0.0,0.0,0.0,0.0,0.0,0.0
3544.0,0.0,0.0,0.0,0.0,0.0,0.0,0.0,0.0,0.0,0.0,0.0,0.0,0.0,0.0,0.0,0.0,0.0,0.0,0.0,0.0
3545.0,0.0,0.0,0.0,0.0,0.0,0.0,0.0,0.0,0.0,0.0,0.0,0.0,0.0,0.0,0.0,0.0,0.0,0.0,0.0,0.0
3560.0,440.2808959406449,1282.5327301183827,0.34329018324546406,11.099518385058273,0.6434503411627984,1.6086258529069961,8.847442190988476,65.87393626503184,0.3217251705813992,0.3217251705813992,0.8847442190988478,0.7238816338081483,4.10199592491284,2.895526535232593,0.5630190485174487,1.2869006823255968,0.0,0.0,23.073834767545932,31.700583112427633
3559.0,3.0,7.445218342581896,0.40294318607715174,0.0,0.0,0.0,0.0,0.1533547096760053,0.0,0.0,0.0,0.0,0.0,0.0,0.0,0.0,0.0,0.0,0.1533547096760053,0.0
3551.0,0.0,0.0,0.0,0.0,0.0,0.0,0.0,0.0,0.0,0.0,0.0,0.0,0.0,0.0,0.0,0.0,0.0,0.0,0.0,0.0
3555.0,0.0,0.0,0.0,0.0,0.0,0.0,0.0,0.0,0.0,0.0,0.0,0.0,0.0,0.0,0.0,0.0,0.0,0.0,0.0,0.0
3558.0,0.0,0.0,0.0,0.0,0.0,0.0,0.0,0.0,0.0,0.0,0.0,0.0,0.0,0.0,0.0,0.0,0.0,0.0,0.0,0.0
3527.0,0.0,0.0,0.0,0.0,0.0,0.0,0.0,0.0,0.0,0.0,0.0,0.0,0.0,0.0,0.0,0.0,0.0,0.0,0.0,0.0
3522.0,0.0,0.0,0.0,0.0,0.0,0.0,0.0,0.0,0.0,0.0,0.0,0.0,0.0,0.0,0.0,0.0,0.0,0.0,0.0,0.0
3525.0,0.0,0.0,0.0,0.0,0.0,0.0,0.0,0.0,0.0,0.0,0.0,0.0,0.0,0.0,0.0,0.0,0.0,0.0,0.0,0.0
3528.0,0.0,0.0,0.0,0.0,0.0,0.0,0.0,0.0,0.0,0.0,0.0,0.0,0.0,0.0,0.0,0.0,0.0,0.0,0.0,0.0
3523.0,0.0,0.0,0.0,0.0,0.0,0.0,0.0,0.0,0.0,0.0,0.0,0.0,0.0,0.0,0.0,0.0,0.0,0.0,0.0,0.0
3526.0,0.0,0.0,0.0,0.0,0.0,0.0,0.0,0.0,0.0,0.0,0.0,0.0,0.0,0.0,0.0,0.0,0.0,0.0,0.0,0.0
3548.0,0.0,0.0,0.0,0.0,0.0,0.0,0.0,0.0,0.0,0.0,0.0,0.0,0.0,0.0,0.0,0.0,0.0,0.0,0.0,0.0
3529.0,0.0,0.0,0.0,0.0,0.0,0.0,0.0,0.0,0.0,0.0,0.0,0.0,0.0,0.0,0.0,0.0,0.0,0.0,0.0,0.0
3093.0,85.85189183903178,240.9252450256407,0.35634244900278056,553.418543976135,105.33383567807775,33.18497399999291,414.89973429806435,596.5279134581435,75.65123360420547,29.682602073872285,33.14119435091641,0.043779649076507776,0.437796490765078,71.18570939840167,87.77819639839814,255.4980320104995,1.3722349189262586,0.0,35.561956025257516,6.175178537824855
3096.0,854.288483476463,2496.170104766516,0.3422396902539503,470.8871640435849,84.65477409419596,65.26714183070708,320.96524811868187,623.2349761851754,64.05673096197341,20.598043132222553,59.061165372629674,6.2059764580773935,4.306563408171931,53.93264284192669,64.22804642194168,198.4979954466416,0.6381994710890619,0.0,90.32128030552587,61.38833236497545
3105.0,546.2334638533483,1443.4959642506888,0.3784101080856816,274.4532463965869,49.71833828075497,16.038173638953218,208.69673447687873,362.0646137790798,35.81858779366218,13.899750487092787,15.97134791545758,0.06682572349563838,0.46778006446946885,42.76846303720858,42.83528876070421,122.62520261449646,0.40540219606316,0.0,48.03288749688146,39.17307768954827
3264.0,292.40688251898,812.4843499158733,0.3598923259866563,0.0,0.0,0.0,0.0,36.097446422940344,0.0,0.0,0.0,0.0,0.0,0.0,0.0,0.0,0.0,0.0,14.946949167641016,21.150497255299328
3266.0,301.10482549570327,846.9798793714465,0.35550410680258027,79.31996952624415,17.419287425371262,6.765526812532589,55.1351552883403,121.72992181657656,12.364583484973352,5.0547039403979115,6.765526812532589,0.0,0.07776467600612168,11.509172048906013,7.776467600612172,35.771750962815986,1.415291991462517,0.0,19.446610355594572,21.548049943275323
3268.0,289.82901848358875,907.3355798230576,0.319428693119374,0.0,0.0,0.0,0.0,35.644869891034745,0.0,0.0,0.0,0.0,0.0,0.0,0.0,0.0,0.0,0.0,14.815434411171005,20.829435479863736
3138.0,0.0,0.0,0.0,473.0501619951821,90.00014426031935,211.3802366045888,171.6697811302741,501.2617869774113,84.83829612273148,5.161848137587878,168.96108854322304,42.41914806136574,17.989807370603298,20.851822179562916,23.407192544705428,109.42095903540245,4.030599340107232,0.0,24.181025642121856,0.0
3133.0,0.0,0.0,0.0,512.9178009093716,97.58516069591656,229.19490325855247,186.13773695490272,543.5070402934864,91.98828322272658,5.5968774731899895,183.20076164718918,45.99414161136329,19.505949213493825,22.609168406549664,25.379899828920944,118.6427195059383,4.370289487176249,0.0,26.21894989693839,0.0
3262.0,336.9549444725541,939.8961082157699,0.35850232970131635,77.62383536527187,13.027304543910846,4.994925058287059,59.60160576307398,133.65866860924706,11.812322772976154,1.2149817709346902,1.957470630950334,3.0374544273367254,3.6449453128040705,9.179862269284326,3.847442274626519,42.92935590635905,0.4094865905157839,0.0,31.31753698137558,24.307809672083824
2584.0,769.7597402066833,2140.389306049416,0.359635388773014,135.59358833384562,21.944522178868834,5.584291926233024,108.06477422874374,245.94949823849512,16.360230252635812,5.584291926233022,3.2284187698534668,2.3558731563795567,0.04362728067369548,33.54937883807183,38.34837971217834,36.12338839781987,0.0,0.0,55.0179218127421,55.337988091907455
2582.0,759.9341438488312,2181.84396854839,0.34829903274633595,19.31422159522604,1.2071388497016275,14.888045812986741,3.219036932537673,130.6289451158593,1.2071388497016275,0.0,0.5633314631940929,14.324714349792647,0.965711079761302,0.0,0.16095184662688367,2.0923740061494875,0.0,0.0,56.73369295317137,54.5810305674619
2586.0,285.3561829712733,819.2850285033564,0.34829903274633595,7.2525133869644804,0.45328208668528003,5.590479069118454,1.2087522311607468,49.05132565176673,0.45328208668528003,0.0,0.2115316404531307,5.378947428665324,0.36262566934822404,0.0,0.06043761155803734,0.7856889502544854,0.0,0.0,21.303569786965177,20.49524247783708
2585.0,405.14489699311963,1126.5437504021982,0.3596352976513118,71.38617151035133,11.552999873493368,2.939414661351137,56.89375697550682,129.47040278276896,8.613212701180068,2.9397871723133,1.6994593451355366,1.2399553162156003,0.0229731430970145,17.661964264380856,20.190726969325496,19.01809259870346,1.2182532290672497e-05,0.0,28.95837430608808,29.125844783797298
2580.0,588.7659840484057,1637.1191557569684,0.35963538877301393,103.71144176051038,16.784702447083887,4.2712562887211485,82.65548302470535,188.1193452878142,12.513446158362738,4.271256288721148,2.469320041916914,1.8019362468042344,0.03336918975563396,25.66090692208252,29.33151779520226,27.629689117664928,0.0,0.0,42.08154724704074,42.32635628026311
2567.0,200.15543125748815,584.4706805410647,0.34245589714132,0.20046003023597214,0.049123522370087276,0.01335260816737939,0.13798389969850547,25.655709859043622,0.03853406620434126,0.010589456165746018,0.012100843561601187,0.0012517646057782022,0.0014771550752010556,0.03281923055948767,0.031930039583738,0.07175747448007877,0.731084137735442,0.0,10.241812706948823,14.48235298412338
2801.0,1244.1229639423912,3200.905694418343,0.38867841877124365,145.30657828336481,19.46993282136786,4.996708423182902,120.83993703881409,309.8041505056319,12.979955214245237,6.4899776071226185,4.939274993031375,0.05743343015152759,0.11486686030305522,28.716715075763805,40.26083453622085,51.747520566526376,0.0,0.0,75.10110957918849,89.3964626430786
2802.0,1908.593689752619,5217.421041732254,0.36581170553161646,365.99997437695674,40.5197732152925,4.296550177804262,321.18365098386005,619.2678576513184,26.63861110238642,13.881162112906075,4.296550177804262,0.0,0.0,91.35126685731521,123.21183894503298,106.62054518151189,0.0,0.0,116.26103053125601,137.0068527431056
2363.0,211.43826319414558,533.7835211501957,0.3961123841712813,234.93140354905066,37.79901911850647,32.02416897540132,165.10821545514287,276.82565569314517,29.20236720092948,8.59665191757699,8.924768402980694,23.099400572420617,62.53900211794561,24.21499662279321,18.899509559253236,59.45470715515081,0.9954287909084143,0.0,25.60303382374643,15.295789529439663
2256.0,68.20176161657535,175.62610543312806,0.3883349884026442,311.62023085722967,7.5063372883709825,12.153117514505398,291.96077605435323,343.8701856841687,0.0,7.5063372883709825,12.153117514505398,0.0,267.225607466007,12.081628587949487,12.653540000396799,0.0,3.8203215997496014,0.0,23.413948946116328,5.015684281073092
2497.0,416.9253406255622,1265.2042429143116,0.3295320443007709,119.93742675529873,30.871924518738414,5.711306035966606,83.3541962005937,178.12616344314537,24.774719426287575,6.097205092450836,5.711306035966606,0.0,0.0,11.268252449339517,18.29161527735251,53.794328473901686,0.7804555667818628,0.0,27.452392983593658,29.955888137471128
2499.0,367.3277764414706,1196.060550081926,0.3071146995160988,125.44192630398126,23.262818945346666,3.6738497756970703,98.5052575829375,179.65355063424778,18.88729221645721,4.375526728889458,3.541242273651667,0.132607502045403,3.97822506136209,16.606493031370526,13.935132707759387,63.98540678244552,0.6987378526850093,0.0,27.089986722012508,26.422899755569002
3109.0,332.3276713346366,1082.8419419579234,0.3069032131630805,15.280816169260985,3.5494809212062917,1.0227317908560503,10.708603457198643,60.55065089925256,2.105624275291868,1.443856645914424,0.902410403696515,0.12032138715953533,0.0,1.443856645914424,2.105624275291868,7.159122535992351,0.0,0.0,21.377994483990676,23.8918402460009
3127.0,893.7497645281236,2709.289012461316,0.3298835083364458,130.21466549524433,27.954783215512045,10.683868297882476,91.5760139818498,246.76699458930892,21.046417248460212,6.908365967051827,10.603538461056292,0.080329836826184,0.4016491841309202,30.204018646645192,12.451124708058524,48.51922144301517,0.0,0.0,52.34711309248901,64.20521600157555
3244.0,536.3051134316197,1359.4333645719078,0.39450636376024567,683.101018697571,191.49918505887496,38.52805195366079,453.0737816850354,789.5619352614536,157.9381641933168,33.56102086555818,38.52805195366079,0.0,0.20136612519334907,96.5214960093453,65.37686864610734,290.9740509043894,1.628799312517054,0.0,66.22396277749961,38.60815447386583
2369.0,232.08446728487493,762.0721460199518,0.30454395754650604,55.89147665138152,8.58059934249168,5.489059873505707,41.821817435384126,88.79974421281884,6.214625259084048,2.3659740834076324,2.4606130467439375,3.0284468267617695,3.7855585334522117,15.575278270115469,4.795040809039468,17.665939822776984,1.413329150455031,0.0,14.721604084770082,16.77333432621218
2373.0,638.7567209042419,1755.5205198397284,0.36385602656615923,0.0,0.0,0.0,0.0,79.2694793746929,0.0,0.0,0.0,0.0,0.0,0.0,0.0,0.0,0.7341901005735793,0.0,32.65234606166957,45.88294321244976
2935.0,97.97277013308222,236.32575476492508,0.41456662322113996,101.5086892498074,26.618716946133446,5.164825676115446,69.72514662755852,118.98223465193765,21.175785272073323,5.442931674060122,5.164825676115446,0.0,0.0,13.746382184122645,16.010959595957882,39.967804847477986,0.2410209217294845,0.0,10.198054927072086,7.034469553328677
