;TAZID,TOTHH,HHPOP,HHSIZE,TOTEMP,RETEMP,INDEMP,OTHEMP,ALLEMP,RETL,FOOD,MANU,WSLE,OFFI,GVED,HLTH,OTHR,FM_AGRI,FM_MING,FM_CONS,HBJ
1.0,0.0,0.0,0.0,0.0,0.0,0.0,0.0,0.0,0.0,0.0,0.0,0.0,0.0,0.0,0.0,0.0,0.0,0.0,0.0,0.0
2.0,23.0,51.0,0.45098039215686275,0.0,0.0,0.0,0.0,4.0,0.0,0.0,0.0,0.0,0.0,0.0,0.0,0.0,0.0,0.0,2.0,2.0
3.0,36.0,86.0,0.4186046511627907,0.0,0.0,0.0,0.0,4.0,0.0,0.0,0.0,0.0,0.0,0.0,0.0,0.0,0.0,0.0,2.0,2.0
4.0,2.0,4.0,0.5,0.0,0.0,0.0,0.0,0.0,0.0,0.0,0.0,0.0,0.0,0.0,0.0,0.0,0.0,0.0,0.0,0.0
5.0,94.99999999781562,252.99999999418264,0.37549407114624506,1.999999999954013,0.0,0.0,1.999999999954013,16.99999999960911,0.0,0.0,0.0,0.0,0.0,0.0,1.999999999954013,0.0,0.0,0.0,9.999999999770065,4.999999999885032
6.0,5.0,12.0,0.4166666666666667,8.0,0.0,8.0,0.0,9.0,0.0,0.0,0.0,8.0,0.0,0.0,0.0,0.0,0.0,0.0,1.0,0.0
7.0,58.99999995367992,138.99999989087303,0.4244604316546763,35.9999999717369,2.999999997644742,25.999999979587763,6.999999994504397,257.9999997974478,2.999999997644742,0.0,0.0,25.999999979587763,0.0,0.0,0.0,6.999999994504397,210.99999983434682,0.0,5.999999995289484,4.999999996074569
8.0,74.0,197.0,0.3756345177664975,69.0,21.0,0.0,48.0,80.0,21.0,0.0,0.0,0.0,45.0,0.0,0.0,3.0,0.0,0.0,6.0,5.0
9.0,23.0,53.0,0.4339622641509434,86.0,0.0,86.0,0.0,90.0,0.0,0.0,0.0,86.0,0.0,0.0,0.0,0.0,0.0,0.0,2.0,2.0
10.0,33.0,78.0,0.4230769230769231,89.0,0.0,89.0,0.0,94.0,0.0,0.0,0.0,89.0,0.0,0.0,0.0,0.0,0.0,0.0,3.0,2.0
11.0,12.0,30.0,0.4,0.0,0.0,0.0,0.0,0.0,0.0,0.0,0.0,0.0,0.0,0.0,0.0,0.0,0.0,0.0,0.0,0.0
12.0,26.0,66.0,0.3939393939393939,0.0,0.0,0.0,0.0,6.0,0.0,0.0,0.0,0.0,0.0,0.0,0.0,0.0,0.0,0.0,4.0,2.0
13.0,0.0,0.0,0.0,0.0,0.0,0.0,0.0,0.0,0.0,0.0,0.0,0.0,0.0,0.0,0.0,0.0,0.0,0.0,0.0,0.0
14.0,0.0,0.0,0.0,0.0,0.0,0.0,0.0,0.0,0.0,0.0,0.0,0.0,0.0,0.0,0.0,0.0,0.0,0.0,0.0,0.0
15.0,2.0,4.0,0.5,272.0,0.0,261.0,11.0,324.0,0.0,0.0,121.0,140.0,0.0,0.0,0.0,11.0,48.0,0.0,4.0,0.0
16.0,2.0,4.0,0.5,104.0,0.0,79.0,25.0,113.0,0.0,0.0,8.0,71.0,0.0,0.0,0.0,25.0,0.0,0.0,9.0,0.0
17.0,5.0,13.0,0.38461538461538464,0.0,0.0,0.0,0.0,1.0,0.0,0.0,0.0,0.0,0.0,0.0,0.0,0.0,0.0,0.0,1.0,0.0
18.0,0.0,0.0,0.0,725.0,0.0,725.0,0.0,735.0,0.0,0.0,519.0,206.0,0.0,0.0,0.0,0.0,0.0,0.0,10.0,0.0
19.0,364.0,964.0,0.3775933609958506,28.0,18.0,9.0,1.0,65.0,18.0,0.0,0.0,9.0,1.0,0.0,0.0,0.0,0.0,0.0,20.0,17.0
20.0,246.0,497.0,0.4949698189134809,144.0,15.0,77.0,52.0,179.0,15.0,0.0,75.0,2.0,0.0,0.0,0.0,52.0,0.0,0.0,19.0,16.0
21.0,0.0,0.0,0.0,465.0,0.0,465.0,0.0,472.0,0.0,0.0,428.0,37.0,0.0,0.0,0.0,0.0,0.0,0.0,7.0,0.0
22.0,3.0,8.0,0.375,10.0,0.0,10.0,0.0,10.0,0.0,0.0,10.0,0.0,0.0,0.0,0.0,0.0,0.0,0.0,0.0,0.0
23.0,5.0,13.0,0.38461538461538464,52.0,0.0,52.0,0.0,53.0,0.0,0.0,26.0,26.0,0.0,0.0,0.0,0.0,0.0,0.0,1.0,0.0
24.0,215.0,570.0,0.37719298245614036,2.0,0.0,0.0,2.0,22.0,0.0,0.0,0.0,0.0,0.0,0.0,1.0,1.0,0.0,0.0,11.0,9.0
25.0,488.0,1296.0,0.3765432098765432,163.0,6.0,2.0,155.0,232.0,6.0,0.0,0.0,2.0,1.0,129.0,20.0,5.0,0.0,0.0,38.0,31.0
26.0,329.0,742.0,0.44339622641509435,226.0,24.0,33.0,169.0,271.0,23.0,1.0,15.0,18.0,0.0,58.0,88.0,23.0,0.0,0.0,26.0,19.0
27.0,0.0,0.0,0.0,0.0,0.0,0.0,0.0,0.0,0.0,0.0,0.0,0.0,0.0,0.0,0.0,0.0,0.0,0.0,0.0,0.0
28.0,2.0,4.0,0.5,87.0,0.0,87.0,0.0,93.0,0.0,0.0,87.0,0.0,0.0,0.0,0.0,0.0,0.0,0.0,6.0,0.0
29.0,376.0,954.0,0.3941299790356394,2.0,0.0,2.0,0.0,36.0,0.0,0.0,0.0,2.0,0.0,0.0,0.0,0.0,0.0,0.0,18.0,16.0
30.0,469.0,868.0,0.5403225806451613,120.0,16.0,8.0,96.0,193.0,16.0,0.0,0.0,8.0,51.0,0.0,34.0,11.0,0.0,0.0,40.0,33.0
31.0,355.0,688.0,0.5159883720930233,259.0,79.0,88.0,92.0,307.0,6.0,73.0,88.0,0.0,49.0,0.0,0.0,43.0,0.0,0.0,27.0,21.0
32.0,182.0,409.0,0.4449877750611247,2.0,0.0,2.0,0.0,27.0,0.0,0.0,0.0,2.0,0.0,0.0,0.0,0.0,0.0,0.0,13.0,12.0
33.0,263.0,510.0,0.515686274509804,14.0,0.0,13.0,1.0,45.0,0.0,0.0,0.0,13.0,1.0,0.0,0.0,0.0,0.0,0.0,17.0,14.0
34.0,324.0,730.0,0.4438356164383562,25.0,3.0,16.0,6.0,66.0,3.0,0.0,16.0,0.0,6.0,0.0,0.0,0.0,0.0,0.0,22.0,19.0
35.0,454.0,943.0,0.4814422057264051,0.0,0.0,0.0,0.0,60.0,0.0,0.0,0.0,0.0,0.0,0.0,0.0,0.0,0.0,0.0,32.0,28.0
36.0,126.0,255.0,0.49411764705882355,9.0,0.0,9.0,0.0,28.0,0.0,0.0,2.0,7.0,0.0,0.0,0.0,0.0,0.0,0.0,10.0,9.0
37.0,0.0,0.0,0.0,130.0,0.0,117.0,13.0,130.0,0.0,0.0,0.0,117.0,0.0,0.0,0.0,13.0,0.0,0.0,0.0,0.0
38.0,0.0,0.0,0.0,1616.0,0.0,1585.0,31.0,1915.0,0.0,0.0,1585.0,0.0,0.0,27.0,4.0,0.0,0.0,0.0,299.0,0.0
39.0,97.0,246.0,0.3943089430894309,169.0,21.0,0.0,148.0,184.0,21.0,0.0,0.0,0.0,0.0,0.0,4.0,144.0,0.0,0.0,10.0,5.0
40.0,473.0,875.0,0.5405714285714286,332.0,47.0,20.0,265.0,416.0,45.0,2.0,0.0,20.0,72.0,100.0,30.0,63.0,0.0,0.0,48.0,36.0
41.0,175.0,325.0,0.5384615384615384,422.0,259.0,0.0,163.0,454.0,259.0,0.0,0.0,0.0,14.0,0.0,28.0,121.0,0.0,0.0,20.0,12.0
42.0,106.0,196.0,0.5408163265306123,90.0,0.0,0.0,90.0,106.0,0.0,0.0,0.0,0.0,4.0,0.0,0.0,86.0,0.0,0.0,9.0,7.0
43.0,312.0,648.0,0.48148148148148145,96.0,0.0,2.0,94.0,139.0,0.0,0.0,0.0,2.0,0.0,48.0,46.0,0.0,0.0,0.0,24.0,19.0
44.0,161.0,389.0,0.4138817480719794,0.0,0.0,0.0,0.0,27.0,0.0,0.0,0.0,0.0,0.0,0.0,0.0,0.0,0.0,0.0,15.0,12.0
45.0,145.0,351.0,0.4131054131054131,49.0,0.0,0.0,49.0,61.0,0.0,0.0,0.0,0.0,45.0,0.0,4.0,0.0,0.0,0.0,7.0,5.0
46.0,0.0,0.0,0.0,0.0,0.0,0.0,0.0,0.0,0.0,0.0,0.0,0.0,0.0,0.0,0.0,0.0,0.0,0.0,0.0,0.0
47.0,3.0,8.0,0.375,0.0,0.0,0.0,0.0,0.0,0.0,0.0,0.0,0.0,0.0,0.0,0.0,0.0,0.0,0.0,0.0,0.0
48.0,14.0,34.0,0.4117647058823529,0.0,0.0,0.0,0.0,1.0,0.0,0.0,0.0,0.0,0.0,0.0,0.0,0.0,0.0,0.0,1.0,0.0
49.0,0.0,0.0,0.0,128.0,120.0,0.0,8.0,133.0,91.0,29.0,0.0,0.0,0.0,4.0,0.0,4.0,0.0,0.0,5.0,0.0
50.0,5.0,13.0,0.38461538461538464,312.0,1.0,52.0,259.0,873.0,1.0,0.0,13.0,39.0,41.0,159.0,54.0,5.0,0.0,0.0,561.0,0.0
51.0,9.0,18.0,0.5,94.0,0.0,49.0,45.0,109.0,0.0,0.0,12.0,37.0,31.0,0.0,14.0,0.0,0.0,0.0,15.0,0.0
52.0,81.0,147.0,0.5510204081632653,2048.0,0.0,241.0,1807.0,2096.0,0.0,0.0,241.0,0.0,0.0,0.0,28.0,1779.0,0.0,0.0,43.0,5.0
53.0,390.0,705.0,0.5531914893617021,1571.0,389.0,68.0,1114.0,1646.0,349.0,40.0,7.0,61.0,79.0,420.0,72.0,543.0,0.0,0.0,52.0,23.0
54.0,227.0,563.0,0.40319715808170514,752.0,59.0,21.0,672.0,801.0,15.0,44.0,20.0,1.0,113.0,272.0,87.0,200.0,0.0,0.0,32.0,17.0
55.0,265.0,658.0,0.4027355623100304,270.0,0.0,1.0,269.0,310.0,0.0,0.0,1.0,0.0,4.0,247.0,0.0,18.0,0.0,0.0,24.0,16.0
56.0,62.0,150.0,0.41333333333333333,0.0,0.0,0.0,0.0,7.0,0.0,0.0,0.0,0.0,0.0,0.0,0.0,0.0,0.0,0.0,4.0,3.0
57.0,83.0,201.0,0.4129353233830846,0.0,0.0,0.0,0.0,16.0,0.0,0.0,0.0,0.0,0.0,0.0,0.0,0.0,0.0,0.0,9.0,7.0
58.0,0.0,0.0,0.0,92.0,0.0,92.0,0.0,116.0,0.0,0.0,92.0,0.0,0.0,0.0,0.0,0.0,0.0,0.0,24.0,0.0
59.0,0.0,0.0,0.0,0.0,0.0,0.0,0.0,0.0,0.0,0.0,0.0,0.0,0.0,0.0,0.0,0.0,0.0,0.0,0.0,0.0
60.0,0.0,0.0,0.0,0.0,0.0,0.0,0.0,0.0,0.0,0.0,0.0,0.0,0.0,0.0,0.0,0.0,0.0,0.0,0.0,0.0
61.0,416.0,1147.0,0.36268526591107236,0.0,0.0,0.0,0.0,46.0,0.0,0.0,0.0,0.0,0.0,0.0,0.0,0.0,0.0,0.0,25.0,21.0
62.0,327.0,904.0,0.36172566371681414,18.0,2.0,0.0,16.0,61.0,2.0,0.0,0.0,0.0,0.0,0.0,0.0,16.0,0.0,0.0,24.0,19.0
63.0,31.0,68.0,0.45588235294117646,252.0,0.0,0.0,252.0,260.0,0.0,0.0,0.0,0.0,0.0,252.0,0.0,0.0,0.0,0.0,6.0,2.0
64.0,359.0,989.0,0.36299292214357937,156.0,76.0,0.0,80.0,204.0,0.0,76.0,0.0,0.0,0.0,0.0,55.0,25.0,0.0,0.0,27.0,21.0
65.0,443.0,977.0,0.4534288638689867,86.0,52.0,0.0,34.0,148.0,52.0,0.0,0.0,0.0,0.0,6.0,1.0,27.0,0.0,0.0,34.0,28.0
66.0,222.0,381.0,0.5826771653543307,140.0,86.0,0.0,54.0,179.0,64.0,22.0,0.0,0.0,0.0,0.0,9.0,45.0,0.0,0.0,22.0,17.0
67.0,220.0,545.0,0.4036697247706422,153.0,103.0,0.0,50.0,189.0,103.0,0.0,0.0,0.0,4.0,0.0,1.0,45.0,0.0,0.0,20.0,16.0
68.0,275.0,681.0,0.40381791483113066,49.0,0.0,1.0,48.0,90.0,0.0,0.0,0.0,1.0,0.0,0.0,28.0,20.0,0.0,0.0,22.0,19.0
69.0,47.0,116.0,0.4051724137931034,25.0,0.0,0.0,25.0,31.0,0.0,0.0,0.0,0.0,0.0,0.0,0.0,25.0,0.0,0.0,4.0,2.0
70.0,166.0,287.0,0.578397212543554,29.0,0.0,0.0,29.0,49.0,0.0,0.0,0.0,0.0,10.0,0.0,1.0,18.0,0.0,0.0,11.0,9.0
71.0,0.0,0.0,0.0,0.0,0.0,0.0,0.0,0.0,0.0,0.0,0.0,0.0,0.0,0.0,0.0,0.0,0.0,0.0,0.0,0.0
72.0,149.0,368.0,0.4048913043478261,100.0,2.0,4.0,94.0,120.0,2.0,0.0,0.0,4.0,0.0,0.0,5.0,89.0,0.0,0.0,11.0,9.0
73.0,5.0,14.0,0.35714285714285715,1.0,0.0,0.0,1.0,2.0,0.0,0.0,0.0,0.0,1.0,0.0,0.0,0.0,0.0,0.0,1.0,0.0
74.0,0.0,0.0,0.0,0.0,0.0,0.0,0.0,0.0,0.0,0.0,0.0,0.0,0.0,0.0,0.0,0.0,0.0,0.0,0.0,0.0
75.0,213.0,588.0,0.3622448979591837,197.0,19.0,0.0,178.0,228.0,6.0,13.0,0.0,0.0,0.0,52.0,108.0,18.0,0.0,0.0,19.0,12.0
76.0,140.0,387.0,0.36175710594315247,8.0,0.0,0.0,8.0,24.0,0.0,0.0,0.0,0.0,0.0,0.0,6.0,2.0,0.0,0.0,9.0,7.0
77.0,125.0,343.0,0.36443148688046645,909.0,0.0,42.0,867.0,953.0,0.0,0.0,42.0,0.0,1.0,197.0,658.0,11.0,0.0,0.0,30.0,14.0
78.0,682.0,1460.0,0.4671232876712329,210.0,117.0,2.0,91.0,310.0,81.0,36.0,0.0,2.0,1.0,0.0,11.0,79.0,0.0,0.0,55.0,45.0
79.0,66.0,141.0,0.46808510638297873,406.0,183.0,0.0,223.0,427.0,75.0,108.0,0.0,0.0,17.0,72.0,109.0,25.0,0.0,0.0,14.0,7.0
80.0,260.0,555.0,0.46846846846846846,316.0,120.0,0.0,196.0,354.0,36.0,84.0,0.0,0.0,27.0,149.0,0.0,20.0,0.0,0.0,22.0,16.0
81.0,38.0,64.0,0.59375,193.0,0.0,0.0,193.0,213.0,0.0,0.0,0.0,0.0,0.0,72.0,0.0,121.0,0.0,0.0,13.0,7.0
82.0,546.0,941.0,0.5802337938363443,457.0,132.0,12.0,313.0,551.0,63.0,69.0,4.0,8.0,59.0,19.0,80.0,155.0,0.0,0.0,54.0,40.0
83.0,0.0,0.0,0.0,219.0,205.0,0.0,14.0,223.0,93.0,112.0,0.0,0.0,0.0,0.0,0.0,14.0,0.0,0.0,4.0,0.0
84.0,0.0,0.0,0.0,278.0,151.0,4.0,123.0,282.0,108.0,43.0,0.0,4.0,8.0,82.0,15.0,18.0,0.0,0.0,4.0,0.0
85.0,68.0,178.0,0.38202247191011235,165.0,4.0,20.0,141.0,175.0,4.0,0.0,0.0,20.0,6.0,0.0,84.0,51.0,0.0,0.0,7.0,3.0
86.0,2.0,4.0,0.5,80.0,80.0,0.0,0.0,80.0,53.0,27.0,0.0,0.0,0.0,0.0,0.0,0.0,0.0,0.0,0.0,0.0
87.0,0.0,0.0,0.0,0.0,0.0,0.0,0.0,0.0,0.0,0.0,0.0,0.0,0.0,0.0,0.0,0.0,0.0,0.0,0.0,0.0
88.0,5.0,13.0,0.38461538461538464,0.0,0.0,0.0,0.0,29.0,0.0,0.0,0.0,0.0,0.0,0.0,0.0,0.0,29.0,0.0,0.0,0.0
89.0,109.0,287.0,0.3797909407665505,336.0,282.0,9.0,45.0,349.0,4.0,278.0,0.0,9.0,0.0,0.0,0.0,45.0,0.0,0.0,10.0,3.0
90.0,87.0,228.0,0.3815789473684211,1029.0,723.0,22.0,284.0,1054.0,631.0,92.0,22.0,0.0,207.0,66.0,0.0,11.0,0.0,0.0,20.0,5.0
91.0,329.0,867.0,0.37946943483275664,185.0,0.0,4.0,181.0,232.0,0.0,0.0,0.0,4.0,151.0,0.0,3.0,27.0,0.0,0.0,26.0,21.0
92.0,343.0,904.0,0.37942477876106195,85.0,0.0,11.0,74.0,126.0,0.0,0.0,9.0,2.0,14.0,0.0,23.0,37.0,0.0,0.0,22.0,19.0
93.0,0.0,0.0,0.0,0.0,0.0,0.0,0.0,0.0,0.0,0.0,0.0,0.0,0.0,0.0,0.0,0.0,0.0,0.0,0.0,0.0
94.0,35.0,96.0,0.3645833333333333,10.0,0.0,9.0,1.0,15.0,0.0,0.0,0.0,9.0,1.0,0.0,0.0,0.0,0.0,0.0,3.0,2.0
95.0,404.0,1123.0,0.3597506678539626,144.0,52.0,3.0,89.0,199.0,0.0,52.0,0.0,3.0,6.0,14.0,31.0,38.0,0.0,0.0,31.0,24.0
96.0,400.0,1054.0,0.3795066413662239,56.0,37.0,0.0,19.0,120.0,20.0,17.0,0.0,0.0,0.0,0.0,11.0,8.0,0.0,0.0,34.0,30.0
97.0,0.0,0.0,0.0,0.0,0.0,0.0,0.0,0.0,0.0,0.0,0.0,0.0,0.0,0.0,0.0,0.0,0.0,0.0,0.0,0.0
98.0,0.0,0.0,0.0,0.0,0.0,0.0,0.0,0.0,0.0,0.0,0.0,0.0,0.0,0.0,0.0,0.0,0.0,0.0,0.0,0.0
99.0,0.0,0.0,0.0,0.0,0.0,0.0,0.0,0.0,0.0,0.0,0.0,0.0,0.0,0.0,0.0,0.0,0.0,0.0,0.0,0.0
100.0,33.0,76.0,0.4342105263157895,2.0,0.0,0.0,2.0,6.0,0.0,0.0,0.0,0.0,0.0,0.0,2.0,0.0,0.0,0.0,2.0,2.0
101.0,733.0,1705.0,0.4299120234604106,132.0,16.0,9.0,107.0,242.0,2.0,14.0,0.0,9.0,6.0,21.0,29.0,51.0,0.0,15.0,52.0,43.0
102.0,0.0,0.0,0.0,0.0,0.0,0.0,0.0,0.0,0.0,0.0,0.0,0.0,0.0,0.0,0.0,0.0,0.0,0.0,0.0,0.0
103.0,364.0,846.0,0.4302600472813239,13.0,0.0,9.0,4.0,56.0,0.0,0.0,0.0,9.0,0.0,0.0,2.0,2.0,0.0,0.0,24.0,19.0
104.0,109.0,254.0,0.42913385826771655,151.0,0.0,2.0,149.0,168.0,0.0,0.0,2.0,0.0,0.0,149.0,0.0,0.0,0.0,0.0,10.0,7.0
105.0,45.0,99.0,0.45454545454545453,11.0,6.0,0.0,5.0,18.0,0.0,6.0,0.0,0.0,0.0,0.0,0.0,5.0,0.0,0.0,4.0,3.0
106.0,12.0,28.0,0.42857142857142855,12.0,12.0,0.0,0.0,546.0,12.0,0.0,0.0,0.0,0.0,0.0,0.0,0.0,530.0,0.0,2.0,2.0
107.0,0.0,0.0,0.0,0.0,0.0,0.0,0.0,0.0,0.0,0.0,0.0,0.0,0.0,0.0,0.0,0.0,0.0,0.0,0.0,0.0
108.0,16.0,34.0,0.47058823529411764,0.0,0.0,0.0,0.0,1.0,0.0,0.0,0.0,0.0,0.0,0.0,0.0,0.0,0.0,0.0,1.0,0.0
109.0,0.0,0.0,0.0,16.0,0.0,0.0,16.0,16.0,0.0,0.0,0.0,0.0,0.0,16.0,0.0,0.0,0.0,0.0,0.0,0.0
110.0,3.0,7.0,0.42857142857142855,0.0,0.0,0.0,0.0,0.0,0.0,0.0,0.0,0.0,0.0,0.0,0.0,0.0,0.0,0.0,0.0,0.0
111.0,0.0,0.0,0.0,0.0,0.0,0.0,0.0,0.0,0.0,0.0,0.0,0.0,0.0,0.0,0.0,0.0,0.0,0.0,0.0,0.0
112.0,0.0,0.0,0.0,0.0,0.0,0.0,0.0,0.0,0.0,0.0,0.0,0.0,0.0,0.0,0.0,0.0,0.0,0.0,0.0,0.0
113.0,42.0,91.0,0.46153846153846156,0.0,0.0,0.0,0.0,9.0,0.0,0.0,0.0,0.0,0.0,0.0,0.0,0.0,0.0,0.0,7.0,2.0
114.0,54.0,122.0,0.4426229508196721,2.0,0.0,2.0,0.0,9.0,0.0,0.0,0.0,2.0,0.0,0.0,0.0,0.0,0.0,0.0,4.0,3.0
115.0,0.0,0.0,0.0,72.0,72.0,0.0,0.0,73.0,72.0,0.0,0.0,0.0,0.0,0.0,0.0,0.0,0.0,0.0,1.0,0.0
116.0,0.0,0.0,0.0,49.0,0.0,49.0,0.0,49.0,0.0,0.0,49.0,0.0,0.0,0.0,0.0,0.0,0.0,0.0,0.0,0.0
117.0,33.0,72.0,0.4583333333333333,28.0,28.0,0.0,0.0,61.0,27.0,1.0,0.0,0.0,0.0,0.0,0.0,0.0,0.0,0.0,31.0,2.0
118.0,7.0,16.0,0.4375,0.0,0.0,0.0,0.0,0.0,0.0,0.0,0.0,0.0,0.0,0.0,0.0,0.0,0.0,0.0,0.0,0.0
119.0,0.0,0.0,0.0,46.0,0.0,0.0,46.0,47.0,0.0,0.0,0.0,0.0,0.0,46.0,0.0,0.0,0.0,0.0,1.0,0.0
120.0,38.0,83.0,0.4578313253012048,4.0,2.0,0.0,2.0,31.0,2.0,0.0,0.0,0.0,0.0,0.0,0.0,2.0,0.0,0.0,25.0,2.0
121.0,78.0,171.0,0.45614035087719296,4.0,0.0,2.0,2.0,23.0,0.0,0.0,0.0,2.0,0.0,0.0,0.0,2.0,0.0,11.0,5.0,3.0
122.0,24.0,55.0,0.43636363636363634,2.0,0.0,2.0,0.0,6.0,0.0,0.0,2.0,0.0,0.0,0.0,0.0,0.0,0.0,0.0,2.0,2.0
123.0,0.0,0.0,0.0,0.0,0.0,0.0,0.0,0.0,0.0,0.0,0.0,0.0,0.0,0.0,0.0,0.0,0.0,0.0,0.0,0.0
124.0,118.0,259.0,0.4555984555984556,2.0,0.0,0.0,2.0,18.0,0.0,0.0,0.0,0.0,0.0,0.0,0.0,2.0,0.0,0.0,9.0,7.0
125.0,104.0,229.0,0.45414847161572053,88.0,0.0,0.0,88.0,104.0,0.0,0.0,0.0,0.0,17.0,71.0,0.0,0.0,0.0,0.0,9.0,7.0
126.0,303.0,691.0,0.4384949348769899,11.0,0.0,10.0,1.0,51.0,0.0,0.0,8.0,2.0,0.0,0.0,1.0,0.0,0.0,0.0,21.0,19.0
127.0,35.0,76.0,0.4605263157894737,0.0,0.0,0.0,0.0,22.0,0.0,0.0,0.0,0.0,0.0,0.0,0.0,0.0,0.0,0.0,12.0,10.0
128.0,139.0,305.0,0.4557377049180328,11.0,0.0,9.0,2.0,23.0,0.0,0.0,0.0,9.0,0.0,0.0,0.0,2.0,0.0,0.0,7.0,5.0
129.0,114.0,251.0,0.4541832669322709,3.0,0.0,0.0,3.0,6.0,0.0,0.0,0.0,0.0,3.0,0.0,0.0,0.0,0.0,0.0,1.0,2.0
130.0,78.0,178.0,0.43820224719101125,1.0,0.0,1.0,0.0,16.0,0.0,0.0,1.0,0.0,0.0,0.0,0.0,0.0,0.0,0.0,8.0,7.0
131.0,189.0,430.0,0.43953488372093025,3.0,0.0,2.0,1.0,17.0,0.0,0.0,2.0,0.0,0.0,0.0,0.0,1.0,0.0,0.0,7.0,7.0
132.0,55.0,126.0,0.4365079365079365,5.0,1.0,4.0,0.0,156.0,1.0,0.0,4.0,0.0,0.0,0.0,0.0,0.0,144.0,0.0,4.0,3.0
133.0,291.0,641.0,0.4539781591263651,9.0,0.0,0.0,9.0,44.0,0.0,0.0,0.0,0.0,4.0,0.0,0.0,5.0,0.0,0.0,19.0,16.0
134.0,3.0,7.0,0.42857142857142855,0.0,0.0,0.0,0.0,7.0,0.0,0.0,0.0,0.0,0.0,0.0,0.0,0.0,6.0,0.0,1.0,0.0
135.0,10.0,22.0,0.45454545454545453,7.0,0.0,7.0,0.0,7.0,0.0,0.0,0.0,7.0,0.0,0.0,0.0,0.0,0.0,0.0,0.0,0.0
136.0,258.0,588.0,0.4387755102040816,51.0,11.0,9.0,31.0,86.0,11.0,0.0,0.0,9.0,14.0,0.0,0.0,17.0,0.0,0.0,19.0,16.0
137.0,7.0,14.0,0.5,52.0,0.0,52.0,0.0,53.0,0.0,0.0,0.0,52.0,0.0,0.0,0.0,0.0,0.0,0.0,1.0,0.0
138.0,255.0,560.0,0.45535714285714285,79.0,0.0,14.0,65.0,123.0,0.0,0.0,14.0,0.0,41.0,0.0,4.0,20.0,0.0,0.0,28.0,16.0
139.0,69.0,158.0,0.43670886075949367,16.0,0.0,0.0,16.0,73.0,0.0,0.0,0.0,0.0,0.0,16.0,0.0,0.0,0.0,49.0,5.0,3.0
140.0,5.0,11.0,0.45454545454545453,0.0,0.0,0.0,0.0,1.0,0.0,0.0,0.0,0.0,0.0,0.0,0.0,0.0,0.0,0.0,1.0,0.0
141.0,0.0,0.0,0.0,0.0,0.0,0.0,0.0,0.0,0.0,0.0,0.0,0.0,0.0,0.0,0.0,0.0,0.0,0.0,0.0,0.0
142.0,0.0,0.0,0.0,0.0,0.0,0.0,0.0,0.0,0.0,0.0,0.0,0.0,0.0,0.0,0.0,0.0,0.0,0.0,0.0,0.0
143.0,95.0,209.0,0.45454545454545453,129.0,49.0,80.0,0.0,204.0,49.0,0.0,17.0,63.0,0.0,0.0,0.0,0.0,0.0,0.0,68.0,7.0
144.0,0.0,0.0,0.0,0.0,0.0,0.0,0.0,0.0,0.0,0.0,0.0,0.0,0.0,0.0,0.0,0.0,0.0,0.0,0.0,0.0
145.0,24.0,49.0,0.4897959183673469,0.0,0.0,0.0,0.0,4.0,0.0,0.0,0.0,0.0,0.0,0.0,0.0,0.0,0.0,0.0,2.0,2.0
146.0,0.0,0.0,0.0,0.0,0.0,0.0,0.0,0.0,0.0,0.0,0.0,0.0,0.0,0.0,0.0,0.0,0.0,0.0,0.0,0.0
147.0,0.0,0.0,0.0,0.0,0.0,0.0,0.0,0.0,0.0,0.0,0.0,0.0,0.0,0.0,0.0,0.0,0.0,0.0,0.0,0.0
148.0,0.0,0.0,0.0,0.0,0.0,0.0,0.0,0.0,0.0,0.0,0.0,0.0,0.0,0.0,0.0,0.0,0.0,0.0,0.0,0.0
149.0,0.0,0.0,0.0,0.0,0.0,0.0,0.0,0.0,0.0,0.0,0.0,0.0,0.0,0.0,0.0,0.0,0.0,0.0,0.0,0.0
150.0,759.0,2268.0,0.33465608465608465,192.0,66.0,5.0,121.0,272.0,36.0,30.0,1.0,4.0,14.0,61.0,13.0,33.0,0.0,0.0,44.0,36.0
151.0,55.0,166.0,0.3313253012048193,29.0,0.0,29.0,0.0,34.0,0.0,0.0,29.0,0.0,0.0,0.0,0.0,0.0,0.0,0.0,3.0,2.0
152.0,5.0,12.0,0.4166666666666667,0.0,0.0,0.0,0.0,0.0,0.0,0.0,0.0,0.0,0.0,0.0,0.0,0.0,0.0,0.0,0.0,0.0
153.0,0.0,0.0,0.0,0.0,0.0,0.0,0.0,0.0,0.0,0.0,0.0,0.0,0.0,0.0,0.0,0.0,0.0,0.0,0.0,0.0
582.0,402.1666666666667,1093.6983490051905,0.3677126028694024,0.0,0.0,0.0,0.0,93.70017838632988,0.0,0.0,0.0,0.0,0.0,0.0,0.0,0.0,57.45105386794833,0.0,16.5762198741095,19.672904644272037
583.0,2259.0,6191.107579846557,0.36487816935269407,0.0,0.0,0.0,0.0,227.54936723521405,0.0,0.0,0.0,0.0,0.0,0.0,0.0,0.0,23.516954161472366,0.0,93.16430603201508,110.8681070417266
584.0,803.1666666666666,2352.9380315458047,0.3413462895744058,64.83333333333334,8.5,2.666666666666667,53.66666666666667,143.83533487199094,8.5,0.0,1.5,1.1666666666666667,7.166666666666667,6.333333333333333,7.666666666666667,32.5,3.023739677260439,0.0,36.46592106073789,39.51234080065928
585.0,1660.1666666666667,4768.425200806675,0.3481582696077137,126.83333333333331,12.166666666666666,4.333333333333333,110.33333333333331,292.3182459829495,12.166666666666666,0.0,3.1666666666666665,1.1666666666666667,23.83333333333333,11.5,14.666666666666666,60.333333333333336,4.199740600943273,0.0,79.92681919882675,81.35835284984613
586.0,567.1666666666666,1494.4361278205863,0.37951884065717495,0.0,0.0,0.0,0.0,65.19373466977272,0.0,0.0,0.0,0.0,0.0,0.0,0.0,0.0,13.775222726512652,0.0,23.409298887000585,28.009213056259487
587.0,855.1666666666666,2445.794109287666,0.3496478560559346,59.16666666666667,6.333333333333333,2.6666666666666665,50.16666666666667,208.88131624367637,6.333333333333333,0.0,2.1666666666666665,0.5,9.666666666666666,5.666666666666667,7.166666666666667,27.666666666666668,1.0079132257534795,0.0,106.69329705980024,42.01343929145596
588.0,506.5,1471.4251849690347,0.34422409319482933,103.16666666666669,4.0,31.833333333333336,67.33333333333334,165.20123681204828,4.0,0.0,2.6666666666666665,29.166666666666668,39.333333333333336,1.0,6.833333333333333,20.166666666666668,1.680059531220375,0.0,35.34612598967091,25.00838462449033
589.0,817.1666666666666,2305.864507426173,0.3543862460413147,0.0,0.0,0.0,0.0,73.71832961825996,0.0,0.0,0.0,0.0,0.0,0.0,0.0,0.0,0.0,0.0,33.70541428311688,40.01291533514308
590.0,742.3333333333334,2170.425265201455,0.3420220660140681,0.0,0.0,0.0,0.0,66.95505255161939,0.0,0.0,0.0,0.0,0.0,0.0,0.0,0.0,0.0,0.0,30.609869060659747,36.34518349095965
591.0,612.6666666666666,1779.013146169038,0.34438568820359483,0.0,0.0,0.0,0.0,55.2747338298332,0.0,0.0,0.0,0.0,0.0,0.0,0.0,0.0,0.0,0.0,25.265098069268323,30.00963576056488
592.0,538.3333333333334,1392.1891855751082,0.38668116295627586,0.0,0.0,0.0,0.0,50.72696560329148,0.0,0.0,0.0,0.0,0.0,0.0,0.0,0.0,2.015826451506959,0.0,22.2027204398504,26.50841871193412
593.0,666.3333333333334,1875.4563814848525,0.3552912986468809,101.0,0.5,0.1666666666666666,100.33333333333331,168.3464176744106,0.5,0.0,0.0,0.1666666666666666,0.1666666666666666,90.83333333333331,1.8333333333333333,7.5,3.023739677260439,0.0,31.64541193901118,32.677266058139004
594.0,478.3333333333333,1326.0049075787183,0.3607327021185531,525.5,10.5,24.0,491.0,591.4116370714773,8.666666666666666,1.8333333333333333,3.0,21.0,51.833333333333336,70.83333333333333,91.5,276.8333333333333,1.0079132257534795,0.0,41.39621810100391,23.50750574472001
595.0,697.3333333333334,1882.0872041939876,0.37051063934732476,246.0,4.833333333333333,8.5,232.66666666666663,340.2188731837444,4.833333333333333,0.0,2.1666666666666665,6.333333333333333,13.5,165.0,10.666666666666666,43.5,1.0079132257534795,0.0,59.03342341611332,34.17753654187762
596.0,446.8333333333333,1107.953388991413,0.4032961474490299,121.83333333333331,21.33333333333333,4.5,96.0,184.9190510565864,21.33333333333333,0.0,2.333333333333333,2.1666666666666665,13.0,9.666666666666666,12.833333333333334,60.5,1.0079132257534795,0.0,40.0707382730853,22.00706622441424
597.0,578.0,1454.3086142740358,0.3974397141892246,0.0,0.0,0.0,0.0,56.2035136623426,0.0,0.0,0.0,0.0,0.0,0.0,0.0,0.0,4.031652903013918,0.0,23.829635356326605,28.342225403002075
598.0,2537.1666666666665,6875.726929976326,0.3690034075677584,116.66666666666669,15.833333333333334,4.0,96.83333333333334,367.0227569624148,15.833333333333334,0.0,3.0,1.0,18.666666666666668,11.166666666666666,13.833333333333334,53.16666666666666,5.039566128767398,0.0,120.60967484549188,124.70684932148886
599.0,1947.3333333333333,5477.279386231009,0.35552930497367236,119.5,2.333333333333333,9.5,107.66666666666669,334.48724195111004,2.333333333333333,0.0,0.5,9.0,4.0,2.333333333333333,13.833333333333334,87.5,6.047479354520878,0.0,113.57564549308114,95.364117103508
600.0,356.3333333333333,884.3712165202388,0.4029228073878393,2272.333333333333,555.6666666666666,107.66666666666669,1609.0,2524.3992029877954,420.5,135.16666666666666,62.333333333333336,45.333333333333336,342.1666666666667,166.5,256.5,843.8333333333334,18.142438063562636,0.0,216.25103418637744,17.6723974045217
601.0,428.6666666666667,1084.2039847500764,0.3953745537704144,66.66666666666666,12.0,3.833333333333333,50.83333333333333,125.77118343699966,12.0,0.0,2.5,1.3333333333333333,10.5,9.833333333333334,10.166666666666666,20.33333333333333,1.0079132257534795,0.0,37.08985851218409,21.00674503239541
602.0,643.5,2015.1546751803007,0.31933032631474034,0.0,0.0,0.0,0.0,64.2658012907561,0.0,0.0,0.0,0.0,0.0,0.0,0.0,0.0,6.047479354520878,0.0,26.541292699162582,31.677029237072635
603.0,424.8333333333333,1210.589861706078,0.3509308534391804,12.999999999999998,0.1666666666666666,0.1666666666666666,12.666666666666664,52.06505691565895,0.1666666666666666,0.0,0.0,0.1666666666666666,4.833333333333333,2.0,1.5,4.333333333333333,0.0,0.0,18.05831188326354,21.00674503239541
604.0,932.1666666666666,1796.320367422573,0.5189311904335716,0.0,0.0,0.0,0.0,84.305273566666,0.0,0.0,0.0,0.0,0.0,0.0,0.0,0.0,0.0,0.0,38.45694584063988,45.84832772602612
605.0,1601.8333333333333,3130.8172542589746,0.5116342485829526,373.6666666666666,19.83333333333333,16.666666666666668,337.16666666666663,534.0739538383594,16.333333333333332,3.5,3.8333333333333335,12.833333333333334,40.0,9.0,54.66666666666666,233.5,0.1676792223572296,0.0,81.54724612659072,78.69236182274491
606.0,342.6666666666667,916.3316865194344,0.3739548372142854,0.0,0.0,0.0,0.0,31.13753183768084,0.0,0.0,0.0,0.0,0.0,0.0,0.0,0.0,0.0,0.0,14.132071573360742,17.005460264320096
607.0,309.0,739.604825867987,0.4177906757671073,13.166666666666668,0.0,5.166666666666667,8.0,41.45805184457089,0.0,0.0,1.3333333333333333,3.8333333333333335,0.1666666666666666,0.0,1.5,6.333333333333333,0.0,0.0,13.286567297621785,15.004817880282438
608.0,673.3333333333334,1655.5149123941974,0.4067213942274685,0.0,0.0,0.0,0.0,62.9711032661856,0.0,0.0,0.0,0.0,0.0,0.0,0.0,0.0,2.015826451506959,0.0,27.77779117624519,33.177485638433446
609.0,1050.0,3643.1297777446994,0.288213723928882,840.3333333333333,154.5,47.66666666666666,638.1666666666666,972.14161047165,84.33333333333333,70.16666666666667,15.166666666666666,32.5,58.333333333333336,109.16666666666669,46.16666666666666,424.5,0.0,0.0,80.12502685954449,51.68325027877199
610.0,466.5,1088.5262674256105,0.42856108663623077,2076.5,581.8333333333334,75.83333333333333,1418.8333333333337,2205.376993897924,403.1666666666667,178.66666666666666,12.833333333333334,63.0,127.66666666666669,283.5,137.5,870.1666666666666,1.0079132257534795,0.0,104.86169325573742,23.007387416433076
611.0,384.0,1038.6989300502105,0.36969326615310705,200.0,27.5,4.166666666666667,168.33333333333334,243.092146729566,27.5,0.0,0.1666666666666666,4.0,17.166666666666668,63.0,10.166666666666666,78.0,0.0,0.0,24.086044081208232,19.006102648357757
612.0,493.6666666666667,1256.3739084315098,0.39292973481355814,95.83333333333331,5.666666666666667,7.833333333333334,82.33333333333333,144.1547460194773,5.666666666666667,0.0,0.6666666666666666,7.166666666666667,8.5,9.166666666666666,7.5,57.16666666666666,0.0,0.0,24.31370407769208,24.007708608451896
613.0,346.3333333333333,951.4967572935848,0.3639879281548324,401.83333333333337,46.833333333333336,21.333333333333336,333.6666666666667,477.290289040544,46.833333333333336,0.0,14.333333333333334,7.0,62.5,48.0,41.833333333333336,181.33333333333331,2.5198850590445,0.0,56.09846295787071,16.83860769029535
614.0,932.6666666666666,2590.8080669672568,0.359990644833226,219.83333333333331,8.5,10.833333333333332,200.5,412.2121530729813,2.833333333333333,5.666666666666667,5.333333333333333,5.5,14.0,4.333333333333333,77.33333333333333,104.83333333333331,0.0,0.0,146.53079606430663,45.84802367534139
615.0,215.16666666666663,558.6762154408221,0.3851366153056827,2082.5,841.8333333333334,66.33333333333333,1174.3333333333333,2206.09861104834,686.8333333333334,155.0,9.333333333333334,57.0,116.16666666666669,48.66666666666666,174.33333333333334,835.1666666666666,0.0,0.0,112.76182909365754,10.836781954682364
616.0,396.0,1061.156147981785,0.37317787844244527,102.66666666666669,1.1666666666666667,3.0,98.5,142.23895160831114,1.1666666666666667,0.0,0.6666666666666666,2.333333333333333,5.5,55.0,5.166666666666667,32.833333333333336,0.0,0.0,20.56618229328669,19.006102648357757
617.0,516.3333333333334,1281.8930974888988,0.4027896977874201,31.166666666666668,1.1666666666666667,9.833333333333334,20.166666666666668,78.75942086191485,1.1666666666666667,0.0,1.3333333333333333,8.5,0.3333333333333333,1.8333333333333333,1.5,16.5,0.0,0.0,22.584724394777453,25.008029800470727
618.0,1141.8333333333333,3304.99599146652,0.34548705544017,524.3333333333334,10.0,52.83333333333333,461.5,650.0981638583983,9.166666666666666,0.8333333333333334,22.5,30.33333333333333,55.5,28.33333333333333,34.333333333333336,343.3333333333333,1.0079132257534795,0.0,68.73887977292227,56.0180375263893
619.0,2085.833333333333,5862.234052489578,0.35580860720624413,43.66666666666667,1.3333333333333333,2.1666666666666665,40.16666666666667,233.86548983314455,1.3333333333333333,0.0,0.3333333333333333,1.8333333333333333,10.333333333333334,1.1666666666666667,2.0,26.666666666666668,0.0,0.0,87.83274505296026,102.36607811351764
620.0,449.1666666666667,1131.6684231429465,0.3969066004503426,0.0,0.0,0.0,0.0,40.362481104811664,0.0,0.0,0.0,0.0,0.0,0.0,0.0,0.0,0.0,0.0,18.522233692312085,21.84024741249958
621.0,568.0,1380.4946464969637,0.41144672414435857,9.0,0.0,4.0,5.0,60.80561891615989,0.0,0.0,2.833333333333333,1.1666666666666667,1.0,0.1666666666666666,1.1666666666666667,2.6666666666666665,0.0,0.0,23.796625539632668,28.00899337652721
622.0,565.0,1362.285126930638,0.41474430633548826,900.6666666666666,192.5,52.0,656.1666666666666,988.9559865672284,190.5,2.0,5.333333333333333,46.66666666666666,103.83333333333331,106.5,90.33333333333331,355.5,0.0,0.0,60.44707768155925,27.84224221900246
623.0,0.0,0.0,0.0,4090.166666666667,2.6666666666666665,967.3333333333334,3120.166666666667,4258.8600335988485,0.0,2.6666666666666665,967.3333333333334,0.0,1825.6666666666667,486.0,0.0,808.5,0.0,0.0,168.6933669321817,0.0
624.0,659.1666666666666,1683.3970762976162,0.39156933081789985,339.6666666666667,41.16666666666666,21.0,277.5,413.205282574512,40.16666666666666,1.0,2.6666666666666665,18.33333333333333,21.5,65.0,51.833333333333336,139.16666666666666,0.0,0.0,41.19495371142556,32.34366219641976
625.0,562.0,1401.9411343766958,0.4008727515152522,203.16666666666663,1.6666666666666667,15.5,186.0,262.56678425437747,1.6666666666666667,0.0,0.6666666666666666,14.833333333333334,6.0,103.5,14.0,62.5,0.0,0.0,31.55787536870829,27.84224221900246
626.0,0.0,0.0,0.0,829.0,5.0,4.166666666666666,819.8333333333334,863.1894514492133,5.0,0.0,3.1666666666666665,1.0,294.5,424.6666666666667,19.666666666666668,81.0,0.0,0.0,34.1894514492133,0.0
627.0,509.6666666666667,1285.2099400131526,0.3965629667176795,487.0,30.666666666666668,39.83333333333333,416.5,552.7697616506806,25.5,5.166666666666667,19.83333333333333,20.0,34.333333333333336,63.16666666666666,45.16666666666666,273.8333333333333,0.0,0.0,41.09531870070429,24.674442949976267
628.0,0.0,0.0,0.0,4190.333333333334,21.166666666666668,14.333333333333332,4154.833333333334,4363.152474684411,21.166666666666668,0.0,10.666666666666666,3.6666666666666665,1286.3333333333333,2171.833333333333,364.6666666666667,332.0,0.0,0.0,172.8191413510764,0.0
629.0,0.0,0.0,0.0,1898.6666723307305,0.0,425.8333346036708,1472.83333772706,1976.9738420717274,0.0,0.0,425.8333346036708,0.0,0.0,1420.8333375719346,1.1666666701470434,50.83333348497832,0.0,0.0,78.30716974099659,0.0
630.0,0.0,0.0,0.0,5265.666666666667,0.0,310.0,4955.666666666667,5482.821113179734,0.0,0.0,310.0,0.0,375.5,4504.5,2.0,73.66666666666667,0.0,0.0,217.15444651306763,0.0
631.0,0.0,0.0,0.0,8327.0,0.0,252.33333333333331,8074.666666666667,8670.428235805013,0.0,0.0,252.33333333333331,0.0,1118.8333333333333,6770.666666666667,0.0,185.16666666666663,0.0,0.0,343.4282358050125,0.0
632.0,407.0,897.1321101304612,0.4536678549392396,45.0,0.0,0.0,45.0,83.64780121284446,0.0,0.0,0.0,0.0,0.0,1.0,0.6666666666666666,43.333333333333336,0.0,0.0,18.64137737246788,20.006423840376584
633.0,0.0,0.0,0.0,507.4999932810402,0.0,0.16666666446011166,507.3333266165801,528.4262543507393,0.0,0.0,0.16666666446011166,0.0,313.49999584947017,135.49999820607084,3.4999999536623463,54.83333260737676,0.0,0.0,20.92626106969916,0.0
634.0,46.00000142560706,135.8281656732908,0.33866320138822636,14195.000439923744,293.6666757678248,24.83333410295453,13876.500430052965,14784.326602939254,252.50000782534312,41.16666794248167,21.000000650820613,3.833333452133922,839.166692673665,11776.833698314567,508.1666824154925,752.3333566492402,0.0,0.0,587.3255205694701,2.0006424460404824
635.0,571.8333333333334,1638.5862726848484,0.34897969235173426,914.5,73.5,36.5,804.5,1035.9608170373162,72.5,1.0,14.333333333333334,22.166666666666668,150.83333333333334,78.83333333333333,111.33333333333331,463.5,9.071219031781316,0.0,84.3806046290077,28.00899337652721
636.0,1945.8333333333333,5655.655761493756,0.344050878517296,757.3333333333334,20.666666666666668,25.83333333333333,710.8333333333334,976.2380525472132,19.166666666666668,1.5,6.333333333333333,19.5,84.16666666666667,115.5,93.5,417.6666666666667,5.039566128767398,0.0,118.5010698738841,95.3640832112282
637.0,1320.3333333333333,3633.525755966823,0.36337525092952416,101.16666666666669,1.5,3.0,96.66666666666669,238.4826505910811,1.5,0.0,0.6666666666666666,2.333333333333333,4.666666666666667,66.83333333333333,3.1666666666666665,22.0,0.0,0.0,72.62860875824005,64.68737516617438
638.0,1087.0,2865.7379393871524,0.37930893298375307,466.5,42.66666666666667,17.166666666666664,406.6666666666666,639.9603648838512,41.833333333333336,0.8333333333333334,4.0,13.166666666666666,38.0,73.33333333333333,31.0,264.3333333333333,3.023739677260439,0.0,117.08603206015336,53.35059314643737
639.0,3.5,7.777762154792767,0.4500009039030913,139.66666666666666,48.0,2.333333333333333,89.33333333333333,257.51376495531923,6.0,42.0,1.6666666666666667,0.6666666666666666,12.0,4.333333333333333,15.333333333333334,57.66666666666666,0.0,111.936,5.911098288652575,0.0
640.0,0.0,0.0,0.0,0.0,0.0,0.0,0.0,0.0,0.0,0.0,0.0,0.0,0.0,0.0,0.0,0.0,0.0,0.0,0.0,0.0
641.0,615.833341518406,1674.160538013302,0.3678460503251409,66.83333422161863,2.8333333709913124,7.666666768564729,56.33333408206258,129.15756987088156,2.000000026582103,0.8333333444092097,1.5000000199365773,6.166666748628152,12.333333497256303,2.500000033227629,6.000000079746309,35.50000047183233,0.0,0.0,32.148034083229575,30.17620156603337
642.0,691.3333333333334,1875.1456019764448,0.36868248129886705,19.0,0.0,0.0,19.0,87.137558957082,0.0,0.0,0.0,0.0,9.166666666666666,0.3333333333333333,1.3333333333333333,8.166666666666666,0.0,0.0,34.29345724035648,33.844101716725525
643.0,671.0,1643.0703666669742,0.4083817793885158,535.3333333333334,107.0,44.66666666666666,383.6666666666667,618.0956407867212,89.0,18.0,9.5,35.166666666666664,36.16666666666666,85.66666666666667,45.0,216.83333333333331,0.0,0.0,49.75170811676652,33.01059933662136
644.0,447.3333333333333,1042.146748171549,0.42924217162139744,0.0,0.0,0.0,0.0,40.45566269112569,0.0,0.0,0.0,0.0,0.0,0.0,0.0,0.0,0.0,0.0,18.448596466711447,22.00706622441424
645.0,840.8333333333334,2396.0735169407885,0.3509213416819013,580.5,130.5,25.0,425.0,680.107365483135,44.333333333333336,86.16666666666667,10.833333333333334,14.166666666666666,60.5,25.666666666666668,56.333333333333336,282.5,0.0,0.0,58.59419661036305,41.01316887277199
646.0,919.8333333333334,1789.8343897169434,0.513920918392233,2336.5,190.3333333333333,148.5,1997.6666666666667,2515.8023887091194,141.66666666666666,48.66666666666666,18.83333333333333,129.66666666666666,220.5,320.5,283.5,1173.1666666666667,0.0,0.0,134.28793506827208,45.01445364084731
647.0,0.0,0.0,0.0,3766.5,28.666666666666668,713.6666666666666,3024.166666666667,3921.8419896198193,28.666666666666668,0.0,713.5,0.1666666666666666,1904.1666666666667,58.0,0.8333333333333334,1061.1666666666667,0.0,0.0,155.34198961981912,0.0
648.0,552.0,1133.0315687267966,0.4871885437581321,0.0,0.0,0.0,0.0,51.78975335465504,0.0,0.0,0.0,0.0,0.0,0.0,0.0,0.0,2.015826451506959,0.0,22.765254718639696,27.008672184508384
649.0,559.6666666666666,1231.125368088802,0.4545976235836101,24.666666666666668,15.0,1.0,8.666666666666668,75.94061616968868,15.0,0.0,1.0,0.0,0.5,0.6666666666666666,0.8333333333333334,6.666666666666667,0.0,0.0,24.09866130527619,27.175288197745815
650.0,444.1666666666667,981.3503057209884,0.45260766117593637,5.0,0.1666666666666666,2.1666666666666665,2.6666666666666665,45.53130780854885,0.1666666666666666,0.0,0.3333333333333333,1.8333333333333333,0.1666666666666666,0.0,0.5,2.0,0.0,0.0,18.52424158413461,22.00706622441424
651.0,0.0,0.0,0.0,444.5,22.33333333333333,206.5,215.66666666666669,463.8421575296518,22.33333333333333,0.0,56.16666666666666,150.33333333333334,11.0,0.0,37.333333333333336,167.33333333333334,1.0079132257534795,0.0,18.33424430389828,0.0
652.0,36.833333333333336,81.86608618882906,0.44992175695775943,599.5,8.166666666666666,255.83333333333331,335.5,627.7451998514418,8.166666666666666,0.0,161.33333333333334,94.5,12.833333333333334,15.5,199.83333333333331,107.33333333333331,0.0,0.0,26.24455746740416,2.000642384037658
653.0,904.1666666666666,1668.1828818395363,0.5420069205299752,902.0,138.83333333333334,52.0,711.1666666666667,1020.4824062554007,127.5,11.333333333333334,10.5,41.5,89.66666666666667,17.0,166.0,438.5,0.0,0.0,74.46827380657221,44.01413244882848
654.0,634.1666660782093,1313.223196777632,0.4829085167200201,1103.8333323090624,267.6666664182928,49.99999995360389,786.1666659371652,1414.8154793895926,135.99999987380258,131.66666654449023,11.666666655840908,38.333333297762984,153.49999985756395,25.16666664331396,186.83333315996651,420.66666627632077,0.0,0.0,279.9721901567221,31.009956923808875
655.0,693.9999990198767,1952.6632244107586,0.3554120292449816,79.83333322058618,0.33333333286257283,0.0,79.49999988772362,145.75863294143954,0.33333333286257283,0.0,0.0,0.0,0.33333333286257283,54.66666658946193,5.499999992232452,18.999999973166652,0.0,0.0,31.91437924024615,34.0109204806072
656.0,454.0,1370.2203162714509,0.331333577971894,0.0,0.0,0.0,0.0,42.74675401906372,0.0,0.0,0.0,0.0,0.0,0.0,0.0,0.0,2.015826451506959,0.0,18.723861343142516,22.00706622441424
657.0,1.0,1.4752621401915011,0.6778456335022546,4362.0,85.0,2997.1666666666665,1279.8333333333333,4541.932023564273,81.66666666666667,3.333333333333333,2661.6666666666665,335.5,248.5,27.83333333333333,228.33333333333331,775.1666666666666,0.0,0.0,179.93202356427284,0.0
658.0,695.1666666666666,1279.4031428782785,0.5433523206006414,107.33333333333331,22.333333333333336,5.666666666666667,79.33333333333333,174.6023371122283,14.0,8.333333333333334,1.1666666666666667,4.5,17.833333333333332,0.5,17.333333333333332,43.66666666666666,0.0,0.0,33.09101103082048,34.177992748074466
659.0,253.00000001781905,473.64791408422946,0.5341520409880401,655.0000000461324,48.16666667005909,17.16666666787573,589.6666667081976,704.8020858359572,16.83333333451892,31.333333335540168,9.6666666673475,7.500000000528233,38.500000002711595,216.5000000152483,58.000000004084995,276.6666666861526,0.0,0.0,37.46484743291281,12.337238356912097
660.0,672.6666666666666,1253.2245895212093,0.5367486979517828,2243.5000000000005,107.66666666666666,63.66666666666666,2072.166666666667,2396.640217098866,65.0,42.66666666666666,18.0,45.66666666666666,150.16666666666666,419.6666666666667,494.0,1008.3333333333334,0.0,0.0,120.29626753759209,32.84394956127385
661.0,1306.1666666666667,2580.2875056504126,0.5062097397310853,3304.0,446.0,82.0,2776.0,3558.2696727210514,297.3333333333333,148.66666666666666,22.666666666666668,59.333333333333336,878.6666666666666,61.66666666666666,433.6666666666667,1402.0,0.1676792223572296,0.0,190.081622962619,64.02037053607536
662.0,941.0,1844.9829896807405,0.5100318026036829,1390.1666666666667,124.66666666666669,79.33333333333333,1186.1666666666667,1532.3193857338592,122.66666666666669,2.0,5.833333333333333,73.5,76.5,33.0,98.83333333333331,977.8333333333334,0.0,0.0,96.13794423432644,46.01477483286615
663.0,381.8333333333333,785.4694249997825,0.4861211922201033,4951.166666666667,101.33333333333331,3710.666666666667,1139.1666666666663,5192.804449829023,59.16666666666666,42.16666666666666,3364.833333333333,345.8333333333333,87.5,330.0,183.66666666666663,538.0,3.023739677260439,0.0,219.941510806177,18.672532678918333
664.0,1035.0000004073258,1882.7856601876222,0.5497173800995419,821.666666990035,122.66666671494232,46.33333335156789,652.6666669235248,948.9133077867442,56.833333355700184,65.83333335924215,10.166666670667775,36.16666668090011,42.666666683458196,61.33333335747117,111.00000004368424,437.6666668389111,0.0,0.0,76.56382995324215,50.68281084346717
665.0,1315.6666666666667,2992.2388617978127,0.4396930617618478,135.5,7.166666666666667,6.833333333333334,121.5,262.87309868695445,7.166666666666667,0.0,2.833333333333333,4.0,5.666666666666667,72.0,19.83333333333333,24.0,0.0,0.0,62.8525929415371,64.52050574541734
666.0,1338.5,3639.694909237353,0.3677506036571796,590.9999999999999,94.83333333333331,23.833333333333336,472.33333333333326,736.2683820541897,72.0,22.83333333333333,4.166666666666667,19.666666666666668,38.0,61.5,195.66666666666663,177.16666666666666,0.0,0.0,79.58068569599654,65.68769635819321
667.0,2143.333333333333,6121.590427086132,0.3501268761545611,0.0,0.0,0.0,0.0,193.3163429292213,0.0,0.0,0.0,0.0,0.0,0.0,0.0,0.0,0.0,0.0,88.44723959014213,104.86910333907912
668.0,861.0,2394.053132773024,0.35964114088090704,5.0,0.1666666666666666,0.0,4.833333333333333,96.16290832715352,0.1666666666666666,0.0,0.0,0.0,1.5,0.3333333333333333,1.1666666666666667,1.8333333333333333,13.102871934795234,0.0,35.713196037860314,42.34684035449797
669.0,800.1666666666666,1809.296873444104,0.4422528322527314,1071.8333333333333,82.16666666666666,237.5,752.1666666666666,1190.9023651383447,42.5,39.66666666666666,71.0,166.5,88.5,312.5,90.33333333333331,260.8333333333333,3.023739677260439,0.0,77.03276563901674,39.01252648873433
670.0,1108.5,3073.303066421682,0.3606868493092197,474.5,60.16666666666666,22.833333333333336,391.5,610.3799043228092,60.16666666666666,0.0,16.166666666666668,6.666666666666667,77.5,49.5,39.833333333333336,224.66666666666663,2.015826451506959,0.0,79.51346771370055,54.350610157601714
671.0,678.6666666666666,1825.515091238413,0.37176721787945627,296.0,10.0,34.83333333333333,251.16666666666663,369.55161615829246,4.166666666666667,5.833333333333333,6.5,28.33333333333333,21.83333333333333,4.5,123.83333333333331,101.0,0.0,0.0,40.207294826889296,33.344321331403144
672.0,373.0,1184.3051408395193,0.31495261410044306,145.66666666666669,45.66666666666666,9.666666666666666,90.33333333333334,187.0797586338425,5.666666666666667,40.0,1.8333333333333333,7.833333333333333,10.5,7.333333333333333,25.166666666666668,47.333333333333336,2.015826451506959,0.0,21.391484059329915,18.005781456338926
673.0,562.3333333333334,1709.0584317584082,0.3290310751720539,18.0,0.3333333333333333,1.0,16.666666666666668,79.61975695768457,0.3333333333333333,0.0,1.0,0.0,5.5,0.0,0.3333333333333333,10.833333333333334,2.015826451506959,0.0,31.928625362322105,27.67530514385551
674.0,963.1666666666666,2488.448332508668,0.3870551194831013,1182.1666666666663,475.33333333333337,64.0,642.8333333333333,1319.8457654602255,342.0,133.33333333333334,8.333333333333334,55.66666666666666,84.66666666666667,172.5,90.83333333333331,294.8333333333333,2.015826451506959,0.0,88.48122236096522,47.18204998108696
675.0,1138.1666666666667,2729.1613620290536,0.4170389785309258,520.6666666666667,46.0,9.5,465.1666666666667,644.9336046119812,39.0,7.0,3.8333333333333335,5.666666666666667,39.0,243.5,89.0,93.66666666666669,0.0,0.0,68.41595592179702,55.85098202351757
676.0,7.0,19.47599806837643,0.359416753658753,173.33333333333331,3.0,41.83333333333333,128.5,203.9543306721594,2.333333333333333,0.6666666666666666,1.1666666666666667,40.66666666666666,11.0,30.33333333333333,8.666666666666666,78.5,23.18200419233003,0.0,7.438993146496088,0.0
677.0,1414.6666666666667,4043.938186158892,0.34982400856388424,919.0,102.83333333333331,51.5,764.6666666666667,1108.2189048702369,102.83333333333331,0.0,34.833333333333336,16.666666666666668,64.66666666666667,115.0,101.16666666666669,483.8333333333333,23.51777111261661,0.0,96.34602681596816,69.3551069416519
678.0,841.0,2390.5428941062623,0.3518029323269765,260.66666666666663,0.8333333333333334,1.5,258.3333333333333,349.2900247025252,0.8333333333333334,0.0,0.6666666666666666,0.8333333333333334,0.3333333333333333,181.16666666666663,63.16666666666666,13.666666666666666,2.015826451506959,0.0,45.42774669834214,41.17978488600942
679.0,1108.6666666666667,2940.7483678426265,0.37700154110091366,195.66666666666663,1.1666666666666667,7.333333333333334,187.16666666666663,343.8079262589416,1.1666666666666667,0.0,0.6666666666666666,6.666666666666667,27.5,22.83333333333333,27.5,109.33333333333331,0.0,0.0,93.79041290820874,54.35084668406628
680.0,1556.8333333333333,3798.4889647347554,0.4098559579314311,940.8333333333331,63.16666666666666,54.833333333333336,822.8333333333333,1120.202607855356,57.5,5.666666666666667,8.833333333333334,46.0,130.16666666666666,155.0,160.16666666666666,377.5,0.0,0.0,103.01110820602284,76.35816631600014
681.0,890.8333333333334,2253.3445624204437,0.39533826658823956,662.8333333333333,266.66666666666663,71.16666666666667,325.0,777.7093648473744,152.16666666666666,114.5,16.833333333333332,54.333333333333336,25.5,106.83333333333331,23.666666666666668,169.0,0.0,6.784,64.07789906521272,44.01413244882848
682.0,798.0,1933.9225654519576,0.4126328604131611,12.0,0.5,4.0,7.5,87.58344513803884,0.5,0.0,1.0,3.0,0.8333333333333334,0.3333333333333333,1.3333333333333333,5.0,0.0,0.0,36.40430263606707,39.17914250197177
683.0,1451.3333333333333,4018.779337958155,0.36113785089547135,0.0,0.0,0.0,0.0,141.1192863192519,0.0,0.0,0.0,0.0,0.0,0.0,0.0,0.0,10.079132257534797,0.0,59.85036190888341,71.1897921528337
684.0,1789.6666666666667,5046.618922187098,0.35462686885243616,43.0,1.3333333333333333,4.166666666666666,37.5,216.51114986568768,1.3333333333333333,0.0,1.0,3.1666666666666665,4.666666666666667,5.0,5.833333333333333,22.0,9.071219031781316,0.0,76.74523590568882,87.69469492821754
685.0,1112.5,2932.1221041194294,0.3794180325699991,17.5,3.333333333333333,1.0,13.166666666666666,118.62275629230972,3.333333333333333,0.0,0.6666666666666666,0.3333333333333333,1.8333333333333333,2.0,1.8333333333333333,7.5,0.0,0.0,46.60514140517116,54.51761488713856
686.0,460.0,1356.37876814049,0.3391383076798165,28.0,1.0,1.0,26.0,70.96609662774434,1.0,0.0,0.0,1.0,7.166666666666667,0.8333333333333334,7.166666666666667,10.833333333333334,0.0,0.0,20.125460368836016,22.84063625890832
687.0,922.1666666666666,2523.869735007768,0.36537807553044266,15.0,0.3333333333333333,5.0,9.666666666666666,98.66467212351972,0.3333333333333333,0.0,4.0,1.0,6.833333333333333,0.0,0.3333333333333333,2.5,0.0,0.0,38.65021848267241,45.01445364084731
688.0,610.8333333333334,1662.153329245382,0.36749517784298025,15.166666666666666,2.333333333333333,1.0,11.833333333333332,71.00562185520965,2.333333333333333,0.0,0.3333333333333333,0.6666666666666666,1.6666666666666667,2.6666666666666665,0.8333333333333334,6.666666666666667,0.0,0.0,25.829319427978103,30.00963576056488
689.0,1.0,2.426052644952937,0.41219220946435764,0.0,0.0,0.0,0.0,74.12296607287887,0.0,0.0,0.0,0.0,0.0,0.0,0.0,0.0,74.08172408754155,0.0,0.0412419853373182,0.0
690.0,1030.1666666666667,2540.226294302813,0.40554129723682936,1728.8333333333337,89.66666666666666,39.33333333333333,1599.8333333333337,1965.378223807956,88.83333333333333,0.8333333333333334,19.33333333333333,20.0,337.5,159.0,439.5,663.8333333333334,21.50235313668178,0.0,164.19280645049804,50.84973088744302
691.0,992.1666666666666,2513.551134570807,0.3947270668261463,1857.833333333333,107.0,402.1666666666666,1348.6666666666663,2043.427607782356,105.5,1.5,305.3333333333333,96.83333333333331,366.5,29.83333333333333,346.8333333333333,605.5,18.98165062956411,0.0,117.93150290233343,48.68112091712493
692.0,884.1666666666666,2318.216013148437,0.38139960282038343,779.6666666666666,10.166666666666668,29.333333333333336,740.1666666666666,951.4680102901822,8.333333333333334,1.8333333333333333,5.666666666666667,23.666666666666668,173.16666666666666,26.666666666666668,53.833333333333336,486.5,0.0,0.0,128.62071355479122,43.18063006872432
693.0,1386.6666666666667,3225.2933856119275,0.42993504803395666,2331.5000000000005,97.66666666666669,91.66666666666666,2142.166666666667,2556.8977833581744,73.5,24.166666666666668,33.5,58.16666666666666,299.5,232.83333333333331,470.6666666666667,1139.1666666666667,4.031652903013918,0.0,153.34428939788037,68.02184105728038
694.0,603.9999904505207,1235.8872658383882,0.4887177068215729,1123.1666489089566,115.99999816599404,115.16666484583605,891.9999858971265,1227.4294009543619,82.49999869564232,33.499999470351725,19.999999683792076,95.16666516204398,102.16666505137121,170.99999729642224,82.66666535967391,536.1666581896592,3.0237396294539165,0.0,71.22937712985072,30.009635286100647
695.0,31.666666671023613,85.49375236999445,0.37039743599016,210.3333333622726,4.166666667239949,63.33333334204722,142.83333335298545,241.97118650665777,4.166666667239949,0.0,47.00000000646662,16.333333335580598,0.8333333334479898,0.6666666667583918,2.0000000002751754,139.3333333525039,20.15826451784312,0.0,9.979149106029812,1.5004395205122123
696.0,557.0,1479.520959794673,0.3764732066231087,944.0,305.6666666666667,59.833333333333336,578.5,1035.937956423068,181.5,124.16666666666669,15.5,44.333333333333336,95.66666666666669,50.833333333333336,54.5,377.5,3.023739677260439,0.0,61.90554456129912,27.008672184508384
697.0,709.3333333333334,1699.4613217844474,0.4173871592373329,507.6666666666667,4.0,28.0,475.6666666666667,596.9014308498731,3.333333333333333,0.6666666666666666,15.166666666666666,12.833333333333334,45.833333333333336,30.33333333333333,214.5,185.0,4.031652903013918,0.0,50.19186955953352,35.01124172065902
698.0,1129.8333333333333,2933.7673737463647,0.3851134699512858,52.0,0.3333333333333333,0.0,51.66666666666666,156.42211507916713,0.3333333333333333,0.0,0.0,0.0,0.3333333333333333,48.16666666666666,1.1666666666666667,2.0,0.0,0.0,48.73751237792994,55.6846027012372
699.0,402.833330057969,990.7508018230558,0.40659399852790984,71.99999941458114,6.666666612461217,2.9999999756075475,62.33333282651238,111.58906167482246,0.9999999918691825,5.666666620592035,0.3333333306230608,2.6666666449844865,9.999999918691826,2.833333310296017,4.666666628722852,44.833332968801685,0.0,0.0,19.582638582533328,20.006423677708003
700.0,784.8333333333334,1536.6145130165617,0.5107548618635717,1020.0,480.33333333333337,52.0,487.6666666666666,1133.282750443118,173.16666666666666,307.1666666666667,34.833333333333336,17.166666666666668,53.333333333333336,128.0,63.66666666666666,242.66666666666663,0.0,0.0,74.43697511190851,38.84577533120958
701.0,792.0000068898904,1695.9835526378947,0.4669856648421097,861.1666741582625,56.33333382339709,50.83333377555063,754.0000065593149,970.3711725656344,36.83333365375964,19.500000169637453,9.500000082643888,41.33333369290674,48.00000041756911,154.33333467593403,301.8333359590891,249.83333550672256,2.0158264690433523,0.0,68.17614511021033,39.01252682811821
702.0,1127.8333333333333,2143.0350847311825,0.5262785202953437,850.0,138.83333333333331,115.83333333333331,595.3333333333334,987.7641857998448,115.83333333333331,23.0,16.5,99.33333333333331,41.833333333333336,70.5,47.333333333333336,435.6666666666667,1.0079132257534795,0.0,81.57185585553096,55.18441671856036
703.0,1285.3333333333333,2842.473973298329,0.45218825058998435,3582.833333333333,508.0,130.66666666666666,2944.1666666666665,3846.6401631871295,399.0,109.0,40.333333333333336,90.33333333333331,90.0,37.0,2331.5,485.6666666666667,0.0,0.0,200.78652710221957,63.02030275157614
704.0,3447.833333333333,6328.54401463368,0.5448067241629048,3802.8333333333335,1587.8333333333333,143.33333333333334,2071.666666666667,4271.356431949253,661.1666666666666,926.6666666666666,111.16666666666669,32.166666666666664,336.0,101.0,481.1666666666667,1153.5,0.0,0.0,299.135517483873,169.3875811320469
705.0,1724.6666666666667,4182.463548904282,0.4123566521263511,2236.0,300.66666666666663,134.16666666666666,1801.1666666666667,2487.396789827935,228.16666666666663,72.5,24.33333333333333,109.83333333333331,248.5,47.16666666666666,446.8333333333333,1058.6666666666667,3.023739677260439,0.0,163.34574882907413,85.02730132160048
706.0,316.1666666666667,707.2020501524192,0.4470669543428573,162.66666666666669,10.0,19.333333333333336,133.33333333333334,202.96071193324303,10.0,0.0,3.1666666666666665,16.166666666666668,13.833333333333334,7.666666666666667,12.833333333333334,99.0,5.039566128767398,0.0,19.74959353808195,15.504885599727
707.0,1410.3333333333333,3377.880148894966,0.41752024085126505,17.0,0.0,0.0,17.0,146.22683080126336,0.0,0.0,0.0,0.0,4.166666666666667,0.1666666666666666,12.166666666666666,0.5,1.0079132257534795,0.0,58.863269892216216,69.35564768329368
708.0,1156.8333333333333,3023.7395134646085,0.382583661119615,18.0,0.0,0.0,18.0,123.47019329726764,0.0,0.0,0.0,0.0,7.833333333333333,0.0,9.166666666666666,1.0,0.0,0.0,48.45188535219437,57.01830794507325
709.0,417.5,899.7928752031124,0.463995672232631,404.83333333333337,8.666666666666668,139.33333333333334,256.83333333333337,460.4302979403075,7.666666666666667,1.0,54.833333333333336,84.5,50.333333333333336,5.166666666666667,102.16666666666669,99.16666666666669,1.0079132257534795,0.0,33.91580866387478,20.6732427173459
710.0,538.0,1218.8365389865644,0.44140455491048464,1595.8333333333333,661.0,147.33333333333331,787.5,1709.8498744207743,472.5,188.5,12.666666666666666,134.66666666666666,62.333333333333336,55.0,140.33333333333334,529.8333333333334,0.0,0.0,88.0081900949513,26.00835099248956
711.0,1470.6666666666667,2705.569812282966,0.5435700309746268,1107.3333333333333,797.0,38.16666666666666,272.16666666666663,1374.6715301300649,366.1666666666667,430.8333333333333,6.0,32.166666666666664,17.0,19.5,35.0,200.66666666666663,0.0,0.0,195.31474990946643,72.02344688726522
712.0,207.83333333333331,476.2506117338598,0.43639489002793247,1440.8333333333333,79.33333333333334,113.5,1248.0,1521.852361177328,57.333333333333336,22.0,9.666666666666666,103.83333333333331,160.83333333333334,103.5,316.5,667.1666666666666,3.023739677260439,0.0,67.99207624654582,10.003211920188292
713.0,1121.6666666666667,2610.6071207556843,0.4296573995178491,275.5,20.833333333333336,11.333333333333332,243.3333333333333,388.1827433000512,18.166666666666668,2.6666666666666665,4.5,6.833333333333333,67.33333333333333,0.0,70.66666666666667,105.33333333333331,0.1680876979293545,0.0,57.66347094435904,54.85118465776276
714.0,1435.6666666666667,4072.1800330604656,0.35255481216720297,131.83333333333334,5.0,1.3333333333333333,125.5,267.0003012792018,5.0,0.0,0.3333333333333333,1.0,10.666666666666666,53.66666666666666,28.33333333333333,32.833333333333336,0.0,0.0,64.64448443949578,70.5224835063727
715.0,788.0,2074.321191251457,0.37988330993455854,21.0,0.0,0.1666666666666666,20.83333333333333,92.872936909564,0.0,0.0,0.0,0.1666666666666666,2.833333333333333,0.1666666666666666,2.1666666666666665,15.666666666666666,0.0,0.0,33.360714666738794,38.5122222428252
716.0,336.6666666666667,900.2352316182437,0.3739763284552659,155.83333333333331,2.333333333333333,4.833333333333333,148.66666666666666,192.6464811979751,2.333333333333333,0.0,0.3333333333333333,4.5,5.666666666666667,4.666666666666667,107.16666666666669,31.166666666666668,0.0,0.0,20.30800872728584,16.505139137355922
717.0,1652.0,3855.1473998545976,0.4285179861248127,56.5,3.1666666666666665,19.5,33.833333333333336,257.98220690066336,3.1666666666666665,0.0,7.666666666666667,11.833333333333334,4.166666666666667,2.6666666666666665,2.833333333333333,24.166666666666668,4.031652903013918,0.0,116.42533159328563,81.02522240436376
718.0,256.0,777.8588427895678,0.3291085553285341,148.83333333333331,4.5,5.166666666666667,139.16666666666666,183.57306698838613,4.5,0.0,0.6666666666666666,4.5,14.833333333333334,66.33333333333333,5.833333333333333,52.16666666666666,5.039566128767398,0.0,16.695992030040617,13.00417549624478
719.0,0.0,0.0,0.0,1069.1666666666667,26.33333333333333,753.0,289.83333333333337,1137.0027201483397,26.33333333333333,0.0,266.0,487.0,83.66666666666667,8.0,16.833333333333332,181.33333333333331,0.0,23.744,44.09205348167316,0.0
720.0,2604.333333333333,4939.423971985391,0.5272544628896326,3426.5,2155.0,163.0,1108.5,3802.8147525377863,1771.5,383.5,73.33333333333333,89.66666666666667,125.33333333333331,123.0,213.5,646.6666666666666,0.0,0.0,248.6073953529607,127.70735718482598
721.0,748.3333333333334,1584.706914093989,0.47222191477669645,510.6666666666667,32.666666666666664,28.666666666666664,449.33333333333337,599.6032429947927,27.5,5.166666666666667,4.833333333333333,23.83333333333333,40.0,142.16666666666666,52.833333333333336,214.33333333333331,0.0,0.0,51.92469222342934,37.01188410469668
722.0,472.9999999081844,887.7954733765865,0.532780369006845,1455.166666384199,133.16666664081723,40.83333332540704,1281.1666664179747,1557.8639104400909,72.49999998592679,60.66666665489045,8.666666664984351,32.166666660422685,146.66666663819672,391.3333332573703,210.66666662577344,532.4999998966347,0.0,0.0,79.52297034214483,23.174273713746715
723.0,1379.1666668607465,2600.7574291680594,0.5302942332849242,267.00000003757293,57.50000000809155,1.3333333335209634,208.16666669596037,402.9130340383864,3.0000000004221676,54.50000000766938,0.33333333338024085,1.0000000001407225,12.833333335139272,64.83333334245684,14.666666668730597,115.83333334963368,0.0,0.0,67.89119293396092,68.02184106685259
724.0,1927.5,4314.237024807444,0.44677656533857907,669.8333333333333,133.0,27.666666666666664,509.1666666666666,877.69612052574,85.66666666666667,47.333333333333336,3.333333333333333,24.33333333333333,92.0,42.833333333333336,84.5,289.8333333333333,6.047479354520878,0.0,107.11836456553652,94.69694327234934
725.0,217.66666666666663,661.700229252135,0.32895056861726835,112.83333333333331,0.5,0.3333333333333333,112.0,137.80755123940708,0.5,0.0,0.3333333333333333,0.0,1.1666666666666667,101.66666666666669,2.333333333333333,6.833333333333333,1.0079132257534795,0.0,13.629725589369782,10.336579090950478
726.0,432.3333333333333,1079.4351508703032,0.40051811633590134,90.16666666666666,0.6666666666666666,0.0,89.49999999999999,133.8973174209628,0.6666666666666666,0.0,0.0,0.0,0.8333333333333334,81.33333333333333,2.333333333333333,5.0,1.0079132257534795,0.0,21.549376482909818,21.17336104563284
727.0,751.1666666666666,1678.326334699902,0.44756889714239106,0.0,0.0,0.0,0.0,67.80986154766536,0.0,0.0,0.0,0.0,0.0,0.0,0.0,0.0,0.0,0.0,30.966232856848773,36.84362869081659
728.0,717.0,1756.539520150567,0.4081889372682832,398.0,28.0,25.5,344.5,486.5218344627111,8.666666666666666,19.33333333333333,7.833333333333333,17.666666666666668,34.666666666666664,131.33333333333334,24.33333333333333,154.16666666666666,1.0079132257534795,0.0,52.16909266580416,35.34482857115348
729.0,354.8333328627914,787.1017568419262,0.4508099871184161,1863.999997528163,87.16666655107558,1341.4999982210466,435.333332756041,1976.5491605267875,87.16666655107558,0.0,494.3333326778014,847.166665543245,110.9999998528037,8.666666655173861,89.99999988065164,225.6666663674117,4.0316528976675725,0.0,91.51204985918746,17.005460241769278
730.0,1476.1666666666667,3819.102736485514,0.38652185304265796,376.1666666666666,164.0,19.666666666666668,192.5,525.9157727861377,155.16666666666666,8.833333333333334,1.6666666666666667,18.0,24.5,11.166666666666666,18.83333333333333,138.0,1.0079132257534795,0.0,76.38490253178442,72.35629036193313
731.0,795.8333333333334,2286.918787316748,0.3479937012835896,267.66666666666663,27.666666666666668,11.666666666666666,228.3333333333333,359.10039449629966,27.666666666666668,0.0,10.666666666666666,1.0,89.33333333333333,3.0,68.83333333333333,67.16666666666667,8.567364413565377,0.0,43.85436078792005,39.01200262814758
732.0,1049.3333333333333,2716.160666852481,0.3863296255406397,818.0000000000001,89.5,28.333333333333336,700.1666666666667,1006.8541570233174,89.5,0.0,18.666666666666668,9.666666666666666,212.16666666666663,56.66666666666666,167.16666666666666,264.1666666666667,6.55174244830894,0.0,130.78544220201684,51.5169723729916
733.0,500.5,1224.8264063847037,0.40862933505599064,0.0,0.0,0.0,0.0,46.15742138563,0.0,0.0,0.0,0.0,0.0,0.0,0.0,0.0,1.0079132257534795,0.0,20.641478424460445,24.508029735416077
734.0,354.6666666666667,1002.3553499302049,0.3538332655094449,582.6666666666666,54.5,56.16666666666666,472.0,638.6615423968256,53.66666666666666,0.8333333333333334,11.166666666666666,45.0,48.16666666666666,41.16666666666666,92.33333333333331,290.3333333333333,0.0,0.0,38.65603141402166,17.33884431613732
735.0,432.0,1342.044795798423,0.32189685571783777,0.0,0.0,0.0,0.0,38.82328269811693,0.0,0.0,0.0,0.0,0.0,0.0,0.0,0.0,0.0,0.0,17.816537665721512,21.00674503239541
736.0,581.3333273756967,1262.7670071844746,0.4603646785734965,16.833333160821496,0.8333333247931433,4.83333328380023,11.16666655222812,71.18587535561387,0.8333333247931433,0.0,0.4999999948758859,4.3333332889243446,4.499999953882973,0.0,0.6666666598345146,5.999999938510631,1.0079132154241548,0.0,24.66888467413719,28.675744305231053
737.0,1309.5,2818.0341090996567,0.46468564584492433,731.0,50.33333333333333,94.33333333333334,586.3333333333333,879.5186967303135,27.83333333333333,22.5,62.0,32.333333333333336,36.5,99.5,73.5,376.8333333333333,0.0,0.0,84.16455359061396,64.35414313969953
738.0,182.0,303.0775837476038,0.6005063051827861,1416.8333333333337,407.1666666666667,79.83333333333333,929.8333333333334,1494.6137721870448,266.6666666666667,140.5,14.5,65.33333333333333,90.5,46.16666666666666,209.83333333333331,583.3333333333334,0.0,0.0,68.77754812554188,9.002890728169463
739.0,1427.6666666666667,3223.2761924728434,0.4429240876101855,917.6666666666666,133.0,48.16666666666666,736.5,1622.4319359538708,86.16666666666667,46.833333333333336,12.666666666666666,35.5,92.16666666666669,41.5,126.66666666666669,476.1666666666667,2.015826451506959,0.0,632.7269593943793,70.02248344131804
740.0,3.0,8.109348785773072,0.36994339240447494,0.0,0.0,0.0,0.0,46.48773434067201,0.0,0.0,0.0,0.0,0.0,0.0,0.0,0.0,46.36400838466006,0.0,0.1237259560119548,0.0
741.0,203.66666666666663,550.2662863516512,0.3701238322576647,0.0,0.0,0.0,0.0,18.40206976971173,0.0,0.0,0.0,0.0,0.0,0.0,0.0,0.0,0.0,0.0,8.39885784952344,10.003211920188292
742.0,353.0,919.0600016050776,0.3840880893342207,1275.8333333333337,9.0,7.333333333333333,1259.5000000000002,1360.013355843427,8.333333333333334,0.6666666666666666,1.0,6.333333333333333,22.5,4.666666666666667,1152.6666666666667,79.66666666666667,0.0,0.0,67.17456224577347,17.005460264320096
743.0,814.3333333333334,2436.6995759106626,0.33419521281321446,324.3333333333333,16.666666666666664,17.166666666666668,290.5,419.7388470092699,15.666666666666666,1.0,2.6666666666666665,14.5,27.5,133.16666666666666,26.0,103.83333333333331,5.039566128767398,3.392,46.96109986641603,40.01284768075317
744.0,995.0,2335.529594757288,0.42602757089164695,68.83333333333334,0.6666666666666666,0.5,67.66666666666667,162.73011362785718,0.6666666666666666,0.0,0.5,0.0,4.666666666666667,51.0,7.333333333333333,4.666666666666667,1.0079132257534795,0.0,43.87312865984773,49.01573840892263
745.0,288.1666666666667,763.8046164755218,0.3772779850380778,7.833333333333333,2.0,2.6666666666666665,3.166666666666667,34.04605535326536,2.0,0.0,0.0,2.6666666666666665,1.6666666666666667,0.0,0.3333333333333333,1.1666666666666667,0.0,0.0,12.208225331668416,14.004496688263607
746.0,235.66666666666663,637.994957067416,0.36938640980788207,230.16666666666663,8.166666666666668,16.0,206.0,261.2148084475356,7.166666666666667,1.0,3.5,12.5,22.33333333333333,12.833333333333334,27.666666666666668,143.16666666666666,0.0,0.0,19.211038634167743,11.837103146701194
747.0,968.0,2077.662082555074,0.46590829573670123,2442.6666666666665,491.8333333333333,105.83333333333334,1845.0,2630.675549712682,418.3333333333333,73.5,27.666666666666668,78.16666666666667,218.83333333333331,228.16666666666663,481.1666666666667,916.8333333333334,0.0,0.0,140.66041985036793,47.34846319564716
748.0,572.6666666666666,1488.176360599702,0.3848110222876371,14.833333333333332,0.0,0.0,14.833333333333332,69.08763059108566,0.0,0.0,0.0,0.0,0.1666666666666666,11.5,1.6666666666666667,1.5,2.015826451506959,0.0,24.22947742971815,28.00899337652721
749.0,352.1666666666667,1037.1636431953475,0.33954783218364015,11.166666666666666,2.0,0.6666666666666666,8.5,43.66346839898402,2.0,0.0,0.6666666666666666,0.0,1.0,1.3333333333333333,1.3333333333333333,4.833333333333333,0.0,0.0,14.991138604265371,17.50566312805198
750.0,556.3333333333334,1497.27381215832,0.37156419140957186,725.6666666666666,359.1666666666667,26.33333333333333,340.16666666666663,805.5490873466649,249.5,109.66666666666669,4.5,21.83333333333333,36.5,30.666666666666668,46.333333333333336,226.66666666666663,0.0,0.0,52.87374849548985,27.008672184508384
751.0,40.66666666666666,96.39377617491986,0.42188062632665574,2107.5,305.33333333333337,645.1666666666666,1157.0,2198.0889084821088,294.1666666666667,11.166666666666666,312.8333333333333,332.3333333333333,583.8333333333334,4.666666666666667,234.66666666666663,333.8333333333333,0.0,0.0,88.58826609807078,2.000642384037658
752.0,230.5,474.1942476456871,0.48608771857609534,3105.666666666667,362.1666666666667,257.3333333333333,2486.166666666667,3255.599624253648,224.83333333333331,137.33333333333334,118.66666666666669,138.66666666666666,211.33333333333331,96.66666666666669,1013.3333333333334,1164.8333333333333,1.0079132257534795,0.0,137.58826234149112,11.33678201973702
753.0,4.0,11.48531855751122,0.3482707057684579,0.0,0.0,0.0,0.0,22.33905890792583,0.0,0.0,0.0,0.0,0.0,0.0,0.0,0.0,22.174090966576557,0.0,0.1649679413492732,0.0
754.0,546.1666666666666,1816.3576531403185,0.3006933495296996,149.16666666666669,12.166666666666666,11.166666666666666,125.83333333333334,212.916231325252,11.166666666666666,1.0,1.0,10.166666666666666,20.33333333333333,49.16666666666666,8.0,48.333333333333336,8.063305806027836,0.0,28.677586668049088,27.008672184508384
755.0,829.1666666666666,2400.204179086016,0.34545672151208756,0.0,0.0,0.0,0.0,74.87101354107057,0.0,0.0,0.0,0.0,0.0,0.0,0.0,0.0,0.0,0.0,34.191414637738,40.67959890333257
756.0,470.0,1376.8371521422307,0.3413620843022166,963.8333333333334,40.0,117.83333333333334,806.0,1045.9628418949524,38.0,2.0,24.666666666666668,93.16666666666669,37.833333333333336,101.5,123.83333333333331,542.8333333333334,0.0,0.0,59.122121145185794,23.007387416433076
757.0,811.1666666666666,1496.51721687591,0.5420363077145459,755.3333333333334,207.5,43.333333333333336,504.5,859.9503137776217,58.16666666666666,149.33333333333334,16.166666666666668,27.166666666666668,53.66666666666666,43.5,95.83333333333331,311.5,0.0,0.0,64.60413276353533,40.01284768075317
758.0,741.8333333333334,1559.5519607015924,0.4756708029141949,1411.0,118.33333333333334,72.83333333333333,1219.8333333333333,1535.7995558322766,77.0,41.333333333333336,14.166666666666666,58.66666666666666,111.83333333333331,291.3333333333333,131.5,685.1666666666666,0.0,0.0,88.7879929195987,36.01156291267785
759.0,583.1666666666666,1623.6717340796083,0.3591653746422084,14.5,0.0,2.0,12.5,73.87022195652281,0.0,0.0,1.1666666666666667,0.8333333333333334,11.0,0.0,0.3333333333333333,1.1666666666666667,6.047479354520878,0.0,24.646930348505407,28.67581225349653
760.0,608.0,1848.722183196575,0.3288758070445846,205.8333333333333,2.833333333333333,5.833333333333333,197.16666666666663,282.5101660690015,2.833333333333333,0.0,1.3333333333333333,4.5,13.833333333333334,111.5,7.5,64.33333333333333,13.102871934795234,0.0,33.5643250403081,30.00963576056488
761.0,335.5,1023.705283939418,0.3277310425798824,1334.5,16.166666666666668,16.5,1301.8333333333333,1424.9192440533914,15.5,0.6666666666666666,7.833333333333333,8.666666666666666,45.0,958.6666666666666,91.66666666666669,206.5,5.039566128767398,0.0,68.87440364298068,16.505274281643246
762.0,557.8333333333334,1650.6233338286108,0.3379531367943541,404.00000000000006,9.166666666666668,12.5,382.33333333333337,475.0426582707306,8.333333333333334,0.8333333333333334,4.0,8.5,35.333333333333336,203.5,20.83333333333333,122.66666666666669,4.031652903013918,0.0,39.66876321376892,27.342242153947808
763.0,530.5,1575.408745188636,0.336738006323863,0.0,0.0,0.0,0.0,47.88799919631856,0.0,0.0,0.0,0.0,0.0,0.0,0.0,0.0,0.0,0.0,21.879648203829007,26.00835099248956
764.0,1436.5,3463.220722792121,0.41478730782191203,146.50000000000003,4.333333333333333,8.0,134.16666666666669,282.3015011368467,4.333333333333333,0.0,1.3333333333333333,6.666666666666667,32.166666666666664,65.16666666666667,11.333333333333334,25.5,0.0,0.0,65.27889936724172,70.52260176960498
765.0,405.0,1258.959763090689,0.3216941572506999,266.1666666666667,9.0,50.5,206.66666666666669,314.85514824691325,8.166666666666666,0.8333333333333334,8.5,42.0,17.666666666666668,80.33333333333333,12.5,96.16666666666669,1.0079132257534795,0.0,27.67414451411648,20.006423840376584
766.0,283.1666666666667,590.0730483658899,0.47988408799698634,66.5,0.6666666666666666,39.0,26.833333333333336,115.811399445741,0.6666666666666666,0.0,0.5,38.5,3.8333333333333335,1.3333333333333333,7.5,14.166666666666666,7.055392580274357,0.0,28.418261334727774,13.837745530738852
767.0,498.3333333333333,1147.6790441003832,0.4342096650583662,172.0,38.0,9.0,125.0,224.3260956381349,38.0,0.0,1.6666666666666667,7.333333333333333,14.5,13.666666666666666,8.5,88.33333333333333,0.0,0.0,27.651449889481427,24.674645748653504
768.0,568.6666666666666,1391.375447908926,0.40870828037199153,21.0,0.0,11.0,10.0,73.33147470256978,0.0,0.0,11.0,0.0,1.8333333333333333,0.0,3.0,5.166666666666667,0.0,0.0,24.322481326042563,28.00899337652721
769.0,618.1666666666666,1374.337472967333,0.4497924846158655,434.0,23.5,9.666666666666666,400.8333333333333,507.4034286137472,6.166666666666667,17.333333333333332,1.0,8.666666666666666,8.0,3.333333333333333,8.166666666666666,381.3333333333333,0.0,0.0,43.393792853182354,30.00963576056488
770.0,743.3333333333334,1819.6026594457744,0.4085140948077875,120.83333333333334,0.6666666666666666,8.333333333333332,111.83333333333334,192.9842973829365,0.6666666666666666,0.0,8.166666666666666,0.1666666666666666,18.0,84.16666666666667,3.5,6.166666666666667,0.0,0.0,35.63933341748072,36.51163063212241
771.0,652.3333333333334,1654.9397292002884,0.39417346857009616,1925.0,159.0,96.66666666666666,1669.3333333333337,2068.2998605296743,136.16666666666666,22.83333333333333,19.33333333333333,77.33333333333333,225.5,83.83333333333333,308.8333333333333,1051.1666666666667,0.0,0.0,111.28978518374934,32.0100753459253
772.0,623.8333333333334,1482.902372499577,0.4206840213505096,1.4999999999999998,0.3333333333333333,0.0,1.1666666666666663,108.46712671378248,0.3333333333333333,0.0,0.0,0.0,0.0,0.6666666666666666,0.0,0.5,0.0,0.0,76.29073973063821,30.676386983144283
773.0,813.5,1919.715789233355,0.42376064444668343,7.833333333333333,0.0,0.0,7.833333333333333,103.55217008607372,0.0,0.0,0.0,0.0,0.0,1.8333333333333333,6.0,0.0,0.0,0.0,55.87274022951198,39.84609652322841
774.0,458.3333333333333,1159.373283156315,0.39532852791428136,1150.0,308.0,44.0,798.0,1239.007727734337,203.83333333333331,104.16666666666669,8.166666666666666,35.833333333333336,71.0,26.0,194.5,506.5,0.0,0.0,66.33370748866639,22.674020245670885
775.0,3495.6666666666665,6925.706451591969,0.504737919676503,4118.166666666667,1331.6666666666667,150.16666666666669,2636.333333333333,4742.04843853489,426.1666666666667,905.5,96.16666666666669,54.0,471.5,163.33333333333334,565.0,1436.5,14.110785160548714,0.0,438.0489230637461,171.72206364392886
776.0,944.5,1941.281403971686,0.48653430567440586,270.6666666666667,25.0,4.166666666666666,241.5,370.7966817177751,20.5,4.5,1.0,3.1666666666666665,33.0,37.833333333333336,56.0,114.66666666666669,0.0,0.0,54.115240218242256,46.01477483286615
777.0,469.5,943.3592653481523,0.49768949884297603,1119.0,213.8333333333333,76.33333333333333,828.8333333333333,1207.6873505600502,112.83333333333331,101.0,31.166666666666668,45.16666666666666,73.16666666666667,99.16666666666669,179.66666666666666,476.8333333333333,0.0,0.0,65.51309355836749,23.174257001682605
778.0,928.3333333333334,3284.901582079285,0.2826061329806157,41.99999999999999,7.833333333333333,2.833333333333333,31.33333333333333,129.56010358662053,7.833333333333333,0.0,2.333333333333333,0.5,5.333333333333333,6.833333333333333,4.0,15.166666666666666,2.015826451506959,0.0,40.02962063053438,45.5146565045792
779.0,728.0,1574.8229435942433,0.46227418959141786,11.0,0.0,0.1666666666666666,10.833333333333334,115.15747670251815,0.0,0.0,0.1666666666666666,0.0,9.5,0.1666666666666666,0.3333333333333333,0.8333333333333334,0.0,0.0,68.4792809606025,35.678195741915665
780.0,367.0,1014.213481093748,0.361856755842192,4274.166666666666,1976.3333333333333,109.5,2188.333333333333,4483.582003960053,1382.6666666666667,593.6666666666666,34.666666666666664,74.83333333333333,122.0,135.66666666666666,586.6666666666666,1344.0,0.0,0.0,191.4095558370486,18.005781456338926
781.0,25.166666666666668,52.73213620076866,0.4772548294051441,2378.0,21.666666666666668,3.666666666666667,2352.6666666666665,2479.119764637953,17.0,4.666666666666667,2.333333333333333,1.3333333333333333,19.83333333333333,38.66666666666666,8.666666666666666,2285.5,1.0079132257534795,0.0,99.11153022018064,1.000321192018829
782.0,677.0,1521.4524428809211,0.44496954417982193,52.99999999999999,1.1666666666666667,14.5,37.33333333333333,122.27982594732023,0.1666666666666666,1.0,14.5,0.0,1.8333333333333333,6.5,1.1666666666666667,27.83333333333333,0.0,0.0,36.10261059746146,33.17721534985879
783.0,105.16666666666669,245.24978806068196,0.42881450580762737,100.5,8.666666666666666,10.5,81.33333333333334,144.2227521447938,8.666666666666666,0.0,2.0,8.5,3.8333333333333335,4.5,4.333333333333333,68.66666666666667,30.237396772604384,0.0,8.483749412095285,5.001605960094146
784.0,468.8333333333333,1497.931462810228,0.3129871726265553,119.66666666666666,1.8333333333333333,4.166666666666667,113.66666666666666,176.8565467476218,1.8333333333333333,0.0,1.3333333333333333,2.833333333333333,7.0,51.66666666666666,3.6666666666666665,51.333333333333336,10.079132257534797,0.0,24.270179218901905,22.84056860451841
785.0,757.3333333333334,2008.0314565330057,0.37715212621266286,18.833333333333336,0.0,0.1666666666666666,18.666666666666668,88.02646367716557,0.0,0.0,0.1666666666666666,0.0,0.0,17.5,0.1666666666666666,1.0,0.0,0.0,32.01429228293356,37.17883806089866
786.0,529.3333331158271,1331.609016419717,0.39751408002556193,915.9999996236102,8.999999996301845,41.83333331614377,865.1666663111646,1017.7983783823254,8.999999996301845,0.0,10.833333328881853,30.999999987261916,36.33333331840375,690.3333330496713,22.833333323950974,115.66666661913857,2.015826450678644,0.0,73.60745016877785,26.175102139258804
787.0,556.4999999486265,1201.2226731873493,0.4632779686650418,2236.9999997934906,143.49999998675275,104.83333332365561,1988.6666664830818,2379.3861312701183,45.66666666245092,97.83333332430179,79.16666665935837,25.66666666429724,116.16666665594272,848.4999999216705,241.33333331105453,782.6666665944144,0.0,0.0,115.21084328139025,27.17528819523712
788.0,507.6666666666667,1131.832744880482,0.4485350587027544,147.0,1.0,0.8333333333333333,145.16666666666666,203.84045933292447,1.0,0.0,0.6666666666666666,0.1666666666666666,0.6666666666666666,109.0,27.33333333333333,8.166666666666666,0.0,0.0,31.9991806899785,24.84127864294597
789.0,582.3333333333334,1361.0829377019302,0.427845590597552,4.0,0.0,0.0,4.0,64.02037543789311,0.0,0.0,0.0,0.0,0.0,3.0,1.0,0.0,0.0,0.0,31.17787968126173,28.842495756631383
790.0,479.1666666666667,1111.87877929938,0.43095225449720376,33.0,0.0,4.666666666666667,28.33333333333333,93.6302399761074,0.0,0.0,0.0,4.666666666666667,2.833333333333333,1.8333333333333333,1.3333333333333333,22.33333333333333,0.0,0.0,37.12264969594244,23.50759028016496
791.0,1.0,1.950405231335818,0.5127139652487024,187.16666666666663,12.5,70.83333333333333,103.83333333333331,206.0133864695257,12.5,0.0,25.166666666666668,45.66666666666666,3.5,0.0,8.5,91.83333333333331,11.087045483288277,0.0,7.759674319570728,0.0
792.0,137.83333333333334,302.87089064214143,0.45508940473315734,0.0,0.0,0.0,0.0,12.686309101548416,0.0,0.0,0.0,0.0,0.0,0.0,0.0,0.0,0.0,0.0,5.684060757416614,7.002248344131804
793.0,861.1666666666666,2167.946496280891,0.39722690026898577,5.0,0.0,0.0,5.0,87.07753219407607,0.0,0.0,0.0,0.0,0.0,0.0,5.0,0.0,1.0079132257534795,0.0,38.72281250610444,42.34680646221815
794.0,185.16666666666663,549.7002498812541,0.3368502501257116,240.83333333333337,15.0,69.66666666666667,156.16666666666669,306.88030040090047,13.0,2.0,46.0,23.666666666666668,11.5,23.166666666666668,9.833333333333334,111.66666666666669,39.3086158043857,0.0,17.568895295109385,9.169455968072024
795.0,580.5,1694.802167717281,0.3425178531497113,46.00000000000001,0.5,0.3333333333333333,45.16666666666667,100.01387990315096,0.5,0.0,0.3333333333333333,0.0,0.0,41.333333333333336,0.8333333333333334,3.0,0.0,0.0,25.83813536909898,28.17574453405197
796.0,593.1666666666666,1610.2606300141165,0.3683668690710438,0.0,0.0,0.0,0.0,53.29882439123489,0.0,0.0,0.0,0.0,0.0,0.0,0.0,0.0,0.0,0.0,24.45632863460351,28.842495756631383
797.0,453.0,970.9381726078236,0.4665590588361525,0.0,0.0,0.0,0.0,40.68968558221944,0.0,0.0,0.0,0.0,0.0,0.0,0.0,0.0,0.0,0.0,18.6826193578052,22.00706622441424
798.0,410.6666666666667,881.9082005772838,0.4656569316373864,57.83333333333333,1.0,0.5,56.33333333333333,97.16193421680089,1.0,0.0,0.5,0.0,0.0,52.5,0.6666666666666666,3.1666666666666665,0.0,0.0,19.32217704309097,20.006423840376584
799.0,593.5,1435.5865079166035,0.4134198787235173,46.0,9.333333333333334,4.5,32.166666666666664,101.38162916518095,9.333333333333334,0.0,3.333333333333333,1.1666666666666667,10.0,2.1666666666666665,6.166666666666667,13.833333333333334,0.0,0.0,26.37239913207984,29.0092300331011
800.0,0.0,0.0,0.0,10.0,0.0,0.3333333333333333,9.666666666666666,20.49155211090798,0.0,0.0,0.3333333333333333,0.0,0.8333333333333334,0.1666666666666666,0.1666666666666666,8.5,10.079132257534797,0.0,0.4124198533731831,0.0
801.0,77.83333333333333,209.2425973758832,0.37197652060069586,671.6666666666667,75.33333333333334,357.5,238.8333333333333,713.891489990454,71.66666666666667,3.6666666666666665,203.83333333333331,153.66666666666666,61.66666666666666,22.166666666666668,14.333333333333334,140.66666666666666,0.0,0.0,38.55678746324187,3.668035860545418
802.0,290.5,614.2835022111555,0.4729086797127473,1393.8333333333333,332.6666666666667,18.0,1043.1666666666663,1477.3027796308377,31.666666666666668,301.0,6.333333333333333,11.666666666666666,223.5,14.5,168.5,636.6666666666666,0.0,0.0,69.46494960924058,14.004496688263607
803.0,585.8333333333334,1212.1326102682888,0.48330795522749553,607.1666666666667,366.0,29.0,212.16666666666669,685.3765469009765,235.83333333333331,130.16666666666666,11.166666666666666,17.833333333333332,27.166666666666668,10.5,12.166666666666666,162.33333333333334,0.0,0.0,49.200565665763584,29.00931456854605
804.0,268.6666666666667,553.4791308533844,0.4854142671150432,0.0,0.0,0.0,0.0,24.084519343493238,0.0,0.0,0.0,0.0,0.0,0.0,0.0,0.0,0.0,0.0,11.080343847248455,13.00417549624478
805.0,904.6666666666666,2367.4586258125387,0.3821256501816055,0.0,0.0,0.0,0.0,81.65671834118154,0.0,0.0,0.0,0.0,0.0,0.0,0.0,0.0,0.0,0.0,37.30921872159087,44.34749961959067
806.0,702.8333333333334,1753.802909307297,0.4007481853311173,1763.8333333333333,173.83333333333334,246.33333333333331,1343.6666666666663,1902.2552570213795,139.0,34.833333333333336,182.83333333333331,63.5,358.0,21.0,140.0,824.6666666666666,2.015826451506959,0.0,101.72812130446478,34.677975932074084
807.0,129.66666666666666,325.2444044991842,0.398674550193505,3251.833333333333,1089.0,181.3333333333333,1981.5,3397.292685289992,883.8333333333334,205.16666666666663,64.33333333333333,117.0,238.5,163.16666666666666,175.66666666666666,1404.1666666666667,0.0,0.0,139.45742480454518,6.001927152112974
808.0,790.5,1875.8106191474767,0.42141780834958087,1549.3333333333337,722.1666666666667,76.83333333333334,750.3333333333334,1684.679482819876,514.3333333333334,207.83333333333331,20.5,56.333333333333336,72.0,58.5,108.16666666666669,511.6666666666667,0.0,0.0,96.50037415533306,38.84577533120958
809.0,359.1666666666667,857.3844014404675,0.4189097283123426,492.83333333333337,87.16666666666666,44.0,361.6666666666667,545.6492606304619,35.0,52.16666666666666,8.333333333333334,35.666666666666664,40.16666666666666,103.16666666666669,70.83333333333333,147.5,0.0,0.0,35.1435298926069,17.6723974045217
810.0,312.0,652.6576606529281,0.4780454115682496,610.6666666666666,157.16666666666666,64.66666666666666,388.8333333333333,664.5582428290803,147.0,10.166666666666666,19.0,45.66666666666666,42.16666666666666,33.166666666666664,30.0,283.5,0.0,0.0,38.886758282131154,15.004817880282438
811.0,448.8333333333333,934.8088501721024,0.4801338083723759,0.0,0.0,0.0,0.0,40.517806285631465,0.0,0.0,0.0,0.0,0.0,0.0,0.0,0.0,0.0,0.0,18.510740061217223,22.00706622441424
812.0,297.0,617.8147248546373,0.48072664514410807,121.66666666666666,1.1666666666666667,3.666666666666667,116.83333333333331,153.9383140237778,1.1666666666666667,0.0,2.333333333333333,1.3333333333333333,0.3333333333333333,107.66666666666669,1.5,7.333333333333333,0.0,0.0,17.266829476828665,15.004817880282438
813.0,0.0,0.0,0.0,22.0,1.0,1.3333333333333333,19.666666666666668,27.9468898061884,1.0,0.0,0.3333333333333333,1.0,0.8333333333333334,1.3333333333333333,0.5,17.0,5.039566128767398,0.0,0.9073236774210028,0.0
814.0,321.8333333333333,779.0567503814526,0.4131064048617162,13.833333333333334,0.0,3.8333333333333335,10.0,45.69768968116985,0.0,0.0,3.8333333333333335,0.0,1.0,0.0,9.0,0.0,2.015826451506959,0.0,13.843390824028283,16.005139072301265
815.0,463.5,1075.3050862321506,0.4310404609208123,11.333333333333334,2.1666666666666665,4.166666666666667,5.0,53.92571712091046,2.1666666666666665,0.0,1.3333333333333333,2.833333333333333,0.5,0.5,1.0,3.0,0.0,0.0,19.584996371144054,23.007387416433076
816.0,2.0,4.138765749137573,0.48323585368820543,108.5,1.0,52.833333333333336,54.66666666666667,114.06502751142484,1.0,0.0,0.8333333333333334,52.0,1.1666666666666667,0.5,2.1666666666666665,50.833333333333336,1.0079132257534795,0.0,4.557114285671354,0.0
817.0,487.1666666666667,1294.440447400223,0.37635309345061085,82.5,12.833333333333334,6.833333333333333,62.83333333333333,145.04887841179388,11.833333333333334,1.0,1.8333333333333333,5.0,7.166666666666667,7.833333333333333,5.833333333333333,42.0,6.047479354520878,0.0,32.493690448821106,24.007708608451896
818.0,574.1666666666666,1532.571190584472,0.3746427377691332,57.0,0.3333333333333333,2.333333333333333,54.333333333333336,122.0393209953516,0.3333333333333333,0.0,0.3333333333333333,2.0,3.0,1.5,0.5,49.333333333333336,0.0,0.0,37.03032761882437,28.00899337652721
819.0,612.6666666666666,1635.2387069628787,0.37466497341208954,151.83333333333334,5.333333333333333,2.833333333333333,143.66666666666669,219.37238160992,4.5,0.8333333333333334,1.6666666666666667,1.1666666666666667,12.5,84.5,9.666666666666666,37.0,0.0,0.0,37.52941251602181,30.00963576056488
820.0,1271.6666666666667,3386.884201860913,0.37546800861037805,35.0,9.166666666666666,4.5,21.33333333333333,176.25976603102245,9.166666666666666,0.0,4.0,0.5,2.6666666666666665,6.833333333333333,2.1666666666666665,9.666666666666666,0.1678832116788321,0.0,78.9057417817307,62.18614103761291
821.0,597.0,1576.0878488148808,0.37878599244890226,121.0,32.66666666666667,31.833333333333336,56.5,186.30542154028436,15.5,17.166666666666668,11.666666666666666,20.166666666666668,7.333333333333333,16.666666666666668,7.166666666666667,25.33333333333333,0.1680876979293545,0.0,35.62813730749408,29.5091965348609
822.0,320.8333333333333,826.8896765337076,0.3880001679042062,43.16666666666667,9.833333333333334,6.333333333333334,27.0,407.1949133550852,1.8333333333333333,8.0,3.5,2.833333333333333,1.1666666666666667,0.1666666666666666,1.0,24.666666666666668,0.0,10.176,338.013858773642,15.83838791477651
823.0,131.5,307.71053892168044,0.4273496788924407,234.0,63.66666666666667,30.333333333333336,140.0,256.085342369605,32.333333333333336,31.33333333333333,18.0,12.333333333333334,29.83333333333333,23.666666666666668,15.333333333333334,71.16666666666667,1.0079132257534795,0.0,15.075501991738529,6.001927152112974
824.0,1.3333333333333333,3.590522925359781,0.3713479515521348,3203.6666666666665,1435.0,201.5,1567.1666666666663,3337.9813677405973,1053.1666666666667,381.8333333333333,99.16666666666669,102.33333333333331,180.16666666666663,279.6666666666667,130.66666666666666,976.6666666666666,0.0,0.0,134.314701073931,0.0
825.0,800.6666666666666,1661.1666948205873,0.48199056070838325,1979.6666666666667,388.6666666666667,139.0,1452.0,2133.3416167653536,285.0,103.66666666666669,69.16666666666667,69.83333333333333,176.83333333333334,228.0,234.0,813.1666666666666,0.0,0.0,114.66242360995284,39.01252648873433
826.0,818.9999996930054,1799.5050900764263,0.4551251364663947,2008.6666659137363,225.66666658207762,50.833333314278924,1732.1666660173796,2165.296579451731,73.33333330584502,152.3333332762326,18.833333326273827,31.999999988005097,145.3333332788565,266.6666665667092,398.33333318402174,921.8333329877927,0.0,0.0,116.61706587223897,40.01284766575473
827.0,642.5,1635.6003437391005,0.3928221233624827,1654.166666666667,283.6666666666667,100.66666666666666,1269.8333333333337,1780.5640310712156,201.5,82.16666666666667,33.333333333333336,67.33333333333333,84.66666666666667,154.66666666666666,302.6666666666667,727.8333333333334,0.0,0.0,94.72065622938578,31.67670817516312
828.0,751.1666666666666,1905.3862054085207,0.3942332869496209,0.0,0.0,0.0,0.0,67.99152644826144,0.0,0.0,0.0,0.0,0.0,0.0,0.0,0.0,0.0,0.0,30.979642343564752,37.01188410469668
829.0,520.0,1359.585125226963,0.3824696154374251,0.0,0.0,0.0,0.0,47.12018470369101,0.0,0.0,0.0,0.0,0.0,0.0,0.0,0.0,0.0,0.0,21.445285417408588,25.674899286282425
830.0,770.5,1932.8003038991271,0.3986443909624987,1791.5000000000002,513.3333333333334,116.33333333333334,1161.8333333333337,1935.174803587622,322.5,190.83333333333331,44.66666666666666,71.66666666666667,222.33333333333331,148.66666666666666,150.0,640.8333333333334,0.0,0.0,105.66259829090652,38.01220529671551
831.0,439.0,1112.3541255961584,0.3946584904018053,2328.5,507.5,163.83333333333331,1657.1666666666667,2491.44920708306,332.1666666666667,175.33333333333334,50.5,113.33333333333331,180.66666666666663,349.3333333333333,259.6666666666667,867.5,0.0,27.136,114.13938976617546,21.673817316884342
832.0,647.3333256833772,1722.0664055322286,0.3759049730044004,2452.333304352526,381.66666215626515,140.99999833371191,1929.6666438625489,2612.0144111018076,278.1666633793915,103.49999877687364,60.33333262033536,80.66666571337656,157.16666480932662,160.66666476796487,659.6666588709595,952.166655414298,0.0,0.0,127.8375801385194,31.84352661076225
833.0,422.8333435003965,1133.4897899665207,0.3730367465532138,3694.3334221638897,358.6666752908369,98.83333570978915,3236.8334111632635,3884.809923732805,212.00000509755787,146.66667019327903,41.16666765652263,57.66666805326652,260.1666729223961,101.8333357819244,1828.833377307785,1046.0000251511583,0.0,0.0,169.80319086458005,20.673310704334806
834.0,350.0,875.1864389150277,0.3999147889378822,62.0,0.6666666666666666,0.8333333333333333,60.5,95.99715822329524,0.6666666666666666,0.0,0.5,0.3333333333333333,0.5,55.16666666666666,1.3333333333333333,3.5,0.0,0.0,16.991697958975145,17.005460264320096
835.0,649.8333333333334,1920.374217729366,0.3383889073983147,99.83333333333331,2.333333333333333,7.0,90.5,162.76060384005814,0.5,1.8333333333333333,1.1666666666666667,5.833333333333333,18.33333333333333,47.5,3.1666666666666665,21.5,0.0,0.0,30.916992362122254,32.01027814460254
836.0,265.3333333333333,604.8051898745488,0.4387087574238076,1497.3333333333337,631.0,136.33333333333334,730.0,1590.857218100366,252.0,379.0,53.333333333333336,83.0,84.16666666666667,110.5,77.66666666666667,457.6666666666667,0.0,0.0,80.51970927078779,13.00417549624478
837.0,349.3333333333333,668.604410107,0.5224813477934251,2366.6666666666665,713.6666666666666,119.0,1534.0,2495.6836930640684,588.0,125.66666666666669,45.0,74.0,103.0,195.16666666666663,244.83333333333331,991.0,0.0,0.0,112.0115661330821,17.005460264320096
838.0,517.3333410400841,1026.8358583218212,0.5038130844841867,480.5000071580419,43.333333978873014,18.33333360644627,418.83333957272265,546.6601794199003,27.500000409669415,15.833333569203603,5.833333420232906,12.50000018621337,43.16666730972349,178.83333599742596,63.33333427681441,133.50000198875878,0.0,0.0,41.152142088841174,25.008030173017087
839.0,345.16664213022034,651.604021718004,0.5297184035484649,123.99999118536162,1.6666665481903444,1.49999989337131,120.83332474379998,160.35485134380846,1.6666665481903444,0.0,1.3333332385522754,0.16666665481903437,0.16666665481903437,112.1666586932102,2.6666664771045507,5.833332918666205,0.0,0.0,19.349401102973363,17.005459055473462
840.0,483.0,1208.7548021962705,0.3995847620397485,204.50000000000003,15.5,23.333333333333336,165.66666666666669,256.86135376794874,13.0,2.5,4.666666666666667,18.666666666666668,14.833333333333334,55.333333333333336,25.0,70.5,0.0,0.0,28.35364515949686,24.007708608451896
841.0,385.3333333333333,982.1688812028628,0.3923289983097564,120.0,15.0,5.333333333333333,99.66666666666669,159.84705545219367,14.833333333333334,0.1666666666666666,0.8333333333333334,4.5,4.166666666666667,67.16666666666667,1.5,26.83333333333333,0.0,0.0,20.84095280383592,19.006102648357757
842.0,546.5,1286.9868051191677,0.4246352781755188,25.0,0.1666666666666666,3.8333333333333335,21.0,75.57844651925569,0.1666666666666666,0.0,3.8333333333333335,0.0,7.0,0.1666666666666666,3.0,10.833333333333334,0.0,0.0,23.56977433474731,27.008672184508384
843.0,320.0,831.9898872239492,0.3846200595871722,0.0,0.0,0.0,0.0,28.877935154057976,0.0,0.0,0.0,0.0,0.0,0.0,0.0,0.0,0.0,0.0,13.20602810823157,15.671907045826408
844.0,508.1666666666667,1008.1630759227576,0.5040520515012403,1013.6666666666669,352.5,51.5,609.6666666666667,1101.3782005295027,223.16666666666663,129.33333333333334,20.5,31.0,36.16666666666666,116.16666666666669,111.66666666666669,345.6666666666667,0.0,0.0,62.70350406236523,25.008029800470727
845.0,298.6666666666667,683.0503347088385,0.4372542571024115,1102.0,229.0,36.5,836.5,1174.4375623606018,203.16666666666663,25.83333333333333,16.0,20.5,114.83333333333331,39.833333333333336,371.8333333333333,310.0,0.0,0.0,57.76631444975876,14.67124791084302
846.0,460.1666666666667,1039.1803358092027,0.4428169498688002,352.5,146.0,54.0,152.5,409.6994316760545,126.66666666666669,19.33333333333333,7.333333333333333,46.66666666666666,18.5,20.5,16.0,97.5,1.0079132257534795,0.0,33.517701003307295,22.67381744699365
847.0,559.0,1529.643812339087,0.3654445534906544,804.0,191.33333333333331,74.5,538.1666666666666,887.2218284026244,168.83333333333334,22.5,26.33333333333333,48.16666666666666,65.5,81.33333333333333,48.16666666666666,343.1666666666667,0.0,0.0,56.21315621811603,27.008672184508384
848.0,963.0,2417.716344019759,0.3983097530783494,0.0,0.0,0.0,0.0,86.73112790472251,0.0,0.0,0.0,0.0,0.0,0.0,0.0,0.0,0.0,0.0,39.71603187983754,47.01509602488497
849.0,216.00000000000057,557.0136773428972,0.38778221933504003,84.83333333333356,1.3333333333333368,0.6666666666666684,82.83333333333356,107.90980985929197,1.3333333333333368,0.0,0.6666666666666684,0.0,0.3333333333333342,78.00000000000021,0.8333333333333356,3.6666666666666763,0.0,0.0,12.406513383190692,10.66996314276773
850.0,365.3333333333333,983.9124124192332,0.37130676340900676,71.0,1.5,1.1666666666666667,68.33333333333333,107.0013840042015,1.5,0.0,1.0,0.1666666666666666,0.3333333333333333,63.333333333333336,1.8333333333333333,2.833333333333333,0.0,0.0,17.995602547862582,18.005781456338926
851.0,219.83333333333331,591.7417107673165,0.37150217625908705,3.0,0.0,0.0,3.0,23.193584487190407,0.0,0.0,0.0,0.0,0.0,0.0,3.0,0.0,0.0,0.0,9.190051374983284,11.00353311220712
852.0,544.0,1446.7968428469717,0.3760030322775173,168.83333333333334,2.5,9.166666666666668,157.16666666666669,225.24089003908068,2.5,0.0,2.5,6.666666666666667,11.5,70.83333333333333,6.166666666666667,68.66666666666667,0.0,0.0,29.39888452123895,27.008672184508384
853.0,863.5,2239.6378750250574,0.3855534011230896,0.0,0.0,0.0,0.0,77.79739231715959,0.0,0.0,0.0,0.0,0.0,0.0,0.0,0.0,0.0,0.0,35.61726952256878,42.18012279459081
854.0,318.0,687.6505331511856,0.4624441990072377,111.5,10.166666666666666,5.666666666666666,95.66666666666666,145.2182363121168,9.166666666666666,1.0,2.5,3.1666666666666665,39.833333333333336,8.666666666666666,5.666666666666667,41.5,0.0,0.0,17.713097239815536,16.005139072301265
855.0,376.1666666666667,861.4312064638754,0.436676386743416,489.5,208.16666666666669,26.166666666666664,255.16666666666669,543.3740829151096,119.5,88.66666666666667,18.0,8.166666666666666,28.166666666666668,27.666666666666668,33.333333333333336,166.0,0.0,0.0,35.70148264685597,18.17260026825359
856.0,577.0,1405.77302499004,0.4104503285685739,337.16666666666663,45.16666666666667,33.666666666666664,258.3333333333333,402.8775923526338,39.333333333333336,5.833333333333333,10.666666666666666,23.0,19.0,37.66666666666666,17.0,184.66666666666663,0.0,0.0,37.70193230943999,28.00899337652721
857.0,723.8333333333334,1950.8919205686964,0.37102687529831574,0.0,0.0,0.0,0.0,65.69692945340834,0.0,0.0,0.0,0.0,0.0,0.0,0.0,0.0,0.0,0.0,29.85218535264516,35.84474410076319
858.0,800.3333333333334,2238.789929835976,0.35748478348389273,6.000000000000001,0.0,0.0,6.000000000000001,78.43246519667153,0.0,0.0,0.0,0.0,0.0,5.166666666666667,0.1666666666666666,0.6666666666666666,0.0,0.0,33.25332269469977,39.17914250197177
859.0,0.0,0.0,0.0,0.0,0.0,0.0,0.0,8.063305806027836,0.0,0.0,0.0,0.0,0.0,0.0,0.0,0.0,8.063305806027836,0.0,0.0,0.0
860.0,93.83333333333331,213.72330044471187,0.43904119549944476,1190.3333333333337,307.6666666666667,128.83333333333331,753.8333333333334,1257.432246296074,307.6666666666667,0.0,115.33333333333331,13.5,116.5,288.3333333333333,102.66666666666669,246.33333333333331,6.047479354520878,0.0,56.04982764812569,5.001605960094146
861.0,2019.1666666666667,5447.493473931989,0.3706597678967455,211.66666666666669,56.0,17.166666666666668,138.5,402.98255690709146,56.0,0.0,15.833333333333334,1.3333333333333333,20.83333333333333,39.66666666666666,26.33333333333333,51.66666666666666,0.336175395858709,0.0,91.94414905206467,99.0355657925014
862.0,268.0,749.1193881835425,0.35775338914914995,3130.333333333333,916.6666666666669,388.0,1825.6666666666663,3424.466573817176,807.3333333333334,109.33333333333331,303.5,84.5,248.0,684.0,280.3333333333333,613.3333333333334,20.15826451506959,0.0,260.9706314359601,13.004344532811936
863.0,297.0,807.0948054685255,0.3679865091283656,460.66666666666674,161.83333333333334,177.5,121.33333333333334,509.6269097241469,34.833333333333336,127.0,102.66666666666669,74.83333333333333,16.333333333333332,1.5,34.833333333333336,68.66666666666667,0.0,0.0,33.95542517719786,15.004817880282438
864.0,443.1666666666667,1020.9906934574698,0.4340555398854154,999.8333333333331,111.16666666666666,384.0,504.6666666666666,1090.185578170215,72.5,38.66666666666666,359.8333333333333,24.166666666666668,134.5,160.66666666666666,50.333333333333336,159.16666666666666,0.0,0.0,68.51192976999215,21.840315066889488
865.0,194.0,291.9082242092141,0.6645924434830514,3143.333333333333,615.0,203.5,2324.833333333333,3297.5075665473173,452.0,163.0,80.33333333333333,123.16666666666669,431.1666666666667,107.66666666666669,684.6666666666666,1101.3333333333333,0.0,0.0,144.1710212937961,10.003211920188292
866.0,601.0,1502.8462242196763,0.3999078483975016,506.16666666666674,35.166666666666664,328.83333333333337,142.16666666666666,580.8411595450224,29.5,5.666666666666667,199.5,129.33333333333334,15.5,62.16666666666666,9.0,55.5,0.0,0.0,45.665178309809626,29.00931456854605
867.0,3.0,9.416297247412716,0.31859656945561055,2091.333333333333,384.3333333333333,907.1666666666669,799.8333333333333,2178.724377863566,215.16666666666663,169.16666666666666,479.6666666666667,427.5,87.5,15.333333333333334,199.5,497.5,1.0079132257534795,0.0,86.38313130447979,0.0
868.0,820.0,2425.500155685937,0.33807460208886364,872.3333333333335,86.33333333333334,166.33333333333334,619.6666666666667,982.1415191738732,51.333333333333336,35.0,67.66666666666667,98.66666666666669,59.333333333333336,147.83333333333334,34.5,378.0,0.0,0.0,69.79533815978687,40.01284768075317
869.0,12.0,31.248891742238158,0.3840136187543564,443.0,79.33333333333333,252.83333333333331,110.83333333333331,462.7663426285649,29.83333333333333,49.5,169.83333333333334,83.0,12.0,2.0,18.0,78.83333333333333,0.0,0.0,18.766021436546108,1.000321192018829
870.0,331.3333333333333,901.7911907396232,0.36741691062826115,437.33333333333337,91.5,90.16666666666669,255.66666666666669,492.8694803410335,69.66666666666667,21.83333333333333,38.333333333333336,51.833333333333336,39.5,54.833333333333336,28.0,133.33333333333334,0.0,0.0,39.53100793539885,16.005139072301265
871.0,341.1666666666667,852.8060460416347,0.4000518854787888,618.6666666666667,185.66666666666669,47.5,385.5,677.6181869835309,111.0,74.66666666666667,25.166666666666668,22.33333333333333,44.5,142.83333333333334,33.666666666666664,164.5,0.0,0.0,42.2796300219835,16.671890294880676
872.0,183.66666666666663,376.3982272206345,0.4879583732975612,1938.0,1050.3333333333333,77.33333333333333,810.3333333333333,2034.1685367321456,709.0,341.3333333333333,51.66666666666666,25.666666666666668,136.16666666666666,154.0,148.16666666666666,372.0,0.0,0.0,87.16564600397597,9.002890728169463
873.0,319.0,725.841928362789,0.439489629263409,79.5,24.5,6.666666666666667,48.333333333333336,111.93967128046386,19.33333333333333,5.166666666666667,3.333333333333333,3.333333333333333,1.8333333333333333,3.5,2.1666666666666665,40.833333333333336,0.0,0.0,16.434532208162597,16.005139072301265
874.0,1371.5,3469.1572902701355,0.3953409676311345,153.66666666666666,15.0,11.666666666666668,127.0,285.0910041920599,12.333333333333334,2.6666666666666665,6.666666666666667,5.0,11.333333333333334,11.166666666666666,7.5,97.0,0.0,0.0,64.40281766013172,67.02151986526155
875.0,0.0,0.0,0.0,0.0,0.0,0.0,0.0,0.0,0.0,0.0,0.0,0.0,0.0,0.0,0.0,0.0,0.0,0.0,0.0,0.0
876.0,1848.8333333333333,4775.608711440187,0.38714087460816654,3202.666666666667,528.0,715.0,1959.6666666666667,3501.8631625163166,453.5,74.5,333.6666666666667,381.3333333333333,208.83333333333331,747.8333333333334,205.0,798.0,0.0,0.0,208.33401853346135,90.86247731618867
877.0,0.0,0.0,0.0,2605.0,494.83333333333337,1287.5,822.6666666666666,2719.219986755803,439.6666666666667,55.16666666666666,567.1666666666666,720.3333333333334,108.5,118.33333333333331,84.83333333333333,511.0,0.0,6.784,107.4359867558028,0.0
878.0,0.0,0.0,0.0,1270.8333333333333,12.666666666666668,1112.3333333333333,145.83333333333334,1323.242002241927,11.833333333333334,0.8333333333333334,150.66666666666666,961.6666666666666,4.0,2.833333333333333,7.666666666666667,131.33333333333334,0.0,0.0,52.4086689085934,0.0
879.0,138.0,247.7899751223954,0.5569232570116494,1084.1666666666667,98.33333333333334,626.1666666666666,359.6666666666667,1277.2552559669832,79.16666666666667,19.166666666666668,425.8333333333333,200.33333333333331,38.333333333333336,51.16666666666666,27.666666666666668,242.5,0.0,135.68,50.40634095618476,7.002248344131804
880.0,449.0,810.4508980512286,0.5540125886462016,1268.1666666666667,429.1666666666666,92.33333333333331,746.6666666666667,1360.9966195520676,258.0,171.16666666666666,59.16666666666666,33.166666666666664,101.66666666666669,67.33333333333333,104.66666666666669,473.0,0.0,0.0,70.82288666098673,22.00706622441424
881.0,0.0,0.0,0.0,2207.333333333333,202.83333333333331,928.8333333333331,1075.6666666666667,2298.365029849782,166.33333333333334,36.5,607.1666666666666,321.6666666666667,79.16666666666667,24.0,19.666666666666668,952.8333333333334,0.0,0.0,91.03169651644856,0.0
882.0,0.0,0.0,0.0,601.3333333333333,9.833333333333334,326.5,265.0,626.1337999756574,8.833333333333334,1.0,185.16666666666663,141.33333333333334,9.833333333333334,7.0,3.6666666666666665,244.5,0.0,0.0,24.80046664232403,0.0
883.0,639.5,1666.9362595401808,0.3836379443665135,382.1666666666667,91.0,29.166666666666668,262.0,455.3153698833319,65.16666666666667,25.83333333333333,13.0,16.166666666666668,52.0,33.5,22.83333333333333,153.66666666666666,0.0,0.0,42.13874626408154,31.009956952583703
884.0,671.0,1489.3175283112157,0.45054193430521705,226.16666666666669,21.666666666666668,20.33333333333333,184.16666666666669,296.17869237658084,20.166666666666668,1.5,15.5,4.833333333333333,48.333333333333336,80.16666666666667,7.833333333333333,47.833333333333336,0.0,0.0,37.00142637329282,33.01059933662136
885.0,233.0,501.65311050707993,0.4644643781127549,339.0,49.0,21.5,268.5,373.59447539762,46.833333333333336,2.1666666666666665,10.333333333333334,11.166666666666666,15.333333333333334,76.83333333333333,19.666666666666668,156.66666666666666,0.0,0.0,23.590942285412904,11.00353311220712
886.0,434.0,1063.1575108948412,0.4082179691649921,7.0,0.1666666666666666,0.0,6.833333333333333,46.19446056615279,0.1666666666666666,0.0,0.0,0.0,3.1666666666666665,0.0,0.5,3.1666666666666665,0.0,0.0,18.187715533757377,21.00674503239541
887.0,353.0,858.4630858925051,0.4111999756320354,0.0,0.0,0.0,0.0,31.563881088393455,0.0,0.0,0.0,0.0,0.0,0.0,0.0,0.0,0.0,0.0,14.558420824073364,17.005460264320096
888.0,0.0,0.0,0.0,802.1666666666666,93.5,234.66666666666663,474.0,835.2510225409804,79.16666666666667,14.333333333333334,124.33333333333331,110.33333333333331,99.66666666666669,94.33333333333331,47.66666666666666,232.33333333333331,0.0,0.0,33.084355874313864,0.0
889.0,0.0,0.0,0.0,246.00000000000003,3.333333333333333,235.83333333333331,6.833333333333334,256.1460276424157,3.333333333333333,0.0,8.5,227.33333333333331,1.6666666666666667,0.0,1.5,3.6666666666666665,0.0,0.0,10.14602764241569,0.0
890.0,0.0,0.0,0.0,728.1666666666667,62.833333333333336,509.6666666666666,155.66666666666669,758.1963973649848,62.833333333333336,0.0,356.0,153.66666666666666,3.5,0.8333333333333334,3.5,147.83333333333334,0.0,0.0,30.029730698318104,0.0
891.0,917.0,2062.3055420427117,0.44464798319443605,467.6666666666666,94.83333333333334,39.66666666666666,333.16666666666663,569.7873466128879,75.66666666666667,19.166666666666668,23.83333333333333,15.833333333333334,14.666666666666666,99.83333333333331,22.666666666666668,196.0,0.0,0.0,57.106226305373866,45.01445364084731
892.0,718.5,1584.1081209988506,0.4535675251427622,108.83333333333331,4.333333333333333,3.5,101.0,177.96536599432434,1.8333333333333333,2.5,0.5,3.0,30.5,3.1666666666666665,2.5,64.83333333333333,0.0,0.0,34.12079094033199,35.01124172065902
893.0,0.0,0.0,0.0,1060.3333333333337,144.0,557.0,359.33333333333337,1104.0652003233663,109.66666666666669,34.333333333333336,446.1666666666667,110.83333333333331,64.66666666666667,42.0,52.16666666666666,200.5,0.0,0.0,43.73186699003304,0.0
894.0,1331.0,3288.3240792777374,0.4047654573913977,47.16666666666666,10.666666666666666,5.666666666666667,30.83333333333333,267.3945401493871,10.666666666666666,0.0,4.666666666666667,1.0,0.8333333333333334,0.1666666666666666,0.3333333333333333,29.5,0.0,98.368,56.83899600149662,65.02087748122389
895.0,350.6666666666667,869.4400700272694,0.4033247129450432,68.0,2.5,3.0,62.5,102.27141257980064,2.5,0.0,3.0,0.0,7.166666666666667,0.3333333333333333,3.5,51.5,0.0,0.0,17.265952315480565,17.005460264320096
896.0,518.6666666666666,1473.2682471530409,0.3520517513826444,87.0,0.5,0.6666666666666666,85.83333333333333,137.32041043981098,0.5,0.0,0.6666666666666666,0.0,12.5,0.1666666666666666,0.8333333333333334,72.33333333333333,0.0,0.0,24.97899658752305,25.341413852287957
897.0,0.0,0.0,0.0,0.0,0.0,0.0,0.0,0.0,0.0,0.0,0.0,0.0,0.0,0.0,0.0,0.0,0.0,0.0,0.0,0.0
898.0,0.0,0.0,0.0,0.0,0.0,0.0,0.0,10.079132257450965,0.0,0.0,0.0,0.0,0.0,0.0,0.0,0.0,10.079132257450965,0.0,0.0,0.0
899.0,0.0,0.0,0.0,0.0,0.0,0.0,0.0,36.28487612712527,0.0,0.0,0.0,0.0,0.0,0.0,0.0,0.0,36.28487612712527,0.0,0.0,0.0
900.0,0.0,0.0,0.0,5.0,0.0,0.0,5.0,5.0,0.0,0.0,0.0,0.0,0.0,5.0,0.0,0.0,0.0,0.0,0.0,0.0
901.0,0.0,0.0,0.0,0.0,0.0,0.0,0.0,0.0,0.0,0.0,0.0,0.0,0.0,0.0,0.0,0.0,0.0,0.0,0.0,0.0
902.0,0.0,0.0,0.0,0.0,0.0,0.0,0.0,0.0,0.0,0.0,0.0,0.0,0.0,0.0,0.0,0.0,0.0,0.0,0.0,0.0
903.0,6.999999990979051,17.693378601554517,0.3956282261638848,0.0,0.0,0.0,0.0,0.28869389698918624,0.0,0.0,0.0,0.0,0.0,0.0,0.0,0.0,0.0,0.0,0.28869389698918624,0.0
904.0,78.5,173.79373273385008,0.451684872435624,0.0,0.0,0.0,0.0,7.2392689724092065,0.0,0.0,0.0,0.0,0.0,0.0,0.0,0.0,0.0,0.0,3.2379842043338907,4.001284768075316
905.0,1.0,2.1880650075235075,0.45702481259083727,0.0,0.0,0.0,0.0,0.0412419853373182,0.0,0.0,0.0,0.0,0.0,0.0,0.0,0.0,0.0,0.0,0.0412419853373182,0.0
906.0,0.0,0.0,0.0,0.0,0.0,0.0,0.0,0.0,0.0,0.0,0.0,0.0,0.0,0.0,0.0,0.0,0.0,0.0,0.0,0.0
907.0,0.0,0.0,0.0,1102.8333333333333,33.166666666666664,744.5,325.16666666666663,1153.0290862114875,9.833333333333334,23.33333333333333,644.1666666666666,100.33333333333331,12.666666666666666,208.66666666666663,9.666666666666666,94.16666666666669,0.0,0.0,50.19575287815434,0.0
908.0,0.0,0.0,0.0,253.0,6.5,172.16666666666666,74.33333333333334,264.5153566964789,0.3333333333333333,6.166666666666667,172.16666666666666,0.0,0.6666666666666666,71.83333333333333,0.6666666666666666,1.1666666666666667,0.0,0.0,11.515356696478904,0.0
909.0,0.0,0.0,0.0,89.0,3.833333333333333,63.16666666666666,22.0,93.05085670350444,0.1666666666666666,3.6666666666666665,63.0,0.1666666666666666,0.1666666666666666,21.33333333333333,0.3333333333333333,0.1666666666666666,0.0,0.0,4.050856703504437,0.0
910.0,0.0,0.0,0.0,0.0,0.0,0.0,0.0,0.0,0.0,0.0,0.0,0.0,0.0,0.0,0.0,0.0,0.0,0.0,0.0,0.0
911.0,0.0,0.0,0.0,915.8333333333334,17.333333333333336,628.5,270.0,957.517817945536,0.6666666666666666,16.666666666666668,628.3333333333334,0.1666666666666666,2.5,262.8333333333333,1.6666666666666667,3.0,0.0,0.0,41.684484612202695,0.0
912.0,0.0,0.0,0.0,0.0,0.0,0.0,0.0,0.0,0.0,0.0,0.0,0.0,0.0,0.0,0.0,0.0,0.0,0.0,0.0,0.0
913.0,191.66666666666663,327.35932563889713,0.58549322305878,0.0,0.0,0.0,0.0,26.05620729413595,0.0,0.0,0.0,0.0,0.0,0.0,0.0,0.0,0.0,0.0,8.722876653270179,17.33333064086577
914.0,34.0,72.96424221654411,0.46598167769760995,1594.5,345.16666666666663,74.33333333333333,1175.0,1671.77088972748,199.16666666666663,146.0,51.66666666666666,22.666666666666668,253.5,132.33333333333334,128.16666666666666,661.0,0.0,0.0,74.10425493560673,3.1666347918732005
915.0,0.0,0.0,0.0,0.0,0.0,0.0,0.0,0.0,0.0,0.0,0.0,0.0,0.0,0.0,0.0,0.0,0.0,0.0,0.0,0.0
916.0,0.0,0.0,0.0,0.0,0.0,0.0,0.0,0.0,0.0,0.0,0.0,0.0,0.0,0.0,0.0,0.0,0.0,0.0,0.0,0.0
917.0,0.0,0.0,0.0,0.0,0.0,0.0,0.0,0.0,0.0,0.0,0.0,0.0,0.0,0.0,0.0,0.0,0.0,0.0,0.0,0.0
918.0,0.0,0.0,0.0,0.0,0.0,0.0,0.0,0.0,0.0,0.0,0.0,0.0,0.0,0.0,0.0,0.0,0.0,0.0,0.0,0.0
919.0,0.0,0.0,0.0,0.0,0.0,0.0,0.0,0.0,0.0,0.0,0.0,0.0,0.0,0.0,0.0,0.0,0.0,0.0,0.0,0.0
920.0,0.0,0.0,0.0,0.0,0.0,0.0,0.0,0.0,0.0,0.0,0.0,0.0,0.0,0.0,0.0,0.0,0.0,0.0,0.0,0.0
921.0,0.0,0.0,0.0,0.0,0.0,0.0,0.0,21.88986859338869,0.0,0.0,0.0,0.0,0.0,0.0,0.0,0.0,21.88986859338869,0.0,0.0,0.0
922.0,0.0,0.0,0.0,0.0,0.0,0.0,0.0,0.0,0.0,0.0,0.0,0.0,0.0,0.0,0.0,0.0,0.0,0.0,0.0,0.0
923.0,70.0,150.29216409428665,0.46575947869168416,0.0,0.0,0.0,0.0,15.200842404880596,0.0,0.0,0.0,0.0,0.0,0.0,0.0,0.0,5.681278456754132,0.0,3.186230542278445,6.33333340584802
924.0,0.0,0.0,0.0,0.0,0.0,0.0,0.0,2239.1978809740813,0.0,0.0,0.0,0.0,0.0,0.0,0.0,0.0,0.0,2239.1978809740813,0.0,0.0
925.0,0.0,0.0,0.0,0.0,0.0,0.0,0.0,553.5527810330536,0.0,0.0,0.0,0.0,0.0,0.0,0.0,0.0,0.0,553.5527810330536,0.0,0.0
926.0,388.1666666666667,912.4972329486856,0.4253894177983719,217.66666666666663,31.5,102.5,83.66666666666666,280.0618427795215,8.833333333333334,22.666666666666668,73.33333333333333,29.166666666666668,14.333333333333334,20.166666666666668,6.0,43.16666666666666,0.0,0.0,27.561769837442924,34.833406275411924
927.0,1272.0,2696.4213774248096,0.47173635791851304,3565.0,696.3333333333333,194.16666666666669,2674.5,3900.083518875845,494.3333333333333,202.0,98.16666666666669,96.0,612.6666666666666,269.0,158.33333333333334,1634.5,0.0,0.0,220.08312599449812,115.00039288134704
928.0,0.0,0.0,0.0,18.0,0.1666666666666666,16.833333333333332,1.0,18.81927438947281,0.1666666666666666,0.0,16.5,0.3333333333333333,0.0,1.0,0.0,0.0,0.0,0.0,0.8192743894728075,0.0
929.0,1456.8333333333333,3101.324739491461,0.46974549771663615,1647.666666666667,231.66666666666669,164.66666666666669,1251.3333333333337,1987.448714937963,158.0,73.66666666666667,90.16666666666669,74.5,360.1666666666667,170.83333333333334,78.83333333333333,641.5,67.0071739757611,0.0,141.2740428228377,131.50083147269754
930.0,0.0,0.0,0.0,642.0,12.166666666666666,461.6666666666666,168.16666666666666,671.2207865578633,0.5,11.666666666666666,460.3333333333333,1.3333333333333333,1.0,163.0,1.0,3.1666666666666665,0.0,0.0,29.220786557863477,0.0
931.0,355.6666666666667,772.4205079137167,0.4604573066389848,13530.5,1697.1666666666667,1327.8333333333333,10505.5,14238.061688609185,1157.6666666666667,539.5,780.1666666666666,547.6666666666666,3006.833333333333,1279.3333333333333,931.5,5287.833333333333,43.1110207777879,0.0,632.2843575871791,32.16631024421803
932.0,2985.0,6223.831682632795,0.47960808585641096,246.0,42.16666666666666,13.833333333333334,190.0,678.6004711212652,31.33333333333333,10.833333333333334,7.166666666666667,6.666666666666667,51.5,17.5,11.166666666666666,109.83333333333331,15.707224687728129,0.0,147.05992726348038,269.8333191700567
933.0,3568.0,7686.424953974033,0.464194995900568,2956.0,318.0,241.33333333333331,2396.6666666666665,3574.941178243958,223.33333333333331,94.66666666666669,106.5,134.83333333333334,634.6666666666666,334.5,270.5,1157.0,0.0,0.0,296.9411743740166,322.0000038699413
934.0,323.1666666666667,717.1493984941322,0.45062669974380637,38.0,8.333333333333334,3.333333333333333,26.33333333333333,98.6143590222089,4.666666666666667,3.6666666666666665,1.1666666666666667,2.1666666666666665,5.0,2.5,1.5,17.333333333333332,3.007783869292199,0.0,28.439902324559643,29.16667282835706
935.0,0.0,0.0,0.0,0.0,0.0,0.0,0.0,0.0,0.0,0.0,0.0,0.0,0.0,0.0,0.0,0.0,0.0,0.0,0.0,0.0
936.0,118.0,300.491024996911,0.3926905970027325,0.0,0.0,0.0,0.0,26.20379851247121,0.0,0.0,0.0,0.0,0.0,0.0,0.0,0.0,0.0,0.0,15.370482455193391,10.83331605727782
937.0,0.0,0.0,0.0,0.0,0.0,0.0,0.0,0.0,0.0,0.0,0.0,0.0,0.0,0.0,0.0,0.0,0.0,0.0,0.0,0.0
938.0,55.0,147.9900793731126,0.3716465335580637,0.0,0.0,0.0,0.0,7.50350185879949,0.0,0.0,0.0,0.0,0.0,0.0,0.0,0.0,0.0,0.0,2.5035017987072337,5.0000000600922565
939.0,53.66666666666666,122.13285099345656,0.43941221571534367,12608.5,1330.8333333333337,1052.6666666666667,10225.0,13218.851789653238,857.8333333333334,473.0,685.5,367.1666666666667,2974.333333333333,1870.5,1110.3333333333333,4269.833333333333,20.720197803215125,0.0,584.6315917899304,5.0000000600922565
940.0,0.0,0.0,0.0,586.0,42.83333333333333,154.33333333333334,388.8333333333333,612.6715852236294,31.33333333333333,11.5,53.333333333333336,101.0,38.0,59.16666666666666,20.33333333333333,271.3333333333333,0.0,0.0,26.671585223629496,0.0
941.0,1509.8333333333333,3829.0895297423776,0.3943060932907764,152.0,0.1666666666666666,0.0,151.83333333333334,364.1316643944217,0.0,0.1666666666666666,0.0,0.0,0.5,151.0,0.0,0.3333333333333333,0.0,0.0,75.63187743773067,136.49978695669097
942.0,0.0,0.0,0.0,1412.3333333333333,14.333333333333332,393.83333333333337,1004.1666666666666,1476.6280577765942,9.5,4.833333333333333,373.1666666666667,20.666666666666668,9.833333333333334,925.6666666666666,6.666666666666667,62.0,0.0,0.0,64.29472444326096,0.0
943.0,0.0,0.0,0.0,299.6666666666667,29.0,112.33333333333334,158.33333333333334,415.2332502274433,20.0,9.0,72.16666666666667,40.16666666666666,14.166666666666666,21.666666666666668,16.0,106.5,101.93008837874864,0.0,13.636495182028076,0.0
944.0,0.0,0.0,0.0,1799.3333333333337,200.83333333333331,511.5,1087.0,1881.230932109726,148.33333333333334,52.5,189.33333333333331,322.1666666666667,134.0,221.16666666666663,106.66666666666669,625.1666666666666,0.0,0.0,81.89759877639243,0.0
945.0,0.0,0.0,0.0,1239.3333333333337,134.83333333333334,474.83333333333337,629.6666666666666,1295.7418598087893,100.66666666666669,34.166666666666664,293.1666666666667,181.66666666666663,37.833333333333336,116.83333333333331,92.0,383.0,0.0,0.0,56.40852647545571,0.0
946.0,0.0,0.0,0.0,1799.8333333333337,263.5,410.6666666666667,1125.6666666666667,1893.2926193017863,177.33333333333334,86.16666666666667,155.83333333333334,254.83333333333331,190.5,179.5,136.83333333333334,618.8333333333334,0.0,11.53234960365468,81.92693636479846,0.0
947.0,0.0,0.0,0.0,4460.333333333334,5.833333333333333,2239.1666666666665,2215.333333333333,4664.349963424737,4.0,1.8333333333333333,0.0,2239.1666666666665,15.333333333333334,784.3333333333334,0.0,1415.6666666666667,1.0025946230973994,0.0,203.01403546830647,0.0
948.0,0.0,0.0,0.0,2838.0,301.8333333333333,275.3333333333333,2260.833333333333,2967.1351704410904,201.66666666666663,100.16666666666669,133.16666666666666,142.16666666666666,620.3333333333334,366.3333333333333,256.5,1017.6666666666666,0.0,0.0,129.13517044109025,0.0
949.0,35.666666666666664,57.70017387668329,0.6181379408473431,1671.0,308.5,227.3333333333333,1135.1666666666667,1752.0100065338145,204.16666666666663,104.33333333333331,104.5,122.83333333333331,252.83333333333331,138.66666666666666,126.33333333333331,617.3333333333334,0.0,0.0,78.01000649775919,3.000000036055354
950.0,0.0,0.0,0.0,986.1666666666669,83.83333333333334,195.66666666666663,706.6666666666667,1052.9484493539212,52.833333333333336,31.0,52.5,143.16666666666666,156.83333333333334,126.16666666666669,72.5,351.1666666666667,21.88986859338869,0.0,44.891914093865886,0.0
951.0,1361.0,4127.527888260644,0.3297373238521062,75.0,17.833333333333332,0.0,57.16666666666666,263.3598916606557,17.833333333333332,0.0,0.0,0.0,0.0,57.0,0.0,0.1666666666666666,0.0,0.0,65.35989018238621,123.00000147826952
952.0,151.66666666666666,402.12791288737657,0.3771602562420076,143.66666666666669,12.333333333333332,5.0,126.33333333333334,171.10884534577977,8.0,4.333333333333333,0.8333333333333334,4.166666666666667,17.0,34.0,6.166666666666667,69.16666666666667,0.0,0.0,13.442178510854788,14.000000168258318
953.0,0.0,0.0,0.0,480.6666666666666,40.5,103.0,337.16666666666663,502.5439869338836,31.666666666666668,8.833333333333334,52.16666666666666,50.833333333333336,14.666666666666666,174.66666666666666,26.666666666666668,121.16666666666669,0.0,0.0,21.87732026721692,0.0
954.0,0.0,0.0,0.0,0.0,0.0,0.0,0.0,0.0,0.0,0.0,0.0,0.0,0.0,0.0,0.0,0.0,0.0,0.0,0.0,0.0
955.0,0.0,0.0,0.0,662.0,64.16666666666666,245.66666666666669,352.1666666666667,759.2089178660618,46.66666666666666,17.5,156.0,89.66666666666667,38.0,49.333333333333336,40.333333333333336,224.5,0.0,0.0,97.20891786606184,0.0
956.0,0.0,0.0,0.0,1451.8333333333337,72.16666666666666,705.5,674.1666666666667,1587.8000768953443,36.16666666666666,36.0,611.0,94.5,143.83333333333334,111.5,71.16666666666667,347.6666666666667,69.84719738730978,0.0,66.1195461747013,0.0
957.0,0.0,0.0,0.0,7374.833333333334,490.83333333333337,3480.5,3403.5,8056.599922480609,345.0,145.83333333333334,2359.5,1121.0,406.0,578.1666666666666,281.6666666666667,2137.6666666666665,4.010378492389599,0.0,677.7562106548856,0.0
958.0,0.0,0.0,0.0,17366.333333333332,1393.0,6586.833333333333,9386.5,18182.346613297348,876.1666666666666,516.8333333333334,658.8333333333334,5928.0,2813.5,1588.3333333333333,1157.3333333333333,3827.3333333333335,25.566231475166934,0.0,790.4470484888426,0.0
959.0,0.0,0.0,0.0,2102.166666666667,78.16666666666667,1017.0,1007.0,2197.846628636269,56.5,21.666666666666668,560.0,457.0,156.5,186.5,45.66666666666666,618.3333333333334,0.0,0.0,95.6799619696024,0.0
960.0,597.0,1642.9125672924602,0.3633790451696789,879.1666666666667,123.5,44.33333333333333,711.3333333333334,1000.3595525777788,82.5,41.0,23.83333333333333,20.5,171.83333333333334,202.0,77.0,260.5,0.0,0.0,67.1928852621157,54.00000064899637
961.0,732.8333333333334,1899.3707776935653,0.38582952941037874,205.16666666666669,7.333333333333334,1.5,196.33333333333331,313.86049876969355,4.5,2.833333333333333,0.5,1.0,8.333333333333334,153.5,10.5,24.0,0.0,0.0,42.69383130980911,66.00000079321778
962.0,475.8333333333333,1101.364082564658,0.43203999555287703,131.83333333333331,34.166666666666664,3.166666666666667,94.5,202.49172178554252,24.83333333333333,9.333333333333334,2.0,1.1666666666666667,10.0,10.0,5.5,69.0,0.0,0.0,27.658387935415835,43.0000005167934
963.0,193.33333335534647,344.20027039620305,0.5616884993518563,6090.833334026842,1085.0000001235394,1007.1666667813438,3998.666667121959,6394.182536394619,692.1666667454775,392.83333337806175,432.00000004918803,575.1666667321558,1125.5000001281508,451.0000000513514,330.5000000376311,2091.666666904826,0.0,0.0,286.01595295671194,17.333249411065008
964.0,673.3333333333334,1513.6022504322834,0.44485487065114365,0.0,0.0,0.0,0.0,99.3134019522316,0.0,0.0,0.0,0.0,0.0,0.0,0.0,0.0,0.0,0.0,38.64677807444938,60.66662387778221
965.0,0.0,0.0,0.0,15169.666675397877,603.6666670141193,7712.333337772323,6853.666670611434,15860.116912075871,20.833333345324377,582.8333336687949,1.0000000005755703,7711.333337771747,166.50000009583246,5264.50000303009,15.166666675396149,1407.5000008101151,0.0,0.0,690.4502366779974,0.0
966.0,292.3333333333333,773.2179495979722,0.37807365114238417,69.0,9.333333333333334,2.1666666666666665,57.5,111.94932871047,6.166666666666667,3.1666666666666665,2.0,0.1666666666666666,20.666666666666668,3.8333333333333335,12.5,20.5,0.0,0.0,16.44933709833241,26.4999916121376
967.0,353.1666666666667,853.8416487183746,0.413620800996032,133.0,20.83333333333333,1.5,110.66666666666669,187.1275125687457,7.666666666666667,13.166666666666666,1.3333333333333333,0.1666666666666666,5.833333333333333,61.0,18.166666666666668,25.666666666666668,0.0,0.0,22.127512184155268,32.00000038459044
968.0,463.8333333333333,732.7174876162148,0.6330316133744053,28.833333333333336,21.0,0.5,7.333333333333334,93.2574120113606,7.5,13.5,0.5,0.0,0.8333333333333334,0.1666666666666666,0.8333333333333334,5.5,0.0,0.0,22.42407817325233,42.00000050477495
969.0,367.0,1052.6567498442955,0.34864166315780054,55.0,0.0,0.0,55.0,107.20743330536028,0.0,0.0,0.0,0.0,0.0,54.833333333333336,0.0,0.1666666666666666,0.0,0.0,19.20743290875138,33.00000039660889
970.0,709.6666666666666,927.6388193142026,0.7650247616753669,104.66666666666669,27.833333333333336,1.8333333333333333,75.0,205.8988753411262,13.333333333333334,14.5,1.1666666666666667,0.6666666666666666,10.666666666666666,6.333333333333333,3.333333333333333,54.66666666666666,0.0,0.0,37.06553543626318,64.16667323819634
971.0,597.6666666666666,1012.6914828938928,0.5901764523176982,310.66666666666663,47.333333333333336,35.83333333333333,227.5,406.012017562362,32.5,14.833333333333334,18.83333333333333,17.0,42.5,44.0,24.5,116.5,0.0,0.0,41.34535024669894,54.00000064899637
972.0,351.6666666666667,658.01813055062,0.5344330958972167,692.1666666666667,61.66666666666667,119.83333333333331,510.6666666666667,771.3437143759506,40.833333333333336,20.83333333333333,101.33333333333331,18.5,141.5,36.333333333333336,120.33333333333331,212.5,0.0,0.0,47.51040386863423,31.66664384064984
973.0,716.8333333333334,1384.9389713988369,0.5175920009018928,0.0,0.0,0.0,0.0,97.62680929847306,0.0,0.0,0.0,0.0,0.0,0.0,0.0,0.0,0.0,0.0,32.62680851727372,65.00000078119933
974.0,953.1666655516337,1951.773897929229,0.4883591621769887,511.8333327345807,53.66666660388635,30.666666630792204,427.4999994999022,664.5128919338514,38.49999995496195,15.166666648924405,12.499999985377256,18.16666664541495,70.16666658458433,128.1666665167348,60.99999992864101,168.16666646994202,0.0,0.0,66.67955826628841,86.00000093298232
975.0,0.0,0.0,0.0,245.0,7.833333333333334,194.0,43.16666666666667,256.1400543844624,4.666666666666667,3.1666666666666665,187.16666666666663,6.833333333333333,2.333333333333333,15.333333333333334,5.166666666666667,20.33333333333333,0.0,0.0,11.140054384462404,0.0
976.0,0.0,0.0,0.0,15106.666666666666,1700.1666666666667,1238.6666666666667,12167.833333333332,15868.195399898035,1022.8333333333334,677.3333333333334,765.0,473.6666666666667,3821.1666666666665,2014.6666666666667,1369.5,4962.5,73.85757587969938,0.0,687.6711573516696,0.0
977.0,0.0,0.0,0.0,3006.166666666667,142.83333333333334,2473.0,390.33333333333337,3142.9928969313514,131.33333333333334,11.5,2194.833333333333,278.1666666666667,183.5,21.83333333333333,5.333333333333333,179.66666666666666,0.0,0.0,136.8262302646843,0.0
978.0,0.0,0.0,0.0,17273.667653541277,1933.166777111839,4034.333563821811,11306.167312607628,18059.885711817384,1092.0000623878586,841.1667147239808,2334.6668000502323,1699.6667637715786,2230.0001274037772,2011.5001149204923,417.6666905286895,6647.000379754667,0.0,0.0,786.2180582761064,0.0
979.0,221.0,581.3798060384876,0.38013016225295193,8315.166666666668,665.1666666666666,1700.6666666666663,5949.333333333334,8814.10156429894,420.3333333333333,244.83333333333331,1431.8333333333333,268.8333333333333,2700.833333333333,779.8333333333334,842.5,1626.1666666666667,0.0,90.33673856076103,388.5981588311436,20.000000240369022
980.0,698.0,2127.321599438246,0.32811212004067386,288.0,53.0,26.166666666666668,208.8333333333333,396.0431965299426,32.333333333333336,20.666666666666668,23.0,3.1666666666666665,34.666666666666664,26.666666666666668,42.833333333333336,104.66666666666669,0.0,0.0,44.87650299236205,63.16669353758059
981.0,563.8333333333334,1126.1260781599465,0.500684021326119,542.3333333333334,70.66666666666666,23.666666666666668,448.0,644.3494211889196,38.5,32.166666666666664,7.0,16.666666666666668,66.83333333333333,189.66666666666663,21.33333333333333,170.16666666666666,1.0025946230973994,0.0,50.346869474891264,50.666623757597705
982.0,342.8333333333333,809.1479077709738,0.42369674325397993,247.16666666666669,139.66666666666669,9.666666666666666,97.83333333333331,305.0211609285691,134.83333333333334,4.833333333333333,3.8333333333333335,5.833333333333333,13.0,13.0,6.5,65.33333333333333,0.0,0.0,26.854493889330413,31.00000037257199
983.0,262.8333333333333,589.9762798333203,0.4454981366498138,0.0,0.0,0.0,0.0,35.96290797056943,0.0,0.0,0.0,0.0,0.0,0.0,0.0,0.0,0.0,0.0,11.962907682126604,24.00000028844283
984.0,1371.3333333333333,2714.1526483060243,0.5052528398464321,10666.166666666666,1077.1666666666663,428.0,9161.0,11337.7425320468,662.6666666666666,414.5,313.8333333333333,114.16666666666669,2159.333333333333,3433.333333333333,880.0,2688.333333333333,0.0,0.0,547.742492877654,123.8333725024784
985.0,2114.0,5080.577200162641,0.41609445476634543,1835.8333333333333,184.66666666666663,20.0,1631.1666666666663,2206.2841599857047,101.83333333333331,82.83333333333333,8.833333333333334,11.166666666666666,87.33333333333333,1089.3333333333333,57.333333333333336,397.1666666666667,0.0,0.0,179.78430566679313,190.66652098557805
986.0,537.1666666666666,1182.992342452654,0.4540745086760063,1266.6666666666667,144.5,57.16666666666667,1065.0,1397.2814640904712,96.33333333333331,48.16666666666666,16.166666666666668,41.0,197.16666666666663,366.8333333333333,68.66666666666667,432.3333333333333,0.0,0.0,82.11482004874004,48.49997737506472
987.0,522.1666666666666,1250.1469650904246,0.4176842253333773,0.0,0.0,0.0,0.0,70.76671181795116,0.0,0.0,0.0,0.0,0.0,0.0,0.0,0.0,0.0,0.0,23.76671125308395,47.00000056486721
988.0,676.6666666666666,1394.195011847137,0.4853457808389132,958.3333333333334,124.66666666666669,48.333333333333336,785.3333333333334,1094.001362414643,77.66666666666667,47.0,36.833333333333336,11.5,224.5,162.33333333333334,105.0,293.5,0.0,0.0,74.33461669218134,61.333412389128206
989.0,449.0,1321.7549978058898,0.3396998692990296,96.33333333333334,5.0,1.1666666666666667,90.16666666666669,161.82125091671378,4.0,1.0,0.1666666666666666,1.0,0.8333333333333334,12.5,69.66666666666667,7.166666666666667,0.0,0.0,24.82122431697276,40.66669326640769
990.0,1133.1666666666667,1895.754181245843,0.5977392416573638,367.33333333333337,42.66666666666667,13.5,311.1666666666667,537.7957885106523,23.0,19.666666666666668,3.333333333333333,10.166666666666666,72.83333333333333,62.333333333333336,72.83333333333333,103.16666666666669,0.0,0.0,68.29576987651173,102.16668530080716
991.0,497.3333333333333,822.6090844708656,0.6045804048629461,327.33333333333337,8.166666666666668,219.33333333333331,99.83333333333334,409.7035748290184,5.166666666666667,3.0,4.833333333333333,214.5,21.33333333333333,8.166666666666666,17.666666666666668,52.66666666666666,0.0,0.0,37.53691342387015,44.83332807181485
992.0,1279.8333333333333,2031.714973998808,0.6299275979712714,1006.6666666666666,143.0,76.5,787.1666666666666,1226.402667340174,102.16666666666669,40.833333333333336,27.83333333333333,48.66666666666666,328.8333333333333,99.33333333333331,70.33333333333333,288.6666666666667,0.0,0.0,104.06930360539955,115.66669706810762
993.0,1001.6666666666666,1705.25019845911,0.5874015833991915,91.5,7.333333333333334,23.5,60.66666666666667,231.5895082025128,4.166666666666667,3.1666666666666665,5.833333333333333,17.666666666666668,13.166666666666666,13.333333333333334,7.833333333333333,26.33333333333333,0.0,0.0,49.756104158120365,90.33340404439242
994.0,464.4999999856065,771.84713054944,0.6018031053052588,940.8333333041794,124.1666666628191,24.666666665902316,791.9999999754582,1046.6171311382188,68.49999999787738,55.66666666494171,18.83333333274974,5.8333333331525745,102.16666666350083,390.16666665457655,50.99999999841966,248.66666665896116,0.0,0.0,63.95046109559818,41.833336738440714
995.0,1323.6666666666667,2256.9169547831093,0.5864932973547854,53.16666666666666,13.666666666666668,2.833333333333333,36.66666666666666,235.500194895033,4.333333333333333,9.333333333333334,0.6666666666666666,2.1666666666666665,8.5,10.666666666666666,2.333333333333333,15.166666666666666,0.0,0.0,62.66688043129219,119.66664779707412
996.0,756.5,1369.9511150118926,0.5522094852219839,377.1666666666667,38.66666666666666,12.5,326.0,496.7656796600229,28.83333333333333,9.833333333333334,6.166666666666667,6.333333333333333,54.0,95.5,16.666666666666668,159.83333333333334,0.0,0.0,51.59901217610161,68.00000081725469
997.0,543.6666666666666,799.1078163551638,0.6803420709190433,102.5,19.5,10.5,72.5,180.91121390149667,12.0,7.5,5.166666666666667,5.333333333333333,11.0,15.166666666666666,22.5,23.83333333333333,0.0,0.0,29.411213312592597,49.00000058890411
998.0,559.0,891.8696844392853,0.6267731819491554,349.00000000000006,28.83333333333333,13.833333333333334,306.33333333333337,440.3278515356095,17.333333333333332,11.5,2.0,11.833333333333334,69.0,110.66666666666669,7.0,119.66666666666669,0.0,0.0,41.32785093468689,50.00000060092256
999.0,0.0,0.0,0.0,2647.0,403.1666666666667,167.16666666666669,2076.6666666666665,2767.4778526139603,269.1666666666667,134.0,68.16666666666667,99.0,242.5,1058.1666666666667,217.33333333333331,558.6666666666666,0.0,0.0,120.47785261396012,0.0
1000.0,295.6666666666667,567.4158133907126,0.5210758313199773,546.8333333333333,49.5,16.0,481.3333333333333,612.1803199107526,22.5,27.0,7.0,9.0,55.5,28.0,303.3333333333333,94.5,0.0,0.0,38.34698625292116,27.000000324498185
1001.0,557.0,944.1437384716756,0.5899525435625288,325.0,161.33333333333334,7.5,156.16666666666666,415.1442112722583,132.5,28.83333333333333,6.0,1.5,15.166666666666666,13.666666666666666,14.5,112.83333333333331,0.0,0.0,40.14421067133573,50.00000060092256
1002.0,469.8333333333333,905.8981144041308,0.5186381623526989,0.0,0.0,0.0,0.0,63.38458405701354,0.0,0.0,0.0,0.0,0.0,0.0,0.0,0.0,0.0,0.0,21.384583552238592,42.00000050477495
1003.0,646.0,984.9695541710706,0.6558578356705247,24.666666666666664,6.833333333333333,0.0,17.833333333333332,113.19215247663712,6.5,0.3333333333333333,0.0,0.0,1.0,0.5,0.3333333333333333,16.0,0.0,0.0,30.52548511290028,58.00000069707017
1004.0,447.1666666666667,834.931488925764,0.5355728854375804,20.0,2.1666666666666665,1.3333333333333333,16.5,81.26313882303494,2.1666666666666665,0.0,1.3333333333333333,0.0,2.1666666666666665,1.8333333333333333,0.8333333333333334,11.666666666666666,0.0,0.0,21.26313834229688,40.00000048073805
1005.0,52.16666666666666,91.2560830921904,0.5716513891349675,0.0,0.0,0.0,0.0,7.374373802565085,0.0,0.0,0.0,0.0,0.0,0.0,0.0,0.0,0.0,0.0,2.374373742472829,5.0000000600922565
1006.0,486.1666670869717,1403.8585472897944,0.34630744530888535,435.6666670433129,73.83333339716438,29.666666692314347,332.16666695383424,521.6241817771789,49.83333337641568,24.000000020748686,10.333333342266798,19.33333335004755,57.000000049278135,66.3333333906804,60.166666718682464,148.66666679519327,0.0,0.0,41.957514167014835,44.000000566851114
1007.0,0.0,0.0,0.0,16316.666666666668,10.666666666666666,5.166666666666667,16300.833333333334,17059.323831045924,7.333333333333333,3.333333333333333,1.1666666666666667,4.0,982.0,45.333333333333336,15186.0,87.5,0.0,0.0,742.6571643792566,0.0
1008.0,0.0,0.0,0.0,3.0,0.0,3.0,0.0,3.136545731578801,0.0,0.0,0.0,3.0,0.0,0.0,0.0,0.0,0.0,0.0,0.1365457315788012,0.0
1009.0,0.0,0.0,0.0,635.3333333333334,40.16666666666667,225.0,370.1666666666667,664.2506766785621,30.666666666666668,9.5,38.5,186.5,21.83333333333333,71.33333333333333,20.33333333333333,256.6666666666667,0.0,0.0,28.917343345228755,0.0
1010.0,0.0,0.0,0.0,1718.6666666666663,102.83333333333331,832.8333333333333,783.0,1796.8913294326217,79.33333333333333,23.5,512.5,320.3333333333333,50.5,150.66666666666666,48.833333333333336,533.0,0.0,0.0,78.2246627659549,0.0
1011.0,34.166666666666664,89.95648441348739,0.37981327182172514,3790.5,270.0,1654.1666666666663,1866.3333333333333,4015.769749420941,202.5,67.5,330.8333333333333,1323.3333333333333,322.0,332.8333333333333,110.33333333333331,1101.1666666666667,0.0,0.0,222.26963335982472,3.000116061116596
1012.0,0.0,0.0,0.0,804.8333333333333,53.833333333333336,288.3333333333333,462.6666666666667,841.4652044309507,42.333333333333336,11.5,84.66666666666667,203.66666666666663,61.16666666666666,37.333333333333336,28.5,335.6666666666667,0.0,0.0,36.63187109761753,0.0
1013.0,0.0,0.0,0.0,0.0,0.0,0.0,0.0,0.0,0.0,0.0,0.0,0.0,0.0,0.0,0.0,0.0,0.0,0.0,0.0,0.0
1014.0,0.0,0.0,0.0,0.0,0.0,0.0,0.0,0.0,0.0,0.0,0.0,0.0,0.0,0.0,0.0,0.0,0.0,0.0,0.0,0.0
1015.0,0.0,0.0,0.0,25.166666666666664,0.1666666666666666,2.333333333333333,22.666666666666664,26.312026526347967,0.1666666666666666,0.0,0.6666666666666666,1.6666666666666667,0.0,0.3333333333333333,0.5,21.83333333333333,0.0,0.0,1.1453598596813015,0.0
1016.0,2087.833333333333,4610.602437843175,0.45283308666925853,401.8333333333333,48.833333333333336,18.166666666666668,334.8333333333333,703.7001031865129,31.166666666666668,17.666666666666668,15.833333333333334,2.333333333333333,84.0,66.83333333333333,37.66666666666666,146.33333333333334,0.0,0.0,113.36699385077566,188.4997760024039
1017.0,2813.5,7203.416643373413,0.39057854616645044,3197.0,447.6666666666667,144.0,2605.333333333333,3724.569206501434,291.6666666666667,156.0,122.33333333333331,21.666666666666668,726.5,255.0,478.6666666666667,1145.1666666666667,0.0,0.0,273.5692034487474,254.00000305268665
1018.0,171.83333333333334,435.617234722924,0.39445944658876636,173.33333333333331,17.833333333333332,51.16666666666666,104.33333333333331,204.8770623377957,11.5,6.333333333333333,39.5,11.666666666666666,13.666666666666666,12.833333333333334,6.5,71.33333333333333,0.0,0.0,15.710401281182646,15.83332772327976
1019.0,359.8333333333333,950.1390884444552,0.37871648236517014,1945.1666666666663,202.5,188.16666666666663,1554.5,2082.746374967705,138.83333333333334,63.66666666666666,38.16666666666666,150.0,680.3333333333334,327.8333333333333,76.5,469.8333333333333,0.0,0.0,104.9130847597731,32.66662354126558
1020.0,1214.6666666666667,3164.462375161365,0.38384613961628394,286.8333333333333,19.5,90.5,176.83333333333331,464.8409238191993,14.166666666666666,5.333333333333333,75.33333333333333,15.166666666666666,45.5,22.666666666666668,25.83333333333333,82.83333333333333,0.0,0.0,68.340893489869,109.66669699599692
1021.0,693.5,1803.523795778256,0.38452500689115726,208.0,26.666666666666668,30.33333333333333,151.0,312.0322325215405,19.166666666666668,7.5,23.83333333333333,6.5,16.0,10.333333333333334,62.16666666666666,62.5,0.0,0.0,41.03223176437809,63.00000075716243
1022.0,1379.5,3512.269908676671,0.39276594221648486,66.66666666666667,10.0,0.1666666666666666,56.5,256.99110662592835,6.333333333333333,3.6666666666666665,0.1666666666666666,0.0,14.833333333333334,5.5,15.5,20.666666666666668,0.0,0.0,65.82442975822921,124.50001020103244
1023.0,0.0,0.0,0.0,508.3333333333333,11.833333333333334,457.5,39.0,531.4700972847522,9.0,2.833333333333333,58.16666666666666,399.3333333333333,5.5,6.5,4.0,23.0,0.0,0.0,23.13676395141897,0.0
1024.0,266.0,463.059140511687,0.5744406636829719,467.8333333333333,45.16666666666667,140.66666666666666,282.0,525.235400635744,27.166666666666668,18.0,7.666666666666667,133.0,86.5,57.833333333333336,17.0,120.66666666666669,0.0,0.0,33.40206701396778,24.00000028844283
1025.0,672.0,1069.601390459916,0.6282714345678326,8.0,0.3333333333333333,0.0,7.666666666666667,99.9503665576538,0.3333333333333333,0.0,0.0,0.0,0.0,0.0,0.0,7.666666666666667,0.0,0.0,30.950365824528287,61.000000733125525
1026.0,1325.0,1716.1268997674372,0.772087425574157,33.333333333333336,1.6666666666666663,23.0,8.666666666666666,214.82715752543623,1.0,0.6666666666666666,5.166666666666667,17.833333333333332,1.3333333333333333,1.5,2.1666666666666665,3.6666666666666665,0.0,0.0,61.82709226303998,119.66673192906296
1027.0,553.3333333333334,740.8084123506754,0.7469317627988851,4999.0,785.8333333333334,95.16666666666669,4118.0,5328.624793413166,122.83333333333331,663.0,10.0,85.16666666666667,1640.1666666666667,64.83333333333333,49.0,2364.0,0.0,26.90881574426213,252.7159770679821,50.00000060092256
1028.0,0.0,0.0,0.0,1770.1666666666667,114.33333333333331,47.5,1608.3333333333337,1850.7360546641123,77.33333333333333,37.0,13.333333333333334,34.166666666666664,138.5,188.33333333333331,30.5,1251.0,0.0,0.0,80.56938799744613,0.0
1029.0,0.0,0.0,0.0,1615.5,228.33333333333331,25.666666666666668,1361.5,1689.0299117970314,213.0,15.333333333333334,8.0,17.666666666666668,954.8333333333334,102.83333333333331,34.833333333333336,269.0,0.0,0.0,73.52991179703139,0.0
1030.0,0.0,0.0,0.0,980.8333333333331,210.8333333333333,26.5,743.5,1025.476509795132,105.5,105.33333333333331,11.833333333333334,14.666666666666666,88.33333333333333,112.16666666666669,29.0,514.0,0.0,0.0,44.64317646179876,0.0
1031.0,444.6666666666667,828.077868814977,0.5369865364268316,0.0,0.0,0.0,0.0,60.40811878446189,0.0,0.0,0.0,0.0,0.0,0.0,0.0,0.0,0.0,0.0,20.24161408656619,40.1665046978957
1032.0,0.0,0.0,0.0,1733.1666666666667,152.83333333333334,19.33333333333333,1561.0,1812.0522472445352,98.16666666666669,54.66666666666666,6.666666666666667,12.666666666666666,171.0,192.83333333333331,16.833333333333332,1180.3333333333333,0.0,0.0,78.88558057786875,0.0
1033.0,47.5,114.21219212215208,0.41589255155174554,1007.5,113.66666666666666,50.66666666666666,843.1666666666666,1059.6808944198642,75.33333333333333,38.333333333333336,14.666666666666666,36.0,182.66666666666663,246.5,53.16666666666666,360.8333333333333,0.0,0.0,48.01419868338126,4.166695736482983
1034.0,468.0,796.7594835005967,0.5873792652505648,6005.333333333334,1527.6666666666667,297.5,4180.166666666667,6341.969260551884,1102.6666666666667,425.0,150.0,147.5,1092.1666666666667,144.0,61.66666666666666,2882.333333333333,0.0,0.0,294.6359267137754,42.00000050477495
1035.0,0.0,0.0,0.0,8872.333333333334,9.833333333333334,10.166666666666666,8852.333333333334,9276.158538727295,6.5,3.333333333333333,3.1666666666666665,7.0,4656.166666666667,4.166666666666667,1047.3333333333333,3144.6666666666665,0.0,0.0,403.8252053939627,0.0
1036.0,145.0,250.31501869011757,0.5792700763972362,5523.333333333333,733.1666666666667,38.16666666666666,4752.0,5794.328826268871,316.6666666666667,416.5,10.333333333333334,27.83333333333333,3684.6666666666665,130.5,135.66666666666666,801.1666666666666,0.0,0.0,257.9954927792965,13.000000156239864
1037.0,254.66666666666663,521.1637544960764,0.4886499962241405,2341.333333333333,305.0,118.5,1917.8333333333333,2482.34092305016,274.0,31.0,37.333333333333336,81.16666666666667,478.8333333333333,244.83333333333331,190.83333333333331,1003.3333333333334,0.0,0.0,118.17408202872654,22.83350768810062
1038.0,1040.0,1882.6321843989256,0.5524180499081632,650.6666666666667,78.33333333333333,52.0,520.3333333333334,821.6169555689959,56.0,22.33333333333333,27.0,25.0,169.83333333333334,93.83333333333331,65.0,191.66666666666663,0.0,0.0,76.95028777259488,94.0000011297344
1039.0,721.8333333333334,1187.2738633488932,0.6079754264086035,244.0,6.0,4.666666666666666,233.33333333333331,352.96012541068825,2.833333333333333,3.1666666666666665,2.1666666666666665,2.5,56.66666666666666,104.33333333333331,9.833333333333334,62.5,0.0,0.0,43.96012462948893,65.00000078119933
1040.0,642.0,1570.1559650059423,0.4088765793387731,308.50000000000006,24.666666666666668,13.0,270.83333333333337,409.7658290329022,18.166666666666668,6.5,7.5,5.5,91.16666666666669,16.833333333333332,23.0,139.83333333333334,0.0,0.0,43.26588635295786,57.99994267994433
1041.0,744.8333333333334,1527.3409601020503,0.48766670494030806,142.33333333333331,9.666666666666668,3.0,129.66666666666666,249.71192268544644,7.666666666666667,2.0,1.5,1.5,20.33333333333333,42.66666666666666,22.5,44.16666666666666,0.0,0.0,40.378588546876905,67.00000080523624
1042.0,417.1666666666667,765.8454882239392,0.5447138790803764,825.8333333333334,53.83333333333333,47.5,724.5,920.0796461594804,37.5,16.333333333333332,9.0,38.5,205.16666666666663,76.5,158.0,284.8333333333333,0.0,0.0,56.57968922478923,37.66662360135784
1043.0,629.0,942.3238232827532,0.6674987774465536,971.6666666666669,222.5,40.0,709.1666666666667,1101.5210322968558,65.33333333333333,157.16666666666666,23.33333333333333,16.666666666666668,240.83333333333331,140.33333333333334,73.66666666666667,254.33333333333331,0.0,0.0,72.85436494513746,57.00000068505173
1044.0,456.5,870.9061631619087,0.5241666890295422,3569.0,271.1666666666667,166.83333333333331,3131.0,3793.215183418729,180.83333333333331,90.33333333333331,59.0,107.83333333333331,769.1666666666666,730.1666666666666,198.5,1433.1666666666667,0.0,0.0,183.2151829259725,41.000000492756506
1045.0,688.8333333333334,1031.5354948485272,0.6677747268740211,366.5,33.0,11.833333333333332,321.6666666666667,476.5340307883698,24.33333333333333,8.666666666666666,5.5,6.333333333333333,72.5,37.333333333333336,76.5,135.33333333333334,0.0,0.0,48.03403004322587,62.00000074514398
1046.0,503.8333333333333,762.6332373801671,0.6606495870336374,485.5,59.5,6.5,419.5,576.1964832340612,46.16666666666666,13.333333333333334,3.1666666666666665,3.333333333333333,68.66666666666667,102.33333333333331,187.0,61.5,0.0,0.0,45.02981892294158,45.66666431111972
1047.0,501.0,891.5056883880962,0.5619706150230432,138.0,50.0,5.833333333333333,82.16666666666667,212.0840892900768,7.0,43.0,1.8333333333333333,4.0,28.166666666666668,2.0,21.0,31.0,0.0,0.0,29.084088749246465,45.00000054083031
1048.0,540.0,984.9075068669144,0.5482748341697505,1954.6666666666667,169.5,81.0,1704.1666666666667,2117.211724126386,117.0,52.5,30.166666666666668,50.833333333333336,233.66666666666663,246.16666666666663,755.1666666666666,469.1666666666667,0.0,0.0,113.54505687081488,49.00000058890411
1049.0,397.0,609.4939015857259,0.6513600857483913,102.0,1.6666666666666663,4.0,96.33333333333334,160.71210711860485,1.3333333333333333,0.3333333333333333,4.0,0.0,0.0,39.833333333333336,0.0,56.5,0.0,0.0,22.71210668594061,36.000000432664244
1050.0,461.1666666666667,744.1182903265659,0.6197491348644014,24.0,0.5,0.5,23.0,87.91570041356582,0.5,0.0,0.1666666666666666,0.3333333333333333,6.0,0.1666666666666666,0.5,16.333333333333332,0.0,0.0,22.082372377806312,41.8333280357595
1051.0,621.0,950.5083457292026,0.6533346106746561,28358.0,333.16666666666663,29.5,27995.33333333333,29732.98634475474,179.0,154.16666666666666,12.5,17.0,126.16666666666669,27012.83333333333,633.3333333333334,223.0,0.0,0.0,1318.98634408171,56.00000067303327
1052.0,0.0,0.0,0.0,2771.0000013566473,323.33333349163337,166.50000008151636,2281.166667783498,2897.121630063232,182.50000008934975,140.8333334022836,42.166666687310936,124.33333339420538,446.83333355209743,683.6666670013814,281.00000013757415,869.6666670924448,0.0,0.0,126.1216287065844,0.0
1053.0,0.0,0.0,0.0,0.0,0.0,0.0,0.0,0.0,0.0,0.0,0.0,0.0,0.0,0.0,0.0,0.0,0.0,0.0,0.0,0.0
1054.0,0.0,0.0,0.0,2690.4999999999995,12.166666666666668,2506.333333333333,172.0,2813.9615851434287,7.0,5.166666666666667,19.666666666666668,2486.6666666666665,123.16666666666669,10.0,4.666666666666667,34.166666666666664,1.0025946230973994,0.0,122.45899052033135,0.0
1055.0,0.0,0.0,0.0,2404.333333333333,117.16666666666666,1671.8333333333333,615.3333333333334,2513.766143812958,90.83333333333331,26.33333333333333,87.0,1584.8333333333333,67.0,101.66666666666669,31.5,415.1666666666667,0.0,0.0,109.43281047962442,0.0
1056.0,0.0,0.0,0.0,2308.5,152.5,1015.5,1140.5,2423.18154452681,121.5,31.0,533.5,482.0,96.83333333333331,151.83333333333334,93.16666666666669,798.6666666666666,0.0,9.61029133661902,105.07125319019072,0.0
1057.0,0.0,0.0,0.0,888.6666666666667,76.5,451.33333333333337,360.83333333333337,929.1143507946904,59.833333333333336,16.666666666666668,143.33333333333334,308.0,53.16666666666666,51.66666666666666,27.166666666666668,228.83333333333331,0.0,0.0,40.44768412802368,0.0
1058.0,0.0,0.0,0.0,1196.8333333333337,139.83333333333334,236.83333333333331,820.1666666666667,1251.3072451385897,105.5,34.333333333333336,159.83333333333334,77.0,165.33333333333334,130.66666666666666,43.5,480.6666666666667,0.0,0.0,54.4739118052564,0.0
1059.0,397.0,1016.062371140853,0.39072404536961775,1257.3333333333333,81.83333333333333,207.0,968.5,1368.3096373859144,58.0,23.83333333333333,57.333333333333336,149.66666666666666,114.16666666666669,61.66666666666666,365.3333333333333,427.3333333333333,0.0,0.0,75.30969207955368,35.66661197302734
1060.0,473.1666666666667,984.421627650142,0.48065448114558035,2.5,0.1666666666666666,1.3333333333333333,1.0,67.14991069281207,0.0,0.1666666666666666,0.3333333333333333,1.0,0.0,0.3333333333333333,0.5,0.1666666666666666,0.0,0.0,21.649910176018675,43.0000005167934
1061.0,424.5,1071.8180053457445,0.3960560448534971,293.5,35.833333333333336,4.5,253.16666666666663,364.513240155535,31.5,4.333333333333333,1.0,3.5,14.666666666666666,103.33333333333331,77.83333333333333,57.333333333333336,0.0,0.0,32.67990636509661,38.33333379043847
1062.0,252.16666666666663,640.6805000958205,0.39359191770149465,57.33333333333334,18.0,2.166666666666667,37.16666666666667,94.42033838266345,9.333333333333334,8.666666666666666,0.5,1.6666666666666667,5.0,4.666666666666667,5.0,22.5,0.0,0.0,14.087004772905717,23.000000276424377
1063.0,244.0,700.4817946099132,0.34833167953476873,81.33333333333333,14.833333333333332,1.6666666666666663,64.83333333333333,118.14079687049195,3.6666666666666665,11.166666666666666,0.3333333333333333,1.3333333333333333,10.333333333333334,16.333333333333332,15.666666666666666,22.5,0.0,0.0,14.807463272752695,22.00000026440593
1064.0,287.3333333333333,505.1796934548272,0.5687745114383274,155.16666666666669,1.3333333333333333,33.166666666666664,120.66666666666669,201.30703005857703,0.6666666666666666,0.6666666666666666,0.6666666666666666,32.5,7.833333333333333,103.16666666666669,0.6666666666666666,9.0,0.0,0.0,20.140363079430653,26.00000031247973
1065.0,636.5,1090.250299843455,0.5838108919496676,218.66666666666663,6.166666666666667,29.0,183.5,315.0898158315467,5.166666666666667,1.0,26.33333333333333,2.6666666666666665,9.0,14.0,2.0,158.5,0.0,0.0,38.92318618787503,57.499962977005005
1066.0,842.8333333333334,1472.9676257359083,0.5722008539815979,1704.9999999999998,213.5,73.33333333333333,1418.1666666666663,1896.9660549563816,146.33333333333334,67.16666666666667,24.83333333333333,48.5,297.3333333333333,185.0,95.0,840.8333333333334,0.0,0.0,115.96608305068423,75.9999719056977
1067.0,159.0,200.4516447446841,0.7932087571669407,1013.1666666666669,383.1666666666667,9.166666666666666,620.8333333333334,1080.5183675617077,78.66666666666667,304.5,3.1666666666666665,6.0,150.66666666666666,65.0,21.0,384.1666666666667,0.0,0.0,53.35170072678259,14.000000168258318
1068.0,0.0,0.0,0.0,0.0,0.0,0.0,0.0,0.0,0.0,0.0,0.0,0.0,0.0,0.0,0.0,0.0,0.0,0.0,0.0,0.0
1069.0,483.0,851.4722107717248,0.5672528050706869,893.1666666666667,226.16666666666663,86.5,580.5000000000001,1001.7251604134676,114.83333333333331,111.33333333333331,13.0,73.5,244.83333333333331,17.5,205.83333333333331,112.33333333333331,0.0,1.9220582670356592,62.63643495095323,44.00000052881185
1070.0,344.8333333333333,461.348913866206,0.747445854903079,1516.5,269.0,35.0,1212.5,1632.3859374354931,116.0,153.0,10.833333333333334,24.166666666666668,249.0,123.83333333333331,50.333333333333336,789.3333333333334,0.0,0.0,84.7192442825031,31.16669315299016
1071.0,249.0,392.9056844076819,0.6337398767222612,1368.333333333333,216.3333333333333,41.33333333333333,1110.6666666666663,1463.9465639916248,134.0,82.33333333333333,16.0,25.33333333333333,208.33333333333331,141.16666666666666,45.0,716.1666666666666,0.0,0.0,73.61323039388553,22.00000026440593
1072.0,353.3333333333333,571.8036084161032,0.617927778231528,991.6666666666669,259.1666666666667,27.666666666666664,704.8333333333334,1084.7183211214913,56.66666666666666,202.5,13.166666666666666,14.5,328.1666666666667,76.16666666666667,30.0,270.5,0.0,0.0,61.21837585835707,31.83327859646769
1073.0,483.0,602.3785956793654,0.8018213187924952,507.00000000000006,42.5,18.666666666666668,445.83333333333337,596.0599498113338,11.833333333333334,30.666666666666668,2.833333333333333,15.833333333333334,134.83333333333334,21.0,89.83333333333333,200.16666666666663,0.0,0.0,45.05994928252196,44.00000052881185
1074.0,745.6666666666666,1259.9160978578248,0.5918383517239665,878.3333333333334,167.16666666666669,45.16666666666667,666.0,1019.8648319080228,68.5,98.66666666666669,33.333333333333336,11.833333333333334,186.0,43.333333333333336,79.16666666666667,357.5,0.0,0.0,74.03217084788561,67.49932772680397
1075.0,187.0,311.733824039233,0.5998707409320628,2239.333333333333,658.6666666666667,175.66666666666666,1405.0,2366.76870268131,235.0,423.6666666666667,45.66666666666666,130.0,290.1666666666667,251.33333333333331,110.83333333333331,752.6666666666666,0.0,0.0,110.4353691436632,17.00000020431367
1076.0,95.5,158.98573117815823,0.6006828367067948,2949.0000000000005,350.83333333333337,111.0,2487.166666666667,3096.4057028185257,160.5,190.33333333333331,26.5,84.5,741.8333333333334,834.8333333333334,138.0,772.5,0.0,0.0,138.57238678528503,8.833316033240918
1077.0,357.0,541.9818556764786,0.6586936375469762,3208.0,458.83333333333337,94.16666666666669,2655.0,3402.261446859128,87.16666666666667,371.6666666666667,38.333333333333336,55.833333333333336,1012.6666666666666,78.66666666666667,83.16666666666667,1480.5,0.0,0.0,162.26144647453725,32.00000038459044
1078.0,93.33333333333331,173.12279062538315,0.5391163866766415,1288.5,235.33333333333331,28.333333333333336,1024.8333333333333,1360.061849905684,32.833333333333336,202.5,10.166666666666666,18.166666666666668,509.0,22.0,41.16666666666666,452.6666666666667,0.0,0.0,62.89516862816058,8.666681277523649
1079.0,147.0,235.750507921914,0.6235405441785508,5037.333333333333,965.3333333333331,366.0,3706.0,5286.60026097035,344.1666666666667,621.1666666666666,159.33333333333334,206.66666666666663,1494.0,573.1666666666666,334.3333333333333,1304.5,0.0,0.0,235.9333359379204,13.333591699096525
1080.0,0.0,0.0,0.0,4012.6666666666665,334.16666666666663,94.0,3584.5,4195.304066342944,50.833333333333336,283.3333333333333,21.0,73.0,1270.6666666666667,46.16666666666666,18.166666666666668,2249.5,0.0,0.0,182.63739967627723,0.0
1081.0,469.8333333333333,969.0090397415024,0.4848595978616137,2934.0,338.5,98.0,2497.5,3131.409749355973,110.0,228.5,23.666666666666668,74.33333333333333,1008.1666666666666,150.33333333333334,141.5,1197.5,0.0,0.0,154.90971113416398,42.50003822180911
1082.0,121.0,184.11173680659263,0.6572095951009858,3985.666666666667,120.66666666666669,180.66666666666669,3684.3333333333335,4237.400030387113,83.16666666666667,37.5,19.83333333333333,160.83333333333334,1247.3333333333333,1642.1666666666667,32.833333333333336,762.0,0.0,53.81763148852426,186.91573209971867,11.000000132202963
1083.0,265.0,400.6881429347039,0.6613622206514466,1816.8333333333333,243.5,15.0,1558.3333333333333,1935.5884291878435,87.33333333333333,156.16666666666666,5.0,10.0,730.6666666666666,60.66666666666666,21.83333333333333,745.1666666666666,0.0,0.0,94.7550955660676,24.00000028844283
1084.0,469.8333333333333,814.3960803320138,0.5769101112836781,2165.5,679.6666666666666,35.0,1450.8333333333333,2328.125282644038,572.1666666666666,107.5,16.833333333333332,18.166666666666668,507.0,585.0,55.5,303.3333333333333,0.0,0.0,119.9586444701019,42.666638173936576
1085.0,342.1666666666667,524.5443895984348,0.652312127346577,1512.5,121.33333333333331,67.83333333333333,1323.3333333333333,1627.5992856142814,77.33333333333333,44.0,31.83333333333333,36.0,249.33333333333331,555.1666666666666,102.16666666666669,416.6666666666667,0.0,0.0,84.4331436782732,30.66614193600812
1086.0,731.0,1120.638315236707,0.6523068059167639,2005.3333333333333,312.3333333333333,88.0,1605.0,2195.8779085490264,122.16666666666669,190.16666666666663,25.83333333333333,62.16666666666666,450.5,235.83333333333331,96.66666666666669,822.0,0.0,0.0,124.54457442247566,66.00000079321778
1087.0,555.0,1030.781474644759,0.538426440183426,1371.3333333333333,54.0,31.0,1286.3333333333333,1509.0111204739555,40.833333333333336,13.166666666666666,6.0,25.0,539.3333333333334,137.16666666666666,25.666666666666668,584.1666666666666,0.0,0.0,87.67778653969991,50.00000060092256
1088.0,366.8333333333333,513.4738101178036,0.7144148856378335,550.3333333333334,45.33333333333333,28.166666666666664,476.83333333333337,625.0786894257114,29.0,16.333333333333332,13.5,14.666666666666666,100.66666666666669,81.5,155.33333333333334,139.33333333333334,0.0,0.0,41.74535569576916,33.00000039660889
1089.0,411.0,573.3256499561663,0.7168700720636222,644.3333333333334,108.33333333333334,33.5,502.5,729.3671133010955,80.66666666666667,27.666666666666668,22.166666666666668,11.333333333333334,120.0,71.33333333333333,46.833333333333336,264.3333333333333,0.0,0.0,48.03377952307955,37.0000004446827
1090.0,690.0,1105.270777633653,0.6242814104587714,590.1666666666666,141.66666666666669,27.333333333333336,421.1666666666666,710.4307517161237,47.0,94.66666666666669,10.333333333333334,17.0,131.16666666666666,41.333333333333336,64.5,184.16666666666663,0.0,0.0,58.26408430431309,62.00000074514398
1091.0,725.0,1025.0048282719456,0.707313741362835,34.66666666666667,12.333333333333334,6.0,16.333333333333332,134.57677431450367,7.666666666666667,4.666666666666667,0.1666666666666666,5.833333333333333,1.3333333333333333,4.0,2.333333333333333,8.666666666666666,0.0,0.0,34.57679093631133,65.33331671152565
1092.0,498.6666666666667,786.1023642963272,0.634353348005821,467.83333333333337,62.833333333333336,13.5,391.5,556.825842345069,53.5,9.333333333333334,4.5,9.0,128.5,38.833333333333336,52.66666666666666,171.5,0.0,0.0,43.99250847090522,45.00000054083031
1093.0,354.5,642.4311400807501,0.5518101129958322,831.1666666666667,66.33333333333333,25.666666666666664,739.1666666666667,919.2993009950036,43.16666666666666,23.166666666666668,10.166666666666666,15.5,111.16666666666669,270.1666666666667,124.5,233.33333333333331,0.0,0.0,55.96596147473088,32.166672853605895
1094.0,770.6666666666666,1109.1385405761282,0.6948335473640231,349.5,42.66666666666666,15.666666666666668,291.1666666666667,470.161910268651,27.83333333333333,14.833333333333334,12.833333333333334,2.833333333333333,95.33333333333331,38.66666666666666,39.333333333333336,117.83333333333331,0.0,0.0,50.995158638198525,69.66675163045252
1095.0,294.0,493.7975479347994,0.5953857025608793,1155.0,89.0,40.16666666666667,1025.8333333333333,1247.4551032875106,60.833333333333336,28.166666666666668,18.666666666666668,21.5,184.66666666666663,151.5,77.16666666666667,612.5,0.0,0.0,65.95513487476906,26.49996841274155
1096.0,471.8333333333333,807.1878304678298,0.5845397013231335,1255.6666666666663,119.16666666666669,51.16666666666667,1085.3333333333333,1376.967801288476,75.66666666666667,43.5,23.5,27.666666666666668,319.3333333333333,195.66666666666663,152.16666666666666,418.1666666666667,0.0,0.0,78.63446163357641,42.666672988233024
1097.0,592.1666666666666,850.0930475213692,0.6965904125357302,229.0,35.16666666666667,3.333333333333333,190.5,409.7200373208641,18.666666666666668,16.5,1.1666666666666667,2.1666666666666665,19.166666666666668,10.666666666666666,117.0,43.66666666666666,0.0,3.8441165340713184,123.37592304336395,53.4999977434288
1098.0,631.8333333333334,1028.6860384189024,0.6142139678540457,192.83333333333331,16.166666666666668,4.333333333333334,172.33333333333334,287.36831010930433,4.833333333333333,11.333333333333334,1.0,3.333333333333333,19.83333333333333,15.0,75.66666666666667,61.833333333333336,0.0,0.0,37.53497609091928,57.00000068505173
1099.0,620.8333333333334,895.1939858318929,0.6935182129897807,338.0,34.333333333333336,12.5,291.1666666666667,437.6415289624467,28.166666666666668,6.166666666666667,7.0,5.5,38.333333333333336,51.833333333333336,124.83333333333331,76.16666666666667,0.0,0.0,43.641528289413486,56.00000067303327
1100.0,485.1666666666667,890.4838795027991,0.5448348676873961,143.66666666666666,17.5,9.166666666666666,117.0,216.28805191731377,13.0,4.5,2.1666666666666665,7.0,28.166666666666668,15.666666666666666,19.5,53.66666666666666,0.0,0.0,28.621384721835245,44.00000052881185
1101.0,327.0,691.4856807527798,0.47289482501505214,309.0,167.5,11.5,130.0,367.6172150429826,39.833333333333336,127.66666666666669,3.1666666666666665,8.333333333333334,24.5,28.166666666666668,12.833333333333334,64.5,0.0,0.0,28.95057993186263,29.66663511111992
1102.0,372.0,785.7841387949235,0.4734124572309365,7556.833333333333,85.66666666666666,518.5,6952.666666666666,7951.716182759192,32.5,53.16666666666666,454.0,64.5,1608.0,220.83333333333331,4758.5,365.3333333333333,0.0,0.0,360.8828490172311,34.00000040862734
1103.0,0.0,0.0,0.0,0.0,0.0,0.0,0.0,0.0,0.0,0.0,0.0,0.0,0.0,0.0,0.0,0.0,0.0,0.0,0.0,0.0
1104.0,0.0,0.0,0.0,853.6666666666667,90.0,312.8333333333333,450.83333333333337,892.5786357378813,71.5,18.5,117.16666666666669,195.66666666666663,39.0,72.5,46.833333333333336,292.5,0.0,0.0,38.91196907121455,0.0
1105.0,0.0,0.0,0.0,3502.666666666667,15.666666666666666,1620.0,1867.0,3662.091148208199,12.0,3.6666666666666665,298.0,1322.0,1785.5,18.166666666666668,10.0,53.333333333333336,0.0,0.0,159.4244815415317,0.0
1106.0,0.0,0.0,0.0,1575.4999999999998,92.83333333333331,1439.1666666666663,43.5,1647.209706953117,91.0,1.8333333333333333,443.5,995.6666666666666,29.666666666666668,1.6666666666666667,3.6666666666666665,8.5,0.0,0.0,71.7097069531164,0.0
1107.0,0.0,0.0,0.0,818.6666666666666,10.0,667.5,141.16666666666666,855.9281324185749,7.333333333333333,2.6666666666666665,312.1666666666667,355.3333333333333,5.166666666666667,6.166666666666667,5.5,124.33333333333331,0.0,0.0,37.26146575190829,0.0
1108.0,713.6666666666666,1210.9794386898463,0.5893301272222917,2.5,0.3333333333333333,0.0,2.1666666666666665,99.59690573062475,0.3333333333333333,0.0,0.0,0.0,0.3333333333333333,0.3333333333333333,0.1666666666666666,1.3333333333333333,0.0,0.0,32.596887552781446,64.50001817784333
1109.0,369.6666666666667,1062.4189419840498,0.3479481135533223,16.833333333333332,0.3333333333333333,0.0,16.5,67.42505289103215,0.3333333333333333,0.0,0.0,0.0,1.1666666666666667,1.0,1.0,13.333333333333334,0.0,0.0,17.591719161089937,33.00000039660889
1110.0,265.8333333333333,474.841236874003,0.559836241442255,297.8333333333333,33.83333333333333,11.333333333333334,252.66666666666663,347.489071903962,25.33333333333333,8.5,2.833333333333333,8.5,40.0,32.0,93.83333333333331,86.83333333333333,0.0,0.0,25.655738282185755,24.00000028844283
1111.0,267.5,511.9920911430361,0.5224690080715877,218.0,2.5,1.0,214.5,264.0987681550579,1.8333333333333333,0.6666666666666666,0.8333333333333334,0.1666666666666666,4.333333333333333,201.16666666666663,2.1666666666666665,6.833333333333333,0.0,0.0,22.09879978231136,23.99996837274652
1112.0,170.0,371.16633863751866,0.4580156719600107,233.5,6.666666666666666,5.0,221.83333333333331,267.0324585849662,4.0,2.6666666666666665,4.833333333333333,0.1666666666666666,7.833333333333333,6.166666666666667,181.83333333333331,26.0,0.0,0.0,18.36579753996756,15.166661044998625
1113.0,111.83333333333331,229.59256604482545,0.48709474901508387,32.66666666666667,4.666666666666666,1.1666666666666663,26.833333333333336,49.24253729295327,3.1666666666666665,1.5,0.6666666666666666,0.5,12.666666666666666,3.333333333333333,2.1666666666666665,8.666666666666666,0.0,0.0,6.575870506102102,10.000000120184511
1114.0,1016.1666666666666,1775.1674708083583,0.572434253881373,1037.1666666666663,84.83333333333333,225.3333333333333,727.0,1222.4714140746926,61.0,23.83333333333333,115.83333333333331,109.5,354.6666666666667,93.66666666666669,52.66666666666666,226.0,0.0,0.0,93.47146520700126,91.83328220102476
1115.0,547.8333333333334,1020.1044462184278,0.5370365116671882,2387.0,281.6666666666667,220.0,1885.3333333333333,2569.73276470065,198.0,83.66666666666667,145.66666666666666,74.33333333333333,532.3333333333334,280.6666666666667,297.5,774.8333333333334,0.0,0.0,133.39894339444174,49.33382130620834
1116.0,423.3333333333333,694.4627761501642,0.6095839084135384,830.0,104.0,52.83333333333333,673.1666666666667,925.3369710621108,69.0,35.0,39.16666666666666,13.666666666666666,221.83333333333331,110.33333333333331,83.33333333333333,257.6666666666667,0.0,0.0,57.003535726880266,38.333435335230575
1117.0,261.0,450.586552392152,0.5792449832653859,395.8333333333333,47.16666666666666,36.16666666666666,312.5,449.0981979184554,33.0,14.166666666666666,24.83333333333333,11.333333333333334,89.0,19.5,36.5,167.5,0.0,0.0,29.931568674220653,23.33329591090147
1118.0,806.8333333333334,1355.5551586780812,0.59520509229602,40.833333333333336,4.333333333333334,11.5,25.0,152.24903887220762,3.8333333333333335,0.5,4.166666666666667,7.333333333333333,6.666666666666667,2.333333333333333,1.8333333333333333,14.166666666666666,0.0,0.0,38.58232491263495,72.83338062623936
1119.0,0.0,0.0,0.0,395.0,57.83333333333333,135.0,202.16666666666669,412.9781429740066,45.66666666666666,12.166666666666666,111.33333333333331,23.666666666666668,36.333333333333336,48.0,22.666666666666668,95.16666666666669,0.0,0.0,17.978142974006563,0.0
1120.0,568.3333333333334,958.5865070849852,0.5928868486388436,1005.6666666666666,159.33333333333331,53.66666666666667,792.6666666666666,1128.6742583128182,110.33333333333331,49.0,37.833333333333336,15.833333333333334,219.16666666666663,98.5,95.66666666666669,379.3333333333333,0.0,0.0,71.67430701706587,51.33328462908582
1121.0,575.6666666666666,1007.7624903234628,0.5712324800676936,234.0,49.66666666666666,13.0,171.33333333333331,323.1873703306863,33.166666666666664,16.5,9.833333333333334,3.1666666666666665,39.0,10.5,19.83333333333333,102.0,0.0,0.0,36.85397545656525,52.33339487412102
1122.0,804.0,1259.8598949106022,0.6381661986764414,61.16666666666667,6.333333333333333,7.0,47.833333333333336,173.04178239847786,3.6666666666666665,2.6666666666666665,4.833333333333333,2.1666666666666665,14.0,5.166666666666667,4.0,24.666666666666668,0.0,0.0,39.37509745782025,72.50001827399095
1123.0,0.0,0.0,0.0,682.1666666666667,153.33333333333331,88.5,440.33333333333337,713.2158693717358,123.83333333333331,29.5,40.66666666666666,47.833333333333336,43.0,125.0,112.0,160.33333333333334,0.0,0.0,31.049202705069245,0.0
1124.0,452.3333333333333,749.4756461713032,0.6035330642751081,1048.8333333333337,104.83333333333334,61.33333333333333,882.6666666666667,1158.2155111289803,68.16666666666667,36.66666666666666,30.5,30.83333333333333,237.33333333333331,100.0,109.16666666666669,436.1666666666667,0.0,0.0,68.38213669695185,41.000041098695135
1125.0,295.3333333333333,480.4402099380497,0.6147140210670856,143.33333333333331,19.166666666666664,6.0,118.16666666666666,190.13881217300604,13.666666666666666,5.5,4.166666666666667,1.8333333333333333,37.16666666666666,12.833333333333334,17.833333333333332,50.333333333333336,0.0,0.0,19.97211326937701,26.8333655702957
1126.0,531.5,904.2059859732734,0.5878085394755506,45.5,8.833333333333332,2.0,34.666666666666664,119.92904415473583,4.5,4.333333333333333,0.6666666666666666,1.3333333333333333,14.666666666666666,3.333333333333333,1.5,15.166666666666666,0.0,0.0,26.26235079743201,48.16669335730384
1127.0,672.5,1151.7581027691856,0.5838899664635311,1051.5,131.5,53.66666666666666,866.3333333333333,1190.6763788409305,84.83333333333333,46.66666666666666,44.0,9.666666666666666,269.6666666666667,119.5,110.33333333333331,366.8333333333333,0.0,0.0,78.50961281100398,60.66676602992646
1128.0,729.5,1193.451221230933,0.6112524643006265,241.83333333333331,38.16666666666667,9.666666666666666,194.0,352.0370920829647,28.166666666666668,10.0,8.166666666666666,1.5,70.83333333333333,22.83333333333333,22.0,78.33333333333333,0.0,0.0,44.2037579564136,66.00000079321778
1129.0,175.5,290.62832644995143,0.6038640560049556,302.3333333333333,50.0,11.166666666666666,241.16666666666663,340.0648208105184,36.333333333333336,13.666666666666666,9.0,2.1666666666666665,69.5,35.5,31.166666666666668,105.0,0.0,0.0,21.73133059440445,16.000156882780573
1130.0,523.0,830.4746050977441,0.6297603765240295,1583.1666666666663,319.66666666666663,45.66666666666666,1217.8333333333333,1726.2522926477868,181.16666666666663,138.5,31.0,14.666666666666666,254.66666666666663,109.66666666666669,90.83333333333331,762.6666666666666,0.0,0.0,95.91886591483204,47.16676006628816
1131.0,75.16666666666667,129.68723155806688,0.5795995932954365,5841.0,704.0,331.83333333333337,4805.166666666666,6117.275619624564,479.8333333333333,224.16666666666663,271.1666666666667,60.66666666666666,1616.5,417.0,565.1666666666666,2206.5,0.0,0.0,269.2756195404343,7.000000084129159
1132.0,1224.1666666666667,2025.722286148788,0.6043112005219616,464.6666666666667,51.33333333333333,61.0,352.33333333333337,652.0636558749825,33.166666666666664,18.166666666666668,38.833333333333336,22.166666666666668,112.5,30.166666666666668,52.833333333333336,156.83333333333334,0.0,0.0,76.89725478241589,110.4997344259
1133.0,351.3333333333333,582.2547611542019,0.6034013919214439,811.5,38.833333333333336,73.0,699.6666666666666,896.4267913551727,22.666666666666668,16.166666666666668,3.5,69.5,147.66666666666666,239.16666666666663,7.833333333333333,305.0,0.0,0.0,52.92679097058223,32.00000038459044
1134.0,0.0,0.0,0.0,273.0,244.0,1.5,27.5,285.4258746528788,8.5,235.5,1.5,0.0,5.333333333333333,2.5,4.166666666666667,15.5,0.0,0.0,12.425874652878804,0.0
1135.0,0.0,0.0,0.0,0.0,0.0,0.0,0.0,0.0,0.0,0.0,0.0,0.0,0.0,0.0,0.0,0.0,0.0,0.0,0.0,0.0
1136.0,472.0,799.7067210916748,0.5902163725167592,3209.666666666667,428.1666666666667,193.33333333333331,2588.166666666667,3419.702694639436,303.0,125.16666666666669,171.33333333333334,22.0,923.3333333333334,162.0,328.1666666666667,1174.6666666666667,0.0,0.0,167.53571985473258,42.50030811803611
1137.0,718.5,1138.254678590689,0.6312295600573316,550.8333333333333,81.33333333333334,29.666666666666664,439.8333333333333,673.6424572908494,59.833333333333336,21.5,17.5,12.166666666666666,113.0,54.16666666666666,47.66666666666666,225.0,0.0,0.0,57.809015829377614,65.0001081281384
1138.0,0.0,0.0,0.0,654.6666666666666,584.5,3.1666666666666665,67.0,684.4640318527282,15.0,569.5,2.5,0.6666666666666666,11.166666666666666,4.5,7.166666666666667,44.16666666666666,0.0,0.0,29.79736518606176,0.0
1139.0,0.0,0.0,0.0,2996.4999999999995,262.16666666666663,118.0,2616.333333333333,3132.886595167326,184.66666666666663,77.5,33.5,84.5,662.6666666666666,928.5,67.16666666666667,958.0,0.0,0.0,136.38659516732585,0.0
1140.0,431.6666666666667,709.1450150306406,0.6087142368870989,1053.5,189.5,63.5,800.5,1160.2647488628972,131.33333333333334,58.16666666666666,40.0,23.5,133.5,249.33333333333331,61.0,356.6666666666667,0.0,0.0,67.59804111066445,39.16670775223267
1141.0,0.0,0.0,0.0,1332.3333333333337,224.16666666666663,60.0,1048.1666666666667,1392.9752298633723,138.16666666666666,86.0,21.666666666666668,38.333333333333336,233.33333333333331,211.83333333333331,117.33333333333331,485.6666666666667,0.0,0.0,60.64189653003894,0.0
1142.0,0.0,0.0,0.0,549.1666666666666,227.5,11.166666666666666,310.5,574.1623007276737,207.83333333333331,19.666666666666668,4.833333333333333,6.333333333333333,55.16666666666666,44.333333333333336,12.166666666666666,198.83333333333331,0.0,0.0,24.995634061006967,0.0
1143.0,0.0,0.0,0.0,622.1666666666666,24.5,14.0,583.6666666666666,650.4847082468422,17.5,7.0,6.833333333333333,7.166666666666667,20.33333333333333,516.5,10.666666666666666,36.16666666666666,0.0,0.0,28.318041580175528,0.0
1144.0,180.83333333333331,285.648841528936,0.6330616723856556,253.00000000000003,45.0,37.833333333333336,170.16666666666669,288.746116530287,35.666666666666664,9.333333333333334,6.833333333333333,31.0,39.833333333333336,31.0,14.166666666666666,85.16666666666667,0.0,0.0,19.74611633799177,16.000000192295218
1145.0,386.0,599.9813479489181,0.6433533330987211,662.0,47.833333333333336,22.33333333333333,591.8333333333334,744.6997922079032,33.333333333333336,14.5,4.5,17.833333333333332,70.16666666666667,241.0,79.5,201.16666666666663,0.0,0.0,47.69979178725733,35.0000004206458
1146.0,299.1666666666667,416.800365073775,0.7177696848075295,1339.0,123.16666666666666,49.66666666666667,1166.1666666666667,1440.3958274544868,74.0,49.16666666666666,39.333333333333336,10.333333333333334,236.33333333333331,519.0,104.83333333333331,306.0,0.0,0.0,74.56247059129952,26.83335686318732
1147.0,0.0,0.0,0.0,302.0,1.1666666666666667,0.8333333333333333,300.0,315.7456036455993,1.0,0.1666666666666666,0.6666666666666666,0.1666666666666666,226.66666666666663,4.5,1.0,67.83333333333333,0.0,0.0,13.745603645599326,0.0
1148.0,479.0,799.4193659193448,0.5991848839552973,58.66666666666667,10.833333333333334,2.333333333333333,45.5,126.1388085549602,4.666666666666667,6.166666666666667,0.3333333333333333,2.0,6.166666666666667,4.5,2.833333333333333,32.0,0.0,0.0,24.47214137150013,43.0000005167934
1149.0,97.0,164.46994050778673,0.5897734242532154,1.0,0.0,0.0,1.0,14.460494006406902,0.0,0.0,0.0,0.0,1.0,0.0,0.0,0.0,0.0,0.0,4.460493898240841,9.000000108166061
1150.0,383.8333333333333,481.6769609979189,0.7968687822189437,390.0,39.5,19.666666666666668,330.8333333333333,459.88555630985513,24.33333333333333,15.166666666666666,15.0,4.666666666666667,116.83333333333331,50.5,38.833333333333336,124.66666666666669,0.0,0.0,35.21884571214721,34.66671059770797
1151.0,511.6666666666667,657.0608759862329,0.7787203368312975,910.6666666666666,20.166666666666668,199.0,691.5,1021.5710252182336,13.0,7.166666666666667,5.0,194.0,55.0,481.0,10.166666666666666,145.33333333333334,0.0,0.0,64.73768552970274,46.16667302186422
1152.0,312.0,433.7457064314837,0.7193154776490792,50.833333333333336,24.83333333333333,1.6666666666666663,24.333333333333336,95.34782733984676,4.333333333333333,20.5,0.3333333333333333,1.3333333333333333,1.5,3.5,6.5,12.833333333333334,0.0,0.0,16.514493669996767,28.000000336516635
1153.0,635.0,1012.3090887285468,0.6272787699629918,78.5,17.833333333333336,2.833333333333333,57.833333333333336,167.97523354712615,10.833333333333334,7.0,2.1666666666666665,0.6666666666666666,14.166666666666666,8.833333333333334,9.333333333333334,25.5,0.0,0.0,32.475232862074435,57.00000068505173
1154.0,440.5,704.280605421975,0.6254609265238408,286.6666666666667,37.33333333333333,15.166666666666666,234.16666666666669,359.5951590517444,25.83333333333333,11.5,13.0,2.1666666666666665,69.16666666666667,31.83333333333333,33.0,100.16666666666669,0.0,0.0,33.095175979264745,39.8333164058129
1155.0,424.8333333333333,661.7239583482116,0.6420099015211688,155.66666666666666,6.666666666666666,2.1666666666666665,146.83333333333331,220.429714419342,4.833333333333333,1.8333333333333333,2.1666666666666665,0.0,17.833333333333332,9.333333333333334,9.833333333333334,109.83333333333331,0.0,0.0,26.42959501413502,38.33345273854026
1156.0,533.0,777.7349159599038,0.6853234811274422,79.83333333333334,48.16666666666667,5.333333333333333,26.33333333333333,155.72653667491957,4.333333333333333,43.833333333333336,4.0,1.3333333333333333,4.5,7.833333333333333,3.333333333333333,10.666666666666666,0.0,0.0,27.89320276470058,48.00000057688566
1157.0,308.6666666666667,510.8326135834732,0.6042422869232656,1914.0,745.8333333333333,64.66666666666666,1103.5,2043.0042334105808,450.8333333333333,295.0,45.16666666666666,19.5,275.3333333333333,118.5,158.16666666666666,551.5,0.0,0.0,101.17088524086778,27.83334816971274
1158.0,371.8333333333333,611.2230266991618,0.6083431367783632,917.0,169.33333333333331,51.333333333333336,696.3333333333333,1009.1788611711822,129.66666666666666,39.66666666666666,22.166666666666668,29.166666666666668,214.66666666666663,112.16666666666669,56.66666666666666,312.8333333333333,0.0,0.0,58.67892459000888,33.49993658117367
1159.0,678.1666666666666,1108.0093349992933,0.6120586219312847,706.3333333333333,223.0,43.833333333333336,439.5,830.3490410970275,134.33333333333334,88.66666666666667,35.0,8.833333333333334,101.5,64.5,95.66666666666669,177.83333333333334,0.0,0.0,63.01570703056859,61.000000733125525
1160.0,568.0,936.0990981704113,0.6067733652453524,789.0000000000001,27.666666666666668,3.6666666666666665,757.6666666666667,901.7642978251076,6.0,21.666666666666668,2.1666666666666665,1.5,15.833333333333334,5.0,690.0,46.833333333333336,0.0,0.0,61.764297212166575,51.000000612941015
1161.0,779.8333333333334,1309.1403426494635,0.5956835244685009,685.1666666666667,286.0,12.0,387.1666666666667,822.0133770392944,140.16666666666666,145.83333333333334,4.166666666666667,7.833333333333333,15.333333333333334,56.0,243.16666666666663,72.66666666666667,0.0,0.0,66.68002545641103,70.16668491621674
1162.0,461.5,852.7557100261988,0.5411866429904311,458.8333333333333,129.16666666666666,14.333333333333332,315.3333333333333,542.7212359255134,17.666666666666668,111.5,9.5,4.833333333333333,22.166666666666668,233.33333333333331,7.0,52.833333333333336,0.0,0.0,41.887902087405145,42.00000050477495
1163.0,658.0,1159.9157787894592,0.5672825665728237,12.0,0.3333333333333333,0.0,11.666666666666666,101.49521409502093,0.3333333333333333,0.0,0.0,0.0,2.1666666666666665,0.1666666666666666,0.1666666666666666,9.166666666666666,0.0,0.0,30.495213385932285,59.000000709088624
1164.0,445.0,786.2080785898237,0.5660079209541715,21.5,16.0,2.0,3.5,84.65496571706598,0.1666666666666666,15.833333333333334,2.0,0.0,0.0,0.1666666666666666,0.0,3.333333333333333,0.0,1.9220582670356592,21.232906969292262,40.00000048073805
1165.0,410.0,767.1431202919744,0.5344504684392584,273.6666666666667,11.833333333333334,1.8333333333333333,260.0,341.78385082281045,10.333333333333334,1.5,0.8333333333333334,1.0,10.0,230.16666666666663,2.5,17.333333333333332,0.0,0.0,31.11718371146111,37.0000004446827
1166.0,224.83333333333331,511.3973659457114,0.439645075053439,639.3333333333334,1.8333333333333333,0.6666666666666666,636.8333333333334,698.6661052072822,0.6666666666666666,1.1666666666666667,0.5,0.1666666666666666,2.333333333333333,521.6666666666666,85.83333333333333,27.0,0.0,0.0,39.332771633579846,20.000000240369022
1167.0,0.0,0.0,0.0,3955.0,11.166666666666668,3.333333333333333,3940.5,4135.012789464719,7.166666666666667,4.0,0.8333333333333334,2.5,118.66666666666669,625.0,3039.6666666666665,157.16666666666666,0.0,0.0,180.01278946471965,0.0
1168.0,634.0,1416.8804614529984,0.44746188351686256,0.0,0.0,0.0,0.0,85.8566652920384,0.0,0.0,0.0,0.0,0.0,0.0,0.0,0.0,0.0,0.0,28.85666460698667,57.00000068505173
1169.0,0.0,0.0,0.0,266.6666666666667,8.0,2.6666666666666665,256.0,287.66013218179694,5.5,2.5,0.5,2.1666666666666665,18.0,29.0,2.0,207.0,8.856138493122499,0.0,12.137327022007732,0.0
1170.0,0.0,0.0,0.0,73.0,9.5,6.5,57.0,76.32261280175084,7.333333333333333,2.1666666666666665,0.6666666666666666,5.833333333333333,12.5,6.0,3.333333333333333,35.166666666666664,0.0,0.0,3.322612801750831,0.0
1171.0,0.0,0.0,0.0,754.3333333333333,83.0,338.5,332.8333333333333,788.6670499008029,69.0,14.0,183.66666666666663,154.83333333333334,55.0,55.5,10.666666666666666,211.66666666666663,0.0,0.0,34.3337165674696,0.0
1172.0,41.5,114.71590085643284,0.3617632751011329,1215.8333333333333,180.5,360.8333333333333,674.5,1443.3588576252064,137.33333333333334,43.16666666666666,233.16666666666663,127.66666666666669,71.16666666666667,95.5,94.66666666666669,413.1666666666667,0.0,0.0,223.85896204122855,3.6665622506445295
1173.0,0.0,0.0,0.0,1780.8333333333333,135.33333333333334,1427.5,218.0,1861.8879194798776,134.0,1.3333333333333333,558.6666666666666,868.8333333333334,68.83333333333333,8.166666666666666,13.5,127.5,0.0,0.0,81.05458614654434,0.0
1174.0,0.0,0.0,0.0,2348.333333333333,60.333333333333336,1608.0,680.0,2455.218390680513,49.5,10.833333333333334,714.0,894.0,246.16666666666663,40.66666666666666,14.0,379.1666666666667,0.0,0.0,106.88505734718014,0.0
1175.0,0.0,0.0,0.0,1348.6666666666663,103.16666666666669,741.0,504.5,1410.0512810626988,77.66666666666667,25.5,290.3333333333333,450.6666666666667,109.83333333333331,86.0,13.833333333333334,294.8333333333333,0.0,0.0,61.38461439603225,0.0
1176.0,0.0,0.0,0.0,445.0,65.66666666666666,359.8333333333333,19.5,465.254528382973,65.33333333333333,0.3333333333333333,354.5,5.333333333333333,1.6666666666666667,2.6666666666666665,2.1666666666666665,13.0,0.0,0.0,20.254528382972996,0.0
1177.0,134.5,351.2255060515736,0.3829448536127959,1584.0,197.3333333333333,443.5,943.1666666666666,1674.384544480405,117.0,80.33333333333333,135.83333333333334,307.6666666666667,133.0,157.5,49.5,603.1666666666666,0.0,0.0,78.21788347146212,12.16666100894327
1178.0,482.1666666666667,1258.6973556634646,0.38306799048808254,519.5,55.33333333333333,73.16666666666667,391.0,608.5949502210086,38.16666666666666,17.166666666666668,30.166666666666668,43.0,161.83333333333334,79.0,16.666666666666668,133.5,0.0,0.0,45.59492648724489,43.50002373376367
1179.0,440.6666666666667,1161.7981311575118,0.37929710407403205,291.66666666666663,62.5,34.666666666666664,194.5,364.8290683065581,40.333333333333336,22.166666666666668,9.666666666666666,25.0,41.16666666666666,19.5,23.666666666666668,110.16666666666669,0.0,0.0,33.32909393957152,39.833307700319885
1180.0,559.1666666666666,1447.8575700487609,0.3862028132006348,0.0,0.0,0.0,0.0,75.78408111433114,0.0,0.0,0.0,0.0,0.0,0.0,0.0,0.0,0.0,0.0,25.45072686826856,50.33335424606258
1181.0,188.16666666666663,538.0914672862951,0.34969271602768476,92.0,0.0,0.0,92.0,121.7517269426956,0.0,0.0,0.0,0.0,0.0,91.83333333333331,0.0,0.1666666666666666,0.0,0.0,12.751726738381914,17.00000020431367
1182.0,151.16666666666666,400.8730104795711,0.3770936498963186,28.16666666666667,4.5,1.8333333333333333,21.833333333333336,49.99665485359372,2.333333333333333,2.1666666666666665,1.6666666666666667,0.1666666666666666,6.666666666666667,3.8333333333333335,3.0,8.333333333333334,0.0,0.0,8.163309748112445,13.666678438814609
1183.0,138.83333333333334,390.7885849566822,0.3552645565343794,318.83333333333337,24.333333333333336,146.83333333333334,147.66666666666666,352.3335340353463,15.833333333333334,8.5,126.0,20.83333333333333,81.0,11.0,9.833333333333334,45.833333333333336,0.0,0.0,20.83350777212194,12.666692929891056
1184.0,108.83333333333331,218.877411225936,0.4972341948114062,233.83333333333331,44.16666666666667,60.16666666666667,129.5,259.2640063105881,23.666666666666668,20.5,48.833333333333336,11.333333333333334,24.33333333333333,32.666666666666664,13.166666666666666,59.333333333333336,0.0,0.0,15.597345326085728,9.833327651169055
1185.0,0.0,0.0,0.0,478.5,9.5,436.0,33.0,500.2795785127054,6.833333333333333,2.6666666666666665,311.0,125.0,2.0,5.5,4.666666666666667,20.83333333333333,0.0,0.0,21.779578512705417,0.0
1186.0,435.0,763.2605128304158,0.5699233652044698,1638.1666666666663,249.0,113.16666666666666,1276.0,1771.913209660179,187.16666666666663,61.833333333333336,89.83333333333333,23.33333333333333,382.1666666666667,132.16666666666666,166.33333333333334,595.3333333333334,0.0,0.0,94.41336295365652,39.33318003985607
1187.0,382.8333333333333,900.6724404144376,0.42505278962146936,575.1666666666666,64.33333333333333,31.333333333333336,479.5,653.3871004588112,42.66666666666666,21.666666666666668,21.5,9.833333333333334,143.83333333333334,98.66666666666669,37.833333333333336,199.16666666666663,0.0,0.0,43.55356650213216,34.6668672900124
1188.0,580.8333333333334,1136.0327182996723,0.5112822227538312,2561.0,407.6666666666667,122.33333333333334,2031.0,2756.153357184749,291.0,116.66666666666669,87.16666666666667,35.166666666666664,511.3333333333333,249.33333333333331,237.0,1033.3333333333333,0.0,0.0,142.65274155059976,52.50061563414963
1189.0,1659.999770126582,3549.0384486964567,0.4677322587858385,252.99996496507543,22.99999681500686,15.166664566417566,214.83330358365097,497.57110761679047,15.499997853591578,7.49999896141528,10.666665189568398,4.499999376849168,55.83332560164709,16.166664427939605,27.333329548269017,115.49998400579531,0.0,7.68823200493251,87.04939319155667,149.83351745522586
1190.0,803.6666690272097,1404.669819545184,0.572139201572244,179.83333386154274,69.16666686982413,10.000000029372165,100.66666696234645,300.4210594925304,14.00000004112103,55.1666668287031,7.833333356341528,2.1666666730306354,28.83333341802307,5.000000014686083,11.333333366621787,55.500000163015514,0.0,0.0,47.754397008728894,72.83332862225873
1191.0,381.6666383114794,677.0684707061513,0.5637046396702222,1309.1665694046596,165.99998766735087,64.1666618995282,1078.9999198377805,1420.644356505552,109.49999186490915,56.49999580244171,46.99999650822584,17.16666539130235,337.8333082346588,123.4999908248062,181.66665317009276,435.99996760822273,0.0,0.0,76.97779214730964,34.49999495358297
1192.0,583.5,998.900148374325,0.5841424700453052,1792.6666666666663,172.66666666666669,86.16666666666667,1533.8333333333333,1953.4631531825903,115.16666666666669,57.5,59.0,27.166666666666668,393.8333333333333,467.3333333333333,143.0,529.6666666666666,0.0,0.0,108.12983951974157,52.666646996182216
1193.0,659.8333333333334,1108.350396935373,0.5953291803366474,1514.6666666666663,196.3333333333333,82.0,1236.3333333333333,1697.0219290287966,129.16666666666666,67.16666666666667,65.16666666666667,16.833333333333332,379.3333333333333,146.0,154.33333333333334,556.6666666666666,0.0,0.0,122.85534869080092,59.499913671329246
1194.0,949.5,1745.821572571959,0.5438700122150447,653.1666666666667,112.5,23.0,517.6666666666667,811.8055836095464,76.16666666666667,36.333333333333336,15.833333333333334,7.166666666666667,119.16666666666669,115.0,60.5,223.0,0.0,0.0,72.97229276312069,85.66662417975901
1195.0,695.8333333333334,1234.2245691380322,0.5637817871502065,352.33333333333337,84.83333333333334,4.5,263.0,463.0408480498827,21.0,63.833333333333336,2.6666666666666665,1.8333333333333333,17.666666666666668,4.0,131.16666666666666,110.16666666666669,0.0,0.0,47.707513959386944,63.00000075716243
1196.0,0.0,0.0,0.0,75.0,0.0,0.0,75.0,78.41364328947003,0.0,0.0,0.0,0.0,0.0,43.833333333333336,0.0,31.166666666666668,0.0,0.0,3.413643289470032,0.0
1197.0,700.8333333333334,1302.0927763302182,0.5382360965925503,213.83333333333331,95.16666666666669,3.833333333333333,114.83333333333334,318.4648246099704,14.0,81.16666666666667,1.6666666666666667,2.1666666666666665,31.33333333333333,4.333333333333333,5.0,74.16666666666667,0.0,0.0,41.6314905194746,63.00000075716243
1198.0,657.6666666666666,1386.0218446036745,0.4744994959691439,208.83333333333331,70.83333333333333,3.6666666666666665,134.33333333333334,307.7730622776688,52.5,18.33333333333333,1.5,2.1666666666666665,48.333333333333336,9.666666666666666,26.666666666666668,49.66666666666666,0.0,0.0,39.43972822847986,59.500000715855606
1199.0,236.16666666666663,498.32893282734335,0.47391722837913486,7.0,0.0,0.0,7.0,39.06774530375782,0.0,0.0,0.0,0.0,6.0,0.0,0.0,1.0,0.0,0.0,11.067745051370338,21.00000025238748
1200.0,319.1666666666667,734.8172589170217,0.43434835368055524,9.0,0.0,0.0,9.0,52.936366432151246,0.0,0.0,0.0,0.0,4.0,2.0,1.0,2.0,0.0,0.0,14.936366083616155,29.000000348535085
1201.0,318.1666666666667,649.6702089996375,0.48973565704448707,54.16666666666667,0.6666666666666666,0.1666666666666666,53.333333333333336,99.94758767911344,0.5,0.1666666666666666,0.0,0.1666666666666666,1.0,49.5,0.5,2.333333333333333,0.0,0.0,16.947613444329864,28.83330756811692
1202.0,150.0,308.83921987942267,0.4856896091712806,0.0,0.0,0.0,0.0,20.660573147219488,0.0,0.0,0.0,0.0,0.0,0.0,0.0,0.0,0.0,0.0,6.82726575937934,13.833307387840147
1203.0,543.8333333333334,1276.1710024144252,0.4261445623701206,49.0,2.5,3.1666666666666665,43.333333333333336,124.98295862181033,1.5,1.0,0.1666666666666666,3.0,20.33333333333333,6.666666666666667,3.6666666666666665,12.666666666666666,0.0,0.0,26.98295803290621,49.00000058890411
1204.0,608.8333333333334,1113.9867552206576,0.5465355225096336,193.66666666666669,26.333333333333336,22.83333333333333,144.5,285.19257277294764,17.5,8.833333333333334,0.5,22.33333333333333,32.0,56.333333333333336,7.166666666666667,49.0,0.0,0.0,36.52590544526615,55.000000661014816
1205.0,297.1666666666667,736.8433711974836,0.40329692616183166,429.5,152.16666666666666,1.1666666666666667,276.1666666666667,489.4074517401862,2.5,149.66666666666666,0.3333333333333333,0.8333333333333334,2.6666666666666665,15.5,2.5,255.5,0.0,0.0,33.07414419610621,26.83330754408001
1206.0,960.6666666666666,1990.2707743824533,0.4826813914125554,0.0,0.0,0.0,0.0,130.39140758972093,0.0,0.0,0.0,0.0,0.0,0.0,0.0,0.0,0.0,0.0,43.724783399459,86.66662419026194
1207.0,0.6666666666666666,2.0359220519311685,0.3274519601741637,1685.1666666666663,193.8333333333333,490.5,1000.8333333333331,1761.9417303333971,137.16666666666666,56.66666666666666,250.83333333333331,239.66666666666663,146.16666666666666,132.0,78.16666666666667,644.5,0.0,0.0,76.77506366673076,0.0
1208.0,0.0,0.0,0.0,0.0,0.0,0.0,0.0,0.0,0.0,0.0,0.0,0.0,0.0,0.0,0.0,0.0,0.0,0.0,0.0,0.0
1209.0,0.0,0.0,0.0,43.0,2.6666666666666665,3.6666666666666665,36.66666666666666,44.957155485962815,2.6666666666666665,0.0,0.1666666666666666,3.5,8.166666666666666,13.5,1.0,14.0,0.0,0.0,1.957155485962818,0.0
1210.0,0.0,0.0,0.0,755.6666666666667,61.16666666666666,254.33333333333331,440.1666666666667,790.0618167028739,50.0,11.166666666666666,57.5,196.83333333333331,29.83333333333333,72.5,32.166666666666664,305.6666666666667,0.0,0.0,34.395150036207184,0.0
1211.0,0.0,0.0,0.0,6072.833333333333,502.0,4604.5,966.3333333333334,6349.241128039784,478.3333333333333,23.666666666666668,1667.0,2937.5,288.5,96.5,56.5,524.8333333333334,0.0,0.0,276.40779470645106,0.0
1212.0,0.0,0.0,0.0,6171.666666666666,379.0,3712.833333333333,2079.833333333333,6452.570649337252,315.0,64.0,1016.6666666666666,2696.1666666666665,434.6666666666667,174.0,211.83333333333331,1259.3333333333333,0.0,0.0,280.9039826705859,0.0
1213.0,0.0,0.0,0.0,11407.5,1302.5,4006.666666666667,6098.333333333333,11926.714704504462,634.8333333333334,667.6666666666666,1980.6666666666667,2026.0,1077.0,1752.3333333333333,306.3333333333333,2962.6666666666665,0.0,0.0,519.2147045044618,0.0
1214.0,0.0,0.0,0.0,2933.5,118.66666666666666,2113.833333333333,701.0,3067.0190057743007,98.83333333333331,19.83333333333333,1291.1666666666667,822.6666666666666,76.5,323.8333333333333,45.0,255.66666666666663,0.0,0.0,133.5190057743009,0.0
1215.0,0.0,0.0,0.0,1121.5,55.16666666666667,773.5,292.83333333333337,2162.4050728841926,46.333333333333336,8.833333333333334,439.5,334.0,18.166666666666668,25.83333333333333,21.5,227.33333333333331,0.0,989.8600076170115,51.04506526718094,0.0
1216.0,65.33333333333333,173.8832644945372,0.3757310027693083,2476.166666666667,216.8333333333333,1344.1666666666667,915.1666666666669,2597.8451649133385,183.16666666666663,33.666666666666664,954.8333333333334,389.3333333333333,255.33333333333331,156.83333333333334,76.83333333333333,426.1666666666667,0.0,0.0,115.67849817456148,6.000000072110708
1217.0,374.6666666666667,1124.9334589019056,0.33305673655790663,2231.0,332.0,156.83333333333331,1742.1666666666663,2390.8541139749896,210.0,122.0,32.5,124.33333333333331,394.0,250.66666666666663,310.5,787.0,0.0,5.766174802547703,120.25461123282986,33.833327939611884
1218.0,370.6666666666667,1145.210600905134,0.32366681409838927,170.0,1.6666666666666663,0.5,167.83333333333334,230.77487583097889,1.3333333333333333,0.3333333333333333,0.1666666666666666,0.3333333333333333,0.3333333333333333,152.66666666666666,8.5,6.333333333333333,0.0,0.0,27.60822907274303,33.16664675823585
1219.0,360.5,1204.3760733504987,0.29932510947109037,69.16666666666666,16.833333333333332,2.333333333333333,50.0,121.72297883439816,14.666666666666666,2.1666666666666665,0.1666666666666666,2.1666666666666665,23.33333333333333,8.333333333333334,1.5,16.833333333333332,0.0,0.0,19.5563117711226,33.00000039660889
1220.0,385.8333333333333,1005.1407012284392,0.3838600236382674,97.16666666666666,41.33333333333333,0.6666666666666666,55.16666666666666,153.9821813806175,18.0,23.33333333333333,0.6666666666666666,0.0,12.0,17.833333333333332,1.8333333333333333,23.5,0.0,0.0,21.98220707220772,34.83330764174313
1221.0,94.66666666666669,235.5837494244646,0.40183869599638805,12.0,1.3333333333333333,1.0,9.666666666666666,25.521562326813584,1.3333333333333333,0.0,0.0,1.0,1.0,1.3333333333333333,0.8333333333333334,6.5,0.0,0.0,4.854918762588123,8.66664356422546
1222.0,70.16666666666667,196.89210941277972,0.3563711459841384,1056.0,103.0,96.83333333333334,856.1666666666666,1113.6003843075298,70.5,32.5,42.833333333333336,54.0,98.5,267.8333333333333,71.0,418.8333333333333,0.0,0.0,51.26707700907048,6.333307298459517
1223.0,240.0,682.0450997631887,0.351882888805051,94.66666666666669,5.666666666666667,1.5,87.5,131.56552259406678,3.8333333333333335,1.8333333333333333,0.3333333333333333,1.1666666666666667,62.16666666666666,7.5,2.6666666666666665,15.166666666666666,0.0,0.0,15.232232518337492,21.666623409062613
1224.0,0.0,0.0,0.0,421.1666666666667,22.166666666666664,296.0,103.0,440.3356585269895,17.333333333333332,4.833333333333333,182.16666666666663,113.83333333333331,8.333333333333334,13.5,13.5,67.66666666666667,0.0,0.0,19.16899186032285,0.0
1225.0,0.0,0.0,0.0,1458.8333333333337,290.66666666666663,73.5,1094.6666666666667,1525.2321877091597,260.3333333333333,30.33333333333333,24.83333333333333,48.66666666666666,78.33333333333333,63.66666666666666,32.333333333333336,920.3333333333334,0.0,0.0,66.39885437582615,0.0
1226.0,834.8333333333334,2149.7397955522742,0.388341572808286,2884.666666666667,671.0,138.5,2075.166666666667,3129.36337856225,504.6666666666667,166.33333333333334,100.5,38.0,559.5,271.5,230.16666666666663,1014.0,0.0,0.0,169.36360103347272,75.3331108621107
1227.0,732.6666666666666,1380.2349014027895,0.5308275177812323,1535.0,315.0,146.5,1073.5,1704.483728903388,238.83333333333331,76.16666666666667,40.0,106.5,282.3333333333333,165.5,112.16666666666669,513.5,0.0,0.0,103.31691638144726,66.16681252194066
1228.0,631.3333333333334,1233.8368312782925,0.511683001616391,1606.8333333333333,172.83333333333331,251.5,1182.5,1765.5945442138366,116.83333333333331,56.0,43.5,208.0,290.3333333333333,216.0,124.83333333333331,551.3333333333334,0.0,0.0,101.76096651083697,57.00024436966604
1229.0,937.5,1825.5584190473828,0.513541495149308,1803.8333333333333,248.3333333333333,101.0,1454.5,2013.312505604182,143.0,105.33333333333331,80.0,21.0,447.3333333333333,176.0,225.0,606.1666666666666,0.0,0.0,124.81251908459733,84.66665318625165
1230.0,527.3333333333334,906.2676435432792,0.5818737291244255,2168.5,257.8333333333333,130.16666666666669,1780.5,2338.6805511113093,170.5,87.33333333333333,97.16666666666669,33.0,519.0,283.8333333333333,277.5,700.1666666666666,0.0,0.0,122.6805215274258,47.50002958388354
1231.0,582.6666666666666,1272.549014858072,0.4578736534809637,2137.6666666666665,179.66666666666666,72.0,1886.0,2313.971120305541,116.83333333333331,62.833333333333336,51.66666666666666,20.33333333333333,345.1666666666667,945.5,146.5,448.8333333333333,0.0,0.0,123.80434856365594,52.50010507521784
1232.0,735.4999999744695,1377.4639113854535,0.5339522828113177,82.99999999711892,22.833333332540743,6.166666666452611,53.99999999812556,186.25414096631138,6.833333333096136,15.999999999444611,5.999999999791729,0.1666666666608813,18.666666666018713,6.666666666435255,3.8333333332002715,24.83333333247132,0.0,0.0,37.25414017826569,66.0000007909268
1233.0,584.0,1097.495852076868,0.5321204621364682,237.0,33.666666666666664,16.333333333333332,187.0,327.36801584570986,2.833333333333333,30.83333333333333,12.5,3.8333333333333335,29.0,112.5,35.5,10.0,0.0,0.0,37.36801520873195,53.00000063697792
1234.0,595.0,1163.019765483412,0.5115992158161533,488.6666666666666,148.16666666666666,15.833333333333334,324.66666666666663,591.9897653074236,114.5,33.666666666666664,4.0,11.833333333333334,96.66666666666669,55.833333333333336,30.166666666666668,142.0,0.0,0.0,49.32309799176059,54.00000064899637
1235.0,692.0,1379.15122648292,0.5017578831907524,551.3333333333333,135.33333333333334,28.166666666666668,387.8333333333333,670.4240474269146,37.833333333333336,97.5,7.666666666666667,20.5,61.333333333333336,116.83333333333331,83.5,126.16666666666669,0.0,0.0,56.59076266077756,62.49995143280366
1236.0,606.0,1254.4386064419075,0.4830846219878865,570.3333333333334,73.0,27.833333333333336,469.5,678.8742688491716,47.333333333333336,25.666666666666668,8.166666666666666,19.666666666666668,127.0,95.33333333333331,83.0,164.16666666666666,0.0,0.0,53.540934854823405,55.000000661014816
1237.0,199.0,425.3109400992929,0.46789297250040535,35.0,19.166666666666668,1.1666666666666667,14.666666666666668,63.65057773209759,1.5,17.666666666666668,0.1666666666666666,1.0,2.6666666666666665,1.5,1.1666666666666667,9.333333333333334,0.0,0.0,10.650577515765464,18.000000216332122
1238.0,634.6666666666666,1304.015472135912,0.4867017916797524,0.0,0.0,0.0,0.0,85.88712071093309,0.0,0.0,0.0,0.0,0.0,0.0,0.0,0.0,0.0,0.0,28.88712002588137,57.00000068505173
1239.0,207.16666666666663,464.4745289836175,0.44602374024684915,0.0,0.0,0.0,0.0,28.429277465733666,0.0,0.0,0.0,0.0,0.0,0.0,0.0,0.0,0.0,0.0,9.429277237383088,19.000000228350576
1240.0,503.3333333333333,1138.7021112525813,0.44202371134594864,169.66666666666669,66.66666666666667,15.0,88.0,245.965249693676,36.833333333333336,29.83333333333333,5.166666666666667,9.833333333333334,20.33333333333333,8.0,27.5,32.166666666666664,0.0,0.0,30.631872297098383,45.66671072991093
1241.0,382.0,963.0947075381991,0.39663804297756333,117.0,1.6666666666666663,1.0,114.33333333333334,173.87847783262762,1.3333333333333333,0.3333333333333333,0.8333333333333334,0.1666666666666666,34.666666666666664,68.66666666666667,2.0,9.0,0.0,0.0,22.71183106237335,34.166646770254296
1242.0,402.1666666666667,1186.0409205400044,0.3390832978035532,168.33333333333331,29.166666666666668,17.5,121.66666666666666,230.63222660118055,25.666666666666668,3.5,0.8333333333333334,16.666666666666668,20.666666666666668,11.333333333333334,18.33333333333333,71.33333333333333,0.0,0.0,25.965585608834207,36.33330765901306
1243.0,664.1666666666666,1466.8442422511396,0.45278608834935463,284.0,70.83333333333333,7.666666666666666,205.5,387.1565625325836,47.0,23.83333333333333,3.333333333333333,4.333333333333333,12.833333333333334,79.66666666666667,36.66666666666666,76.33333333333333,0.0,0.0,43.15656181147656,60.00000072110708
1244.0,396.6666666666667,845.0618692818404,0.46939363978612153,514.0,90.0,14.5,409.5,591.4493419005341,49.833333333333336,40.16666666666666,3.8333333333333335,10.666666666666666,55.16666666666666,62.5,43.66666666666666,248.16666666666663,0.0,0.0,41.44934146786985,36.000000432664244
1245.0,558.8333333333334,1211.3762577389582,0.4613210220715399,29.0,0.1666666666666666,0.0,28.83333333333333,106.25530379226733,0.1666666666666666,0.0,0.0,0.0,0.0,28.83333333333333,0.0,0.0,0.0,0.0,26.75532929348178,50.49997449878554
1246.0,0.0,0.0,0.0,1163.6666666666663,271.0,419.3333333333333,473.33333333333337,1216.6314209495845,259.1666666666667,11.833333333333334,231.16666666666663,188.16666666666663,43.833333333333336,17.5,12.333333333333334,399.6666666666667,0.0,0.0,52.96475428291779,0.0
1247.0,0.0,0.0,0.0,3435.666666666667,111.0,2425.333333333333,899.3333333333334,3592.0419132028237,48.333333333333336,62.66666666666666,90.33333333333331,2335.0,468.0,170.33333333333334,25.166666666666668,235.83333333333331,0.0,0.0,156.37524653615628,0.0
1248.0,0.0,0.0,0.0,0.0,0.0,0.0,0.0,0.0,0.0,0.0,0.0,0.0,0.0,0.0,0.0,0.0,0.0,0.0,0.0,0.0
1249.0,1504.8333333333333,4097.230813126916,0.3672805858317945,835.5000000000001,75.33333333333334,92.5,667.6666666666667,1077.6667759892343,51.333333333333336,24.0,65.16666666666667,27.33333333333333,188.33333333333331,95.5,35.833333333333336,348.0,0.0,0.0,106.50027596627608,135.66650002295833
1250.0,0.0,0.0,0.0,1435.6666666666663,427.0,503.3333333333333,505.33333333333337,1501.0113725351098,380.6666666666667,46.333333333333336,42.0,461.3333333333333,65.33333333333333,53.66666666666666,37.16666666666666,349.1666666666667,0.0,0.0,65.344705868443,0.0
1251.0,0.0,0.0,0.0,513.8333333333334,75.66666666666667,155.33333333333331,282.83333333333337,537.2207632536639,67.16666666666667,8.5,15.666666666666666,139.66666666666666,59.5,66.16666666666667,18.0,139.16666666666666,0.0,0.0,23.38742992033048,0.0
1252.0,0.0,0.0,0.0,357.66666666666663,39.33333333333333,174.66666666666666,143.66666666666666,373.9456263329231,13.5,25.83333333333333,33.5,141.16666666666666,4.5,10.166666666666666,7.0,122.0,0.0,0.0,16.278959666256444,0.0
1253.0,462.8333333333333,874.6334322726117,0.5291740702510378,3477.666666666667,1024.1666666666667,131.0,2322.5,3699.107206680784,783.3333333333334,240.83333333333331,92.66666666666669,38.333333333333336,617.0,291.1666666666667,246.0,1168.3333333333333,0.0,0.0,179.60740640022428,41.83313361389284
1254.0,599.0,1092.6754940464268,0.5481956932902067,3236.0,546.6666666666666,147.16666666666666,2542.166666666667,3464.56619175708,406.3333333333333,140.33333333333334,111.5,35.666666666666664,715.3333333333334,323.3333333333333,307.8333333333333,1195.6666666666667,0.0,0.0,174.56618529786022,54.000006459219854
1255.0,764.1666666666666,1256.248191736399,0.6082927495485011,1398.0,156.0,82.16666666666667,1159.8333333333333,1565.8168381082232,105.33333333333331,50.66666666666666,64.5,17.666666666666668,338.5,191.5,158.66666666666666,471.1666666666667,0.0,0.0,98.4833937014917,69.3334444067317
1256.0,644.1666666666666,1058.4423807707165,0.608598709168854,492.3333333333333,68.83333333333333,28.0,395.5,602.0611297085096,49.0,19.83333333333333,18.33333333333333,9.666666666666666,113.5,77.16666666666667,40.5,164.33333333333334,0.0,0.0,51.72778407219641,58.00001230297986
1257.0,240.66666666666663,402.3665127988617,0.5981279729085534,2224.1666666666665,159.0,39.16666666666666,2026.0,2358.0238154534454,72.16666666666667,86.83333333333333,8.833333333333334,30.33333333333333,1299.1666666666667,193.66666666666663,50.333333333333336,482.8333333333333,0.0,0.0,112.19046445269916,21.6666843340796
1258.0,1034.6666666666667,1589.9884200183303,0.6507384919537581,7645.166666666667,358.0,47.0,7240.166666666667,8133.564448430237,270.6666666666667,87.33333333333333,22.166666666666668,24.83333333333333,165.5,6359.833333333333,101.16666666666669,613.6666666666666,0.0,0.0,395.0644618152121,93.33331994835838
1259.0,738.0,1272.1610630438636,0.5801152239593063,1806.0,250.5,105.5,1450.0,1988.7909740434472,174.66666666666666,75.83333333333333,12.666666666666666,92.83333333333331,305.8333333333333,258.6666666666667,227.83333333333331,657.6666666666666,0.0,0.0,115.79097323821108,67.00000080523624
1260.0,768.8333333333334,1450.0084661108274,0.5302267892238428,587.6666666666666,199.16666666666663,8.0,380.5,718.4082944340867,63.66666666666666,135.5,2.833333333333333,5.166666666666667,40.5,34.5,92.66666666666669,212.83333333333331,0.0,0.0,61.74162693814688,69.00000082927313
1261.0,666.5,1344.1942154875678,0.49583608701830806,710.8333333333334,142.33333333333331,33.666666666666664,534.8333333333334,833.5252870628925,65.33333333333333,77.0,15.666666666666666,18.0,104.66666666666669,79.0,127.66666666666669,223.5,0.0,0.0,62.69195300845223,60.00000072110708
1262.0,504.1666666666667,882.2250330890456,0.5714717308591488,262.83333333333337,50.5,3.166666666666667,209.16666666666669,343.576771170496,32.0,18.5,1.6666666666666667,1.5,57.833333333333336,28.5,29.666666666666668,93.16666666666669,0.0,0.0,34.91008074562472,45.83335709153789
1263.0,256.8333333333333,385.0510321819584,0.6670111540227349,755.6666666666666,69.33333333333333,20.666666666666668,665.6666666666666,824.7508979164971,34.166666666666664,35.166666666666664,6.833333333333333,13.833333333333334,58.833333333333336,434.3333333333333,32.333333333333336,140.16666666666666,0.0,0.0,46.084230973406136,23.000000276424377
1264.0,514.6666666666666,897.3291200287005,0.5735539560448071,522.0,180.66666666666663,10.666666666666666,330.6666666666667,618.3507575693276,30.0,150.66666666666666,4.833333333333333,5.833333333333333,52.5,43.333333333333336,118.0,116.83333333333331,0.0,0.0,50.18409615175696,46.166661417570616
1265.0,532.6666666666666,1216.8308693254216,0.43774914007725885,60.99999999999999,11.5,2.6666666666666665,46.83333333333333,136.0210566066931,9.833333333333334,1.6666666666666667,0.6666666666666666,2.0,3.0,4.166666666666667,1.0,38.66666666666666,0.0,0.0,27.021056029807443,48.00000057688566
1266.0,545.1666666666666,1128.9958993693433,0.4828774550653342,25.0,5.0,1.0,19.0,99.9512602837082,4.833333333333333,0.1666666666666666,0.0,1.0,3.8333333333333335,1.0,4.166666666666667,10.0,0.0,0.0,25.95125969480409,49.00000058890411
1267.0,521.8333333333334,1114.0048373108373,0.46843004254184206,4.0,0.0,0.0,4.0,74.93384688189548,0.0,0.0,0.0,0.0,0.0,4.0,0.0,0.0,0.0,0.0,23.933846317028276,47.00000056486721
1268.0,714.3333333333334,1541.0282930032783,0.46354329545837464,61.0,0.0,0.1666666666666666,60.833333333333336,160.95570238172434,0.0,0.0,0.1666666666666666,0.0,0.5,59.0,0.3333333333333333,1.0,0.0,0.0,35.28902913676104,64.66667324496332
1269.0,574.8333333333334,1167.125835680082,0.49252044274932794,176.99999999999997,0.0,0.3333333333333333,176.66666666666663,263.2200453895853,0.0,0.0,0.3333333333333333,0.0,0.1666666666666666,175.66666666666666,0.1666666666666666,0.6666666666666666,0.0,0.0,34.22004476462587,52.00000062495946
1270.0,491.0,1026.402929639785,0.47836964005190036,14.0,11.666666666666668,0.0,2.333333333333333,85.9853307921596,0.3333333333333333,11.333333333333334,0.0,0.0,0.5,0.0,0.5,1.3333333333333333,0.0,0.0,27.985330263347738,44.00000052881185
1271.0,345.5,559.6119265072614,0.6173921312871035,358.0,117.16666666666669,5.666666666666666,235.16666666666663,421.0196943061804,58.333333333333336,58.833333333333336,2.0,3.6666666666666665,23.33333333333333,23.0,76.33333333333333,112.5,0.0,0.0,32.01969393360839,31.00000037257199
1272.0,744.6666666666666,1559.0461418260672,0.4776424806737659,351.0,43.833333333333336,12.333333333333334,294.8333333333333,467.8696382261605,26.166666666666668,17.666666666666668,2.333333333333333,10.0,79.83333333333333,66.5,17.0,131.5,0.0,0.0,49.86963742092422,67.00000080523624
1273.0,1805.5,3315.4794343628587,0.5445667921468998,804.1666666666667,279.1666666666667,33.0,492.0,1085.9468122652213,130.33333333333334,148.83333333333334,22.33333333333333,10.666666666666666,115.33333333333331,69.0,60.833333333333336,246.83333333333331,0.0,0.0,118.78014363954708,163.00000195900756
1274.0,350.1666666666667,624.6522414405747,0.5605785802658955,572.5,234.5,16.0,322.0,646.3255328700152,106.0,128.5,9.666666666666666,6.333333333333333,44.66666666666666,69.33333333333333,28.33333333333333,179.66666666666666,0.0,0.0,41.99219335014663,31.833339519868588
1275.0,315.6666666666667,647.171136428342,0.4877638214967253,1186.3333333333333,3.0,4.833333333333334,1178.5,1300.4961673885769,2.333333333333333,0.6666666666666666,0.6666666666666666,4.166666666666667,780.1666666666666,5.5,29.666666666666668,363.1666666666667,0.0,17.298524401880204,68.36434702489335,28.49996262846992
1276.0,681.6666666666666,1046.03173520779,0.6516692024943739,644.3333333333333,123.0,59.16666666666667,462.1666666666666,766.3542543178305,80.16666666666667,42.833333333333336,5.833333333333333,53.333333333333336,102.33333333333331,43.0,28.0,288.8333333333333,0.0,0.0,60.3542767832939,61.666644201203376
1277.0,0.0,0.0,0.0,153.99999511856677,4.999999841511908,0.8333333069186515,148.1666619701362,161.00928230536988,3.3333332276746055,1.666666613837303,0.8333333069186515,0.0,1.666666613837303,135.333329043589,1.9999999366047634,9.166666376105164,0.0,0.0,7.009287186803104,0.0
1278.0,579.3333356029036,1223.2887162848301,0.4735867566590158,81.00000031732195,3.0000000117526655,0.333333334639185,77.66666697093011,163.38844715197476,1.1666666712371478,1.8333333405155177,0.333333334639185,0.0,12.333333381649847,27.166666773093585,13.166666718247809,25.00000009793888,0.0,0.0,30.05509235953452,52.33335447511829
1279.0,366.6666666666667,897.9619520147075,0.40833207447598086,9.0,2.0,4.0,3.0,59.09837710488384,2.0,0.0,4.0,0.0,0.0,0.0,0.0,3.0,0.0,0.0,17.098376708274944,33.00000039660889
1280.0,809.6666666666666,1635.9890536324085,0.49490958687587355,442.1666666666666,21.666666666666668,7.833333333333334,412.6666666666666,572.3107853653646,14.0,7.666666666666667,2.333333333333333,5.5,180.66666666666663,39.833333333333336,39.5,152.66666666666666,0.0,0.0,56.97745695662917,73.1666617420688
1281.0,576.1666666666666,1268.1705274974656,0.45432901504472006,74.83333333333333,0.3333333333333333,18.166666666666668,56.33333333333333,162.22983072892129,0.0,0.3333333333333333,0.0,18.166666666666668,31.83333333333333,2.0,14.5,8.0,0.0,5.766174802547703,29.63032196808079,52.00000062495946
1282.0,378.1666666666667,672.4463407131277,0.5623744881496743,85.83333333333334,35.5,30.0,20.333333333333336,140.9522141191049,31.5,4.0,0.0,30.0,10.166666666666666,0.3333333333333333,0.3333333333333333,9.5,0.0,0.0,21.1188803771442,34.00000040862734
1283.0,285.0,464.37886139191113,0.6137230259485802,91.66666666666669,18.0,11.333333333333334,62.333333333333336,134.8109156054838,13.0,5.0,3.0,8.333333333333334,10.0,9.833333333333334,5.0,37.5,0.0,0.0,17.14424862633738,26.00000031247973
1284.0,589.1666666666666,1126.43153133184,0.5230381521458863,67.16666666666666,13.166666666666668,5.833333333333333,48.16666666666666,150.04004393481003,7.666666666666667,5.5,1.8333333333333333,4.0,9.0,10.166666666666666,10.5,18.5,0.0,0.0,29.87337663116546,53.00000063697792
1285.0,219.5,335.2685488826091,0.6546990486627952,0.0,0.0,0.0,0.0,29.99067273445644,0.0,0.0,0.0,0.0,0.0,0.0,0.0,0.0,0.0,0.0,9.990672494087416,20.000000240369022
1286.0,579.6666666666666,989.592465058756,0.5857630157200616,118.33333333333331,23.5,2.833333333333333,92.0,202.27001449041657,15.5,8.0,0.6666666666666666,2.1666666666666665,17.833333333333332,3.333333333333333,1.8333333333333333,69.0,0.0,0.0,31.770037070812894,52.16664408627034
1287.0,736.8333333333334,1883.821853586331,0.3911374803995319,722.0,95.16666666666669,35.66666666666667,591.1666666666666,872.4020445387055,64.66666666666667,30.5,25.666666666666668,10.0,179.0,102.83333333333331,87.16666666666667,222.16666666666663,0.0,0.0,83.56871620248471,66.83332833622077
1288.0,309.3333333333333,531.9155299604544,0.5815459709483025,1653.6666666666663,545.6666666666667,47.16666666666666,1060.8333333333333,1770.85856074322,294.6666666666667,251.0,18.33333333333333,28.83333333333333,413.3333333333333,70.16666666666667,264.5,312.8333333333333,0.0,0.0,89.35863004206065,27.83326403449247
1289.0,197.83333333333331,336.63375162847905,0.5876812184645976,66.0,2.666666666666667,0.0,63.333333333333336,96.00842365638157,2.333333333333333,0.3333333333333333,0.0,0.0,8.166666666666666,0.1666666666666666,0.1666666666666666,54.833333333333336,0.0,0.0,12.008423440049432,18.000000216332122
1290.0,780.1666666666666,1586.4483923579164,0.4917693323179052,125.0,13.166666666666668,32.833333333333336,79.0,236.36561107309396,0.3333333333333333,12.833333333333334,32.833333333333336,0.0,21.83333333333333,1.3333333333333333,9.333333333333334,46.5,0.0,0.0,41.19891745138418,70.16669362170975
1291.0,433.1666666666667,1138.4926763410597,0.380473827955396,308.1666666666667,25.833333333333336,3.333333333333333,279.0,380.9085430514898,22.666666666666668,3.1666666666666665,1.1666666666666667,2.1666666666666665,12.833333333333334,33.333333333333336,15.0,217.83333333333331,0.0,0.0,33.74187591610351,39.0000004687196
1292.0,467.3333333333333,1099.3363739734325,0.42510494912872526,324.99999999999994,23.166666666666668,16.666666666666664,285.16666666666663,403.0628274275685,13.333333333333334,9.833333333333334,2.5,14.166666666666666,17.5,37.0,20.5,210.16666666666663,0.0,0.0,36.062826922793526,42.00000050477495
1293.0,246.83333333333331,500.9047464501983,0.49277499381386747,1508.5,458.8333333333333,30.0,1019.6666666666666,1610.3961516101035,357.8333333333333,101.0,8.333333333333334,21.666666666666668,161.16666666666666,104.83333333333331,130.66666666666666,623.0,0.0,0.0,79.89615134569759,22.00000026440593
1294.0,0.0,0.0,0.0,30.0,0.0,0.0,30.0,31.365457315788014,0.0,0.0,0.0,0.0,0.0,0.0,0.0,30.0,0.0,0.0,1.3654573157880128,0.0
1295.0,199.66666666666663,388.2593106751471,0.514261116673454,45.0,0.0,0.0,45.0,74.13601226460334,0.0,0.0,0.0,0.0,0.0,45.0,0.0,0.0,0.0,0.0,11.13601204827122,18.000000216332122
1296.0,470.0,956.9791834234652,0.4911287603128814,25.0,0.0,17.666666666666668,7.333333333333333,90.02958891070773,0.0,0.0,17.666666666666668,0.0,0.1666666666666666,0.0,0.1666666666666666,7.0,0.0,0.0,22.52959710465882,42.49999180604891
1297.0,608.1666666666666,1094.2843330670614,0.5557665848711334,568.1666666666666,85.5,13.666666666666666,469.0,676.7076435645947,62.16666666666666,23.33333333333333,3.1666666666666665,10.5,125.83333333333331,45.0,84.33333333333333,213.83333333333331,0.0,0.0,53.54097623691323,55.000000661014816
1298.0,747.5,1673.287127228611,0.44672548293492825,285.3333333333333,112.66666666666666,13.5,159.16666666666666,399.8428616444881,65.83333333333333,46.833333333333336,7.5,6.0,32.666666666666664,28.83333333333333,23.33333333333333,74.33333333333333,0.0,0.0,47.00955360805557,67.4999747030992
1299.0,435.3333333333333,851.6098577554577,0.511188696759239,172.5,24.5,8.833333333333334,139.16666666666666,239.16556498382607,20.5,4.0,5.0,3.8333333333333335,17.833333333333332,85.5,7.333333333333333,28.5,0.0,0.0,27.66556451510643,39.0000004687196
1300.0,198.33333333333331,524.2315769268904,0.3783315276351485,293.16666666666663,77.83333333333333,0.1666666666666666,215.16666666666663,333.5373231772403,53.0,24.83333333333333,0.1666666666666666,0.0,132.16666666666666,1.0,79.66666666666667,2.333333333333333,0.0,0.0,22.370656294241567,18.000000216332122
1301.0,726.6666666666666,1275.1432718871908,0.5698706041017744,2094.833333333333,721.1666666666666,26.5,1347.1666666666667,2289.096333915641,613.5,107.66666666666669,14.666666666666666,11.833333333333334,186.66666666666663,110.16666666666669,96.5,953.8333333333334,0.0,0.0,128.42964325040123,65.83335733190691
1302.0,3.1666666666666665,9.764327131422908,0.3243097679998769,576.5,46.333333333333336,213.33333333333331,316.83333333333337,607.882019620731,31.666666666666668,14.666666666666666,155.5,57.833333333333336,47.5,42.333333333333336,19.166666666666668,207.83333333333331,5.012973115486998,0.0,26.36904650524396,0.0
1303.0,459.6666666666667,1111.0914643429835,0.4137073152105252,508.0,52.16666666666667,57.33333333333333,398.5,600.3928424724222,29.166666666666668,23.0,5.666666666666667,51.66666666666666,75.33333333333333,94.16666666666669,30.0,199.0,6.850949246927699,0.0,44.04189272597106,41.50000049952348
1304.0,322.8333333333333,770.4768904243024,0.4190045637261731,34.0,3.666666666666667,2.833333333333333,27.5,91.10526382994205,2.833333333333333,0.8333333333333334,0.1666666666666666,2.6666666666666665,4.333333333333333,6.833333333333333,3.1666666666666665,13.166666666666666,11.863922362414698,0.0,16.24134111899227,29.000000348535085
1305.0,10.833333333333334,31.99783821091172,0.33856453870183684,604.1666666666666,17.666666666666668,578.8333333333334,7.666666666666666,645.0237988977739,17.166666666666668,0.5,3.5,575.3333333333334,1.0,0.3333333333333333,0.5,5.833333333333333,11.863922362414698,0.0,27.99313442856217,1.000075440130335
1306.0,1442.1666381866955,3807.2381127569492,0.3787960183930745,587.6666550613994,101.66666465894882,32.33333269481323,453.6666577076372,810.2224902181031,52.499998963227675,49.16666569572114,8.9999998222676,23.33333287254563,62.49999876574723,158.99999686006095,37.166665932697676,194.99999614913136,0.0,0.0,92.38919270353094,130.16664245317284
1307.0,506.3333333333333,1224.6027432430558,0.4134674171906846,86.0,12.333333333333334,1.5,72.16666666666667,158.9598493017388,9.5,2.833333333333333,0.8333333333333334,0.6666666666666666,4.833333333333333,47.833333333333336,2.5,17.0,0.0,0.0,26.959848748890053,46.00000055284875
1308.0,870.0,2150.6823238742904,0.4045227834637899,0.0,0.0,0.0,0.0,118.09789831116468,0.0,0.0,0.0,0.0,0.0,0.0,0.0,0.0,0.0,0.0,39.5979234758625,78.49997483530217
1309.0,1184.0,3444.005730565903,0.34378572297132926,89.16666666666667,10.5,4.166666666666667,74.5,254.11537600893703,8.0,2.5,1.6666666666666667,2.5,5.166666666666667,43.333333333333336,2.0,24.0,0.0,0.0,57.94870805629609,107.00000128597428
1310.0,1238.8333232429245,3543.023001714675,0.34965432700927457,96.99999920992629,21.833333155498874,2.3333333143281236,72.8333327400993,269.4616910971132,13.833333220659592,7.999999934839281,1.4999999877823653,0.8333333265457585,12.166666567568074,5.833333285820309,8.999999926694192,45.83333296001672,0.0,0.0,60.79501028129798,111.66668160588895
1311.0,918.5,2507.9108382465174,0.366241090389879,75.33333333333333,9.166666666666666,4.666666666666666,61.5,203.4022909613816,5.333333333333333,3.8333333333333335,1.5,3.1666666666666665,14.166666666666666,10.833333333333334,4.0,32.5,0.0,0.0,45.23564941093495,82.83330821711328
1312.0,1300.0,3078.1280159370035,0.42233461157861263,145.0,5.166666666666667,8.833333333333334,131.0,337.93877637785937,3.5,1.6666666666666667,1.3333333333333333,7.5,14.333333333333334,87.0,6.0,23.666666666666668,1.0025946230973994,0.0,74.76953688729232,117.16664486746966
1313.0,1162.1666666666667,3305.024372657553,0.3516363377774956,369.6666666666666,43.5,44.333333333333336,281.8333333333333,548.404440661909,28.33333333333333,15.166666666666666,13.833333333333334,30.5,58.66666666666666,53.16666666666666,41.5,128.5,4.010378492389599,0.0,69.72739424091539,105.00000126193738
1314.0,748.3333333333334,1668.7684287610343,0.4484344984216464,211.83333333333331,21.833333333333336,28.166666666666668,161.83333333333334,323.041740806481,9.0,12.833333333333334,21.666666666666668,6.5,15.0,89.66666666666667,7.833333333333333,49.333333333333336,0.0,0.0,43.70845598025175,67.49995149289592
1315.0,617.1666666666666,1657.601754060351,0.3723250564587641,908.5,445.83333333333337,4.5,458.1666666666667,1033.7746352442182,312.0,133.83333333333334,2.0,2.5,17.0,8.666666666666666,21.83333333333333,410.6666666666667,0.0,0.0,69.44129543590677,55.833339808311415
1316.0,1183.0,3441.385931337607,0.3437568536639506,412.33333333333337,21.833333333333336,23.166666666666664,367.33333333333337,591.7781457573299,16.166666666666668,5.666666666666667,9.666666666666666,13.5,33.666666666666664,181.83333333333331,75.16666666666667,76.66666666666667,0.0,0.0,72.61148360703773,106.83332881695884
1317.0,930.0,2358.3398063687987,0.3943452073736341,198.16666666666663,13.0,75.0,110.16666666666666,334.51781293231426,9.833333333333334,3.1666666666666665,14.833333333333334,60.16666666666666,11.333333333333334,17.333333333333332,9.0,72.5,1.0025946230973994,0.0,51.34855063300032,84.0000010095499
1318.0,335.5,923.1872324008164,0.3634149046098781,0.0,0.0,0.0,0.0,45.27044071396858,0.0,0.0,0.0,0.0,0.0,0.0,0.0,0.0,0.0,0.0,15.270440353415042,30.00000036055354
1319.0,0.0,0.0,0.0,721.8333333333333,40.66666666666666,409.6666666666666,271.5,754.687849927123,32.666666666666664,8.0,223.5,186.16666666666663,15.0,35.166666666666664,21.83333333333333,199.5,0.0,0.0,32.85451659378963,0.0
1320.0,510.3333333333333,1434.748799255692,0.3556952503449246,0.0,0.0,0.0,0.0,80.2486835769524,0.0,0.0,0.0,0.0,0.0,0.0,0.0,0.0,8.020756984779197,0.0,26.227926039324466,46.00000055284875
1321.0,0.0,0.0,0.0,808.8333333333334,28.166666666666664,371.0,409.6666666666667,845.6484450101425,23.33333333333333,4.833333333333333,40.16666666666666,330.8333333333333,204.33333333333331,35.666666666666664,13.333333333333334,156.33333333333334,0.0,0.0,36.81511167680913,0.0
1322.0,0.0,0.0,0.0,553.6666666666666,29.33333333333333,273.66666666666663,250.66666666666663,578.8671246798671,23.0,6.333333333333333,27.5,246.16666666666663,24.0,32.333333333333336,15.166666666666666,179.16666666666666,0.0,0.0,25.200458013200457,0.0
1323.0,0.0,0.0,0.0,151.16666666666666,44.16666666666666,41.66666666666666,65.33333333333333,158.0473956871466,41.66666666666666,2.5,13.166666666666666,28.5,13.166666666666666,6.666666666666667,6.333333333333333,39.16666666666666,0.0,0.0,6.8807290204799365,0.0
1324.0,0.0,0.0,0.0,3023.333333333333,310.6666666666667,1195.6666666666667,1517.0,3160.940985198749,264.1666666666667,46.5,27.166666666666668,1168.5,127.16666666666669,82.16666666666667,44.333333333333336,1263.3333333333333,0.0,0.0,137.6076518654155,0.0
1325.0,0.0,0.0,0.0,3136.6666666666665,117.66666666666669,2270.0,749.0,3289.1122791488265,97.5,20.166666666666668,319.5,1950.5,471.0,28.0,24.83333333333333,225.16666666666663,2.0051892461947998,7.688233069583362,142.7521901663817,0.0
1326.0,0.0,0.0,0.0,3498.833333333333,343.8333333333333,2553.0,602.0,3658.08353081929,341.0,2.833333333333333,1771.5,781.5,172.16666666666666,5.666666666666667,156.33333333333334,267.8333333333333,0.0,0.0,159.25019748595665,0.0
1327.0,343.6666666666667,1255.7599831074674,0.2736722552794198,3109.333333333333,126.5,1968.3333333333333,1014.5,3297.4982979665165,74.33333333333333,52.16666666666666,1291.0,677.3333333333334,191.83333333333331,89.83333333333333,26.83333333333333,706.0,0.0,0.0,157.16496426061084,31.00000037257199
1328.0,0.0,0.0,0.0,3666.5,232.5,2344.0,1090.0,3833.3820326848254,203.83333333333331,28.666666666666668,304.6666666666667,2039.3333333333333,449.6666666666667,78.83333333333333,30.166666666666668,531.3333333333334,0.0,0.0,166.88203268482542,0.0
1329.0,0.0,0.0,0.0,865.5,25.0,699.0,141.5,904.8930728780584,22.166666666666668,2.833333333333333,367.8333333333333,331.1666666666667,8.333333333333334,25.666666666666668,4.333333333333333,103.16666666666669,0.0,0.0,39.393072878058376,0.0
1330.0,0.0,0.0,0.0,5523.166666666667,436.0,2460.666666666667,2626.5,5774.555666279062,247.0,189.0,1208.5,1252.1666666666667,413.1666666666667,536.6666666666666,210.66666666666663,1466.0,0.0,0.0,251.3889996123963,0.0
1331.0,949.8333333333334,2225.793150747977,0.4267392650633965,3164.833333333333,133.0,395.33333333333337,2636.5,3441.1120681154407,88.66666666666667,44.333333333333336,161.33333333333334,234.0,578.5,166.33333333333334,376.8333333333333,1514.8333333333333,1.0025946230973994,0.0,189.776191350098,85.49994880891195
1332.0,65.5,188.49039790069688,0.3474978074719096,1622.1666666666663,94.33333333333331,925.8333333333331,602.0,1704.9845546997249,78.5,15.833333333333334,376.6666666666667,549.1666666666666,41.0,97.5,39.5,424.0,0.0,0.0,76.81788796094764,6.000000072110708
1333.0,215.5,569.9080393721841,0.3781311810189531,363.6666666666667,31.5,97.66666666666669,234.5,413.5380304918486,24.5,7.0,57.833333333333336,39.833333333333336,18.166666666666668,70.0,24.5,121.83333333333331,4.010378492389599,0.0,26.360996703483877,19.499988629308444
1334.0,356.3333333333333,1077.836918751574,0.33060041564178694,552.1666666666666,115.33333333333331,37.333333333333336,399.5,634.6993888125506,87.83333333333333,27.5,14.333333333333334,23.0,77.83333333333333,53.0,25.83333333333333,242.83333333333331,0.0,0.0,50.36601447464966,32.166707671234384
1335.0,178.33333333333334,466.1593485691972,0.38255874065531337,4119.166666666666,797.8333333333333,1263.0,2058.333333333333,4430.45665642672,433.0,364.8333333333333,223.66666666666663,1039.3333333333333,433.1666666666667,209.83333333333331,160.16666666666666,1255.1666666666667,2.673631311002912,0.0,292.6164569117343,15.99990153731585
1336.0,50.5,130.9171398584442,0.3857401716429473,3379.6666666666665,179.83333333333334,171.16666666666666,3028.6666666666665,3540.464472139636,114.16666666666669,65.66666666666667,122.33333333333331,48.833333333333336,2173.0,176.16666666666666,172.83333333333334,506.6666666666667,0.0,0.0,156.13114455492234,4.666660918047133
1337.0,0.0,0.0,0.0,4766.0,138.33333333333331,47.33333333333333,4580.333333333333,4982.923594354078,70.0,68.33333333333333,13.166666666666666,34.166666666666664,960.0,179.83333333333334,60.333333333333336,3380.1666666666665,0.0,0.0,216.92359435407784,0.0
1338.0,638.8333333333334,2053.0934516754837,0.3111564808762094,63.99999999999999,0.1666666666666666,0.0,63.83333333333333,154.99214021656496,0.0,0.1666666666666666,0.0,0.0,0.1666666666666666,63.5,0.0,0.1666666666666666,1.0025946230973994,0.0,31.98954489639741,58.00000069707017
1339.0,306.1666666666667,956.096391487547,0.3202257318326616,45.66666666666666,4.5,5.0,36.16666666666666,99.51377853397352,2.833333333333333,1.6666666666666667,0.8333333333333334,4.166666666666667,5.666666666666667,6.666666666666667,2.5,21.33333333333333,0.0,0.0,26.013804311208396,27.833307556098465
1340.0,359.3333333333333,994.824566691534,0.3612027138899075,0.0,0.0,0.0,0.0,49.022029617539886,0.0,0.0,0.0,0.0,0.0,0.0,0.0,0.0,0.0,0.0,16.355359657483096,32.66666996005679
1341.0,285.1666666666667,766.297514538271,0.37213570611473606,1603.8333333333337,326.83333333333337,73.5,1203.5,1715.8474055451854,189.33333333333331,137.5,44.66666666666666,28.83333333333333,298.0,183.83333333333331,157.33333333333334,564.3333333333334,0.0,0.0,86.01411831816334,25.999953893688524
1342.0,1237.5,3269.3116010841663,0.3785200528422012,1857.3333333333333,685.6666666666667,33.5,1138.1666666666663,2139.8971704557757,276.0,409.6666666666667,20.666666666666668,12.833333333333334,181.5,248.0,159.5,549.1666666666666,0.0,0.0,170.89718941070876,111.66664771173303
1343.0,0.0,0.0,0.0,3447.0000000000005,258.66666666666663,170.16666666666669,3018.166666666667,3603.8990289859694,172.66666666666666,86.0,70.16666666666667,100.0,915.0,609.3333333333334,165.5,1328.3333333333333,0.0,0.0,156.89902898596915,0.0
1344.0,0.0,0.0,0.0,1496.8333333333337,9.0,169.5,1318.3333333333337,1566.9673018438623,7.666666666666667,1.3333333333333333,1.1666666666666667,168.33333333333334,1093.6666666666667,3.0,59.5,162.16666666666666,2.0051892461947998,0.0,68.1287792643344,0.0
1345.0,291.0,772.2514833265624,0.3768202538718138,0.0,0.0,0.0,0.0,39.24473219252205,0.0,0.0,0.0,0.0,0.0,0.0,0.0,0.0,0.0,0.0,13.244731880042318,26.00000031247973
1346.0,0.0,0.0,0.0,679.5,34.5,137.16666666666666,507.83333333333337,710.4274807577566,24.0,10.5,14.333333333333334,122.83333333333331,63.833333333333336,266.6666666666667,10.666666666666666,166.66666666666666,0.0,0.0,30.927480757756616,0.0
1347.0,667.5,1938.358613210342,0.3443635225447139,539.1666666666666,72.33333333333333,155.5,311.3333333333333,655.0873566079742,40.16666666666666,32.166666666666664,83.0,72.5,58.333333333333336,52.16666666666666,17.333333333333332,183.5,0.0,0.0,55.75406606877687,60.16662387253074
1348.0,637.1666666666666,1742.9617368216516,0.3655654930374783,203.16666666666663,27.83333333333333,3.8333333333333335,171.5,299.08112381756587,7.5,20.33333333333333,0.8333333333333334,3.0,1.3333333333333333,161.5,0.5,8.166666666666666,0.0,0.0,38.24783330917237,57.66662384172687
1349.0,430.8333333333333,1319.0277364938574,0.3266294721584421,8.0,1.6666666666666667,0.0,6.333333333333334,66.97333532368009,0.0,1.6666666666666667,0.0,0.0,0.0,0.0,0.1666666666666666,6.166666666666667,0.0,0.0,19.973334854960488,39.0000004687196
1350.0,1290.5,3761.373926949113,0.34309271693355337,1321.5,214.66666666666663,18.166666666666668,1088.6666666666667,1556.885626390531,105.33333333333331,109.33333333333331,4.333333333333333,13.833333333333334,152.33333333333334,202.16666666666663,63.16666666666666,671.0,0.0,0.0,118.8856743087306,116.49995208180002
1351.0,579.3333333333334,1428.436731795981,0.4055715737615726,1428.5,54.66666666666666,105.5,1268.3333333333333,1588.3898546303822,35.166666666666664,19.5,55.5,50.0,377.1666666666667,121.0,258.8333333333333,511.3333333333333,0.0,0.0,107.38991781499824,52.49993681538408
1352.0,378.5,941.5373273730067,0.40200211823365184,555.3333333333333,33.833333333333336,51.66666666666666,469.8333333333333,631.8367862762751,31.5,2.333333333333333,15.0,36.66666666666666,43.66666666666666,208.66666666666663,48.5,169.0,0.0,0.0,42.50345253431458,34.00000040862734
1353.0,290.3333333333333,626.6883673176104,0.4632818294937174,266.83333333333337,35.66666666666667,15.0,216.16666666666669,320.3651269496583,20.166666666666668,15.5,2.1666666666666665,12.833333333333334,51.333333333333336,36.0,8.333333333333334,120.5,2.0051892461947998,0.0,25.359957696023447,26.166646674106687
1354.0,1127.0,2955.417473627224,0.381333605169769,79.5,36.333333333333336,3.333333333333333,39.833333333333336,239.24711543049008,3.5,32.833333333333336,0.5,2.833333333333333,10.333333333333334,2.833333333333333,5.166666666666667,21.5,0.0,0.0,57.91379827953319,101.83331715095689
1355.0,727.5,2378.1539538179363,0.3059095475429826,129.0,9.333333333333334,2.333333333333333,117.33333333333331,238.4842535642543,6.0,3.333333333333333,1.3333333333333333,1.0,9.5,83.33333333333333,5.333333333333333,19.166666666666668,0.0,0.0,43.65093684596164,65.83331671829264
1356.0,28.83333333333333,54.10129245532582,0.5329509153065516,1350.6666666666667,688.8333333333334,48.833333333333336,613.0,1415.9578729229636,457.0,231.83333333333331,11.0,37.833333333333336,65.5,189.5,22.33333333333333,335.6666666666667,0.0,0.0,62.79125554460029,2.499950711696584
1357.0,313.8333333333333,860.8122800250538,0.3645781323242731,25.166666666666668,13.5,0.3333333333333333,11.333333333333334,68.76344361715141,8.833333333333334,4.666666666666667,0.3333333333333333,0.0,1.5,2.5,0.6666666666666666,6.666666666666667,0.0,0.0,15.430133152657245,28.166643797827504
1358.0,522.5,1585.84256065669,0.32947785168764493,638.5,118.33333333333331,24.166666666666668,496.0,738.5043920514532,59.16666666666666,59.16666666666666,11.833333333333334,12.333333333333334,59.833333333333336,99.33333333333331,44.5,292.3333333333333,0.0,0.0,52.8377074116608,47.16668463979235
1359.0,347.3333333333333,925.5610156448024,0.3752678942418071,0.0,0.0,0.0,0.0,46.808992812072745,0.0,0.0,0.0,0.0,0.0,0.0,0.0,0.0,0.0,0.0,15.808992439500756,31.00000037257199
1360.0,404.8333333333333,1249.0863477301702,0.32410356103002264,384.83333333333337,60.0,101.33333333333334,223.5,457.10862659600735,40.833333333333336,19.166666666666668,3.1666666666666665,98.16666666666669,58.0,54.5,14.0,97.0,0.0,0.0,35.94197399936736,36.333319263306656
1361.0,298.8333333333333,795.8973899736685,0.37546716083994186,44.0,0.1666666666666666,0.0,43.833333333333336,86.60410720989533,0.0,0.1666666666666666,0.0,0.0,0.0,43.833333333333336,0.0,0.0,0.0,0.0,15.604106885397142,27.000000324498185
1362.0,307.1666666666667,1246.6468377892695,0.2463942933600811,0.0,0.0,0.0,0.0,41.81405760766963,0.0,0.0,0.0,0.0,0.0,0.0,0.0,0.0,0.0,0.0,13.980729740168456,27.83332786750118
1363.0,696.1666666666666,2094.368572952106,0.3323993091079421,1567.6666666666667,200.66666666666663,40.333333333333336,1326.6666666666667,1733.7042344790934,163.5,37.16666666666666,12.333333333333334,28.0,160.5,196.16666666666663,519.8333333333334,450.1666666666667,0.0,0.0,103.0375670552642,63.00000075716243
1364.0,712.1666910598129,2108.7503868318527,0.33771976783357416,755.1666925326498,204.8333403492886,19.000000650788365,531.3333515325728,885.9526398829148,124.16667091962574,80.66666942966289,4.500000154134087,14.500000496654279,72.50000248327139,58.16666865899244,32.8333344579413,367.8333459323677,0.0,0.0,66.78594438895475,64.00000296131014
1365.0,174.66667667989745,533.4240466462566,0.32744432460077816,207.33334521926758,91.8333385979232,0.5000000286638286,115.00000659268059,240.38668063509516,35.00000200646801,56.83333659145519,0.16666667622127615,0.3333333524425524,1.1666667335489336,1.6666667622127622,10.833333954382955,101.33333914253592,0.0,0.0,17.386699576450543,15.666635839376989
1366.0,671.5,1920.4476452602432,0.3496580610553452,814.0,205.66666666666663,43.0,565.3333333333334,942.2795259566196,60.5,145.16666666666666,29.83333333333333,13.166666666666666,46.66666666666666,270.1666666666667,32.166666666666664,216.33333333333331,0.0,0.0,67.61290207883742,60.66662387778221
1367.0,638.5,1580.3366793179648,0.4040278304972085,462.6666666666666,87.0,21.333333333333336,354.3333333333333,570.2920938230833,57.0,30.0,11.333333333333334,10.0,75.5,57.5,27.666666666666668,193.66666666666663,0.0,0.0,50.12553089879844,57.49989625761831
1368.0,385.0,1063.6888591804166,0.36194794810264963,59.16666666666666,4.666666666666666,3.0,51.49999999999999,114.05828340280692,3.1666666666666665,1.5,2.6666666666666665,0.3333333333333333,11.333333333333334,5.666666666666667,19.33333333333333,15.166666666666666,0.0,0.0,20.225001876330783,34.66661485980946
1369.0,561.8333333333334,1284.295235566731,0.43746431332466074,1813.0,270.5,92.83333333333331,1449.6666666666663,1971.857348611566,176.33333333333334,94.16666666666669,63.16666666666666,29.666666666666668,401.1666666666667,194.33333333333331,152.0,702.1666666666666,0.0,0.0,108.19031288972418,50.66703572184189
1370.0,584.8333333333334,1597.0171117381358,0.36620354849975395,882.6666666666666,301.66666666666663,61.0,520.0,1002.2924550854004,139.0,162.66666666666666,20.33333333333333,40.66666666666666,86.16666666666667,54.0,40.833333333333336,339.0,0.0,0.0,66.79250086276944,52.83328755596427
1371.0,746.6666666666666,1574.8555712585123,0.4741175510272246,1044.8333333333337,167.33333333333334,38.16666666666666,839.3333333333334,1193.7072446616685,96.66666666666669,70.66666666666667,11.166666666666666,27.0,208.5,119.16666666666669,40.16666666666666,471.5,0.0,0.0,81.54060619706648,67.33330513126896
1372.0,999.8333333333334,2606.6670938669545,0.3835677120740779,377.3333333333333,56.16666666666666,31.666666666666664,289.5,530.016086976828,42.0,14.166666666666666,18.5,13.166666666666666,30.5,100.83333333333331,12.166666666666666,146.0,0.0,0.0,62.68275256183409,90.00000108166061
1373.0,1102.0,2798.8404717884605,0.39373448079940815,203.0,13.166666666666666,5.333333333333333,184.5,370.06395683572833,11.0,2.1666666666666665,0.3333333333333333,5.0,7.5,88.66666666666667,56.833333333333336,31.5,0.0,0.0,67.39728896762053,99.6666678681078
1374.0,212.5,560.4315410037781,0.37917209231192694,2294.5,203.16666666666669,137.5,1953.8333333333333,2429.6115295362806,143.33333333333334,59.833333333333336,91.16666666666669,46.333333333333336,537.0,304.5,307.0,805.3333333333334,2.0051892461947998,0.0,114.10634006173557,19.000000228350576
1375.0,294.3333333333333,820.7824542301432,0.35860090797068106,554.1666666666667,292.3333333333333,34.66666666666667,227.16666666666669,621.2908354808123,278.3333333333333,14.0,6.0,28.666666666666668,26.666666666666668,71.5,15.666666666666666,113.33333333333331,1.837976131440701,0.0,38.61954600334689,26.666646679358163
1376.0,1060.3333333333333,2912.6441653492934,0.3640449272684069,370.5,51.66666666666667,2.5,316.3333333333333,557.289465857197,29.166666666666668,22.5,0.1666666666666666,2.333333333333333,9.833333333333334,60.5,6.0,240.0,0.0,0.0,91.12279513997773,95.66667071721923
1377.0,1164.6666666666667,3138.478946683112,0.37109271288805035,286.6666666666667,52.83333333333333,36.66666666666667,197.16666666666669,467.89529288253135,38.16666666666666,14.666666666666666,19.5,17.166666666666668,26.0,31.666666666666668,35.333333333333336,104.16666666666669,0.0,0.0,76.0620308102082,105.16659540565644
1378.0,453.8333333333333,1332.9362746393615,0.34047639183360223,583.0,137.83333333333334,24.5,420.6666666666666,671.1918383510457,97.5,40.333333333333336,6.0,18.5,44.66666666666666,149.5,25.33333333333333,201.16666666666663,0.0,0.0,47.19183785828921,41.000000492756506
1379.0,420.0,999.0970729781824,0.42037957207504667,1434.8333333333333,441.1666666666667,38.33333333333333,955.3333333333331,1557.7557864953608,395.0,46.16666666666666,13.5,24.83333333333333,278.3333333333333,192.33333333333331,86.5,398.1666666666667,0.0,0.0,84.92245270532628,38.00000045670115
1380.0,205.83333556388126,626.8385815420332,0.32836736860951965,512.0000055483752,200.33333550427955,11.333333456148928,300.33333658794663,563.6726772618518,161.666668418595,38.66666708568457,3.500000037928346,7.833333418220583,42.666667129031254,45.33333382459572,19.833333548260622,192.50000208605903,0.0,0.0,32.672671279229405,19.000000434247312
1381.0,80.16666827490731,247.59735835171634,0.3237783666537717,238.00000477456888,3.833333410234653,1.0000000200612138,233.16667134427297,259.48145377587997,2.333333380142832,1.5000000300918206,0.0,1.0000000200612138,3.000000060183641,204.6666707725284,2.333333380142832,23.16666713141812,0.0,0.0,14.481448776753448,7.000000224557657
1382.0,612.0,1710.9431225719652,0.3576974546529721,582.3333333333333,132.66666666666666,17.333333333333332,432.3333333333333,691.6954032907566,80.5,52.16666666666666,3.333333333333333,14.0,66.33333333333333,101.33333333333331,17.666666666666668,247.0,0.0,0.0,54.362069296408514,55.000000661014816
1383.0,1104.0,2550.1282059233117,0.43291941065381867,3045.0,235.66666666666669,84.33333333333334,2725.0,3333.6850014919755,112.66666666666669,123.0,11.166666666666666,73.16666666666667,365.0,1140.8333333333333,278.1666666666667,941.0,0.0,0.0,188.85164375144151,99.83335774053424
1384.0,636.8333333333334,1398.2896176849963,0.45543736095793413,2177.0,1131.0,50.5,995.5,2362.5995037234225,640.6666666666666,490.3333333333333,28.83333333333333,21.666666666666668,205.83333333333331,146.66666666666666,91.83333333333331,551.1666666666666,0.0,0.0,128.09964224626438,57.499861477157765
1385.0,608.5,1274.485284171366,0.4774476469499837,223.33333333333331,41.5,5.166666666666667,176.66666666666669,316.1943652257455,23.83333333333333,17.666666666666668,1.6666666666666667,3.5,24.33333333333333,27.33333333333333,8.333333333333334,116.66666666666669,0.0,0.0,37.86103123139733,55.000000661014816
1386.0,1025.0,2258.010549503763,0.4539394203562342,827.3333333333335,166.0,63.66666666666667,597.6666666666667,1004.3109411315412,108.83333333333331,57.16666666666666,30.33333333333333,33.333333333333336,71.83333333333333,167.5,36.16666666666666,322.1666666666667,0.0,0.0,84.3109516201388,92.66665617806898
1387.0,917.5,2959.5347426397307,0.3100149448428654,998.6666666666664,283.16666666666663,85.83333333333333,629.6666666666666,1168.8821703374983,204.16666666666663,79.0,47.66666666666666,38.16666666666666,90.5,89.33333333333333,48.833333333333336,401.0,0.0,0.0,87.21550267330014,83.00000099753144
1388.0,1000.3333333333334,2486.412200275868,0.40231999071688357,0.0,0.0,0.0,0.0,135.53064053519086,0.0,0.0,0.0,0.0,0.0,0.0,0.0,0.0,0.0,0.0,45.53063945353023,90.00000108166061
1389.0,1252.5,3372.834436846505,0.37134938682938984,17.0,0.0,3.0,14.0,189.53635988805613,0.0,0.0,0.0,3.0,4.0,0.6666666666666666,4.333333333333333,5.0,0.0,1.9220582670356592,57.780993043353696,112.8333085776668
1390.0,573.5,1532.3962076046166,0.3742504693981678,147.83333333333334,20.0,12.833333333333334,115.0,235.4979884338329,9.833333333333334,10.166666666666666,1.0,11.833333333333334,19.83333333333333,34.0,3.5,57.66666666666666,0.0,0.0,35.831326944555535,51.83332815594401
1391.0,577.8333333333334,1612.7886776908483,0.3582821118019387,118.0,20.5,2.833333333333333,94.66666666666666,205.83804948438575,19.0,1.5,0.5,2.333333333333333,18.0,27.33333333333333,21.0,28.33333333333333,0.0,0.0,35.67138799470446,52.16666148968133
1392.0,293.8333333333333,781.8108063781168,0.3758368788666028,79.66666666666667,6.0,5.166666666666666,68.5,123.33330703546424,4.833333333333333,1.1666666666666667,0.3333333333333333,4.833333333333333,15.5,10.333333333333334,13.833333333333334,28.83333333333333,0.0,0.0,16.999958874941782,26.666681493855773
1393.0,279.5,785.4015531840674,0.355868916819542,53.0,11.166666666666668,5.833333333333333,36.0,93.13378268515946,8.333333333333334,2.833333333333333,1.3333333333333333,4.5,7.666666666666667,5.833333333333333,6.5,16.0,0.0,0.0,15.133782384698186,25.00000030046128
1394.0,442.0,999.0627144390338,0.44241466888110187,72.0,0.1666666666666666,0.0,71.83333333333333,135.22918057684876,0.1666666666666666,0.0,0.0,0.0,0.0,71.83333333333333,0.0,0.0,0.0,0.0,23.395826457737662,39.8333541191111
1395.0,390.3333333333333,1133.5008906470473,0.34436085278284656,136.5,10.333333333333334,2.833333333333333,123.33333333333331,195.6451790971444,7.0,3.333333333333333,1.5,1.3333333333333333,9.166666666666666,60.66666666666666,22.33333333333333,31.166666666666668,0.0,0.0,23.97851781177678,35.166661285367645
1396.0,366.5,930.53645975181,0.39385882859200577,0.0,0.0,0.0,0.0,49.68133225903597,0.0,0.0,0.0,0.0,0.0,0.0,0.0,0.0,0.0,0.0,16.681331862427083,33.00000039660889
1397.0,370.5,737.7276287059526,0.502217872265261,0.0,0.0,0.0,0.0,50.196595347602,0.0,0.0,0.0,0.0,0.0,0.0,0.0,0.0,0.0,0.0,16.863290624960374,33.33330472264162
1398.0,141.66666666666666,470.4274211610716,0.3011445768127552,5.0,0.1666666666666666,1.0,3.8333333333333335,24.67561109468285,0.1666666666666666,0.0,0.0,1.0,1.0,0.8333333333333334,0.0,2.0,0.0,0.0,6.675610938442985,13.000000156239864
1399.0,2773.6666666666665,8180.111385836822,0.33907443747881455,204.0,77.0,1.3333333333333337,125.66666666666666,589.8625968852072,23.166666666666668,53.833333333333336,0.1666666666666666,1.1666666666666667,7.666666666666667,43.16666666666666,12.0,62.833333333333336,0.0,0.0,135.52925473854916,250.33334214665797
1400.0,1147.6666666666667,2403.090914731853,0.477579378970241,548.3333333333333,110.33333333333331,30.166666666666668,407.8333333333333,729.1951282398497,78.5,31.83333333333333,14.833333333333334,15.333333333333334,90.5,66.83333333333333,53.5,197.0,0.0,0.0,77.19512409314963,103.66667081336682
1401.0,0.0,0.0,0.0,888.1666666666667,49.66666666666666,403.0,435.5,928.5918452779352,41.16666666666666,8.5,67.33333333333333,335.6666666666667,26.0,91.5,23.5,294.5,0.0,0.0,40.42517861126847,0.0
1402.0,41.0,85.44258146619677,0.47985441563725023,1486.5,216.16666666666663,361.5,908.8333333333331,1617.67933220384,158.0,58.16666666666666,133.0,228.5,149.33333333333334,123.66666666666669,71.33333333333333,564.5,0.0,0.0,127.67933215647126,3.5000000473688515
1403.0,0.0,0.0,0.0,1728.6666666666663,168.33333333333331,642.0,918.3333333333334,1840.34411718037,124.83333333333331,43.5,276.8333333333333,365.1666666666667,82.33333333333333,125.33333333333331,89.33333333333333,621.3333333333334,0.0,0.0,111.67745051370338,0.0
1404.0,247.83333333333331,781.6202308060007,0.3170764056065559,80.0,2.333333333333333,0.1666666666666666,77.5,117.42033943650095,2.1666666666666665,0.1666666666666666,0.0,0.1666666666666666,5.0,20.166666666666668,31.0,21.33333333333333,0.0,0.0,14.920388484435364,22.499950952065607
1405.0,581.3333302044624,1579.197838246505,0.3681193806913755,80.9999995640392,18.499999900428705,5.999999967706607,56.49999969590388,176.81278419991767,18.499999900428705,0.0,0.1666666657696279,5.833333301936979,0.1666666657696279,49.66666639934913,0.9999999946177679,5.666666636167352,0.0,0.0,43.14616113770787,52.66662349817061
1406.0,274.66666690818005,747.7032528795914,0.3673471605886029,478.0000004203036,13.833333345496932,9.000000007913666,455.1666670668929,537.257756273432,9.833333341979747,4.000000003517185,1.1666666676925124,7.833333340221153,20.000000017585926,380.33333366775895,8.500000007474018,46.33333337407406,0.0,0.0,34.257755530684925,25.000000322443686
1407.0,489.333333540175,1738.0231056175542,0.2815459310975645,347.83333348036285,66.66666669484673,62.83333335989305,218.33333342562304,431.2731944527894,43.6666666851246,23.00000000972212,5.333333335587739,57.50000002430531,37.000000015639934,43.500000018387496,38.83333334974822,99.0000000418474,1.002594623521197,0.0,38.10395276821261,44.3333135806927
1408.0,535.0,1454.060616066866,0.36793514251636783,16.0,14.0,0.0,2.0,89.41195389711899,14.0,0.0,0.0,0.0,0.1666666666666666,0.1666666666666666,0.1666666666666666,1.5,0.0,0.0,25.078663497295512,48.33329039982348
1409.0,567.8333333333334,1564.949614327959,0.36284448274533093,22.0,0.0,0.0,22.0,100.01310697984468,0.0,0.0,0.0,0.0,1.0,0.0,1.1666666666666667,19.83333333333333,0.0,0.0,26.84641358648548,51.16669339335919
1410.0,500.6666666666667,1344.9144869518566,0.3722665429839993,80.83333333333334,44.5,1.0,35.333333333333336,152.30010696905387,14.5,30.0,0.1666666666666666,0.8333333333333334,3.1666666666666665,0.6666666666666666,1.0,30.5,0.0,0.0,26.466773094890247,45.00000054083031
1411.0,358.1666666666667,995.148046160925,0.3599129476748706,15.666666666666666,3.1666666666666665,1.0,11.5,65.01218136517365,1.3333333333333333,1.8333333333333333,0.6666666666666666,0.3333333333333333,1.8333333333333333,0.8333333333333334,1.3333333333333333,7.5,0.0,0.0,17.0121780721875,32.33333662631948
1412.0,256.5,666.7994641989494,0.3846733744876997,612.5,40.5,27.5,544.5,675.2190947336018,29.0,11.5,3.6666666666666665,23.83333333333333,110.5,134.16666666666666,92.0,207.83333333333331,0.0,0.0,39.552433592455465,23.166661141146232
1413.0,575.8333333333334,1627.720680486159,0.353766675226702,119.83333333333334,16.333333333333332,2.333333333333333,101.16666666666669,206.49682371421216,15.666666666666666,0.6666666666666666,0.1666666666666666,2.1666666666666665,8.0,75.5,0.6666666666666666,17.0,0.0,0.0,34.66348975591935,52.00000062495946
1414.0,561.0,1399.8948523180372,0.40074438381644134,130.0,0.0,0.0,130.0,212.1173611700676,0.0,0.0,0.0,0.0,0.3333333333333333,129.5,0.0,0.1666666666666666,0.0,0.0,31.450717101067227,50.666644069000405
1415.0,634.166665640443,1901.287879533873,0.333545841461903,141.33333310462433,34.33333327777431,3.9999999935271044,102.99999983332295,233.63173989009167,23.33333329557477,10.999999982199537,2.3333333295574774,1.6666666639696268,24.833333293147437,11.166666648596498,9.499999984626873,57.49999990695213,0.0,0.0,35.298406192654376,57.00000059281297
1416.0,927.8333333333334,2922.438561650069,0.31748600141980726,172.0,21.166666666666668,7.833333333333334,143.0,305.8923743091275,18.166666666666668,3.0,0.1666666666666666,7.666666666666667,18.0,83.16666666666667,4.0,37.833333333333336,0.0,0.0,50.0590341642994,83.83334014482806
1417.0,371.8333333333333,1239.3616625714342,0.30002003818792616,252.0,15.833333333333332,13.166666666666666,223.0,314.2272275632078,10.666666666666666,5.166666666666667,0.6666666666666666,12.5,25.83333333333333,130.66666666666666,11.333333333333334,55.16666666666666,0.0,0.0,28.39391122950558,33.83331633370219
1418.0,487.0,1658.1450688872258,0.29370168457384954,284.16666666666663,24.33333333333333,19.166666666666668,240.66666666666663,363.2665824093168,21.5,2.833333333333333,8.333333333333334,10.833333333333334,12.166666666666666,169.5,4.333333333333333,54.66666666666666,0.0,0.0,35.09991521383831,44.00000052881185
1419.0,609.5,1600.2660323030648,0.38087417197928153,560.1666666666667,306.8333333333333,8.666666666666666,244.66666666666669,668.4043819438575,293.5,13.333333333333334,1.8333333333333333,6.833333333333333,32.166666666666664,29.166666666666668,12.0,171.33333333333334,0.0,0.0,53.23774653187243,54.999968745318505
1420.0,435.6666666666667,1173.3581117080964,0.37129897711488286,1021.1666666666669,459.1666666666667,37.333333333333336,524.6666666666667,1126.6411047179463,384.0,75.16666666666667,6.666666666666667,30.666666666666668,77.16666666666667,94.83333333333331,45.0,307.6666666666667,0.0,0.0,66.30776511354458,39.16667293773506
1421.0,93.16666666666669,248.6469685148099,0.3746945608191378,246.8333333333333,25.166666666666668,3.0,218.66666666666663,270.3085059748034,19.5,5.666666666666667,0.6666666666666666,2.333333333333333,22.0,11.166666666666666,101.0,84.5,0.0,0.0,15.475172545322383,8.00000009614761
1422.0,495.1666666666667,1329.9533486542414,0.3723188239404923,162.33333333333331,39.66666666666666,4.833333333333334,117.83333333333331,237.0929711209668,24.33333333333333,15.333333333333334,3.8333333333333335,1.0,17.0,10.666666666666666,15.333333333333334,74.83333333333333,0.0,0.0,29.92633002722136,44.83330776041214
1423.0,782.1666666666666,1717.5381283827908,0.4553998853016111,512.6666666666667,69.0,18.83333333333333,424.83333333333337,642.26823260612,22.666666666666668,46.333333333333336,4.166666666666667,14.666666666666666,75.0,93.5,65.0,191.33333333333331,0.0,0.0,58.93485490908106,70.66671103037221
1424.0,0.0,0.0,0.0,504.5,1.5,497.6666666666667,5.333333333333334,527.4623541217076,1.3333333333333333,0.1666666666666666,494.5,3.1666666666666665,0.1666666666666666,1.1666666666666667,0.8333333333333334,3.1666666666666665,0.0,0.0,22.962354121707552,0.0
1425.0,0.0,0.0,0.0,3879.6666666666665,375.0,2012.5,1492.1666666666663,4122.335671549925,294.0,81.0,1533.5,479.0,146.83333333333334,189.33333333333331,168.33333333333334,987.6666666666666,0.0,0.0,242.66900488325797,0.0
1426.0,315.5,938.4173897152832,0.3362043409017847,1510.1666666666667,318.6666666666667,47.5,1144.0,1621.7642443499062,214.0,104.66666666666669,26.5,21.0,154.33333333333334,302.6666666666667,88.5,598.5,0.0,0.0,83.09757733995583,28.500000343283613
1427.0,0.0,0.0,0.0,1099.5,12.166666666666666,977.3333333333334,110.0,1149.5439337283394,8.166666666666666,4.0,724.0,253.33333333333331,36.0,25.0,6.0,43.0,0.0,0.0,50.04393372833952,0.0
1428.0,0.0,0.0,0.0,133.50007667346827,21.333345585772705,21.833345872939258,90.33338521475629,139.57274017108847,15.166675377385285,6.1666702083874245,6.500003733165123,15.333342139774135,17.333343288440325,9.333338693775561,7.00000402033167,56.66669921220875,0.0,0.0,6.0726634976202,0.0
1429.0,3.0,10.469027776081653,0.2865595606551003,5677.5,616.1666666666666,2155.333333333333,2906.0,6347.400453672669,489.8333333333333,126.33333333333331,953.0,1202.3333333333333,288.8333333333333,433.3333333333333,215.16666666666663,1968.6666666666667,31.915814824362688,0.0,637.9846388483064,0.0
1430.0,200.16666666666663,423.741005748248,0.47237974128373394,499.0,29.5,207.66666666666669,261.8333333333333,554.8381919803811,24.33333333333333,5.166666666666667,37.333333333333336,170.33333333333334,17.666666666666668,57.66666666666666,17.0,169.5,6.015567738584398,0.0,31.82262402546464,18.000000216332122
1431.0,3.0,5.863229753206601,0.5116633879747421,1.0,0.0,0.6666666666666666,0.3333333333333333,1.1820609754384015,0.0,0.0,0.3333333333333333,0.3333333333333333,0.0,0.1666666666666666,0.0,0.1666666666666666,0.0,0.0,0.1820609754384016,0.0
1432.0,0.0,0.0,0.0,2164.333333333333,318.1666666666667,670.1666666666667,1176.0,2455.069755538024,245.5,72.66666666666667,346.5,323.6666666666667,170.16666666666666,140.16666666666666,123.83333333333331,741.8333333333334,0.0,192.20582670356592,98.53059550112424,0.0
1433.0,816.3333333333334,2338.3964750403075,0.3490996253401648,1552.6666666666667,335.33333333333337,216.66666666666663,1000.6666666666669,1740.5044965182788,227.83333333333331,107.5,188.0,28.666666666666668,216.66666666666663,119.5,107.16666666666669,557.3333333333334,1.0025946230973994,0.0,112.83523433914944,74.00000088936538
1434.0,2030.5,4201.6203328028905,0.48326594008208695,233.3333333333333,46.33333333333333,11.333333333333332,175.66666666666666,534.7439948738152,27.5,18.83333333333333,8.166666666666666,3.1666666666666665,43.5,13.0,14.833333333333334,104.33333333333331,15.038919346460991,0.0,103.0383573417996,183.3333848522212
1435.0,847.3333333333334,1770.0045645650089,0.47871816282099333,0.0,0.0,0.0,0.0,116.23602647138368,0.0,0.0,0.0,0.0,0.0,0.0,0.0,0.0,1.0025946230973994,0.0,38.56675265230922,76.66667919597704
1436.0,622.0,2023.9365135705264,0.30732189267275933,106.0,0.6666666666666666,11.666666666666666,93.66666666666669,195.1350982028224,0.6666666666666666,0.0,0.0,11.666666666666666,4.0,82.5,2.0,5.166666666666667,0.0,0.0,33.13509752978911,56.00000067303327
1437.0,363.8333333333333,874.2195511119852,0.41618073271244793,2436.333333333333,839.0,85.5,1511.8333333333333,2602.8104014131663,629.1666666666666,209.83333333333331,48.66666666666666,36.833333333333336,335.3333333333333,178.16666666666666,156.66666666666666,841.6666666666666,6.182644354486079,0.0,127.4611828286432,32.83324089670345
1438.0,687.0,2328.692305182747,0.295015360539909,0.0,0.0,0.0,0.0,93.26897327668948,0.0,0.0,0.0,0.0,0.0,0.0,0.0,0.0,0.0,0.0,31.26897253154549,62.00000074514398
1439.0,0.0,0.0,0.0,1881.6666666666663,22.5,1148.8333333333333,710.3333333333333,1967.3111629858024,15.0,7.5,781.6666666666666,367.1666666666667,226.5,108.0,13.0,362.8333333333333,0.0,0.0,85.64449631913594,0.0
1440.0,0.0,0.0,0.0,1332.5,195.0,754.3333333333333,383.1666666666666,1393.1476277352876,177.5,17.5,386.8333333333333,367.5,44.333333333333336,87.83333333333333,35.5,215.5,0.0,0.0,60.64762773528759,0.0
1441.0,0.0,0.0,0.0,399.0,35.5,189.0,174.5,417.1611142697441,29.5,6.0,88.33333333333333,100.66666666666669,13.666666666666666,25.83333333333333,14.0,121.0,0.0,0.0,18.16111426974405,0.0
1442.0,0.0,0.0,0.0,439.1666666666666,116.66666666666666,139.66666666666666,182.8333333333333,459.1556526049811,72.33333333333333,44.333333333333336,9.5,130.16666666666666,15.666666666666666,16.5,12.166666666666666,138.5,0.0,0.0,19.988985938314467,0.0
1443.0,242.83333333333331,438.892089866677,0.5532871039145391,1151.5,183.83333333333331,59.333333333333336,908.3333333333331,1237.2645313363375,128.5,55.333333333333336,43.5,15.833333333333334,293.3333333333333,107.0,107.33333333333331,400.6666666666667,0.0,0.0,63.598560657233264,22.165970679104145
1444.0,571.5,1096.5677941917777,0.52117160747113,735.0,105.0,42.0,588.0,846.3635322595592,71.5,33.5,32.166666666666664,9.833333333333334,181.66666666666663,82.66666666666667,77.16666666666667,246.5,0.0,0.0,59.53029982909111,51.833232430468094
1445.0,620.6666666666666,1142.4970378706143,0.5432545084085864,1815.1666666666667,286.0,63.66666666666667,1465.5,1982.0211408578805,190.66666666666663,95.33333333333331,34.0,29.666666666666668,386.8333333333333,286.1666666666667,107.5,685.0,0.0,0.0,110.85454024069811,55.9999339505157
1446.0,255.0,447.2040733932146,0.57020947520705,409.1666666666666,100.33333333333334,14.5,294.3333333333333,462.3974003673793,35.333333333333336,65.0,9.833333333333334,4.666666666666667,69.0,48.0,109.33333333333331,68.0,0.0,0.0,30.230733424288257,23.000000276424377
1447.0,153.0,256.8174250045611,0.5957539680077499,140.33333333333334,19.0,33.16666666666667,88.16666666666667,167.6847367571198,14.833333333333334,4.166666666666667,5.5,27.666666666666668,10.5,16.666666666666668,18.0,43.0,0.0,0.0,13.35140325552815,14.000000168258318
1448.0,0.0,0.0,0.0,610.0,45.16666666666666,396.3333333333333,168.5,637.7640822480602,29.5,15.666666666666666,279.3333333333333,117.0,105.33333333333331,3.5,3.5,56.16666666666666,0.0,0.0,27.76408224806018,0.0
1449.0,335.8333333333333,809.1313703102078,0.41505415023592557,1734.3333333333333,217.66666666666663,95.83333333333331,1420.8333333333333,1858.8071457024043,141.66666666666666,76.0,72.83333333333333,23.0,463.3333333333333,186.5,182.0,589.0,0.0,0.0,94.14016824946737,30.33364411960388
1450.0,0.0,0.0,0.0,524.3333333333334,36.16666666666666,377.0,111.16666666666669,548.1984009035175,31.5,4.666666666666667,183.66666666666663,193.33333333333331,14.5,15.0,7.0,74.66666666666667,0.0,0.0,23.865067570184195,0.0
1451.0,349.3333333333333,848.2486830987267,0.4118289132583007,1478.8333333333337,211.66666666666663,81.33333333333333,1185.8333333333337,1593.8482114315086,145.66666666666666,66.0,59.16666666666666,22.166666666666668,377.5,185.83333333333331,146.33333333333334,476.1666666666667,0.0,0.0,83.34817331059118,31.66670478758405
1452.0,204.16666666666663,565.1803501881956,0.3612416224284559,391.33333333333337,39.16666666666666,98.0,254.16666666666669,436.9365730266844,35.0,4.166666666666667,37.66666666666666,60.333333333333336,14.833333333333334,48.0,5.0,186.33333333333331,0.0,0.0,27.10321627085512,18.500023422495875
1453.0,283.8333333333333,627.8987860639858,0.4520367607533635,2289.833333333333,283.83333333333337,134.0,1872.0,2432.3558726156643,193.33333333333331,90.5,106.83333333333331,27.166666666666668,587.1666666666666,222.0,253.33333333333331,809.5,0.0,0.0,117.02244322942744,25.500096052903704
1454.0,220.0,426.2688771780663,0.5161061756523662,417.6666666666666,48.66666666666666,30.5,338.5,466.6906675766887,34.166666666666664,14.5,15.0,15.5,78.83333333333333,89.5,20.5,149.66666666666666,0.0,0.0,29.02400066965303,20.000000240369022
1455.0,1069.1666666666667,2183.918033130402,0.48956355066775836,2465.833333333333,330.5,165.16666666666666,1970.1666666666663,2723.0806812863616,222.66666666666663,107.83333333333331,127.83333333333331,37.333333333333336,627.5,278.8333333333333,269.5,794.3333333333334,0.0,0.0,160.91398445609883,96.33336349692988
1456.0,4.166666666666667,10.390410733944138,0.40101077554660103,424.5,35.5,46.5,342.5,444.0109097068503,31.5,4.0,4.333333333333333,42.16666666666666,9.0,275.3333333333333,3.1666666666666665,55.0,0.0,0.0,19.510909706850303,0.0
1457.0,305.8333333333333,745.8830174424714,0.410028551638021,1537.8333333333337,236.66666666666669,58.333333333333336,1242.8333333333337,1649.7485997712529,158.0,78.66666666666667,15.5,42.833333333333336,248.33333333333331,263.5,125.33333333333331,605.6666666666666,0.0,0.0,83.91526610140274,28.000000336516635
1458.0,644.5,1126.746207894893,0.5720010375753768,10.0,0.3333333333333333,0.1666666666666666,9.5,97.95648491530144,0.3333333333333333,0.0,0.0,0.1666666666666666,6.333333333333333,1.6666666666666667,0.1666666666666666,1.3333333333333333,0.0,0.0,29.7898407569204,58.16664415838105
1459.0,430.3333333333333,1086.486857520942,0.3960778083549332,251.16666666666669,27.0,13.166666666666668,211.0,321.18561721950414,20.33333333333333,6.666666666666667,2.833333333333333,10.333333333333334,26.666666666666668,56.0,74.16666666666667,54.16666666666666,0.0,0.0,31.01895008411788,39.0000004687196
1460.0,485.0,851.6047036594515,0.5695130591880183,0.0,0.0,0.0,0.0,66.07489380071806,0.0,0.0,0.0,0.0,0.0,0.0,0.0,0.0,0.0,0.0,22.074893271906205,44.00000052881185
1461.0,0.0,0.0,0.0,542.5,61.66666666666667,238.0,242.8333333333333,567.192044597384,52.833333333333336,8.833333333333334,60.66666666666666,177.33333333333334,104.16666666666669,29.33333333333333,11.166666666666666,98.16666666666669,0.0,0.0,24.69204459738397,0.0
1462.0,0.0,0.0,0.0,1202.0,181.16666666666669,301.83333333333337,719.0,1256.7095959154592,140.83333333333334,40.333333333333336,108.5,193.33333333333331,94.16666666666669,97.33333333333331,61.5,466.0,0.0,0.0,54.70959591545921,0.0
1463.0,0.0,0.0,0.0,554.6666666666666,97.0,168.0,289.66666666666663,579.9127115498698,85.33333333333333,11.666666666666666,84.16666666666667,83.83333333333333,62.333333333333336,26.166666666666668,16.5,184.66666666666663,0.0,0.0,25.246044883203123,0.0
1464.0,277.5,595.6835022135449,0.46585141097380905,421.1666666666666,37.5,286.3333333333333,97.33333333333331,478.13328033600766,35.0,2.5,52.16666666666666,234.16666666666663,18.33333333333333,11.5,4.5,63.0,0.0,0.0,31.799940899864254,25.166672769476737
1465.0,150.66666666666666,316.6033660157134,0.4758846014896408,990.0,112.5,110.5,767.0,1055.5821553775943,89.0,23.5,68.5,42.0,257.1666666666667,147.0,52.833333333333336,310.0,0.0,0.0,51.91547403997836,13.666681337615904
1466.0,244.0,575.8732937615241,0.42370431593767094,575.5,81.33333333333333,18.5,475.6666666666666,634.633320319122,68.0,13.333333333333334,13.0,5.5,54.16666666666666,148.16666666666666,38.16666666666666,235.16666666666663,0.0,0.0,37.30000412964127,21.833316189480783
1467.0,747.6666666666666,1615.5690933538092,0.4627884191041081,445.83333333333337,114.33333333333334,26.33333333333333,305.1666666666667,567.6556747732517,83.66666666666667,30.666666666666668,23.5,2.833333333333333,49.5,54.833333333333336,43.333333333333336,157.5,0.0,0.0,54.32236673681916,67.4999747030992
1468.0,672.6666666666666,1747.328347080918,0.38496866819016684,31.83333333333333,0.1666666666666666,0.0,31.666666666666664,124.8988500539966,0.1666666666666666,0.0,0.0,0.0,8.0,0.1666666666666666,0.0,23.5,0.0,0.0,32.06551598753774,61.000000733125525
1469.0,280.0,540.5441623250153,0.5179965292671928,1675.8333333333333,60.16666666666666,768.6666666666666,847.0,1789.854641725938,46.0,14.166666666666666,178.5,590.1666666666666,41.5,62.833333333333336,230.83333333333331,511.8333333333333,0.0,0.0,89.02130809214344,25.00000030046128
1470.0,0.0,0.0,0.0,580.0,41.83333333333333,98.83333333333334,439.33333333333337,606.39885180551,30.83333333333333,11.0,49.0,49.833333333333336,60.833333333333336,193.66666666666663,10.166666666666666,174.66666666666666,0.0,0.0,26.39885180551001,0.0
1471.0,120.33333333333331,327.22264796208304,0.3677414570255447,640.3333333333333,31.166666666666668,64.0,545.1666666666666,685.7901269495236,27.666666666666668,3.5,28.666666666666668,35.333333333333336,11.333333333333334,493.3333333333333,4.666666666666667,35.833333333333336,0.0,0.0,34.623477558912505,10.83331605727782
1472.0,232.33333333333331,555.1157169512024,0.41853135524490404,439.16666666666674,32.333333333333336,135.0,271.83333333333337,490.8967709014148,25.0,7.333333333333333,32.5,102.5,77.16666666666667,29.33333333333333,9.5,155.83333333333334,0.0,0.0,30.563422807751664,21.166681426996536
1473.0,270.0,719.2700530866473,0.37538056650813223,205.5,34.833333333333336,67.5,103.16666666666669,252.7971258001245,25.0,9.833333333333334,14.333333333333334,53.16666666666666,16.666666666666668,15.5,11.0,60.0,0.0,0.0,22.79717772433805,24.499948075786424
1474.0,250.83333333333331,574.8637111981628,0.4363353059989342,1033.1666666666667,175.83333333333334,121.16666666666669,736.1666666666667,1114.275439569358,129.33333333333334,46.5,17.5,103.66666666666669,229.0,84.0,55.16666666666666,368.0,0.0,0.0,58.4421117683124,22.66666113437925
1475.0,300.3333333333333,802.0092644416098,0.3744761396770611,524.5,75.0,40.16666666666667,409.3333333333333,589.2279709396673,51.16666666666666,23.83333333333333,17.166666666666668,23.0,100.16666666666669,73.83333333333333,60.16666666666666,175.16666666666666,0.0,0.0,37.56118500484419,27.16678593482313
1476.0,581.6666666666666,1587.3676312868663,0.36643475348877697,344.0,54.33333333333333,6.166666666666666,283.5,565.795818725193,37.16666666666666,17.166666666666668,4.833333333333333,1.3333333333333333,35.333333333333336,143.66666666666666,19.5,85.0,0.0,0.0,169.12912531456385,52.66669341062911
1477.0,421.5,873.5029444755006,0.48253987312325763,395.8333333333333,68.33333333333333,41.0,286.5,471.0346636544692,52.0,16.333333333333332,23.83333333333333,17.166666666666668,36.66666666666666,32.833333333333336,20.666666666666668,196.33333333333331,0.0,0.0,37.20132986443467,38.00000045670115
1478.0,568.8333333333334,1280.7593388391765,0.4441375643990218,333.33333333333337,82.66666666666667,5.666666666666666,245.0,428.3955522182063,70.16666666666667,12.5,1.3333333333333333,4.333333333333333,31.0,34.666666666666664,14.833333333333334,164.5,0.0,0.0,44.062218271931904,51.000000612941015
1479.0,70.16666666666667,172.367768206779,0.4070753331475061,5444.166666666667,272.6666666666667,347.66666666666663,4823.833333333334,5701.319433203647,175.33333333333334,97.33333333333331,18.33333333333333,329.3333333333333,572.8333333333334,2977.333333333333,194.33333333333331,1079.3333333333333,0.0,0.0,250.98607368445224,6.166692852528875
1480.0,0.0,0.0,0.0,1707.3333333333333,47.5,1248.3333333333333,411.5,1785.0429854530385,44.0,3.5,897.6666666666666,350.6666666666667,22.0,6.333333333333333,7.333333333333333,375.8333333333333,0.0,0.0,77.70965211970544,0.0
1481.0,258.0,527.3930146952043,0.48919874327327917,904.1666666666669,170.16666666666666,322.6666666666667,411.33333333333337,980.2327614905304,142.5,27.666666666666668,214.0,108.66666666666669,65.66666666666667,71.5,26.166666666666668,248.0,0.0,0.0,52.89954973201884,23.166545091845013
1482.0,238.16666666666663,497.59241203440416,0.4786380597986279,462.33333333333337,113.66666666666669,72.66666666666667,276.0,515.7110536978633,104.5,9.166666666666666,21.166666666666668,51.5,82.66666666666667,12.333333333333334,16.5,164.5,0.0,0.0,31.877717209705924,21.50000315482416
1483.0,286.6666666666667,556.3009493012694,0.5153086059384377,335.0,59.5,14.333333333333334,261.1666666666667,389.62835805087263,29.83333333333333,29.666666666666668,3.8333333333333335,10.5,42.0,23.166666666666668,92.33333333333331,103.66666666666669,0.0,0.0,28.62833742699017,26.00002062388244
1484.0,190.0,422.281774967553,0.4499365382619202,1313.0,435.1666666666666,30.0,847.8333333333333,1398.5873700795455,262.3333333333333,172.83333333333334,17.166666666666668,12.833333333333334,92.83333333333331,97.33333333333331,67.0,590.6666666666666,0.0,0.0,68.42067130488782,17.166698774658073
1485.0,902.8333333333334,1957.9606375644123,0.4611090315157739,456.5,128.5,10.833333333333334,317.1666666666667,599.8708889105671,68.0,60.5,4.166666666666667,6.666666666666667,37.0,40.0,24.166666666666668,216.0,0.0,0.0,61.87087922632799,81.50000968423905
1486.0,829.5,1704.002361397477,0.4867951000488726,140.0,23.666666666666664,84.0,32.333333333333336,259.12694298941955,11.666666666666666,12.0,0.0,84.0,12.833333333333334,0.0,4.166666666666667,15.333333333333334,0.0,0.0,44.126942088035726,75.00000090138384
1487.0,415.5,870.4925918280879,0.4773159517962404,117.66666666666669,7.5,4.666666666666667,105.5,179.43385980083602,4.666666666666667,2.833333333333333,0.8333333333333334,3.8333333333333335,11.0,17.0,32.0,45.5,0.0,0.0,24.267175280824176,37.50001785334516
1488.0,1126.1666666666667,2593.081894443256,0.4342966063200479,51.0,0.1666666666666666,0.1666666666666666,50.66666666666666,206.41244403006203,0.0,0.1666666666666666,0.0,0.1666666666666666,0.0,50.66666666666666,0.0,0.0,0.0,0.0,53.57911527319548,101.83332875686658
1489.0,306.8333333333333,660.4921135887099,0.46455260709501706,512.8333333333334,43.83333333333333,142.16666666666666,326.83333333333337,578.4760829451066,29.83333333333333,14.0,59.16666666666666,83.0,106.16666666666669,47.833333333333336,66.16666666666667,106.66666666666669,0.0,0.0,37.64274927525653,28.000000336516635
1490.0,0.0,0.0,0.0,20.833333333333336,0.0,20.666666666666668,0.1666666666666666,21.781542062880906,0.0,0.0,20.666666666666668,0.0,0.0,0.0,0.0,0.1666666666666666,0.0,0.0,0.948208729547566,0.0
1491.0,101.0,283.99231990351694,0.3556434203372597,1183.0,162.0,271.0,750.0,1250.5889682182444,113.0,49.0,109.0,162.0,168.16666666666666,166.83333333333334,49.833333333333336,365.1666666666667,0.0,0.0,58.42237396797523,9.166594250269055
1492.0,520.8333337344021,930.1358326512864,0.5599540577313354,108.83333341714064,12.000000009240624,5.166666670645269,91.66666673725476,184.48543866652457,9.333333340520486,2.6666666687201386,2.833333335515147,2.333333335130121,19.833333348606025,21.166666682966103,5.0000000038502606,45.66666670183237,0.0,0.0,28.65210464832422,47.000000601059654
1493.0,534.1666666666666,1209.973907780757,0.44146957486578775,991.0,57.0,322.3333333333333,611.6666666666667,1108.6060097064208,38.66666666666666,18.33333333333333,256.8333333333333,65.5,185.0,202.83333333333331,32.333333333333336,191.5,0.0,0.0,69.43939177409732,48.16661793232353
1494.0,356.0,926.8990199394444,0.38407635820270686,907.6666666666669,102.66666666666666,41.83333333333333,763.1666666666667,997.1335575709024,67.0,35.666666666666664,24.33333333333333,17.5,180.16666666666663,103.66666666666669,192.66666666666663,286.6666666666667,0.0,0.0,57.46702978379528,31.99986112044027
1495.0,664.5,1383.1232098920034,0.48043442207284287,420.1666666666666,94.83333333333331,17.5,307.8333333333333,529.5265651009962,78.33333333333333,16.5,11.0,6.5,84.5,33.5,37.16666666666666,152.66666666666666,0.0,0.0,49.359976030945234,59.999922403384325
1496.0,387.3333333333333,817.1780760615602,0.47398889505223885,433.33333333333337,14.166666666666666,10.0,409.1666666666667,505.6863894657528,7.833333333333333,6.333333333333333,6.333333333333333,3.6666666666666665,71.16666666666667,195.5,64.5,78.0,0.0,0.0,37.353055711773656,35.0000004206458
1497.0,285.0,603.5543873228156,0.4722026812930209,654.8333333333333,4.833333333333334,5.333333333333334,644.6666666666666,726.609786739771,4.166666666666667,0.6666666666666666,0.6666666666666666,4.666666666666667,220.66666666666663,77.5,317.3333333333333,29.166666666666668,0.0,0.0,45.77645309395808,26.00000031247973
1498.0,276.3333333333333,587.7948029377205,0.4701187080121429,10.0,9.833333333333334,0.0,0.1666666666666666,48.03239904971117,9.833333333333334,0.0,0.0,0.0,0.0,0.0,0.0,0.1666666666666666,0.0,0.0,13.032398749249896,25.00000030046128
1499.0,499.3333333333333,1170.048100974486,0.4267630817207076,159.0,13.333333333333334,2.5,143.16666666666666,233.96412158352877,4.0,9.333333333333334,0.1666666666666666,2.333333333333333,40.5,77.66666666666667,1.3333333333333333,23.666666666666668,0.0,0.0,29.96412104269844,45.00000054083031
1500.0,388.0,903.7309210275142,0.42933133189562217,0.0,0.0,0.0,0.0,52.65966194770832,0.0,0.0,0.0,0.0,0.0,0.0,0.0,0.0,0.0,0.0,17.659661527062514,35.0000004206458
1501.0,565.8333333333334,1242.276359885386,0.4554810439969556,256.0,2.333333333333333,3.166666666666667,250.5,358.4060519596324,1.1666666666666667,1.1666666666666667,1.1666666666666667,2.0,17.833333333333332,150.83333333333334,4.166666666666667,77.66666666666667,0.0,0.0,51.40605134669144,51.000000612941015
1502.0,718.8333333333334,1779.9262163805572,0.40385569172359626,308.1666666666667,105.0,6.833333333333334,196.33333333333331,419.91058933561584,44.833333333333336,60.16666666666666,1.1666666666666667,5.666666666666667,20.33333333333333,57.333333333333336,14.166666666666666,104.5,0.0,0.0,46.74392188774984,65.00000078119933
1503.0,513.6666666666666,1207.4141766492385,0.42542706272686914,2155.5,819.8333333333334,43.33333333333333,1292.3333333333333,2332.172153731125,639.8333333333334,180.0,24.5,18.83333333333333,172.5,146.33333333333334,93.83333333333331,879.6666666666666,0.0,0.0,130.50550681664976,46.16664691447571
1504.0,1047.0,2148.6703540919566,0.48727809643116227,57.0,0.0,0.0,57.0,224.91541371390375,0.0,0.0,0.0,0.0,0.0,53.0,4.0,0.0,0.0,0.0,73.24871689818362,94.66669681572016
1505.0,410.8333333333333,901.9266462550996,0.45550637076657985,140.83333333333334,11.166666666666668,4.5,125.16666666666669,202.94245457910472,7.166666666666667,4.0,0.8333333333333334,3.6666666666666665,24.666666666666668,64.66666666666667,4.833333333333333,31.0,0.0,0.0,25.10912080108872,37.0000004446827
1506.0,370.5,684.8244605533815,0.5410145538618941,554.0,68.66666666666666,36.16666666666667,449.1666666666667,629.4123663382596,57.16666666666666,11.5,14.0,22.166666666666668,187.83333333333331,59.333333333333336,19.5,182.5,0.0,0.0,42.07907611871297,33.33329021954672
1507.0,1566.5,3990.8385164192023,0.3925240256039097,406.6666666666666,54.66666666666666,19.83333333333333,332.16666666666663,637.6423465892383,30.83333333333333,23.83333333333333,6.833333333333333,13.0,71.5,64.83333333333333,50.16666666666666,145.66666666666666,0.0,0.0,89.80899415304485,141.16668576952677
1508.0,558.0,1254.6104946257478,0.4447595507850843,203.0,32.83333333333333,3.5,166.66666666666669,287.6371418747507,30.33333333333333,2.5,1.1666666666666667,2.333333333333333,19.83333333333333,80.66666666666667,29.33333333333333,36.833333333333336,0.0,0.0,34.637141273828114,50.00000060092256
1509.0,453.1666666666667,930.4368608629444,0.48704719871735525,4.0,1.0,0.0,3.0,72.80818962278674,1.0,0.0,0.0,0.0,2.0,0.0,0.0,1.0,0.0,0.0,27.80818913003024,41.000000492756506
1510.0,380.1666666666667,740.4216846654568,0.5134461544551286,186.83333333333331,23.0,7.666666666666667,156.16666666666669,246.6408757520644,10.166666666666666,12.833333333333334,1.6666666666666667,6.0,31.5,28.666666666666668,31.33333333333333,64.66666666666667,0.0,0.0,25.80754201010374,34.00000040862734
1511.0,504.0,1193.019539319327,0.42245745638630144,274.3333333333333,66.0,10.5,197.8333333333333,355.25910323652494,52.16666666666666,13.833333333333334,3.6666666666666665,6.833333333333333,38.66666666666666,27.666666666666668,14.0,117.5,0.0,0.0,35.425769355594326,45.50000054759729
1512.0,513.8333333333334,1202.1018140267292,0.42744576818507996,162.83333333333334,8.5,3.166666666666667,151.16666666666669,240.1315055921198,4.333333333333333,4.166666666666667,0.3333333333333333,2.833333333333333,23.166666666666668,23.0,26.83333333333333,78.16666666666667,0.0,0.0,30.79818040466372,46.49999185412272
1513.0,657.3333333333334,1115.6819978899814,0.5891762478703665,329.3333333333333,96.0,46.33333333333333,187.0,433.741151576739,88.33333333333333,7.666666666666667,11.166666666666666,35.166666666666664,37.833333333333336,32.666666666666664,14.0,102.5,0.0,0.0,44.907866846657335,59.49995139674831
1514.0,306.8333333333333,650.7786119800556,0.4714865050647006,366.1666666666667,39.333333333333336,24.833333333333336,302.0,424.7984669887209,27.666666666666668,11.666666666666666,12.0,12.833333333333334,58.0,60.833333333333336,27.666666666666668,155.5,0.0,0.0,30.63179998553769,28.000000336516635
1515.0,449.8333333333333,1019.2235558119984,0.44134903551651,77.66666666666667,13.0,0.8333333333333333,63.833333333333336,142.1762706978132,7.666666666666667,5.333333333333333,0.3333333333333333,0.5,6.5,20.166666666666668,3.8333333333333335,33.333333333333336,0.0,0.0,24.009600644840912,40.50000338630561
1516.0,520.5,1293.0452268434472,0.40253812410771805,635.8333333333334,150.33333333333334,38.66666666666666,446.83333333333337,735.296943948884,142.33333333333334,8.0,23.5,15.166666666666666,36.0,55.5,141.83333333333334,213.5,0.0,0.0,52.63025351199429,46.833357103556345
1517.0,280.0,708.3461399706854,0.3952869708749845,287.3333333333333,17.833333333333332,10.333333333333334,259.16666666666663,338.1556792083442,12.166666666666666,5.666666666666667,4.166666666666667,6.166666666666667,49.66666666666666,53.16666666666666,34.0,122.33333333333331,0.0,0.0,25.82234557454962,25.00000030046128
1518.0,245.33333333333331,607.7060957184136,0.4037039204671905,0.0,0.0,0.0,0.0,33.1665890504936,0.0,0.0,0.0,0.0,0.0,0.0,0.0,0.0,0.0,0.0,11.166588786087669,22.00000026440593
1519.0,546.0,1568.8822435503964,0.34801847126805163,948.3333333333331,116.16666666666669,36.5,795.6666666666666,1074.6820020140565,45.5,70.66666666666667,9.166666666666666,27.33333333333333,108.33333333333331,341.6666666666667,106.66666666666669,239.0,0.0,0.0,77.01533185008957,49.33333683063315
1520.0,564.0,1427.300154997681,0.39515164208814674,351.6666666666667,75.0,13.666666666666668,263.0,454.1151973582183,65.0,10.0,7.5,6.166666666666667,53.333333333333336,32.5,34.5,142.66666666666666,0.0,0.0,51.615150334363854,50.83338035718777
1521.0,880.3333333333334,2402.5270655751624,0.366419736096743,662.3333333333334,71.33333333333333,59.833333333333336,531.1666666666667,812.0478502520742,27.83333333333333,43.5,7.333333333333333,52.5,91.0,136.33333333333334,111.33333333333331,192.5,0.0,0.0,70.2145246680094,79.49999225073161
1522.0,440.0,718.2219439330573,0.612623999749318,1370.0,94.33333333333331,67.33333333333334,1208.3333333333333,1496.3827638207645,65.83333333333333,28.5,21.0,46.333333333333336,200.16666666666663,237.83333333333331,314.5,455.8333333333333,0.0,0.0,86.38276334002643,40.00000048073805
1523.0,449.3333333333333,902.8302767132768,0.49769413468178775,745.6666666666667,134.0,29.0,582.6666666666667,840.7213646883436,59.16666666666666,74.83333333333333,17.5,11.5,178.33333333333334,77.33333333333333,77.0,250.0,0.0,0.0,54.38807438426363,40.66662363741319
1524.0,245.83333333333331,518.3277830851584,0.47428160587900464,1512.1666666666667,93.0,37.66666666666666,1381.5,1614.185091985281,55.5,37.5,16.333333333333332,21.33333333333333,146.66666666666666,214.16666666666663,771.8333333333334,248.83333333333331,0.0,0.0,80.01842505420797,22.00000026440593
1525.0,572.0,1094.5839080373412,0.5225730031292279,1431.1666666666667,127.16666666666669,71.0,1233.0,1574.167414638096,87.66666666666667,39.5,15.0,56.0,200.66666666666663,360.6666666666667,281.8333333333333,389.8333333333333,0.0,0.0,91.16743142139512,51.83331655003432
1526.0,66.5,167.45735301035586,0.3971160346472664,189.16666666666663,37.833333333333336,1.1666666666666667,150.16666666666666,219.80269343785065,8.166666666666666,29.666666666666668,0.8333333333333334,0.3333333333333333,16.333333333333332,78.66666666666667,3.333333333333333,51.833333333333336,0.0,0.0,24.636026699073213,6.000000072110708
1527.0,211.16666666666663,495.48478411383536,0.426181940267518,0.0,0.0,0.0,0.0,34.77723032671585,0.0,0.0,0.0,0.0,0.0,0.0,0.0,0.0,0.0,0.0,15.610624350352596,19.16660597636325
1528.0,412.0,1176.5786081541592,0.35016784866278855,198.0,7.333333333333334,4.666666666666667,186.0,262.9309227522758,5.166666666666667,2.1666666666666665,0.5,4.166666666666667,29.33333333333333,21.5,13.0,122.16666666666669,0.0,0.0,27.764229527174923,37.16669322510087
1529.0,646.0,1601.2781180178863,0.4034277323414871,82.83333333333333,6.166666666666666,1.8333333333333333,74.83333333333333,174.3394099286708,4.833333333333333,1.3333333333333333,0.0,1.8333333333333333,30.33333333333333,8.333333333333334,6.5,29.666666666666668,0.0,0.0,33.172786075329455,58.333290520008006
1530.0,934.8333333333334,2420.541680516337,0.3862083189304635,533.0,0.5,0.1666666666666666,532.3333333333334,692.3091109655559,0.1666666666666666,0.3333333333333333,0.1666666666666666,0.0,0.5,531.0,0.0,0.8333333333333334,0.0,0.0,74.80912155504812,84.49998941050778
1531.0,1808.6666819626178,3950.8932347284203,0.4577867774467824,1021.3333419707814,401.83333673165055,39.16666699790041,580.3333382412305,1320.4712264967682,198.33333501064456,203.5000017210059,22.50000019028321,16.666666807617194,102.00000086261721,87.33333407191408,54.0000004566797,337.0000028500196,0.0,0.0,135.80447531494062,163.33340921104613
1532.0,604.0,1172.8958675979477,0.5149647267808797,820.0,125.66666666666666,228.3333333333333,466.0,939.4815533722308,93.0,32.666666666666664,64.16666666666667,164.16666666666666,112.5,44.66666666666666,31.83333333333333,277.0,0.0,0.0,64.81491796064948,54.66663541158119
1533.0,0.0,0.0,0.0,424.5,20.166666666666668,307.3333333333333,97.0,443.8209925601342,16.666666666666668,3.5,150.16666666666666,157.16666666666666,21.0,12.333333333333334,4.333333333333333,59.333333333333336,0.0,0.0,19.32099256013426,0.0
1534.0,1296.1666666666667,3154.348147533343,0.41091427009420356,1570.833333333333,252.5,91.66666666666666,1226.6666666666663,1818.3093557730392,174.5,78.0,60.16666666666666,31.5,311.1666666666667,147.33333333333334,134.0,634.1666666666666,0.0,0.0,130.4766766943267,116.99934574537906
1535.0,825.5,1867.6988402245292,0.44198774568000526,255.16666666666663,43.333333333333336,21.166666666666664,190.66666666666663,379.0073086205859,29.166666666666668,14.166666666666666,10.666666666666666,10.5,53.16666666666666,22.5,25.0,90.0,0.0,0.0,49.17405272712256,74.66658922679669
1536.0,687.1666666666666,1537.1303818719032,0.44704513993786354,718.8333333333333,64.66666666666667,122.16666666666666,532.0,844.8209684269225,50.333333333333336,14.333333333333334,46.333333333333336,75.83333333333333,114.16666666666669,100.16666666666669,30.5,287.1666666666667,0.0,0.0,63.98762564133671,62.00000945225237
1537.0,544.6666666666666,1083.1840069458383,0.5028385419042669,189.00000000000003,8.333333333333334,9.5,171.16666666666669,274.3931733665831,7.0,1.3333333333333333,3.5,6.0,14.666666666666666,33.5,25.83333333333333,97.16666666666669,0.0,0.0,36.39317277767896,49.00000058890411
1538.0,813.5,1563.265421845047,0.52038507897134,416.6666666666667,54.833333333333336,32.833333333333336,329.0,545.824570399202,44.833333333333336,10.0,2.6666666666666665,30.166666666666668,38.16666666666666,44.833333333333336,123.16666666666669,122.83333333333331,0.0,0.0,55.99124199046653,73.1666617420688
1539.0,727.1666666666666,1437.09542646913,0.5059974816378603,1018.8333333333331,259.5,36.333333333333336,723.0,1165.7254049915314,258.5,1.0,16.666666666666668,19.666666666666668,82.83333333333333,107.33333333333331,222.33333333333331,310.5,0.0,1.9220582670356592,79.46996328560427,65.5000501055581
1540.0,557.8333333333334,1035.97554660914,0.5384618731196718,741.1666666666667,33.666666666666664,91.66666666666666,615.8333333333334,852.2129358906685,25.0,8.666666666666666,52.0,39.66666666666666,105.16666666666669,81.0,280.0,149.66666666666666,0.0,1.9220582670356592,59.12421035604362,50.00000060092256
1541.0,576.0,1045.553494227426,0.550904380483769,590.6666666666666,276.3333333333333,13.833333333333334,300.5,695.6008583974269,238.5,37.833333333333336,2.333333333333333,11.5,81.66666666666667,38.333333333333336,22.83333333333333,157.66666666666666,0.0,0.0,53.10086357481625,51.83332815594401
1542.0,272.0,490.0956110615843,0.5549937478746797,3330.5,54.66666666666666,11.833333333333334,3264.0,3519.4688718871244,30.33333333333333,24.33333333333333,7.166666666666667,4.666666666666667,391.8333333333333,2274.1666666666665,127.0,471.0,0.0,0.0,163.968871586663,25.00000030046128
1543.0,369.8333333333333,682.0381180541337,0.5422473078022003,326.5,45.83333333333333,10.666666666666668,270.0,394.534850455401,14.0,31.83333333333333,1.8333333333333333,8.833333333333334,46.333333333333336,51.0,58.333333333333336,114.33333333333331,3.007783869292199,0.0,31.693750259173544,33.33331632693522
1544.0,337.6666666666667,597.3403046307477,0.5652835813170165,180.33333333333331,17.5,11.333333333333332,151.5,234.74339327609383,15.166666666666666,2.333333333333333,0.6666666666666666,10.666666666666666,48.5,26.5,13.833333333333334,62.66666666666666,0.0,0.0,23.576703031499395,30.83335691126112
1545.0,186.16666666666663,328.07768322110263,0.5674469072046044,2136.1666666666665,294.66666666666663,112.0,1729.5,2258.9098058404343,194.66666666666663,100.0,85.5,26.5,503.1666666666667,343.5,320.5,562.3333333333334,0.0,0.0,105.74313896945402,17.00000020431367
1546.0,326.0,749.7400898159658,0.43481735127705556,2.0,0.0,0.0,2.0,46.26163712576823,0.0,0.0,0.0,0.0,0.0,0.0,0.0,2.0,0.0,0.0,14.928346954295325,29.333290171472918
1547.0,252.5,481.3016851168186,0.5246189818319766,281.33333333333337,49.83333333333333,26.333333333333336,205.16666666666669,328.6317814129771,16.166666666666668,33.666666666666664,22.166666666666668,4.166666666666667,26.0,32.0,77.5,69.66666666666667,0.0,0.0,24.298447803219336,23.000000276424377
1548.0,731.6666666666666,1494.0082285998778,0.489734027336887,979.6666666666669,94.33333333333334,85.33333333333334,800.0,1123.3890039420808,48.333333333333336,46.0,6.666666666666667,78.66666666666667,214.33333333333331,64.66666666666667,203.5,317.5,0.0,0.0,77.88900895121164,65.83332832420233
1549.0,1178.5,1924.277909472988,0.6124375248493924,2363.1666666666665,557.3333333333334,97.66666666666669,1708.1666666666663,2633.856735519118,485.1666666666667,72.16666666666667,11.666666666666666,86.0,392.8333333333333,328.1666666666667,253.0,734.1666666666666,0.0,0.0,164.19004146433994,106.50002738811132
1550.0,146.66666666666666,289.9448591831201,0.5058433078616392,12.5,1.0,0.3333333333333333,11.166666666666666,32.74445341401275,0.8333333333333334,0.1666666666666666,0.1666666666666666,0.1666666666666666,0.5,2.6666666666666665,6.833333333333333,1.1666666666666667,0.0,0.0,7.244453257772893,13.000000156239864
1551.0,798.1666666666666,1647.267378129093,0.4845398368619402,933.6666666666664,61.5,21.5,850.6666666666665,1088.50154511686,41.5,20.0,2.6666666666666665,18.83333333333333,188.33333333333331,65.16666666666667,301.3333333333333,295.8333333333333,1.0025946230973994,0.0,81.83233228087455,71.9999515462212
1552.0,639.1666666666666,1492.627869539537,0.428215685711298,3.0,0.0,0.0,3.0,95.228378683649,0.0,0.0,0.0,0.0,0.0,0.0,3.0,0.0,0.0,0.0,34.228377986578835,58.00000069707017
1553.0,333.0,642.3420063112324,0.5184154184658014,465.3333333333333,20.166666666666664,38.0,407.1666666666666,531.6700382538675,14.666666666666666,5.5,27.166666666666668,10.833333333333334,79.0,58.66666666666666,105.83333333333331,163.66666666666666,0.0,0.0,36.33670455998072,30.00000036055354
1554.0,1054.1666806560308,2284.6952491402785,0.46140362967564685,225.0000029858722,0.0,0.0,225.0000029858722,449.3866780117906,0.0,0.0,0.0,0.0,0.1666666688784238,224.33333631035848,0.0,0.5000000066352716,0.0,0.0,129.22002625962548,95.16664876629292
1555.0,772.3333396439064,1695.755624660152,0.4554508494103862,357.8333362571141,1.0000000081707894,32.33333359752219,324.50000265142114,515.1066124863054,1.0000000081707894,0.0,23.666666860042017,8.666666737480174,128.83333438600337,6.666666721138596,115.50000094372618,73.50000060055302,0.0,0.0,87.43993568202791,69.83334054716325
1556.0,252.16666666666663,480.09653794280194,0.5252415852594826,75.83333333333334,4.166666666666667,13.0,58.66666666666667,113.76234404832562,2.833333333333333,1.3333333333333333,0.1666666666666666,12.833333333333334,14.833333333333334,5.5,6.833333333333333,31.5,0.0,0.0,14.929010438567902,23.000000276424377
1557.0,901.3333333333334,2311.2379983240107,0.3899785889583562,1097.5,140.83333333333331,100.16666666666666,856.5,1269.566443474323,90.83333333333331,50.0,61.66666666666666,38.5,271.5,126.16666666666669,104.66666666666669,354.1666666666667,0.0,0.0,91.0664425008285,81.00000097349455
1558.0,241.0,533.0389860447926,0.45212452805421655,2918.833333333333,384.5,477.33333333333337,2057.0,3084.61959878788,262.1666666666667,122.33333333333331,301.5,175.83333333333334,557.6666666666666,366.3333333333333,253.66666666666663,879.3333333333334,0.0,0.0,143.78626519013997,22.00000026440593
1559.0,1018.1666666666666,2645.04603830764,0.3849334385567491,133.0,0.6666666666666666,0.0,132.33333333333334,277.39562784987123,0.3333333333333333,0.3333333333333333,0.0,0.0,0.0,131.66666666666666,0.3333333333333333,0.3333333333333333,0.0,0.0,52.39562674417369,92.00000110569754
1560.0,963.5,2381.8680637237144,0.40451442910473545,85.00000000000001,0.1666666666666666,0.0,84.83333333333334,219.7226378027025,0.1666666666666666,0.0,0.0,0.0,0.0,84.66666666666667,0.0,0.1666666666666666,0.0,0.0,47.72263675709724,87.00000104560526
1561.0,419.3333333333333,951.7515479049122,0.44059117556090194,394.3333333333333,36.0,9.666666666666668,348.66666666666663,470.03318409482256,23.666666666666668,12.333333333333334,3.0,6.666666666666667,29.0,241.16666666666663,15.833333333333334,62.66666666666666,0.0,0.0,37.69985030478809,38.00000045670115
1562.0,808.1666666666666,3365.295553582079,0.24014730765814613,637.1666666666667,54.16666666666666,18.83333333333333,564.1666666666667,781.3088774536765,35.666666666666664,18.5,15.166666666666666,3.6666666666666665,88.0,259.1666666666667,29.666666666666668,187.33333333333331,5.347125449639332,0.0,65.79523242340714,72.99985291396334
1563.0,897.0,2268.3134996885915,0.39544798376553586,486.66666666666674,115.0,20.33333333333333,351.33333333333337,630.6445627500149,56.66666666666666,58.333333333333336,2.0,18.33333333333333,86.66666666666667,55.5,9.166666666666666,200.0,0.0,0.0,62.9778951098536,81.00000097349455
1564.0,631.3333333333334,1781.4394669960377,0.3543950524448202,179.00000000000003,7.0,37.833333333333336,134.16666666666669,275.8825003963196,5.0,2.0,0.3333333333333333,37.5,12.5,75.16666666666667,2.6666666666666665,43.833333333333336,0.0,0.0,39.88249971126782,57.00000068505173
1565.0,656.1666666666666,1624.5263375027964,0.40391260610481616,0.0,0.0,0.0,0.0,88.86562201104628,0.0,0.0,0.0,0.0,0.0,0.0,0.0,0.0,0.0,0.0,29.865621301957656,59.000000709088624
1566.0,368.00000005724576,994.6514305679777,0.36997885766585187,373.00000005802355,30.500000004744553,1.0000000001555591,341.5000000531234,439.72636503728256,3.500000000544457,27.000000004200096,0.5000000000777796,0.5000000000777796,4.833333334085202,311.6666667151493,1.833333333618525,23.166666670270455,0.0,0.0,33.726364577516705,33.00000040174234
1567.0,484.3333333333333,1310.407805367964,0.36960504306316455,170.16666666666669,30.166666666666668,13.666666666666666,126.33333333333334,243.9568564872673,6.666666666666667,23.5,3.0,10.666666666666666,13.833333333333334,71.66666666666667,4.666666666666667,36.16666666666666,0.0,0.0,29.790189291788803,44.00000052881185
1568.0,398.8333333333333,982.5548834049396,0.4059145601630097,1410.6666666666663,193.16666666666669,87.66666666666666,1129.8333333333333,1528.9615213055083,123.0,70.16666666666667,49.66666666666666,38.0,296.5,188.66666666666663,153.83333333333334,490.8333333333333,0.0,0.0,82.29480780718104,36.000046831660384
1569.0,433.8333333333333,1053.8912633000464,0.4116490461974914,855.6666666666667,147.0,40.5,668.1666666666667,953.5168101757469,89.16666666666667,57.833333333333336,29.0,11.5,174.33333333333334,86.83333333333333,76.16666666666667,330.8333333333333,0.0,0.0,58.68333422437626,39.1668092847038
1570.0,494.9999999666864,1731.9959566953282,0.2857974339103846,790.1666666134884,157.49999998940024,27.999999998115594,604.6666666259725,901.1617387370073,108.83333332600881,48.66666666339138,2.6666666664871994,25.333333331628392,33.833333331056345,82.66666666110319,11.999999999192397,476.1666666346206,0.0,0.0,65.99507158571717,45.000000537801796
1571.0,832.9999998452802,2482.161332497797,0.33559462430551723,97.1666666486191,3.166666666078496,20.83333332946379,73.16666665307682,214.50342443696172,2.9999999994427857,0.16666666663571025,4.166666665892758,16.666666663571032,1.1666666664499723,52.66666665688445,1.8333333329928134,17.499999996749583,0.0,0.0,42.3367569008892,75.00000088745348
1572.0,442.0,1209.0691526035855,0.3655704878816948,0.0,0.0,0.0,0.0,60.11773826668144,0.0,0.0,0.0,0.0,0.0,0.0,0.0,0.0,0.0,0.0,20.117737785943387,40.00000048073805
1573.0,494.1666666666667,1121.579007826442,0.44059906900748286,4239.333333333333,263.8333333333333,163.0,3812.5,4499.460846607075,190.16666666666663,73.66666666666667,52.16666666666666,110.83333333333331,686.6666666666666,1966.0,197.5,962.3333333333334,0.0,0.0,215.4608547706267,44.66665850311548
1574.0,271.6666666666667,648.8524168098767,0.41868791674127187,0.0,0.0,0.0,0.0,40.03163991240648,0.0,0.0,0.0,0.0,0.0,0.0,0.0,0.0,0.0,0.0,15.364943937977928,24.666695974428556
1575.0,437.3333333333333,1047.6765297711045,0.4174316412613362,1070.5,280.8333333333333,36.833333333333336,752.8333333333334,1183.795857070496,186.0,94.83333333333331,12.166666666666666,24.666666666666668,110.0,148.83333333333334,90.66666666666669,403.3333333333333,0.0,0.0,73.6292131336986,39.66664393679745
1576.0,616.8333333333334,1395.47725453786,0.44202320842385207,67.0,0.0,0.0,67.0,153.79058636691454,0.0,0.0,0.0,0.0,0.1666666666666666,66.16666666666667,0.3333333333333333,0.3333333333333333,0.0,0.0,31.123872616503007,55.666713750411525
1577.0,1696.3333333333333,3256.9922725802667,0.5208281725487355,3923.5,522.3333333333334,874.8333333333334,2526.333333333333,4332.4470217272665,461.6666666666667,60.66666666666666,648.3333333333334,226.5,1286.6666666666667,236.33333333333331,140.0,863.3333333333334,0.0,0.0,255.78033581351704,153.16668591374818
1578.0,604.8333333333334,1124.4275362527787,0.5379033453315953,502.33333333333326,55.66666666666666,40.0,406.6666666666666,607.3928121458371,37.66666666666666,18.0,4.333333333333333,35.666666666666664,96.33333333333331,79.0,28.83333333333333,202.5,0.0,0.0,50.392834695429535,54.66664411707421
1579.0,331.8333333333333,795.1609483524111,0.4173159333602819,0.0,0.0,0.0,0.0,45.10361288848002,0.0,0.0,0.0,0.0,0.0,0.0,0.0,0.0,0.0,0.0,15.103612527926485,30.00000036055354
1580.0,185.66666666666663,528.8707832865224,0.3510624381874379,1953.1666666666663,28.33333333333333,18.0,1906.833333333333,2067.519898221024,21.5,6.833333333333333,4.833333333333333,13.166666666666666,26.33333333333333,1821.8333333333333,21.83333333333333,36.833333333333336,0.0,0.0,97.35323135004312,17.00000020431367
1581.0,811.0,2054.84618670415,0.3946767428372803,403.1666666666666,126.83333333333334,29.666666666666664,246.66666666666663,531.429994119129,39.833333333333336,87.0,7.333333333333333,22.33333333333333,34.666666666666664,131.5,8.5,72.0,0.0,0.0,55.26332657511543,73.00000087734695
1582.0,1862.8333333333333,4753.592378696296,0.39187906428027125,136.5,34.83333333333333,6.333333333333334,95.33333333333334,395.4998612514527,22.83333333333333,12.0,2.333333333333333,4.0,21.166666666666668,7.0,8.333333333333334,58.833333333333336,0.0,0.0,90.99985923235282,168.0000020190998
1583.0,299.0,981.9180404764014,0.3045060663667335,886.8333333333334,186.5,27.83333333333333,672.5,967.8067680697036,100.33333333333331,86.16666666666667,7.833333333333333,20.0,94.16666666666669,73.5,152.0,352.8333333333333,0.0,0.0,53.973434411872255,27.000000324498185
1584.0,213.0,722.6362826024429,0.29475409016679777,0.0,0.0,0.0,0.0,28.694656695317384,0.0,0.0,0.0,0.0,0.0,0.0,0.0,0.0,0.0,0.0,9.69465646696681,19.000000228350576
1585.0,742.1666666666666,2151.9443451542443,0.34488190567654786,131.0,16.0,0.3333333333333333,114.66666666666669,240.90933822860032,7.0,9.0,0.1666666666666666,0.1666666666666666,0.3333333333333333,53.5,9.0,51.833333333333336,0.0,0.0,42.74269396205322,67.16664426654711
1586.0,268.0,612.5708093716225,0.4375004422344503,344.1666666666667,38.833333333333336,13.166666666666668,292.1666666666667,405.195947911341,29.666666666666668,9.166666666666666,7.5,5.666666666666667,41.333333333333336,33.833333333333336,72.0,145.0,0.0,0.0,36.86263459460459,24.166646650069783
1587.0,553.1666666666666,1280.2779244802773,0.4320676441337704,371.1666666666667,22.833333333333336,12.166666666666666,336.1666666666667,463.2293953315975,15.333333333333334,7.5,4.333333333333333,7.833333333333333,48.833333333333336,174.5,12.833333333333334,100.0,0.0,0.0,42.06273096432435,49.99999770060648
1588.0,525.1666666666666,1167.8751476495006,0.4496770632748135,155.66666666666666,37.0,2.1666666666666665,116.5,233.98848588335989,17.166666666666668,19.83333333333333,0.1666666666666666,2.0,9.166666666666666,12.166666666666666,24.83333333333333,70.33333333333333,0.0,0.0,30.98846210788542,47.33335710880781
1589.0,1025.3333333333333,2309.7467252564416,0.44391591602732755,3648.833333333333,703.8333333333334,207.66666666666669,2737.333333333333,3954.115471994752,413.6666666666667,290.1666666666667,115.5,92.16666666666669,621.0,470.8333333333333,373.8333333333333,1271.6666666666667,0.0,0.0,212.78199829399549,92.50014036742353
1590.0,1460.1666666666667,3511.796844488006,0.41578904797938226,332.66666666666663,38.833333333333336,17.166666666666668,276.66666666666663,546.1044417739545,26.0,12.833333333333334,2.6666666666666665,14.5,65.33333333333333,72.83333333333333,9.833333333333334,128.66666666666666,0.0,0.0,81.60446630127052,131.83330880601738
1591.0,889.6666666666666,2151.4345612994757,0.4135225317424036,45.0,3.833333333333333,0.0,41.16666666666666,175.79450579404636,0.1666666666666666,3.6666666666666665,0.0,0.0,29.83333333333333,0.3333333333333333,2.0,9.0,0.0,1.9220582670356592,48.539206060188576,80.33324146682213
1592.0,1328.8333333333333,2412.9568589206037,0.5507074560494898,29.166666666666664,6.166666666666666,0.5,22.5,210.9764824498055,3.6666666666666665,2.5,0.3333333333333333,0.1666666666666666,4.0,3.8333333333333335,1.3333333333333333,13.333333333333334,0.0,0.0,61.80981434092468,120.00000144221416
1593.0,272.3333333333333,663.0885015813357,0.410704351958859,0.0,0.0,0.0,0.0,40.06174851829605,0.0,0.0,0.0,0.0,0.0,0.0,0.0,0.0,0.0,0.0,15.39507575407078,24.666672764225268
1594.0,185.83333333333331,487.720540358524,0.3810242094719386,906.3333333333331,164.33333333333334,31.666666666666664,710.3333333333333,972.8775516848344,71.16666666666667,93.16666666666669,14.833333333333334,16.833333333333332,117.83333333333331,196.66666666666663,80.33333333333333,315.5,0.0,0.0,49.71100667631049,16.83321167519048
1595.0,381.8333333333333,1026.782745796974,0.3718735388730746,268.3333333333333,53.16666666666667,8.833333333333332,206.3333333333333,332.4263506777641,43.833333333333336,9.333333333333334,3.0,5.833333333333333,23.166666666666668,17.666666666666668,11.333333333333334,154.16666666666666,0.0,0.0,29.59297921573829,34.50003812869251
1596.0,341.5,1070.4757602518105,0.3190170321275357,42.33333333333333,33.5,0.6666666666666666,8.166666666666668,90.8038923624045,4.5,29.0,0.5,0.1666666666666666,2.0,1.6666666666666667,1.0,3.5,0.0,0.0,17.470558656499183,31.00000037257199
1597.0,259.8333333333333,617.352937262492,0.42088296280812043,38.0,12.0,6.833333333333333,19.166666666666664,79.88908200747377,11.833333333333334,0.1666666666666666,1.0,5.833333333333333,1.1666666666666667,4.0,0.8333333333333334,13.166666666666666,0.0,0.0,18.5557367914024,23.33334521607138
1598.0,515.1666666666666,963.9327188795572,0.5344425565982229,677.1666666666666,56.33333333333333,19.166666666666668,601.6666666666666,777.938701470606,39.0,17.333333333333332,7.666666666666667,11.5,73.16666666666667,390.5,24.83333333333333,113.16666666666669,0.0,0.0,54.27202264002997,46.50001216390934
1599.0,620.5,1389.7000052072035,0.4464992427682144,1248.3333333333333,216.8333333333333,63.66666666666667,967.8333333333331,1389.3711586402744,138.0,78.83333333333333,42.0,21.666666666666668,265.0,144.16666666666666,120.0,438.6666666666667,0.0,0.0,85.03808574506097,55.99973956188014
1600.0,1131.0,2532.1595649898422,0.44665431659103877,2358.833333333333,396.6666666666667,83.0,1879.1666666666663,2626.658900071046,293.1666666666667,103.5,35.666666666666664,47.333333333333336,470.3333333333333,217.0,361.1666666666667,830.6666666666666,0.0,0.0,165.6587711695521,102.16679556816057
1601.0,1048.1666666666667,2539.60580993933,0.41272809448002756,245.50000000000003,47.0,13.333333333333334,185.16666666666669,399.2157590316596,20.166666666666668,26.83333333333333,3.5,9.833333333333334,19.33333333333333,62.66666666666666,11.5,91.66666666666669,0.0,0.0,58.88244196483191,94.83331706682772
1602.0,629.0,1561.8807455956369,0.40271960696981723,104.0,0.1666666666666666,0.0,103.83333333333334,197.3624305111373,0.0,0.1666666666666666,0.0,0.0,0.1666666666666666,103.5,0.0,0.1666666666666666,0.0,0.0,36.36242982608555,57.00000068505173
1603.0,300.6666666666667,670.7559139280473,0.44825048937089135,99.0,4.833333333333333,3.833333333333333,90.33333333333331,144.19098732246837,3.1666666666666665,1.6666666666666667,0.1666666666666666,3.6666666666666665,19.166666666666668,7.333333333333333,41.66666666666666,22.166666666666668,0.0,0.0,18.190986997970136,27.000000324498185
1604.0,995.1666666666666,2131.707929549876,0.466840064190596,1310.8333333333333,891.3333333333333,21.0,398.5,1505.8017961046328,421.5,469.8333333333333,14.833333333333334,6.166666666666667,84.5,39.333333333333336,37.333333333333336,237.33333333333331,0.0,0.0,104.9683079163338,90.00015485496596
1605.0,828.1666666666666,1943.6684837984496,0.4260843212563733,1754.0,513.0,20.83333333333333,1220.1666666666667,1950.1940880478503,404.3333333333333,108.66666666666669,3.5,17.333333333333332,193.5,144.16666666666666,486.8333333333333,395.6666666666667,0.0,0.0,121.52750752331532,74.6665805245351
1606.0,434.6666666666667,1201.611061419867,0.3617365723589869,114.0,0.0,0.0,114.0,177.97278921717785,0.0,0.0,0.0,0.0,0.0,113.83333333333331,0.0,0.1666666666666666,0.0,0.0,24.97278874845824,39.0000004687196
1607.0,98.33333333333331,240.4932623544997,0.40888186376042757,355.6666666666667,31.166666666666664,57.66666666666666,266.83333333333337,385.33311916281065,22.0,9.166666666666666,34.166666666666664,23.5,34.333333333333336,114.5,38.333333333333336,79.66666666666667,0.0,0.0,20.66645238797791,9.000000108166061
1608.0,570.6666666666666,1627.1617281558918,0.3507129357776988,0.0,0.0,0.0,0.0,77.64062553855669,0.0,0.0,0.0,0.0,0.0,0.0,0.0,0.0,0.0,0.0,25.97396115532626,51.666664383230426
1609.0,641.8333333333334,1290.8919779020125,0.49720142685870256,153.66666666666666,6.333333333333333,3.166666666666667,144.16666666666666,247.87396738714384,4.333333333333333,2.0,0.8333333333333334,2.333333333333333,8.833333333333334,57.66666666666666,47.5,30.166666666666668,0.0,0.0,36.207300023407015,58.00000069707017
1610.0,431.1666666666667,1139.6036874233844,0.3783479041222864,3.0,0.0,1.0,2.0,61.76120781817875,0.0,0.0,1.0,0.0,2.0,0.0,0.0,0.0,0.0,0.0,19.761207349459152,39.0000004687196
1611.0,575.5,1426.4725769666172,0.4034427365044733,40.0,0.0,0.0,40.0,120.01468929627396,0.0,0.0,0.0,0.0,2.0,0.0,38.0,0.0,0.0,0.0,28.014688671314484,52.00000062495946
1612.0,252.66666666666663,700.6832328207421,0.36060041803698634,828.3333333333333,11.666666666666666,6.5,810.1666666666666,902.87494959871,8.166666666666666,3.5,1.3333333333333333,5.166666666666667,617.5,4.166666666666667,151.0,37.5,2.339615700391557,0.0,49.20200028856082,23.000000276424377
1613.0,460.1666666666667,868.5974029376388,0.529781306172872,872.6666666666667,51.0,64.33333333333333,757.3333333333334,974.8317722691868,33.666666666666664,17.333333333333332,20.83333333333333,43.5,145.83333333333334,161.83333333333334,158.16666666666666,291.5,0.0,0.0,60.665122506407805,41.499983096112494
1614.0,301.0,746.0289193773273,0.40346961382037244,682.5,56.333333333333336,41.66666666666667,584.5,754.429563014626,31.166666666666668,25.166666666666668,13.5,28.166666666666668,154.16666666666666,107.33333333333331,124.5,198.5,0.0,0.0,44.76289022111231,27.16667279351364
1615.0,19.0,47.010081454700895,0.4041686253683367,2228.333333333333,323.5,1093.6666666666663,811.1666666666667,2334.542899476721,179.33333333333334,144.16666666666666,667.1666666666666,426.5,236.83333333333331,35.833333333333336,39.66666666666666,498.8333333333333,0.0,1.9220582670356592,102.2875078523158,2.0000000240369022
1616.0,1.0,1.0,1.0,764.3333333333334,178.16666666666669,84.33333333333333,501.83333333333337,799.1650429979619,101.16666666666669,77.0,29.666666666666668,54.66666666666666,180.0,61.5,34.0,226.33333333333331,0.0,0.0,34.831709664628576,0.0
1617.0,1998.5,5314.721991837948,0.37603095760590755,1140.1666666666667,187.8333333333333,60.16666666666666,892.1666666666667,1463.526544205114,135.66666666666666,52.16666666666666,26.5,33.666666666666664,164.0,91.0,72.33333333333333,564.8333333333334,0.0,0.0,142.85995075616987,180.49992678227727
1618.0,250.0,454.02995460533424,0.5506244631311003,1557.8333333333333,305.83333333333337,320.16666666666663,931.8333333333331,1663.117301108624,229.33333333333331,76.5,143.5,176.66666666666666,112.5,107.66666666666669,79.0,632.6666666666666,0.0,0.0,82.28396749886649,23.000000276424377
1619.0,1817.6666666666667,3414.424223641366,0.5323493941031697,369.5,31.5,25.333333333333336,312.66666666666663,633.2176628251202,23.0,8.5,4.166666666666667,21.166666666666668,68.83333333333333,62.0,15.5,166.33333333333334,0.0,0.0,99.55100869486542,164.16665413025484
1620.0,1306.5,3340.430891924514,0.3911172068125886,965.0,267.1666666666667,23.33333333333333,674.5,1186.3983016720945,198.83333333333331,68.33333333333333,9.166666666666666,14.166666666666666,227.5,45.66666666666666,46.5,354.8333333333333,0.0,0.0,103.39834665271157,117.99995501938298
1621.0,450.6666666666667,907.4029243940362,0.49665551493304033,778.0000000000001,151.83333333333334,40.0,586.1666666666667,874.5867175142439,116.66666666666669,35.166666666666664,14.5,25.5,151.33333333333334,118.5,38.833333333333336,277.5,0.0,0.0,55.92027084963343,40.66644666461049
1622.0,643.6666666666666,1628.3446776585836,0.3952889554023677,350.0,109.16666666666669,23.666666666666668,217.16666666666663,480.2266029670982,92.5,16.666666666666668,4.5,19.166666666666668,46.16666666666666,34.666666666666664,20.5,115.83333333333331,0.0,0.0,72.22663128540825,57.99997168168994
1623.0,494.6666666666667,822.6795250185842,0.6012871982628865,252.66666666666669,49.16666666666667,9.0,194.5,331.353397022514,28.166666666666668,21.0,5.833333333333333,3.1666666666666665,35.666666666666664,31.666666666666668,21.666666666666668,105.5,0.0,0.0,34.01998772074304,44.6667426351043
1624.0,175.5,380.898913964986,0.46075216695454474,724.6666666666666,71.66666666666667,4.833333333333333,648.1666666666666,781.6376219438869,10.333333333333334,61.333333333333336,1.1666666666666667,3.6666666666666665,228.5,6.166666666666667,206.33333333333331,207.16666666666663,0.0,0.0,40.97095508492496,16.000000192295218
1625.0,668.6666666666666,1377.4789213831054,0.48542787572768714,865.3333333333334,37.16666666666666,26.0,802.1666666666667,995.3200858980724,28.83333333333333,8.333333333333334,3.333333333333333,22.666666666666668,247.0,149.33333333333334,173.83333333333334,232.0,0.0,0.0,69.82009097891005,60.16666158582893
1626.0,1507.1666666666667,3659.483213314392,0.41185232417055595,175.16666666666666,14.666666666666666,8.0,152.5,387.7393923205639,10.666666666666666,4.0,2.1666666666666665,5.833333333333333,44.333333333333336,18.666666666666668,12.666666666666666,76.83333333333333,0.0,0.0,76.5728719752948,135.99985367860242
1627.0,921.6666666666666,2142.6033747899023,0.4301620530944243,1184.0,178.5,129.66666666666669,875.8333333333334,1441.810958044973,125.33333333333331,53.16666666666666,44.0,85.66666666666667,158.5,106.5,148.83333333333334,462.0,0.0,78.80438896431001,95.83989852049176,83.16667056017127
1628.0,310.8333333333333,835.5388942774276,0.37201539684414253,1180.6666666666667,165.83333333333334,62.33333333333333,952.5,1276.897453883136,117.16666666666669,48.66666666666666,37.66666666666666,24.666666666666668,228.66666666666663,240.66666666666663,129.66666666666666,353.5,0.0,0.0,67.89738972401317,28.333397492456143
1629.0,774.3333333333334,1845.25663078315,0.41963449441972556,1373.6666666666667,186.83333333333331,24.833333333333336,1162.0,1541.2662122998076,111.16666666666669,75.66666666666667,9.333333333333334,15.5,153.33333333333334,493.3333333333333,92.33333333333331,423.0,0.0,0.0,97.76624336986951,69.83330226327155
1630.0,1037.3333333333333,2227.0289782795226,0.46579247214588054,513.8333333333333,33.5,32.0,448.3333333333333,677.9354034320279,22.83333333333333,10.666666666666666,3.1666666666666665,28.83333333333333,141.83333333333334,81.66666666666667,45.833333333333336,179.0,0.0,0.0,70.6020921859305,93.49997791276417
1631.0,802.0,1762.7588219471252,0.4549686491508345,256.6666666666667,9.333333333333332,6.333333333333333,241.0,380.3517574982865,6.333333333333333,3.0,0.8333333333333334,5.5,15.166666666666666,53.16666666666666,96.0,76.66666666666667,0.0,0.0,51.18507835523071,72.50001247638907
1632.0,1139.0,2531.3586849299777,0.44995598876636755,2781.333333333333,101.33333333333334,69.16666666666666,2610.833333333333,3108.441178555885,72.66666666666667,28.666666666666668,10.0,59.16666666666666,659.3333333333334,348.1666666666667,690.1666666666666,913.1666666666666,0.0,0.0,224.44131368515136,102.6665315374004
1633.0,97.0,209.1596169909401,0.46376065033720937,2451.4999999999995,173.16666666666666,123.5,2154.833333333333,2576.163563532857,125.83333333333331,47.333333333333336,25.166666666666668,98.33333333333331,514.6666666666666,349.8333333333333,261.8333333333333,1028.5,0.0,0.0,115.99685324762872,8.666710285228236
1634.0,0.0,0.0,0.0,13460.5,337.0,45.16666666666666,13078.333333333334,14073.158007014565,330.0,7.0,7.666666666666667,37.5,149.33333333333334,72.66666666666667,12666.833333333334,189.5,0.0,0.0,612.6580070145641,0.0
1635.0,59.66666666666666,141.20322939321957,0.4225587964458537,1433.0,535.1666666666667,27.166666666666664,870.6666666666667,1552.273611694122,195.5,339.6666666666667,14.5,12.666666666666666,151.83333333333334,139.16666666666666,56.333333333333336,523.3333333333334,0.0,0.0,113.94030440768093,5.333307286441067
1636.0,271.0,615.3233815567138,0.4404188238620056,145.83333333333334,6.5,1.5,137.83333333333334,189.3058100930135,0.3333333333333333,6.166666666666667,0.1666666666666666,1.3333333333333333,0.8333333333333334,43.333333333333336,0.0,93.66666666666669,0.0,0.0,18.97245906257486,24.50001769710529
1637.0,884.1666666666666,1366.291986823394,0.6471286336988182,909.5,48.66666666666666,64.83333333333333,796.0,1071.1390557499922,33.0,15.666666666666666,5.333333333333333,59.5,151.33333333333334,137.33333333333334,187.16666666666663,320.1666666666667,0.0,0.0,81.6390547885161,80.0000009614761
1638.0,321.8333333333333,860.7242921803954,0.3739098992060069,0.0,0.0,0.0,0.0,44.65082159058038,0.0,0.0,0.0,0.0,0.0,0.0,0.0,0.0,1.0025946230973994,0.0,14.64822661894789,29.000000348535085
1639.0,545.5,1348.423463189306,0.4045465055241455,0.0,0.0,0.0,0.0,73.82840851109825,0.0,0.0,0.0,0.0,0.0,0.0,0.0,0.0,0.0,0.0,24.82840792219413,49.00000058890411
1640.0,556.0,1481.7848642432273,0.3752231605388672,3181.1666666666665,265.5,50.66666666666667,2865.0,3401.2647255136944,234.16666666666663,31.33333333333333,7.833333333333333,42.833333333333336,350.0,82.16666666666667,740.0,1692.8333333333333,0.0,0.0,170.09805824610535,50.00000060092256
1641.0,0.0,0.0,0.0,1159.8333333333333,160.33333333333334,99.66666666666666,899.8333333333333,1212.6235195407428,95.66666666666669,64.66666666666667,58.0,41.66666666666666,128.0,315.3333333333333,38.66666666666666,417.8333333333333,0.0,0.0,52.79018620740944,0.0
1642.0,5.0,8.361079033319966,0.5980089388073433,286.5,25.333333333333336,118.66666666666666,142.5,299.7677485470003,18.666666666666668,6.666666666666667,28.33333333333333,90.33333333333331,19.166666666666668,23.166666666666668,12.833333333333334,87.33333333333333,0.0,0.0,13.267748547000286,0.0
1643.0,679.0,1358.3119274195262,0.49988517828150164,2436.0,724.8333333333333,156.83333333333331,1554.3333333333333,2643.779027398956,586.6666666666666,138.16666666666666,59.5,97.33333333333331,263.3333333333333,317.5,241.83333333333331,731.6666666666666,0.0,0.0,146.77902666583046,61.000000733125525
1644.0,778.3333333333334,1819.5214357916016,0.4277681581666618,1458.1666666666667,218.0,33.666666666666664,1206.5,1630.1283588439776,112.5,105.5,7.666666666666667,26.0,268.6666666666667,384.5,173.33333333333334,380.0,0.0,0.0,101.7950478747084,70.16664430260246
1645.0,1131.0,1795.3703562179633,0.629953589287565,1144.8333333333333,186.0,67.0,891.8333333333333,1352.3412806564024,129.5,56.5,9.166666666666666,57.833333333333336,190.66666666666663,116.0,123.66666666666669,461.5,0.0,1.9220582670356592,103.58593714925894,101.99995190677474
1646.0,818.5,2133.3017285843625,0.3836775590779408,497.1666666666667,33.5,29.5,434.1666666666667,633.8814942396588,18.5,15.0,3.5,26.0,86.66666666666667,113.0,50.5,184.0,0.0,0.0,62.8815165653448,73.83331100764723
1647.0,532.8333333333334,1057.7966464606973,0.5037200062187293,921.6666666666666,127.83333333333334,52.0,741.8333333333333,1036.0045964238034,84.5,43.333333333333336,35.833333333333336,16.166666666666668,225.66666666666663,111.33333333333331,93.5,311.3333333333333,0.0,0.0,66.00469159804778,48.33323815908881
1648.0,743.3333333333334,1891.9453416684592,0.3928936618633001,98.0,0.0,1.0,97.0,235.46056292663707,0.0,0.0,0.0,1.0,0.0,91.66666666666669,0.0,5.333333333333333,0.0,0.0,70.29390125667896,67.16666166995809
1649.0,232.0,535.4903480744133,0.43324777156909766,2544.333333333333,255.0,96.0,2193.333333333333,2691.6975860229804,173.66666666666666,81.33333333333333,26.83333333333333,69.16666666666667,281.5,377.1666666666667,977.8333333333334,556.8333333333334,0.0,0.0,126.36425243725944,21.00000025238748
1650.0,323.1666666666667,769.0689441973949,0.42020506627520293,281.16666666666663,17.0,27.83333333333333,236.3333333333333,337.6729644610958,12.166666666666666,4.833333333333333,0.8333333333333334,27.0,52.0,70.83333333333333,52.333333333333336,61.16666666666666,0.0,0.0,27.50629744589399,29.000000348535085
1651.0,511.3333333333333,1353.715329289113,0.37772589426305286,774.5,114.83333333333331,45.5,614.1666666666666,889.0252915212034,77.83333333333333,37.0,3.333333333333333,42.16666666666666,163.66666666666666,72.5,136.16666666666666,241.83333333333331,0.0,0.0,68.52529096835461,46.00000055284875
1652.0,844.0,2073.900051848718,0.40696271705458553,129.83333333333334,5.666666666666666,4.333333333333333,119.83333333333334,262.32332020984023,3.6666666666666665,2.0,0.8333333333333334,3.5,21.5,11.5,34.333333333333336,52.5,0.0,0.0,56.32333960147762,76.16664727502926
1653.0,752.6666664288417,1249.854016043367,0.6022036628017892,849.99999973142,33.833333322642794,41.16666665365896,774.9999997551182,990.9455397890225,23.333333325960545,10.499999996682247,12.666666662664298,28.49999999099467,142.66666662158735,418.9999998676059,49.499999984359164,163.83333328156587,0.0,0.0,72.94553926183416,68.00000079576829
1654.0,506.6666666666667,1268.0087801828338,0.3995766232735475,16.0,0.0,9.666666666666668,6.333333333333334,85.78939338934342,0.0,0.0,2.0,7.666666666666667,3.333333333333333,0.0,0.0,3.0,0.0,0.0,23.789392836494653,46.00000055284875
1655.0,11.0,19.962833331297983,0.5510239862972788,43.0,0.5,1.0,41.5,46.45782318043688,0.5,0.0,0.0,1.0,1.1666666666666667,2.1666666666666665,0.3333333333333333,37.833333333333336,0.0,0.0,2.457823168418422,1.0000000120184511
1656.0,290.0,712.6214016882527,0.40694820463287884,40.0,4.166666666666667,4.0,31.833333333333336,81.01990912451731,4.0,0.1666666666666666,0.1666666666666666,3.8333333333333335,0.0,26.166666666666668,0.1666666666666666,5.5,0.0,0.0,15.019908812037578,26.00000031247973
1657.0,12.0,27.684958329771472,0.433448367776505,395.5,25.666666666666664,192.3333333333333,177.5,415.0477230717639,24.33333333333333,1.3333333333333333,119.5,72.83333333333333,18.0,4.666666666666667,3.1666666666666665,151.66666666666666,0.0,0.0,18.54772305974545,1.0000000120184511
1658.0,12.833333333333334,26.899869720230104,0.47707789914246307,444.3333333333333,55.83333333333333,262.0,126.5,466.9744579237771,32.666666666666664,23.166666666666668,158.0,104.0,16.0,8.833333333333334,33.666666666666664,68.0,0.0,0.0,21.64112457842532,1.0000000120184511
1659.0,924.0,1783.188786446296,0.5181728412735439,2076.5,591.1666666666666,88.33333333333334,1397.0,2428.582179841689,456.3333333333333,134.83333333333334,32.0,56.333333333333336,251.66666666666663,212.5,144.16666666666666,788.6666666666666,0.0,0.0,268.5821585275036,83.50002131418563
1660.0,470.8333333333333,894.818063422782,0.5261777254834817,6420.0,2508.333333333333,301.1666666666667,3610.5,6776.1329996136965,1756.3333333333333,752.0,176.83333333333334,124.33333333333331,1023.8333333333334,579.6666666666666,573.5,1433.5,0.0,0.0,313.6329323811512,42.50006723254471
1661.0,850.6666666666666,1508.6869691804409,0.5638457042740759,1672.8333333333333,154.0,105.83333333333331,1413.0,1864.6982192508156,46.66666666666666,107.33333333333331,41.0,64.83333333333333,584.0,169.0,255.33333333333331,404.6666666666667,0.0,0.0,114.86488499206116,77.00000092542075
1662.0,304.8333333333333,814.0969270092343,0.3744435376426321,461.6666666666667,19.83333333333333,11.833333333333334,430.0,524.0543588461858,15.166666666666666,4.666666666666667,1.5,10.333333333333334,26.0,36.833333333333336,266.1666666666667,101.0,0.0,0.0,34.88769474856996,27.49999743094908
1663.0,525.1666666666666,1493.1544034550318,0.35171624947257685,2111.0000000000005,156.16666666666666,104.66666666666669,1850.166666666667,2278.48584648669,93.83333333333331,62.333333333333336,29.166666666666668,75.5,549.3333333333334,273.3333333333333,300.1666666666667,727.3333333333334,0.0,0.0,119.98585752086495,47.49998896582508
1664.0,731.1666461014441,1532.9643587108876,0.476962586864252,1225.6666321928471,135.3333295268686,26.49999925464546,1063.8333034113334,1392.6572698563161,66.8333314535398,68.49999807332883,7.166666465092797,19.333332789552657,185.4999947825182,81.6666643696621,203.33332761426072,593.3333166448921,1.002594594897835,1.922058212974721,98.06600912893589,65.99997572666041
1665.0,783.49999773261,1579.9480839124692,0.49590236901481427,396.83333218492754,39.16666655332129,15.333333288959821,342.33333234264643,521.5564101579362,34.8333332325283,4.333333320792993,0.6666666647373836,14.666666624222438,123.33333297641595,28.999999916076185,65.33333314426359,124.66666630589074,0.0,0.0,53.723077325167274,71.00000064784139
1666.0,374.0,683.4671195294828,0.5472099378496389,0.0,0.0,0.0,0.0,51.02252922958221,0.0,0.0,0.0,0.0,0.0,0.0,0.0,0.0,0.0,0.0,17.022528820954864,34.00000040862734
1667.0,262.3333333333333,495.8635791267609,0.5290433586498018,0.0,0.0,0.0,0.0,43.60650297604723,0.0,0.0,0.0,0.0,0.0,0.0,0.0,0.0,0.0,0.0,19.93981861793073,23.666684358116505
1668.0,208.83333333333331,451.1995871481088,0.46284025801819406,538.1666666666667,54.0,215.0,269.1666666666667,628.0026442515896,43.66666666666666,10.333333333333334,118.66666666666669,96.33333333333331,98.16666666666669,23.166666666666668,17.5,130.33333333333334,0.0,0.0,71.0026092135895,18.833368371333304
1669.0,941.6666666666666,1681.8462065718948,0.5599005800810198,875.1666666666666,144.0,39.66666666666666,691.5,1050.6684873742165,98.83333333333331,45.16666666666666,24.0,15.666666666666666,169.0,85.66666666666667,65.66666666666667,371.1666666666667,0.0,0.0,90.66850667031308,84.83331403723656
1670.0,608.6666675752734,1271.1731199464082,0.47882279606489353,176.83333359730702,4.166666672886593,3.1666666713938105,169.5000002530266,267.5853801084096,2.6666666706474196,1.5000000022391735,0.16666666691546367,3.000000004478347,106.6666668258968,9.166666680350504,13.666666687068025,40.0000000597113,0.0,0.0,35.75204576798474,55.000000743117845
1671.0,416.5,932.9866202890802,0.4464158337779271,275.3333333333333,17.333333333333332,7.5,250.5,347.4892685473886,14.5,2.833333333333333,1.8333333333333333,5.666666666666667,41.5,76.33333333333333,85.16666666666667,47.5,0.0,0.0,34.4892738993992,37.666661314656025
1672.0,566.0,1383.7295310314555,0.40903947433866933,322.16666666666663,47.66666666666667,25.166666666666668,249.3333333333333,413.5919668587699,36.833333333333336,10.833333333333334,9.0,16.166666666666668,31.33333333333333,20.666666666666668,125.83333333333331,71.5,0.0,0.0,40.42527636895894,51.00002382314431
1673.0,677.3333333333334,1812.380969366824,0.37372569276644274,72.0,0.1666666666666666,0.0,71.83333333333333,172.27257613877856,0.1666666666666666,0.0,0.0,0.0,0.0,71.5,0.0,0.3333333333333333,0.0,0.0,39.10590293663759,61.16667320214098
1674.0,408.1666666666667,1194.5275679774347,0.34169715091445857,212.0,3.5,82.5,126.0,276.8930328851105,3.1666666666666665,0.3333333333333333,75.0,7.5,34.666666666666664,12.0,52.5,26.83333333333333,0.0,0.0,28.22640929577108,36.66662358933939
1675.0,436.0,1151.6622176229089,0.37858322807526573,34.0,0.0,0.0,34.0,94.89226388211937,0.0,0.0,0.0,0.0,0.0,34.0,0.0,0.0,0.0,0.0,21.392286618351577,39.49997726376778
1676.0,326.3333333333333,668.4124162423369,0.48822153120360234,374.0,8.166666666666666,2.6666666666666665,363.1666666666667,436.964685608352,7.0,1.1666666666666667,0.6666666666666666,2.0,4.166666666666667,318.8333333333333,28.0,12.166666666666666,0.0,1.9220582670356592,31.875983531470435,29.166643809845954
1677.0,495.1666666666667,1241.4489362707066,0.3988618880726095,5.0,1.5,0.1666666666666666,3.333333333333333,72.76522435196485,1.5,0.0,0.0,0.1666666666666666,0.1666666666666666,0.0,0.0,3.1666666666666665,0.0,0.0,22.765223811134543,45.00000054083031
1678.0,557.0,1112.1980937546589,0.500810065336139,37.0,0.0,0.1666666666666666,36.833333333333336,114.036014328467,0.0,0.0,0.1666666666666666,0.0,0.0,28.666666666666668,0.1666666666666666,8.0,0.0,0.0,27.036013727544432,50.00000060092256
1679.0,271.3333333333333,638.9328729963551,0.4246664161461625,21.0,0.0,0.0,21.0,58.80544093409768,0.0,0.0,0.0,0.0,8.833333333333334,0.0,0.0,12.166666666666666,0.0,0.0,13.305449344380897,24.499991589716785
1680.0,638.6666666666666,1413.457642610859,0.4518470503912361,286.0,128.5,35.166666666666664,122.33333333333331,390.7524826427391,92.5,36.0,22.83333333333333,12.333333333333334,13.0,45.16666666666666,3.1666666666666665,61.0,0.0,0.0,47.08578627170161,57.66669637103745
1681.0,934.1666666666666,2333.849683457838,0.40026856626113244,235.66666666666663,17.5,26.166666666666664,192.0,389.24517562098026,8.333333333333334,9.166666666666666,12.0,14.166666666666666,38.0,44.333333333333336,1.3333333333333333,108.33333333333331,0.0,0.0,69.24520361873095,84.33330533558264
1682.0,214.0,523.7159495306071,0.40861845088316023,0.0,0.0,0.0,0.0,28.740262414305064,0.0,0.0,0.0,0.0,0.0,0.0,0.0,0.0,0.0,0.0,9.74026218595449,19.000000228350576
1683.0,471.0,1217.5312180712465,0.3868483969931672,56.0,0.0,0.0,56.0,125.6532503898442,0.0,0.0,0.0,0.0,0.0,55.833333333333336,0.0,0.1666666666666666,0.0,0.0,26.9865832067881,42.66666718305609
1684.0,834.8333333333334,2230.2999653698043,0.3743143730869898,146.83333333333334,7.833333333333333,5.5,133.5,267.01369554421814,6.333333333333333,1.5,1.3333333333333333,4.166666666666667,29.166666666666668,60.0,14.166666666666666,30.166666666666668,0.0,0.0,44.6803380925307,75.50002411835412
1685.0,878.5,1744.032679288223,0.5037176254968655,480.5,46.0,59.16666666666666,375.3333333333333,621.8547313919978,32.166666666666664,13.833333333333334,11.166666666666666,48.0,60.333333333333336,51.16666666666666,140.66666666666666,123.16666666666669,0.0,0.0,61.85470722556992,79.50002416642792
1686.0,549.3333333333334,1094.0752407148625,0.5020983136172629,1104.3333333333333,166.16666666666669,23.166666666666668,915.0,1229.1000287178406,102.0,64.16666666666667,6.0,17.166666666666668,158.16666666666666,305.8333333333333,148.66666666666666,302.3333333333333,0.0,0.0,75.2666918900357,49.50000349447166
1687.0,514.1666666666666,1253.3525383260978,0.4102330756463434,0.0,0.0,0.0,0.0,81.73675177062515,0.0,0.0,0.0,0.0,0.0,0.0,0.0,0.0,0.0,0.0,35.403374362433084,46.33337740819207
1688.0,978.8333333333334,2110.7599812056965,0.4637350253221163,1270.9999999999998,57.5,27.83333333333333,1185.6666666666663,1464.5686878550314,33.333333333333336,24.166666666666668,2.0,25.83333333333333,164.66666666666666,382.5,174.66666666666666,463.8333333333333,0.0,0.0,105.40199401698943,88.16669383804187
1689.0,1200.6666666666667,2517.5773875611435,0.4769135092326955,428.1666666666666,71.33333333333333,9.5,347.3333333333333,621.5707503278766,48.0,23.33333333333333,2.833333333333333,6.666666666666667,67.83333333333333,58.0,62.333333333333336,159.16666666666666,0.0,5.766174802547703,79.13794526871627,108.499963589946
1690.0,848.3333333333334,2306.304999346113,0.36783223969676776,2329.833333333333,328.6666666666667,97.5,1903.6666666666663,2550.713027326028,205.33333333333331,123.33333333333331,66.33333333333333,31.166666666666668,481.3333333333333,200.0,293.5,928.8333333333334,0.0,0.0,144.54629302152316,76.33340097117164
1691.0,229.16666666666663,585.8090054655676,0.3911968995501154,138.0,12.666666666666666,6.666666666666666,118.66666666666666,175.7114408837394,9.0,3.6666666666666665,2.1666666666666665,4.5,27.5,30.33333333333333,10.666666666666666,50.16666666666666,0.0,0.0,16.711440631351895,21.00000025238748
1692.0,367.1666666666667,964.8136722980134,0.3805570725300165,0.0,0.0,0.0,0.0,49.71147187175445,0.0,0.0,0.0,0.0,0.0,0.0,0.0,0.0,0.0,0.0,16.711471475145558,33.00000039660889
1693.0,388.3333333333333,944.9010348401802,0.41097778393164286,58.0,7.666666666666667,0.0,50.333333333333336,113.31517532723194,0.0,7.666666666666667,0.0,0.0,6.0,0.1666666666666666,27.166666666666668,17.0,0.0,0.0,20.315174906586144,35.0000004206458
1694.0,757.3333333333334,1834.119654801048,0.41291380927679083,119.0,2.0,3.8333333333333335,113.16666666666666,235.2199014622879,1.8333333333333333,0.1666666666666666,0.0,3.8333333333333335,20.666666666666668,55.833333333333336,5.833333333333333,30.83333333333333,0.0,0.0,47.886584714706906,68.33331674758101
1695.0,494.33333851772085,1048.5374407930578,0.4714503452960473,86.00000090193659,1.3333333473168465,4.00000004195054,80.6666675126692,227.0803227392963,1.3333333473168465,0.0,2.00000002097527,2.00000002097527,1.1666666789022409,1.1666666789022409,0.5000000052438175,77.83333414962092,0.0,0.0,96.41367737202246,44.66664446533717
1696.0,762.3333286727219,1677.294517088504,0.45450177109980777,288.9999982331657,13.166666586170754,5.6666666320228565,270.16666501497207,414.68527403639104,11.999999926636637,1.1666666595341175,0.0,5.6666666320228565,4.499999972488739,1.3333333251818484,237.99999854495996,26.333333172341504,0.0,0.0,56.85191885608371,68.83335694714171
1697.0,946.3333333333334,2152.2046181298288,0.43970416444680593,1990.1666666666667,456.0,81.5,1452.6666666666667,2209.1555411277504,319.1666666666667,136.83333333333334,43.66666666666666,37.833333333333336,225.5,171.33333333333334,190.83333333333331,865.0,0.0,0.0,133.65553719778651,85.3333372632974
1698.0,308.6666666666667,725.6868749340136,0.4253441495613843,264.66666666666663,31.166666666666664,4.666666666666667,228.8333333333333,336.7619110101485,20.0,11.166666666666666,1.3333333333333333,3.333333333333333,35.166666666666664,24.0,5.5,164.16666666666666,0.0,0.0,44.09524400696521,28.000000336516635
1699.0,107.83333333333331,265.6784141988856,0.40587916657997586,102.83333333333334,77.0,7.666666666666667,18.166666666666668,122.4217855714412,2.5,74.5,0.5,7.166666666666667,1.5,0.3333333333333333,2.333333333333333,14.0,0.0,0.0,9.588452117923362,10.000000120184511
1700.0,204.16666666666663,427.4945087950932,0.47758898059794225,5492.833333333334,577.5,259.6666666666667,4655.666666666667,5894.927853276059,345.3333333333333,232.16666666666663,157.33333333333334,102.33333333333331,1489.0,683.3333333333334,554.5,1928.8333333333333,0.0,0.0,383.5945661289222,18.49995381380252
1701.0,1229.1666666666667,2959.8646532890457,0.41527799769519813,103.0,11.0,8.833333333333334,83.16666666666667,274.63388721680946,10.666666666666666,0.3333333333333333,0.0,8.833333333333334,11.333333333333334,47.5,4.333333333333333,20.0,0.0,0.0,60.63388588276137,111.0000013340481
1702.0,0.0,0.0,0.0,1035.5,54.833333333333336,277.1666666666667,703.5,1085.6386106474624,19.0,35.833333333333336,105.16666666666669,172.0,94.33333333333331,140.5,25.5,443.1666666666667,3.007783869292199,0.0,47.13082677817041,0.0
1703.0,419.0,1140.7565944616174,0.36730009016318504,364.50000000000006,82.83333333333334,11.333333333333334,270.33333333333337,438.1611793270576,54.333333333333336,28.5,2.333333333333333,9.0,38.0,55.333333333333336,15.666666666666666,161.33333333333334,0.0,0.0,35.66117887035634,38.00000045670115
1704.0,622.0,1786.6703655126082,0.34813360763474904,0.0,0.0,0.0,0.0,86.31567159989953,0.0,0.0,0.0,0.0,0.0,0.0,0.0,0.0,2.0051892461947998,0.0,28.31048168067146,56.00000067303327
1705.0,1691.0,4340.2641521761625,0.3896076231102548,78.00000000000001,11.333333333333334,1.8333333333333333,64.83333333333334,311.5164682264562,0.0,11.333333333333334,0.0,1.8333333333333333,2.1666666666666665,21.0,16.166666666666668,25.5,0.0,0.0,80.51646638763314,153.00000183882304
1706.0,1283.0,2347.3364580916354,0.5465769491958848,1060.1666666666667,45.5,43.333333333333336,971.3333333333334,1282.8163930883863,32.0,13.5,5.5,37.833333333333336,334.6666666666667,129.66666666666666,32.0,475.0,0.0,0.0,106.64972502757948,116.00000139414034
1707.0,446.0,1309.4196109150391,0.3406089203813967,0.0,0.0,0.0,0.0,60.29979924211984,0.0,0.0,0.0,0.0,0.0,0.0,0.0,0.0,0.0,0.0,20.299798761381787,40.00000048073805
1708.0,452.8333333333333,1306.9203670588618,0.3464888487065244,0.0,0.0,0.0,0.0,61.61060042510579,0.0,0.0,0.0,0.0,0.0,0.0,0.0,0.0,0.0,0.0,20.61059993234928,41.000000492756506
1709.0,371.3333333333333,969.8520132699576,0.38287628241482335,24.0,0.1666666666666666,0.1666666666666666,23.666666666666664,75.4934291272307,0.1666666666666666,0.0,0.0,0.1666666666666666,1.3333333333333333,0.5,18.5,3.333333333333333,0.0,0.0,17.99344903525754,33.49998009197316
1710.0,346.8333333333333,1018.7968626269352,0.34043423773315773,0.0,0.0,0.0,0.0,46.78631122866204,0.0,0.0,0.0,0.0,0.0,0.0,0.0,0.0,0.0,0.0,15.786310856090054,31.00000037257199
1711.0,220.5,600.9221341716757,0.36693605953447206,1501.8333333333337,371.0,61.5,1069.3333333333337,1602.2318840017492,250.66666666666663,120.33333333333331,7.333333333333333,54.16666666666666,139.83333333333334,185.33333333333331,50.333333333333336,693.8333333333334,2.0051892461947998,0.0,78.39336118185192,20.000000240369022
1712.0,851.1666666666666,1823.3866763714748,0.46680535604246143,419.1666666666667,76.66666666666667,23.33333333333333,319.1666666666667,553.9857201632775,71.16666666666667,5.5,1.8333333333333333,21.5,53.66666666666666,53.333333333333336,80.16666666666667,132.0,0.0,0.0,57.81905257119004,77.00000092542075
1713.0,332.0,737.941125466184,0.4499003898044897,83.16666666666666,18.166666666666664,0.6666666666666666,64.33333333333333,132.06265515784298,15.666666666666666,2.5,0.5,0.1666666666666666,3.333333333333333,1.3333333333333333,31.0,28.666666666666668,0.0,0.0,18.89598813062278,30.00000036055354
1714.0,2011.1666666666667,3970.638621819015,0.5065096218062066,576.1666666666666,112.83333333333334,21.0,442.3333333333333,899.3249881714403,81.66666666666667,31.166666666666668,13.166666666666666,7.833333333333333,108.16666666666669,38.66666666666666,35.666666666666664,259.8333333333333,23.89505783958349,0.0,117.76328759198732,181.49997607320265
1715.0,537.8333333333334,1128.1446376815504,0.4767414703478398,0.0,0.0,0.0,0.0,73.9813129008259,0.0,0.0,0.0,0.0,0.0,0.0,0.0,0.0,1.0025946230973994,0.0,24.478758307690143,48.49995997003836
1716.0,716.3333333333334,1638.512698124718,0.4371850972855924,64.0,0.1666666666666666,0.1666666666666666,63.66666666666666,167.19074957978256,0.1666666666666666,0.0,0.1666666666666666,0.0,0.0,63.5,0.0,0.1666666666666666,3.007783869292199,0.0,35.51625185191278,64.66671385857758
1717.0,193.33333333333331,388.774687012934,0.49728889197691356,254.3333333333333,154.16666666666666,20.666666666666668,79.5,293.3776778592992,11.666666666666666,142.5,4.5,16.166666666666668,15.666666666666666,9.5,10.333333333333334,44.0,1.0025946230973994,0.0,20.37511493597,17.666634966898496
1718.0,465.0,1412.8196247847618,0.3291290635001203,61.99999999999999,0.1666666666666666,0.0,61.83333333333333,127.98653401878435,0.0,0.1666666666666666,0.0,0.0,0.1666666666666666,61.5,0.1666666666666666,0.0,0.0,0.0,23.986533514009423,42.00000050477495
1719.0,688.0,2093.671027458567,0.32860940949024775,0.0,0.0,0.0,0.0,93.31448852054906,0.0,0.0,0.0,0.0,0.0,0.0,0.0,0.0,0.0,0.0,31.314487775405087,62.00000074514398
1720.0,552.5,1293.8006438085097,0.427036423767442,135.0,22.166666666666668,9.166666666666666,103.66666666666669,220.13468624881108,16.166666666666668,6.0,0.6666666666666666,8.5,8.833333333333334,3.0,56.833333333333336,35.0,4.010378492389599,0.0,31.29099123042404,49.83331652599742
1721.0,0.0,0.0,0.0,11734.666666666668,3848.8333333333335,518.1666666666666,7367.666666666667,12268.80919660828,2378.833333333333,1470.0,283.0,235.16666666666663,2104.5,963.8333333333334,947.3333333333334,3352.0,0.0,0.0,534.1425299416127,0.0
1722.0,719.8333333333334,2134.965100212128,0.33716398139801507,365.83333333333337,24.5,17.0,324.33333333333337,481.2502300280317,21.33333333333333,3.1666666666666665,2.1666666666666665,14.833333333333334,15.333333333333334,95.0,166.83333333333334,47.16666666666666,1.0025946230973994,0.0,49.41430129040151,65.00000078119933
1723.0,703.8333333333334,2073.77961988413,0.3393963980476668,391.33333333333337,83.66666666666666,16.5,291.1666666666667,505.0134842034721,46.5,37.16666666666666,3.0,13.5,43.333333333333336,87.16666666666667,27.83333333333333,132.83333333333334,0.0,0.0,49.84683417588297,63.833316694255736
1724.0,793.1666666666666,1618.9957566002786,0.48991275204589385,223.8333333333333,39.5,4.166666666666667,180.16666666666663,341.7890808781054,28.33333333333333,11.166666666666666,2.833333333333333,1.3333333333333333,7.833333333333333,81.33333333333333,52.16666666666666,38.833333333333336,0.0,0.0,46.28907711599563,71.66667042877638
1725.0,1176.0,2657.759570043307,0.4424779476876599,2455.666666666667,401.33333333333337,135.33333333333331,1919.0,2728.2459414008263,248.5,152.83333333333334,49.0,86.33333333333333,392.3333333333333,449.3333333333333,262.0,815.3333333333334,1.0025946230973994,0.0,165.24275950511475,106.3339206059474
1726.0,1447.0,3112.085703060339,0.4649614882318505,2235.5,482.0,116.0,1637.5,2533.640480144003,342.1666666666667,139.83333333333334,48.0,68.0,335.6666666666667,278.6666666666667,248.16666666666663,775.0,0.0,0.0,167.6406439293074,130.49983621469596
1727.0,823.9999978675738,1851.8405013085087,0.4449627261555929,1076.49999721413,167.66666623276276,64.16666650061002,844.6666644807574,1238.3189190680505,105.83333305944767,61.833333173315104,17.33333328847647,46.833333212133546,198.66666615253797,164.83333290676183,42.999999888720474,438.16666553273694,1.002594620502789,0.0,86.48307441577252,74.33325281764525
1728.0,1518.1666666666667,3870.782450586352,0.39221182953247413,68.16666666666667,21.0,2.666666666666667,44.5,325.15629977065714,19.166666666666668,1.8333333333333333,1.1666666666666667,1.5,11.5,2.6666666666666665,4.666666666666667,25.666666666666668,47.62303951209082,0.0,72.19992527234213,137.1666683195575
1729.0,977.3333333333334,2584.2982328698777,0.37818132632780516,105.16666666666669,23.5,3.6666666666666665,78.0,246.2812948842873,16.833333333333332,6.666666666666667,1.5,2.1666666666666665,18.666666666666668,9.0,6.166666666666667,44.16666666666666,3.508738923438743,0.0,49.27260712991989,88.333282164262
1730.0,794.5,1895.5562432365864,0.4191381832297537,1110.6666666666667,575.3333333333334,67.5,467.83333333333337,1273.561065972914,329.0,246.33333333333331,11.333333333333334,56.16666666666666,89.66666666666667,41.16666666666666,53.0,284.0,4.67868338483122,0.0,86.71575567808537,71.49996024333116
1731.0,917.8333333333334,2283.175097548208,0.40199866156518194,75.33333333333334,13.166666666666668,3.5,58.66666666666667,203.5401507064517,9.333333333333334,3.8333333333333335,2.833333333333333,0.6666666666666666,16.0,7.666666666666667,5.0,30.0,0.0,0.0,45.20681637558693,83.00000099753144
1732.0,743.0,1847.1777314874716,0.4022352518301996,407.0,80.16666666666667,14.5,312.3333333333333,526.3441325507312,50.833333333333336,29.33333333333333,7.833333333333333,6.666666666666667,54.66666666666666,110.5,19.5,127.66666666666669,0.0,0.0,52.34413174549484,67.00000080523624
1733.0,606.3333333333334,1503.3510966452052,0.4033211767273747,977.3333333333334,147.33333333333331,57.66666666666666,772.3333333333334,1104.747228059229,98.33333333333331,49.0,19.5,38.16666666666666,132.33333333333334,189.83333333333331,34.0,416.1666666666667,0.5010917776875224,0.0,72.07955017068612,54.8332527775221
1734.0,878.1666666666666,1820.1350236167343,0.482473363389101,563.5,117.33333333333334,25.33333333333333,420.83333333333337,709.2894059950361,62.0,55.333333333333336,13.666666666666666,11.666666666666666,67.16666666666667,152.33333333333334,30.0,171.33333333333334,1.0025946230973994,0.0,65.62024238766604,79.16656898427271
1735.0,624.0,2240.6691178654723,0.27848824042098674,93.16666666666669,6.5,2.5,84.16666666666667,186.82137522666355,5.166666666666667,1.3333333333333333,2.1666666666666665,0.3333333333333333,4.666666666666667,64.16666666666667,11.5,3.8333333333333335,5.012973115486998,0.0,32.64173477147662,56.00000067303327
1736.0,139.5,325.7279355111007,0.428271525993342,33.0,10.0,0.1666666666666666,22.83333333333333,53.85143588342856,10.0,0.0,0.0,0.1666666666666666,2.0,2.1666666666666665,7.0,11.666666666666666,0.0,0.0,7.851435727188701,13.000000156239864
1737.0,1.0,1.0,1.0,2065.1666666666665,173.66666666666669,934.3333333333331,957.1666666666666,2162.2183742400657,122.16666666666669,51.5,313.6666666666667,620.6666666666666,170.66666666666666,175.16666666666666,50.833333333333336,560.5,3.007783869292199,0.0,94.04392370410658,0.0
1738.0,495.1666666666667,1374.392123918874,0.36028048913345984,438.0,68.33333333333334,20.5,349.16666666666663,525.4733343676644,30.5,37.833333333333336,1.0,19.5,46.833333333333336,37.16666666666666,151.16666666666666,114.0,0.0,0.0,42.47333382683403,45.00000054083031
1739.0,684.0,1494.3895137048594,0.4577119912359673,1592.333333333333,264.3333333333333,92.33333333333334,1235.6666666666663,1757.9498405973134,150.66666666666666,113.66666666666669,45.833333333333336,46.5,268.3333333333333,273.6666666666667,146.5,547.1666666666666,0.0,0.0,103.61650651883578,62.00000074514398
1740.0,542.0,1120.4819454660565,0.4837204224424687,2220.166666666667,428.6666666666667,135.16666666666669,1656.3333333333337,2394.837613802242,295.6666666666667,133.0,84.66666666666667,50.5,405.5,190.33333333333331,169.0,891.5,0.0,0.0,125.67099876316388,48.99994837241085
1741.0,720.8333333333334,1831.602389098764,0.39355339216827395,1037.0,229.33333333333331,100.33333333333331,707.3333333333333,1182.0080065448765,186.5,42.833333333333336,2.0,98.33333333333331,220.66666666666663,279.0,38.16666666666666,169.5,0.0,0.0,80.0080057636769,65.00000078119933
1742.0,526.1666666666666,1228.380197718746,0.4283418665034028,638.5,77.33333333333333,35.16666666666667,526.0,738.8431813617298,43.66666666666666,33.666666666666664,10.0,25.166666666666668,91.5,118.33333333333331,19.5,296.6666666666667,0.0,0.0,53.00984165481751,47.333339706912334
1743.0,159.33333333333334,379.6543941723532,0.41967993991135044,1044.0,96.83333333333334,38.33333333333333,908.8333333333331,1113.106603275359,61.5,35.333333333333336,19.83333333333333,18.5,144.0,490.8333333333333,64.5,209.5,0.0,0.0,54.77318853543043,14.33341473992868
1744.0,660.0000035679014,1731.5619263014246,0.38115876397077286,1489.6666747196725,197.00000106496452,91.50000049464089,1201.1666731600671,1646.9167751260431,126.66666735141544,70.3333337135491,44.16666690542774,47.33333358921313,236.66666794606564,404.6666688542588,84.00000045409655,475.8333359056461,0.0,0.0,97.74933927175901,59.50076113461197
1745.0,541.1666627991594,1374.6186053727527,0.39368495427312533,2082.166651786233,290.99999792033645,112.6666658614819,1678.4999880044147,2256.3185583196323,195.4999986028377,95.49999931749872,67.83333284855493,44.83333301292698,405.4999971020496,318.66666438928024,218.8333317694168,735.4999947436683,5.848491305574392,0.0,119.47054006750844,48.83287516031613
1746.0,869.0,2658.7037649516765,0.32685100591332505,212.83333333333331,8.833333333333332,3.0,201.0,340.07384140785507,6.333333333333333,2.5,1.5,1.5,7.666666666666667,173.33333333333334,2.6666666666666665,17.333333333333332,0.0,0.0,49.240507137082496,78.0000009374392
1747.0,551.1666666666666,1711.9795054354165,0.3219470004849653,51.0,13.333333333333334,1.1666666666666663,36.5,131.24859137605029,9.833333333333334,3.5,0.6666666666666666,0.5,8.0,3.5,4.333333333333333,20.666666666666668,3.007783869292199,0.0,27.40749098076067,49.83331652599742
1748.0,259.6666666666667,647.5579879895789,0.4009936893417574,30.83333333333333,8.666666666666668,1.5,20.666666666666664,67.2222991467317,5.666666666666667,3.0,0.6666666666666666,0.8333333333333334,4.333333333333333,2.833333333333333,2.0,11.5,0.0,0.0,13.222304672252134,23.166661141146232
1749.0,762.9999991165688,2189.5843026964094,0.34846797091893494,73.99999991431991,0.0,0.0,73.99999991431991,181.09625973007837,0.0,0.0,0.0,0.0,0.999999998842161,67.99999992126695,4.999999994210805,0.0,0.0,0.0,38.09625906637623,69.00000074938224
1750.0,794.0000006551858,2386.398273748111,0.3327189804776879,0.0,0.0,0.0,0.0,108.1391363653274,0.0,0.0,0.0,0.0,0.0,0.0,0.0,0.0,0.0,0.0,36.139135440586614,72.0000009247408
1751.0,697.1666666666666,1924.5759978973276,0.36224429039349326,4.0,0.0,4.0,0.0,98.91380811847932,0.0,0.0,3.0,1.0,0.0,0.0,0.0,0.0,0.0,0.0,31.91380736131688,63.00000075716243
1752.0,229.66666666666663,542.2454132171829,0.42354745852811737,126.83333333333334,5.0,4.666666666666667,117.16666666666669,164.0594614318747,3.5,1.5,0.0,4.666666666666667,10.666666666666666,80.66666666666667,1.3333333333333333,24.5,0.0,0.0,16.226127846153897,21.00000025238748
1753.0,450.0,1085.9970754344956,0.4143657567585621,418.6666666666667,50.0,24.666666666666668,344.0,499.8965749637952,30.666666666666668,19.33333333333333,10.333333333333334,14.333333333333334,97.16666666666669,99.33333333333331,18.166666666666668,129.33333333333334,1.0025946230973994,0.0,39.56064943663811,40.66666423739285
1754.0,1012.8333361962079,2989.9806846704173,0.33874243448761665,4189.50001184204,668.8333352238576,303.6666675250108,3217.0000090931717,4518.102208181152,453.16666794758754,215.66666727627,170.16666714765972,133.50000037735109,762.0000021538691,337.50000095397746,394.1666677808181,1723.333338204507,0.0,0.0,237.1029318929904,91.49926444612042
1755.0,733.3333333333334,1566.385629045577,0.468169089230067,2149.333333333333,426.5,108.83333333333334,1614.0,2359.560393279513,302.5,124.0,64.5,44.333333333333336,366.6666666666667,224.5,117.83333333333331,905.0,12.866516984960487,0.0,131.19364341969938,66.16689954151988
1756.0,283.6666666666667,878.2015758155839,0.3230086058582007,455.0,117.0,17.166666666666668,320.83333333333337,523.3074334729203,82.5,34.5,6.166666666666667,11.0,62.333333333333336,51.5,29.83333333333333,177.16666666666666,9.023351607876595,0.0,33.61742069460909,25.666661170434608
1757.0,0.0,0.0,0.0,416.8333333333333,94.0,20.33333333333333,302.5,440.8194532423168,62.333333333333336,31.666666666666668,10.166666666666666,10.166666666666666,74.83333333333333,28.666666666666668,25.5,173.5,5.012973115486998,0.0,18.973146793496344,0.0
1758.0,383.6666666666667,1057.3724607938982,0.3628491197686399,357.3333333333333,28.33333333333333,3.6666666666666665,325.3333333333333,426.06020236524415,7.833333333333333,20.5,0.6666666666666666,3.0,8.5,286.6666666666667,3.333333333333333,26.83333333333333,0.0,0.0,33.72686861126505,35.0000004206458
1759.0,4.0,7.734513888040826,0.5171624303609869,915.1666666666669,98.83333333333331,409.0,407.33333333333337,963.8540840044903,88.0,10.833333333333334,83.5,325.5,24.0,46.333333333333336,27.0,310.0,6.850949246927699,0.0,41.83646809089597,0.0
1760.0,1560.3333333333333,4117.005743168468,0.37899712331527935,4330.0,581.1666666666666,198.83333333333331,3550.0,4739.029637196593,370.8333333333333,210.33333333333331,82.66666666666667,116.16666666666669,701.1666666666666,368.6666666666667,1164.1666666666667,1316.0,0.0,0.0,268.02937151657903,141.0002656800147
1761.0,329.8333333333333,781.2146230717008,0.4222057851867179,530.3333333333333,37.333333333333336,257.3333333333333,235.66666666666669,605.3174623522357,32.333333333333336,5.0,240.0,17.333333333333332,36.833333333333336,47.833333333333336,42.333333333333336,108.66666666666669,0.0,0.0,45.15082143876702,29.83330758013537
1762.0,56.16666666666666,132.47520539255004,0.42397870982901137,499.6666666666667,144.33333333333334,13.166666666666668,342.1666666666667,529.965398721266,107.0,37.333333333333336,1.8333333333333333,11.333333333333334,40.5,89.0,26.83333333333333,185.83333333333331,0.0,0.0,25.29873199450706,5.0000000600922565
1763.0,220.33333333333331,524.8206634410377,0.419825949475191,1893.6666666666667,443.1666666666666,79.16666666666666,1371.3333333333337,2009.8858105188235,363.8333333333333,79.33333333333333,7.833333333333333,71.33333333333333,218.33333333333331,236.5,233.0,683.5,0.0,0.0,96.21914361178769,20.000000240369022
1764.0,480.6666666666667,1133.210594186198,0.42416358365573864,2371.5,583.1666666666667,122.0,1666.3333333333337,2544.316689682294,314.0,269.1666666666667,13.0,109.0,429.8333333333333,331.1666666666667,110.33333333333331,795.0,0.0,0.0,129.8166891655006,43.0000005167934
1765.0,475.9999976817591,1219.9143608766224,0.3901913223971793,411.66666466174536,18.4999999099003,15.499999924511064,377.666664827334,506.9331825479473,14.666666595236274,3.8333333146640265,2.3333333219694072,13.166666602541655,123.33333273266865,89.83333289582218,5.666666639068561,158.83333255977468,11.863922304634382,0.0,40.40259527419498,43.000000307372474
1766.0,1014.6666666666666,2144.3991310515744,0.47317062013968103,7615.333333333334,1142.0,520.5,5952.833333333334,8154.728579353236,786.3333333333334,355.6666666666667,272.3333333333333,248.16666666666663,1672.1666666666667,775.3333333333334,426.3333333333333,3079.0,54.97986921938494,0.0,392.747159886344,91.6682169141735
1767.0,765.3333333333334,1838.754624228198,0.4162237436409307,3219.166666666667,155.5,1909.8333333333333,1153.8333333333337,3485.219570708787,114.0,41.5,581.6666666666666,1328.1666666666667,198.33333333333331,160.83333333333334,62.833333333333336,731.8333333333334,15.874300854804297,0.0,181.1786023580423,69.00000082927313
1768.0,1920.1666666666667,4082.442280341135,0.47034753581530486,2952.833333333333,485.5,245.33333333333331,2222.0,3367.3544886224845,334.8333333333333,150.66666666666666,118.66666666666669,126.66666666666669,602.3333333333334,283.8333333333333,173.33333333333334,1162.5,19.213773119076,0.0,221.80707275605403,173.50030941402176
1769.0,0.0,0.0,0.0,1524.1666666666663,83.0,1111.8333333333333,329.3333333333333,1599.471833708426,77.5,5.5,882.5,229.33333333333331,48.66666666666666,62.66666666666666,7.0,211.0,4.010378492389599,1.9220582670356592,69.3727302823338,0.0
1770.0,0.0,0.0,0.0,1921.499999064335,192.9999999060196,1337.833332681882,390.66666647643336,2022.032816567741,171.66666658307443,21.33333332294517,966.4999995293676,371.3333331525144,43.16666664564686,35.499999982713454,31.666666651246743,280.3333331968264,13.033730093919486,0.0,87.49908740948635,0.0
1771.0,771.000004252399,2002.6426913213065,0.3849912955484373,149.83333415972905,16.16666675583284,55.83333364127836,77.83333376261788,261.74514884264215,11.333333395841578,4.8333333599912605,7.83333337653756,48.00000026474079,11.666666731013388,9.0000000496389,7.333333373779843,49.83333360818576,0.0,0.0,41.91181345554115,70.00000122737192
1772.0,314.00000008865936,842.8071667845514,0.37256446369176144,0.0,0.0,0.0,0.0,42.29178692037245,0.0,0.0,0.0,0.0,0.0,0.0,0.0,0.0,0.0,0.0,14.291786575949885,28.000000344422563
1773.0,491.0,1337.9877498076594,0.3669689801499177,152.83333333333331,40.33333333333333,5.833333333333333,106.66666666666666,227.1404699082861,26.33333333333333,14.0,4.0,1.8333333333333333,20.33333333333333,11.333333333333334,9.166666666666666,65.83333333333333,1.0025946230973994,0.0,29.30454142304353,44.00000052881185
1774.0,150.0,399.4655277211272,0.37550173817430677,812.5,169.33333333333334,168.66666666666666,474.5,870.3083765886579,131.33333333333334,38.0,4.0,164.66666666666666,73.83333333333333,78.83333333333333,141.33333333333334,180.5,0.0,0.0,43.80837642039953,14.000000168258318
1775.0,359.3333333333333,946.7726381753404,0.37953497898487587,480.6666666666666,188.3333333333333,30.33333333333333,262.0,551.3996953772006,78.0,110.33333333333331,1.3333333333333333,29.0,38.5,27.5,27.5,168.5,0.0,0.0,38.233077638283866,32.49995107225012
1776.0,15.833333333333334,44.21816797669601,0.35807302875320085,253.8333333333333,7.5,61.5,184.8333333333333,267.1073482374208,6.0,1.5,9.833333333333334,51.66666666666666,58.833333333333336,85.83333333333333,4.5,35.666666666666664,0.0,0.0,12.274014892068998,1.0000000120184511
1777.0,353.3333333333333,848.1595434865995,0.4165882893693052,388.0,51.833333333333336,6.666666666666666,329.5,454.74500983340846,23.166666666666668,28.666666666666668,2.333333333333333,4.333333333333333,27.666666666666668,9.0,217.0,75.83333333333333,1.0025946230973994,0.0,33.742414825720566,32.00000038459044
1778.0,130.5,295.1917256385837,0.4420855622483705,178.99999999999997,0.0,0.0,178.99999999999997,206.08947787859395,0.0,0.0,0.0,0.0,1.0,90.83333333333331,74.0,13.166666666666666,1.0025946230973994,0.0,14.086883111275156,12.000000144221415
1779.0,988.1666666666666,1919.4304915736368,0.5148228451120012,798.8333333333335,172.33333333333334,23.83333333333333,602.6666666666667,969.1700739192556,138.33333333333334,34.0,5.5,18.33333333333333,82.16666666666667,50.0,50.333333333333336,420.1666666666667,0.0,0.0,81.3367395162802,89.00000106964217
1780.0,539.8333333333334,1281.0103496167685,0.4214121560335807,2310.6666666666665,416.6666666666666,224.83333333333331,1669.1666666666663,2491.0749289884643,245.0,171.66666666666666,10.0,214.83333333333331,373.3333333333333,160.83333333333334,225.16666666666663,909.8333333333334,0.0,0.0,131.4082617328934,49.00000058890411
1781.0,293.5,750.8533750176451,0.39088856728266386,1190.6666666666667,213.0,65.83333333333333,911.8333333333334,1285.7191083145296,138.83333333333334,74.16666666666667,27.166666666666668,38.66666666666666,206.5,143.0,175.83333333333334,386.5,1.0025946230973994,0.0,67.5498380015415,26.500009023224223
1782.0,9.0,21.69734721933881,0.41479725189530614,1520.8333333333333,54.16666666666666,964.8333333333334,501.8333333333333,1591.4640378621511,42.66666666666666,11.5,601.3333333333334,363.5,42.16666666666666,59.833333333333336,79.33333333333333,320.5,0.0,0.0,69.63070451679941,1.0000000120184511
1783.0,0.0,0.0,0.0,514.1666666666666,79.5,60.83333333333333,373.8333333333333,583.580465643539,57.833333333333336,21.666666666666668,29.5,31.33333333333333,88.33333333333333,25.83333333333333,23.666666666666668,236.0,24.89765246268089,21.142640938832976,23.37350557535841,0.0
1784.0,0.0,0.0,0.0,3.9999999990097144,0.1666666666254047,0.4999999998762143,3.333333332508095,4.182060974403043,0.0,0.1666666666254047,0.0,0.4999999998762143,0.9999999997524286,1.1666666663778333,0.1666666666254047,0.9999999997524286,0.0,0.0,0.18206097539332852,0.0
1785.0,2635.1666666666665,7482.177811966455,0.35219246760644624,4646.166666666667,827.3333333333334,483.33333333333337,3335.5,5215.576514074748,556.8333333333334,270.5,336.5,146.83333333333334,906.6666666666666,393.0,310.0,1725.8333333333333,0.0,0.0,331.4099315816115,237.9999158264704
1786.0,186.33333333333331,483.48376649795495,0.3853972899297364,2513.0,340.5,138.5,2034.0,2652.7292544716474,235.16666666666663,105.33333333333331,46.333333333333336,92.16666666666669,620.6666666666666,332.5,145.16666666666666,935.6666666666666,0.0,0.0,122.89577299516198,16.83348147648535
1787.0,744.1666666666666,1814.3565600580805,0.4101545876091989,1887.333333333333,507.0,157.66666666666666,1222.6666666666663,2074.274839590791,398.1666666666667,108.83333333333331,12.666666666666666,145.0,215.33333333333331,242.66666666666663,110.0,654.6666666666666,0.0,0.0,119.77488520111352,67.16662105634381
1788.0,642.6666666666666,1342.2676394582852,0.47879174597849594,0.0,0.0,0.0,0.0,90.25095762576856,0.0,0.0,0.0,0.0,0.0,0.0,0.0,0.0,0.0,0.0,32.2509569286984,58.00000069707017
1789.0,848.1666666666666,1788.26828767538,0.474294977164317,1094.1666666666667,269.5,9.166666666666668,815.5,1259.2400794131393,110.16666666666669,159.33333333333334,2.0,7.166666666666667,43.833333333333336,27.33333333333333,169.33333333333334,575.0,0.0,0.0,88.40676546619194,76.66664728028071
1790.0,0.0,0.0,0.0,4798.5000032290745,221.83333348261252,860.6666672458387,3716.0000025006234,5016.905058468204,153.66666677007422,68.16666671253834,15.166666676872834,845.5000005689658,1344.8333342383175,869.8333339186739,65.50000004407718,1435.8333342995545,0.0,0.0,218.4050552391283,0.0
1791.0,159.0,290.20265940214864,0.5478929804694367,1369.5,195.3333333333333,338.33333333333337,835.8333333333333,1455.2195417297469,129.0,66.33333333333333,211.33333333333331,127.0,242.66666666666663,125.5,97.0,370.6666666666667,0.0,0.0,71.2195966728457,14.499945056901195
1792.0,1069.6666666666667,1546.565792824954,0.6916399364509516,1837.3333333333333,404.6666666666666,176.66666666666669,1256.0,2066.201081184234,298.3333333333333,106.33333333333331,74.5,102.16666666666669,494.5,90.83333333333331,80.0,590.6666666666666,0.0,0.0,132.20097558919358,96.66677226170776
1793.0,430.6666666666667,815.8177366202816,0.5278956896068544,623.3333333333333,72.66666666666666,30.0,520.6666666666666,710.3067371130998,44.66666666666666,28.0,2.0,28.0,105.16666666666669,103.83333333333331,24.83333333333333,286.8333333333333,0.0,0.0,47.97340331104698,39.0000004687196
1794.0,810.0,1671.0501594480518,0.48472512654410277,311.49999999999994,10.666666666666668,10.166666666666668,290.66666666666663,435.8820640378598,6.0,4.666666666666667,1.3333333333333333,8.833333333333334,70.33333333333333,54.5,47.333333333333336,118.5,0.0,0.0,51.04863697848714,73.33342705937262
1795.0,898.8333333333334,1961.2730335908448,0.45829077233967896,1151.3333333333337,634.1666666666667,24.166666666666664,493.0,1360.7911690471867,379.1666666666667,255.0,9.5,14.666666666666666,140.5,34.0,29.0,289.5,0.0,0.0,128.2907270876022,81.16710862625105
1796.0,953.3333333333334,1869.0224970474417,0.5100705501615665,214.66666666666663,25.0,15.333333333333332,174.33333333333331,353.82960265195726,14.666666666666666,10.333333333333334,8.0,7.333333333333333,55.16666666666666,23.33333333333333,20.83333333333333,75.0,0.0,0.0,53.162859514402165,86.0000764708884
1797.0,1091.999999924117,2214.595580608607,0.4930922871362443,0.0,0.0,0.0,0.0,148.70264747417698,0.0,0.0,0.0,0.0,0.0,0.0,0.0,0.0,0.0,0.0,49.70264629122983,99.00000118294717
1798.0,0.0,0.0,0.0,1212.5,657.1666666666666,22.333333333333336,533.0,1267.687217286644,507.0,150.16666666666666,2.6666666666666665,19.666666666666668,86.0,67.33333333333333,29.83333333333333,349.8333333333333,0.0,0.0,55.18721728664406,0.0
1799.0,734.8333333333334,1572.350050040891,0.467347161857643,353.8333333333333,57.5,23.5,272.8333333333333,469.74197735756405,38.16666666666666,19.33333333333333,14.833333333333334,8.666666666666666,74.83333333333333,35.333333333333336,34.5,128.16666666666666,0.0,0.0,49.5753011810774,66.33334284315333
1800.0,446.1666666666667,1090.0007261867124,0.40932694442098955,2964.5,473.0,217.83333333333331,2273.6666666666665,3159.993915070745,321.3333333333333,151.66666666666666,167.33333333333334,50.5,441.8333333333333,230.33333333333331,640.1666666666666,961.3333333333334,0.0,0.0,155.16038978330178,40.33352528744325
1801.0,1052.3333333333333,1823.754413921991,0.5770148246387441,890.0000000000001,212.16666666666669,70.16666666666666,607.6666666666667,1073.5806950179012,69.16666666666667,143.0,8.5,61.66666666666666,123.33333333333331,114.16666666666669,54.66666666666666,315.5,0.0,0.0,88.41404751452143,95.16664750337982
1802.0,670.1666666666666,1200.7151926164072,0.5581395744700675,2028.0,459.5,139.16666666666666,1429.3333333333333,2211.3024553684736,320.0,139.5,78.0,61.16666666666666,235.16666666666663,200.5,211.5,782.1666666666666,0.0,0.0,122.80244884299788,60.50000652547593
1803.0,622.3333333333334,1286.5808331193527,0.4837110248444072,684.1666666666666,99.5,40.0,544.6666666666666,802.6325768940447,73.16666666666667,26.33333333333333,11.666666666666666,28.33333333333333,76.16666666666667,67.5,190.83333333333331,210.16666666666663,0.0,0.0,62.46590955434488,56.00000067303327
1804.0,408.33333330461033,892.5767463279949,0.4574770012600801,135.66666665712359,26.833333331445818,9.833333332641638,98.99999999303614,201.42723358114918,22.833333331727186,3.999999999718632,6.166666666232891,3.666666666408746,32.166666664404,9.833333332641638,16.999999998804185,39.99999999718632,0.0,0.0,28.760566481945517,37.000000442080044
1805.0,455.0,1130.7029353561484,0.4024045447946806,208.3333333333333,13.166666666666668,5.833333333333333,189.3333333333333,279.692173068183,6.166666666666667,7.0,3.6666666666666665,2.1666666666666665,12.833333333333334,150.66666666666666,5.666666666666667,20.166666666666668,0.0,0.0,30.192166773077755,41.16667296177196
1806.0,1140.1666666666667,2473.7612823187133,0.46090407947446016,485.83333333333326,170.0,22.166666666666668,293.66666666666663,673.6821644483291,136.0,34.0,13.333333333333334,8.833333333333334,48.5,18.666666666666668,33.333333333333336,193.16666666666663,0.0,0.0,85.01550234772675,102.83332876726894
1807.0,475.6666666666667,1029.242997026828,0.46215195832347067,484.0,12.333333333333334,3.5,468.1666666666666,570.6805071363856,8.833333333333334,3.5,0.3333333333333333,3.1666666666666665,202.0,101.5,30.33333333333333,134.33333333333334,0.0,0.0,43.68050661959219,43.0000005167934
1808.0,1306.1666683007754,3375.482084744842,0.38695707324410544,2090.166669281616,265.33333366528444,89.66666677884612,1735.1666688374853,2362.7986486169452,168.00000021018013,97.33333345510434,35.00000004378752,54.6666667350586,426.1666671998319,378.666667140406,99.33333345760649,831.0000010396409,0.0,0.0,154.6325261219489,117.99945321338056
1809.0,1470.6666666666667,3376.6402551765823,0.4355414126251829,272.0,18.666666666666668,45.333333333333336,208.0,483.9852250638246,11.0,7.666666666666667,3.8333333333333335,41.5,35.166666666666664,46.0,6.166666666666667,120.66666666666669,0.0,0.0,79.31858871480422,132.6666363490204
1810.0,284.1666666666667,368.9406684345227,0.7702232119663945,219.3333333333333,12.0,83.16666666666666,124.16666666666666,268.2493381990424,9.0,3.0,8.833333333333334,74.33333333333333,18.5,58.66666666666666,6.333333333333333,40.66666666666666,0.0,0.0,22.91600455322936,26.00000031247973
1811.0,323.0,646.4125162237713,0.49968091875279497,294.8333333333333,2.333333333333333,12.5,280.0,351.9539085827656,2.0,0.3333333333333333,2.0,10.5,2.333333333333333,250.0,18.33333333333333,9.333333333333334,0.0,0.0,28.12057490089718,29.000000348535085
1812.0,263.9999998347685,602.7209149408683,0.4380136698270526,321.9999997984677,76.1666666189957,40.166666641527286,205.66666653794462,372.50580691306266,50.166666635268506,25.999999983727204,3.333333331247077,36.83333331028021,27.99999998247545,39.99999997496493,12.833333325301249,124.83333325520303,0.0,0.0,26.672453202695838,23.83335391189913
1813.0,807.1666666666666,1616.4371795566676,0.49934923353349514,349.5,49.0,35.33333333333333,265.1666666666667,475.14613928578666,41.0,8.0,2.1666666666666665,33.166666666666664,58.833333333333336,48.5,6.0,151.83333333333334,0.0,0.0,52.64613840843969,73.00000087734695
1814.0,516.8333333333334,1428.0555118649725,0.36191403558141355,644.0,111.33333333333331,76.5,456.1666666666666,743.6684056457168,86.0,25.33333333333333,15.666666666666666,60.833333333333336,69.5,127.33333333333331,26.5,232.83333333333331,0.0,0.0,52.83507754986499,46.83332809585176
1815.0,559.3333333333334,1104.2008648880917,0.5065503488715529,424.6666666666666,57.5,123.16666666666666,244.0,519.7740747879263,48.16666666666666,9.333333333333334,92.83333333333331,30.33333333333333,54.833333333333336,48.5,19.33333333333333,121.33333333333331,0.0,0.0,44.774053875197104,50.33335424606258
1816.0,505.83333325457977,1074.3523425152105,0.47082629528256303,111.99999998256264,2.999999999532928,1.9999999996886186,106.9999999833411,185.95384174276802,2.166666666329337,0.8333333332035912,0.0,1.9999999996886186,6.49999999898801,5.166666665862265,79.49999998762259,15.833333330868232,0.0,0.0,28.1205252894176,45.83331647078779
1817.0,272.6666666666667,683.2143847361185,0.3990938609584167,469.1666666666666,102.66666666666669,25.33333333333333,341.16666666666663,527.7648272416174,82.66666666666667,20.0,4.833333333333333,20.5,63.16666666666666,51.16666666666666,15.0,211.83333333333331,0.0,0.0,33.76480373580029,24.83335683915041
1818.0,222.5,521.0141873526873,0.4270517106847693,555.8333333333334,55.5,141.66666666666666,358.6666666666667,611.259806510501,40.0,15.5,37.16666666666666,104.5,66.66666666666667,69.5,23.166666666666668,199.33333333333331,0.0,0.0,35.42647293679867,20.000000240369022
1819.0,278.0,681.9501738239572,0.4076544162180456,0.0,0.0,0.0,0.0,38.65567969704015,0.0,0.0,0.0,0.0,0.0,0.0,0.0,0.0,1.0025946230973994,0.0,12.653084773481469,25.00000030046128
1820.0,340.0,732.8708610218949,0.4639289376656528,80.33333333333334,7.833333333333334,5.833333333333333,66.66666666666667,130.46482628163284,5.166666666666667,2.6666666666666665,0.8333333333333334,5.0,18.166666666666668,6.166666666666667,2.833333333333333,39.5,0.0,0.0,19.13149257572751,31.00000037257199
1821.0,126.0,316.46020829008216,0.39815432303736126,406.8333333333333,30.5,18.83333333333333,357.5,442.085898812397,24.33333333333333,6.166666666666667,15.166666666666666,3.6666666666666665,6.666666666666667,48.333333333333336,3.8333333333333335,298.6666666666667,0.0,0.0,24.25256534686073,11.000000132202963
1822.0,429.8333333333333,873.3716646005968,0.4921539715052482,314.8333333333333,13.5,20.0,281.3333333333333,397.7281185963368,7.0,6.5,3.5,16.5,49.66666666666666,25.666666666666668,87.16666666666667,118.83333333333331,0.0,0.0,43.894784794283886,39.0000004687196
1823.0,579.3333333333334,1301.218687524875,0.44522364986574053,928.0,166.16666666666666,165.5,596.3333333333333,1048.7734710205973,131.66666666666666,34.5,4.333333333333333,161.16666666666666,121.66666666666669,95.0,111.33333333333331,268.3333333333333,0.0,0.0,68.60677761521956,52.16669340537764
1824.0,1049.8333333333333,2239.027669172676,0.46887912453589653,986.3333333333334,77.33333333333334,92.0,817.0,1182.6755132133308,55.333333333333336,22.0,23.166666666666668,68.83333333333333,154.83333333333334,162.33333333333334,160.0,339.8333333333333,0.0,0.0,101.6755149799738,94.66666490002385
1825.0,1425.1666666666667,2789.50636653024,0.510902819139064,371.1666666666666,29.5,30.33333333333333,311.3333333333333,606.5892110627076,16.666666666666668,12.833333333333334,22.5,7.833333333333333,64.83333333333333,38.0,42.333333333333336,166.16666666666666,0.0,0.0,106.75589938960132,128.6666450064396
1826.0,56.333333333333336,116.46219696855024,0.48370488278308654,9661.0,503.5,699.5,8458.0,10108.437215294663,329.0,174.5,131.16666666666666,568.3333333333334,3256.333333333333,870.5,607.3333333333334,3723.8333333333335,0.0,0.0,442.270487647232,5.166727647432971
1827.0,514.1666666666666,1109.8180319427572,0.46328916260858394,147.83333333333331,40.5,6.666666666666667,100.66666666666666,289.3063949976895,10.833333333333334,29.666666666666668,5.5,1.1666666666666667,25.83333333333333,14.666666666666666,7.5,52.66666666666666,0.0,0.0,95.13970456443592,46.33335709992023
1828.0,2346.6666666666665,4976.600882134485,0.47154005761060175,2748.333333333333,336.66666666666663,186.16666666666663,2225.5,3192.145936922702,218.16666666666663,118.5,144.0,42.16666666666666,633.5,281.0,277.1666666666667,1033.8333333333333,0.0,0.0,231.98017566568615,211.83242792368264
1829.0,964.3333328832387,1971.4120667480101,0.48915868435054155,361.1666664980951,12.666666660754602,17.333333325243142,331.1666665120973,530.6682415679054,10.99999999486584,1.6666666658887637,1.4999999992998871,15.833333325943254,104.66666661781437,89.83333329140434,44.49999997922999,92.16666662364864,0.0,0.0,82.33493640107982,87.16663866873051
1830.0,0.0,0.0,0.0,3734.666666666667,215.66666666666663,195.66666666666669,3323.333333333333,3904.6513661744334,162.66666666666666,53.0,21.33333333333333,174.33333333333334,1084.5,378.0,126.16666666666669,1734.6666666666667,0.0,0.0,169.98469950776732,0.0
1831.0,1269.0,2927.9968083365766,0.4334021117737936,229.16666666666669,23.666666666666668,15.833333333333332,189.66666666666669,416.8554674395364,17.166666666666668,6.5,10.0,5.833333333333333,79.16666666666667,25.666666666666668,29.83333333333333,55.0,0.0,0.0,73.18881970740206,114.49998106546772
1832.0,0.0,0.0,0.0,6101.833333333332,1395.6666666666663,319.0,4387.166666666666,6379.124048683158,988.6666666666666,407.0,196.66666666666663,122.33333333333331,1272.5,696.1666666666666,500.0,1918.5,0.0,0.0,277.2907153498252,0.0
1833.0,737.6666666666666,1742.2443205317495,0.4234002418452561,517.1666666666666,40.83333333333333,12.333333333333332,464.0,640.7803850101839,24.0,16.833333333333332,7.5,4.833333333333333,120.0,108.16666666666669,81.0,154.83333333333334,0.0,0.0,57.11373494694353,66.49998339657378
1834.0,982.8333333333334,2276.5937410421006,0.4317122179574498,355.83333333333337,23.166666666666664,32.0,300.6666666666667,518.5969114303559,15.0,8.166666666666666,5.666666666666667,26.33333333333333,67.33333333333333,39.5,20.0,173.83333333333334,0.0,0.0,73.93026980779861,88.83330828922401
1835.0,739.5,1664.9137910081256,0.444167141862777,1407.3333333333333,236.5,50.16666666666667,1120.6666666666663,1576.879705884277,157.5,79.0,13.333333333333334,36.833333333333336,117.83333333333331,462.3333333333333,91.16666666666669,449.3333333333333,0.0,0.0,102.7130152070184,66.83335734392536
1836.0,992.8333333333334,2073.597803102331,0.4787974465674805,21.0,0.0,0.0,21.0,161.8107870100009,0.0,0.0,0.0,0.0,20.83333333333333,0.0,0.1666666666666666,0.0,0.0,0.0,51.144142472280855,89.66664453772
1837.0,497.0,1050.3309259316172,0.4731842010261418,67.0,6.0,5.0,56.0,144.6731329837307,3.5,2.5,0.3333333333333333,4.666666666666667,5.166666666666667,5.166666666666667,30.33333333333333,15.333333333333334,1.0025946230973994,0.0,31.670537819803016,45.00000054083031
1838.0,266.1666666666667,552.8473767708034,0.48144691980154347,65.0,1.3333333333333333,7.166666666666667,56.5,104.07298398681246,1.3333333333333333,0.0,0.0,7.166666666666667,3.8333333333333335,7.166666666666667,34.166666666666664,11.333333333333334,0.0,0.0,15.072983698369631,24.00000028844283
1839.0,170.0,348.63274319180954,0.4876191445577158,63.0,2.166666666666667,25.666666666666668,35.166666666666664,92.78216482581568,1.0,1.1666666666666667,24.5,1.1666666666666667,4.666666666666667,6.5,10.333333333333334,13.666666666666666,4.010378492389599,0.0,10.60509337273114,15.166692960694938
1840.0,789.666665448316,1565.5712092537858,0.5043952397570616,166.99999974234126,0.1666666664095221,3.1666666617809214,163.6666664141508,281.54271316142353,0.0,0.1666666664095221,0.999999998457133,2.166666663323788,0.3333333328190443,136.99999978862724,0.0,26.3333332927045,0.0,0.0,43.542712675315855,71.00000074376649
1841.0,1396.3333333333333,3135.994334106062,0.4452601582047718,665.0,248.5,218.8333333333333,197.66666666666663,887.822344004495,18.83333333333333,229.66666666666663,205.66666666666663,13.166666666666666,49.5,47.16666666666666,10.5,90.5,0.0,0.0,96.82234249017024,126.00000151432486
1842.0,1211.8333333333333,2592.8566130141257,0.467373832880257,70.0,0.0,16.833333333333336,53.16666666666667,241.8422606096094,0.0,0.0,12.833333333333334,4.0,20.666666666666668,5.166666666666667,6.0,21.33333333333333,0.0,0.0,62.34228540173527,109.49997520787416
1843.0,440.0,1114.8255874647564,0.3946805715148783,1.0,0.0,0.0,1.0,61.07235470868534,0.0,0.0,0.0,0.0,1.0,0.0,0.0,0.0,0.0,0.0,20.072354227947287,40.00000048073805
1844.0,462.4999992487051,986.0779867888359,0.4690298388617688,69.9999998862905,4.166666659898244,0.9999999983755785,64.83333322801667,139.0705217852713,4.166666659898244,0.0,0.9999999983755785,0.0,26.833333289744687,2.166666663147087,10.999999982131364,24.83333329299353,0.0,0.0,27.23716782378779,41.83335407519299
1845.0,728.8333333333334,1764.289606046041,0.41310300238447006,10.0,0.0,0.0,10.0,114.4621388365575,0.0,0.0,0.0,0.0,0.0,0.0,10.0,0.0,0.0,0.0,38.62878440496667,65.83335443159082
1846.0,1157.6666666666667,2483.042545827622,0.4662290900379258,333.0,97.83333333333331,113.83333333333334,121.33333333333334,517.3495092748077,90.5,7.333333333333333,106.66666666666669,7.166666666666667,10.166666666666666,66.5,4.5,40.16666666666666,0.0,0.0,79.84947320513967,104.500036069668
1847.0,910.1666666666666,1996.789848403283,0.45581495087952,119.83333333333334,0.5,40.66666666666666,78.66666666666667,261.7152868225171,0.3333333333333333,0.1666666666666666,0.0,40.66666666666666,22.33333333333333,0.1666666666666666,32.0,24.166666666666668,0.0,0.0,59.88195540398687,81.99999808519692
1848.0,274.8333333333333,571.4841016164349,0.4809115993882787,53.66666666666666,10.5,1.1666666666666667,42.0,93.46241384895808,7.666666666666667,2.833333333333333,0.3333333333333333,0.8333333333333334,12.166666666666666,2.5,1.3333333333333333,26.0,0.0,0.0,14.96232362062271,24.833423561668692
1849.0,287.3333333333333,595.5551470383502,0.48246301750932685,1351.8333333333333,185.33333333333331,25.0,1141.5,1452.4386080544775,42.833333333333336,142.5,9.833333333333334,15.166666666666666,339.8333333333333,37.833333333333336,210.83333333333331,553.0,0.0,0.0,74.6052744086645,26.00000031247973
1850.0,507.8333333333333,1048.7165766339056,0.48424268734584125,135.66666666666666,20.666666666666664,8.833333333333334,106.16666666666666,210.95572265917824,16.333333333333332,4.333333333333333,0.3333333333333333,8.5,25.5,22.83333333333333,9.833333333333334,48.0,0.0,0.0,29.289055439662857,46.00000055284875
1851.0,202.5,408.02317681651374,0.49629533689715716,137.33333333333331,43.5,1.0,92.83333333333331,170.96716348566997,4.166666666666667,39.333333333333336,0.0,1.0,3.1666666666666665,73.0,0.8333333333333334,15.833333333333334,0.0,0.0,15.46718357437758,18.16664657795908
1852.0,1221.5,2902.279401655234,0.4208760877065632,862.8333333333333,101.33333333333334,43.66666666666667,717.8333333333333,1087.8687124251226,69.66666666666667,31.666666666666668,5.333333333333333,38.333333333333336,135.66666666666666,199.16666666666663,98.16666666666669,284.8333333333333,0.0,0.0,114.8687169050378,110.16666218675152
1853.0,1585.5,3299.7617174402617,0.48048924006243904,1256.8333333333333,165.66666666666666,46.16666666666666,1045.0,1564.366067661587,69.33333333333333,96.33333333333331,7.666666666666667,38.5,237.0,138.5,195.83333333333331,473.6666666666667,0.0,0.0,164.36606014059973,143.16667418765397
1854.0,809.5,1905.580010501315,0.4248050438916175,216.33333333333331,24.166666666666664,73.66666666666667,118.5,353.02331295930645,19.33333333333333,4.833333333333333,44.5,29.166666666666668,18.666666666666668,10.5,14.333333333333334,75.0,0.0,0.0,63.68997874862617,73.00000087734695
1855.0,347.3333333333333,824.2330387397691,0.4214018572519211,0.0,0.0,0.0,0.0,48.31134479577448,0.0,0.0,0.0,0.0,0.0,0.0,0.0,0.0,1.0025946230973994,0.0,15.80872658313482,31.500023589542256
1856.0,485.8333333333333,1135.5152052954638,0.4278527764909306,722.1666666666666,79.16666666666666,71.0,572.0,821.1487369271272,43.0,36.16666666666666,22.5,48.5,133.33333333333334,93.5,102.0,243.16666666666663,0.0,0.0,54.98206973164872,44.00000052881185
1857.0,815.0,1710.291565473838,0.4765269363730993,111.0,0.0,0.0,111.0,264.6472008709899,0.0,0.0,0.0,0.0,0.3333333333333333,99.66666666666669,11.0,0.0,0.0,0.0,80.14718838258231,73.50001248840753
1858.0,514.3333333333334,1257.8723759807292,0.4088915085143845,231.66666666666669,37.16666666666667,12.166666666666668,182.33333333333331,314.7868187041252,36.833333333333336,0.3333333333333333,9.333333333333334,2.833333333333333,49.833333333333336,57.5,34.666666666666664,40.333333333333336,0.0,0.0,36.95350512298277,46.16664691447571
1859.0,889.5,1930.4288253154016,0.460778448982531,284.83333333333337,28.33333333333333,17.333333333333332,239.16666666666669,418.4489062579616,21.83333333333333,6.5,0.5,16.833333333333332,24.83333333333333,76.66666666666667,5.666666666666667,132.0,0.0,0.0,53.44892559071862,80.16664733390957
1860.0,1085.1666666666667,2431.5739791048395,0.44628157563446225,221.0,0.5,1.3333333333333337,219.16666666666663,394.4510692363529,0.3333333333333333,0.1666666666666666,1.1666666666666667,0.1666666666666666,0.3333333333333333,2.333333333333333,0.0,216.5,0.0,0.0,75.45105355544977,98.00001568090312
1861.0,0.0,0.0,0.0,4511.0,360.0,838.1666666666667,3312.833333333333,4716.32470923727,292.5,67.5,391.1666666666667,447.0,1381.6666666666667,374.0,98.0,1459.1666666666667,0.0,0.0,205.32470923727067,0.0
1862.0,857.6666666666666,1925.5811544854416,0.4454066579685936,866.0,85.0,224.0,557.0,1021.7812782511704,55.333333333333336,29.666666666666668,69.0,155.0,83.83333333333333,70.33333333333333,44.333333333333336,358.5,0.0,0.0,78.44791785543788,77.3333603957325
1863.0,383.5,778.6113687156594,0.49254354021646723,1137.3333333333333,203.3333333333333,62.0,872.0,1241.5655121243233,122.83333333333331,80.5,37.5,24.5,230.0,103.0,95.16666666666669,443.8333333333333,0.0,0.0,69.23217837034417,35.0000004206458
1864.0,665.5,1609.2163286856,0.4135553363068203,229.5,30.166666666666664,40.5,158.83333333333334,330.4025410400583,20.5,9.666666666666666,3.8333333333333335,36.66666666666666,21.83333333333333,31.83333333333333,10.0,95.16666666666669,0.0,0.0,40.73587945422936,60.16666158582893
1865.0,531.1666666666666,1107.15021013997,0.47976025457242566,194.8333333333333,31.166666666666668,11.333333333333334,152.33333333333331,275.8769327263656,25.0,6.166666666666667,2.0,9.333333333333334,39.5,30.0,5.0,77.83333333333333,0.0,0.0,33.04359881614666,48.00000057688566
1866.0,1056.6666666666667,2035.6029961497256,0.5190927055350754,912.1666666666669,117.33333333333334,81.66666666666667,713.1666666666667,1097.112284283835,60.833333333333336,56.5,27.83333333333333,53.833333333333336,162.5,94.83333333333331,98.16666666666669,357.6666666666667,0.0,0.0,89.61228023368629,95.33333738348192
1867.0,351.0,904.3266920242396,0.3881340704588998,193.66666666666663,11.5,9.833333333333334,172.33333333333331,250.291615601638,8.833333333333334,2.6666666666666665,1.3333333333333333,8.5,52.833333333333336,38.66666666666666,12.333333333333334,68.5,0.0,0.0,24.7915949120078,31.833354022963487
1868.0,629.3333333333334,1622.0884990613804,0.38797718724810415,129.0,0.0,0.3333333333333333,128.66666666666666,223.34869758683624,0.0,0.0,0.0,0.3333333333333333,7.0,60.0,1.0,60.66666666666666,0.0,0.0,37.51538968220269,56.83330790463355
1869.0,389.0,1055.8599437318724,0.3684200753227775,0.0,0.0,0.0,0.0,55.70553266628988,0.0,0.0,0.0,0.0,0.0,0.0,0.0,0.0,0.0,0.0,20.705532245644083,35.0000004206458
1870.0,504.5,1105.132989390749,0.45650614436740944,1964.3333333333333,206.5,503.5,1254.3333333333337,2126.7153065441157,186.0,20.5,247.0,256.5,336.6666666666667,415.8333333333333,81.83333333333333,420.0,0.0,0.0,117.2153350030107,45.16663820777148
1871.0,0.0,0.0,0.0,768.3333333333334,235.66666666666669,301.5,231.16666666666663,803.3042117371602,228.33333333333331,7.333333333333333,181.0,120.5,80.66666666666667,12.333333333333334,6.0,132.16666666666666,0.0,0.0,34.97087840382682,0.0
1872.0,123.0,308.2343815091633,0.3990469830061557,3671.0,496.6666666666666,178.16666666666669,2996.1666666666665,3855.031538282525,307.8333333333333,188.83333333333331,76.5,101.66666666666669,737.0,370.5,347.3333333333333,1541.3333333333333,0.0,0.0,172.69827444396353,11.333263838561855
1873.0,478.6666666666667,1219.4816348104755,0.3925165029164692,3222.166666666667,387.6666666666667,110.66666666666669,2723.833333333333,3462.713437086463,265.1666666666667,122.5,22.5,88.16666666666667,645.8333333333334,159.33333333333334,183.16666666666663,1735.5,0.0,0.0,197.37991757167492,43.16685284812081
1874.0,182.5,443.6696098760717,0.41134212471973663,446.1666666666667,80.33333333333334,34.666666666666664,331.1666666666667,491.2849278276462,60.333333333333336,20.0,13.833333333333334,20.83333333333333,103.0,48.0,35.333333333333336,144.83333333333334,0.0,0.0,28.61831028102466,16.499950879954902
1875.0,156.16666666666666,360.5693658561582,0.43311129966866396,140.0,0.5,51.33333333333333,88.16666666666666,167.4799816037216,0.3333333333333333,0.1666666666666666,0.1666666666666666,51.16666666666666,0.1666666666666666,78.33333333333333,0.3333333333333333,9.333333333333334,0.0,0.0,13.4799814354633,14.000000168258318
1876.0,170.16666666666666,411.291733115358,0.41373714316533267,320.16666666666663,64.33333333333333,15.333333333333334,240.5,357.9816357991003,43.5,20.83333333333333,8.833333333333334,6.5,58.16666666666666,33.0,32.166666666666664,117.16666666666669,0.0,0.0,22.31499215710869,15.49997697532495
1877.0,545.6666666666666,1412.6956318610044,0.3862591873012565,877.3333333333334,130.16666666666669,76.66666666666666,670.5,994.1007514981962,91.16666666666669,39.0,14.0,62.66666666666666,107.5,166.83333333333334,73.16666666666667,323.0,0.0,0.0,67.76741757595885,49.00000058890411
1878.0,668.8333333333334,1479.3460158526132,0.4521141951687718,926.5,98.33333333333331,69.0,759.1666666666667,1059.111721911033,40.66666666666666,57.66666666666666,4.0,65.0,125.33333333333331,225.33333333333331,17.5,391.0,0.0,0.0,72.61172118992614,60.00000072110708
1879.0,670.1666666666666,1395.2864958931368,0.4803075702654789,1026.0,163.66666666666669,45.0,817.3333333333334,1163.701069910157,99.16666666666669,64.5,11.333333333333334,33.666666666666664,123.16666666666669,131.5,118.5,444.1666666666667,0.0,0.0,77.20107788777588,60.49999202238103
1880.0,512.5,1234.3814273310268,0.4151877115553536,2582.333333333333,973.1666666666666,62.66666666666667,1546.5,2769.3645618831547,735.6666666666666,237.5,9.333333333333334,53.333333333333336,228.33333333333331,154.16666666666666,66.33333333333333,1097.6666666666667,0.0,0.0,140.864526518637,46.16670203118489
1881.0,497.8333333333333,1120.0111838731584,0.444489609123147,688.6666666666666,111.16666666666666,15.5,562.0,787.6709272494651,50.66666666666666,60.5,1.8333333333333333,13.666666666666666,91.33333333333331,57.333333333333336,178.16666666666666,235.16666666666663,0.0,0.0,54.00426004196812,45.00000054083031
1882.0,578.0,1384.7769023268422,0.41739575452824634,0.0,0.0,0.0,0.0,78.6416271377212,0.0,0.0,0.0,0.0,0.0,0.0,0.0,0.0,0.0,0.0,26.30832218672901,52.33330495099219
1883.0,2012.3333333333333,4520.686567079952,0.44513887514063166,901.6666666666669,237.0,130.5,534.1666666666667,1223.1311293676038,153.16666666666666,83.83333333333333,27.666666666666668,102.83333333333331,97.66666666666669,108.66666666666669,104.33333333333331,223.5,0.0,0.0,139.63115329399722,181.83330940693995
1884.0,438.6666666666667,1050.3817071806482,0.41762595794256663,80.0,0.1666666666666666,0.1666666666666666,79.66666666666667,143.27407459899877,0.0,0.1666666666666666,0.0,0.1666666666666666,0.1666666666666666,79.5,0.0,0.0,0.0,0.0,23.607392948903144,39.66668165009564
1885.0,659.3333333333334,1123.1608248612793,0.5870337699988487,1343.5,149.83333333333331,233.0,960.6666666666666,1495.330500554059,131.16666666666666,18.666666666666668,89.16666666666667,143.83333333333334,326.5,30.83333333333333,99.83333333333331,503.5,1.0025946230973994,0.0,91.16127045928808,59.66663547167345
1886.0,107.66666666666669,304.01855946617314,0.35414504580154194,3206.833333333333,339.6666666666667,157.16666666666666,2710.0,3367.518012809894,227.83333333333331,111.83333333333331,81.83333333333333,75.33333333333333,660.5,517.0,194.0,1338.5,0.0,0.0,150.8511690997279,9.833510376833098
1887.0,238.33333333333331,466.51302822927227,0.5108824811130508,3522.0,154.0,1464.5,1903.5,3714.688939022774,103.16666666666669,50.833333333333336,1364.1666666666667,100.33333333333331,386.5,294.5,84.83333333333333,1137.6666666666667,0.0,0.0,171.18893005964162,21.50000896313197
1888.0,63.333333333333336,168.26881766623504,0.376381876403009,1853.1666666666663,110.66666666666666,88.83333333333333,1653.6666666666663,1986.603840775381,77.5,33.166666666666664,5.333333333333333,83.5,279.3333333333333,389.5,25.0,959.8333333333334,0.0,40.36322360918956,87.24072732749836,5.833223172026455
1889.0,280.3333333333333,680.1742852343162,0.4121492673554397,0.0,0.0,0.0,0.0,37.75948185398777,0.0,0.0,0.0,0.0,0.0,0.0,0.0,0.0,0.0,0.0,12.759481553526491,25.00000030046128
1890.0,622.1666666666666,1333.340136480362,0.4666226191232864,1191.5,224.5,78.66666666666667,888.3333333333333,1341.2161155778415,161.66666666666666,62.833333333333336,41.333333333333336,37.333333333333336,129.5,167.16666666666666,88.16666666666667,503.5,0.0,0.0,93.54942212439028,56.16669345345144
1891.0,535.1666666666666,1377.6745162438583,0.38845653335140756,948.3333333333331,43.16666666666667,92.0,813.1666666666666,1064.0216009253704,28.666666666666668,14.5,8.0,84.0,163.66666666666666,205.5,163.5,280.5,0.0,0.0,67.52160325011336,48.1666643419236
1892.0,384.0,936.5824080137028,0.41000129482934067,1050.8333333333337,14.0,3.666666666666667,1033.1666666666667,1151.1402498921034,13.833333333333334,0.1666666666666666,1.3333333333333333,2.333333333333333,5.5,56.833333333333336,953.3333333333334,17.5,0.0,0.0,65.306916138124,35.0000004206458
1893.0,333.3333333333333,784.4593669800189,0.42492109516976895,1065.3333333333333,53.16666666666667,42.16666666666666,970.0,1158.9940889761438,25.5,27.666666666666668,3.5,38.66666666666666,131.16666666666666,579.8333333333334,65.83333333333333,193.16666666666663,0.0,0.0,63.66075528225669,30.00000036055354
1894.0,747.1666666666666,1533.6610205116506,0.4871784942525314,726.1666666666666,192.0,30.166666666666664,504.0,860.7329264396685,102.5,89.5,10.166666666666666,20.0,98.5,99.66666666666669,45.16666666666666,260.6666666666667,0.0,0.0,67.06625315420628,67.50000661879552
1895.0,613.6666666666666,1547.4188797386198,0.3965743695529444,586.3333333333333,38.66666666666666,29.0,518.6666666666666,696.6295437233135,23.83333333333333,14.833333333333334,3.333333333333333,25.666666666666668,94.0,52.333333333333336,27.5,344.8333333333333,0.0,0.0,54.62949663956868,55.666713750411525
1896.0,507.6666666666667,1170.912538017009,0.43356497619064027,0.0,0.0,0.0,0.0,73.93955350946908,0.0,0.0,0.0,0.0,0.0,0.0,0.0,0.0,0.0,0.0,28.106225425635785,45.8333280838333
1897.0,656.8333333333334,1357.9285536457962,0.4837024242327425,5636.5,152.16666666666669,274.5,5209.833333333333,6007.475205054124,72.0,80.16666666666667,51.66666666666666,222.83333333333331,2077.6666666666665,655.0,61.0,2416.1666666666665,0.0,0.0,311.47522755008777,59.499977504036224
1898.0,1264.5,2422.6622937949883,0.52194645668886,549.0,35.666666666666664,5.833333333333334,507.50000000000006,745.5301222877268,25.33333333333333,10.333333333333334,3.5,2.333333333333333,27.666666666666668,10.5,357.6666666666667,111.66666666666669,0.0,0.0,82.53017311250547,113.99994917522136
1899.0,335.166667173498,729.6564700705384,0.459348585151443,430.00000065023613,94.00000014214464,26.833333373910087,309.1666671341814,494.9934557374522,75.50000011416937,18.500000027975275,10.166666682040466,16.66666669186962,46.50000007031623,48.33333340642189,34.333333385251414,180.00000027219187,0.0,0.0,34.82679381632337,30.166661270892725
1900.0,205.0,542.4768972926346,0.3778962772849928,30.833333333333336,0.3333333333333333,0.0,30.500000000000004,60.56730978248983,0.1666666666666666,0.1666666666666666,0.0,0.0,7.666666666666667,1.5,15.166666666666666,6.166666666666667,0.0,0.0,10.73397622080592,19.000000228350576
1901.0,518.8333333333334,1349.0131528979211,0.38460213098648205,394.0,18.0,13.833333333333334,362.1666666666666,488.5477462433946,10.666666666666666,7.333333333333333,2.0,11.833333333333334,32.166666666666664,97.5,108.16666666666669,124.33333333333331,0.0,0.0,47.54774567852747,47.00000056486721
1902.0,179.33333333333334,390.0803907882724,0.4597342946948384,305.83333333333337,30.666666666666664,24.666666666666668,250.50000000000003,344.2503080805768,28.83333333333333,1.8333333333333333,9.833333333333334,14.833333333333334,34.0,50.333333333333336,118.33333333333331,47.833333333333336,0.0,0.0,22.08358899411192,16.333385753131555
1903.0,871.6666666666666,2093.0959374939957,0.41644850150074264,13.0,0.0,8.666666666666666,4.333333333333333,134.93212832935887,0.0,0.0,8.666666666666666,0.0,0.0,0.0,4.0,0.3333333333333333,0.0,0.0,43.26546362163027,78.66666470772861
1904.0,1110.8333333333333,2326.6676316313888,0.47743533207381694,0.0,0.0,0.0,0.0,150.7265593808967,0.0,0.0,0.0,0.0,0.0,0.0,0.0,0.0,0.0,0.0,50.55988571003613,100.16667367086058
1905.0,792.1666666666666,1805.7220835484777,0.4386980000321847,93.0,0.0,0.0,93.0,251.9552574979398,0.0,0.0,0.0,0.0,0.0,93.0,0.0,0.0,0.0,0.0,87.28857256293763,71.66668493500217
1906.0,359.5,774.529720460973,0.4641526212655057,0.0,0.0,0.0,0.0,55.86205417428668,0.0,0.0,0.0,0.0,0.0,0.0,0.0,0.0,0.0,0.0,23.362074094331973,32.4999800799547
1907.0,402.5,910.3894174189855,0.44211849599604774,110.83333333333331,103.66666666666666,0.8333333333333334,6.333333333333333,184.53106251450677,1.8333333333333333,101.83333333333331,0.8333333333333334,0.0,0.6666666666666666,0.6666666666666666,1.0,4.0,0.0,0.0,37.36438960646404,36.33333957470937
1908.0,898.5,2320.117225858883,0.38726491488695564,4081.0,894.6666666666667,175.66666666666669,3010.6666666666665,4596.578524629019,535.0,359.6666666666667,40.333333333333336,135.33333333333334,648.6666666666666,375.1666666666667,209.5,1777.3333333333333,0.0,207.582292851377,226.9963149377521,80.99991683988965
1909.0,999.5,2492.181328124558,0.40105428474265714,209.0,30.5,14.666666666666668,163.83333333333331,354.36835478125283,22.83333333333333,7.666666666666667,9.5,5.166666666666667,51.0,24.33333333333333,12.833333333333334,75.66666666666667,0.0,0.0,55.034933337994175,90.33342144325864
1910.0,725.6666666666666,1753.7779424351893,0.41377340261164997,174.5,75.16666666666667,5.5,93.83333333333331,281.1377919306529,10.666666666666666,64.5,2.6666666666666665,2.833333333333333,6.166666666666667,5.666666666666667,3.5,78.5,0.0,0.0,40.97116799277844,65.66662393787446
1911.0,700.8333333333334,1463.1693973537313,0.4789830450259903,262.3333333333333,62.66666666666666,6.833333333333333,192.8333333333333,369.1713320335574,18.0,44.66666666666666,1.3333333333333333,5.5,14.333333333333334,69.5,5.0,104.0,0.0,0.0,43.83799794306167,63.00000075716243
1912.0,257.1666666666667,684.8933507192415,0.37548425079116743,0.0,0.0,0.0,0.0,34.704896711532975,0.0,0.0,0.0,0.0,0.0,0.0,0.0,0.0,0.0,0.0,11.7048964351086,23.000000276424377
1913.0,287.5,730.6590235522275,0.3934803933608705,210.8333333333333,82.66666666666666,9.833333333333332,118.33333333333334,259.51764013510734,24.5,58.16666666666666,2.0,7.833333333333333,22.666666666666668,21.666666666666668,10.833333333333334,63.16666666666666,0.0,0.0,22.68430648929429,26.00000031247973
1914.0,399.0,1083.6623707930069,0.3681958613253482,9.666666666666666,2.1666666666666665,0.3333333333333333,7.166666666666666,64.26966515034586,1.8333333333333333,0.3333333333333333,0.1666666666666666,0.1666666666666666,1.6666666666666667,0.8333333333333334,0.6666666666666666,4.0,0.0,0.0,18.60299805101495,36.000000432664244
1915.0,425.5,1010.5755418108516,0.4210471977557917,0.0,0.0,0.0,0.0,65.86673912814196,0.0,0.0,0.0,0.0,0.0,0.0,0.0,0.0,0.0,0.0,27.36675027048293,38.49998885765902
1916.0,574.1666666666666,1246.1278044926871,0.46076065761201473,100.0,6.666666666666667,8.0,85.33333333333334,211.3512326054464,4.166666666666667,2.5,0.0,8.0,17.666666666666668,19.666666666666668,2.1666666666666665,45.833333333333336,0.0,0.0,59.68458562562694,51.66664697981944
1917.0,352.16664439118205,741.0557843713862,0.47522285341840187,0.0,0.0,0.0,0.0,47.86198661530489,0.0,0.0,0.0,0.0,0.0,0.0,0.0,0.0,0.0,0.0,16.028672319182096,31.833314296122794
1918.0,0.0,0.0,0.0,1610.1666666666663,1031.0,66.83333333333334,512.3333333333334,1683.4540749620703,659.8333333333334,371.1666666666667,51.333333333333336,15.5,47.833333333333336,24.166666666666668,22.33333333333333,418.0,0.0,0.0,73.28740829540403,0.0
1919.0,681.6666666666666,1866.095932970061,0.3652902589963487,3445.666666666667,1005.1666666666666,221.66666666666663,2218.833333333333,3694.731073620845,687.6666666666666,317.5,110.83333333333331,110.83333333333331,665.8333333333334,341.5,254.33333333333331,957.1666666666666,0.0,0.0,187.7310235273031,61.33338342687543
1920.0,691.3333333333334,1741.470224485359,0.3969825746160184,243.66666666666669,22.83333333333333,20.166666666666668,200.66666666666669,371.3948570928552,16.833333333333332,6.0,6.833333333333333,13.333333333333334,57.333333333333336,34.333333333333336,27.5,81.5,1.0025946230973994,0.0,64.55893709202657,62.166658711064535
1921.0,344.8333333333333,909.1153860515664,0.37930645397060064,354.83333333333337,70.33333333333334,20.833333333333336,263.6666666666667,428.6727636577651,56.333333333333336,14.0,5.5,15.333333333333334,46.66666666666666,86.83333333333333,17.833333333333332,112.33333333333331,0.0,0.0,42.83942995185969,31.00000037257199
1922.0,621.5,1626.0794350879305,0.38220765024704484,581.0,76.66666666666666,32.0,472.3333333333333,694.7320040048484,58.16666666666666,18.5,4.333333333333333,27.666666666666668,95.83333333333331,105.0,40.16666666666666,231.33333333333331,0.0,0.0,57.73200333181513,56.00000067303327
1923.0,471.5,1115.4574877932791,0.4226965215256865,342.00000000000006,8.666666666666666,12.0,321.33333333333337,421.6927190589841,5.833333333333333,2.833333333333333,1.3333333333333333,10.666666666666666,42.16666666666666,84.33333333333333,41.833333333333336,153.0,0.0,0.0,37.02607508613129,42.6666439728528
1924.0,595.8333333333334,1441.4556160288037,0.41335531022096156,121.66666666666666,19.166666666666664,2.1666666666666665,100.33333333333331,208.1568214006864,4.5,14.666666666666666,2.1666666666666665,0.0,26.83333333333333,1.0,7.666666666666667,64.83333333333333,0.0,0.0,32.65682655403884,53.8333281799809
1925.0,63.333333333333336,152.33938644941588,0.41573840363577347,156.83333333333331,43.66666666666666,25.5,87.66666666666666,172.85415682164094,42.0,1.6666666666666667,16.166666666666668,9.333333333333334,22.166666666666668,24.666666666666668,1.1666666666666667,39.66666666666666,0.0,0.0,10.0208234161969,6.000000072110708
1926.0,143.16666666666666,357.27771802111016,0.40071535235849076,0.0,0.0,0.0,0.0,31.516514608784803,0.0,0.0,0.0,0.0,0.0,0.0,0.0,0.0,0.0,0.0,18.51651445254494,13.000000156239864
1927.0,618.0,1393.161760852208,0.443595293357725,0.0,0.0,0.0,0.0,91.96151329103294,0.0,0.0,0.0,0.0,0.0,0.0,0.0,0.0,0.0,0.0,36.12820539841785,55.833307892615096
1928.0,149.0,420.5916631841312,0.3542628469427582,3046.0,843.3333333333334,201.66666666666663,2001.0,3204.672494597345,565.3333333333334,278.0,127.33333333333331,74.33333333333333,567.6666666666666,317.6666666666667,250.16666666666663,865.5,0.0,0.0,145.33930323527406,13.33319136207077
1929.0,1102.3333333333333,2856.434250981185,0.38591237762769504,737.0,32.66666666666667,111.33333333333331,593.0,929.2178158760642,21.166666666666668,11.5,8.833333333333334,102.5,159.33333333333334,139.33333333333334,65.66666666666667,228.66666666666663,0.0,0.0,92.71783789118926,99.49997798487486
1930.0,466.6666666666667,1194.5218936177027,0.3906723427674735,120.0,8.833333333333334,7.5,103.66666666666666,188.7023779443905,5.5,3.333333333333333,0.5,7.0,31.33333333333333,17.0,1.8333333333333333,53.5,0.0,0.0,26.70237743961556,42.00000050477495
1931.0,525.3333333333334,1403.074965457232,0.3744157270756652,220.0,30.666666666666664,14.333333333333334,175.0,301.4236236611574,27.83333333333333,2.833333333333333,0.5,13.833333333333334,50.0,68.0,8.666666666666666,48.333333333333336,0.0,0.0,33.92363179501626,47.499991866141166
1932.0,415.16666670202517,1126.5913642166026,0.36851575459281055,297.00000002529464,5.333333333787558,5.333333333787558,286.33333335771954,369.91468860441904,3.833333333659807,1.5000000001277505,0.6666666667234447,4.666666667064113,18.833333334937308,164.16666668064823,64.66666667217413,38.66666666995978,0.0,0.0,35.414688125996534,37.50000045312793
1933.0,517.5000000759337,1289.0494235578828,0.4014586179695042,42.000000006162736,0.0,0.0,42.000000006162736,124.29841816597296,0.0,0.0,0.0,0.0,0.0,41.66666667278048,0.0,0.3333333333822439,0.0,0.0,35.46509005708654,46.8333281027237
1934.0,637.1666666666666,1355.4449285794578,0.47007934681229296,41.0,0.0,12.666666666666666,28.333333333333336,153.36651190605707,0.0,0.0,0.0,12.666666666666666,7.0,11.0,4.166666666666667,6.166666666666667,0.0,0.0,54.86654892905207,57.499962977005005
1935.0,710.5,1622.8395290943215,0.43781285041566476,0.0,0.0,0.0,0.0,107.3397434581656,0.0,0.0,0.0,0.0,0.0,0.0,0.0,0.0,0.0,0.0,43.33970497568652,64.00003848247907
1936.0,172.0,372.1714355351114,0.4621526091939239,0.0,0.0,0.0,0.0,35.49631382032635,0.0,0.0,0.0,0.0,0.0,0.0,0.0,0.0,0.0,0.0,19.82962085437994,15.66669296594641
1937.0,280.6666665214815,750.3465589025907,0.3740493818375962,147.66666659028064,25.499999986809186,37.16666664744083,84.99999995603062,200.4949478365543,23.3333333212633,2.166666665545878,3.1666666650285915,33.99999998241225,13.833333326177533,8.833333328763967,13.833333326177533,48.49999997491159,0.0,0.0,27.494973732568173,25.333307513705503
1938.0,974.0000000063175,2779.7625785865785,0.3503896366939243,313.66666666870117,16.333333333439278,11.000000000071347,286.33333333519056,470.27493681133825,1.500000000009729,14.833333333429545,1.8333333333452244,9.166666666726123,39.66666666692394,135.33333333421115,62.33333333373764,49.00000000031782,0.0,0.0,68.60826908444258,88.00000105819448
1939.0,938.5000004931585,2139.2670582099277,0.43870165573365405,2.0000000010509504,0.0,0.0,2.0000000010509504,162.8072875421219,0.0,0.0,0.0,0.0,0.0,2.0000000010509504,0.0,0.0,0.0,0.0,75.8072864748372,85.00000106623376
1940.0,256.0,585.1350280891075,0.43750585371042755,0.0,0.0,0.0,0.0,84.6517917525021,0.0,0.0,0.0,0.0,0.0,0.0,0.0,0.0,0.0,0.0,61.651791476077726,23.000000276424377
1941.0,850.3333333333334,1928.12361609576,0.4410159837444269,135.0,0.1666666666666666,7.0,127.83333333333331,309.6802805560876,0.0,0.1666666666666666,1.6666666666666667,5.333333333333333,17.833333333333332,46.0,19.0,45.0,0.0,0.0,97.8469608067914,76.83331974929618
1942.0,362.6666666666667,870.9293680071875,0.4164134084678997,239.83333333333331,2.666666666666667,1.1666666666666667,236.0,334.08925412825454,2.333333333333333,0.3333333333333333,0.0,1.1666666666666667,5.166666666666667,3.0,0.1666666666666666,227.66666666666663,0.0,0.0,61.42261317873053,32.83330761619072
1943.0,276.5,710.0746842392158,0.3893956595512852,0.0,0.0,0.0,0.0,40.58486819820656,0.0,0.0,0.0,0.0,0.0,0.0,0.0,0.0,0.0,0.0,15.584867897745283,25.00000030046128
1944.0,258.0,622.9863003879437,0.41413430735048135,63.00000000000001,2.833333333333333,33.833333333333336,26.333333333333336,100.6102006959685,2.5,0.3333333333333333,2.333333333333333,31.5,6.166666666666667,4.5,2.5,13.166666666666666,0.0,0.0,14.610200419544135,23.000000276424377
1945.0,706.5,1898.0571536303823,0.3722227218757292,154.99999999999997,0.1666666666666666,16.0,138.83333333333331,264.2113769712749,0.1666666666666666,0.0,3.1666666666666665,12.833333333333334,9.833333333333334,72.33333333333333,17.0,39.66666666666666,0.0,0.0,45.211376202094016,64.00000076918089
1946.0,369.1666666666667,1001.791476210614,0.36850649604554436,161.83333333333334,23.83333333333333,16.166666666666664,121.83333333333334,292.333982842388,9.166666666666666,14.666666666666666,0.5,15.666666666666666,30.666666666666668,20.0,3.333333333333333,67.83333333333333,0.0,0.0,97.16738249971128,33.33326700934342
1947.0,287.1666666666667,802.4047331945645,0.35788256821889336,185.83333333333337,0.1666666666666666,0.1666666666666666,185.50000000000003,253.36206421122435,0.0,0.1666666666666666,0.0,0.1666666666666666,0.3333333333333333,70.16666666666667,113.16666666666669,1.8333333333333333,0.0,0.0,41.52873056541129,26.00000031247973
1948.0,354.3333333333333,844.1784690266373,0.4197374682416268,0.0,0.0,0.0,0.0,301.29467603859325,0.0,0.0,0.0,0.0,0.0,0.0,0.0,0.0,0.0,0.0,269.12804089818496,32.16663514040829
1949.0,306.3333333333333,660.9880440782116,0.4634476161524736,74.00000000000001,0.1666666666666666,0.0,73.83333333333334,132.97740297580805,0.1666666666666666,0.0,0.0,0.0,0.1666666666666666,73.5,0.0,0.1666666666666666,0.0,0.0,31.31077949463473,27.66662348117332
1950.0,360.0,879.9697018923165,0.40910499443997206,366.3333333333333,36.16666666666666,23.833333333333336,306.3333333333333,441.88522514589016,22.33333333333333,13.833333333333334,2.6666666666666665,21.166666666666668,73.83333333333333,45.0,49.333333333333336,138.16666666666666,0.0,0.0,43.05191173260213,32.4999800799547
1951.0,366.0,794.0991550670354,0.46089962149513103,96.83333333333334,23.833333333333336,4.0,69.0,151.2196807383313,13.833333333333334,10.0,2.833333333333333,1.1666666666666667,15.5,5.5,6.166666666666667,41.833333333333336,0.3342892818302654,0.0,21.052057726558804,33.00000039660889
1952.0,384.5,1006.5437412843748,0.3820002889386292,0.0,0.0,0.0,0.0,66.00230724285618,0.0,0.0,0.0,0.0,0.0,0.0,0.0,0.0,1.0025946230973994,0.0,30.49973251576717,34.49998010399161
1953.0,0.0,0.0,0.0,0.0,0.0,0.0,0.0,4.010378145928683,0.0,0.0,0.0,0.0,0.0,0.0,0.0,0.0,4.010378145928683,0.0,0.0,0.0
1954.0,766.0,2133.2043732636,0.3590842066520297,0.0,0.0,0.0,0.0,113.03145312654868,0.0,0.0,0.0,0.0,0.0,0.0,0.0,0.0,0.0,0.0,43.86479143255371,69.16666169399498
1955.0,337.0,972.8617342700916,0.34640071464301225,98.0,0.0,0.0,98.0,278.4660173893748,0.0,0.0,0.0,0.0,0.0,98.0,0.0,0.0,0.0,0.0,149.79933584744524,30.666681541929577
1956.0,613.6666666666666,1472.976635770386,0.41661670101488807,910.3333333333331,515.1666666666666,23.166666666666664,372.0,1041.0313644432572,409.5,105.66666666666669,14.0,9.166666666666666,58.333333333333336,28.666666666666668,5.5,279.5,0.0,0.0,75.36474062597136,55.333290483952645
1957.0,608.0,1472.4191637832737,0.4129258943070181,13.0,2.166666666666667,1.1666666666666667,9.666666666666666,237.09688003073944,1.6666666666666667,0.5,1.0,0.1666666666666666,1.8333333333333333,1.5,0.8333333333333334,5.5,0.0,0.0,169.2635982575313,54.83328177320815
1958.0,669.6666666666666,1568.9315126606073,0.426829763608381,145.0,5.333333333333333,3.1666666666666665,136.5,290.4124565312371,5.333333333333333,0.0,0.0,3.1666666666666665,6.5,104.0,8.166666666666666,17.833333333333332,0.0,0.0,85.07922691059309,60.333229620644005
1959.0,263.0,646.9080276905969,0.4065492910002774,224.8333333333333,32.5,73.83333333333333,118.5,287.0399602826648,28.666666666666668,3.8333333333333335,30.166666666666668,43.66666666666666,7.5,8.166666666666666,18.666666666666668,84.16666666666667,1.0025946230973994,0.0,37.20403203779119,24.00000028844283
1960.0,461.1666666666667,693.7032218792832,0.664789570123862,5354.333333333333,309.0,3462.6666666666665,1582.6666666666663,5674.695691479807,200.83333333333331,108.16666666666669,3347.1666666666665,115.5,291.0,512.6666666666666,157.0,622.0,0.0,0.0,278.6957228911327,41.666635255341326
1961.0,306.5,739.2055130625473,0.41463435348332656,2070.166666666667,138.83333333333334,101.5,1829.8333333333333,2212.860565727213,94.16666666666669,44.66666666666666,15.0,86.5,332.6666666666667,232.33333333333331,366.6666666666667,898.1666666666666,3.007783869292199,3.8441165340713184,108.17531715130832,27.666681505874223
1962.0,329.0,793.4476863677488,0.41464611423356573,1138.0,95.5,36.16666666666666,1006.3333333333334,1257.5331759978535,51.66666666666666,43.833333333333336,3.5,32.666666666666664,296.0,98.5,103.66666666666669,508.1666666666667,3.007783869292199,1.9220582670356592,84.77000596998762,29.83332789153808
1963.0,335.0,498.5717082961882,0.6719193937915655,1752.1666666666663,40.333333333333336,256.3333333333333,1455.5,1877.1646629517268,35.333333333333336,5.0,83.33333333333333,173.0,832.1666666666666,10.833333333333334,53.66666666666666,558.8333333333334,0.0,0.0,94.99799592450672,30.00000036055354
1964.0,0.0,0.0,0.0,1656.5,108.16666666666669,388.6666666666666,1159.6666666666667,1731.8958875455846,83.0,25.166666666666668,75.33333333333333,313.3333333333333,281.1666666666667,270.1666666666667,47.0,561.3333333333334,0.0,0.0,75.39588754558456,0.0
1965.0,107.0,257.1250187926203,0.41613997930827173,616.0,46.5,277.0,292.5,660.9126715223879,36.16666666666666,10.333333333333334,55.833333333333336,221.16666666666663,28.166666666666668,34.833333333333336,22.33333333333333,207.16666666666663,2.0051892461947998,0.0,32.90748215600859,10.000000120184511
1966.0,1397.8333333333333,3436.0182365942032,0.40681778648499606,3548.0,427.0,291.5,2829.5,3908.133095083024,298.6666666666667,128.33333333333334,188.83333333333331,102.66666666666669,1057.0,298.5,242.5,1231.5,9.023351607876595,0.0,225.10974196082225,126.00000151432486
1967.0,1528.3332115271216,3721.7339131353538,0.41065085446680577,285.49997724601513,15.666665418053375,10.66666581654698,259.1666460114148,510.0670867675919,11.333332430081164,4.333332987972209,7.66666605564314,2.9999997609038376,45.833329680475295,145.66665505721966,15.666665418053373,51.99999585566652,4.010378172767563,0.0,82.55674068868652,137.99999066012265
1968.0,679.9999695048111,1919.8585247318326,0.3541927494890771,0.0,0.0,0.0,0.0,91.95036243405998,0.0,0.0,0.0,0.0,0.0,0.0,0.0,0.0,0.0,0.0,30.950364436532332,60.99999799752767
1969.0,150.0,469.6743888162948,0.3193701925668976,0.0,0.0,0.0,0.0,20.827286747198382,0.0,0.0,0.0,0.0,0.0,0.0,0.0,0.0,0.0,0.0,6.827286578940064,14.000000168258318
1970.0,122.66666666666669,363.0448235238364,0.3378829795065589,567.8333333333333,50.333333333333336,29.333333333333336,488.1666666666666,620.2610123946673,35.5,14.833333333333334,4.666666666666667,24.666666666666668,106.5,103.16666666666669,75.83333333333333,202.66666666666663,0.0,0.0,41.427678929130906,11.000000132202963
1971.0,186.66666666666663,452.9374377818263,0.4121246138999474,913.8333333333331,84.33333333333334,110.16666666666666,719.3333333333333,997.262394812495,56.833333333333336,27.5,11.833333333333334,98.33333333333331,135.0,274.1666666666667,34.333333333333336,275.8333333333333,0.3340156106113552,0.0,66.09504566423651,17.00000020431367
1972.0,808.3333333333334,1499.3436935500058,0.5391247762675663,1458.8333333333337,35.333333333333336,934.3333333333334,489.16666666666674,1646.0547442843574,28.5,6.833333333333333,880.0,54.333333333333336,126.66666666666669,84.5,78.16666666666667,199.83333333333331,11.028540854071396,0.0,103.19286341442852,73.00000668252387
1973.0,483.8333333333333,1266.7335362453828,0.3819535202071168,3114.166666666667,463.8333333333333,189.5,2460.833333333333,3321.68540829983,314.3333333333333,149.5,45.16666666666666,144.33333333333334,505.6666666666667,413.1666666666667,177.5,1364.5,0.0,0.0,163.85246899427642,43.6662726388866
1974.0,747.0,1849.794092667848,0.4038287304305564,1152.5,124.16666666666669,354.5,673.8333333333333,1321.8305855518006,98.5,25.666666666666668,167.0,187.5,122.16666666666669,131.33333333333334,67.33333333333333,353.0,15.874300854804297,0.0,86.45628389176022,67.00000080523624
1975.0,3037.000052177893,7900.453246046187,0.38440833172423006,105.33333514303746,27.50000047247022,3.5000000601325736,74.33333461043466,522.3575767422095,19.00000032643397,8.50000014603625,3.000000051542206,0.5000000085903676,16.333333613952007,3.1666667210723283,9.000000154626617,45.833334120783704,0.0,0.0,143.0242335985949,274.0000080005771
1976.0,509.1666227629857,1236.4018228206312,0.4118132255753332,0.0,0.0,0.0,0.0,69.17498770824872,0.0,0.0,0.0,0.0,0.0,0.0,0.0,0.0,0.0,0.0,23.17499112182095,45.99999658642777
1977.0,945.1666660109976,2239.300302115019,0.4220812479319043,399.833333055966,121.83333324881664,25.833333315412556,252.16666649173678,546.3837605383114,99.33333326442505,22.499999984391586,0.33333333310209756,25.499999982310463,5.999999995837756,2.999999997918878,2.166666665163634,240.99999983281654,0.0,0.0,61.21706127053986,85.3333662118056
1978.0,726.0,2239.97097575878,0.32411134244901135,75.83333333333334,0.1666666666666666,0.0,75.66666666666667,178.32897864017704,0.0,0.1666666666666666,0.0,0.0,0.1666666666666666,75.16666666666667,0.0,0.3333333333333333,0.0,0.0,36.49564451362593,66.00000079321778
1979.0,248.0,776.0602637689727,0.31956281177904466,73.83333333333334,7.833333333333333,3.8333333333333335,62.16666666666667,110.48166105875698,7.5,0.3333333333333333,0.3333333333333333,3.5,11.0,18.166666666666668,9.333333333333334,23.666666666666668,0.0,0.0,14.648327461017727,22.00000026440593
1980.0,700.6666666666666,2056.295072048184,0.3407422777941902,737.6666666666667,226.16666666666663,27.833333333333336,483.6666666666667,866.1328391504202,104.33333333333331,121.83333333333331,9.166666666666666,18.666666666666668,75.33333333333333,34.166666666666664,25.5,348.6666666666667,0.0,0.0,65.46617172659101,63.00000075716243
1981.0,419.8333333333333,1024.9482426289462,0.4096141794013712,1967.8333333333333,504.8333333333333,115.0,1348.0,2114.507987628424,438.8333333333333,66.0,22.33333333333333,92.66666666666669,270.8333333333333,152.83333333333334,164.66666666666666,759.6666666666666,0.0,0.0,108.67465383839016,38.00000045670115
1982.0,1159.6666666666667,3370.749320881312,0.3440382408394172,40.0,0.0,0.0,40.0,199.4363979501115,0.0,0.0,0.0,0.0,0.0,0.0,40.0,0.0,0.0,0.0,54.60308946859228,104.83330848151924
1983.0,1013.8333333333334,2772.1620917368327,0.365719355428506,220.00000000000003,18.0,13.333333333333334,188.66666666666669,626.6583709931186,16.833333333333332,1.1666666666666667,1.0,12.333333333333334,23.166666666666668,82.33333333333333,54.833333333333336,28.33333333333333,0.0,0.0,315.15848303711294,91.49988795600568
1984.0,216.5,613.977870840944,0.3526185719095503,554.1666666666666,73.83333333333334,45.66666666666666,434.6666666666666,608.7293710559471,54.833333333333336,19.0,2.0,43.66666666666666,94.16666666666669,81.33333333333333,39.5,219.66666666666663,0.0,0.0,35.06272736588176,19.49997702339876
1985.0,614.3333333333334,1265.887714315949,0.4852984402848891,1777.5,479.1666666666666,47.16666666666666,1251.1666666666667,1943.8566106518388,238.66666666666663,240.5,7.166666666666667,40.0,164.33333333333334,481.3333333333333,208.33333333333331,397.1666666666667,2.0051892461947998,0.0,108.85148456319534,55.49993684244873
1986.0,314.1666666666667,651.0194224739381,0.4825764882294945,350.83333333333337,11.0,8.5,331.33333333333337,420.265223695564,6.666666666666667,4.333333333333333,0.6666666666666666,7.833333333333333,107.83333333333331,116.16666666666669,58.66666666666666,48.66666666666666,0.0,0.0,41.2652175566986,28.16667280553209
1987.0,668.8333333333334,1840.1023613921232,0.36347615619998974,8465.666666666666,729.0,372.1666666666666,7364.5,8977.680179537145,337.3333333333333,391.6666666666667,79.83333333333333,292.3333333333333,3155.0,977.8333333333334,430.3333333333333,2801.333333333333,3.8431653776355,1.9220582670356592,445.7482855991355,60.50000362667463
1988.0,896.1666666666666,1663.8580611822492,0.5386076418260691,3369.0,465.0,156.66666666666666,2747.333333333333,3644.127188184013,293.0,172.0,71.33333333333333,85.33333333333333,646.6666666666666,328.3333333333333,259.6666666666667,1512.6666666666667,0.0,0.0,194.12718721051812,81.00000097349455
1989.0,44.66666666666666,119.36303344566102,0.37420854160011585,6542.166666666666,1496.8333333333333,366.5,4678.833333333333,6846.009788051043,1054.5,442.3333333333333,167.5,199.0,1209.5,732.1666666666666,551.5,2185.6666666666665,0.0,0.0,299.8429733896883,4.000147994689044
1990.0,653.6666666666666,1368.6054721010107,0.47761511990975175,4321.0,862.5,240.0,3218.5,4613.09622301934,603.0,259.5,120.66666666666669,119.33333333333331,711.1666666666666,324.0,196.0,1987.3333333333333,7.018709704119618,0.0,226.2438599431309,58.833653372089735
1991.0,483.0,1018.6530209864176,0.4741555662715108,0.0,0.0,0.0,0.0,65.98386331299885,0.0,0.0,0.0,0.0,0.0,0.0,0.0,0.0,0.0,0.0,21.983862784187,44.00000052881185
1992.0,1477.0,3278.703896838321,0.4504828878949033,1322.5,276.66666666666663,73.0,972.8333333333331,1586.580584058791,193.16666666666663,83.5,42.333333333333336,30.666666666666668,216.83333333333331,99.66666666666669,58.333333333333336,598.0,3.509150888260516,0.0,127.40277479335516,133.16865837717512
1993.0,675.0,1408.080417924489,0.4793760295274543,75.0,8.833333333333332,8.5,57.66666666666667,181.1649744818972,6.833333333333333,2.0,5.333333333333333,3.1666666666666665,19.0,5.333333333333333,5.666666666666667,27.666666666666668,11.028540854071396,0.0,34.13643289470031,61.000000733125525
1994.0,268.0,471.533804584091,0.5683579785682285,1917.8333333333333,394.33333333333337,150.5,1373.0,2047.3381783441396,285.1666666666667,109.16666666666669,88.83333333333333,61.66666666666666,296.1666666666667,84.33333333333333,128.66666666666666,863.8333333333334,6.015567738584398,0.0,99.48927698377857,24.00000028844283
1995.0,1345.0,2518.771795533347,0.5339904164343708,5788.0,876.3333333333334,385.5,4526.166666666666,6244.688544145223,605.3333333333334,271.0,229.5,156.0,1360.5,396.1666666666667,531.3333333333334,2238.1666666666665,11.028540854071396,0.0,324.66000183691926,121.0000014542326
1996.0,1696.999982223723,4115.3509714869715,0.4123585069612076,3756.999960644978,361.49999621324446,218.33333104626564,3177.1666333854682,4158.239211874673,187.66666470083595,173.83333151240848,85.83333243421895,132.49999861204674,1129.9999881631156,332.99999651178535,391.1666625691493,1322.9999861414176,0.0,0.0,248.23925099356597,153.0000002361298
1997.0,582.0,1798.5786330456983,0.32358885472493687,106.0,3.333333333333333,22.33333333333333,80.33333333333334,190.31448841238296,2.333333333333333,1.0,4.0,18.33333333333333,40.66666666666666,12.333333333333334,3.333333333333333,24.0,0.0,0.0,31.314487775405087,53.00000063697792
1998.0,480.5,1414.1291382346417,0.3397850924702976,0.0,0.0,0.0,0.0,66.03906681255171,0.0,0.0,0.0,0.0,0.0,0.0,0.0,0.0,1.0025946230973994,0.0,21.869825311033956,43.16664687842036
1999.0,881.3333333333334,1799.2772381682923,0.48982631171978364,822.6666666666666,331.16666666666663,61.16666666666666,430.3333333333333,1041.8994182693075,23.33333333333333,307.8333333333333,5.166666666666667,56.0,153.66666666666666,65.66666666666667,18.0,193.0,0.0,0.0,139.5659679347921,79.66678366784886
2000.0,490.8333333333333,1373.0490558737265,0.35747690968040197,62.0,2.1666666666666665,6.166666666666667,53.66666666666666,139.1621860206453,1.3333333333333333,0.8333333333333334,0.0,6.166666666666667,8.166666666666666,8.5,11.0,26.0,0.0,0.0,33.16218549183342,44.00000052881185
2001.0,74.0,205.82842044470425,0.35952275123191785,371.50000000000006,20.166666666666664,18.5,332.83333333333337,398.610506441185,11.0,9.166666666666666,0.6666666666666666,17.833333333333332,53.5,94.5,3.5,181.33333333333331,0.0,0.0,20.27719043198104,6.833316009204014
2002.0,294.0,776.4991943348747,0.37862241473647806,30.0,0.0,1.0,29.0,74.74693933500872,0.0,0.0,1.0,0.0,14.0,0.0,0.0,15.0,0.0,0.0,17.746939010510538,27.000000324498185
2003.0,240.16666666666663,692.0416269336512,0.3470407809582419,0.0,0.0,0.0,0.0,49.60393216355473,0.0,0.0,0.0,0.0,0.0,0.0,0.0,0.0,2.0051892461947998,0.0,25.932081794999124,21.666661122360807
2004.0,1008.0,2177.3949092583466,0.462938530679003,39.5,7.0,1.1666666666666663,31.33333333333333,178.17714299809143,4.5,2.5,0.6666666666666666,0.5,7.333333333333333,3.0,2.0,19.0,0.0,0.0,47.67714190441234,91.00000109367907
2005.0,613.0,1111.0537496024097,0.5517284831803699,0.0,0.0,0.0,0.0,84.90603439314467,0.0,0.0,0.0,0.0,0.0,0.0,0.0,0.0,2.0051892461947998,0.0,27.900844485935057,55.000000661014816
2006.0,1192.0,3007.4700563356128,0.3963464232965188,38.0,7.666666666666667,4.0,26.33333333333333,201.98375124530128,1.0,6.666666666666667,1.0,3.0,6.833333333333333,4.5,0.6666666666666666,14.333333333333334,0.0,0.0,55.98374994730852,108.00000129799274
2007.0,456.0,1171.0347941669088,0.3893991897349259,52.833333333333336,8.0,6.833333333333334,38.0,116.99301188885283,7.166666666666667,0.8333333333333334,0.1666666666666666,6.666666666666667,8.833333333333334,5.166666666666667,7.166666666666667,16.833333333333332,0.0,0.0,23.159678062763007,41.000000492756506
2008.0,0.0,0.0,0.0,1115.3333333333337,422.1666666666666,164.33333333333334,528.8333333333334,1166.0982462218924,239.5,182.66666666666663,6.5,157.83333333333334,79.83333333333333,55.0,14.333333333333334,379.6666666666667,0.0,0.0,50.764912888558975,0.0
2009.0,947.8333267850976,1750.4960223549665,0.5414655701473485,3866.4999732877577,356.9999975336168,343.8333309579139,3165.6666447962266,4178.643791028118,235.3333317075009,121.66666582611593,140.83333236036705,202.99999859754683,922.6666602922982,496.6666632353773,391.4999972952689,1354.8333239732824,7.018162313195865,0.0,219.12565498772096,86.00000043944407
2010.0,476.0000067557909,1162.4036691197107,0.40949630442603996,0.0,0.0,0.0,0.0,64.6652575117467,0.0,0.0,0.0,0.0,0.0,0.0,0.0,0.0,0.0,0.0,21.66525638466127,43.00000112708544
2011.0,483.0,1641.4462080702642,0.2942527130193502,116.0,0.1666666666666666,2.1666666666666665,113.66666666666669,187.2636316007125,0.0,0.1666666666666666,2.1666666666666665,0.0,0.1666666666666666,82.5,0.0,31.0,0.0,0.0,27.26363107190065,44.00000052881185
2012.0,457.0,1400.3382081191128,0.3263497327647919,24.0,0.0,0.0,24.0,86.89283278922431,0.0,0.0,0.0,0.0,19.166666666666668,0.1666666666666666,4.333333333333333,0.3333333333333333,0.0,0.0,21.8928322964678,41.000000492756506
2013.0,177.0,523.5692168364207,0.3380641838905138,987.3333333333331,318.5,30.666666666666664,638.1666666666666,1056.4938875369555,134.5,184.0,5.833333333333333,24.83333333333333,100.0,178.66666666666666,30.5,329.0,0.0,0.0,52.99382061729398,16.16673358632838
2014.0,526.6666666666666,1068.170704423191,0.4930547753142744,3676.5,1478.8333333333337,102.66666666666669,2095.0,3915.311086075285,840.3333333333334,638.5,14.0,88.66666666666667,311.5,175.83333333333334,76.16666666666667,1531.5,0.0,0.0,191.3109955725448,47.50009050273968
2015.0,270.6666666666667,775.6939080645674,0.34893488765691955,377.5,218.83333333333331,26.5,132.16666666666669,431.6687197068695,4.833333333333333,214.0,25.83333333333333,0.6666666666666666,11.5,74.66666666666667,3.1666666666666665,42.833333333333336,0.0,0.0,29.50205274014549,24.66666696672397
2016.0,455.0,1383.3992913340508,0.3288999805408536,28.166666666666664,4.5,2.5,21.166666666666664,123.15861315948008,3.1666666666666665,1.3333333333333333,1.3333333333333333,1.1666666666666667,6.333333333333333,5.333333333333333,3.0,6.5,0.0,0.0,53.99194600005689,41.000000492756506
2017.0,200.66666666666663,558.9314051617837,0.35901841409069385,41.0,0.6666666666666666,4.833333333333333,35.5,69.99926236424594,0.1666666666666666,0.5,0.0,4.833333333333333,8.666666666666666,2.333333333333333,20.0,4.5,0.0,0.0,10.99926214791381,18.000000216332122
2018.0,574.0,1521.323898737279,0.3773029533529503,652.6666666666667,37.16666666666667,41.833333333333336,573.6666666666667,760.335492096782,27.666666666666668,9.5,3.0,38.833333333333336,198.83333333333331,73.5,64.66666666666667,236.66666666666663,0.0,0.0,55.83547406396797,51.8333513661473
2019.0,272.3333333333333,585.4112303155581,0.4652000495216596,918.6666666666666,104.66666666666669,29.33333333333333,784.6666666666666,1025.5419771693626,54.333333333333336,50.333333333333336,1.8333333333333333,27.5,136.66666666666666,190.0,34.666666666666664,423.3333333333333,0.0,0.0,82.20866674617511,24.66664375652068
2020.0,366.6666666666667,1107.965480486528,0.33093690473610843,19.83333333333333,5.0,0.5,14.333333333333332,123.42769532200973,3.1666666666666665,1.8333333333333333,0.5,0.0,2.833333333333333,2.5,2.1666666666666665,6.833333333333333,1.0025946230973994,0.0,69.5917669689701,33.00000039660889
2021.0,300.0,731.7069346974528,0.4100002142579726,380.5,29.833333333333336,15.666666666666668,335.0,438.4730273412624,19.0,10.833333333333334,4.833333333333333,10.833333333333334,58.16666666666666,161.5,17.333333333333332,98.0,0.0,0.0,30.973027016764288,27.000000324498185
2022.0,1910.6666666666667,4153.481061444955,0.4600157406284079,1076.5,221.8333333333333,62.16666666666667,792.5,1396.0276204541117,144.5,77.33333333333333,32.5,29.666666666666668,168.33333333333334,68.83333333333333,60.333333333333336,495.0,11.195890692918084,0.0,135.99879760611034,172.332932155083
2023.0,963.8333333333334,2030.540814342384,0.47466828862806326,450.0,90.33333333333331,17.333333333333332,342.33333333333337,606.5323789272768,58.5,31.83333333333333,9.166666666666666,8.166666666666666,60.5,64.16666666666667,28.5,189.16666666666663,5.012973115486998,0.0,64.3526945823562,87.16671122943369
2024.0,183.0,379.4367182240185,0.48229386142844843,340.00000000000006,0.5,0.0,339.50000000000006,381.80706736598216,0.1666666666666666,0.3333333333333333,0.0,0.0,1.0,337.6666666666667,0.1666666666666666,0.6666666666666666,1.0025946230973994,0.0,23.80447253857102,17.00000020431367
2025.0,847.0,1749.881809690175,0.4840326902706449,201.0,3.5,6.666666666666667,190.8333333333333,324.6999764782635,2.333333333333333,1.1666666666666667,0.0,6.666666666666667,20.33333333333333,100.5,20.0,50.0,0.0,0.0,47.69997556486124,76.0000009134023
2026.0,445.0,917.164272261714,0.4851911630864516,393.33333333333337,122.83333333333334,36.66666666666666,233.83333333333331,471.48421308495153,61.333333333333336,61.5,5.666666666666667,31.0,39.333333333333336,20.83333333333333,20.166666666666668,153.5,0.0,0.0,38.15087927088013,40.00000048073805
2027.0,0.0,0.0,0.0,5513.666666666666,1409.6666666666663,217.3333333333333,3886.6666666666665,5774.522810016899,851.1666666666666,558.5,114.0,103.33333333333331,793.0,298.0,381.0,2414.6666666666665,10.025946230973997,0.0,250.8301971192582,0.0
2028.0,769.0,2008.1117080519464,0.38294682358383386,443.66666666666674,112.33333333333334,23.0,308.33333333333337,569.8608115624884,77.16666666666667,35.166666666666664,11.333333333333334,11.666666666666666,62.333333333333336,34.666666666666664,26.5,184.83333333333331,2.0051892461947998,0.0,55.18895482035375,69.00000082927313
2029.0,1529.0,3164.3429636765327,0.4831966754398555,689.8333333333333,135.16666666666666,37.16666666666666,517.5,932.8190769184034,84.5,50.66666666666666,20.33333333333333,16.833333333333332,111.0,43.5,64.0,299.0,4.010378492389599,0.0,100.97536343413428,138.00000165854627
2030.0,361.0,1130.3099920981372,0.31938141087286503,65.0,2.5,12.166666666666666,50.333333333333336,120.23039405838,1.0,1.5,10.666666666666666,1.5,4.166666666666667,5.0,28.5,12.666666666666666,3.007783869292199,0.0,19.38928226149437,32.83332792759344
2031.0,283.5,891.6024944808925,0.3179668089253821,995.5,140.33333333333331,134.0,721.1666666666666,1083.4267526314798,84.83333333333333,55.5,95.33333333333331,38.66666666666666,210.66666666666663,98.5,77.66666666666667,334.3333333333333,4.010378492389599,0.0,58.24971006833956,25.66666407075069
2032.0,482.1666666666667,1666.0061158037668,0.2894147038794301,366.8333333333333,29.0,102.16666666666666,235.66666666666663,449.3101145922994,15.333333333333334,13.666666666666666,83.83333333333333,18.33333333333333,14.833333333333334,109.0,62.5,49.333333333333336,0.0,0.0,38.64345319916968,43.83332805979639
2033.0,669.6666666666666,1859.2418787881395,0.3601826498783245,340.3333333333333,19.83333333333333,9.666666666666668,310.8333333333333,446.6252590519604,12.666666666666666,7.166666666666667,5.666666666666667,4.0,18.166666666666668,240.66666666666663,6.666666666666667,45.333333333333336,0.0,0.0,45.9583363748741,60.33358934375303
2034.0,209.5,428.46382848601576,0.4889560940074494,0.0,0.0,0.0,0.0,28.702099147159856,0.0,0.0,0.0,0.0,0.0,0.0,0.0,0.0,0.0,0.0,9.53541484388414,19.16668430327572
2035.0,675.3333333333334,1767.4363077893058,0.382097691643573,60.5,13.333333333333332,3.166666666666667,44.0,154.99249573948916,8.666666666666666,4.666666666666667,1.6666666666666667,1.5,9.5,3.6666666666666665,6.666666666666667,24.166666666666668,0.0,0.0,33.49245149556415,61.00004424392501
2036.0,847.3333333333334,1885.661143231444,0.449356097926091,108.33333333333331,8.333333333333332,3.0,97.0,228.49698450071983,5.833333333333333,2.5,1.1666666666666667,1.8333333333333333,8.666666666666666,63.0,1.8333333333333333,23.5,0.0,0.0,43.49688494819441,76.6667662191921
2037.0,244.83333333333331,572.2296917443915,0.4278584926045704,127.16666666666669,24.333333333333336,7.833333333333333,95.0,171.43076903300093,22.166666666666668,2.1666666666666665,1.3333333333333333,6.5,3.0,70.83333333333333,4.0,17.166666666666668,0.0,0.0,21.930783271285904,22.333319095048346
2038.0,407.1666666666667,1007.303667357502,0.40421441900911814,521.1666666666666,102.5,275.5,143.16666666666666,600.0896144048447,31.666666666666668,70.83333333333333,265.1666666666667,10.333333333333334,5.833333333333333,23.166666666666668,3.6666666666666665,110.5,0.0,0.0,42.25623421611698,36.66671352206095
2039.0,1296.0,3625.721720742283,0.357446075518083,664.6666666666666,481.1666666666667,40.833333333333336,142.66666666666666,870.7374117782454,266.1666666666667,215.0,12.833333333333334,28.0,12.833333333333334,10.666666666666666,7.666666666666667,111.5,0.0,0.0,89.23748290311381,116.83326220846492
2040.0,1151.5,2938.093946464501,0.39192075576263835,119.0,31.83333333333333,20.0,67.16666666666667,280.83892951108743,28.5,3.333333333333333,17.166666666666668,2.833333333333333,11.333333333333334,5.0,5.5,45.333333333333336,0.0,0.0,57.839087842781645,103.99984166830576
2041.0,576.8333333333334,1681.2545699534346,0.3430969608304528,18.0,0.1666666666666666,12.0,5.833333333333333,109.24288084799332,0.1666666666666666,0.0,0.1666666666666666,11.833333333333334,5.833333333333333,0.0,0.0,0.0,1.0025946230973994,0.0,38.0736247352146,52.16666148968133
2042.0,264.8333333333333,918.8712719155012,0.2882159247195261,90.0,8.333333333333334,36.16666666666666,45.5,139.1507389630302,6.0,2.333333333333333,35.5,0.6666666666666666,7.0,9.333333333333334,0.5,28.666666666666668,0.0,0.0,25.150738674587355,24.00000028844283
2043.0,372.0,1325.794847005627,0.28058639754120357,65.0,27.166666666666664,14.166666666666666,23.666666666666668,118.89016197527272,26.33333333333333,0.8333333333333334,12.166666666666666,2.0,0.0,0.0,0.0,23.666666666666668,0.0,0.0,19.890161566645386,34.00000040862734
2044.0,922.0,2812.406714883085,0.3278330958039718,87.0,0.0,2.1666666666666665,84.83333333333333,264.2582810949883,0.0,0.0,2.0,0.1666666666666666,0.0,74.5,0.3333333333333333,10.0,0.0,0.0,93.92494385572782,83.33333723926049
2045.0,298.0,750.6230832305482,0.3970035116925275,93.0,1.1666666666666667,54.16666666666666,37.66666666666666,137.79646067360196,0.1666666666666666,1.0,54.16666666666666,0.0,5.0,24.33333333333333,2.1666666666666665,6.166666666666667,0.0,0.0,17.796460349103764,27.000000324498185
2046.0,260.0,824.1603490428847,0.31547259013606227,0.0,0.0,0.0,0.0,34.83396367992049,0.0,0.0,0.0,0.0,0.0,0.0,0.0,0.0,0.0,0.0,11.833963403496108,23.000000276424377
2047.0,657.8333333333334,1521.374503984609,0.43239408285758174,367.00000000000006,0.5,0.0,366.50000000000006,475.6532981429673,0.3333333333333333,0.1666666666666666,0.0,0.0,1.6666666666666667,363.5,0.6666666666666666,0.6666666666666666,3.007783869292199,0.0,46.64551356458639,59.000000709088624
2048.0,1141.6666666666667,3036.1884584251734,0.37601969782166705,0.0,0.0,0.0,0.0,155.1305011733212,0.0,0.0,0.0,0.0,0.0,0.0,0.0,0.0,0.0,0.0,51.96381586049557,103.16668531282562
2049.0,14.0,35.660180550636795,0.3925947593035952,95.0,0.3333333333333333,0.0,94.66666666666669,100.96116159271487,0.1666666666666666,0.1666666666666666,0.0,0.0,0.1666666666666666,94.5,0.0,0.0,0.0,0.0,4.961161580696445,1.0000000120184511
2050.0,391.1666666666667,1265.664924435292,0.30906020947147245,0.0,0.0,0.0,0.0,52.9709081501817,0.0,0.0,0.0,0.0,0.0,0.0,0.0,0.0,0.0,0.0,17.80424686481405,35.166661285367645
2051.0,339.0,1301.0107775593167,0.260566634686886,0.0,0.0,0.0,0.0,46.42966804097653,0.0,0.0,0.0,0.0,0.0,0.0,0.0,0.0,0.0,0.0,15.429667668404544,31.00000037257199
2052.0,613.0,2040.331208009204,0.30044141735111607,205.5,27.5,3.5,174.5,297.7553563430757,16.666666666666668,10.833333333333334,1.5,2.0,17.666666666666668,98.66666666666669,8.333333333333334,49.833333333333336,0.0,0.0,37.2553556820608,55.000000661014816
2053.0,2000.8333333333333,4579.142227429256,0.4369450071561998,991.5,186.5,69.0,736.0,1308.5302122846117,149.5,37.0,17.0,52.0,172.33333333333334,200.16666666666663,50.5,313.0,0.0,0.0,136.19689418419708,180.83331810041452
2054.0,543.3333333333334,1293.5960420544536,0.42001777654670797,0.0,0.0,0.0,0.0,73.72981743845733,0.0,0.0,0.0,0.0,0.0,0.0,0.0,0.0,0.0,0.0,24.72981684955323,49.00000058890411
2055.0,718.0,1857.026735852452,0.38663955996864435,39.0,36.83333333333333,0.3333333333333333,1.8333333333333333,138.45504038291685,4.166666666666667,32.666666666666664,0.1666666666666666,0.1666666666666666,0.8333333333333334,0.0,0.1666666666666666,0.8333333333333334,0.0,0.0,34.45503960171752,65.00000078119933
2056.0,1929.8333333333333,4309.085230059821,0.44785220767298267,1331.6666666666663,295.3333333333333,77.16666666666667,959.1666666666664,1654.2769238694048,186.66666666666663,108.66666666666669,32.833333333333336,44.333333333333336,208.66666666666663,93.5,100.83333333333331,556.1666666666666,0.0,0.0,148.44380894805872,174.1664482546796
2057.0,457.0,1102.3239998534548,0.4145786538810318,401.0,0.5,5.0,395.5,481.05207972429366,0.5,0.0,0.0,5.0,10.0,301.8333333333333,56.5,27.166666666666668,0.0,0.0,39.05207923153717,41.000000492756506
2058.0,1745.5,4005.2611521932345,0.4358017951074637,1829.6666666666663,475.5,86.66666666666666,1267.5,2151.0199327970795,283.5,192.0,36.16666666666666,50.5,266.0,119.5,130.66666666666666,751.3333333333334,1.169807737851498,0.0,162.6832737362698,157.50018465629117
2059.0,259.5,541.0839020109273,0.47959290423458084,567.5,125.66666666666669,34.0,407.8333333333333,628.6455718512453,80.66666666666667,45.0,15.333333333333334,18.666666666666668,87.33333333333333,36.5,43.5,240.5,0.0,0.0,37.64557156805392,23.50000028319136
2060.0,0.0,0.0,0.0,257.0,17.833333333333332,72.66666666666667,166.5,268.6974176719173,12.0,5.833333333333333,1.0,71.66666666666667,37.66666666666666,65.33333333333333,2.5,61.0,0.0,0.0,11.697417671917307,0.0
2061.0,1.0000000003572125,2.493805556107149,0.4009935730186682,567.5000002027181,78.16666669458878,185.0000000660843,304.333333442045,593.3651279275392,27.666666676549546,50.50000001803923,15.000000005358187,170.0000000607261,45.16666668280075,46.66666668333657,7.333333335952891,205.16666673995474,0.0,0.0,25.865127724821185,0.0
2062.0,606.5,1943.332785290857,0.3120927123705298,74.0,0.0,0.0,74.0,159.9735168946175,0.0,0.0,0.0,0.0,0.0,73.83333333333333,0.0,0.1666666666666666,0.0,0.0,30.973516233602663,55.000000661014816
2063.0,371.5,945.3716937998148,0.39296712862937294,1171.5,200.5,48.5,922.5,1284.0853172401364,55.0,145.5,10.333333333333334,38.16666666666666,178.0,77.33333333333333,370.6666666666667,296.5,8.856138493122499,0.0,70.22918994944702,33.499988797566765
2064.0,439.3333333333333,1299.5152154636903,0.3380747898181179,1071.6666666666667,501.83333333333337,93.66666666666666,476.1666666666667,1180.2745488606552,253.0,248.83333333333331,11.833333333333334,81.83333333333333,114.16666666666669,87.33333333333333,35.333333333333336,239.33333333333331,0.0,0.0,68.77454257797226,39.8333396160162
2065.0,409.3333333333333,1003.1211505934108,0.40805971750389897,29.0,0.0,0.0,29.0,97.95046376986984,0.0,0.0,0.0,0.0,0.0,28.83333333333333,0.0,0.1666666666666666,0.0,0.0,31.950463325187144,37.0000004446827
2066.0,754.3333333333334,2002.2857105984976,0.3767361118048721,464.83333333333337,85.33333333333333,23.333333333333336,356.1666666666667,782.6570059598597,17.833333333333332,67.5,3.6666666666666665,19.666666666666668,36.66666666666666,208.83333333333331,20.666666666666668,90.0,0.0,0.0,249.49036748323897,68.3333051432874
2067.0,681.3333333333334,1570.0220255396823,0.43396418792222397,504.33333333333337,90.16666666666669,25.166666666666668,389.0,619.7998818019706,41.833333333333336,48.333333333333336,3.1666666666666665,22.0,62.5,47.333333333333336,95.16666666666669,184.0,0.0,0.0,53.96653902476722,61.50000944387003
2068.0,196.33333333333331,478.5378882591936,0.4102775102041492,0.0,0.0,0.0,0.0,26.936201628361,0.0,0.0,0.0,0.0,0.0,0.0,0.0,0.0,0.0,0.0,8.936201412028874,18.000000216332122
2069.0,1398.5,3518.956491344439,0.39741895173750624,687.0,106.83333333333334,40.33333333333333,539.8333333333334,923.1087487956862,70.16666666666667,36.66666666666666,16.5,23.83333333333333,107.83333333333331,124.0,76.66666666666667,231.33333333333331,0.0,0.0,109.9422546778897,126.1664941177966
2070.0,1168.5,2677.9960992227293,0.43633371995543585,413.66666666666674,41.16666666666667,26.166666666666668,346.33333333333337,590.9940231353889,28.666666666666668,12.5,9.0,17.166666666666668,105.66666666666669,38.5,54.833333333333336,147.33333333333334,0.0,0.0,71.99402187304763,105.33333459567469
2071.0,811.6666666666666,2003.216989504152,0.4051816008547207,432.1666666666666,195.8333333333333,16.166666666666664,220.16666666666663,568.1140264990221,127.5,68.33333333333333,8.666666666666666,7.5,48.16666666666666,19.666666666666668,22.83333333333333,129.5,3.007783869292199,0.0,59.60627074887702,73.33330521418618
2072.0,619.0,1485.9056165521183,0.41658096793275595,0.0,0.0,0.0,0.0,84.17393662212594,0.0,0.0,0.0,0.0,0.0,0.0,0.0,0.0,0.0,0.0,28.173935949092662,56.00000067303327
2073.0,298.3333333333333,700.5362939859525,0.42586420702895894,150.16666666666669,34.66666666666667,22.666666666666664,92.83333333333334,204.5849128950097,23.166666666666668,11.5,2.333333333333333,20.33333333333333,16.0,12.666666666666666,4.833333333333333,59.333333333333336,2.0051892461947998,0.0,25.41305665765,27.000000324498185
2074.0,460.8333333333333,1281.1838603755098,0.35969336454040635,6151.333333333334,924.6666666666669,547.8333333333334,4678.833333333334,6501.821245109321,605.5,319.1666666666667,240.33333333333331,307.5,1254.1666666666667,503.1666666666667,556.6666666666666,2364.833333333333,8.187696428314386,0.0,300.9667886881415,41.33342665953148
2075.0,120.33333333333331,347.88942587342314,0.3458953460031742,1581.6666666666667,3.5,4.0,1574.1666666666667,1670.1333256860462,1.8333333333333333,1.6666666666666667,0.8333333333333334,3.1666666666666665,24.83333333333333,70.33333333333333,1465.8333333333333,13.166666666666666,0.0,0.0,77.46665888717648,11.000000132202963
2076.0,132.83333333333334,371.0947203690987,0.3579499411934896,1770.6666666666667,122.83333333333334,178.66666666666669,1469.1666666666667,1870.307544870628,90.16666666666669,32.666666666666664,10.333333333333334,168.33333333333334,550.1666666666666,273.8333333333333,150.33333333333334,494.8333333333333,1.0025946230973994,0.0,86.63828343664291,12.000000144221415
2077.0,374.0,1068.9912539750824,0.34986254434661423,309.0,31.833333333333336,32.5,244.66666666666669,377.08657576738347,22.5,9.333333333333334,2.5,30.0,58.0,46.0,40.833333333333336,99.83333333333331,0.0,0.0,34.08657535875616,34.00000040862734
2078.0,284.6666666666667,863.5173862667826,0.3296594500515584,288.0,13.666666666666666,7.833333333333334,266.5,340.0643610285904,12.0,1.6666666666666667,0.6666666666666666,7.166666666666667,15.166666666666666,189.5,6.833333333333333,55.0,0.0,0.0,26.06436071611064,26.00000031247973
2079.0,933.6666666666666,2008.0927590370727,0.4649519612402674,637.1666666666667,51.16666666666667,104.66666666666666,481.33333333333337,813.9939334335859,33.0,18.166666666666668,3.8333333333333335,100.83333333333331,47.16666666666666,262.0,11.5,160.66666666666666,0.0,0.0,92.49388890202609,84.33337786489322
2080.0,676.6666666666666,1683.4889167693027,0.40194304811060055,822.1666666666667,112.16666666666669,63.0,647.0,959.4033616600772,88.0,24.166666666666668,25.166666666666668,37.833333333333336,170.16666666666666,85.16666666666667,87.0,304.6666666666667,0.0,0.0,76.23669715747025,60.99999783594031
2081.0,216.66666666666663,523.5170529012727,0.41386744799605724,152.83333333333334,12.666666666666668,13.833333333333332,126.33333333333334,191.32937128865365,7.666666666666667,5.0,5.166666666666667,8.666666666666666,31.83333333333333,24.166666666666668,11.0,59.333333333333336,2.0051892461947998,0.0,16.824202113896533,19.666646595229
2082.0,475.3333333333333,1100.8601396513448,0.4317835810495209,2305.0,1223.0,722.1666666666667,359.83333333333337,2474.54334134804,740.0,483.0,490.6666666666667,231.5,35.666666666666664,82.33333333333333,13.5,228.33333333333331,0.0,0.0,126.54335823455608,42.999983113483005
2083.0,567.1666666666666,1191.2259318707754,0.47612014773381633,1083.1666666666663,219.16666666666669,62.33333333333333,801.6666666666666,1215.2666312561578,135.5,83.66666666666667,24.166666666666668,38.16666666666666,149.66666666666666,91.0,82.16666666666667,478.8333333333333,5.849313033990474,0.0,75.08387404217169,51.16677751332915
2084.0,0.0,0.0,0.0,1184.6666666666667,454.33333333333337,102.83333333333334,627.5,1240.5929368404643,279.0,175.33333333333334,7.666666666666667,95.16666666666669,117.0,160.16666666666666,36.333333333333336,314.0,2.0051892461947998,0.0,53.92108092760311,0.0
2085.0,241.33333333333331,587.7737785704757,0.41058880496554306,25.000000000000004,0.1666666666666666,0.0,24.833333333333336,71.12205438224088,0.1666666666666666,0.0,0.0,0.0,23.166666666666668,0.1666666666666666,1.1666666666666667,0.3333333333333333,0.0,0.0,24.122054117834946,22.00000026440593
2086.0,440.5,1220.3900368975803,0.3609501771415792,0.0,0.0,0.0,0.0,64.04962437494521,0.0,0.0,0.0,0.0,0.0,0.0,0.0,0.0,0.0,0.0,24.04962389420716,40.00000048073805
2087.0,402.1666666666667,1063.6748659989094,0.37809172663771395,0.0,0.0,0.0,0.0,61.30498429279244,0.0,0.0,0.0,0.0,0.0,0.0,0.0,0.0,0.0,0.0,25.304983860128196,36.000000432664244
2088.0,553.6666666666666,1467.0090920924686,0.37741188493722566,102.0,0.6666666666666666,14.5,86.83333333333333,181.842656213859,0.3333333333333333,0.3333333333333333,0.0,14.5,3.333333333333333,67.16666666666667,3.0,13.333333333333334,0.0,0.0,29.84265561293644,50.00000060092256
2089.0,130.0,321.45610674727993,0.404409800502569,161.5,17.0,33.833333333333336,110.66666666666666,186.7672596457377,9.5,7.5,32.5,1.3333333333333333,10.0,11.166666666666666,49.333333333333336,40.16666666666666,0.0,0.0,13.267259501516316,12.000000144221415
2090.0,500.0,1589.7311525303132,0.31451858963961893,87.0,0.5,0.1666666666666666,86.33333333333333,160.63950695345142,0.5,0.0,0.0,0.1666666666666666,0.3333333333333333,85.5,0.1666666666666666,0.3333333333333333,0.0,1.9220582670356592,26.717448145585447,45.00000054083031
2091.0,545.5,1348.9200368448658,0.4043975811019374,60.0,8.166666666666666,31.0,20.833333333333336,136.55959748108347,0.1666666666666666,8.0,30.83333333333333,0.1666666666666666,3.333333333333333,2.0,13.0,2.5,0.0,0.0,27.559596892179357,49.00000058890411
2092.0,963.0,2107.8731981826127,0.45685860080686497,263.5,25.166666666666664,121.33333333333331,117.0,407.3281016182991,12.666666666666666,12.5,117.0,4.333333333333333,13.833333333333334,46.5,7.333333333333333,49.333333333333336,1.0025946230973994,0.0,55.82550594959645,87.00000104560526
2093.0,170.33333333333334,504.1993187143585,0.33782936035625905,716.8333333333333,213.33333333333331,33.666666666666664,469.83333333333326,777.3953053525281,110.66666666666669,102.66666666666669,9.333333333333334,24.33333333333333,73.33333333333333,121.0,61.833333333333336,213.66666666666663,5.012973115486998,0.0,40.38231464850584,15.166684255201917
2094.0,523.0,1573.6400967477912,0.3323504536271496,1249.0,611.6666666666666,47.0,590.3333333333334,1376.6531552509475,423.5,188.16666666666663,13.833333333333334,33.166666666666664,88.16666666666667,38.16666666666666,91.33333333333331,372.6666666666667,0.0,0.0,80.65315468608044,47.00000056486721
2095.0,352.1666666666667,1119.4825387281378,0.31457986568220075,194.0,0.5,0.1666666666666666,193.33333333333331,250.8588643254197,0.1666666666666666,0.3333333333333333,0.0,0.1666666666666666,0.0,192.5,0.0,0.8333333333333334,0.0,0.0,24.858863940829263,32.00000038459044
2096.0,284.8333333333333,747.4157252644883,0.3810909025663585,0.0,0.0,0.0,0.0,39.8012023549709,0.0,0.0,0.0,0.0,0.0,0.0,0.0,0.0,1.0025946230973994,0.0,12.965253781020715,25.83335395085278
2097.0,652.3333333333334,1620.5653053599406,0.40253443114928644,176.5,39.66666666666666,21.83333333333333,115.0,279.2234740184118,11.833333333333334,27.83333333333333,3.0,18.83333333333333,26.33333333333333,18.0,7.5,63.16666666666666,0.0,0.0,43.72347330932316,59.000000709088624
2098.0,383.5,973.4331428368324,0.3939664504152624,295.0,4.333333333333334,5.333333333333333,285.3333333333333,370.3819373071998,3.333333333333333,1.0,1.0,4.333333333333333,14.333333333333334,14.5,185.66666666666663,70.83333333333333,0.0,0.0,40.88195720320817,34.49998010399161
2099.0,239.16666666666663,570.6648809612437,0.41910177872485804,234.83333333333331,10.333333333333334,46.16666666666666,178.33333333333334,295.09988627359115,7.5,2.833333333333333,1.5,44.66666666666666,42.333333333333336,35.5,36.0,64.5,10.025946230973997,0.0,28.57396298881844,21.666643720465327
2100.0,474.0,1555.5152219766233,0.3047221867733824,0.0,0.0,0.0,0.0,64.574226106244,0.0,0.0,0.0,0.0,0.0,0.0,0.0,0.0,0.0,0.0,21.5742255894506,43.0000005167934
2101.0,428.8333333333333,1084.737865661936,0.3953336072320549,352.16666666666663,26.5,27.83333333333333,297.8333333333333,435.57070923270174,19.83333333333333,6.666666666666667,4.0,23.83333333333333,58.5,102.33333333333331,8.166666666666666,128.83333333333334,9.023351607876595,0.0,35.547362958454435,38.83332799970415
2102.0,404.8333333333333,1049.4137405828951,0.3857709477945937,327.66666666666663,77.0,15.833333333333334,234.8333333333333,400.5133623231303,69.66666666666667,7.333333333333333,2.833333333333333,13.0,93.33333333333331,21.33333333333333,61.66666666666666,58.5,3.007783869292199,0.0,33.33891134774013,36.500000439431226
2103.0,357.5,753.3601763826722,0.47454061311890544,1646.3333333333333,424.33333333333337,68.16666666666667,1153.8333333333333,1769.5375569872356,349.1666666666667,75.16666666666667,13.833333333333334,54.333333333333336,241.66666666666663,233.66666666666663,56.0,622.5,0.0,0.0,91.2042232693119,32.00000038459044
2104.0,0.0,0.0,0.0,6491.0,910.1666666666666,893.5,4687.333333333333,6787.441187285907,756.0,154.16666666666666,237.33333333333331,656.1666666666666,1274.6666666666667,505.8333333333333,114.66666666666669,2792.1666666666665,1.0025946230973994,0.0,295.4385926628098,0.0
2105.0,543.6666666666666,1120.7724480174377,0.48508211245589783,2449.833333333333,371.3333333333333,178.16666666666666,1900.3333333333333,2635.083714243349,265.8333333333333,105.5,25.5,152.66666666666666,396.0,290.1666666666667,395.3333333333333,818.8333333333334,0.0,0.0,136.2503803211113,49.00000058890411
2106.0,314.0,685.7091891415484,0.4579200701584621,0.0,0.0,0.0,0.0,42.45861414734595,0.0,0.0,0.0,0.0,0.0,0.0,0.0,0.0,0.0,0.0,14.291970349518444,28.166643797827504
2107.0,362.0,778.3984777503255,0.4650574356802802,266.0,7.666666666666667,14.0,244.3333333333333,327.5835734547607,4.166666666666667,3.5,2.1666666666666665,11.833333333333334,28.5,44.0,109.33333333333331,62.5,0.0,0.0,28.58357305815186,33.00000039660889
2108.0,643.0,1184.5045137659197,0.5428430137051119,3145.5,897.0,313.0,1935.5,3375.9344731431106,393.5,503.5,79.0,234.0,215.66666666666663,80.0,811.0,828.8333333333334,0.0,0.0,172.43447244603965,58.00000069707017
2109.0,906.3333333333334,1963.4516612589389,0.4616020609095131,1188.6666666666667,149.66666666666666,40.5,998.5,1366.5353771033522,57.333333333333336,92.33333333333331,7.666666666666667,32.833333333333336,146.66666666666666,426.0,53.16666666666666,372.6666666666667,0.5009550541465435,0.0,95.36779501831607,81.99996036422309
2110.0,542.6666666666666,1397.5004115829354,0.38831234836774986,431.3333333333333,18.166666666666664,24.83333333333333,388.3333333333333,559.4993870303367,14.166666666666666,4.0,23.83333333333333,1.0,91.0,25.0,194.0,78.33333333333333,0.0,0.0,79.33271397282114,48.83333972418226
2111.0,0.0,0.0,0.0,2391.666662673447,189.33333301721498,1620.166663961573,582.1666656946585,2501.526507666507,155.66666640675953,33.666666610455486,1612.3333306413188,7.8333333202544955,75.33333320755386,83.99999985975033,3.833333326933051,418.99999930042134,1.0025946214234285,0.0,108.85725037163677,0.0
2112.0,428.3333333333333,1152.9596085364285,0.371507666150648,383.3333333333333,62.33333333333333,14.5,306.5,459.1099586656396,28.83333333333333,33.5,5.166666666666667,9.333333333333334,61.66666666666666,46.66666666666666,18.166666666666668,180.0,0.0,0.0,36.94326832489755,38.83335700740873
2113.0,441.0,1100.8944080801043,0.40058337726419946,1170.3333333333337,372.0,41.66666666666667,756.6666666666667,1283.6839152870791,174.16666666666666,197.83333333333331,9.333333333333334,32.333333333333336,107.66666666666669,83.83333333333333,62.0,503.1666666666667,0.0,0.0,73.35056987335881,40.00001208038702
2114.0,501.6666666666667,1162.4449404821123,0.43156165870411506,26.0,1.3333333333333333,0.0,24.666666666666668,95.3486670251434,0.3333333333333333,1.0,0.0,0.0,1.0,0.0,20.666666666666668,3.0,0.0,0.0,24.015295437277604,45.333371587865805
2115.0,256.3333333333333,641.2389274630681,0.3997469934451176,0.0,0.0,0.0,0.0,44.66741036419553,0.0,0.0,0.0,0.0,0.0,0.0,0.0,0.0,0.0,0.0,21.66741008777116,23.000000276424377
2116.0,272.3333333333333,601.5928227203049,0.4526871382904575,16.0,0.0,0.0,16.0,58.95936205845408,0.0,0.0,0.0,0.0,9.0,0.0,6.0,1.0,1.0025946230973994,0.0,17.123439603910857,24.833327831445825
2117.0,841.8333331742643,1958.8304056158913,0.4297632560535923,4194.8333325406975,164.99999996882235,224.99999995748502,3804.8333326143897,4500.911222030944,96.3333333151306,68.66666665369172,19.99999999622089,204.9999999612641,1957.999999630025,394.3333332588219,46.3333333245784,1406.1666664009638,0.8353815081854512,0.0,229.24245196631074,76.00005601575084
2118.0,0.0,0.0,0.0,2500.166666666667,386.8333333333333,1540.1666666666667,573.1666666666667,2613.9623343302733,335.0,51.833333333333336,166.16666666666666,1374.0,261.8333333333333,17.0,34.166666666666664,260.1666666666667,0.0,0.0,113.7956676636066,0.0
2119.0,806.3333333333334,1975.735776185306,0.408117999913014,1388.8333333333337,135.0,139.16666666666666,1114.6666666666667,1563.4127342488223,89.5,45.5,32.166666666666664,107.0,331.6666666666667,256.0,105.33333333333331,421.6666666666667,2.0051892461947998,0.0,99.90761375619488,72.66659791309962
2120.0,270.8333333333333,661.3325256699583,0.409526709818132,4229.5,1011.3333333333331,558.5,2659.6666666666665,4458.833352352465,506.5,504.8333333333333,173.5,385.0,527.0,432.0,405.3333333333333,1295.3333333333333,0.0,0.0,204.83336366306375,24.4999886894007
2121.0,378.8333333333333,997.6432312518342,0.37972826504117757,1243.0,256.0,101.16666666666669,885.8333333333334,1369.8296003790924,93.33333333333331,162.66666666666666,4.5,96.66666666666669,177.0,124.16666666666669,151.66666666666666,433.0,0.0,3.8441165340713184,88.81879065597552,34.16669318904551
2122.0,642.5,1777.6786096516369,0.3614264111137095,264.33333333333337,104.5,26.0,133.83333333333334,363.7734425508999,98.5,6.0,5.0,21.0,26.166666666666668,27.33333333333333,23.0,57.333333333333336,0.0,0.0,41.27349697336707,58.16661224419952
2123.0,445.0,1176.6002965714258,0.3782083017458989,755.0,27.666666666666664,26.166666666666668,701.1666666666666,859.952493447316,19.0,8.666666666666666,1.1666666666666667,25.0,110.66666666666669,443.8333333333333,30.166666666666668,116.5,0.0,0.0,64.61908420321399,40.33340924410204
2124.0,441.5,1236.5813895738286,0.3570327062355007,60.0,0.1666666666666666,0.0,59.833333333333336,150.82586010583515,0.1666666666666666,0.0,0.0,0.0,0.0,59.5,0.0,0.3333333333333333,0.0,0.0,50.82585962509712,40.00000048073805
2125.0,143.49998945564633,407.15606840330247,0.352444678077362,0.0,0.0,0.0,0.0,19.53119833218492,0.0,0.0,0.0,0.0,0.0,0.0,0.0,0.0,0.0,0.0,6.5311991311826825,12.999999201002236
2126.0,505.16666666522593,1486.3484533448745,0.33987095389940375,3.999999999988592,0.0,0.0,3.999999999988592,73.84394593538009,0.0,0.0,0.0,0.0,0.0,0.0,3.999999999988592,0.0,1.00259462309454,0.0,23.174666689904768,45.66668462239219
2127.0,523.0,1104.5873517504624,0.4734799825212475,2229.0,1139.3333333333337,9.833333333333332,1079.8333333333333,2404.5908730774454,1133.6666666666667,5.666666666666667,7.333333333333333,2.5,275.3333333333333,8.5,8.333333333333334,787.6666666666666,0.0,0.0,128.2575826896405,47.33329038780504
2128.0,1.0,1.0,1.0,6088.833333333334,916.8333333333334,528.6666666666666,4643.333333333334,6366.032026653151,729.0,187.83333333333331,164.66666666666666,364.0,1183.0,794.6666666666666,269.3333333333333,2396.333333333333,0.0,0.0,277.19869331981687,0.0
2129.0,967.1666666666666,2212.87390289933,0.43706361460518606,2026.6666666666667,431.0,206.5,1389.1666666666667,2269.266949984859,332.3333333333333,98.66666666666669,33.833333333333336,172.66666666666666,244.0,132.66666666666666,118.66666666666669,893.8333333333334,2.0051892461947998,0.0,153.26175388434743,87.33334018765038
2130.0,343.8333333333333,959.9026218295757,0.35819605605200505,0.0,0.0,0.0,0.0,52.64945911539952,0.0,0.0,0.0,0.0,0.0,0.0,0.0,0.0,0.0,0.0,21.64945874282753,31.00000037257199
2131.0,19.0,53.3575277699756,0.3560884620050058,147.0,0.1666666666666666,0.3333333333333333,146.5,156.55553050473057,0.0,0.1666666666666666,0.1666666666666666,0.1666666666666666,0.0,146.16666666666666,0.0,0.3333333333333333,0.0,0.0,7.55553048069367,2.0000000240369022
2132.0,373.8333333333333,951.4329835213866,0.3929160958344368,181.0,0.3333333333333333,0.0,180.66666666666663,247.91995330975044,0.3333333333333333,0.0,0.0,0.0,0.1666666666666666,180.5,0.0,0.0,0.0,0.0,33.25328623486041,33.66666707489003
2133.0,0.0,0.0,0.0,0.0,0.0,0.0,0.0,2.0051892461947998,0.0,0.0,0.0,0.0,0.0,0.0,0.0,0.0,2.0051892461947998,0.0,0.0,0.0
2134.0,1459.0,3337.7416805882463,0.43712190445572907,2398.0,308.5,124.5,1965.0,2708.2553972538294,232.33333333333331,76.16666666666667,42.66666666666666,81.83333333333333,383.0,248.5,190.66666666666663,1142.8333333333333,3.007783869292199,0.0,175.41429880576257,131.8333145787748
2135.0,663.8333333333334,2291.9581064234285,0.28963589320104843,64.0,0.0,0.0,64.0,160.1278050645301,0.0,0.0,0.0,0.0,0.0,63.833333333333336,0.1666666666666666,0.0,0.0,0.0,36.12780434342302,60.00000072110708
2136.0,781.0,2012.2731886469912,0.38811827559315015,11.0,0.0,4.666666666666667,6.333333333333333,153.5475650480423,0.0,0.0,4.666666666666667,0.0,0.0,3.0,3.1666666666666665,0.1666666666666666,0.0,0.0,72.04756130118314,70.50000374685915
2137.0,223.83333334380615,696.2496155183588,0.32148431877719874,0.0,0.0,0.0,0.0,30.18780347482792,0.0,0.0,0.0,0.0,0.0,0.0,0.0,0.0,0.0,0.0,10.187803233523125,20.000000241304793
2138.0,4061.8333333333335,10691.588366293216,0.3799092514765021,80.5,15.833333333333334,2.833333333333333,61.833333333333336,636.0393785696356,12.833333333333334,3.0,2.0,0.8333333333333334,11.833333333333334,3.5,5.5,41.0,0.0,0.0,188.53937415886404,367.0000044107716
2139.0,722.3333333333334,1869.812266574665,0.38631329264760134,2897.1666666666665,327.3333333333333,280.8333333333333,2289.0,3126.9128004929125,213.66666666666663,113.66666666666669,33.333333333333336,247.5,1000.1666666666666,398.8333333333333,43.333333333333336,846.6666666666666,0.0,0.0,164.74613304504666,65.00000078119933
2140.0,1109.8333333333333,2899.788487732769,0.38272906387081645,8118.0,997.8333333333331,689.6666666666666,6430.5,8638.00978776622,669.0,328.8333333333333,361.3333333333333,328.3333333333333,2077.5,785.3333333333334,749.3333333333334,2818.333333333333,0.0,0.0,420.00978656437496,100.00000120184512
2141.0,1110.0,3194.1211661410707,0.3475134292857868,7221.5,939.3333333333331,664.6666666666667,5617.5,7700.713157005157,597.1666666666666,342.1666666666667,303.1666666666667,361.5,1778.8333333333333,893.1666666666666,691.0,2254.5,0.0,0.0,379.2131558033112,100.00000120184512
2142.0,1.0,2.742667001406595,0.3646086088785636,5457.500000000001,426.6666666666667,402.5,4628.333333333334,5705.937893108434,290.6666666666667,136.0,105.66666666666669,296.8333333333333,2003.6666666666667,704.0,308.1666666666667,1612.5,0.0,0.0,248.43789310843408,0.0
2143.0,0.0,0.0,0.0,1784.4999999999998,398.1666666666666,82.16666666666667,1304.1666666666663,1865.717285787283,271.8333333333333,126.33333333333331,23.666666666666668,58.5,274.0,117.66666666666669,77.83333333333333,834.6666666666666,0.0,0.0,81.21728578728269,0.0
2144.0,417.1666666666667,901.9048649946392,0.4625395458634612,389.3333333333333,26.5,24.0,338.8333333333333,484.04217548906144,15.5,11.0,6.0,18.0,100.33333333333331,49.333333333333336,45.0,144.16666666666666,0.0,0.0,56.70884169902695,38.00000045670115
2145.0,304.1666666666667,695.0434858797781,0.43762249822636057,0.0,0.0,0.0,0.0,101.34412486303114,0.0,0.0,0.0,0.0,0.0,0.0,0.0,0.0,0.0,0.0,73.84416224657967,27.499962616451462
2146.0,835.9999997950807,1880.1700826353501,0.4446406245456778,191.99999995293717,3.499999999142084,30.499999992523875,157.99999996127121,313.7896715121373,2.333333332761389,1.1666666663806948,14.833333329697405,15.666666662826472,47.33333332173105,58.166666652408914,1.4999999996323217,50.99999998749894,0.0,0.0,46.7896706762002,75.00000088299993
2147.0,476.0,1035.802774970207,0.45954694416964775,0.0,0.0,0.0,0.0,64.66525659396319,0.0,0.0,0.0,0.0,0.0,0.0,0.0,0.0,0.0,0.0,21.6652560771698,43.0000005167934
2148.0,262.99999916813425,610.3097896573946,0.4309286916661991,0.0,0.0,0.0,0.0,35.97050930974347,0.0,0.0,0.0,0.0,0.0,0.0,0.0,0.0,0.0,0.0,11.970509097212341,24.000000212531127
2149.0,370.0,961.9226671376074,0.38464630540520345,8676.333333333334,1062.3333333333337,741.0,6873.0,9267.079611055402,713.8333333333334,348.5,389.1666666666667,351.8333333333333,2223.5,893.0,871.0,2885.5,0.0,0.0,557.7462773254592,33.00000039660889
2150.0,392.0,847.9843520675082,0.4622726811458813,688.8333333333333,90.5,49.66666666666667,548.6666666666666,773.0282685861837,68.0,22.5,4.333333333333333,45.333333333333336,91.5,54.5,101.83333333333331,300.8333333333333,0.0,0.0,49.194934832204616,35.0000004206458
2151.0,414.1666666666667,888.3259178449107,0.46623278500242343,0.0,0.0,0.0,0.0,94.18368155872234,0.0,0.0,0.0,0.0,0.0,0.0,0.0,0.0,0.0,0.0,56.85034197199452,37.333339586727824
2152.0,518.8333333333334,1135.5272373102343,0.456909633063768,126.0,7.0,13.833333333333334,105.16666666666666,202.34961016811664,4.833333333333333,2.1666666666666665,1.8333333333333333,12.0,21.5,33.166666666666664,2.5,48.0,0.0,0.0,29.34960960324943,47.00000056486721
2153.0,0.0,0.0,0.0,578.6666666666667,98.0,103.83333333333334,376.83333333333337,605.004565224171,94.66666666666669,3.333333333333333,8.166666666666666,95.66666666666669,13.166666666666666,297.5,3.5,62.66666666666666,0.0,0.0,26.337898557504317,0.0
2154.0,364.6666666666667,803.5992670102704,0.45379168652477886,2167.6666666666665,98.66666666666666,146.83333333333334,1922.1666666666663,2316.0986371690337,54.0,44.66666666666666,6.833333333333333,140.0,738.5,441.8333333333333,26.5,715.3333333333334,0.0,0.0,115.26541658484494,33.16655391752255
2155.0,725.6666666666666,1798.467435882241,0.4034916908632764,0.0,0.0,0.0,0.0,98.69551803010684,0.0,0.0,0.0,0.0,0.0,0.0,0.0,0.0,0.0,0.0,33.02884477312505,65.66667325698177
2156.0,515.8333333333334,1442.8632152917064,0.3575067462157502,92.0,6.833333333333333,2.0,83.16666666666667,166.33233272279278,0.0,6.833333333333333,0.0,2.0,13.0,1.3333333333333333,3.1666666666666665,65.66666666666667,0.0,0.0,27.665636483958316,46.66669623883448
2157.0,0.0,0.0,0.0,124.0,15.833333333333332,49.66666666666666,58.5,129.64305428610498,10.0,5.833333333333333,4.666666666666667,45.0,9.166666666666666,9.833333333333334,5.5,34.0,0.0,0.0,5.643054286104974,0.0
2158.0,1110.5,2581.79893055768,0.4301264466633454,2127.5,110.0,129.33333333333334,1888.1666666666663,2375.2605484424766,73.0,37.0,11.166666666666666,118.16666666666669,410.6666666666667,199.33333333333331,60.833333333333336,1217.3333333333333,0.0,0.0,147.42656409734437,100.33398434513242
2159.0,1.333333332778697,4.196543388517455,0.3177218032409606,23.833333323419204,1.4999999993760342,12.499999994800284,9.833333329242889,24.978958353572253,1.333333332778697,0.16666666659733706,0.8333333329866857,11.666666661813599,0.0,2.666666665557394,0.16666666659733706,6.9999999970881595,0.0,0.0,1.1456250301530468,0.0
2160.0,0.0,0.0,0.0,0.0,0.0,0.0,0.0,0.0,0.0,0.0,0.0,0.0,0.0,0.0,0.0,0.0,0.0,0.0,0.0,0.0
2161.0,0.0,0.0,0.0,4407.0,873.3333333333333,399.1666666666666,3134.5,4607.579178931359,554.5,318.8333333333333,150.5,248.66666666666663,704.8333333333334,343.6666666666667,323.3333333333333,1762.6666666666667,0.0,0.0,200.57917893135848,0.0
2162.0,208.5,535.0204362352428,0.3897047400042207,0.0,0.0,0.0,0.0,44.49276202138254,0.0,0.0,0.0,0.0,0.0,0.0,0.0,0.0,1.0025946230973994,0.0,24.49016716993457,19.000000228350576
2163.0,196.66666666666663,489.45571398422953,0.4018068663777073,0.0,0.0,0.0,0.0,36.80019544899132,0.0,0.0,0.0,0.0,0.0,0.0,0.0,0.0,6.015567738584398,0.0,12.95129996309026,17.833327747316662
2164.0,91.0,239.13692096452823,0.38053513289776886,80.0,0.0,0.1666666666666666,79.83333333333333,97.78819374375178,0.0,0.0,0.0,0.1666666666666666,0.0,79.5,0.0,0.3333333333333333,2.0051892461947998,0.0,7.783004401409355,8.00000009614761
2165.0,117.0,311.5686375397392,0.37551918230241377,1175.6666666666667,117.83333333333331,163.83333333333334,894.0,1248.3321876459725,79.33333333333333,38.5,50.833333333333336,113.0,203.0,305.6666666666667,78.0,307.3333333333333,3.007783869292199,0.0,58.82442975822921,10.833307351784796
2166.0,287.0,809.0878490601782,0.35472044269775405,174.66666666666666,37.16666666666666,19.0,118.5,233.18970857245552,35.0,2.1666666666666665,6.0,13.0,9.666666666666666,47.333333333333336,26.33333333333333,35.166666666666664,4.010378492389599,0.0,29.01262539287282,25.500038020526446
2167.0,667.5,1718.763963867377,0.3883604811553435,904.0,124.16666666666669,28.5,751.3333333333333,1040.7075080636755,39.5,84.66666666666667,3.6666666666666665,24.83333333333333,153.66666666666666,78.0,80.5,439.1666666666667,5.012973115486998,0.0,71.52791397597406,60.16662097221465
2168.0,35.0,93.75635427566044,0.3733080309105636,235.66666666666669,21.166666666666668,91.66666666666669,122.83333333333334,254.99651372913013,15.5,5.666666666666667,14.166666666666666,77.5,32.833333333333336,16.833333333333332,5.666666666666667,67.5,4.010378492389599,0.0,12.319468534018476,3.000000036055354
2169.0,232.33333333333331,659.8102087480116,0.35212145894830166,0.0,0.0,0.0,0.0,37.58006152254173,0.0,0.0,0.0,0.0,0.0,0.0,0.0,0.0,2.0051892461947998,0.0,14.574872023959458,21.00000025238748
2170.0,0.0,0.0,0.0,970.0,76.16666666666667,485.33333333333337,408.5,1018.1603782867642,72.16666666666667,4.0,45.16666666666666,440.1666666666667,76.66666666666667,43.0,84.16666666666667,204.66666666666663,4.010378492389599,0.0,44.14999979437471,0.0
2171.0,180.33333333333331,463.6577705736035,0.3889362904675103,0.0,0.0,0.0,0.0,26.213056216605597,0.0,0.0,0.0,0.0,0.0,0.0,0.0,0.0,2.0051892461947998,0.0,8.207866778115575,16.000000192295218
2172.0,180.16666666666663,617.8509154109861,0.29160216837555736,0.0,0.0,0.0,0.0,33.20803704923722,0.0,0.0,0.0,0.0,0.0,0.0,0.0,0.0,3.007783869292199,0.0,14.200252987649804,16.000000192295218
2173.0,182.0,617.0717349347219,0.2949413977278561,0.0,0.0,0.0,0.0,34.61710027488944,0.0,0.0,0.0,0.0,0.0,0.0,0.0,0.0,0.0,0.0,18.283743538653614,16.33335673623582
2174.0,120.66666666666669,353.57398951640204,0.3412769893840538,58.0,16.666666666666664,3.166666666666667,38.16666666666667,77.13199871750095,12.166666666666666,4.5,1.5,1.6666666666666667,7.166666666666667,3.5,4.166666666666667,23.33333333333333,0.0,0.0,8.131998585297998,11.000000132202963
2175.0,215.16666666666663,549.1559544515742,0.3918134091463093,116.33333333333334,23.0,5.0,88.33333333333334,178.0893575458744,15.0,8.0,3.0,2.0,16.0,9.333333333333334,9.666666666666666,53.333333333333336,0.0,0.0,42.08938051611263,19.666643696428423
2176.0,9.0,21.07438664460709,0.42705869223022386,0.0,0.0,0.0,0.0,9.430394191534052,0.0,0.0,0.0,0.0,0.0,0.0,0.0,0.0,8.020756984779197,0.0,0.4096371947364037,1.0000000120184511
2177.0,425.1666666666667,1084.0561763313406,0.3921998471569198,0.0,0.0,0.0,0.0,58.855085792526985,0.0,0.0,0.0,0.0,0.0,0.0,0.0,0.0,1.0025946230973994,0.0,19.352519715181558,38.49997145424803
2178.0,1239.0,3242.3025990975507,0.3821358315984628,866.1666666666666,93.66666666666669,292.8333333333333,479.6666666666666,1081.5454000944578,67.0,26.666666666666668,57.66666666666666,235.16666666666663,79.33333333333333,108.5,48.833333333333336,243.0,0.0,7.688233069583362,95.85727591384163,111.8332244443662
2179.0,263.6666666666667,719.9015732348915,0.36625377200090764,1282.1666666666667,165.83333333333331,89.16666666666667,1027.1666666666667,1376.1482887838256,82.83333333333333,83.0,12.666666666666666,76.5,247.83333333333331,229.0,38.833333333333336,511.5,0.0,0.0,70.3149812761037,23.66664084105527
2180.0,203.16666666666663,694.7542103016743,0.29242955804247395,0.0,0.0,0.0,0.0,35.938023865460075,0.0,0.0,0.0,0.0,0.0,0.0,0.0,0.0,1.0025946230973994,7.688233069583362,9.247195956447191,18.000000216332122
2181.0,369.1666666666667,941.9181094739912,0.3919307453095107,119.66666666666666,6.833333333333334,26.33333333333333,86.5,183.090536646215,4.5,2.333333333333333,2.333333333333333,24.0,8.333333333333334,7.333333333333333,8.333333333333334,62.5,3.007783869292199,0.0,27.249424848925383,33.166661261330745
2182.0,1258.3333333333333,3197.417726544696,0.3935467433256389,427.33333333333337,13.833333333333332,21.33333333333333,392.1666666666667,617.4291501246902,10.166666666666666,3.6666666666666665,6.333333333333333,15.0,36.5,265.3333333333333,28.166666666666668,62.16666666666666,0.0,0.0,76.76238926649688,113.33342752485996
2183.0,1072.0,2714.439207960356,0.3949250352913619,91.0,0.0,3.0,88.0,240.93422977450507,0.0,0.0,0.0,3.0,0.0,88.0,0.0,0.0,0.0,0.0,52.934228608715294,97.00000116578978
2184.0,62.333333333333336,157.18966842950672,0.39654853882007735,384.5,14.5,222.66666666666663,147.33333333333331,410.8377529783672,13.0,1.5,10.166666666666666,212.5,13.833333333333334,21.166666666666668,6.5,105.83333333333331,0.0,0.0,20.33775290625645,6.000000072110708
2185.0,730.1666627622814,2085.1806417540574,0.35016950001418773,5608.333303344161,850.6666621179376,830.833328890658,3926.833312335565,6424.079699210565,563.6666636525989,286.99999846533865,347.8333314733808,482.99999741727726,1032.6666611447376,514.3333305830633,425.3333310589688,1954.4999895487958,0.0,461.293981679532,288.6205163822295,65.83189780464234
2186.0,598.3333331164382,1547.6417850268465,0.386609704458231,2276.4999991747713,245.4999999110065,323.4999998827316,1707.4999993810331,2463.4227497684487,159.1666666089689,86.33333330203759,43.8333333174438,279.6666665652878,453.9999998354255,234.99999991481275,84.16666663615635,934.3333329946386,2.0051892454679208,0.0,130.91742726143184,54.00013408677821
2187.0,30.8,56.5,0.5451327433628319,0.0,0.0,0.0,0.0,0.0,0.0,0.0,0.0,0.0,0.0,0.0,0.0,0.0,0.0,0.0,0.0,0.0
2188.0,451.8,1102.5,0.40979591836734697,0.0,0.0,0.0,0.0,0.0,0.0,0.0,0.0,0.0,0.0,0.0,0.0,0.0,0.0,0.0,0.0,0.0
2189.0,203.30000000000004,496.6000000000001,0.4093838099073701,10.0,0.0,0.0,10.0,10.0,0.0,0.0,0.0,0.0,0.0,10.0,0.0,0.0,0.0,0.0,0.0,0.0
2190.0,7.000000014486569,14.100000029180089,0.49645390070921985,55.00000011382304,53.90000011154658,0.0,1.1000000022764609,55.00000011382304,0.0,53.90000011154658,0.0,0.0,0.0,1.1000000022764609,0.0,0.0,0.0,0.0,0.0,0.0
2191.0,0.0,0.0,0.0,0.0,0.0,0.0,0.0,0.0,0.0,0.0,0.0,0.0,0.0,0.0,0.0,0.0,0.0,0.0,0.0,0.0
2192.0,71.30000013917446,102.0000001990995,0.6990196078431372,51.00000009954975,51.00000009954975,0.0,0.0,51.00000009954975,0.0,51.00000009954975,0.0,0.0,0.0,0.0,0.0,0.0,0.0,0.0,0.0,0.0
2193.0,15.30000000049445,26.300000000849934,0.5817490494296579,0.0,0.0,0.0,0.0,0.0,0.0,0.0,0.0,0.0,0.0,0.0,0.0,0.0,0.0,0.0,0.0,0.0
2194.0,23.30000007679332,43.40000014303992,0.5368663594470047,113.60000037440864,79.40000026169055,0.0,34.200000112718094,113.60000037440864,33.700000111070175,45.70000015062039,0.0,0.0,0.0,0.0,0.0,34.200000112718094,0.0,0.0,0.0,0.0
2195.0,83.89999999785203,147.099999996234,0.5703602991162475,69.09999999823094,24.69999999936764,0.0,44.3999999988633,69.09999999823093,11.099999999715823,13.59999999965182,0.0,0.0,0.0,9.699999999751665,0.0,34.69999999911163,0.0,0.0,0.0,0.0
2196.0,206.80000000000004,281.4,0.734896943852168,207.1,114.2,0.0,92.9,207.1,0.0,114.2,0.0,0.0,0.0,40.9,0.0,52.0,0.0,0.0,0.0,0.0
2197.0,33.200005185941635,46.60000727906265,0.7124463519313305,720.8001125911666,541.3000845527171,0.0,179.50002803844947,720.8001125911666,35.700005576449286,505.6000789762678,0.0,0.0,0.0,35.600005560828976,0.0,143.9000224776205,0.0,0.0,0.0,0.0
2198.0,0.0,0.0,0.0,0.0,0.0,0.0,0.0,0.0,0.0,0.0,0.0,0.0,0.0,0.0,0.0,0.0,0.0,0.0,0.0,0.0
2199.0,20.29999999947207,55.399999998559245,0.36642599277978344,97.99999999745137,0.0,0.0,97.99999999745137,97.99999999745137,0.0,0.0,0.0,0.0,10.99999999971393,0.0,0.0,86.99999999773745,0.0,0.0,0.0,0.0
2200.0,1.0,2.3694041619773003,0.42204703446012615,162.0,0.3333333333333333,0.0,161.66666666666666,169.41898474911486,0.1666666666666666,0.1666666666666666,0.0,0.0,0.1666666666666666,161.0,0.3333333333333333,0.1666666666666666,0.0,0.0,7.418984749114869,0.0
2201.0,0.0,0.0,0.0,0.0,0.0,0.0,0.0,0.0,0.0,0.0,0.0,0.0,0.0,0.0,0.0,0.0,0.0,0.0,0.0,0.0
2202.0,0.0,0.0,0.0,5.000000001661408,0.0,0.0,5.000000001661408,5.000000001661408,0.0,0.0,0.0,0.0,0.0,5.000000001661408,0.0,0.0,0.0,0.0,0.0,0.0
2203.0,0.0,0.0,0.0,0.0,0.0,0.0,0.0,0.0,0.0,0.0,0.0,0.0,0.0,0.0,0.0,0.0,0.0,0.0,0.0,0.0
2204.0,0.0,0.0,0.0,0.0,0.0,0.0,0.0,0.0,0.0,0.0,0.0,0.0,0.0,0.0,0.0,0.0,0.0,0.0,0.0,0.0
2205.0,0.0,0.0,0.0,0.0,0.0,0.0,0.0,10.0,0.0,0.0,0.0,0.0,0.0,0.0,0.0,0.0,0.0,0.0,10.0,0.0
2206.0,4.0,17.9,0.223463687150838,15.0,4.5,0.0,10.5,15.0,0.0,4.5,0.0,0.0,0.0,0.0,0.0,10.5,0.0,0.0,0.0,0.0
2207.0,31.899999999999995,62.70000000000001,0.5087719298245612,0.0,0.0,0.0,0.0,0.0,0.0,0.0,0.0,0.0,0.0,0.0,0.0,0.0,0.0,0.0,0.0,0.0
2208.0,0.0,0.0,0.0,0.0,0.0,0.0,0.0,0.0,0.0,0.0,0.0,0.0,0.0,0.0,0.0,0.0,0.0,0.0,0.0,0.0
2209.0,0.0,0.0,0.0,0.0,0.0,0.0,0.0,0.0,0.0,0.0,0.0,0.0,0.0,0.0,0.0,0.0,0.0,0.0,0.0,0.0
2210.0,0.0,0.0,0.0,0.0,0.0,0.0,0.0,0.0,0.0,0.0,0.0,0.0,0.0,0.0,0.0,0.0,0.0,0.0,0.0,0.0
2211.0,1.0000000000684826,1.7467455828692013,0.5724932181742715,0.0,0.0,0.0,0.0,0.0455152438627173,0.0,0.0,0.0,0.0,0.0,0.0,0.0,0.0,0.0,0.0,0.0455152438627173,0.0
2212.0,2.0000000561968747,3.6182645646599583,0.5527511934122024,0.0,0.0,0.0,0.0,0.09103049027701526,0.0,0.0,0.0,0.0,0.0,0.0,0.0,0.0,0.0,0.0,0.09103049027701526,0.0
2213.0,0.0,0.0,0.0,0.0,0.0,0.0,0.0,0.0,0.0,0.0,0.0,0.0,0.0,0.0,0.0,0.0,0.0,0.0,0.0,0.0
2214.0,0.0,0.0,0.0,0.0,0.0,0.0,0.0,0.0,0.0,0.0,0.0,0.0,0.0,0.0,0.0,0.0,0.0,0.0,0.0,0.0
2215.0,0.0,0.0,0.0,0.0,0.0,0.0,0.0,0.0,0.0,0.0,0.0,0.0,0.0,0.0,0.0,0.0,0.0,0.0,0.0,0.0
2216.0,0.0,0.0,0.0,0.0,0.0,0.0,0.0,0.0,0.0,0.0,0.0,0.0,0.0,0.0,0.0,0.0,0.0,0.0,0.0,0.0
154.0,0.0,0.0,0.0,0.0,0.0,0.0,0.0,3.0069928760595475,0.0,0.0,0.0,0.0,0.0,0.0,0.0,0.0,3.0069928760595475,0.0,0.0,0.0
155.0,76.16666666666667,186.7956193336582,0.4077540305193999,0.0,0.0,0.0,0.0,34.37884809342665,0.0,0.0,0.0,0.0,0.0,0.0,0.0,0.0,22.218193035763743,0.0,8.15600637551139,4.00464868215151
156.0,6.0,15.710574028703295,0.3819083878818158,0.0,0.0,0.0,0.0,31.310188820272582,0.0,0.0,0.0,0.0,0.0,0.0,0.0,0.0,31.07225971928199,0.0,0.2379291009905924,0.0
157.0,386.5,1017.3433228459222,0.3799110794955656,0.0,0.0,0.0,0.0,87.12844978865226,0.0,0.0,0.0,0.0,0.0,0.0,0.0,0.0,41.26260488220448,0.0,27.00578260959857,18.8600622968492
158.0,830.3333333333334,1651.4276512932045,0.5027972812996765,28.0,7.666666666666667,1.8333333333333333,18.5,217.1634904828462,7.666666666666667,0.0,1.8333333333333333,0.0,1.3333333333333333,4.0,2.1666666666666665,11.0,24.223223322663912,0.0,124.5516530641912,40.38861409599109
159.0,0.0,0.0,0.0,1774.5,0.0,835.0,939.5,1966.4875270970836,0.0,0.0,510.3333333333333,324.6666666666667,44.0,0.0,44.16666666666666,851.3333333333334,49.61519827021897,72.0,70.37232882686438,0.0
160.0,3.1666666666666665,6.571533945925725,0.4818763309637871,709.1666666666666,0.0,182.5,526.6666666666666,754.6253872880362,0.0,0.0,179.66666666666666,2.833333333333333,32.166666666666664,0.0,30.0,464.5,17.2069066118583,0.0,28.25181400951135,0.0
161.0,263.6666666666667,571.2055767288251,0.4615968005365608,5.0,0.0,5.0,0.0,41.03421414001098,0.0,0.0,5.0,0.0,0.0,0.0,0.0,0.0,4.844620479707089,0.0,18.337029883911697,12.852563776392197
162.0,444.3333333333333,1014.9432609662762,0.43779130363435886,862.8333333333333,0.0,259.6666666666667,603.1666666666666,1017.3343344473644,0.0,0.0,259.6666666666667,0.0,34.5,0.0,44.0,524.6666666666666,40.0937296259164,0.0,92.70939661080308,21.69787487731171
163.0,144.83333333333334,269.32226721908097,0.5377696201239768,29.166666666666668,8.333333333333334,1.3333333333333333,19.5,46.243605623498105,8.333333333333334,0.0,1.3333333333333333,0.0,1.6666666666666667,5.333333333333333,2.6666666666666665,9.833333333333334,2.8397125618720174,0.0,7.059701887732852,7.177524507226566
164.0,421.0,940.1831212635924,0.4477851074737251,26.833333333333336,5.166666666666667,2.0,19.666666666666668,101.1580108207787,5.166666666666667,0.0,2.0,0.0,3.0,3.5,5.166666666666667,8.0,14.702000678823389,0.0,39.09614509999377,20.52653170862821
165.0,0.0,0.0,0.0,1201.8333333333333,3.1666666666666665,690.8333333333333,507.83333333333337,1259.527013405942,0.1666666666666666,3.0,649.1666666666666,41.66666666666666,36.0,0.0,48.66666666666666,423.1666666666667,10.023309586865158,0.0,47.67037048574336,0.0
166.0,487.6666666666667,1305.0605961825186,0.37367358120623567,107.0,0.0,29.166666666666668,77.83333333333333,266.6868185801168,0.0,0.0,29.166666666666668,0.0,4.833333333333333,0.0,6.166666666666667,66.83333333333333,22.384736793501784,0.0,113.43374244595354,23.86833934066149
167.0,714.5,1515.1797211972687,0.4715612214209246,13.333333333333332,5.5,2.1666666666666665,5.666666666666666,93.05996291382516,5.5,0.0,2.1666666666666665,0.0,0.3333333333333333,2.6666666666666665,0.5,2.1666666666666665,16.037786617440016,0.0,28.80582414387473,34.88301881917709
168.0,224.16666666666663,594.704568791119,0.3769378586116123,0.0,0.0,0.0,0.0,23.08352512071709,0.0,0.0,0.0,0.0,0.0,0.0,0.0,0.0,2.6731695266022903,0.0,9.559932402965549,10.850423191149256
169.0,352.0,907.2936962337208,0.38796698517932177,0.0,0.0,0.0,0.0,82.67730715391394,0.0,0.0,0.0,0.0,0.0,0.0,0.0,0.0,6.514108121184196,0.0,59.13800438186613,17.025194650863614
170.0,137.33333333333334,360.6110026604784,0.3808351168437173,7.166666666666666,6.833333333333333,0.0,0.3333333333333333,63.897943782793945,0.0,6.833333333333333,0.0,0.0,0.0,0.0,0.0,0.3333333333333333,16.538644280622766,0.0,33.35063443606837,6.841998399436146
171.0,475.6666666666667,1270.224153145777,0.3744745881966211,0.0,0.0,0.0,0.0,71.28719676966676,0.0,0.0,0.0,0.0,0.0,0.0,0.0,0.0,10.858973878885008,0.0,37.22876663966939,23.199456251112363
172.0,267.6666666666667,696.4751319139135,0.38431618646758964,122.83333333333331,13.0,3.8333333333333335,106.0,179.48958291764248,13.0,0.0,3.8333333333333335,0.0,3.6666666666666665,85.5,3.5,13.333333333333334,7.851367355304596,0.0,35.61956835503499,13.185313873969577
173.0,882.8333333333334,2301.204912336746,0.3836396005416419,295.6666666666667,34.666666666666664,22.5,238.5,440.5924006888977,34.666666666666664,0.0,21.83333333333333,0.6666666666666666,19.33333333333333,26.666666666666668,82.66666666666667,109.83333333333331,12.19512818702878,0.0,89.50027931800719,43.23032651719507
174.0,726.0,1878.819813859528,0.3864127867103067,188.66666666666669,24.33333333333333,12.5,151.83333333333334,282.26471811018945,24.33333333333333,0.0,12.5,0.0,19.666666666666668,18.166666666666668,36.333333333333336,77.66666666666667,19.54526950962349,0.0,38.66935030008515,35.383431633814105
175.0,672.0,1772.59498840716,0.37910521263735153,294.16666666666663,30.666666666666668,107.5,156.0,389.9674720143983,30.666666666666668,0.0,23.0,84.5,17.166666666666668,13.833333333333334,40.833333333333336,84.16666666666667,4.845234127227953,0.0,58.24192314082197,32.71364807968168
176.0,690.5,1540.3754465327622,0.4482673373911857,212.5,43.0,19.5,150.0,308.0510742595105,43.0,0.0,19.5,0.0,20.5,35.833333333333336,34.5,59.16666666666666,7.851613355766637,0.0,54.15002128631653,33.549439617427325
177.0,135.0,350.70062314911246,0.3849437129246277,312.66666666666663,0.0,79.16666666666666,233.5,371.096976033196,0.0,0.0,74.83333333333333,4.333333333333333,10.0,0.0,17.333333333333332,206.16666666666663,7.852594650346325,0.0,44.23610574626711,6.341608969915956
178.0,1139.5,3016.962828060297,0.3776977261375877,427.6666666666666,80.83333333333333,27.33333333333333,319.5,622.7253095635552,80.83333333333333,0.0,25.33333333333333,2.0,34.0,29.33333333333333,60.333333333333336,195.83333333333331,16.037049338522213,0.0,123.6001775590306,55.4214159993357
179.0,1476.3333333333333,3936.2498222099457,0.3750608828238623,634.1666666666666,132.0,56.16666666666666,446.0,870.7191689776553,132.0,0.0,47.66666666666666,8.5,41.66666666666666,68.5,80.0,255.83333333333331,18.54355292092616,0.0,146.07203497186052,71.93691441820208
180.0,831.0,1922.8181215617924,0.43217816114871405,109.0,16.0,9.0,84.0,280.0435480946517,16.0,0.0,9.0,0.0,12.5,15.166666666666666,13.833333333333334,42.5,10.691448826567276,0.0,119.96082850497372,40.39127076311068
181.0,441.5,1167.0057985104536,0.37831860009909385,74.16666666666667,18.166666666666668,6.666666666666667,49.333333333333336,128.33222931142583,18.166666666666668,0.0,6.666666666666667,0.0,4.833333333333333,12.166666666666666,7.166666666666667,25.166666666666668,5.179548755140974,0.0,27.79011068884597,21.19590320077221
182.0,200.66666666666663,528.4446293621176,0.3797307333956449,54.66666666666667,10.0,3.666666666666667,41.0,150.2449203789493,10.0,0.0,3.333333333333333,0.3333333333333333,3.8333333333333335,7.333333333333333,12.5,17.333333333333332,4.844374479245048,0.0,80.88659688908272,9.847282343954882
183.0,307.5,817.4326971246579,0.3761777588315708,107.0,0.0,11.5,95.5,203.8350853328081,0.0,0.0,10.833333333333334,0.6666666666666666,17.833333333333332,0.5,25.166666666666668,52.0,25.89369298118902,0.0,55.75386528357526,15.187527068043842
184.0,180.0,451.1566104199153,0.39897453753911416,0.0,0.0,0.0,0.0,43.513844096276685,0.0,0.0,0.0,0.0,0.0,0.0,0.0,0.0,10.858851509819909,0.0,23.975935040392084,8.6790575460647
185.0,235.33333333333331,636.8073333615965,0.36955185815943586,39.66666666666666,9.0,3.5,27.166666666666664,93.424454044396,9.0,0.0,3.333333333333333,0.1666666666666666,2.5,5.833333333333333,6.166666666666667,12.666666666666666,7.183964672051965,0.0,35.22483801632297,11.348984689354376
186.0,129.16666666666666,362.3614992623425,0.3564580313571133,2.0,0.0,0.0,2.0,37.87546901843047,0.0,0.0,0.0,0.0,0.5,0.0,0.6666666666666666,0.8333333333333334,3.507728892645512,0.0,26.19162720910431,6.1761129166806406
187.0,30.83333333333333,77.38885126320963,0.3984208685106995,5.0,3.8333333333333335,0.1666666666666666,1.0,21.42579669781898,0.0,3.8333333333333335,0.1666666666666666,0.0,0.8333333333333334,0.0,0.0,0.1666666666666666,4.344006832186225,0.0,10.746825742944363,1.3349641226883893
188.0,4.0,9.170332730947433,0.436189189351992,0.0,0.0,0.0,0.0,33.90331136762687,0.0,0.0,0.0,0.0,0.0,0.0,0.0,0.0,33.74469196696648,0.0,0.1586194006603949,0.0
189.0,142.0,352.85951909077943,0.40242643975113496,10.333333333333334,3.5,0.6666666666666666,6.166666666666667,58.22692040524479,3.5,0.0,0.6666666666666666,0.0,0.1666666666666666,1.5,1.1666666666666667,3.333333333333333,7.852104634222401,0.0,33.19772911345088,6.84375332423818
190.0,91.83333333333331,225.8982060034443,0.4065252883501568,4.0,0.0,4.0,0.0,16.483857017821823,0.0,0.0,4.0,0.0,0.0,0.0,0.0,0.0,4.343393184665361,0.0,3.8007278881897286,4.339735944966734
191.0,303.3333333333333,764.0132651565559,0.3970262653373911,8.833333333333334,0.1666666666666666,0.6666666666666666,8.0,42.07035141510179,0.1666666666666666,0.0,0.6666666666666666,0.0,1.5,0.1666666666666666,3.5,2.833333333333333,4.009323834746064,0.0,14.37298766431998,14.854706582702413
192.0,370.0,985.4660592618455,0.3754568678673167,0.0,0.0,0.0,0.0,54.521556671205616,0.0,0.0,0.0,0.0,0.0,0.0,0.0,0.0,15.202612341544093,0.0,21.460294270346605,17.858650059314922
193.0,278.1666666666667,675.3175660653809,0.4119049772203556,5.166666666666667,0.5,0.3333333333333333,4.333333333333334,42.42029219097938,0.5,0.0,0.3333333333333333,0.0,0.1666666666666666,1.5,0.6666666666666666,2.0,2.8397125618720174,0.0,21.061323801216957,13.352589161223747
194.0,0.0,0.0,0.0,0.0,0.0,0.0,0.0,2.004661917373032,0.0,0.0,0.0,0.0,0.0,0.0,0.0,0.0,2.004661917373032,0.0,0.0,0.0
195.0,127.16666666666669,364.0304827806538,0.3493297201248139,0.0,0.0,0.0,0.0,28.23233149811357,0.0,0.0,0.0,0.0,0.0,0.0,0.0,0.0,7.5169303583264755,0.0,14.540190123149127,6.175211016637968
196.0,223.33333333333331,626.6040882480726,0.35641857038908376,0.0,0.0,0.0,0.0,44.88412877240562,0.0,0.0,0.0,0.0,0.0,0.0,0.0,0.0,4.3426571680793975,0.0,29.69260689884327,10.848864705482962
197.0,293.0,789.3683769676194,0.3711828451065745,2.833333333333333,0.0,0.5,2.333333333333333,56.41791729713347,0.0,0.0,0.5,0.0,0.6666666666666666,0.0,0.6666666666666666,1.0,5.177584181181442,0.0,34.05243858118913,14.354561201429568
198.0,395.5,1059.3597070214155,0.37333872279513153,22.83333333333333,5.5,0.8333333333333334,16.5,124.28102954786218,5.5,0.0,0.8333333333333334,0.0,2.5,4.833333333333333,2.6666666666666665,6.5,9.187766941442092,0.0,72.8996256723361,19.36030360075065
199.0,56.0,126.22758167628302,0.4436431345378605,97.66666666666666,5.666666666666667,56.66666666666666,35.333333333333336,122.50584788215494,5.666666666666667,0.0,9.5,47.16666666666666,2.333333333333333,3.333333333333333,3.5,26.166666666666668,13.531529757966434,0.0,8.637259879965942,2.6703915775559017
200.0,164.5,407.27380469925816,0.4039051814822001,0.0,0.0,0.0,0.0,45.26553331212842,0.0,0.0,0.0,0.0,0.0,0.0,0.0,0.0,22.384981531631983,0.0,15.035241314144498,7.845310466351937
201.0,90.33333333333331,208.6368411824451,0.43296923410731764,0.0,0.0,0.0,0.0,30.615999781287105,0.0,0.0,0.0,0.0,0.0,0.0,0.0,0.0,16.705924594810295,0.0,9.403989886403757,4.506085300073058
202.0,262.8333333333333,542.9195588155535,0.4841110051491549,7.0,2.333333333333333,0.5,4.166666666666666,52.3686931751644,2.333333333333333,0.0,0.5,0.0,0.3333333333333333,0.5,0.8333333333333334,2.5,12.863267426730898,0.0,19.65498047889021,12.850445269543286
203.0,325.5,701.0998506534414,0.4642705310757468,9.0,0.3333333333333333,2.333333333333333,6.333333333333333,74.65554847977354,0.3333333333333333,0.0,0.0,2.333333333333333,5.5,0.0,0.0,0.8333333333333334,16.37222487674998,0.0,33.26129265050984,16.022030952513724
204.0,238.66666666666663,526.5903117752042,0.4532302652171673,0.0,0.0,0.0,0.0,31.68603761077576,0.0,0.0,0.0,0.0,0.0,0.0,0.0,0.0,10.524045603451125,0.0,9.644999273150168,11.516992734174464
205.0,328.1666666666667,863.6420868642607,0.3799799380530246,0.0,0.0,0.0,0.0,32.04484168593713,0.0,0.0,0.0,0.0,0.0,0.0,0.0,0.0,2.840203840327781,0.0,13.014942475027516,16.189695370581827
206.0,200.66666666666663,524.0297125250831,0.3829299405557305,37.0,4.5,2.5,30.0,60.93052282191073,4.5,0.0,2.5,0.0,3.6666666666666665,2.6666666666666665,8.0,15.666666666666666,4.677707812578382,0.0,9.405484601167112,9.847330408165238
207.0,154.0,339.18143827967697,0.45403427965010595,0.0,0.0,0.0,0.0,59.46585534140274,0.0,0.0,0.0,0.0,0.0,0.0,0.0,0.0,16.37222361441814,0.0,35.58418790106536,7.509443825919251
208.0,104.0,273.6233064002943,0.3800845818588797,0.0,0.0,0.0,0.0,13.643225990130867,0.0,0.0,0.0,0.0,0.0,0.0,0.0,0.0,4.510673498852892,0.0,4.125371212593193,5.007181278684781
209.0,1240.8333333333333,2847.2795834799763,0.4357960983293299,32.83333333333333,10.0,4.0,18.83333333333333,149.21864643437328,10.0,0.0,4.0,0.0,2.5,5.833333333333333,2.1666666666666665,8.333333333333334,5.345355773824736,0.0,50.453417232571184,60.58654009464403
210.0,228.16666666666663,492.1851788399943,0.46357890581837674,19.666666666666668,5.666666666666667,2.0,12.0,73.75467087663559,5.666666666666667,0.0,2.0,0.0,1.3333333333333333,2.833333333333333,1.3333333333333333,6.5,15.870015024796723,0.0,27.20187267667643,11.016116508495765
211.0,162.66666666666666,406.9382800040452,0.3997330176582298,49.833333333333336,19.833333333333336,3.5,26.5,77.27631338667273,12.833333333333334,7.0,3.5,0.0,2.6666666666666665,6.166666666666667,5.0,12.666666666666666,5.345110495831013,0.0,14.41990737856416,7.677962178944216
212.0,168.66666666666666,371.4531511972692,0.4540725152634178,41.0,0.0,9.666666666666666,31.33333333333333,59.15931699365039,0.0,0.0,1.1666666666666667,8.5,3.1666666666666665,4.0,4.166666666666667,20.0,1.6701012889979705,0.0,8.310767241916393,8.17844846273603
213.0,292.3333333333333,921.539193503681,0.3172228977281861,483.6666666666666,193.0,48.16666666666666,242.5,532.784827621496,135.83333333333334,57.16666666666666,18.33333333333333,29.83333333333333,19.0,128.66666666666666,11.333333333333334,83.5,2.338976545286053,0.0,32.59226424106494,14.186920168478288
214.0,415.8333333333333,1322.5939258739604,0.314407411979118,5.166666666666667,1.5,1.0,2.666666666666667,49.39753892778917,1.5,0.0,1.0,0.0,0.5,0.8333333333333334,0.3333333333333333,1.0,7.350386060724909,0.0,16.68494849749756,20.195537702900022
215.0,271.4999998510551,637.9703153728319,0.4255683897963021,48.66666663996815,1.4999999991771003,10.83333332739017,36.33333331340088,87.40818555645043,1.4999999991771003,0.0,4.166666664380834,6.666666663009335,3.333333331504667,12.166666659992035,4.166666664380834,16.666666657523336,6.682002079226845,0.0,18.873716061334044,13.185800775921395
216.0,83.33333333333333,195.6986746127449,0.4258247200612683,5.0,0.0,1.3333333333333333,3.666666666666667,12.509296722738076,0.0,0.0,0.0,1.3333333333333333,0.0,0.0,1.1666666666666667,2.5,0.0,0.0,3.5035516997902523,4.005745022947824
217.0,272.0,764.3477889640554,0.3558589478863413,26.83333333333333,12.666666666666666,1.0,13.166666666666666,53.55863720347455,12.666666666666666,0.0,0.0,1.0,0.1666666666666666,0.5,0.0,12.5,1.670347289460011,0.0,11.868717421552134,13.186239159129071
218.0,288.5,914.0351092702094,0.3156333898709277,15.5,4.5,1.6666666666666667,9.333333333333332,44.9288210488084,4.5,0.0,1.6666666666666667,0.0,1.3333333333333333,1.8333333333333333,1.6666666666666667,4.5,2.004661917373032,0.0,13.404197557784562,14.019961573650804
219.0,144.16666666666666,339.00956319781056,0.42525840659706127,180.66666666666663,0.3333333333333333,0.0,180.3333333333333,204.88859874062905,0.3333333333333333,0.0,0.0,0.0,0.1666666666666666,177.66666666666666,0.1666666666666666,2.333333333333333,0.0,0.0,17.21187828380371,7.010053790158693
220.0,251.0,472.0598947812185,0.5317121890143386,1.0,0.0,0.0,1.0,38.89430676390288,0.0,0.0,0.0,0.0,0.0,0.0,1.0,0.0,9.021224628640685,0.0,16.688327830041743,12.184754305220451
221.0,341.0,641.3864443952943,0.5316607530137284,0.0,0.0,0.0,0.0,49.08632696902875,0.0,0.0,0.0,0.0,0.0,0.0,0.0,0.0,13.865353107423692,0.0,18.530109235146305,16.690864626458744
222.0,209.66666666666663,481.21929892333054,0.43569879083355595,0.0,0.0,0.0,0.0,34.4890135459154,0.0,0.0,0.0,0.0,0.0,0.0,0.0,0.0,8.8545572395057,0.0,15.454012211077192,10.180444095332504
223.0,94.33333333333331,213.38704024360055,0.44207620681013854,5.499999999999999,0.0,0.3333333333333333,5.166666666666666,16.484582693077726,0.0,0.0,0.3333333333333333,0.0,0.5,0.0,1.0,3.6666666666666665,2.004661917373032,0.0,3.972739497019916,5.007181278684781
224.0,686.5,1738.5323121942183,0.3948733050198887,216.0,0.0,1.0,215.0,297.0180016189976,0.0,0.0,0.3333333333333333,0.6666666666666666,34.0,109.33333333333331,4.333333333333333,67.33333333333333,0.0,0.0,47.46963117562768,33.54837044336987
225.0,32.0,78.78894085585598,0.406148371235804,1323.6666666666667,270.5,412.6666666666667,640.5,1379.306626901248,195.66666666666663,74.83333333333333,111.0,301.6666666666667,81.16666666666667,85.0,95.66666666666669,378.6666666666667,0.0,0.0,53.80414408240401,1.8358161521773075
226.0,500.0,1229.9374236666215,0.40652474701471203,16.0,0.0,0.0,16.0,68.4941657795728,0.0,0.0,0.0,0.0,0.0,0.0,16.0,0.0,1.837381603185501,0.0,26.12158380578573,24.53520037060156
227.0,699.3333333333334,1290.0363680366625,0.5421035799150885,446.83333333333337,38.66666666666667,88.66666666666667,319.5,545.6438741509814,30.166666666666668,8.5,14.166666666666666,74.5,32.0,124.33333333333331,61.16666666666666,102.0,1.50306697527248,0.0,63.25674101302099,34.05073282935467
228.0,315.8333333333333,996.21482643078,0.3170333596267535,123.83333333333334,0.1666666666666666,0.0,123.66666666666669,157.4564993246385,0.1666666666666666,0.0,0.0,0.0,0.1666666666666666,122.66666666666669,0.3333333333333333,0.5,0.8350506444989853,0.0,17.4328489398376,15.355266406968562
229.0,244.16666666666663,624.637616103304,0.390893312173319,58.33333333333333,6.0,2.833333333333333,49.5,102.72688842176797,6.0,0.0,1.8333333333333333,1.0,3.5,5.833333333333333,6.0,34.166666666666664,1.8372592341204008,0.0,30.53891450169252,12.0173813526217
230.0,20.0,48.359789562836674,0.41356672931781147,1421.0,152.0,1081.1666666666667,187.83333333333331,1480.132902884494,13.166666666666666,138.83333333333334,15.0,1066.1666666666667,2.6666666666666665,3.5,6.333333333333333,175.33333333333334,1.002330958686516,0.0,57.12908697277428,1.0014849530331642
231.0,39.5,98.14030445871178,0.40248499551596445,3471.833333333333,625.3333333333333,2185.5,661.0,3613.075231450688,444.3333333333333,181.0,1991.5,194.0,52.0,35.5,34.666666666666664,538.8333333333334,0.0,0.0,139.23902560588127,2.002872511473912
232.0,134.83333333333334,385.5441489107363,0.3497221620773471,0.0,0.0,0.0,0.0,14.69763714110885,0.0,0.0,0.0,0.0,0.0,0.0,0.0,0.0,2.004661917373032,0.0,6.016766348929455,6.676208874806363
233.0,129.83333333333334,309.53930051945105,0.41944054637150924,316.8333333333333,28.0,25.833333333333336,263.0,353.8840982650982,28.0,0.0,17.166666666666668,8.666666666666666,24.83333333333333,78.5,48.833333333333336,110.83333333333331,1.503434622331304,0.0,29.205429049072748,6.341901260360763
234.0,214.0,567.2746764672405,0.3772422935088629,27.83333333333333,0.5,2.6666666666666665,24.666666666666664,61.29192116900064,0.5,0.0,0.6666666666666666,2.0,1.6666666666666667,2.1666666666666665,2.333333333333333,18.5,4.845234127227953,0.0,18.26539000685316,10.347963701586188
235.0,2183.0,4511.257208726693,0.48390058447058804,1651.3333333333333,49.5,603.1666666666667,998.6666666666664,1992.885946408017,49.5,0.0,573.3333333333334,29.83333333333333,134.66666666666666,78.33333333333333,374.8333333333333,410.8333333333333,5.678321460099245,0.0,229.5530901501464,106.32120146443812
236.0,353.6666666666667,932.055889692306,0.3794479178533173,41.66666666666667,12.5,11.5,17.666666666666668,85.03226545622186,12.5,0.0,11.5,0.0,0.0,0.3333333333333333,0.1666666666666666,17.166666666666668,5.179057476685211,0.0,21.16266120490935,17.02388010796064
237.0,65.5,182.7916759124522,0.3583314156568657,502.8333333333333,10.666666666666666,40.16666666666666,452.0,534.0120692343959,10.666666666666666,0.0,31.33333333333333,8.833333333333334,47.833333333333336,77.33333333333333,121.33333333333331,205.5,5.345601774286777,0.0,22.495662783211845,3.3374713435639465
238.0,1345.5,2603.622052948077,0.5167800750790587,431.6666666666666,60.5,129.66666666666666,241.5,569.967931308465,60.5,0.0,14.333333333333334,115.33333333333331,17.833333333333332,90.66666666666669,27.33333333333333,105.66666666666669,2.172433510016326,0.0,70.53586328993002,65.59296784185203
239.0,17.166666666666668,45.28962350618974,0.37904193803511077,1.0,0.0,1.0,0.0,12.22716919561161,0.0,0.0,0.0,1.0,0.0,0.0,0.0,0.0,2.8397125618720174,0.0,7.886653479533986,0.5008031542056075
240.0,21.0,48.24062260008737,0.4353177647413275,0.0,0.0,0.0,0.0,1.83418810920403,0.0,0.0,0.0,0.0,0.0,0.0,0.0,0.0,0.0,0.0,0.8327518534670738,1.001436255736956
241.0,16.0,30.375488726685827,0.5267404960613357,12.333333333333332,2.833333333333333,1.1666666666666667,8.333333333333332,17.150712540737345,2.833333333333333,0.0,1.1666666666666667,0.0,0.5,2.333333333333333,1.1666666666666667,4.333333333333333,0.0,0.0,3.983218594895437,0.8341606125085766
242.0,7.333333333333333,19.18803664338297,0.3821825791573234,0.0,0.0,0.0,0.0,1.2930989274527402,0.0,0.0,0.0,0.0,0.0,0.0,0.0,0.0,1.002330958686516,0.0,0.2907679687662243,0.0
243.0,140.83333333333334,326.72004430823955,0.4310520146736576,5.0,0.0,0.0,5.0,19.63155107484608,0.0,0.0,0.0,0.0,0.8333333333333334,1.0,1.0,2.1666666666666665,2.004661917373032,0.0,5.783647955475256,6.843241201997789
244.0,0.0,0.0,0.0,8.166666666666668,3.8333333333333335,2.333333333333333,2.0,42.34139220573353,0.0,3.8333333333333335,2.333333333333333,0.0,0.3333333333333333,0.0,0.3333333333333333,1.3333333333333333,9.020978628178645,0.0,25.153746910888213,0.0
245.0,346.8333333333333,1019.144663667619,0.340318058562144,367.5,82.83333333333333,173.0,111.66666666666669,415.1941990692796,11.0,71.83333333333333,123.5,49.5,17.166666666666668,25.0,10.333333333333334,59.16666666666666,2.004661917373032,0.0,28.99891647457064,16.69062067733594
246.0,133.5,305.7660946520252,0.436608251650428,0.0,0.0,0.0,0.0,17.820258285631308,0.0,0.0,0.0,0.0,0.0,0.0,0.0,0.0,4.34314718420332,0.0,6.967520196041783,6.509590905386205
247.0,509.3333333333333,1442.3169907616573,0.3531355011385986,0.0,0.0,0.0,0.0,58.74614713443124,0.0,0.0,0.0,0.0,0.0,0.0,0.0,0.0,2.004661917373032,0.0,32.20630905654892,24.535176160509284
248.0,110.66666666666669,259.0973046740655,0.4271239594942182,0.0,0.0,0.0,0.0,10.065886133402232,0.0,0.0,0.0,0.0,0.0,0.0,0.0,0.0,0.0,0.0,4.891648495420847,5.174237637981386
249.0,369.6666666666667,1055.9725875376696,0.3500722187577427,0.0,0.0,0.0,0.0,33.69670139513468,0.0,0.0,0.0,0.0,0.0,0.0,0.0,0.0,0.0,0.0,15.50333001059124,18.193371384543443
250.0,286.3333333333333,669.2153037792837,0.4278642937725912,264.3333333333333,3.333333333333333,20.0,241.0,300.8593162458047,3.333333333333333,0.0,4.333333333333333,15.666666666666666,10.666666666666666,125.0,29.83333333333333,75.5,0.0,0.0,22.338818972857357,14.18716393961399
251.0,93.33333333333331,287.80580473842167,0.3242927411355072,201.66666666666663,0.3333333333333333,0.0,201.3333333333333,217.70272428441257,0.3333333333333333,0.0,0.0,0.0,0.0,200.66666666666663,0.1666666666666666,0.5,0.0,0.0,11.696784727846657,4.339272889899258
252.0,206.0,423.5690392797222,0.48634338418667794,990.5,308.33333333333337,441.5,240.66666666666669,1058.156508641693,49.66666666666666,258.6666666666667,425.0,16.5,62.5,15.666666666666666,14.5,148.0,10.023431955930258,0.0,47.45151184765228,10.181564838110704
253.0,570.6666666666666,1756.539083884597,0.32488128041229447,1051.6666666666663,63.83333333333333,493.1666666666667,494.6666666666666,1145.879208109713,47.16666666666666,16.666666666666668,219.0,274.1666666666667,40.66666666666666,104.5,116.16666666666669,233.33333333333331,2.1714509531047987,0.0,64.33525585114116,27.70583463880068
254.0,414.8333333333333,1254.1245461129038,0.3307752285202363,188.33333333333331,24.0,27.5,136.83333333333334,244.44684907945745,1.8333333333333333,22.166666666666668,19.166666666666668,8.333333333333334,4.166666666666667,87.16666666666667,6.333333333333333,39.16666666666666,2.3381176197714653,0.0,33.579470645650325,20.19592748070231
255.0,283.1666666666667,626.085974544079,0.45228080196632897,338.83333333333337,26.83333333333333,19.333333333333336,292.6666666666667,388.01304566077647,26.83333333333333,0.0,18.166666666666668,1.1666666666666667,35.0,64.66666666666667,49.16666666666666,143.83333333333334,1.6707149365188343,0.0,33.82297831910784,13.686019071816458
256.0,100.33333333333331,206.02550142077155,0.4869947294942862,30.5,1.6666666666666667,5.166666666666666,23.666666666666664,43.698033274926246,1.6666666666666667,0.0,1.5,3.6666666666666665,2.0,1.8333333333333333,3.8333333333333335,16.0,1.002330958686516,0.0,7.355382323012066,4.84031999322767
257.0,375.8333333333333,926.6992389028956,0.40556128413170645,485.33333333333326,174.66666666666666,86.0,224.66666666666663,548.3167344861648,78.83333333333333,95.83333333333331,29.33333333333333,56.66666666666666,32.5,13.333333333333334,39.16666666666666,139.66666666666666,2.004661917373032,0.0,42.95288663219322,18.02585260326521
258.0,106.66666666666669,290.4910007341841,0.36719439293154826,176.16666666666666,10.5,34.0,131.66666666666666,202.23425181377092,10.5,0.0,10.666666666666666,23.33333333333333,16.5,25.33333333333333,20.33333333333333,69.5,1.1689976253531826,0.0,19.72454468049758,5.174042841253538
259.0,155.5,327.5293408902864,0.47476662572373435,283.0,21.83333333333333,23.33333333333333,237.83333333333331,308.90769735461305,17.5,4.333333333333333,14.666666666666666,8.666666666666666,29.83333333333333,25.166666666666668,40.333333333333336,142.5,1.002330958686516,0.0,17.394582372853197,7.5107840230733105
260.0,81.16666666666667,200.2013118253182,0.40542524884895403,0.0,0.0,0.0,0.0,16.06983201586262,0.0,0.0,0.0,0.0,0.0,0.0,0.0,0.0,0.0,0.0,12.231192241397212,3.838639774465408
261.0,278.8333333333333,719.8764929141295,0.3873349610355925,0.0,0.0,0.0,0.0,24.81229823920136,0.0,0.0,0.0,0.0,0.0,0.0,0.0,0.0,0.0,0.0,11.1249870205387,13.687311218662662
262.0,818.1666666666666,1426.7477238857143,0.5734487274585648,0.0,0.0,0.0,0.0,246.29588809174956,0.0,0.0,0.0,0.0,0.0,0.0,0.0,0.0,0.0,0.0,206.4053215791332,39.890566512616346
263.0,477.6666666666667,1287.9720539493233,0.370867260048067,7.166666666666666,1.6666666666666667,0.8333333333333334,4.666666666666666,78.61754912267249,1.6666666666666667,0.0,0.0,0.8333333333333334,2.6666666666666665,0.1666666666666666,0.0,1.8333333333333333,0.0,0.0,47.917532137146175,23.533350318859647
264.0,804.0,2222.1454354176344,0.361812502091653,0.0,0.0,0.0,0.0,76.76798063602214,0.0,0.0,0.0,0.0,0.0,0.0,0.0,0.0,0.0,0.0,37.37819502419372,39.38978561182842
265.0,425.5,1078.282171974547,0.3946091394804624,87.0,0.3333333333333333,0.0,86.66666666666667,130.66602775017688,0.3333333333333333,0.0,0.0,0.0,0.0,86.16666666666667,0.0,0.5,0.0,0.0,22.969905821028807,20.696121929148067
266.0,222.16666666666663,616.1550567323198,0.3605694122594597,0.0,0.0,0.0,0.0,20.65807505310034,0.0,0.0,0.0,0.0,0.0,0.0,0.0,0.0,1.002330958686516,0.0,8.807001640603909,10.848742453809914
267.0,306.5,921.4286113142572,0.33263564451599914,0.0,0.0,0.0,0.0,30.507172976502492,0.0,0.0,0.0,0.0,0.0,0.0,0.0,0.0,0.0,0.0,15.485629140448154,15.021543836054342
268.0,158.33333333333334,407.66367806237673,0.3883920541704643,0.0,0.0,0.0,0.0,16.122327896081515,0.0,0.0,0.0,0.0,0.0,0.0,0.0,0.0,0.0,0.0,8.110837850185865,8.011490045895648
269.0,199.16666666666663,402.6767793074428,0.49460678365713096,181.83333333333331,5.5,15.333333333333334,161.0,209.64306481510715,4.666666666666667,0.8333333333333334,13.0,2.333333333333333,25.5,12.166666666666666,74.5,48.833333333333336,3.0069928760595475,0.0,15.122025626648393,9.680712979065872
270.0,91.0,186.58667768572025,0.4877089893485164,367.1666666666667,282.83333333333337,15.833333333333332,68.5,389.8731358836828,167.83333333333334,115.0,6.166666666666667,9.666666666666666,3.6666666666666665,5.5,7.166666666666667,52.16666666666666,0.0,0.0,18.20001817124582,4.506451045770162
271.0,386.0,933.5823444372812,0.41346111813271524,152.49999999999997,8.166666666666666,3.5,140.83333333333331,193.2172635230937,8.166666666666666,0.0,2.5,1.0,5.833333333333333,69.83333333333333,39.66666666666666,25.5,0.0,0.0,21.68997466409154,19.02728885900217
272.0,253.16666666666663,612.3400578016266,0.41344129530830465,111.83333333333334,0.1666666666666666,7.166666666666667,104.5,143.6565398344305,0.1666666666666666,0.0,7.166666666666667,0.0,1.1666666666666667,91.0,0.1666666666666666,12.166666666666666,0.0,0.0,19.472443565302267,12.350762935794906
273.0,332.6666666666667,809.507458130407,0.4109494771487034,0.0,0.0,0.0,0.0,31.215087882129477,0.0,0.0,0.0,0.0,0.0,0.0,0.0,0.0,0.0,0.0,15.025173405602976,16.1899144765265
274.0,670.6666666459902,1774.7761262104552,0.3778880371114828,1.4999999999537552,0.1666666666615283,0.1666666666615283,1.1666666666306982,63.40568150814501,0.1666666666615283,0.0,0.1666666666615283,0.0,0.0,0.3333333333230567,0.1666666666615283,0.6666666666461134,0.0,0.0,29.191617862992207,32.71406364519905
275.0,66.33333372421367,110.86233801963367,0.5983396607824207,11.833333403063245,0.5000000029463343,3.50000002062434,7.833333379492571,33.08472555536481,0.5000000029463343,0.0,1.1666666735414468,2.333333347082893,0.0,3.0000000176780057,0.16666666764877802,4.666666694165787,1.00233096459292,0.0,17.078353993437116,3.1707071942715315
276.0,1079.6666666666667,2549.601084061854,0.42346493865880147,295.8333333333333,86.83333333333334,11.333333333333332,197.66666666666663,405.80870887050526,56.833333333333336,30.0,5.0,6.333333333333333,8.166666666666666,83.83333333333333,33.666666666666664,72.0,1.002330958686516,0.0,56.56431738417129,52.40872719431411
277.0,115.16666666666669,245.2448392540904,0.4695987365807366,115.66666666666666,46.5,5.5,63.66666666666666,130.79896512850036,37.5,9.0,3.6666666666666665,1.8333333333333333,5.833333333333333,3.333333333333333,9.833333333333334,44.66666666666666,0.3343146279130208,0.0,9.123576412684567,5.674407421236111
278.0,623.0,1395.8599548384163,0.4463198459419362,961.0,437.6666666666666,36.833333333333336,486.5,1056.8454762933395,275.3333333333333,162.33333333333334,32.833333333333336,4.0,17.833333333333332,205.83333333333331,141.5,121.33333333333331,2.004661917373032,0.0,63.46463667891928,30.37617769704748
279.0,214.16666666666663,499.4075268277523,0.42884148748629813,106.66666666666666,6.5,6.5,93.66666666666666,131.60825304056914,6.5,0.0,5.166666666666667,1.3333333333333333,5.5,10.333333333333334,49.5,28.33333333333333,2.004661917373032,0.0,12.755188669449463,10.18173578707996
280.0,163.16666666666666,403.539539340617,0.40433873452222485,0.0,0.0,0.0,0.0,14.48275403775493,0.0,0.0,0.0,0.0,0.0,0.0,0.0,0.0,0.0,0.0,6.471263991859282,8.011490045895648
281.0,447.6666666666667,984.9229562503248,0.45451947670198195,2.333333333333333,0.1666666666666666,0.1666666666666666,2.0,68.36371350028088,0.1666666666666666,0.0,0.1666666666666666,0.0,0.0,2.0,0.0,0.0,5.846705437931565,0.0,38.48604344485287,21.69763128416311
282.0,1527.8333333333333,4192.80295785483,0.3643942605199412,600.6666666666667,120.66666666666669,50.66666666666666,429.33333333333337,790.0304360664375,98.66666666666669,22.0,35.0,15.666666666666666,60.333333333333336,55.0,66.66666666666667,247.33333333333331,0.1672803141875306,0.0,114.59023165742528,74.60625742815789
283.0,505.5,1276.931378144676,0.39587092043620137,333.0,109.33333333333331,14.0,209.66666666666669,391.11990943461103,26.83333333333333,82.5,8.666666666666666,5.333333333333333,13.5,97.0,22.33333333333333,76.83333333333333,0.0,0.0,33.25081562934812,24.869093805263
284.0,385.3333333333333,969.9995612751992,0.3972510387806352,8.0,0.0,0.0,8.0,47.78885635884738,0.0,0.0,0.0,0.0,2.6666666666666665,0.1666666666666666,4.166666666666667,1.0,0.6682616087672182,0.0,20.427174838535503,18.69341991154466
285.0,210.83333333333331,487.4412460075776,0.4325307615229093,8.5,0.1666666666666666,0.1666666666666666,8.166666666666666,42.88291037940312,0.1666666666666666,0.0,0.1666666666666666,0.0,0.0,0.3333333333333333,0.5,7.333333333333333,2.3387312672923293,0.0,21.69477862230806,10.349400489802727
286.0,277.5,703.0140738994696,0.39472893972202644,139.33333333333334,12.166666666666666,2.833333333333333,124.33333333333334,170.2325104384561,2.1666666666666665,10.0,1.6666666666666667,1.1666666666666667,47.333333333333336,5.0,41.0,31.0,1.002330958686516,0.0,16.543355554171082,13.353490592265173
287.0,209.5,533.3484757530194,0.3928013475696409,0.0,0.0,0.0,0.0,18.850103654605824,0.0,0.0,0.0,0.0,0.0,0.0,0.0,0.0,0.0,0.0,8.334401802587585,10.515701852018235
288.0,1106.5,2571.350674561714,0.43031859129389366,563.3333333333334,48.333333333333336,96.5,418.5,685.2805666376773,44.833333333333336,3.5,37.0,59.5,17.666666666666668,237.66666666666663,29.5,133.66666666666666,2.004661917373032,0.0,66.19905301850352,53.74351836846762
289.0,124.0,334.38665483752897,0.3708281960601832,232.3333333333333,64.33333333333333,21.666666666666668,146.33333333333331,256.7892635268258,62.66666666666666,1.6666666666666667,17.666666666666668,4.0,15.5,15.0,16.5,99.33333333333331,4.009323834746064,0.0,14.438963823645464,6.007642535100973
290.0,127.0,362.3344521759445,0.3505048974430138,18.666666666666664,0.0,7.833333333333333,10.833333333333332,36.00304488697015,0.0,0.0,7.5,0.3333333333333333,1.1666666666666667,0.0,1.8333333333333333,7.833333333333333,2.004661917373032,0.0,9.323098768508713,6.008617534421737
291.0,906.0,2540.240323347253,0.3566591679035201,9.0,0.0,0.0,9.0,89.48536425678816,0.0,0.0,0.0,0.0,0.0,9.0,0.0,0.0,0.0,0.0,36.255819471268666,44.2295447855195
292.0,208.16666666666663,553.9545028339464,0.3757829670157347,315.33333333333337,74.66666666666667,29.666666666666668,211.0,355.96562094691416,60.5,14.166666666666666,20.666666666666668,9.0,23.33333333333333,45.66666666666666,39.66666666666666,102.33333333333331,9.020978628178645,0.0,21.429963346001287,10.181345639400972
293.0,519.6666666666666,1399.946789783368,0.3712045846735942,233.0,21.83333333333333,21.0,190.16666666666669,289.8912738743132,21.83333333333333,0.0,9.0,12.0,17.5,56.833333333333336,41.0,74.83333333333333,2.004661917373032,0.0,29.85070556351629,25.035906393423904
294.0,512.8333333333334,1450.7848975128954,0.35348681545589017,1355.8333333333337,601.5,77.5,676.8333333333334,1462.6443677815582,492.8333333333333,108.66666666666669,48.333333333333336,29.166666666666668,68.66666666666667,184.0,103.66666666666669,320.5,1.3362779395407134,0.0,80.27250067493199,25.20225583375227
295.0,17.166666666666668,34.825466014656364,0.49293429869515726,0.0,0.0,0.0,0.0,5.362190639178375,0.0,0.0,0.0,0.0,0.0,0.0,0.0,0.0,3.842043520558533,0.0,0.6854261416734159,0.8347209769464258
296.0,11.0,24.62099535436732,0.44677316419089447,0.0,0.0,0.0,0.0,10.625898549919215,0.0,0.0,0.0,0.0,0.0,0.0,0.0,0.0,9.188258942366174,0.0,0.4362033518160862,1.001436255736956
297.0,53.16666666666666,127.4575105647291,0.41713247364631406,0.0,0.0,0.0,0.0,26.989377744493428,0.0,0.0,0.0,0.0,0.0,0.0,0.0,0.0,20.7154944300184,0.0,3.770767657259153,2.503115657215876
298.0,52.0,105.35892904250916,0.49355095455668085,0.0,0.0,0.0,0.0,20.09169074531489,0.0,0.0,0.0,0.0,0.0,0.0,0.0,0.0,12.529075167882976,0.0,5.05893973376529,2.503675843666622
299.0,24.5,45.1794529981476,0.5422819085703521,310.83333333333337,73.83333333333333,75.83333333333334,161.16666666666669,328.1561265753618,55.5,18.33333333333333,13.5,62.333333333333336,19.166666666666668,19.5,25.166666666666668,97.33333333333331,3.0069928760595475,0.0,13.31436411023197,1.001436255736956
300.0,4.5,13.58020753336246,0.3313645972600096,1299.6666666666667,104.33333333333331,241.0,954.3333333333334,1355.2825690115783,95.83333333333331,8.5,237.83333333333331,3.1666666666666665,179.83333333333334,148.83333333333334,214.66666666666663,411.0,4.009323834746064,0.0,51.60657851016552,0.0
301.0,14.5,38.96525327447119,0.37212641472806607,0.0,0.0,0.0,0.0,5.749204369061056,0.0,0.0,0.0,0.0,0.0,0.0,0.0,0.0,3.0069928760595475,0.0,1.7407752372645524,1.001436255736956
302.0,89.0,212.4612063290514,0.4189000031476822,14.666666666666668,1.1666666666666667,1.5,12.0,36.48204442935685,1.1666666666666667,0.0,0.5,1.0,2.6666666666666665,2.0,1.3333333333333333,6.0,13.030302462924704,0.0,4.612614998027122,4.172460301738355
303.0,62.66666666666666,147.79892272715995,0.42399948193364506,155.16666666666669,56.5,8.666666666666666,90.0,172.65174204278267,20.166666666666668,36.333333333333336,5.5,3.1666666666666665,7.166666666666667,7.5,11.5,63.833333333333336,2.840326209392881,0.0,11.473627811351315,3.171121355371771
304.0,109.16666666666669,248.1466375020527,0.4399280512747776,137.0,27.166666666666668,4.333333333333333,105.5,158.94388435446157,11.0,16.166666666666668,4.333333333333333,0.0,5.333333333333333,64.66666666666667,14.333333333333334,21.166666666666668,4.844865757700813,0.0,11.75830945112454,5.340709145636215
305.0,2.0,4.646764876497175,0.43040697198082467,0.0,0.0,0.0,0.0,12.107281204568388,0.0,0.0,0.0,0.0,0.0,0.0,0.0,0.0,12.02797150423819,0.0,0.0793097003301974,0.0
306.0,28.166666666666668,67.13747391176037,0.41953718282112423,0.0,0.0,0.0,0.0,11.30650411966565,0.0,0.0,0.0,0.0,0.0,0.0,0.0,0.0,9.188258942366174,0.0,1.1168089215625194,1.001436255736956
307.0,99.83333333333331,240.1990402930062,0.4156275279516183,0.0,0.0,0.0,0.0,17.989698647959514,0.0,0.0,0.0,0.0,0.0,0.0,0.0,0.0,9.020978628178645,0.0,3.96153874109609,5.007181278684781
308.0,443.0,1180.5094029465836,0.3752617292960649,644.1666666666667,125.66666666666669,51.66666666666666,466.83333333333337,719.01677528086,123.16666666666669,2.5,36.5,15.166666666666666,59.5,103.5,83.5,220.33333333333331,3.006501597603784,0.0,50.14490478267191,21.698702233917487
309.0,212.0,483.0234280723246,0.438902106355505,318.0,53.33333333333333,92.5,172.16666666666669,358.5506258529342,44.66666666666666,8.666666666666666,84.66666666666667,7.833333333333333,20.166666666666668,22.5,26.5,103.0,8.687031647324446,0.0,21.68241906007933,10.181175145530466
310.0,0.0,0.0,0.0,221.8333333333333,71.5,51.16666666666666,99.16666666666669,231.7033687964121,70.5,1.0,24.83333333333333,26.33333333333333,11.5,11.666666666666666,8.333333333333334,67.66666666666667,1.002330958686516,0.0,8.867704504392249,0.0
311.0,27.83333333333333,64.02302112760377,0.43473945532590436,1671.3333333333337,446.33333333333337,241.5,983.5,1743.059883067124,300.1666666666667,146.16666666666666,194.5,47.0,117.16666666666669,218.33333333333331,117.83333333333331,530.1666666666666,3.0069928760595475,0.0,67.38420295724046,1.3353539004906718
312.0,428.3333333333333,1341.6504524615011,0.3192585166631727,481.00000000000006,5.666666666666667,8.0,467.33333333333337,545.1038893536843,5.666666666666667,0.0,4.333333333333333,3.6666666666666665,11.166666666666666,17.666666666666668,236.66666666666663,201.83333333333331,7.016316710805612,0.0,36.05741127240256,21.03016137047608
313.0,719.5,1717.0628212643508,0.419029514290106,82.5,19.83333333333333,0.3333333333333333,62.333333333333336,149.3532698022461,1.5,18.33333333333333,0.3333333333333333,0.0,1.0,46.66666666666666,3.333333333333333,11.333333333333334,0.0,0.0,31.803000851452666,35.05026895079346
314.0,618.0,1493.3680136513383,0.4138296751709365,15.833333333333332,0.0,1.1666666666666667,14.666666666666666,72.18629801254109,0.0,0.0,0.1666666666666666,1.0,6.166666666666667,0.3333333333333333,0.0,8.166666666666666,1.002330958686516,0.0,25.14048968911594,30.21014403140529
315.0,0.0,0.0,0.0,1663.8333333333337,157.0,687.0,819.8333333333334,1729.8700605362076,156.0,1.0,413.3333333333333,273.6666666666667,67.83333333333333,1.8333333333333333,71.83333333333333,678.3333333333334,0.0,0.0,66.03672720287418,0.0
316.0,1193.0,3142.4727184127346,0.3796373451421991,272.5,11.5,21.666666666666668,239.3333333333333,388.700474660044,11.5,0.0,9.833333333333334,11.833333333333334,18.33333333333333,38.5,64.83333333333333,117.66666666666669,0.0,0.0,58.11717182730048,58.08330283274346
317.0,541.8333333333334,1194.0761582041716,0.4537678184180668,9.666666666666668,0.0,1.0,8.666666666666668,58.08018012929101,0.0,0.0,0.1666666666666666,0.8333333333333334,0.1666666666666666,0.1666666666666666,0.0,8.333333333333334,0.0,0.0,22.208870683031176,26.20464277959316
318.0,123.5,264.372112696532,0.46714458170466505,0.0,0.0,0.0,0.0,13.737048784811122,0.0,0.0,0.0,0.0,0.0,0.0,0.0,0.0,0.0,0.0,7.728431250389384,6.008617534421737
319.0,0.0,0.0,0.0,3214.333333333333,301.0,2103.6666666666665,809.6666666666667,3341.7990052540863,287.0,14.0,1619.8333333333333,483.8333333333333,116.33333333333331,252.33333333333331,40.16666666666666,400.8333333333333,0.0,0.0,127.46567192075258,0.0
320.0,726.1666666666666,1683.6562384355957,0.4313034039189612,48.333333333333336,0.0,1.1666666666666667,47.16666666666667,116.0874249011432,0.0,0.0,0.0,1.1666666666666667,0.0,27.666666666666668,0.1666666666666666,19.33333333333333,1.3366455865995368,0.0,31.033966211866343,35.383479769344
321.0,532.8333333333334,1130.996889005645,0.47111830148515454,132.33333333333334,0.0,2.0,130.33333333333334,184.5814659500966,0.0,0.0,0.5,1.5,3.6666666666666665,115.0,0.0,11.666666666666666,0.0,0.0,26.37762704296721,25.870505573796027
322.0,571.3333333333334,1181.9622044199189,0.4833769905643736,517.0,59.833333333333336,50.5,406.6666666666667,587.8625916211384,59.833333333333336,0.0,31.5,19.0,40.66666666666666,117.16666666666669,61.333333333333336,187.5,0.0,0.0,43.15636720453554,27.706224416602964
323.0,379.0,752.548661406433,0.503621917673323,220.33333333333331,53.0,78.5,88.83333333333334,262.1249061409472,53.0,0.0,4.666666666666667,73.83333333333333,6.333333333333333,11.5,8.166666666666666,62.833333333333336,0.0,0.0,23.76572020434864,18.02585260326521
324.0,638.5,1479.9314702845395,0.43143889620594295,594.5,168.66666666666666,60.5,365.3333333333333,674.439088129453,150.0,18.666666666666668,46.66666666666666,13.833333333333334,42.333333333333336,72.83333333333333,56.66666666666666,193.5,0.0,0.0,48.89456420160738,31.04452392784564
325.0,513.8333333648524,1098.6333220001268,0.46770230164636595,0.0,0.0,0.0,0.0,45.88449145076077,0.0,0.0,0.0,0.0,0.0,0.0,0.0,0.0,0.0,0.0,20.849121032159637,25.035370418601133
326.0,0.0,0.0,0.0,4786.833333333333,206.33333333333331,1837.1666666666663,2743.333333333333,4979.654572985294,206.33333333333331,0.0,1445.3333333333333,391.8333333333333,320.6666666666667,510.5,258.5,1653.6666666666667,3.0069928760595475,0.0,189.8142467759018,0.0
327.0,671.8333333333334,1439.8626932725226,0.4665954166826764,168.66666666666663,2.1666666666666665,32.666666666666664,133.83333333333331,244.90141088191967,2.1666666666666665,0.0,1.8333333333333333,30.83333333333333,2.5,73.33333333333333,5.0,53.0,1.3368915870615774,0.0,42.18398386393371,32.71386876425772
328.0,366.3333333333333,686.554399411407,0.5335823842180549,555.1666666666667,129.33333333333334,10.166666666666666,415.6666666666667,609.3862251711547,69.16666666666667,60.16666666666666,8.0,2.1666666666666665,6.833333333333333,17.333333333333332,20.0,371.5,0.0,0.0,36.527818619816,17.691739884672
329.0,930.0,1933.7442748145284,0.4809322577511958,391.0,73.66666666666666,34.5,282.83333333333337,489.9503255459176,71.33333333333333,2.333333333333333,23.5,11.0,22.83333333333333,148.66666666666666,14.833333333333334,96.5,0.0,0.0,53.88569403775466,45.06463150816303
330.0,462.3333333333333,1194.0600716351437,0.38719436677939906,180.3333333333333,31.0,9.833333333333332,139.5,228.68585386439372,31.0,0.0,4.333333333333333,5.5,6.333333333333333,86.33333333333333,11.833333333333334,35.0,0.0,0.0,25.820143604759824,22.532376926300568
331.0,324.6666666666667,602.6265600825268,0.5387526673603719,412.83333333333337,0.3333333333333333,0.3333333333333333,412.1666666666667,458.101786189023,0.3333333333333333,0.0,0.3333333333333333,0.0,0.1666666666666666,410.6666666666667,0.3333333333333333,1.0,0.0,0.0,29.245472763898405,16.022980091791297
332.0,400.66666673781947,838.0247693886636,0.47810838220224033,146.50000002601635,6.500000001154309,14.000000002486203,126.00000002237583,187.72230849083488,6.500000001154309,0.0,9.333333334990803,4.666666667495401,10.666666668560916,33.166666672556595,13.83333333578994,68.33333334546836,0.0,0.0,21.694508653365652,19.527799811452873
333.0,971.1666666666666,2542.1591541384764,0.3820243374950258,1047.8333333333333,147.0,223.0,677.8333333333333,1177.2895072484828,115.66666666666669,31.33333333333333,184.16666666666663,38.833333333333336,73.16666666666667,120.83333333333331,93.0,390.8333333333333,0.0,0.0,82.22180861005545,47.23436530509405
334.0,913.0,2325.1914803067625,0.3926558340389016,1190.0,565.1666666666666,77.33333333333333,547.5,1318.623832180551,282.3333333333333,282.8333333333333,50.16666666666666,27.166666666666668,53.333333333333336,79.66666666666667,129.5,285.0,0.0,0.0,84.56063692812494,44.06319525242608
335.0,468.0,1078.7735127967178,0.43382600188867365,769.3333333333334,461.1666666666667,64.5,243.66666666666663,842.4316211973821,37.66666666666666,423.5,20.5,44.0,24.0,29.166666666666668,33.333333333333336,157.16666666666666,0.0,0.0,50.06525398209873,23.03303388194999
336.0,284.1666666666667,755.9278704278571,0.3759177003300958,158.33333333333334,5.0,6.333333333333334,147.0,200.08439919816703,5.0,0.0,3.333333333333333,3.0,6.833333333333333,100.33333333333331,9.666666666666666,30.166666666666668,0.0,0.0,28.0639742072145,13.68709165761924
337.0,344.6666666194611,909.6554705259674,0.37889803094370783,442.3333332727513,3.9999999994521596,17.333333330959356,420.9999999423398,490.56738452738597,3.9999999994521596,0.0,6.666666665753599,10.666666665205758,6.833333332397439,305.66666662480253,71.16666665691967,37.33333332822016,0.0,0.0,31.20963490943806,17.024416345196588
338.0,689.3333328727916,1640.9948009103346,0.4200703941843003,9.999999993319028,0.16666666655531706,0.0,9.83333332676371,71.28019138198728,0.16666666655531706,0.0,0.0,0.0,0.9999999993319028,1.6666666655531712,0.9999999993319028,6.166666662546734,0.0,0.0,27.732162048217802,33.54802934045045
339.0,2.5,6.157006527823191,0.40604147302794474,812.5,58.16666666666666,67.66666666666667,686.6666666666666,844.8185481693768,48.0,10.166666666666666,42.333333333333336,25.33333333333333,55.0,302.0,105.83333333333331,223.83333333333331,0.0,0.0,32.318548169376776,0.0
340.0,565.5,1124.4321884847247,0.5029205013795123,2758.333333333333,268.3333333333333,1768.1666666666663,721.8333333333333,2917.6785596642594,193.0,75.33333333333333,1625.8333333333333,142.33333333333334,95.0,196.5,125.0,305.3333333333333,0.0,0.0,131.80571719311362,27.539509137812438
341.0,91.0,172.8440237001665,0.5264862391647293,513.3333333333333,153.83333333333334,20.166666666666664,339.3333333333333,541.636880804672,91.5,62.333333333333336,13.166666666666666,7.0,34.333333333333336,163.66666666666666,76.0,65.33333333333333,0.0,0.0,23.96381170435902,4.339735766979632
342.0,238.5,609.02411783431,0.39161010708099064,71.5,66.83333333333334,0.8333333333333334,3.8333333333333335,95.80952630718794,1.6666666666666667,65.16666666666667,0.8333333333333334,0.0,0.1666666666666666,1.6666666666666667,1.0,1.0,0.0,0.0,12.292291238344442,12.017235068843474
343.0,150.16666666666666,381.5821449765588,0.3935369320697425,197.83333333333331,102.16666666666669,8.166666666666666,87.5,218.64302473693252,7.5,94.66666666666669,3.8333333333333335,4.333333333333333,6.5,14.166666666666666,11.5,55.333333333333336,0.0,0.0,13.799637613440494,7.010053790158693
344.0,453.6666666666667,939.329965554567,0.4829683745890384,454.8333333333333,88.16666666666667,59.5,307.16666666666663,513.8916837060004,82.0,6.166666666666667,38.0,21.5,44.333333333333336,30.83333333333333,54.333333333333336,177.66666666666666,0.0,0.0,37.026752746454015,22.03159762621304
345.0,265.8333333333333,518.1846196778898,0.5130089223770838,53.16666666666666,0.6666666666666666,2.0,50.5,78.83706010617243,0.6666666666666666,0.0,1.0,1.0,2.333333333333333,4.5,29.666666666666668,14.0,0.0,0.0,12.651722114925342,13.01867132458043
346.0,415.8333333333333,630.3503092292045,0.6596860939781506,132.66666666666666,27.333333333333336,3.666666666666667,101.66666666666666,174.7799155909296,0.1666666666666666,27.166666666666668,2.333333333333333,1.3333333333333333,1.8333333333333333,69.33333333333333,20.83333333333333,9.666666666666666,0.0,0.0,22.08452380952381,20.02872511473912
347.0,743.3333333333334,1162.7933249813009,0.6392652222571772,327.16666666666663,167.66666666666666,15.5,144.0,405.9979639531874,166.16666666666666,1.5,8.0,7.5,20.0,16.0,31.33333333333333,76.66666666666667,0.0,0.0,42.446137312316985,36.38515997420376
348.0,211.66666715897836,406.01422633050674,0.5213282033784596,322.00000074893404,105.50000024538056,6.833333349226861,209.66666715432663,354.17271678438823,4.166666676357843,101.3333335690227,5.833333346900979,1.0000000023258822,22.00000005116941,20.666666714734898,25.66666672636431,141.333333662058,0.0,0.0,21.824484506558328,10.348231528895836
349.0,235.83333333333331,461.4565084215183,0.5110629691626559,0.0,0.0,0.0,0.0,30.0273572554606,0.0,0.0,0.0,0.0,0.0,0.0,0.0,0.0,0.0,0.0,18.34403983137084,11.683317424089758
350.0,259.0,485.24850437294793,0.5337471371183045,19.5,6.333333333333333,1.1666666666666667,12.0,43.562213263815785,6.333333333333333,0.0,0.1666666666666666,1.0,1.1666666666666667,0.8333333333333334,1.5,8.5,0.0,0.0,11.043541939235354,13.01867132458043
351.0,2.833333333333333,8.508341062605808,0.3330065535085146,159.0,19.33333333333333,62.5,77.16666666666667,165.43433430938882,19.33333333333333,0.0,31.666666666666668,30.83333333333333,9.333333333333334,9.0,12.0,46.833333333333336,0.0,0.0,6.434334309388824,0.0
352.0,274.3333333333333,480.04053680096695,0.5714795153790869,277.6666666666667,1.1666666666666667,215.83333333333331,60.66666666666666,312.90727251052454,1.1666666666666667,0.0,2.833333333333333,213.0,1.6666666666666667,1.0,0.5,57.5,0.0,0.0,21.88813884908521,13.352466994772742
353.0,450.33332246478494,866.2398276320674,0.5198714121651569,777.8333145607519,369.83332440760836,72.1666649249637,335.8333252281798,1028.8564310751672,360.49999129952994,9.333333108078445,45.49999890188242,26.666666023081273,60.99999852779841,49.999998793277385,84.49999796063878,140.3333299464652,0.0,0.0,228.98808036638104,22.035036148034216
354.0,357.5,604.7024130566873,0.5911998898646473,161.83333333333334,48.66666666666666,19.83333333333333,93.33333333333334,199.7822197501772,48.66666666666666,0.0,13.666666666666666,6.166666666666667,10.0,6.166666666666667,17.5,59.66666666666666,0.0,0.0,20.59082040578988,17.35806601105399
355.0,113.5,203.8051388784193,0.5569045050807518,207.0,69.0,46.33333333333333,91.66666666666669,225.2074557783968,34.333333333333336,34.666666666666664,27.5,18.83333333333333,10.833333333333334,6.0,37.0,37.833333333333336,0.0,0.0,12.699592964093618,5.507862814303191
356.0,435.1666666666667,774.1607416465216,0.5621140975724676,124.83333333333334,27.166666666666664,14.333333333333334,83.33333333333334,168.05795589772137,13.5,13.666666666666666,11.333333333333334,3.0,13.833333333333334,7.166666666666667,19.5,42.833333333333336,0.0,0.0,22.194339397337654,21.030283167050374
357.0,50.16666666666666,126.21315597915368,0.3974757328384417,5.5,0.3333333333333333,1.0,4.166666666666667,9.710602040267547,0.3333333333333333,0.0,1.0,0.0,0.3333333333333333,1.0,0.5,2.333333333333333,0.0,0.0,2.207729528793637,2.002872511473912
358.0,106.0,192.0101895212824,0.5520540355919547,201.33333333333331,151.66666666666669,32.33333333333333,17.333333333333332,218.52787521260376,29.0,122.66666666666669,32.166666666666664,0.1666666666666666,1.5,4.0,5.0,6.833333333333333,0.0,0.0,12.187360600585636,5.007181278684781
359.0,196.33333333333331,414.75484819580544,0.47337200321440126,201.66666666666669,69.83333333333333,15.5,116.33333333333334,226.8495118138262,15.333333333333334,54.5,12.333333333333334,3.1666666666666665,21.5,4.0,34.5,56.333333333333336,0.0,0.0,15.836220484705002,9.346624662454548
360.0,417.6666666666667,686.6630541805627,0.6082556271577682,266.5,51.0,4.833333333333334,210.66666666666663,313.9807254361857,0.6666666666666666,50.333333333333336,4.666666666666667,0.1666666666666666,9.333333333333334,0.8333333333333334,24.83333333333333,175.66666666666666,0.0,0.0,27.28513903598945,20.195586400196238
361.0,167.33333333333334,401.0248222109525,0.4172642790807358,299.33333333333337,0.1666666666666666,0.1666666666666666,299.00000000000006,325.8496662758294,0.1666666666666666,0.0,0.1666666666666666,0.0,0.0,298.6666666666667,0.1666666666666666,0.1666666666666666,0.0,0.0,18.50484289660042,8.011490045895648
362.0,327.8333333333333,642.1101438321967,0.5105562285261239,289.66666666666663,137.33333333333334,13.666666666666668,138.66666666666666,330.17619017216015,108.5,28.83333333333333,9.333333333333334,4.333333333333333,15.0,19.0,19.83333333333333,84.83333333333333,0.0,0.0,24.48654341370216,16.022980091791297
363.0,272.6666666666667,641.1686650890198,0.42526511589397414,0.0,0.0,0.0,0.0,23.83312836775531,0.0,0.0,0.0,0.0,0.0,0.0,0.0,0.0,0.0,0.0,10.81445704317488,13.01867132458043
364.0,2.0,4.774718012702055,0.4188729040499257,675.3333333333334,197.5,355.5,122.33333333333334,702.1934848296056,133.33333333333334,64.16666666666667,83.66666666666667,271.8333333333333,10.5,13.5,34.166666666666664,64.16666666666667,0.0,0.0,26.860151496272294,0.0
365.0,0.5,1.1314892549952518,0.4418954910907203,1838.8333333333333,6.666666666666666,888.0,944.1666666666669,1912.475435957337,6.333333333333333,0.3333333333333333,823.0,65.0,128.66666666666666,84.33333333333333,244.5,486.6666666666667,1.002330958686516,0.0,72.6397716653168,0.0
366.0,91.66666666666669,234.0524469906778,0.391650110243529,1121.3333333333337,124.66666666666669,442.3333333333333,554.3333333333334,1175.0260205243087,113.0,11.666666666666666,351.0,91.33333333333331,61.66666666666666,50.5,112.5,329.6666666666667,0.0,0.0,49.18596816397732,4.506719026998145
367.0,0.0,0.0,0.0,30.16666666666667,1.6666666666666667,5.666666666666667,22.833333333333336,31.362229767615723,1.6666666666666667,0.0,3.8333333333333335,1.8333333333333333,2.833333333333333,4.5,4.666666666666667,10.833333333333334,0.0,0.0,1.1955631009490582,0.0
368.0,509.83334117971674,879.7168879244985,0.5795425189376074,756.6666783118385,215.83333665502877,109.33333501598372,431.500006640826,833.9554595474762,71.83333443885515,144.00000221617367,68.16666771575815,41.16666730022557,66.00000101574626,59.33333424647897,152.33333567775782,153.83333570084295,0.0,0.0,52.25287445690861,25.03590677872888
369.0,9.5,17.066975782092488,0.5566305431784738,1328.5,97.5,225.3333333333333,1005.6666666666666,1381.7300571266503,97.5,0.0,137.66666666666666,87.66666666666667,172.66666666666666,94.16666666666669,250.33333333333331,488.5,0.0,0.0,53.06334184785994,0.1667152787905303
370.0,97.66666666666669,185.29892523052192,0.5270762717331687,712.0,67.16666666666667,112.66666666666669,532.1666666666666,748.8575492574723,39.833333333333336,27.33333333333333,55.333333333333336,57.333333333333336,44.833333333333336,55.16666666666666,75.83333333333333,356.3333333333333,0.0,0.0,32.18416401885656,4.673385238615762
371.0,325.3333333333333,537.7092057485066,0.6050358257870255,995.3333333333334,63.5,177.33333333333334,754.5,1063.727244623596,47.66666666666666,15.833333333333334,125.66666666666669,51.66666666666666,180.83333333333331,88.5,139.83333333333334,345.3333333333333,0.0,0.0,52.37093119847154,16.022980091791297
372.0,293.0,531.4766990286936,0.5512941593403352,1194.3333333333333,310.3333333333333,36.5,847.5,1267.3331903581295,262.8333333333333,47.5,13.5,23.0,66.33333333333333,466.6666666666667,25.33333333333333,289.1666666666667,0.0,0.0,58.97974944447906,14.020107580317386
373.0,169.0,305.8328220441154,0.5525894796720748,2151.0,279.16666666666663,162.5,1709.3333333333333,2251.014078150479,83.0,196.16666666666663,113.0,49.5,308.8333333333333,211.5,167.16666666666666,1021.8333333333334,0.0,0.0,92.00258810458332,8.011490045895648
374.0,271.0,551.4165770981897,0.49146146716540146,138.0,8.5,20.166666666666668,109.33333333333334,167.68110329456405,8.5,0.0,17.0,3.1666666666666665,26.666666666666668,7.5,29.83333333333333,45.333333333333336,0.0,0.0,16.329391730525618,13.351711564038416
375.0,188.5,342.9856219836833,0.5495857199779862,1563.1666666666667,93.5,135.66666666666666,1334.0,1641.643315893143,87.33333333333333,6.166666666666667,87.5,48.16666666666666,220.66666666666663,348.8333333333333,292.0,472.5,0.0,0.0,69.46372292484374,9.012926301632604
376.0,285.1666666666667,590.0859885177401,0.48326290102733654,258.1666666666667,22.5,31.833333333333336,203.83333333333331,293.5749533366394,22.5,0.0,20.5,11.333333333333334,30.166666666666668,25.83333333333333,40.833333333333336,107.0,0.0,0.0,21.55508898718668,13.85319768278611
377.0,771.0,1250.4897150030722,0.6165584496615438,447.3333333333333,30.833333333333336,31.0,385.5,533.1764162701836,9.833333333333334,21.0,23.0,8.0,58.66666666666666,26.33333333333333,184.0,116.5,0.0,0.0,48.28874836458788,37.55433457226237
378.0,331.8333333333333,531.2237029890297,0.6246583717296704,64.66666666666667,3.6666666666666665,0.5,60.5,96.41204982784096,3.6666666666666665,0.0,0.5,0.0,1.0,54.16666666666666,1.5,3.8333333333333335,0.0,0.0,15.722403069383008,16.022980091791297
379.0,722.6666666666666,1614.164851589702,0.4477031363648837,53.16666666666666,3.1666666666666665,5.666666666666667,44.33333333333333,119.31450534312624,3.1666666666666665,0.0,2.833333333333333,2.833333333333333,4.333333333333333,6.0,6.5,27.5,0.0,0.0,31.09756972566611,35.05026895079346
380.0,487.5,1163.5932226304212,0.41896084518089277,43.49999999999999,1.6666666666666667,4.5,37.33333333333333,88.59022886507671,1.6666666666666667,0.0,1.5,3.0,5.0,20.33333333333333,3.0,9.0,0.0,0.0,21.055758727389776,24.03447013768694
381.0,390.1666666666667,868.0111270412635,0.4494950058953783,46.16666666666666,19.0,3.0,24.166666666666664,82.50366416272156,17.0,2.0,2.0,1.0,4.333333333333333,3.8333333333333335,2.6666666666666665,13.333333333333334,0.0,0.0,17.309708637052726,19.02728885900217
382.0,161.33333333333334,389.598712802092,0.4141012997013861,1.0,0.0,0.0,1.0,15.448640898386667,0.0,0.0,0.0,0.0,0.8333333333333334,0.0,0.1666666666666666,0.0,0.0,0.0,6.437150852491018,8.011490045895648
383.0,0.0,0.0,0.0,1990.5,101.0,1282.3333333333337,607.1666666666666,2069.4324180217222,86.5,14.5,1042.1666666666667,240.16666666666663,428.3333333333333,38.333333333333336,20.166666666666668,120.33333333333331,0.0,0.0,78.93241802172243,0.0
384.0,6.5,15.95822443445227,0.40731348444800203,1033.5,149.5,551.1666666666667,332.83333333333337,1074.7410550744503,138.83333333333334,10.666666666666666,315.1666666666667,236.0,89.66666666666667,38.833333333333336,40.333333333333336,164.0,0.0,0.0,41.2410550744502,0.0
385.0,8.0,21.62031130004369,0.37002242423696435,437.83333333333337,63.333333333333336,200.66666666666663,173.83333333333334,455.5152010258967,60.333333333333336,3.0,173.66666666666666,27.0,22.166666666666668,26.0,24.166666666666668,101.5,0.0,0.0,17.681867692563287,0.0
386.0,7.0,16.96398379145995,0.4126389229117253,789.1666666666667,47.333333333333336,639.8333333333334,102.0,820.7388179345005,40.833333333333336,6.5,147.16666666666666,492.6666666666667,7.5,5.833333333333333,32.5,56.16666666666666,0.0,0.0,31.572151267833775,0.0
387.0,387.0,1025.6496794352877,0.37732181636626483,416.8333333333333,20.83333333333333,229.8333333333333,166.16666666666666,470.4006378715248,9.166666666666666,11.666666666666666,201.66666666666663,28.166666666666668,74.33333333333333,6.833333333333333,5.666666666666667,79.33333333333333,0.0,0.0,34.54001567918925,19.02728885900217
388.0,0.0,0.0,0.0,45.5,6.5,17.0,22.0,47.34280730172575,6.5,0.0,5.166666666666667,11.833333333333334,3.333333333333333,9.333333333333334,4.833333333333333,4.5,0.0,0.0,1.8428073017257487,0.0
389.0,174.83333333333334,292.88506262909635,0.5969349606426966,368.1666666666666,35.333333333333336,85.16666666666667,247.66666666666663,398.3947360242476,19.666666666666668,15.666666666666666,73.66666666666667,11.5,28.83333333333333,44.16666666666666,40.16666666666666,134.5,0.0,0.0,21.54901200340581,8.679057354175098
390.0,372.0,749.9631005250053,0.4960244040534588,1069.6666666666667,250.66666666666663,95.83333333333334,723.1666666666667,1144.8634650054,49.16666666666666,201.5,62.0,33.833333333333336,123.33333333333331,89.66666666666667,129.83333333333334,380.3333333333333,0.0,0.0,57.170945735468194,18.02585260326521
391.0,77.0,155.19081811827124,0.4961633744421538,546.0,5.5,24.0,516.5,574.7075491680686,5.5,0.0,17.5,6.5,29.33333333333333,407.5,16.166666666666668,63.5,0.0,0.0,24.70180414512076,4.005745022947824
392.0,358.0,599.7529629134118,0.5969124325137941,1514.1666666666663,426.5,158.66666666666666,929.0,1605.4354696567718,93.83333333333331,332.6666666666667,103.83333333333331,54.833333333333336,170.33333333333334,139.33333333333334,222.33333333333331,397.0,0.0,0.0,74.24438664257679,17.024416347528255
393.0,369.8333333333333,664.0444794584315,0.5569406037905094,839.8333333333334,83.33333333333334,72.0,684.5,910.3222057685532,71.66666666666667,11.666666666666666,44.16666666666666,27.83333333333333,114.5,40.5,147.16666666666666,382.3333333333333,0.0,0.0,52.62929672086889,17.859575714351127
394.0,24.83333333333333,41.47455235652123,0.598760732119841,9231.5,330.1666666666667,435.83333333333337,8465.5,9601.892825161933,118.83333333333331,211.33333333333331,259.6666666666667,176.16666666666666,1094.6666666666667,5809.166666666667,470.0,1091.6666666666667,0.0,0.0,369.3913889061948,1.001436255736956
395.0,203.83333333333331,319.72968312771616,0.6375177035155413,861.3333333333334,70.0,87.16666666666666,704.1666666666667,913.5725598659484,45.0,25.0,54.16666666666666,33.0,113.66666666666669,127.0,139.5,324.0,0.0,0.0,42.22486397524557,10.01436255736956
396.0,470.6666666666667,694.9019171407534,0.6773138122906235,1740.6666666666667,253.8333333333333,162.0,1324.8333333333337,1852.2204870208964,67.33333333333333,186.5,108.5,53.5,181.5,430.1666666666667,179.0,534.1666666666666,0.0,0.0,88.85480188150272,22.69901847272716
397.0,645.1666666666666,1452.6654884388715,0.4441261059764038,332.0,60.333333333333336,26.666666666666664,245.0,402.6128317752483,34.833333333333336,25.5,10.666666666666666,16.0,20.83333333333333,33.5,119.0,71.66666666666667,0.0,0.0,39.06745581791373,31.54537595733456
398.0,767.6666666666666,1300.8787016201804,0.5901139481418026,426.6666666666666,30.33333333333333,17.166666666666668,379.1666666666666,511.2467387755844,27.5,2.833333333333333,11.333333333333334,5.833333333333333,173.16666666666666,61.5,34.5,110.0,0.0,0.0,47.35999626191514,37.220075847002576
399.0,554.6666666666666,1093.9297225197176,0.5070404937796806,115.33333333333331,44.66666666666666,6.0,64.66666666666666,168.9390732790801,44.66666666666666,0.0,4.0,2.0,5.833333333333333,12.166666666666666,7.5,39.16666666666666,0.0,0.0,26.56696104084896,27.03877890489781
400.0,663.0,1202.408391289366,0.5513933575339176,460.83333333333326,47.16666666666666,41.0,372.6666666666666,537.4425097235905,46.16666666666666,1.0,25.83333333333333,15.166666666666666,49.16666666666666,99.83333333333331,44.5,179.16666666666666,0.0,0.0,44.56321620667456,32.045960183582594
401.0,323.6666666666667,715.881697121427,0.4521231202978594,77.5,14.333333333333334,2.333333333333333,60.83333333333333,109.43013696675236,0.0,14.333333333333334,0.3333333333333333,2.0,11.333333333333334,35.166666666666664,2.1666666666666665,12.166666666666666,0.0,0.0,15.90715687496106,16.022980091791297
402.0,357.8333333333333,734.6631910222923,0.48707126980923615,87.50000000000001,2.0,2.166666666666667,83.33333333333334,122.1826219629624,2.0,0.0,1.0,1.1666666666666667,2.6666666666666665,3.5,58.0,19.166666666666668,0.0,0.0,17.658205615434138,17.024416347528255
403.0,237.16666795077052,473.75126789561824,0.5006143181510715,19.666666773148926,0.0,0.0,19.666666773148926,41.369350794534164,0.0,0.0,0.0,0.0,4.000000021657409,0.0,2.0000000108287046,13.666666740662814,0.0,0.0,10.186033116434595,11.516650904950641
404.0,207.00000001813544,405.5055710315657,0.5104738746043564,38.00000000332921,0.0,0.0,38.00000000332921,58.39295839244408,0.0,0.0,0.0,0.0,0.0,36.666666669879056,1.0000000000876108,0.3333333333625369,0.0,0.0,10.37859583086795,10.014362558246926
405.0,10.0,24.123595098978974,0.4145319119712488,1803.5,719.8333333333333,348.3333333333333,735.3333333333334,1875.4231283616805,621.6666666666666,98.16666666666669,282.5,65.83333333333333,94.5,5.0,64.0,571.8333333333334,0.0,0.0,71.92312836168047,0.0
406.0,2.0,3.7643664210083023,0.5312979068239301,366.83333333333337,78.66666666666667,110.66666666666669,177.5,385.4654790004208,61.0,17.666666666666668,109.5,1.1666666666666667,22.5,2.6666666666666665,27.0,125.33333333333331,2.004661917373032,0.0,16.627483749714454,0.0
407.0,0.0,0.0,0.0,393.83333333333337,164.5,106.5,122.83333333333334,409.451098062426,139.16666666666666,25.33333333333333,74.5,32.0,4.0,0.3333333333333333,3.8333333333333335,114.66666666666669,0.0,0.0,15.617764729092684,0.0
408.0,0.0,0.0,0.0,727.8333333333333,199.0,385.3333333333333,143.5,756.6956544763568,190.5,8.5,30.83333333333333,354.5,19.83333333333333,0.0,15.833333333333334,107.83333333333331,0.0,0.0,28.86232114302328,0.0
409.0,148.16666666666666,356.59918858423407,0.4154991694033748,1038.3333333333333,82.33333333333333,659.3333333333333,296.66666666666663,1092.7468617295208,64.83333333333333,17.5,345.3333333333333,314.0,40.66666666666666,67.16666666666667,55.66666666666666,133.16666666666666,0.0,0.0,47.06984871139908,7.343679684788394
410.0,150.5,389.49020453232106,0.38640252886645077,163.66666666666666,42.833333333333336,18.166666666666664,102.66666666666666,183.30062343275625,42.833333333333336,0.0,12.166666666666666,6.0,16.166666666666668,13.0,19.33333333333333,54.16666666666666,0.0,0.0,12.623902975930887,7.010053790158693
411.0,329.3333333333333,889.5347128373616,0.3702310079421792,101.66666666666669,10.833333333333334,19.0,71.83333333333334,135.4464848578495,10.833333333333334,0.0,14.5,4.5,9.0,15.0,12.0,35.833333333333336,0.0,0.0,17.756838099391523,16.022980091791297
412.0,97.16666666666669,191.2487673515589,0.5080642767649957,726.6666666666667,41.66666666666667,7.666666666666666,677.3333333333334,764.3436390279425,36.833333333333336,4.833333333333333,3.6666666666666665,4.0,1.5,4.166666666666667,2.833333333333333,668.8333333333334,0.0,0.0,32.669791082590905,5.007181278684781
413.0,179.0,359.974139418069,0.4972579427215794,461.0,54.66666666666666,61.5,344.83333333333337,495.3953515918533,42.66666666666666,12.0,38.5,23.0,54.16666666666666,42.5,67.33333333333333,180.83333333333331,0.0,0.0,25.382425290220755,9.012926301632604
414.0,73.33333333333333,144.84495481708112,0.506288489136146,210.3333333333333,27.83333333333333,73.0,109.5,225.42178317489663,22.0,5.833333333333333,4.833333333333333,68.16666666666667,13.0,40.333333333333336,16.5,39.66666666666666,0.0,0.0,11.249761177912072,3.83868866365122
415.0,417.1666666666667,1083.8035653062236,0.3849098489990649,91.66666666666666,5.5,10.833333333333334,75.33333333333333,132.20602611363844,5.5,0.0,7.5,3.333333333333333,9.0,10.5,11.666666666666666,44.16666666666666,0.0,0.0,20.510634332232677,20.02872511473912
416.0,444.3333333333333,918.1557749485536,0.48394111920521365,29.833333333333336,7.166666666666667,3.0,19.666666666666668,70.32918020056222,7.166666666666667,0.0,2.0,1.0,1.6666666666666667,2.0,2.0,14.0,0.0,0.0,18.79823998504766,21.69760688218123
417.0,524.8333333333334,1280.263252246854,0.4099417306653566,497.33333333333337,102.0,35.666666666666664,359.6666666666667,564.5590834973622,67.83333333333333,34.166666666666664,21.33333333333333,14.333333333333334,36.66666666666666,48.833333333333336,79.66666666666667,194.5,0.0,0.0,41.8558288164808,25.36992134754799
418.0,411.0,1014.8338009686036,0.4049924230033754,140.0,2.5,1.3333333333333333,136.16666666666666,181.878781186012,2.5,0.0,0.3333333333333333,1.0,0.8333333333333334,35.0,11.0,89.33333333333333,0.0,0.0,21.850056071272817,20.02872511473912
419.0,522.0,981.3062138877254,0.5319440482619056,29.000000000000004,0.1666666666666666,0.0,28.833333333333336,75.8857288343933,0.1666666666666666,0.0,0.0,0.0,7.166666666666667,1.3333333333333333,13.333333333333334,7.0,0.0,0.0,21.849822440969408,25.035906393423904
420.0,152.0,331.96626946351125,0.45787784477515237,156.83333333333334,0.0,0.3333333333333333,156.5,176.08955454815924,0.0,0.0,0.3333333333333333,0.0,0.0,156.16666666666666,0.0,0.3333333333333333,0.0,0.0,12.246167424667206,7.010053790158693
421.0,108.0,235.12186877534185,0.4593362606487006,61.0,0.0,2.0,59.0,72.70885095658647,0.0,0.0,2.0,0.0,15.666666666666666,11.333333333333334,9.5,22.5,0.0,0.0,6.701669677901688,5.007181278684781
422.0,0.0,0.0,0.0,4893.833333333334,178.33333333333334,3454.5,1261.0,5087.900316179677,178.33333333333334,0.0,3385.333333333333,69.16666666666667,509.6666666666667,294.8333333333333,207.5,249.0,0.0,0.0,194.066982846344,0.0
423.0,37.0,76.34805263310331,0.4846227077697249,638.1666666666667,129.33333333333334,176.0,332.8333333333333,667.0325243504041,128.33333333333334,1.0,67.83333333333333,108.16666666666669,43.16666666666666,31.5,55.5,202.66666666666663,0.0,0.0,26.86298517226341,2.002872511473912
424.0,44.66666666666666,109.1019403763055,0.4094030455609317,505.0,163.5,132.16666666666666,209.33333333333331,528.9609729573265,162.5,1.0,119.83333333333331,12.333333333333334,20.33333333333333,15.666666666666666,61.833333333333336,111.5,0.0,0.0,21.791312067783934,2.169660889542534
425.0,146.16666666666666,352.10513352139674,0.4151222255831848,776.3333333333333,224.0,71.5,480.8333333333333,822.0923056747764,209.66666666666663,14.333333333333334,44.16666666666666,27.33333333333333,58.833333333333336,45.66666666666666,79.0,297.3333333333333,0.0,0.0,38.74891855128445,7.010053790158693
426.0,188.16666666666663,455.5293858537198,0.41307250972188864,635.5,88.66666666666667,74.33333333333334,472.5,677.1734100721143,88.0,0.6666666666666666,39.833333333333336,34.5,74.5,35.166666666666664,185.33333333333331,177.5,0.0,0.0,32.66048377048159,9.012926301632604
427.0,112.0,276.3289057505502,0.40531409370942006,490.6666666666667,80.16666666666666,40.66666666666667,369.83333333333337,519.5714015764856,45.5,34.666666666666664,24.0,16.666666666666668,54.16666666666666,93.66666666666669,71.0,151.0,0.0,0.0,23.89755363113409,5.007181278684781
428.0,60.0,138.3199205818224,0.4337769986247738,383.33333333333326,43.16666666666666,57.5,282.66666666666663,403.91764594246473,43.16666666666666,0.0,30.166666666666668,27.33333333333333,45.16666666666666,27.83333333333333,63.16666666666666,146.5,0.0,0.0,17.580003841920547,3.0043087672108686
429.0,156.33333333333334,381.4466528185947,0.40984324329012023,554.5,82.5,60.833333333333336,411.1666666666666,590.701234713933,82.5,0.0,36.333333333333336,24.5,53.5,71.66666666666667,73.83333333333333,212.16666666666663,0.0,0.0,28.189744668037296,8.011490045895648
430.0,388.0,962.0714222043098,0.40329646120348284,0.0,0.0,0.0,0.0,34.57996314720851,0.0,0.0,0.0,0.0,0.0,0.0,0.0,0.0,0.0,0.0,15.552674288206342,19.02728885900217
431.0,241.0,622.3687164012232,0.38723026021223445,48.833333333333336,0.8333333333333334,5.5,42.5,72.34247441010984,0.8333333333333334,0.0,1.6666666666666667,3.8333333333333335,2.6666666666666665,5.666666666666667,4.333333333333333,29.83333333333333,0.0,0.0,11.491906007933046,12.017235068843474
432.0,881.5,1612.4609657070998,0.5466799003183577,429.83333333333337,67.66666666666667,35.5,326.6666666666667,525.9012933974534,39.0,28.666666666666668,26.83333333333333,8.666666666666666,29.83333333333333,63.833333333333336,47.16666666666666,185.83333333333331,0.0,0.0,53.0062010674309,43.06175899668912
433.0,389.83333317770376,856.9588610588966,0.45490320585052163,377.49999984929417,12.66666666160987,19.33333332561506,345.4999998620692,426.9564675559126,12.66666666160987,0.0,14.166666661011039,5.166666664604026,16.66666666001299,157.49999993712274,60.99999997564753,110.33333328928596,0.0,0.0,30.429178855212328,19.02728885140608
434.0,325.0,956.331562752127,0.3398402945780816,1479.8333333333333,725.6666666666666,170.33333333333334,583.8333333333333,1567.2636215914026,479.3333333333333,246.33333333333331,43.66666666666666,126.66666666666669,94.33333333333331,61.5,84.83333333333333,343.1666666666667,0.0,0.0,71.57436452557472,15.855923732494691
435.0,77.66666666666667,177.54938177538892,0.4374369873330219,356.49999999999994,20.0,33.333333333333336,303.16666666666663,377.7251311463462,20.0,0.0,20.5,12.833333333333334,32.833333333333336,24.33333333333333,53.833333333333336,192.16666666666663,0.0,0.0,17.219386123398333,4.005745022947824
436.0,598.6666666666666,1150.2831118397396,0.5204515831838749,637.0,71.0,45.33333333333333,520.6666666666666,715.5397242259578,44.333333333333336,26.666666666666668,23.5,21.83333333333333,51.66666666666666,95.83333333333331,110.33333333333331,262.8333333333333,0.0,0.0,49.49807280958611,29.04165141637173
437.0,246.33333340448462,655.5713065183792,0.3757536837795975,4366.666667927942,41.50000001198693,15.500000004477045,4309.666667911478,4561.440968211432,1.6666666671480694,39.83333334483886,1.0000000002888416,14.500000004188204,13.166666670469747,4214.500001217323,21.666666672924904,60.333333350760114,0.0,0.0,182.92399959595903,11.850300687531131
438.0,233.66666666666663,508.7085075069824,0.45933312146044536,0.0,0.0,0.0,0.0,20.62214775476925,0.0,0.0,0.0,0.0,0.0,0.0,0.0,0.0,0.0,0.0,9.272431105019418,11.349716649749835
439.0,305.1666666666667,623.602618408913,0.4893607846697024,1959.5,233.5,67.83333333333333,1658.1666666666667,2064.3253322812184,30.5,203.0,43.66666666666666,24.166666666666668,175.33333333333334,60.66666666666666,388.0,1034.1666666666667,0.0,0.0,89.80378844516439,15.021543836054342
440.0,172.0,357.6378028282022,0.48093349931081897,5216.999999999999,237.8333333333333,32.0,4947.166666666666,5438.709938221503,179.16666666666666,58.66666666666666,18.83333333333333,13.166666666666666,28.33333333333333,44.0,4443.5,431.3333333333333,0.0,0.0,213.69844817560693,8.011490045895648
441.0,333.3333333333333,746.6441436081951,0.44644203826803397,416.1666666666666,187.8333333333333,34.166666666666664,194.16666666666663,462.0690971243428,62.5,125.33333333333331,20.5,13.666666666666666,16.666666666666668,33.666666666666664,25.5,118.33333333333331,0.0,0.0,29.71236942661932,16.19006103105689
442.0,268.6666666666667,562.7642865790289,0.4774053241719664,606.3333333333334,32.666666666666664,49.0,524.6666666666667,654.0494809314586,4.333333333333333,28.33333333333333,1.1666666666666667,47.833333333333336,3.0,1.5,3.8333333333333335,516.3333333333334,0.0,0.0,34.697476273544744,13.01867132458043
443.0,545.5,1224.7943310603418,0.4453808987895494,739.1666666666666,111.0,19.666666666666668,608.5,829.6278567846,9.5,101.5,18.5,1.1666666666666667,10.166666666666666,170.66666666666666,351.6666666666667,76.0,0.0,0.0,63.92294664922228,26.538243468711045
444.0,469.6666666666667,1155.6030265536183,0.4064256114553148,0.0,0.0,0.0,0.0,41.49298671088788,0.0,0.0,0.0,0.0,0.0,0.0,0.0,0.0,0.0,0.0,18.626887213673083,22.86609949721479
445.0,237.16666666666663,549.2980057816683,0.43176320352587305,0.0,0.0,0.0,0.0,20.906157681593506,0.0,0.0,0.0,0.0,0.0,0.0,0.0,0.0,0.0,0.0,9.388483583577347,11.517674098016158
446.0,316.0,791.0898634001572,0.39944893067117665,200.33333333333331,48.5,7.833333333333333,144.0,236.0175992272428,6.166666666666667,42.333333333333336,7.833333333333333,0.0,5.333333333333333,14.333333333333334,86.16666666666667,38.16666666666666,0.0,0.0,20.495690818848256,15.188575075061166
447.0,490.6666666666667,1217.4439231070046,0.4030301990538094,242.66666666666669,88.66666666666667,23.666666666666668,130.33333333333334,297.62263662018364,84.16666666666667,4.5,20.666666666666668,3.0,17.333333333333332,3.6666666666666665,11.333333333333334,98.0,2.004661917373032,0.0,29.083406537495065,23.86790149864885
448.0,1167.8333333333333,2858.39220143914,0.4085630141116932,736.5,112.16666666666669,164.5,459.8333333333333,877.8812752420505,100.0,12.166666666666666,51.333333333333336,113.16666666666669,51.16666666666666,101.0,74.66666666666667,233.0,0.1666666666666666,0.0,84.46734107947583,56.74726749590801
449.0,331.6666666666667,787.776969923695,0.42101594655501584,0.0,0.0,0.0,0.0,38.34829867066049,0.0,0.0,0.0,0.0,0.0,0.0,0.0,0.0,3.675254484826766,0.0,18.4831054139929,16.189938771840826
450.0,726.8333333333334,1583.7202505356463,0.45894048086302086,231.8333333333333,12.0,121.5,98.33333333333331,307.7965752216537,12.0,0.0,8.0,113.5,5.833333333333333,67.5,8.0,17.0,2.506502859935624,0.0,38.07240514609682,35.38433388228796
451.0,17.833333333333332,45.19920116225688,0.39454974589738706,713.0,157.0,97.66666666666669,458.33333333333337,744.6571754704458,74.5,82.5,39.833333333333336,57.833333333333336,55.5,95.66666666666669,81.5,225.66666666666663,1.002330958686516,0.0,29.987057919548107,0.6677865922112233
452.0,266.6666666666667,562.9781911866671,0.4736713976514373,0.0,0.0,0.0,0.0,33.45349451771446,0.0,0.0,0.0,0.0,0.0,0.0,0.0,0.0,9.856275273139667,0.0,10.577841463667893,13.019377780906902
453.0,366.8333333333333,939.515060337584,0.3904496572960989,638.5,181.0,216.5,241.0,701.4012090352251,131.5,49.5,172.83333333333334,43.66666666666666,39.0,7.833333333333333,22.5,171.66666666666666,5.011654793432579,0.0,39.8637016385272,18.02585260326521
454.0,204.83333333333331,537.0094804072575,0.381433365343926,328.16666666666663,14.833333333333334,229.8333333333333,83.5,360.1557351841201,4.0,10.833333333333334,216.16666666666663,13.666666666666666,0.1666666666666666,30.83333333333333,9.166666666666666,43.333333333333336,1.002330958686516,0.0,21.139187589558283,9.84754996920866
455.0,688.3333333333334,1788.970783003415,0.38476499441635625,852.1666666666666,153.83333333333331,111.83333333333334,586.5,946.8006125774554,76.5,77.33333333333333,58.333333333333336,53.5,64.83333333333333,85.5,95.33333333333331,340.8333333333333,0.0,0.0,61.085502460905865,33.5484434498829
456.0,184.33333333333331,507.18487095599465,0.36344406919292116,22.333333333333336,6.5,2.333333333333333,13.5,49.39171017149421,6.5,0.0,2.333333333333333,0.0,2.0,5.666666666666667,1.3333333333333333,4.5,6.849036396618081,0.0,11.196462837206404,9.012877604336396
457.0,177.5,457.0826508510783,0.38833239386683943,507.83333333333337,128.5,52.16666666666667,327.1666666666667,554.8925538625059,102.0,26.5,38.333333333333336,13.833333333333334,36.0,63.833333333333336,37.5,189.83333333333331,11.192429581283442,0.0,27.18763628434365,8.67915466354547
458.0,221.33333333333331,638.5160017595938,0.3466370971493163,228.83333333333331,12.0,8.833333333333334,208.0,265.0094902583433,12.0,0.0,8.833333333333334,0.0,16.5,127.33333333333331,25.33333333333333,38.833333333333336,7.517052727391576,0.0,17.81002066330239,10.849083534315987
459.0,490.6666666666667,1239.040530492347,0.3960053400930272,681.1666666666666,166.66666666666666,280.0,234.5,776.1554239960104,71.83333333333333,94.83333333333331,94.16666666666669,185.83333333333331,22.0,9.666666666666666,12.166666666666666,190.66666666666663,5.345478142889838,18.0,47.609418935476505,24.03386025097744
460.0,367.5,949.6410718179784,0.38698831685582386,295.8333333333333,47.33333333333333,8.0,240.5,341.16247789459976,6.666666666666667,40.66666666666666,1.0,7.0,15.666666666666666,170.33333333333334,1.5,53.0,1.002330958686516,0.0,26.30096099931468,18.02585260326521
461.0,426.6666666666667,1080.0137878772964,0.39505668488293555,124.83333333333331,5.833333333333333,10.666666666666666,108.33333333333331,201.2313808391553,5.833333333333333,0.0,10.666666666666666,0.0,21.5,4.0,34.666666666666664,48.16666666666666,9.020365703126096,0.0,46.67944001412166,20.698241788574247
462.0,1429.0,3936.411724117936,0.3630209693881063,170.33333333333331,26.166666666666668,11.333333333333334,132.83333333333331,325.4797077380961,26.166666666666668,0.0,11.333333333333334,0.0,13.833333333333334,20.33333333333333,20.666666666666668,78.0,2.338976545286053,0.0,83.20895478994039,69.59844306953637
463.0,341.8333333333333,946.8950105894372,0.3610044719958381,38.00000000000001,0.1666666666666666,0.1666666666666666,37.66666666666667,76.19290901432487,0.1666666666666666,0.0,0.0,0.1666666666666666,6.166666666666667,0.0,0.3333333333333333,31.166666666666668,6.347932732973294,0.0,15.150894544472823,16.694081736878744
464.0,437.5,1119.0244202254391,0.39096555186155907,131.16666666666669,18.166666666666668,21.0,92.0,187.58512771706367,9.833333333333334,8.333333333333334,6.333333333333333,14.666666666666666,14.333333333333334,7.166666666666667,13.833333333333334,56.66666666666666,2.5057655810178194,0.0,32.38192584054992,21.53076962882929
465.0,887.3333333333334,1942.543689186571,0.4567893830510958,105.5,46.833333333333336,25.33333333333333,33.33333333333333,190.16110151415847,11.0,35.833333333333336,13.666666666666666,11.666666666666666,7.333333333333333,0.5,4.5,21.0,1.5036806227933444,0.0,40.09536996656491,43.06205092480023
466.0,438.3333333333333,1059.4570264306528,0.4137339433295312,49.833333333333336,15.333333333333334,0.5,34.0,92.56276716045026,15.333333333333334,0.0,0.5,0.0,3.1666666666666665,6.5,6.5,17.833333333333332,2.004661917373032,0.0,19.360619795236016,21.36415211450789
467.0,731.8333333333334,1915.556990707825,0.38204727757168466,26.666666666666668,2.5,1.3333333333333333,22.833333333333336,93.4644569843276,1.5,1.0,1.3333333333333333,0.0,5.5,0.0,5.166666666666667,12.166666666666666,1.002330958686516,0.0,30.077744896475817,35.71771446249861
468.0,480.0,1300.4939244125146,0.36909053628746114,19.666666666666664,4.166666666666666,2.1666666666666665,13.333333333333334,63.14801682368831,1.0,3.1666666666666665,2.1666666666666665,0.0,1.3333333333333333,1.1666666666666667,2.833333333333333,8.0,0.3340693499192976,0.0,19.78037816958445,23.366902637517896
469.0,325.0,776.35434842718,0.4186232751299958,0.0,0.0,0.0,0.0,30.25050070405365,0.0,0.0,0.0,0.0,0.0,0.0,0.0,0.0,1.6701012889979705,0.0,12.891020289493904,15.689379125561771
470.0,227.66666666666663,552.2831040782885,0.41222819417338885,211.16666666666669,1.1666666666666667,6.5,203.50000000000003,241.40950221684048,1.1666666666666667,0.0,1.6666666666666667,4.833333333333333,1.8333333333333333,187.83333333333331,4.333333333333333,9.5,0.0,0.0,19.227036737067262,11.01579881310652
471.0,163.66666666666666,429.51554895964273,0.3810494569127805,96.16666666666669,0.1666666666666666,0.0,96.0,116.3105887775526,0.1666666666666666,0.0,0.0,0.0,0.1666666666666666,95.16666666666669,0.0,0.6666666666666666,1.002330958686516,0.0,11.297035491038978,7.844555661160446
472.0,311.0,813.0673137312309,0.38250215541539373,62.00000000000001,0.0,12.833333333333334,49.16666666666667,92.81257954833876,0.0,0.0,1.0,11.833333333333334,10.5,13.166666666666666,8.333333333333334,17.166666666666668,1.002330958686516,0.0,14.788704753597909,15.021543836054342
473.0,598.8333333333334,1502.7079501208727,0.39850280507610625,589.8333333333334,94.5,54.0,441.33333333333337,673.4865044004611,63.66666666666666,30.83333333333333,44.833333333333336,9.166666666666666,50.0,68.16666666666667,76.5,246.66666666666663,4.009323834746064,0.0,50.43538304986189,29.208464182519734
474.0,169.33333333333334,446.526923427507,0.37922312059829105,36.5,6.833333333333333,3.6666666666666665,26.0,52.88429460923511,6.833333333333333,0.0,3.6666666666666665,0.0,3.333333333333333,7.5,3.8333333333333335,11.333333333333334,0.0,0.0,8.206211450999938,8.178083158235173
475.0,291.6666666666667,875.7110254516342,0.33306268642243503,3.5,0.0,0.0,3.5,53.61239657579985,0.0,0.0,0.0,0.0,0.5,0.0,1.5,1.5,21.550053796061626,0.0,14.37542261125994,14.186920168478288
476.0,47.833333333333336,144.18471374877822,0.33175037831455734,0.0,0.0,0.0,0.0,29.45723278952967,0.0,0.0,0.0,0.0,0.0,0.0,0.0,0.0,25.39197494755505,0.0,1.8956700517101737,2.1695877902644427
477.0,114.5,345.68141329813926,0.3312298422630186,0.0,0.0,0.0,0.0,27.582276746277635,0.0,0.0,0.0,0.0,0.0,0.0,0.0,0.0,15.034964380297737,0.0,7.03954686104708,5.507765504932819
478.0,40.16666666666666,118.35323567966395,0.3393795398664229,0.0,0.0,0.0,0.0,17.620154415101727,0.0,0.0,0.0,0.0,0.0,0.0,0.0,0.0,10.357256567719356,0.0,5.260025335908459,2.002872511473912
479.0,131.83333333333334,397.56552296982727,0.3316015240671125,38.66666666666666,3.1666666666666665,0.0,35.5,59.93819759886125,3.1666666666666665,0.0,0.0,0.0,5.666666666666667,17.5,1.8333333333333333,10.5,3.508096539704335,0.0,11.253769754740098,6.509664637750149
480.0,156.16666666666666,459.8474494388309,0.33960537751648445,101.33333333333331,16.166666666666664,13.666666666666668,71.5,139.71286254887357,12.166666666666666,4.0,4.666666666666667,9.0,6.666666666666667,13.333333333333334,19.0,32.5,2.8397125618720174,0.0,28.02871576018109,7.511100893487105
481.0,99.83333333333331,296.312835092572,0.33691869372497507,9.0,0.0,7.166666666666667,1.8333333333333333,22.49779073382036,0.0,0.0,7.0,0.1666666666666666,0.8333333333333334,0.0,0.1666666666666666,0.8333333333333334,4.009323834746064,0.0,4.314424334932403,5.174042564141892
482.0,90.66666666666669,256.3711469900384,0.3536539416824064,0.0,0.0,0.0,0.0,18.447804687910164,0.0,0.0,0.0,0.0,0.0,0.0,0.0,0.0,3.3409398569137454,0.0,10.600413785226255,4.506451045770162
483.0,120.0,348.0143268880925,0.34481339050902693,0.0,0.0,0.0,0.0,17.941892026417452,0.0,0.0,0.0,0.0,0.0,0.0,0.0,0.0,3.0069928760595475,0.0,9.260199260689886,5.6746998896680205
484.0,334.5,992.4945033397204,0.3370295743446593,203.83333333333331,14.333333333333334,15.333333333333334,174.16666666666669,270.8623203690516,14.333333333333334,0.0,15.333333333333334,0.0,29.666666666666668,10.5,47.5,86.5,4.0087101872252,0.0,46.82987456648599,16.19040228200705
485.0,269.1666666666667,842.4640872012598,0.31949927689008345,23.666666666666668,0.3333333333333333,0.8333333333333333,22.5,53.80105978166913,0.3333333333333333,0.0,0.6666666666666666,0.1666666666666666,1.8333333333333333,2.1666666666666665,1.1666666666666667,17.333333333333332,3.674763206371002,0.0,13.441007829211058,13.018622079420412
486.0,81.83333333333333,202.77952289343423,0.4035581707938963,0.0,0.0,0.0,0.0,37.63981694149551,0.0,0.0,0.0,0.0,0.0,0.0,0.0,0.0,24.55667902506234,0.0,9.07739289348535,4.005745022947824
487.0,123.5,306.9966842326332,0.40228447518480454,0.0,0.0,0.0,0.0,25.101152722983304,0.0,0.0,0.0,0.0,0.0,0.0,0.0,0.0,13.197091498656471,0.0,5.895443689905094,6.008617534421737
488.0,113.33333333333331,283.0907056916573,0.4003428267149685,0.0,0.0,0.0,0.0,25.701430333186227,0.0,0.0,0.0,0.0,0.0,0.0,0.0,0.0,14.533737085256009,0.0,5.659708637052728,5.50798461087749
489.0,168.33333333333334,454.3613824254549,0.3704833637813642,32.33333333333333,22.5,4.833333333333333,5.0,49.31064311327736,13.333333333333334,9.166666666666666,0.0,4.833333333333333,0.0,0.3333333333333333,0.3333333333333333,4.333333333333333,1.002330958686516,0.0,7.963488775361867,8.011490045895648
490.0,106.33333333333331,283.77342979257884,0.37471208425347124,194.16666666666663,14.333333333333334,34.666666666666664,145.16666666666666,212.74012974822213,12.5,1.8333333333333333,27.83333333333333,6.833333333333333,8.833333333333334,101.16666666666669,5.5,29.666666666666668,1.002330958686516,0.0,12.563950844184165,5.007181278684781
491.0,187.66666666666663,448.56436692741454,0.41837176669236936,70.0,32.166666666666664,4.0,33.83333333333333,97.408660662352,32.166666666666664,0.0,4.0,0.0,2.6666666666666665,9.666666666666666,4.333333333333333,17.166666666666668,4.343884463121125,0.0,13.718492617282411,9.346283581948471
492.0,166.16666666666666,412.3404787192883,0.4029841241460774,0.0,0.0,0.0,0.0,18.27405734099451,0.0,0.0,0.0,0.0,0.0,0.0,0.0,0.0,3.0069928760595475,0.0,7.255574419039313,8.011490045895648
493.0,121.33333333333331,291.07236723212634,0.4168493714711558,48.66666666666667,3.333333333333333,17.666666666666668,27.666666666666668,72.45768866885054,3.333333333333333,0.0,1.8333333333333333,15.833333333333334,2.833333333333333,5.5,2.833333333333333,16.5,10.023064308871437,0.0,7.925592382613751,5.842365310698683
494.0,402.5,972.9353521707012,0.4136965514738347,121.0,23.666666666666668,10.333333333333334,87.0,190.9278326433927,23.666666666666668,0.0,10.333333333333334,0.0,13.833333333333334,18.166666666666668,20.5,34.5,7.016316710805612,0.0,43.21646522542729,19.6950507071598
495.0,145.83333333333334,395.70810682504106,0.3685376438289962,62.0,16.666666666666668,5.0,40.33333333333333,79.70956539329792,16.666666666666668,0.0,5.0,0.0,5.833333333333333,11.666666666666666,5.5,17.333333333333332,2.6726782481465268,0.0,8.194304612381368,6.8425825327700265
496.0,562.1666666666666,1672.5185870889406,0.33611983209414215,180.16666666666669,20.33333333333333,6.0,153.83333333333334,296.94004669580994,20.33333333333333,0.0,6.0,0.0,10.833333333333334,115.83333333333331,4.833333333333333,22.33333333333333,1.002330958686516,0.0,88.23270980001246,27.53833927044428
497.0,679.3333333333334,1567.1615944648763,0.43348007999474925,114.16666666666666,26.0,31.33333333333333,56.833333333333336,180.5077470897555,22.83333333333333,3.1666666666666665,2.833333333333333,28.5,5.166666666666667,3.6666666666666665,8.166666666666666,39.833333333333336,0.0,0.0,33.293562187194986,33.047518235893854
498.0,726.8333333333334,1417.056471525065,0.5129176909591334,52.0,17.166666666666664,4.333333333333333,30.5,117.93446723542786,10.666666666666666,6.5,2.5,1.8333333333333333,1.0,3.8333333333333335,2.5,23.166666666666668,0.0,0.0,30.884198284634397,35.05026895079346
499.0,534.8333333333334,1302.6065773352937,0.4105870050398695,280.8333333333333,148.83333333333331,2.833333333333333,129.16666666666666,341.21663625864954,82.83333333333333,66.0,2.833333333333333,0.0,15.0,89.33333333333333,5.166666666666667,19.666666666666668,2.004661917373032,0.0,32.34117656220796,26.03746444573516
500.0,889.1666666666666,1886.766263544244,0.4712648746413288,257.16666666666663,114.66666666666666,7.666666666666666,134.83333333333331,395.0933798856062,43.16666666666666,71.5,3.6666666666666665,4.0,15.166666666666666,8.5,47.16666666666666,64.0,0.0,0.0,94.36588114966877,43.560832069270816
501.0,363.5,778.4152562358887,0.46697440355645603,51.0,0.5,0.0,50.5,86.46533389526428,0.5,0.0,0.0,0.0,0.0,50.333333333333336,0.0,0.1666666666666666,1.002330958686516,0.0,16.437150333312566,18.02585260326521
502.0,564.0,1501.9207250518557,0.37551915396901336,752.3333333333333,97.83333333333331,123.16666666666666,531.3333333333333,832.0718116471386,62.16666666666666,35.666666666666664,54.16666666666666,69.0,42.66666666666666,153.0,21.166666666666668,314.5,0.0,0.0,52.198920108819806,27.539558204985344
503.0,734.0,1729.9240385991106,0.4242960867775396,191.83333333333331,38.5,12.833333333333334,140.5,264.43324993774735,38.5,0.0,9.833333333333334,3.0,15.5,3.8333333333333335,17.0,104.16666666666669,0.0,0.0,36.715023986044486,35.88489261836952
504.0,503.33333333995824,1154.4595000358584,0.43599046421665233,452.6666666726246,9.333333333456181,12.666666666833388,430.66666667233505,515.1133580207267,9.333333333456181,0.0,7.500000000098716,5.166666666734671,19.333333333587795,317.3333333375101,14.500000000190852,79.50000000104639,0.0,0.0,37.91149097717749,24.535200370924496
505.0,767.3333333333334,1683.3030435973387,0.4558497866750643,499.0,85.83333333333334,55.833333333333336,357.3333333333333,591.1970920927035,50.333333333333336,35.5,45.333333333333336,10.5,46.0,31.5,82.83333333333333,197.0,0.0,0.0,54.97652898054119,37.22056311216234
506.0,647.5,2074.349914122982,0.31214598636014484,10.666666666666666,0.6666666666666666,2.0,8.0,68.30907917313401,0.0,0.6666666666666666,0.0,2.0,0.6666666666666666,0.1666666666666666,3.0,4.166666666666667,0.0,0.0,26.09737762963886,31.545034876828485
507.0,114.5,336.33746199745224,0.3404318963460197,173.33333333333334,20.333333333333336,0.5,152.5,191.0920248548749,11.0,9.333333333333334,0.5,0.0,1.1666666666666667,91.5,33.166666666666664,26.666666666666668,0.0,0.0,12.083650551367516,5.675040970174095
508.0,435.0,1135.6981151041512,0.3830243215294124,56.333333333333336,0.8333333333333334,1.0,54.5,97.84310860193266,0.8333333333333334,0.0,0.1666666666666666,0.8333333333333334,1.3333333333333333,2.6666666666666665,1.5,49.0,0.0,0.0,20.145940024505222,21.36383524409409
509.0,430.6666666666667,1117.613286783286,0.38534497733667006,91.16666666666666,13.166666666666666,15.0,63.0,132.88744388662252,13.166666666666666,0.0,12.166666666666666,2.833333333333333,3.8333333333333335,8.0,5.0,46.16666666666666,0.0,0.0,20.690615849479784,21.03016137047608
510.0,477.6666666666667,1078.473731790816,0.4429098758608581,0.0,0.0,0.0,0.0,42.30832462188312,0.0,0.0,0.0,0.0,0.0,0.0,0.0,0.0,0.0,0.0,19.27529073993313,23.03303388194999
511.0,404.3333333333333,930.2303385434976,0.43465937045916575,298.0,10.166666666666666,6.833333333333333,281.0,345.87762549477776,10.166666666666666,0.0,0.0,6.833333333333333,0.0,192.16666666666663,26.33333333333333,62.5,0.0,0.0,27.84890038003863,20.02872511473912
512.0,454.16666675354014,1013.1097479109391,0.4482897017722361,375.83333340522313,46.83333334229166,24.000000004590746,305.0000000583407,430.9453445480465,22.16666667090673,24.66666667138493,13.66666666928084,10.333333335309904,25.500000004877666,42.3333333414309,46.33333334219602,190.8333333698361,0.0,0.0,32.91360092420325,22.198410218620072
513.0,586.6666666666666,1310.0561473277287,0.4478179564008441,0.0,0.0,0.0,0.0,51.8074354220208,0.0,0.0,0.0,0.0,0.0,0.0,0.0,0.0,0.0,0.0,23.266636035138,28.54079938688281
514.0,219.33333333333331,657.6967927565768,0.33348700457250335,356.6666666666667,128.5,11.0,217.16666666666669,390.3497644734453,19.666666666666668,108.83333333333331,8.0,3.0,18.33333333333333,46.5,27.666666666666668,124.66666666666669,0.0,0.0,22.83411158183291,10.848986224945614
515.0,344.6666666666667,899.8283900839712,0.38303599938039595,97.16666666666669,3.8333333333333335,3.1666666666666665,90.16666666666669,138.5403263201983,3.8333333333333335,0.0,2.1666666666666665,1.0,6.333333333333333,15.166666666666666,36.833333333333336,31.83333333333333,1.002330958686516,0.0,23.51409050318776,16.85723819165735
516.0,414.6666666666667,988.7377595765112,0.41938993696799204,674.8333333333333,17.166666666666668,23.5,634.1666666666666,738.0629535117237,17.166666666666668,0.0,16.5,7.0,27.666666666666668,199.66666666666663,117.83333333333331,289.0,0.0,0.0,43.20089506365128,20.02872511473912
517.0,618.5,1514.1597729184798,0.40847736881020624,140.83333333333334,0.0,1.3333333333333337,139.5,200.9850772677725,0.0,0.0,0.5,0.8333333333333334,1.8333333333333333,114.66666666666669,12.5,10.5,0.0,0.0,30.108656262330488,30.043087672108683
518.0,274.3333333333333,556.8244981651562,0.49267468338285114,643.0,199.16666666666669,36.33333333333333,407.5,694.5592390409793,57.833333333333336,141.33333333333334,22.33333333333333,14.0,40.333333333333336,44.0,45.333333333333336,277.8333333333333,0.0,0.0,38.206918052873135,13.352320988106165
519.0,183.66666666666663,319.998361076683,0.5739612729536873,1004.3333333333331,361.3333333333333,111.5,531.5,1060.1102268374618,290.3333333333333,71.0,49.66666666666666,61.833333333333336,96.66666666666669,60.0,98.83333333333331,276.0,0.0,0.0,47.09754376674351,8.679349737384964
520.0,706.0,1538.2306121046895,0.45896889220922016,0.0,0.0,0.0,0.0,62.87666323685875,0.0,0.0,0.0,0.0,0.0,0.0,0.0,0.0,0.0,0.0,28.493863829875608,34.38279940698314
521.0,452.6666666666667,1003.1550477966044,0.45124297351733755,374.1666666666666,159.0,4.166666666666667,211.0,428.9810510685616,137.83333333333334,21.166666666666668,3.0,1.1666666666666667,6.0,9.833333333333334,121.0,74.16666666666667,0.0,0.0,32.78298184952132,22.03140255237354
522.0,359.5,1041.6262635429373,0.3451333866882485,603.6666666666666,179.16666666666666,26.5,398.0,660.4044008454584,157.0,22.166666666666668,19.33333333333333,7.166666666666667,40.333333333333336,65.0,86.66666666666667,206.0,1.002330958686516,0.0,38.20945268207589,17.52595053802932
523.0,612.1666666666666,1361.283028154669,0.4496983022674637,40.833333333333336,8.0,3.8333333333333335,29.0,96.77111915509,8.0,0.0,3.8333333333333335,0.0,3.0,0.0,6.166666666666667,19.83333333333333,0.0,0.0,25.894698149648,30.043087672108683
524.0,478.0,1280.461596732525,0.3733028786023398,3.0,1.1666666666666667,0.8333333333333333,1.0,45.107016811362485,1.1666666666666667,0.0,0.1666666666666666,0.6666666666666666,0.0,0.0,0.0,1.0,0.0,0.0,19.073982929412495,23.03303388194999
525.0,348.5,875.5422629192412,0.39803903793065115,57.0,0.3333333333333333,0.0,56.66666666666666,90.26871683883122,0.3333333333333333,0.0,0.0,0.0,0.0,56.66666666666666,0.0,0.0,0.0,0.0,16.077487903142067,17.191228935689157
526.0,410.1666666666667,958.2511903883992,0.42803668889826013,1454.8333333333333,302.6666666666667,89.0,1063.1666666666663,1548.8040314300256,182.0,120.66666666666669,51.5,37.5,97.33333333333331,108.5,291.8333333333333,565.5,0.0,0.0,73.94197298195336,20.02872511473912
527.0,0.0,0.0,0.0,340.66666666666663,0.0,178.0,162.66666666666666,354.1763405187631,0.0,0.0,178.0,0.0,86.33333333333333,76.33333333333333,0.0,0.0,0.0,0.0,13.509673852096444,0.0
528.0,348.8333333333333,811.2940473231088,0.4299715183222659,0.0,0.0,0.0,0.0,30.85741169568933,0.0,0.0,0.0,0.0,0.0,0.0,0.0,0.0,0.0,0.0,13.83299534816107,17.024416347528255
529.0,312.6666666666667,652.8001623070702,0.47896229921522543,96.66666666666666,3.6666666666666665,33.5,59.5,129.2523274840098,3.6666666666666665,0.0,3.6666666666666665,29.83333333333333,6.5,9.5,7.166666666666667,36.333333333333336,0.0,0.0,17.56411698128881,15.021543836054342
530.0,663.8333333333334,1541.46029474695,0.43065224293844684,170.66666666666666,6.833333333333333,14.833333333333332,149.0,235.8035448615881,6.833333333333333,0.0,4.666666666666667,10.166666666666666,11.833333333333334,96.5,6.833333333333333,33.833333333333336,0.0,0.0,33.09091801133886,32.045960183582594
531.0,310.5,652.8975793487801,0.47557229467706424,82.16666666666667,28.5,6.0,47.66666666666667,112.76606183077948,28.5,0.0,4.0,2.0,5.5,7.0,7.666666666666667,27.5,0.0,0.0,15.57785132805848,15.021543836054342
532.0,0.0,0.0,0.0,2535.5,1099.1666666666667,154.33333333333331,1282.0,2636.0349266920025,600.8333333333334,498.3333333333333,90.0,64.33333333333333,154.0,211.5,186.33333333333331,730.1666666666666,0.0,0.0,100.53492669200256,0.0
533.0,123.83333333333331,278.07464269607794,0.4453240760563599,1075.5,457.8333333333333,89.5,528.1666666666666,1132.0629687690282,174.5,283.3333333333333,59.5,30.0,79.33333333333333,107.5,83.33333333333333,258.0,0.0,0.0,50.554351234606365,6.008617534421737
534.0,3.0,5.270051883340615,0.5692543577195942,4113.166666666667,138.0,185.0,3790.166666666667,4276.402022200071,25.5,112.5,182.66666666666663,2.333333333333333,332.1666666666667,3.6666666666666665,1064.5,2389.833333333333,0.0,0.0,163.23535553340395,0.0
535.0,311.0,714.0589922899867,0.43553824454002493,2017.0,625.0,242.5,1149.5,2124.516248005456,515.1666666666666,109.83333333333331,83.16666666666667,159.33333333333334,128.5,258.5,168.83333333333334,593.6666666666666,0.0,0.0,92.32764781010528,15.188600195350944
536.0,231.0,407.1939968236047,0.5672971649925098,1478.5,868.5,83.66666666666667,526.3333333333334,1584.4957780201862,639.8333333333334,228.66666666666663,41.833333333333336,41.833333333333336,63.333333333333336,114.5,87.5,261.0,2.004661917373032,0.0,92.80865107054598,11.182465032267148
537.0,700.5,1454.2971410491302,0.48167597956952535,856.1666666666667,191.8333333333333,48.0,616.3333333333334,951.9469494975529,190.66666666666663,1.1666666666666667,16.333333333333332,31.666666666666668,25.166666666666668,188.0,157.33333333333334,245.83333333333331,0.0,0.0,61.73125506198991,34.049027768896
538.0,1295.6666666666667,2400.056230106123,0.5398484628876284,2453.5,1149.0,191.83333333333331,1112.6666666666667,2665.507759224188,873.1666666666666,275.8333333333333,85.66666666666667,106.16666666666669,124.83333333333331,219.33333333333331,163.16666666666666,605.3333333333334,0.3343146279130208,0.0,148.59107636076672,63.082368235508376
539.0,228.16666666666663,455.92823352733967,0.5004442583022984,64.66666666666667,0.0,15.833333333333332,48.833333333333336,94.46100606921884,0.0,0.0,3.6666666666666665,12.166666666666666,0.1666666666666666,0.5,2.1666666666666665,46.0,7.016316710805612,0.0,11.595289493904843,11.18273319784172
540.0,0.0,0.0,0.0,90.0,0.3333333333333333,2.0,87.66666666666667,93.56893651485888,0.3333333333333333,0.0,2.0,0.0,0.0,86.5,0.0,1.1666666666666667,0.0,0.0,3.5689365148588874,0.0
541.0,0.0,0.0,0.0,3483.6666666666665,0.0,1374.0,2109.6666666666665,3621.810821236475,0.0,0.0,1374.0,0.0,279.8333333333333,1829.8333333333333,0.0,0.0,0.0,0.0,138.14415456980873,0.0
542.0,341.8333333333333,794.3355861362855,0.430338687198995,97.83333333333334,37.66666666666666,5.833333333333334,54.333333333333336,132.95962158739312,12.166666666666666,25.5,3.0,2.833333333333333,7.166666666666667,9.0,5.666666666666667,32.5,1.002330958686516,0.0,17.43365366643823,16.690303628935045
543.0,851.1666666666666,2204.496993469803,0.3861047074176134,278.0,11.833333333333334,16.166666666666668,250.0,363.83507436551344,11.833333333333334,0.0,9.0,7.166666666666667,16.333333333333332,97.66666666666669,28.83333333333333,107.16666666666669,0.0,0.0,44.77618788029822,41.0588864852152
544.0,531.0,1192.206403700853,0.445392675590122,0.0,0.0,0.0,0.0,46.76289129000642,0.0,0.0,0.0,0.0,0.0,0.0,0.0,0.0,0.0,0.0,21.059539384877368,25.70335190512905
545.0,395.0,743.7055191572728,0.5311242014817812,198.0,1.1666666666666667,0.5,196.33333333333331,240.70622838509607,1.1666666666666667,0.0,0.5,0.0,2.5,165.33333333333334,1.0,27.5,0.0,0.0,23.67893952609391,19.02728885900217
546.0,441.0,1105.1164926872525,0.3990529531666331,30.0,0.0,1.0,29.0,70.04055735901943,0.0,0.0,1.0,0.0,3.1666666666666665,0.3333333333333333,21.33333333333333,4.166666666666667,0.0,0.0,18.67672211492534,21.36383524409409
547.0,428.3333333333333,1070.2538998552152,0.400216559258769,124.5,0.5,0.0,124.0,167.45122132520373,0.5,0.0,0.0,0.0,0.1666666666666666,123.66666666666669,0.1666666666666666,0.0,0.0,0.0,21.92105995472764,21.03016137047608
548.0,367.8333333333333,781.6285394216287,0.4705986472877693,629.8333333333334,82.16666666666666,24.666666666666668,523.0,688.7472405324921,36.66666666666666,45.5,17.666666666666668,7.0,64.0,31.0,85.83333333333333,342.1666666666667,0.0,0.0,40.88793325441821,18.025973944740763
549.0,24.166666666666668,61.25422618193735,0.3945306009561988,2123.1666666666665,23.83333333333333,89.5,2009.8333333333333,2209.5117856962324,6.0,17.833333333333332,86.33333333333333,3.1666666666666665,18.0,3.5,1877.3333333333333,111.0,0.0,0.0,85.17694328494589,1.1681757446197671
550.0,108.0,236.63627338930144,0.4563966396746121,896.6666666666667,21.0,64.33333333333333,811.3333333333334,941.5139030821032,21.0,0.0,38.66666666666666,25.666666666666668,39.333333333333336,338.5,194.16666666666663,239.33333333333331,0.0,0.0,39.84005513675161,5.007181278684781
551.0,561.1666666666666,1194.735546741405,0.4696994813598934,115.33333333333331,60.33333333333333,5.0,50.0,182.49933375381968,6.666666666666667,53.66666666666666,5.0,0.0,7.0,19.5,6.0,17.5,3.8425347990142966,0.0,35.953644632733166,27.36982098873885
552.0,413.8333333333333,780.5869116056747,0.5301566387810349,206.66666666666669,29.666666666666664,37.333333333333336,139.66666666666669,254.60455952958904,11.166666666666666,18.5,10.833333333333334,26.5,13.833333333333334,19.0,37.16666666666666,69.66666666666667,3.0069928760595475,0.0,24.56864681328266,20.36225317358016
553.0,180.0,522.7611822125851,0.34432548958235676,1204.3333333333333,445.0,109.66666666666669,649.6666666666666,1268.24378315375,398.0,47.0,66.66666666666667,43.0,88.5,113.33333333333331,119.0,328.8333333333333,0.0,0.0,54.89752351878388,9.012926301632604
554.0,312.5,742.4171761962622,0.42092237359199897,1679.6666666666667,543.3333333333333,133.16666666666669,1003.1666666666669,1773.68927066512,386.3333333333333,157.0,78.66666666666667,54.5,116.66666666666669,107.83333333333331,195.83333333333331,582.8333333333334,0.0,0.0,79.00106016239901,15.021543836054342
555.0,139.83333333333334,277.425405683275,0.5040393939009868,414.6666666666666,76.66666666666667,37.16666666666667,300.8333333333333,444.3277577753725,29.166666666666668,47.5,21.666666666666668,15.5,35.333333333333336,26.166666666666668,60.66666666666666,178.66666666666666,0.0,0.0,22.65103731854713,7.010053790158693
556.0,313.0,612.6468486009611,0.5108979189475406,94.83333333333334,7.833333333333333,0.0,87.00000000000001,126.02750867728956,0.0,7.833333333333333,0.0,0.0,0.0,82.66666666666667,0.1666666666666666,4.166666666666667,0.0,0.0,16.172631507901897,15.021543836054342
557.0,326.0,543.1682968395854,0.6001823042633837,27.333333333333336,0.3333333333333333,1.1666666666666667,25.833333333333336,57.368089430773296,0.1666666666666666,0.1666666666666666,1.1666666666666667,0.0,8.833333333333334,2.333333333333333,6.166666666666667,8.5,0.0,0.0,14.01177600564866,16.022980091791297
558.0,176.0,404.141367897611,0.4354911770491891,159.5,1.6666666666666667,0.3333333333333333,157.5,181.82972587798295,1.6666666666666667,0.0,0.3333333333333333,0.0,4.166666666666667,1.3333333333333333,1.5,150.5,0.0,0.0,13.316799576350382,9.012926301632604
559.0,0.0,0.0,0.0,220.5,56.0,10.0,154.5,229.2437470147239,33.333333333333336,22.666666666666668,7.0,3.0,10.666666666666666,15.166666666666666,62.16666666666666,66.5,0.0,0.0,8.743747014723901,0.0
560.0,463.5,1040.4752554334946,0.4454695078806957,10.833333333333334,0.3333333333333333,1.0,9.5,52.34129066038902,0.3333333333333333,0.0,0.0,1.0,0.0,0.3333333333333333,0.1666666666666666,9.0,0.0,0.0,18.808841089859406,22.69911623719628
561.0,556.3333333333334,1210.613433651322,0.4595466379844973,332.6666666666667,15.666666666666666,30.0,287.0,394.9592345359073,15.666666666666666,0.0,15.666666666666666,14.333333333333334,21.5,105.5,29.0,131.0,0.0,0.0,35.253788964342824,27.03877890489781
562.0,185.0,427.66220438738833,0.43258440447176355,171.83333333333334,5.666666666666667,11.666666666666668,154.5,194.81366273943996,5.666666666666667,0.0,5.5,6.166666666666667,48.66666666666666,9.666666666666666,19.5,76.66666666666667,0.0,0.0,14.134581438331985,8.845747967774598
563.0,496.6666666666667,1083.349465751376,0.4584547114002542,83.16666666666667,3.333333333333333,4.166666666666666,75.66666666666667,130.19470677922538,3.333333333333333,0.0,2.1666666666666665,2.0,8.166666666666666,32.5,6.833333333333333,28.166666666666668,0.0,0.0,22.99356997487176,24.03447013768694
564.0,387.5,909.6207330227192,0.42600172350108645,8.0,0.0,0.0,8.0,43.0445060454786,0.0,0.0,0.0,0.0,2.0,0.0,1.0,5.0,0.0,0.0,16.18393246526696,18.86057358021164
565.0,288.1666666666667,628.0437255350447,0.45883217194976506,197.33333333333331,0.1666666666666666,2.1666666666666665,195.0,230.6051407039026,0.1666666666666666,0.0,2.1666666666666665,0.0,0.8333333333333334,170.66666666666666,2.333333333333333,21.166666666666668,0.0,0.0,19.251699790251905,14.020107580317386
566.0,379.1666666666667,893.9601505680918,0.424142694085094,421.0,52.33333333333333,135.0,233.66666666666663,471.9247600414146,34.166666666666664,18.166666666666668,133.0,2.0,2.1666666666666665,1.6666666666666667,104.83333333333331,125.0,0.0,0.0,32.73185107885282,18.192908962561816
567.0,225.5,561.957230558727,0.40127608959812866,0.0,0.0,0.0,0.0,24.13578459664069,0.0,0.0,0.0,0.0,0.0,0.0,0.0,0.0,0.0,0.0,13.11991205117023,11.01587254547046
568.0,976.8333333333334,2277.826256175458,0.4288445313530924,555.0,80.0,16.5,458.5,753.1444113032313,20.5,59.5,9.166666666666666,7.333333333333333,15.166666666666666,21.83333333333333,160.16666666666666,261.3333333333333,0.0,90.0,60.7430383361369,47.40137296709445
569.0,236.83333333333331,556.6815405942086,0.42543773425742576,1154.5,232.3333333333333,44.66666666666666,877.5,1221.017359041428,127.83333333333331,104.5,26.83333333333333,17.833333333333332,113.83333333333331,57.833333333333336,306.8333333333333,399.0,0.0,0.0,55.16805702656117,11.349302014866922
570.0,1207.6666666666667,2495.177093693214,0.48400038206472545,1059.1666666666667,108.16666666666666,41.0,910.0,1207.9743696103872,63.5,44.66666666666666,28.0,13.0,147.83333333333334,36.333333333333336,332.5,393.3333333333333,0.0,0.0,89.88982514069737,58.917877803023295
571.0,469.5,1185.193596583127,0.39613781356358374,283.1666666666667,5.0,20.5,257.6666666666667,338.25460044892225,5.0,0.0,4.166666666666667,16.333333333333332,11.166666666666666,109.16666666666669,47.333333333333336,90.0,0.5007360165859643,0.0,31.7210495711586,22.866148194511
572.0,1043.1666666666667,2049.437387801336,0.5090014815167346,1289.1666666666663,300.3333333333333,66.66666666666667,922.1666666666666,1458.3294388166455,197.5,102.83333333333331,8.666666666666666,58.0,17.666666666666668,28.666666666666668,421.0,454.8333333333333,0.0,0.0,118.2578468631238,50.90492528685503
573.0,326.6666666666667,747.4997369129619,0.4370124169083198,0.0,0.0,0.0,0.0,30.80903896212694,0.0,0.0,0.0,0.0,0.0,0.0,0.0,0.0,0.0,0.0,14.953017465163128,15.856021496963814
574.0,119.16666666666669,287.6615803967969,0.41425993176526954,0.0,0.0,0.0,0.0,16.904057556454408,0.0,0.0,0.0,0.0,0.0,0.0,0.0,0.0,6.348300380032117,0.0,4.71426910057525,5.84148807584704
575.0,338.1666666666667,847.408469420691,0.39905981456362555,397.3333333333333,79.5,91.83333333333331,226.0,456.8554178500168,45.333333333333336,34.166666666666664,75.33333333333333,16.5,31.33333333333333,23.83333333333333,20.83333333333333,150.0,3.842043520558533,0.0,39.156549955350656,16.523491040774143
576.0,9.0,19.21454536739333,0.46839515730998277,413.66666666666674,36.16666666666667,120.16666666666669,257.33333333333337,430.4244304612382,11.5,24.666666666666668,91.16666666666669,29.0,22.83333333333333,22.83333333333333,26.33333333333333,185.33333333333331,0.0,0.0,16.75776379457147,0.0
577.0,1.0,2.5124129140703624,0.39802374617629993,0.0,0.0,0.0,0.0,0.0396548501650987,0.0,0.0,0.0,0.0,0.0,0.0,0.0,0.0,0.0,0.0,0.0396548501650987,0.0
578.0,3.999999999718045,7.532058278083066,0.5310633364796612,0.0,0.0,0.0,0.0,0.158619400649214,0.0,0.0,0.0,0.0,0.0,0.0,0.0,0.0,0.0,0.0,0.158619400649214,0.0
579.0,38.6,71.5,0.5398601398601399,0.0,0.0,0.0,0.0,3.390792267252368,0.0,0.0,0.0,0.0,0.0,0.0,0.0,0.0,0.0,0.0,1.3879197557784562,2.002872511473912
580.0,1.999999999854081,5.0282570685696735,0.3977521380829076,12.83333333239702,0.1666666666545067,0.1666666666545067,12.499999999088006,13.421608725372186,0.1666666666545067,0.0,0.1666666666545067,0.0,0.8333333332725338,3.8333333330536554,0.9999999999270405,6.833333332834776,0.0,0.0,0.5882753929751678,0.0
581.0,9.0,19.592612941450813,0.45935680079502245,0.0,0.0,0.0,0.0,0.3568936514858887,0.0,0.0,0.0,0.0,0.0,0.0,0.0,0.0,0.0,0.0,0.3568936514858887,0.0
3391.0,148.0,430.1444220014434,0.34407048523694067,0.0,0.0,0.0,0.0,17.745000831766326,0.0,0.0,0.0,0.0,0.0,0.0,0.0,0.0,3.034658373534732,0.0,5.04070239157418,9.669640066657417
3392.0,395.3333333333333,1100.7671419547542,0.3591434720982824,144.5,28.5,12.666666666666666,103.33333333333334,190.59354942763576,24.666666666666668,3.8333333333333335,12.666666666666666,0.0,0.0,55.5,7.5,40.333333333333336,2.023105582356488,0.0,18.39573919849499,25.67470464678428
3382.0,286.6666666666667,879.8416669100153,0.32581619790005373,0.0,0.0,0.0,0.0,29.44590633506364,0.0,0.0,0.0,0.0,0.0,0.0,0.0,0.0,1.0115527911782438,0.0,9.761898006713706,18.67245553717169
2227.0,63.833333333333336,191.86997998273137,0.3326905717042262,0.0,0.0,0.0,0.0,6.512738576707124,0.0,0.0,0.0,0.0,0.0,0.0,0.0,0.0,0.0,0.0,2.17808735203516,4.334651224671965
2236.0,32.666666666666664,88.66432956783915,0.3684307638245055,0.0,0.0,0.0,0.0,10.027310405858966,0.0,0.0,0.0,0.0,0.0,0.0,0.0,0.0,7.080869538247707,0.0,1.112464901437441,1.8339759661738195
2235.0,0.0,0.0,0.0,302.00000000000006,0.0,5.166666666666666,296.83333333333337,312.28636478559395,0.0,0.0,4.333333333333333,0.8333333333333334,296.6666666666667,0.0,0.0,0.1666666666666666,0.0,0.0,10.286364785593875,0.0
2226.0,0.0,0.0,0.0,0.0,0.0,0.0,0.0,0.0,0.0,0.0,0.0,0.0,0.0,0.0,0.0,0.0,0.0,0.0,0.0,0.0
2246.0,596.4999984789798,1478.6922439079926,0.40339698874899577,265.33333265675776,6.499999983425597,5.1666666534921415,253.66666601983997,387.3863283841796,0.0,6.499999983425597,5.1666666534921415,0.0,234.83333273452988,10.499999973225965,8.333333312084099,0.0,1.011552788598877,0.0,82.19610721732381,38.84533572149924
2253.0,1756.3351729010965,4315.939592160557,0.4069415559224442,70.28493948902324,0.9646952478885542,5.099103453125216,64.22114078800948,248.64297631332386,0.0,0.9646952478885542,5.099103453125216,0.0,53.954027078338434,6.339425914696214,3.9276877949748283,0.0,1.7939265083060278,0.0,62.21618305647398,114.34792725952059
2252.0,1378.228128565642,3396.8642611201562,0.40573541437630334,0.0,0.0,0.0,0.0,138.2828216284632,0.0,0.0,0.0,0.0,0.0,0.0,0.0,0.0,1.6589568409533266,0.0,46.94332971634987,89.68053507116001
2273.0,336.3450636094347,790.1438475803656,0.42567573567700917,0.0,0.0,0.0,0.0,41.556150187525006,0.0,0.0,0.0,0.0,0.0,0.0,0.0,0.0,8.09241457092373,0.0,11.456143668382422,22.007591948218845
2250.0,1679.9999791749271,4070.4255944566216,0.41273324869587685,36.999999541352565,0.9999999876041233,0.0,35.99999955374844,230.51734607345227,0.0,0.9999999876041233,0.0,0.0,30.833332951127133,4.1666666150171805,0.9999999876041233,0.0,0.0,0.0,84.1499947218144,109.36735181028533
2251.0,382.83333335291036,962.997570361879,0.397543405233149,210.66666667743962,3.83333333352936,14.333333334066301,192.50000000984397,269.7218358533754,0.0,3.83333333352936,14.333333334066301,0.0,164.3333333417369,24.33333333457767,3.83333333352936,0.0,0.0,0.0,34.047408933350084,25.00776024258571
2300.0,6.5,17.37629628984332,0.3740728111202465,0.0,0.0,0.0,0.0,9.054491229867375,0.0,0.0,0.0,0.0,0.0,0.0,0.0,0.0,0.0,0.0,8.88774287186326,0.1667483580041172
2298.0,259.06985946119744,654.8113561141024,0.3956404497909378,0.0,0.0,0.0,0.0,44.872885190853616,0.0,0.0,0.0,0.0,0.0,0.0,0.0,0.0,0.94267208434579,0.0,27.150698752438114,16.779514354069708
2264.0,28.166666666666668,73.41902126342616,0.3836426335023612,330.83333333333326,5.333333333333333,4.0,321.49999999999994,361.2558787578807,0.0,5.333333333333333,4.0,0.0,300.8333333333333,11.833333333333334,8.833333333333334,0.0,5.057763955891219,0.0,23.19744497749043,2.1673364911657678
2295.0,460.0,1135.2988367902367,0.4051796629163567,227.83333333333331,6.5,10.333333333333332,211.0,421.7933829879487,0.6666666666666666,5.833333333333333,4.0,6.333333333333333,191.0,7.5,9.666666666666666,2.833333333333333,0.0,0.0,163.95057940888574,30.009470245729634
2294.0,615.0,1517.5600999431897,0.4052557786825199,404.6666666666667,12.0,20.166666666666664,372.5,564.7535225610841,1.3333333333333333,10.666666666666666,17.333333333333332,2.833333333333333,333.8333333333333,17.166666666666668,19.5,2.0,1.0115527911782438,0.0,118.72951530389672,40.34578779934253
2302.0,442.0963973173284,1086.8919659260162,0.4067528431316251,63.71435185640057,0.0,0.0,63.71435185640057,109.68649593626638,0.0,0.0,0.0,0.0,0.0,63.71435185640057,0.0,0.0,0.0,0.0,17.229255474905337,28.742888604960488
2301.0,645.8333333333334,1614.1466718535023,0.4001082086250142,0.0,0.0,0.0,0.0,69.1778242009508,0.0,0.0,0.0,0.0,0.0,0.0,0.0,0.0,0.0,0.0,26.998016839667795,42.179807361283
2309.0,545.3333333333334,1382.3914148019794,0.3944854745871303,0.0,0.0,0.0,0.0,59.58878118209279,0.0,0.0,0.0,0.0,0.0,0.0,0.0,0.0,0.0,0.0,23.910994216737645,35.677786965355146
2312.0,563.0,1545.9480371731245,0.36417782904882456,0.0,0.0,0.0,0.0,57.19927428701888,0.0,0.0,0.0,0.0,0.0,0.0,0.0,0.0,1.0115527911782438,0.0,19.17623633870646,37.011485157134175
2344.0,779.4056518886749,1981.3199298995019,0.3933769807323387,901.9400719671204,44.868363877668806,167.1852042035577,689.8865038858938,1015.3957513139104,18.17198046375165,26.696383413917157,17.229973140823613,149.95523106273407,513.6657319578495,81.52087996138002,43.326698627553455,51.37319333911078,1.7756396920470214,0.0,61.05324257818773,50.626797076555334
2290.0,0.0,0.0,0.0,0.0,0.0,0.0,0.0,6.069316747069464,0.0,0.0,0.0,0.0,0.0,0.0,0.0,0.0,6.069316747069464,0.0,0.0,0.0
2288.0,11.0,30.50151721925859,0.3606377978159927,255.8333333333333,5.833333333333333,4.833333333333333,245.16666666666663,290.3631010939027,0.0,5.833333333333333,4.833333333333333,0.0,222.33333333333331,10.166666666666666,12.666666666666666,0.0,0.0,0.0,33.69617302277832,0.8335947377910579
2332.0,76.68408906483452,190.82096007420125,0.401864077379213,654.0577439212781,12.968238605422306,75.32740904651018,565.7620962693455,700.9228682031389,5.1617607514993,7.806477853923004,11.019703916971517,64.30770512953865,488.23329529035914,33.78803191373305,31.145754378033345,12.59501468722004,4.976130252001614,0.0,36.88407320629398,5.004920823565217
2336.0,1329.8333333333333,3257.6028486084383,0.4082245120522911,395.1666666666666,28.166666666666668,74.16666666666667,292.8333333333333,542.6111594986069,15.333333333333334,12.833333333333334,20.166666666666668,54.0,198.66666666666663,41.16666666666666,19.0,34.0,2.191751991196267,0.0,58.72588221657971,86.52685862416428
2341.0,493.6666666666667,1156.2120357764911,0.42696897402138617,86.5,1.6666666666666663,17.166666666666664,67.66666666666667,139.4456311467734,1.3333333333333333,0.3333333333333333,1.5,15.666666666666666,52.0,6.666666666666667,4.833333333333333,4.166666666666667,1.0115527911782438,0.0,19.757396888718212,32.17668146687692
2339.0,20.499999930163288,57.00319076670319,0.3596289901395798,123.16666624707864,2.333333325384439,35.99999987735992,84.83333304433427,139.91620923330476,1.3333333287911082,0.9999999965933312,1.9999999931866623,33.999999884173256,73.33333308351095,5.166666649065545,4.166666652472213,2.166666659285551,3.709197524673602,0.0,11.873319384014716,1.167026077537821
2343.0,0.0,0.0,0.0,562.8333333333333,25.5,100.83333333333334,436.5,595.3340459718728,19.166666666666668,6.333333333333333,14.666666666666666,86.16666666666667,306.5,43.333333333333336,44.833333333333336,41.833333333333336,0.0,0.0,32.50071263853942,0.0
2337.0,185.83333337405023,533.3628925760728,0.3484181894928978,166.5000000364809,3.1666666673604973,3.1666666673604973,160.1666667017599,802.3181404033154,0.0,3.1666666673604973,3.1666666673604973,0.0,149.6666666994593,5.833333334611443,4.666666667689155,0.0,0.0,0.0,623.6477215401917,12.170418826642763
2387.0,154.91777642214953,426.08372531474504,0.36358529373003595,282.78189703528403,4.414017526734041,4.271629864581329,274.09624964396863,347.6306793255455,0.0,4.414017526734041,4.271629864581329,0.0,247.61214448356438,17.086519458325316,9.397585702078924,0.0,0.0,0.0,54.87862185179407,9.970160438467383
2389.0,0.0,0.0,0.0,0.0,0.0,0.0,0.0,0.0,0.0,0.0,0.0,0.0,0.0,0.0,0.0,0.0,0.0,0.0,0.0,0.0
2391.0,320.3333333333333,970.9800451875572,0.3299072261278622,144.49999999999997,2.166666666666667,10.0,132.33333333333331,427.4618253163345,0.5,1.6666666666666667,1.5,8.5,119.5,5.333333333333333,6.5,1.0,0.5057995028997514,0.0,261.449490867846,21.006534945588797
2395.0,244.33333333333331,738.1024077127203,0.3310290425558824,0.0,0.0,0.0,0.0,319.49112463614483,0.0,0.0,0.0,0.0,0.0,0.0,0.0,0.0,0.0,0.0,303.31937701763,16.17174761851486
2397.0,18.666666666666668,53.041340182194425,0.3519267537838896,0.0,0.0,0.0,0.0,1.63516531224242,0.0,0.0,0.0,0.0,0.0,0.0,0.0,0.0,0.0,0.0,0.634854902590145,1.0003104096522752
2402.0,59.5,169.10203001785604,0.35185857907038254,0.0,0.0,0.0,0.0,160.00687032271898,0.0,0.0,0.0,0.0,0.0,0.0,0.0,0.0,0.0,0.0,156.3387604356329,3.668109887086045
2409.0,0.0,0.0,0.0,0.0,0.0,0.0,0.0,2.866105088057095,0.0,0.0,0.0,0.0,0.0,0.0,0.0,0.0,2.866105088057095,0.0,0.0,0.0
2407.0,257.8333333333333,808.5541098130466,0.31888197735207774,0.0,0.0,0.0,0.0,346.48274638565584,0.0,0.0,0.0,0.0,0.0,0.0,0.0,0.0,1.01131971286582,0.0,328.80014755884685,16.671279113943168
2405.0,297.1666666666667,909.957275133028,0.3265721092490012,0.0,0.0,0.0,0.0,99.12068968499514,0.0,0.0,0.0,0.0,0.0,0.0,0.0,0.0,11.295122413671193,0.0,68.48745288083653,19.338114390487423
2319.0,600.8333333333334,1699.9186931367476,0.35344827712003996,0.0,0.0,0.0,0.0,75.31023295592166,0.0,0.0,0.0,0.0,0.0,0.0,0.0,0.0,0.0,0.0,36.1314330912655,39.17879986465616
2320.0,5.0,12.75023016798114,0.39214978350400204,0.0,0.0,0.0,0.0,5.66988500344856,0.0,0.0,0.0,0.0,0.0,0.0,0.0,0.0,0.0,0.0,5.66988500344856,0.0
2347.0,214.83333333333331,520.3295175615104,0.41287938908431604,46.0,2.166666666666667,7.833333333333334,36.0,314.8579076556732,1.0,1.1666666666666667,1.1666666666666667,6.666666666666667,30.83333333333333,1.8333333333333333,1.5,1.8333333333333333,2.866197620169938,0.0,252.1536278969648,13.838082138538368
2357.0,432.5,1079.3012505590527,0.4007222263255742,162.66666666666669,7.833333333333333,26.5,128.33333333333334,508.3880815280955,6.333333333333333,1.5,3.833333333333333,22.666666666666668,89.5,9.333333333333332,12.833333333333332,16.666666666666668,2.0231055823564876,0.0,315.8565023649537,27.841806914118646
2356.0,77.16666666666667,192.17482995172236,0.40154408715258016,599.1666666666667,35.83333333333333,80.5,482.83333333333337,771.1106397589738,25.33333333333333,10.5,12.166666666666666,68.33333333333333,366.6666666666667,27.0,31.0,58.16666666666666,2.023105582356488,0.0,164.75270328189472,5.168164228055997
2366.0,0.0,0.0,0.0,539.8333333333334,47.5,139.0,353.33333333333337,569.1776910646762,37.333333333333336,10.166666666666666,13.833333333333334,125.16666666666669,197.83333333333331,35.166666666666664,27.166666666666668,93.16666666666669,4.046211164712975,0.0,25.298146566629796,0.0
2367.0,28.89190264797945,72.91985797523235,0.39621446681633354,431.050869335636,64.19886741014449,67.0443665141957,299.8076354112958,465.21951228784087,51.480021434917376,12.718845975227104,21.06261517027253,45.98175134392318,104.2869861970824,49.158853872301925,47.68725947320276,98.67453586870873,3.9600098700839785,0.0,28.3022444247851,1.906388657335768
2375.0,13.666666666666666,34.04483586811593,0.40143141590134473,181.04808330171764,36.70516170145679,29.648658096143354,114.69426350411752,235.2267773445693,29.310058791905455,7.39510290955133,7.427909645794206,22.22074845034915,23.559347754587048,18.53038491461193,17.661611859583438,54.942918975335104,1.0115527911782438,0.0,52.333600997908555,0.8335402537648279
2374.0,21.666666666666668,55.66427297772545,0.3892382942886324,413.83333333333337,53.833333333333336,86.33333333333333,273.6666666666667,450.7721194447826,43.0,10.833333333333334,13.833333333333334,72.5,132.83333333333334,34.0,23.83333333333333,83.0,3.709150962769748,0.0,31.56241844300898,1.6672167056705958
2417.0,634.5,1710.328311453267,0.370981405003385,662.5,324.5,29.83333333333333,308.1666666666667,786.3726684083481,47.833333333333336,276.6666666666667,26.0,3.8333333333333335,12.0,112.16666666666669,74.66666666666667,109.33333333333331,1.0115527911782438,0.0,81.68177664163197,41.179338975537895
2416.0,28.5,71.26062628284988,0.39994035257109467,0.0,0.0,0.0,0.0,6.6399125177342615,0.0,0.0,0.0,0.0,0.0,0.0,0.0,0.0,0.0,0.0,4.639291698429712,2.0006208193045505
2403.0,0.0,0.0,0.0,163.16666666666669,13.833333333333334,31.833333333333336,117.5,192.49945894103456,11.5,2.333333333333333,4.666666666666667,27.166666666666668,58.833333333333336,21.666666666666668,17.333333333333332,19.666666666666668,9.103975120604195,0.0,20.228817153763707,0.0
2476.0,212.7668988775093,569.5890094649849,0.37354460030287684,547.5800347364712,100.1520178357458,33.23430188271385,414.1937150180116,613.3367827703606,69.61238907865739,30.53962875708841,32.78518969510961,0.44911218760424126,4.378843829141353,63.100262358395916,85.33131564480585,261.38329318566844,2.0443530911545684,0.0,49.673266042521135,14.039128900213809
2475.0,749.2331244539258,2185.9251056167004,0.34275333703281186,614.253358642915,109.51465981330314,38.26570176166423,466.4729970679477,742.2044045713216,77.55428522150376,31.960374591799386,37.71481390002011,0.5508878616441131,7.621156651030228,76.23307789433116,92.00202704571412,290.6167354768722,3.0134110889145767,0.0,75.95750061582751,48.98013422366454
2470.0,1957.0,5506.142313103638,0.35542125297827637,0.0,0.0,0.0,0.0,194.029512270969,0.0,0.0,0.0,0.0,0.0,0.0,0.0,0.0,0.0,0.0,66.65662620102522,127.3728860699438
2474.0,281.6666666666667,817.7338843724136,0.3444478357196088,832.5000000000001,150.33333333333334,59.5,622.6666666666667,910.5172107855792,105.0,45.333333333333336,46.0,13.5,17.5,104.33333333333331,121.66666666666669,379.1666666666667,4.046211164712975,0.0,55.298516896666136,18.67248272420022
2483.0,192.0,635.4092715497196,0.30216745111654597,410.0,0.5,0.8333333333333334,408.6666666666667,442.6746235012196,0.3333333333333333,0.1666666666666666,0.8333333333333334,0.0,0.0,408.5,0.0,0.1666666666666666,0.0,0.0,20.50422647512675,12.170397026092838
2482.0,695.0,2154.090043916557,0.3226420371621764,110.83333333333331,18.666666666666668,8.5,83.66666666666666,189.4690124506516,13.5,5.166666666666667,6.5,2.0,4.166666666666667,12.333333333333334,18.33333333333333,48.833333333333336,0.0,0.0,33.288252099545225,45.34742701777302
2480.0,743.5,2454.8820399674337,0.30286587619903044,908.8333333333331,413.8333333333333,67.66666666666667,427.3333333333333,1012.9946115955786,263.3333333333333,150.5,19.666666666666668,48.0,21.166666666666668,48.333333333333336,95.83333333333331,262.0,0.0,0.0,56.14637859893608,48.0148996633092
2479.0,509.6666666666667,1587.4977025597025,0.32105033339252925,95.66666666666669,18.33333333333333,13.0,64.33333333333334,149.2893968988454,12.666666666666666,5.666666666666667,3.0,10.0,7.666666666666667,8.666666666666666,8.666666666666666,39.333333333333336,0.0,0.0,20.612486713653684,33.01024351852507
2579.0,1134.5713775616355,3017.1237364470817,0.37604403288334776,82.25108822515855,13.475036351566931,7.071058679535121,61.70499319405649,197.47913225427956,8.938885500544398,4.536150851022532,3.4688212390172297,3.6022374405178925,0.06670810075033132,17.544230497337146,20.81292743410338,23.281127161865637,0.0,0.0,41.42593486793396,73.80210916118706
2581.0,510.40842209192783,1403.7841183602816,0.36359466916331884,13.37730155499186,0.8395795955015811,10.354815011186169,2.182906948304111,64.47519749046538,0.8395795955015811,0.0,0.3918038112340712,9.963011199952096,0.6716636764012649,0.0,0.05597197303343872,1.4552712988694072,0.0,0.0,17.84022365464315,33.25767228083038
2568.0,593.5062085479493,1658.8799857964095,0.3577752541652455,312.9311465520565,75.98761890025584,21.969609550322858,214.97391810147778,383.27103773437614,57.4965910586111,18.491027841644744,20.681121211732833,1.288488338590027,0.7200549799143949,50.808680105420244,50.47550843259781,112.96967458354533,1.0358224869058903,0.0,30.914883021846368,38.38918567356737
2565.0,493.8333333333333,1548.534050135584,0.3189037614575508,284.16666666666663,63.0,26.333333333333336,194.8333333333333,368.6985131690258,51.16666666666666,11.833333333333334,12.833333333333334,13.5,7.0,27.0,53.66666666666666,107.16666666666669,2.023105582356488,0.0,50.49880781112977,32.0099331088728
2738.0,255.0,732.1553057721945,0.3482867610049686,1096.0,188.5,34.5,873.0,1165.018397334213,120.0,68.5,32.166666666666664,2.333333333333333,42.66666666666666,141.33333333333334,121.16666666666669,567.8333333333334,0.0,0.0,52.51329462540624,16.505102708806813
2739.0,314.1666666666667,976.5931035970096,0.32169658531226664,162.83333333333334,5.166666666666667,0.8333333333333334,156.83333333333334,209.930614646536,4.0,1.1666666666666667,0.8333333333333334,0.0,9.666666666666666,105.66666666666669,4.0,37.5,1.0115527911782438,0.0,25.579438658634675,20.50628986338968
3112.0,206.16666666666663,528.1940480900788,0.3903237217688351,222.8333333333333,1.0,4.166666666666667,217.66666666666663,251.1172626777375,1.0,0.0,1.1666666666666667,3.0,2.0,156.16666666666666,7.0,52.5,0.0,0.0,14.779736100841856,13.504193243562334
3113.0,336.1666666666667,1023.716084289018,0.32837880719646806,199.33333333333331,1.6666666666666667,4.833333333333334,192.83333333333331,239.57933855081632,1.5,0.1666666666666666,1.5,3.333333333333333,7.0,78.5,1.1666666666666667,106.16666666666669,0.0,0.0,18.23917620513291,22.006829012350053
3124.0,109.16666666666669,326.6866855558412,0.3341631951756008,0.0,0.0,0.0,0.0,14.2206117051563,0.0,0.0,0.0,0.0,0.0,0.0,0.0,0.0,0.0,0.0,7.218438837590377,7.002172867565925
3128.0,909.5585054373012,2642.063206669215,0.34426069109223145,137.44823356964247,29.354522244772884,11.482798407514101,96.61091291735548,232.38955819416594,22.10222851371135,7.252293731061537,11.396461577382416,0.08633683013168494,0.43168415065842486,31.685616658328378,12.950524519752745,51.543087588615926,0.0,0.0,35.69588577317708,59.24543885134638
3134.0,0.0,0.0,0.0,0.0,0.0,0.0,0.0,7.080869538247707,0.0,0.0,0.0,0.0,0.0,0.0,0.0,0.0,7.080869538247707,0.0,0.0,0.0
3136.0,297.1666666666667,861.1235702860807,0.34509178115742734,1508.1666666666663,315.8333333333333,133.66666666666666,1058.6666666666663,1590.9559259807284,265.8333333333333,50.0,64.83333333333333,68.83333333333333,44.66666666666666,224.33333333333331,158.5,631.1666666666666,0.8431389980747955,0.0,62.606480711950745,19.33963960403621
3131.0,8.0,17.750739936242372,0.4506854378315853,104.33333333333334,17.5,15.833333333333334,71.0,128.37948268604978,14.166666666666666,3.333333333333333,15.833333333333334,0.0,0.0,38.0,7.5,25.5,19.21950303238663,0.0,3.826335910677541,1.0003104096522752
3132.0,0.0,0.0,0.0,511.65056033157896,98.21621782314195,222.89608282459523,190.5382596838418,542.5443574489044,92.38218651337785,5.834031309764097,172.97602110187154,49.92006172272371,21.170917742649085,21.29120704800505,25.922345304209536,122.15378958897813,4.745480320686853,0.0,26.148316796638518,0.0
3143.0,24.0,68.62137685451684,0.34974524120788253,0.0,0.0,0.0,0.0,31.574405245875013,0.0,0.0,0.0,0.0,0.0,0.0,0.0,0.0,7.923869043948314,0.0,22.15001885084966,1.50051735107704
3144.0,13.833333333333334,33.833350303637616,0.4088667899923004,116.66666666666669,18.166666666666664,10.833333333333334,87.66666666666667,127.16555270776408,15.166666666666666,3.0,10.833333333333334,0.0,0.0,53.5,8.833333333333334,25.33333333333333,5.057763955891219,0.0,4.440811675553952,1.0003104096522752
3145.0,0.0,0.0,0.0,60.86249295549129,12.488294545112598,24.833045474764134,23.541152935614555,98.78070582803768,12.057663698729405,0.43063084638319304,23.828240166536684,1.0048053082274504,0.14354361546106428,3.014415924682351,4.449852079292995,15.933341316178142,9.148063176741335,0.0,28.77014969580509,0.0
3151.0,16.27019240700375,36.115858889915195,0.4504999439885107,0.4930361335455682,0.0,0.16434537784852266,0.3286907556970454,15.438453949739422,0.0,0.0,0.16434537784852266,0.0,0.0,0.16434537784852266,0.0,0.16434537784852266,6.64992928694224,0.0,7.309110175810929,0.9863783534406824
3366.0,258.1666666666667,781.8441921226305,0.3302021927997821,0.0,0.0,0.0,0.0,28.47098456143357,0.0,0.0,0.0,0.0,0.0,0.0,0.0,0.0,0.0,0.0,11.465669482193908,17.00531507923967
3371.0,180.5,484.3937461181045,0.37263073986093664,0.0,0.0,0.0,0.0,18.81996770857198,0.0,0.0,0.0,0.0,0.0,0.0,0.0,0.0,0.0,0.0,7.149804868231925,11.670162840340057
3364.0,35.0,92.87844460407408,0.37683662930833295,143.0,1.1666666666666667,2.333333333333333,139.5,170.28294812929286,0.1666666666666666,1.0,2.0,0.3333333333333333,120.5,15.333333333333334,3.1666666666666665,0.5,19.21950303238663,0.0,6.062824277601688,2.0006208193045505
3387.0,151.1666666528215,437.6846909730682,0.34537800789135475,0.0,0.0,0.0,0.0,47.4343825527933,0.0,0.0,0.0,0.0,0.0,0.0,0.0,0.0,9.946974625393768,0.0,27.6510195036389,9.836388423760631
3260.0,405.6666666666667,1172.4580873242287,0.34599673203881837,35.0,6.0,18.83333333333333,10.166666666666666,77.53269642229154,6.0,0.0,18.33333333333333,0.5,0.0,0.6666666666666666,1.5,8.0,1.0115527911782438,0.0,15.012942286467956,26.50820134464534
3261.0,312.99999942237173,880.0461808188504,0.3556631529621966,1259.166664342928,304.16666610533997,67.8333332081498,887.1666650294383,1333.224634456556,188.33333298577213,115.8333331195678,64.66666654732707,3.166666660822717,59.99999988927254,220.49999959307658,75.16666652794977,531.4999990191393,0.0,0.0,53.55158770314464,20.506382410483706
3273.0,1195.8333333333333,3136.691756378002,0.3812403086474091,145.16666666666669,38.0,8.333333333333334,98.83333333333334,270.90535678575986,33.5,4.5,8.333333333333334,0.0,0.0,23.33333333333333,12.166666666666666,63.333333333333336,2.023105582356488,0.0,45.69137258385922,78.02421195287745
3506.0,87.66666667099707,231.80945001199584,0.378184179577064,121.16666667265187,2.1666666667736916,1.5000000000740945,117.50000000580405,203.78439873061672,0.0,2.1666666667736916,1.5000000000740945,0.0,113.1666666722567,3.166666666823088,1.1666666667242958,0.0,0.0,0.0,76.94929551698037,5.668436540984458
2222.0,5.999999999847086,20.12566996619121,0.2981267212433866,119.99999999694172,1.9999999999490288,1.6666666666241907,116.33333333036849,153.20147582463642,0.0,1.9999999999490288,1.6666666666241907,0.0,108.83333333055963,7.333333333146439,0.166666666662419,0.0,22.254161405354207,0.0,10.947314422340494,0.0
2266.0,1.0,2.3748014501169425,0.42108783450117776,398.00000000000006,6.333333333333334,21.83333333333333,369.83333333333337,425.6147293915952,2.1666666666666665,4.166666666666667,6.166666666666667,15.666666666666666,322.5,20.166666666666668,19.5,7.666666666666667,0.0,0.0,27.614729391595198,0.0
2381.0,40.903385019127555,101.26367984367559,0.4039294748351195,1748.2273453722623,366.4689230967496,231.32320815262585,1150.435214122887,1863.4064555318005,298.66458274146026,67.80434035528938,75.6574071612764,155.66580099134944,193.22495394433804,183.53087242239505,199.07603664830611,574.6033511078476,1.0517177433009184,0.0,111.32259353434932,2.8047988818881118
3049.0,178.33333333333334,563.3677094556228,0.31654873067832595,0.0,0.0,0.0,0.0,20.77997173669597,0.0,0.0,0.0,0.0,0.0,0.0,0.0,0.0,3.034658373534732,0.0,6.074976229460694,11.670337133700544
3055.0,398.5,1320.0629635979997,0.3018795398318255,113.83333333333334,9.833333333333332,7.833333333333334,96.16666666666669,166.12210753056797,5.833333333333333,4.0,2.1666666666666665,5.666666666666667,0.0,82.83333333333333,5.666666666666667,7.666666666666667,0.0,0.0,26.447413771692013,25.841360425542614
3139.0,69.66666666666667,216.54181051630795,0.32172385785709506,0.0,0.0,0.0,0.0,13.947646217579424,0.0,0.0,0.0,0.0,0.0,0.0,0.0,0.0,7.080869538247707,0.0,2.3653552589094144,4.501421420422302
2555.0,330.0,942.0468277479464,0.350301057526935,1450.6666666666667,256.1666666666667,35.333333333333336,1159.1666666666667,1532.3237201303807,108.33333333333331,147.83333333333334,25.5,9.833333333333334,286.3333333333333,106.66666666666669,295.5,470.6666666666667,0.0,0.0,60.65053486101638,21.006518602697778
2552.0,142.0,386.5060998445381,0.36739394296006134,1971.1666666666663,371.1666666666666,330.66666666666663,1269.3333333333333,2052.4824668020565,133.0,238.16666666666663,32.333333333333336,298.3333333333333,152.66666666666666,159.33333333333334,370.3333333333333,587.0,0.0,0.0,71.97956418236669,9.33623595302346
2573.0,1720.3333333333333,5073.8588186282495,0.3390581793520294,746.3333333333333,182.16666666666663,32.666666666666664,531.5,978.9040888624268,144.5,37.66666666666666,31.5,1.1666666666666667,10.833333333333334,107.66666666666669,89.83333333333333,323.1666666666667,3.034658373534732,0.0,117.33459382469093,112.20150333086792
2572.0,384.1666666666667,1170.472550854938,0.32821501570973466,105.16666666666666,24.83333333333333,5.333333333333333,75.0,171.09992624609376,20.5,4.333333333333333,5.333333333333333,0.0,0.0,6.0,23.83333333333333,45.16666666666666,7.080869538247707,0.0,33.67791412801128,25.17447591316809
3146.0,0.5741245798673129,1.0047506928896652,0.5714099865073289,78.17663029193245,10.812679587501057,19.041798565599212,48.32215213883217,83.18158651772782,10.621304727545288,0.19137485995577097,18.371986555754013,0.6698120098451984,10.716992157523174,5.645558368695244,4.497309208960617,27.462292403653137,2.323029284995268,0.0,2.681926940800112,0.0
3365.0,144.83333333333334,447.9917415683141,0.32329465008954356,30.0,3.0,5.0,22.0,75.71404209320187,3.0,0.0,0.0,5.0,2.0,3.0,1.0,16.0,7.585598520296229,0.0,28.625530100539983,9.502913472365648
2296.0,0.0,0.0,0.0,1859.8333333333333,46.5,60.66666666666666,1752.6666666666667,1970.530185872732,3.8333333333333335,42.66666666666666,37.16666666666666,23.5,1606.6666666666667,59.66666666666666,76.83333333333333,9.5,4.046211164712975,0.0,106.65064137468548,0.0
2297.0,535.6987173449097,1341.4771193301774,0.39933496414191044,10.573001000228484,0.48059095455584006,1.7621668333714136,8.330243212301228,65.73769260677675,0.1601969848519466,0.32039396970389333,0.8009849242597334,0.9611819091116801,4.4855155758545076,2.5631517576311467,0.1601969848519466,1.1213788939636269,1.9445724859839066,0.0,18.60682942742538,34.61328969313898
2268.0,202.33333333333331,504.6079043632981,0.4009713910221691,159.50000000000003,1.1666666666666667,2.1666666666666665,156.16666666666669,325.1469636256647,0.0,1.1666666666666667,2.1666666666666665,0.0,141.83333333333334,6.333333333333333,7.833333333333333,0.1666666666666666,2.023105582356488,0.0,150.2863423365246,13.337515706783554
2325.0,403.3333333333333,998.6148793660068,0.40389277354789527,0.0,0.0,0.0,0.0,46.74349103136893,0.0,0.0,0.0,0.0,0.0,0.0,0.0,0.0,0.0,0.0,20.56872647226091,26.174764559108024
2342.0,14.666666629075184,39.29532316313756,0.373242041252222,43.66666655474656,2.499999993592361,9.499999975650972,31.66666658550324,46.622171639610414,2.1666666611133794,0.33333333247898145,0.33333333247898145,9.16666664317199,21.499999944894306,2.8333333260713425,4.333333322226759,2.9999999923108334,0.0,0.0,1.9551946777754179,1.0003104070884241
2349.0,101.0,277.88801901602864,0.3634557558747227,0.0,0.0,0.0,0.0,91.94288075362834,0.0,0.0,0.0,0.0,0.0,0.0,0.0,0.0,0.0,0.0,85.27417191592775,6.668708837700591
2351.0,535.0942259614322,1313.027916800637,0.4075269224018167,216.71105730527458,15.497889177651603,28.181672495397063,173.03149563222595,282.6032857616784,5.7954207904710024,9.7024683871806,2.803469068566796,25.378203426830265,130.47906148453382,11.850811990959508,10.821548525327144,19.88007363140548,3.6041634873632584,0.0,27.12143199180723,35.16663297723331
2463.0,1336.8333333333333,3724.508750632844,0.3589287669430733,36.5,9.666666666666666,2.5,24.33333333333333,170.31299117936305,7.333333333333333,2.333333333333333,1.8333333333333333,0.6666666666666666,1.6666666666666667,3.1666666666666665,3.8333333333333335,15.666666666666666,0.0,0.0,46.785985539615126,87.02700563974793
2484.0,6.0,17.7511331069052,0.3380065916843357,247.16666666666663,6.5,5.666666666666667,235.0,267.6569985184464,4.0,2.5,5.666666666666667,0.0,0.0,194.0,23.33333333333333,17.666666666666668,2.023105582356488,0.0,18.46722626942322,0.0
2560.0,462.8333333333333,1328.3927412483474,0.34841603613279987,447.5,103.66666666666666,20.166666666666668,323.6666666666667,512.6951126812645,81.33333333333333,22.33333333333333,20.0,0.1666666666666666,0.3333333333333333,36.66666666666666,83.16666666666667,203.5,4.046304288075118,0.0,30.97255163445145,30.17625675873786
2785.0,340.6666666666667,1251.4875592196406,0.27220939126161814,0.0,0.0,0.0,0.0,33.61035902500432,0.0,0.0,0.0,0.0,0.0,0.0,0.0,0.0,0.0,0.0,11.60353001265427,22.006829012350053
2781.0,390.1666666666667,1131.3501424696317,0.34486818184772516,13.0,2.0,1.3333333333333337,9.666666666666666,52.573140655868485,1.1666666666666667,0.8333333333333334,0.1666666666666666,1.1666666666666667,3.1666666666666665,3.1666666666666665,1.8333333333333333,1.5,0.0,0.0,14.23189458681294,25.341246069055543
2871.0,660.8333333333334,1911.5508802154643,0.34570533286503274,0.0,0.0,0.0,0.0,66.35320665250387,0.0,0.0,0.0,0.0,0.0,0.0,0.0,0.0,0.0,0.0,23.173186927190503,43.180019725313365
2872.0,445.8333333333333,1295.2737591006237,0.3442000814120551,0.0,0.0,0.0,0.0,44.19458403682255,0.0,0.0,0.0,0.0,0.0,0.0,0.0,0.0,0.0,0.0,15.185582156906577,29.00900187991597
3137.0,0.0,0.0,0.0,807.8333333333333,280.8333333333333,167.33333333333334,359.6666666666667,843.7340638206874,236.16666666666663,44.66666666666666,129.83333333333334,37.5,42.66666666666666,61.333333333333336,53.333333333333336,202.33333333333331,5.057763955891219,0.0,30.842966531462768,0.0
3379.0,165.0,509.1528171790522,0.3240677345441751,0.0,0.0,0.0,0.0,25.123852648321897,0.0,0.0,0.0,0.0,0.0,0.0,0.0,0.0,0.0,0.0,14.120438142146872,11.003414506175025
2736.0,337.1666666666667,735.0686833964731,0.4586872958711118,1382.0,168.66666666666669,143.33333333333334,1070.0,1468.404743860005,138.33333333333334,30.33333333333333,41.66666666666666,101.66666666666669,74.33333333333333,159.83333333333334,335.3333333333333,500.5,0.0,0.0,64.3979148476552,22.006829012350053
2792.0,1025.1666666666667,2861.314248247604,0.35828524157894376,252.66666666666663,41.0,18.5,193.16666666666663,362.710220914831,32.333333333333336,8.666666666666666,18.5,0.0,0.0,63.66666666666666,42.66666666666666,86.83333333333333,0.0,0.0,43.52289295583233,66.52066129233202
2796.0,2212.082333597539,5441.640815178689,0.4065101701360457,163.08522660911197,26.9806101623916,5.898594934288041,130.20602151243233,388.1151001864974,17.14961860524486,9.830991557146735,5.789361694764189,0.10923323952385257,0.21846647904770522,17.805018042387974,42.382496935254814,69.80004005574182,0.0,0.0,80.90652330777897,144.12335026960645
2797.0,2768.8810336709116,7194.056572636796,0.38488452317744976,321.50919495318004,36.70655494460766,4.223767966228827,280.5788720423435,617.8005948192094,24.236382853836837,12.470172090770824,4.223767966228827,0.0,0.0,66.97689203591426,114.74569641588312,98.85628359054613,0.0,0.0,115.82017867706305,180.47122118896635
2793.0,0.0,0.0,0.0,2385.333339662726,588.3333348944539,124.16666699613829,1672.833337772134,2491.4190584513603,474.1666679248502,114.16666696960367,124.16666699613829,0.0,1.0000000026534626,261.83333402809825,449.3333345256225,960.6666692157596,0.0,0.0,106.08571878863457,0.0
2794.0,0.0,0.0,0.0,625.0,151.0,28.166666666666668,445.8333333333333,646.3296553478777,126.66666666666669,24.33333333333333,28.166666666666668,0.0,0.0,74.33333333333333,116.5,255.0,0.0,0.0,21.329655347877782,0.0
2795.0,0.0,0.0,0.0,2975.833333333333,595.1666666666666,192.83333333333331,2187.833333333333,3081.7091209997297,500.0,95.16666666666669,135.5,57.333333333333336,143.83333333333334,200.16666666666663,283.1666666666667,1560.6666666666667,1.0115527911782438,0.0,104.8642348752182,0.0
2798.0,1202.0,3517.159280169295,0.3417530752096456,4042.166666666667,595.8333333333334,244.16666666666663,3202.166666666667,4298.786479334349,373.5,222.33333333333331,243.16666666666663,1.0,1.5,903.8333333333334,745.0,1551.8333333333333,0.0,0.0,178.59560071480385,78.02421195287745
3058.0,420.5,954.542210217831,0.4405253067897751,283.83333333333337,34.666666666666664,101.66666666666669,147.5,376.1680364497562,22.83333333333333,11.833333333333334,9.166666666666666,92.5,18.83333333333333,25.33333333333333,13.166666666666666,90.16666666666669,0.0,0.0,64.99285801170663,27.3418451047163
3057.0,313.6666666666667,715.322988598641,0.43849655563448026,167.16666666666669,70.33333333333334,36.16666666666667,60.66666666666667,216.38586000247275,18.5,51.833333333333336,2.333333333333333,33.833333333333336,3.5,5.833333333333333,18.5,32.833333333333336,0.0,0.0,29.04629125454315,20.17290208126293
3064.0,362.1666666666667,820.8257585942403,0.441222345759372,805.1666666666665,316.16666666666663,83.66666666666666,405.3333333333333,881.7643232304956,146.66666666666666,169.5,2.333333333333333,81.33333333333333,35.833333333333336,107.33333333333331,57.66666666666666,204.5,0.0,0.0,52.92367077627927,23.67398578754973
3065.0,357.6666666666667,865.2061244516735,0.41338896773683703,1037.5,124.83333333333331,218.3333333333333,694.3333333333333,1246.0269535268026,112.0,12.833333333333334,21.166666666666668,197.16666666666663,121.33333333333331,111.66666666666669,138.0,323.3333333333333,0.0,0.0,185.35306574679612,23.17388778000644
3059.0,647.3333333333334,1640.2818406265708,0.3946476253654425,68.0,1.8333333333333333,4.5,61.66666666666667,142.8750425809677,0.5,1.3333333333333333,1.1666666666666667,3.333333333333333,2.833333333333333,53.833333333333336,2.0,3.0,0.0,0.0,32.52859581549349,42.34644676547419
3066.0,254.66666666666663,580.9343974037356,0.4383742257384001,567.6666666666666,138.33333333333334,36.5,392.8333333333333,617.355315749975,135.33333333333334,3.0,5.166666666666667,31.33333333333333,12.833333333333334,213.83333333333331,49.333333333333336,116.83333333333331,0.0,0.0,33.18353005723398,16.50511902607447
3060.0,360.8333409010713,1019.1357303275632,0.3540581790661926,0.0,0.0,0.0,0.0,62.797790970328315,0.0,0.0,0.0,0.0,0.0,0.0,0.0,0.0,0.0,0.0,39.290455002142714,23.5073359681856
3067.0,450.8333333333333,1225.2561838899678,0.3679502615542969,30.83333333333333,0.0,0.3333333333333333,30.5,120.9137669718459,0.0,0.0,0.0,0.3333333333333333,5.333333333333333,18.83333333333333,0.1666666666666666,6.166666666666667,0.0,0.0,60.73805486616215,29.34237877235042
3068.0,344.50000105062355,982.1733495410141,0.35075274768106274,85.00000025922498,0.0,0.16666666717495088,84.83333359205002,121.80247633265097,0.0,0.0,0.16666666717495088,0.0,0.0,84.83333359205002,0.0,0.0,0.0,0.0,14.628974883187745,22.17350119023824
3381.0,166.5,464.5254235322892,0.35843032817002873,0.0,0.0,0.0,0.0,17.685203492155054,0.0,0.0,0.0,0.0,0.0,0.0,0.0,0.0,1.0115527911782438,0.0,5.670290678828013,11.003360022148795
3408.0,864.1666666666666,2717.5694546272007,0.3179924859676545,149.16666666666666,30.666666666666664,14.833333333333334,103.66666666666666,339.7012164582297,24.83333333333333,5.833333333333333,14.833333333333334,0.0,0.0,55.66666666666666,7.333333333333333,40.66666666666666,0.0,0.0,134.51716685103565,56.017382940527405
3403.0,226.33333333333331,697.2397692303856,0.3246133443925042,84.0,11.166666666666668,10.666666666666666,62.16666666666667,112.58551494447964,8.833333333333334,2.333333333333333,10.666666666666666,0.0,0.0,30.666666666666668,4.333333333333333,27.166666666666668,1.0115527911782438,0.0,12.569306008517271,15.004656144784128
3405.0,65.33333333333333,189.96829626672184,0.34391703572265103,797.0,132.0,37.0,628.0,865.2990420261035,113.33333333333331,18.666666666666668,35.666666666666664,1.3333333333333333,33.666666666666664,94.33333333333331,62.0,438.0,7.417883165651072,0.0,56.87991722184329,4.0012416386091
3404.0,641.5,1799.9560723536106,0.35639758650397446,0.0,0.0,0.0,0.0,64.53599356740119,0.0,0.0,0.0,0.0,0.0,0.0,0.0,0.0,1.0115527911782438,0.0,21.84496019986996,41.679480576353
3395.0,62.833333333333336,190.9735385700483,0.3290159139523213,0.0,0.0,0.0,0.0,16.474979093400496,0.0,0.0,0.0,0.0,0.0,0.0,0.0,0.0,0.0,0.0,12.473737454791396,4.0012416386091
2245.0,304.1666666666667,753.0586423056479,0.40390834070424614,331.5,7.833333333333333,14.166666666666668,309.5,390.1441651022769,1.8333333333333333,6.0,4.333333333333333,9.833333333333334,287.1666666666667,10.833333333333334,9.0,2.5,0.0,0.0,38.971382849930045,19.67278225234693
2267.0,403.6666666666667,1004.4610743769184,0.4018738774094027,212.33333333333331,4.0,4.0,204.33333333333331,275.0124479366725,0.0,4.0,3.333333333333333,0.6666666666666666,186.83333333333331,8.0,9.5,0.0,3.034658373534732,0.0,33.63638557884527,26.00807065095915
2241.0,23.65126455881776,65.06969676508459,0.3634758687166446,2.5273216099402918,0.04595130199891439,0.0,2.4813703079413774,47.55359264741219,0.04595130199891439,0.0,0.0,0.0,2.159711193948977,0.27570781199348643,0.0,0.04595130199891439,1.6733580406299464,0.0,41.89296044707127,1.4599525497706765
2223.0,9.0,28.87667120567596,0.3116702730691123,220.0,1.0,2.1666666666666665,216.83333333333331,240.93886951935744,0.0,1.0,2.1666666666666665,0.0,190.0,25.83333333333333,1.0,0.0,12.138633494138928,0.0,7.799925615566217,1.0003104096522752
2229.0,29.0,95.3805929817076,0.30404507975287715,41.0,1.0,2.0,38.0,50.44264151357846,0.0,1.0,2.0,0.0,28.0,10.0,0.0,0.0,5.057763955891219,0.0,2.3842567383826863,2.0006208193045505
2230.0,4.0,13.750699214145078,0.2908942983703169,0.0,0.0,0.0,0.0,3.1709016157280283,0.0,0.0,0.0,0.0,0.0,0.0,0.0,0.0,3.034658373534732,0.0,0.1362432421932963,0.0
2224.0,0.0,0.0,0.0,146.99999998565514,3.1666666663576506,13.16666666538181,130.66666665391568,152.00693913577018,1.6666666665040266,1.499999999853624,3.499999999658456,9.666666665723353,102.99999998994885,16.16666666508906,5.3333333328128845,6.1666666660648985,0.0,0.0,5.006939150115044,0.0
2221.0,0.9999999936892654,2.5002046030914533,0.39996726366025614,0.0,0.0,0.0,0.0,50.780299883299435,0.0,0.0,0.0,0.0,0.0,0.0,0.0,0.0,50.746239072966056,0.0,0.03406081033337527,0.0
2308.0,23.83333333333333,59.710006661048205,0.39915140972310414,166.83333333333331,9.666666666666666,44.33333333333333,112.83333333333331,203.3277794356284,6.833333333333333,2.833333333333333,7.666666666666667,36.66666666666666,64.83333333333333,30.83333333333333,4.833333333333333,12.333333333333334,0.0,0.0,34.82728386641116,1.6671622358839029
2306.0,756.2661245788818,1897.0515721684087,0.39865343445272716,396.1645243407149,27.00747834725541,61.69408740546298,307.46295858799647,486.64634006033816,11.335826107489734,15.671652239765681,29.01246396874656,32.68162343671643,171.40313152668213,94.70655136004602,15.83582609155574,25.517449609712585,1.110692910357295,0.0,40.59184466365514,48.779278145610824
2310.0,391.8333333333333,1046.1426867902871,0.3745505639728105,182.0,14.166666666666666,33.0,134.83333333333331,232.21010622583265,1.6666666666666667,12.5,3.0,30.0,112.83333333333331,7.5,9.5,5.0,0.0,0.0,24.702193512887675,25.507912712944947
2275.0,0.0,0.0,0.0,1183.8333333333333,19.33333333333333,20.166666666666668,1144.3333333333333,1257.10193404784,0.0,19.33333333333333,20.166666666666668,0.0,1057.5,39.5,47.333333333333336,0.0,8.09242232942595,0.0,65.17617838508083,0.0
2292.0,368.3333333333333,908.258328338854,0.40553807418093407,0.0,0.0,0.0,0.0,49.72216147195645,0.0,0.0,0.0,0.0,0.0,0.0,0.0,0.0,0.0,0.0,25.88145999830597,23.840701473650483
2271.0,612.6666665312137,1643.86581881002,0.3726987078390118,906.1666664663246,14.66666666342405,17.833333329390605,873.6666664735098,999.8302147051611,0.8333333331490937,13.833333330274955,14.999999996683686,2.833333332706918,810.3333331541787,31.333333326405917,31.49999999303574,0.4999999998894562,1.011552790954602,0.0,52.80627295881788,39.84572248906419
2281.0,28.33333319897995,70.9601859441744,0.39928493453033326,656.9999968845822,9.499999954952104,15.166666594748094,632.333330334882,726.2391109399314,0.6666666635054107,8.833333291446692,12.99999993835551,2.166666656392585,570.9999972923843,36.16666649516852,23.66666655444208,1.4999999928871741,0.0,0.0,67.40520347015736,1.833910585191829
2386.0,117.33333227926998,313.8495129763508,0.37385220441017947,163.83333186153752,2.3333333123718463,4.6666666247436925,156.833331924422,194.58788893357445,0.0,2.3333333123718463,4.3333332944048575,0.3333333303388352,115.83333229274523,36.66666633727187,3.8333332988966053,0.49999999550825286,0.0,0.0,22.75207386670896,8.002483205327938
2328.0,3.124670768980536,8.14073664992254,0.38383145203576485,0.053408801499791915,0.0008336721281437812,0.0008067794788488205,0.05176834989279931,11.322428491921029,0.0,0.0008336721281437812,0.0008067794788488205,0.0,0.04676631712393663,0.003227117915395282,0.001774914853467405,0.0,8.98348470123389,0.0,2.283651932579542,0.0018830566078023765
2398.0,32.333333333333336,85.45571729134952,0.3783636058322146,158.16666666666669,7.166666666666666,33.0,118.0,171.8800821674404,4.333333333333333,2.833333333333333,8.666666666666666,24.33333333333333,79.16666666666667,28.666666666666668,5.5,4.666666666666667,5.057763955891219,0.0,6.488260569690509,2.167390975191997
2316.0,588.1666666666666,1799.1229714626222,0.326918546422932,0.0,0.0,0.0,0.0,58.04509135763373,0.0,0.0,0.0,0.0,0.0,0.0,0.0,0.0,0.0,0.0,20.03329579084728,38.01179556678645
2315.0,266.0,862.9201414646263,0.30825563944830475,564.5,17.5,80.66666666666666,466.3333333333333,609.8252059740815,8.5,9.0,9.333333333333334,71.33333333333333,269.8333333333333,158.33333333333334,16.166666666666668,22.0,0.0,0.0,28.319929009992865,17.005276964088676
2314.0,327.0,1082.4320974596412,0.3020974717651444,935.0,121.66666666666666,69.83333333333333,743.4999999999999,1008.4800614988886,25.33333333333333,96.33333333333331,14.166666666666666,55.66666666666666,645.0,41.16666666666666,28.666666666666668,28.666666666666668,0.0,0.0,52.47354289619105,21.006518602697778
2311.0,326.9856256756235,939.3951954313552,0.3480810070840068,425.171258252413,31.865005844382708,22.28980704385392,371.0164453641764,471.89519127767,21.97586609957428,9.889139744808428,7.063671246291734,15.226135797562184,313.9409442796326,36.04145781780834,16.638870046820532,4.395173219914857,0.0,0.0,25.67698508492739,21.046947940329638
2317.0,552.6666666666666,1558.6208857452357,0.35458697603838135,39.0,0.0,0.0,39.0,95.16409462309176,0.0,0.0,0.0,0.0,0.0,39.0,0.0,0.0,0.0,0.0,20.152919875609868,36.0111747474819
2313.0,1204.1666666666667,3047.1706261463355,0.39517533292500256,0.0,0.0,0.0,0.0,119.20529569901748,0.0,0.0,0.0,0.0,0.0,0.0,0.0,0.0,0.0,0.0,41.01431359025258,78.1909821087649
2355.0,22.33333333333333,64.96250528176252,0.3437880549167053,90.0,9.0,22.666666666666668,58.33333333333333,99.15991295824486,7.666666666666667,1.3333333333333333,8.333333333333334,14.333333333333334,28.33333333333333,10.166666666666666,6.666666666666667,13.166666666666666,0.0,0.0,7.992854190588459,1.1670587676563924
2354.0,294.0,725.2047234582769,0.4054027648882442,79.83333333333333,9.333333333333334,19.166666666666668,51.33333333333333,113.57461476108266,6.666666666666667,2.6666666666666665,7.666666666666667,11.5,26.0,7.666666666666667,3.5,14.166666666666666,1.855064488612857,0.0,12.711974779346347,19.17424215979013
2353.0,1363.8333333333333,3319.4770106442907,0.4108578938670286,348.8333333333333,35.333333333333336,76.83333333333333,236.66666666666663,505.52802703090265,28.0,7.333333333333333,11.333333333333334,65.5,144.83333333333334,12.166666666666666,19.166666666666668,60.5,1.0115527911782438,0.0,66.82223011919977,88.86091078719126
2360.0,40.45753940243722,114.02814513848239,0.3548031001758666,0.0,0.0,0.0,0.0,6.059221419067915,0.0,0.0,0.0,0.0,0.0,0.0,0.0,0.0,2.1233057513201494,0.0,1.369090134347658,2.566825533400107
2365.0,28.042460737974153,99.48361893666696,0.281880183267423,0.0,0.0,0.0,0.0,5.82417028974405,0.0,0.0,0.0,0.0,0.0,0.0,0.0,0.0,2.9344582170004214,0.0,0.9551489425049544,1.9345631302386739
2345.0,381.9290843092153,1014.6004452874689,0.3764329949618763,73.01364047692921,0.45163076583667555,0.45163076583667555,72.11037894525586,113.46126272042092,0.0,0.45163076583667555,0.30108717722445033,0.15054358861222514,65.93809181215462,1.9570666519589273,3.9141333039178545,0.30108717722445033,0.0,0.0,15.449648996705156,24.99797324678656
2358.0,671.0,2419.7549760394527,0.2773008038600102,242.0,5.166666666666667,27.5,209.33333333333331,317.11117805532,2.333333333333333,2.833333333333333,4.5,23.0,54.333333333333336,131.83333333333334,5.5,17.666666666666668,0.0,0.0,31.097520030619894,44.013658024700106
2364.0,373.792637247797,944.5967656092217,0.3957166177746944,27.086422988970796,0.0,0.0,27.086422988970796,67.86597117873929,0.0,0.0,0.0,0.0,0.0,27.086422988970796,0.0,0.0,2.739934677752796,0.0,13.654265723514749,24.38534778850096
2368.0,312.8962073569269,785.1493920336497,0.39851805341972024,414.530657452848,72.2988499008928,50.42434662948542,291.80746092246983,476.42832397202733,57.26337093284406,15.035478968048729,16.84460566961874,33.57974095986668,101.2605171923756,41.391032722886905,33.45560192970576,115.70030907750157,4.676587540770057,0.0,36.54450094531975,20.67657803308947
2380.0,6.833333333333333,17.331998948177684,0.3942611209338783,826.8333333333334,133.0,125.0,568.8333333333334,858.8932840478553,109.66666666666669,23.33333333333333,30.33333333333333,94.66666666666669,226.83333333333331,81.16666666666667,62.16666666666666,198.66666666666663,3.034658373534732,0.0,28.525177984500274,0.5001143564870799
2372.0,1012.2980878426591,2674.406339417723,0.37851319484348017,0.0,0.0,0.0,0.0,394.8096660649258,0.0,0.0,0.0,0.0,0.0,0.0,0.0,0.0,1.2885817402621325,0.0,327.5781070276365,65.94297729702716
2379.0,335.0,1241.5672950911023,0.2698202516484769,0.0,0.0,0.0,0.0,33.41720054603862,0.0,0.0,0.0,0.0,0.0,0.0,0.0,0.0,0.0,0.0,11.41037153368857,22.006829012350053
2378.0,364.0,1033.3010586391265,0.3522690671384714,70.0,25.0,1.0,44.0,108.78984160962726,25.0,0.0,0.0,1.0,1.0,29.0,0.0,14.0,0.0,0.0,14.782391777972656,24.0074498316546
2377.0,169.5,620.6609209517253,0.27309597604451663,250.5,52.16666666666666,27.0,171.33333333333334,289.9189447086115,37.5,14.666666666666666,13.0,14.0,5.5,31.166666666666668,29.0,105.66666666666669,0.0,0.0,28.41553020243647,11.003414506175025
2371.0,1197.1666666666667,3264.592422463273,0.36671244423319277,49.0,0.0,0.0,49.0,169.47133468273523,0.0,0.0,0.0,0.0,0.0,49.0,0.0,0.0,0.0,0.0,42.447122729857774,78.02421195287745
2383.0,298.04447811462074,1087.4813070140442,0.2740685988736464,0.0,0.0,0.0,0.0,52.53205807356252,0.0,0.0,0.0,0.0,0.0,0.0,0.0,0.0,5.016434671083321,0.0,28.003628758618134,19.511994643861055
2370.0,485.88643150003395,1779.4311144323315,0.2730571740367932,139.87639694697944,23.228113104625447,20.05487360945804,96.59341023289596,200.02772662362406,16.120056635450446,7.108056469175001,7.869633948015179,12.185239661442857,15.231549576803571,21.57802856713839,12.058310081636161,47.72552200731785,0.0,0.0,28.155146723340838,31.996182953303773
2384.0,466.0,1507.3296213400415,0.30915600237837704,109.0,24.0,2.1666666666666665,82.83333333333333,158.5942783548546,24.0,0.0,0.0,2.1666666666666665,54.66666666666666,0.0,26.166666666666668,2.0,0.0,0.0,19.584966065286352,30.009312289568253
2385.0,266.0,862.295642796467,0.3084788868204749,199.66666666666669,48.66666666666666,16.166666666666668,134.83333333333334,236.52914239449623,41.0,7.666666666666667,4.833333333333333,11.333333333333334,4.833333333333333,46.0,12.333333333333334,71.66666666666667,0.0,0.0,19.8571987637409,17.005276964088676
2404.0,0.0,0.0,0.0,207.40290962167683,33.52630234771956,33.36195772836799,140.51464954558932,225.17450077219132,27.116862193008465,6.409440154711092,13.47625878682845,19.88569894153954,16.434461935156644,35.66278239928991,38.292296308914985,50.12510890222777,3.9898382020848735,0.0,13.78175294842956,0.0
2435.0,1601.5,4136.918517338469,0.38712389264808195,369.83333333333337,102.0,24.5,243.33333333333331,575.1324055749907,86.0,16.0,24.5,0.0,0.0,57.16666666666666,28.83333333333333,157.33333333333334,0.0,0.0,101.10015023362952,104.1989220080278
2429.0,2067.0,5825.902399761617,0.3547948211567322,173.33333333333334,48.5,10.0,114.83333333333334,422.3451246173347,39.333333333333336,9.166666666666666,10.0,0.0,0.0,32.833333333333336,20.5,61.5,0.0,0.0,114.63680860846976,134.3749826755316
2434.0,1667.8333333333333,4681.823257577095,0.35623585974419264,0.0,0.0,0.0,0.0,165.3373479684319,0.0,0.0,0.0,0.0,0.0,0.0,0.0,0.0,0.0,0.0,56.80357319128964,108.53377477714228
2432.0,177.33333333333334,495.2376458432213,0.358077248007661,0.0,0.0,0.0,0.0,28.20887349636824,0.0,0.0,0.0,0.0,0.0,0.0,0.0,0.0,0.0,0.0,16.538552694174896,11.670320802193343
2438.0,635.6666676236246,1652.5025113333008,0.38466910837596546,224.50000033797122,25.833333372223855,24.333333369965704,174.33333359578168,294.807487658633,18.500000027850636,7.333333344373225,14.333333354911304,10.000000015054397,48.83333340684898,82.16666679036364,8.500000012796239,34.83333338577282,0.0,0.0,29.294760463176267,41.012726857485475
2437.0,1046.6666666666667,2647.439183334044,0.3953505988940416,0.0,0.0,0.0,0.0,103.6716158103306,0.0,0.0,0.0,0.0,0.0,0.0,0.0,0.0,0.0,0.0,35.650507953975904,68.0211078563547
2436.0,850.1666666666666,2176.3528430209094,0.39063825031541477,83.33333333333333,17.166666666666664,10.333333333333332,55.83333333333333,170.70282779897246,14.166666666666666,3.0,3.0,7.333333333333333,19.33333333333333,6.333333333333333,5.166666666666667,25.0,0.0,0.0,31.852078783814505,55.51741568182464
2431.0,617.1666666666666,1606.7499524742746,0.3841087194160337,796.1666666666666,110.33333333333334,155.66666666666669,530.1666666666666,890.8212447798318,75.16666666666667,35.166666666666664,68.66666666666667,87.0,233.0,76.83333333333333,36.16666666666666,184.16666666666663,0.0,0.0,54.30881210351919,40.34576600964595
2440.0,895.1666666666666,2526.0243227610176,0.3543776909037137,148.33333333333334,25.833333333333336,17.0,105.5,242.26374603234308,20.666666666666668,5.166666666666667,6.666666666666667,10.333333333333334,33.833333333333336,15.0,12.666666666666666,44.0,0.0,0.0,35.57898299029245,58.35142970871728
2442.0,671.8333333333334,1931.300424615525,0.34786578243883476,189.66666666666669,24.833333333333336,29.33333333333333,135.5,263.02180146438155,16.0,8.833333333333334,10.5,18.83333333333333,56.0,41.333333333333336,8.333333333333334,29.83333333333333,0.0,0.0,29.34147677301475,44.013658024700106
2445.0,1127.0,2964.7520430335776,0.38013297019161074,338.16666666666663,53.333333333333336,54.0,230.8333333333333,461.1294518784847,41.833333333333336,11.5,12.0,42.0,44.333333333333336,89.33333333333333,15.833333333333334,81.33333333333333,0.0,0.0,49.94012530720198,73.02265990461608
2444.0,561.6400675662975,1636.2788665593152,0.34324226697817467,0.0,0.0,0.0,0.0,55.7407117188956,0.0,0.0,0.0,0.0,0.0,0.0,0.0,0.0,0.0,0.0,19.12975969456814,36.61095202432746
2448.0,634.193277040011,1956.860107636898,0.32408718158492283,0.0,0.0,0.0,0.0,63.01430867224524,0.0,0.0,0.0,0.0,0.0,0.0,0.0,0.0,0.0,0.0,21.601048008874614,41.41326066337063
2450.0,354.0,1036.924707382452,0.3413941219450885,164.33333333333337,19.333333333333336,8.833333333333334,136.16666666666669,206.67896905617485,16.166666666666668,3.1666666666666665,3.8333333333333335,5.0,25.166666666666668,39.833333333333336,6.0,65.16666666666667,0.0,0.0,19.338496300839186,23.007139422002325
2453.0,425.8333333333333,1113.5202507142424,0.3824208253601065,153.33333333333331,24.83333333333333,13.5,115.0,207.55376113162657,21.0,3.8333333333333335,6.0,7.5,10.666666666666666,53.333333333333336,10.333333333333334,40.66666666666666,0.0,0.0,26.71196506733765,27.50846273095561
2449.0,440.0,1510.9558725421778,0.29120638662974424,233.3333333333333,70.66666666666666,13.833333333333334,148.83333333333334,285.2585430273086,63.66666666666666,7.0,9.833333333333334,4.0,18.166666666666668,23.83333333333333,18.666666666666668,88.16666666666667,0.0,0.0,22.91620781405929,29.00900187991597
2452.0,874.8333333333334,2272.7006126126485,0.38493118208281885,30.666666666666664,9.5,1.1666666666666667,20.0,124.02989345072857,8.0,1.5,1.1666666666666667,0.0,0.0,5.5,2.833333333333333,11.666666666666666,0.0,0.0,36.345473503411306,57.0177532806506
2451.0,457.0,1147.0691090313846,0.39840668395812945,200.16666666666663,43.0,22.0,135.16666666666666,268.79067965732526,33.5,9.5,8.166666666666666,13.833333333333334,16.333333333333332,21.83333333333333,18.0,79.0,0.0,0.0,39.11481504832759,29.50919794233101
2461.0,151.75781932941058,417.90383811034485,0.3631405253792857,184.51979149154198,31.93860441374272,38.01599067870592,114.56519639909337,210.0359519550081,25.990524239523435,5.948080174219294,18.102852704145672,19.913137974560243,7.499753263146065,25.86121814877954,17.585628341170086,63.61859664599766,3.9471746676176536,0.0,11.449421387054775,10.119564408793675
2456.0,288.418540525961,751.8330246403744,0.38362047299521157,64.20728589396074,13.811178201446936,8.668718232823077,41.727389459690734,105.34449028452475,11.31341193097249,2.4977662704744454,3.3793308365242503,5.289387396298826,2.644693698149413,6.024024534673663,7.34637138374837,25.712299843119297,2.675247292174551,0.0,19.943354642185042,18.51860245620441
2454.0,7.166666666666667,20.167092601283574,0.35536439527284813,0.0,0.0,0.0,0.0,10.412060891502374,0.0,0.0,0.0,0.0,0.0,0.0,0.0,0.0,0.0,0.0,9.745138263976855,0.6669226275255191
2460.0,186.7421788189643,475.8749057428045,0.3924186305379435,53.31353715540521,9.228061441755491,10.984008355773744,33.10146735787598,81.89485789382277,7.509475100375927,1.7185863413795655,5.230480169416068,5.753528186357676,2.1669132130437996,7.472114527737242,5.081037878861324,18.381401738233613,8.19145882509231,0.0,8.169176982456962,12.220684930868277
2468.0,1065.8333333333333,3097.9580871838757,0.3440438196186842,100.16666666666666,16.5,3.0,80.66666666666666,210.1035454852343,14.0,2.5,3.0,0.0,0.0,49.0,5.666666666666667,26.0,1.0115527911782438,0.0,39.73719208952116,69.1881339378682
2467.0,1385.0,4738.882214830891,0.29226301419045175,49.0,0.0,0.0,49.0,187.8711391950015,0.0,0.0,0.0,0.0,0.0,48.833333333333336,0.0,0.1666666666666666,0.0,0.0,48.84320232629674,90.02793686870474
2466.0,459.0,1518.827603068302,0.30220678046194205,40.66666666666667,4.666666666666666,8.0,28.000000000000004,87.69518596594884,2.0,2.6666666666666665,2.333333333333333,5.666666666666667,7.0,13.833333333333334,2.6666666666666665,4.5,0.0,0.0,17.01920700971392,30.009312289568253
2473.0,737.0,2550.386808939633,0.28897577317160783,0.0,0.0,0.0,0.0,73.11771703742406,0.0,0.0,0.0,0.0,0.0,0.0,0.0,0.0,0.0,0.0,25.102817374114853,48.0148996633092
2472.0,493.8333333333333,1684.1725150344162,0.2932201594105945,180.3333333333333,59.83333333333333,12.666666666666668,107.83333333333331,235.3026998595404,57.16666666666666,2.6666666666666665,3.8333333333333335,8.833333333333334,4.5,6.0,3.5,93.83333333333331,0.0,0.0,22.95943341733425,32.0099331088728
2471.0,604.0,1621.5751902481427,0.3724773316910284,383.6666666666666,85.0,7.0,291.66666666666663,457.1511867173026,8.0,77.0,1.5,5.5,99.33333333333331,60.5,54.5,77.33333333333333,0.0,0.0,34.4724140741972,39.01210597643873
2458.0,513.0,1604.8163518296676,0.3196627448462395,59.0,0.0,0.0,59.0,111.6560567815328,0.0,0.0,0.0,0.0,0.0,58.833333333333336,0.0,0.1666666666666666,0.0,0.0,19.479141152742194,33.17691562879062
2459.0,426.0,1050.0489529160122,0.4056953714557663,0.0,0.0,0.0,0.0,42.51859676384976,0.0,0.0,0.0,0.0,0.0,0.0,0.0,0.0,0.0,0.0,14.509905293586064,28.008691470263702
2465.0,1025.9999995885446,2977.2746818292803,0.34461046065059586,41.99999998315679,0.0,0.0,41.99999998315679,145.3980143533941,0.0,0.0,0.0,0.0,0.0,41.83333331655697,0.0,0.16666666659982848,0.0,0.0,36.377216950412155,67.02079741982516
2477.0,558.0,1895.2348230605323,0.29442261888102605,78.83333333333334,15.833333333333334,2.1666666666666665,60.833333333333336,136.53567766777147,12.333333333333334,3.5,1.8333333333333333,0.3333333333333333,4.0,6.0,2.833333333333333,48.0,0.0,0.0,21.69116958695623,36.0111747474819
2478.0,155.83333333333334,505.73071336597167,0.3081349999412922,363.0,55.83333333333333,14.5,292.6666666666667,392.6986338153543,43.16666666666666,12.666666666666666,12.166666666666666,2.333333333333333,12.166666666666666,101.66666666666669,12.666666666666666,166.16666666666666,2.023105582356488,0.0,17.67242413647506,10.00310409652275
2485.0,601.0,1658.329638543778,0.362412867762379,29.83333333333333,4.666666666666667,3.8333333333333335,21.33333333333333,90.50156413000109,3.333333333333333,1.3333333333333333,3.5,0.3333333333333333,0.0,6.5,4.333333333333333,10.5,0.0,0.0,21.48940913412825,39.17882166253949
2486.0,1104.1666666666667,3207.4424488197933,0.3442514353057074,0.0,0.0,0.0,0.0,109.63322290068186,0.0,0.0,0.0,0.0,0.0,0.0,0.0,0.0,0.0,0.0,37.61087340571805,72.0223494949638
2494.0,224.0,605.1499988368595,0.3701561603413098,6.666666666666666,1.0,0.6666666666666666,5.0,30.53318400070563,0.5,0.5,0.6666666666666666,0.0,0.0,1.1666666666666667,2.0,1.8333333333333333,1.0115527911782438,0.0,8.017018623493126,14.837945919367597
2493.0,261.95085590313306,803.9872559498847,0.32581468669381664,232.19206301652187,31.718219578733727,5.388423403337005,195.08542003445112,266.69681062150465,26.94211701668502,4.77610256204871,5.021030898564027,0.36739250477297763,11.021775143189329,34.77982378517522,23.758048641985887,125.5257724641007,0.7432738273221435,0.0,16.856172617839484,16.905301159821104
2492.0,353.76799391251893,1108.8950223681682,0.3190274884244752,43.82627568621414,14.54496485656015,1.8181206070700189,27.463190222583968,80.73146901682544,11.387176433754327,3.1577884228058224,1.8181206070700189,0.0,0.0,1.4353583740026465,4.114694005474254,21.913137843107066,0.580776307825377,0.0,13.543076080457704,22.781340942328228
2498.0,468.7321490771718,1356.5158275400997,0.3455412311164616,127.25030851235935,31.678346844848953,5.816645607105034,89.75531606040536,179.0267558292956,25.145806393792533,6.5325404510564224,5.816645607105034,0.0,0.0,11.006883225752603,19.776595064157117,58.97183777049564,0.9052733958794336,0.0,20.34648954232618,30.524684378730655
2491.0,329.0,1097.9328118204655,0.299654037531213,0.0,0.0,0.0,0.0,32.212525273096404,0.0,0.0,0.0,0.0,0.0,0.0,0.0,0.0,0.0,0.0,11.206006670398628,21.006518602697778
2490.0,385.0,1220.935740174886,0.3153319108709627,0.0,0.0,0.0,0.0,39.78753725995585,0.0,0.0,0.0,0.0,0.0,0.0,0.0,0.0,0.0,0.0,14.779777018648966,25.00776024130688
2495.0,1312.1666651005526,3836.351732579981,0.3420350261309613,157.49999981201856,28.66666663245205,33.166666627081156,95.66666655248532,292.7494139194102,20.49999997553257,8.16666665691948,12.99999998448407,20.166666642597086,0.999999998806467,38.666666620516715,14.49999998269377,41.49999995046838,0.0,0.0,50.05628103062498,85.19313307676667
2496.0,281.1666666666667,782.7025894412423,0.35922542030605353,285.5,67.16666666666666,14.5,203.8333333333333,333.9540453800772,52.66666666666666,14.5,14.5,0.0,1.0,53.16666666666666,36.833333333333336,112.83333333333331,1.0115527911782438,0.0,29.2702113269406,18.17228126195837
2510.0,450.8333333333333,1237.1427965120338,0.36441495242457084,1017.8333333333331,181.5,37.33333333333333,799.0,1100.386318989432,138.33333333333334,43.16666666666666,36.66666666666666,0.6666666666666666,21.0,121.5,156.33333333333334,500.1666666666667,0.5059393037573798,0.0,52.70450417489004,29.34254217745133
2511.0,620.5,1617.1974133967954,0.383688469236844,1517.6666666666663,373.3333333333333,49.66666666666667,1094.6666666666663,1630.5063543413214,122.83333333333331,250.5,21.5,28.166666666666668,82.33333333333333,351.3333333333333,210.5,450.5,0.0,0.0,72.82727128856384,40.012416386091004
2507.0,151.83333333333334,453.7271417086277,0.33463577418261864,1475.8333333333333,404.5,46.16666666666666,1025.1666666666663,1559.3306176252768,170.0,234.5,42.66666666666666,3.5,41.16666666666666,110.0,132.33333333333334,741.6666666666666,2.023105582356488,0.0,71.47107461306402,10.00310409652275
2487.0,936.1666666666666,2911.317452936804,0.32156117695866676,498.1666666666666,64.5,32.5,401.1666666666666,619.9706495470049,54.5,10.0,8.166666666666666,24.33333333333333,130.66666666666666,21.0,85.16666666666667,164.33333333333334,1.0115527911782438,0.0,59.77349510037123,61.01893498878878
2501.0,0.0,0.0,0.0,697.8333333333333,127.83333333333331,47.833333333333336,522.1666666666666,747.1422283869596,103.5,24.33333333333333,47.0,0.8333333333333334,0.6666666666666666,130.66666666666666,188.0,202.83333333333331,0.0,0.0,49.30889505362621,0.0
2418.0,421.333333412834,1404.2826706362089,0.30003456015158925,282.8333333867007,20.16666667047188,12.66666666905672,250.0000000471721,340.4927869470434,6.500000001226475,13.666666669245407,6.66666666792459,6.000000001132131,62.50000001179303,142.6666666935862,5.500000001037786,39.33333334075508,0.0,0.0,30.317690158890127,27.341763401452567
2503.0,1452.3077653937473,4137.720915462168,0.35099219958664857,78.15109051446174,12.897483892092541,10.088130965102087,55.16547565726711,224.68278737651346,11.10971384764407,1.7877700444484708,10.088130965102087,0.0,0.0,31.66906935880149,6.767986596840641,16.728419701624976,0.0,0.0,52.13366634684584,94.39803051520582
2506.0,231.37272258097886,690.1164853723749,0.33526618691934906,281.347428199137,63.977433132090596,12.31256871318235,205.05742635386406,325.9901149833569,53.1888873483919,10.788545783698687,12.281932661628415,0.030636051553933646,3.925646415307479,49.56534027172575,32.822083473400134,118.74435619343072,1.0115527913466138,0.0,28.459767620147357,15.171366372725887
2514.0,909.2152614741979,2879.324092661773,0.31577385254804,89.94230831350137,12.211003582952477,3.3462812880203785,74.3850234425285,183.30556328449325,10.80966082990527,1.4013427530472058,1.976908775112275,1.3693725129081034,14.99957857962697,7.2685500160218615,10.739486160776652,41.377408686103024,0.0,0.0,34.08095899869372,59.28229597229816
2512.0,2.9606108456241547,9.746184908107246,0.3037712575267689,1504.3192663376958,637.1892453304432,36.020765288427214,831.1092557188254,1555.6656102449388,527.8111224226618,109.37812290778126,33.71806796405287,2.3026973243743423,69.57435487216763,92.60132811591104,86.84458480497521,582.0889879257713,0.0,0.0,51.3463439072431,0.0
2515.0,207.66666666666663,656.0745399684181,0.31652907408457465,405.1666666666666,45.0,5.833333333333333,354.3333333333333,439.8768343583869,12.0,33.0,5.5,0.3333333333333333,2.333333333333333,82.16666666666667,153.66666666666666,116.16666666666669,0.0,0.0,21.03918795507129,13.670979736648889
2519.0,1156.7847450347217,3645.016490256857,0.3173606342047592,459.72436098436606,60.28899676203934,51.3203856734715,348.1149785488552,604.1453498715371,40.85700607014236,19.431990691896974,41.02309146067138,10.297294212800107,47.50042169130371,76.7314504244137,68.427180897962,155.4559255351758,0.0,0.0,68.99478869208731,75.42620019508372
2518.0,559.6471401162662,1666.257322074671,0.33587077620126815,0.0,0.0,0.0,0.0,55.47405786423384,0.0,0.0,0.0,0.0,0.0,0.0,0.0,0.0,0.0,0.0,19.062992985654397,36.411064878579445
2522.0,388.0,1279.188601741564,0.30331727430322125,98.16666666666669,28.333333333333336,7.666666666666666,62.16666666666667,142.77568052510773,24.666666666666668,3.6666666666666665,5.5,2.1666666666666665,2.0,9.5,13.333333333333334,37.333333333333336,3.034658373534732,0.0,16.56659524359947,25.00776024130688
2521.0,963.6666666666666,2615.55439021996,0.3684368676369315,0.0,0.0,0.0,0.0,101.74385112387142,0.0,0.0,0.0,0.0,0.0,0.0,0.0,0.0,6.069316747069464,0.0,32.82168879412516,62.8528455826768
2526.0,0.0,0.0,0.0,926.6666666666666,213.83333333333331,181.0,531.8333333333333,965.7539442256538,188.33333333333331,25.5,168.5,12.5,22.33333333333333,52.66666666666666,77.33333333333333,379.5,3.034658373534732,0.0,36.05261918545224,0.0
2513.0,526.0368330321672,1400.3681656108101,0.3756418104539826,951.4941022212267,431.8738231494554,58.94012585530785,460.6801532164632,1039.3492958766512,178.22852166626126,253.64530148319417,35.59113135926959,23.348994496038255,18.538749892649495,59.15636951824582,148.28414558031008,234.70088822525787,0.08202820530732133,0.0,53.278399063992886,34.49476638612431
2516.0,837.6298402679362,1967.3204196489332,0.42577194436756294,372.00590234311994,84.45951170675256,28.893207798804813,258.65318283756255,485.3368871624577,53.77147908523111,30.688032621521447,19.90886885044316,8.984338948361653,1.46125015864634,31.343630818957454,58.382521800332555,167.46578005962618,0.9295245921010591,0.0,58.0353153948336,54.366144832403045
2517.0,712.5,1691.3161151193835,0.4212695625794988,154.66666666666666,31.83333333333333,5.5,117.33333333333331,233.5579445130201,24.83333333333333,7.0,5.333333333333333,0.1666666666666666,4.833333333333333,31.5,12.666666666666666,68.33333333333333,3.034658373534732,0.0,29.508958293131982,46.347661179686725
2520.0,1712.6666666666667,4446.630236164101,0.3851605768201009,546.5,93.5,52.5,400.5,748.3542024613917,81.16666666666667,12.333333333333334,50.5,2.0,15.666666666666666,56.0,69.5,259.3333333333333,0.0,0.0,90.3196707660896,111.53453169530202
2525.0,330.1666666666667,888.7026731602379,0.37151532974756324,356.16666666666674,86.16666666666667,11.666666666666666,258.33333333333337,402.91262867928367,75.0,11.166666666666666,11.666666666666666,0.0,9.833333333333334,44.66666666666666,42.833333333333336,161.0,2.023105582356488,0.0,23.38285199981404,21.34000443044644
2523.0,1152.8333333333333,2515.185418116304,0.4583492433717765,249.0,45.0,17.666666666666668,186.3333333333333,374.5883112196279,36.333333333333336,8.666666666666666,14.0,3.6666666666666665,17.333333333333332,23.0,23.166666666666668,122.83333333333331,0.0,0.0,50.5650304957073,75.02328072392062
2527.0,558.6666666666666,1466.118352282707,0.3810515473030111,316.3333333333333,60.33333333333333,16.666666666666668,239.3333333333333,393.2787489447983,43.66666666666666,16.666666666666668,16.666666666666668,0.0,0.1666666666666666,31.83333333333333,57.16666666666666,150.16666666666666,1.0115527911782438,0.0,39.42261184890535,36.51125097138139
2530.0,885.0,2035.8342778550573,0.43471121870117574,0.0,0.0,0.0,0.0,88.83821317277591,0.0,0.0,0.0,0.0,0.0,0.0,0.0,0.0,1.0115527911782438,0.0,30.142060735399667,57.684599646198
2535.0,453.8333333333333,1273.5221721241903,0.3563607632966101,607.3333333333333,57.66666666666666,19.5,530.1666666666666,672.988364241518,42.66666666666666,15.0,13.666666666666666,5.833333333333333,2.1666666666666665,143.0,136.33333333333334,248.66666666666663,0.0,0.0,36.1458329751035,29.50919793308117
2536.0,0.0,0.0,0.0,2124.333392605687,334.8333426757277,82.16666895925025,1707.3333809707096,2196.689296755509,271.3333409039745,63.50000177175325,81.33333560266557,0.8333333565846883,80.83333558871476,607.1666836076038,127.5000035574573,891.8333582169334,0.0,0.0,72.35590414982123,0.0
2561.0,337.1666666666667,928.9628261914572,0.36294957899335506,0.0,0.0,0.0,0.0,36.52548231398726,0.0,0.0,0.0,0.0,0.0,0.0,0.0,0.0,3.034658373534732,0.0,11.483994928102476,22.006829012350053
2562.0,334.1666666666667,920.7071607967129,0.36294565839751175,0.0,0.0,0.0,0.0,37.43544860874239,0.0,0.0,0.0,0.0,0.0,0.0,0.0,0.0,4.046211164712975,0.0,11.382408431679364,22.006829012350053
2578.0,416.0,1133.6810005271618,0.3669462571980654,256.33333333333337,64.5,14.166666666666666,177.66666666666669,307.2863619533117,51.333333333333336,13.166666666666666,14.166666666666666,0.0,0.6666666666666666,21.0,48.0,108.0,1.0115527911782438,0.0,22.93309476818868,27.008381060611427
2577.0,338.3333333333333,1236.522843772335,0.27361672696733963,0.0,0.0,0.0,0.0,35.1966941650897,0.0,0.0,0.0,0.0,0.0,0.0,0.0,0.0,0.0,0.0,13.189865152739648,22.006829012350053
2576.0,455.6666666666667,1348.7330874787929,0.3378479188335561,197.5,82.33333333333333,14.833333333333334,100.33333333333331,256.1142979890335,74.33333333333333,8.0,14.833333333333334,0.0,1.6666666666666667,14.166666666666666,27.5,57.0,0.0,0.0,28.604985699465235,30.009312289568253
2574.0,496.6666666666667,1607.1297708981283,0.30903955340775596,16.166666666666664,3.333333333333333,1.0,11.833333333333332,65.98462292662288,3.1666666666666665,0.1666666666666666,1.0,0.0,0.0,1.5,3.6666666666666665,6.666666666666667,0.0,0.0,17.474564567662767,32.343391692293444
2591.0,58.333333333333336,195.3443905121125,0.29861790850716197,31.0,0.0,0.1666666666666666,30.83333333333333,38.04416871702673,0.0,0.0,0.1666666666666666,0.0,0.0,30.83333333333333,0.0,0.0,0.0,0.0,3.042927078417624,4.0012416386091
2592.0,160.0,529.9012187788627,0.30194306850003844,86.16666666666666,3.0,0.3333333333333333,82.83333333333333,123.72224586124744,2.6666666666666665,0.3333333333333333,0.3333333333333333,0.0,1.8333333333333333,2.0,73.16666666666667,5.833333333333333,0.0,0.0,27.38570494217056,10.169874252410198
2597.0,508.6666666666667,1355.606922446648,0.37523168275698005,22.0,1.0,21.0,0.0,73.08434694090957,1.0,0.0,21.0,0.0,0.0,0.0,0.0,0.0,0.0,0.0,18.074103422384493,33.01024351852507
2590.0,273.0,803.1686600933871,0.3399037008842668,463.5,114.83333333333331,20.333333333333336,328.3333333333333,515.2959183759687,91.83333333333331,23.0,20.166666666666668,0.1666666666666666,3.333333333333333,51.0,74.83333333333333,199.16666666666663,1.0115527911782438,0.0,32.7787346494538,18.00563093533663
2589.0,668.6666666666666,2369.295100801424,0.2822217740797621,0.0,0.0,0.0,0.0,70.33477605413427,0.0,0.0,0.0,0.0,0.0,0.0,0.0,0.0,4.046211164712975,0.0,22.775037558407387,43.51352733101391
2594.0,244.5,814.5451241434265,0.30016753247048844,40.66666666666667,6.5,2.166666666666667,32.0,73.55103741040637,5.333333333333333,1.1666666666666667,1.1666666666666667,1.0,4.833333333333333,1.6666666666666667,1.3333333333333333,24.166666666666668,0.0,0.0,16.879436875446196,16.004933868293502
2595.0,221.33333333333331,630.4939345438655,0.3510475219614257,105.66666666666666,28.0,4.666666666666667,73.0,143.30374039433335,23.5,4.5,4.666666666666667,0.0,0.0,16.0,18.5,38.5,1.0115527911782438,0.0,22.28774930407885,14.3377716324096
2603.0,79.16666666666667,234.05768172075773,0.3382357121742169,1090.6666666666667,169.83333333333334,175.16666666666666,745.6666666666667,1136.6768043805182,115.5,54.333333333333336,144.16666666666666,31.0,126.5,36.66666666666666,135.83333333333334,446.6666666666667,0.0,0.0,40.675236001811214,5.3349017120400815
2602.0,17.0,43.25199213603716,0.3930454797672951,1064.5,339.0,12.166666666666666,713.3333333333333,1102.3355422018649,192.16666666666663,146.83333333333334,10.0,2.1666666666666665,70.5,51.16666666666666,224.66666666666663,367.0,0.0,0.0,36.83523179221269,1.0003104096522752
2601.0,375.1666666666667,985.963062780651,0.38050783120475856,1178.8333333333337,145.66666666666669,374.6666666666667,658.5,1256.2843475985087,133.33333333333334,12.333333333333334,339.6666666666667,35.0,109.66666666666669,81.0,94.5,373.3333333333333,0.0,0.0,52.94348820962145,24.50752605555409
2600.0,205.66666666666663,471.8073865088109,0.4359123501404229,807.8333333333334,189.0,15.0,603.8333333333334,861.3567138965858,160.83333333333334,28.166666666666668,12.5,2.5,83.0,51.833333333333336,89.5,379.5,0.0,0.0,40.18590297161992,13.337477591632563
2599.0,235.5,545.2699985828957,0.4318961259780326,228.66666666666669,55.16666666666667,4.5,169.0,272.82004642925887,31.166666666666668,24.0,4.0,0.5,14.166666666666666,55.833333333333336,20.83333333333333,78.16666666666667,0.0,0.0,29.148729064252738,15.00465069833944
2598.0,456.1666666666667,1428.7348389079457,0.3192801450934996,75.0,8.0,1.0,66.0,133.76488778193627,7.5,0.5,1.0,0.0,0.0,35.666666666666664,1.1666666666666667,29.166666666666668,0.0,0.0,29.08903953647289,29.67584824546338
2611.0,97.5,256.38494442080645,0.38028754075345605,1002.0,211.8333333333333,42.0,748.1666666666667,1045.6175332781024,106.83333333333331,105.0,41.0,1.0,47.5,263.5,102.0,335.1666666666667,0.0,0.0,37.4489006643014,6.168632613801098
2610.0,241.5,568.0268539311369,0.42515595579443777,654.8333333333334,37.16666666666667,142.0,475.6666666666667,711.2018334130498,27.666666666666668,9.5,14.166666666666666,127.83333333333331,70.0,219.33333333333331,66.33333333333333,120.0,0.0,0.0,40.69705203917156,15.671448040544837
2609.0,241.33333333333331,587.1079242248334,0.41105446439335497,1216.8333333333337,132.66666666666666,43.5,1040.6666666666667,1288.0029521922222,54.333333333333336,78.33333333333333,43.16666666666666,0.3333333333333333,35.0,292.6666666666667,121.16666666666669,591.8333333333334,0.0,0.0,55.33134619266969,15.838272666218977
2616.0,295.8333333333333,794.2440747999512,0.37247156474896687,1462.5,176.66666666666669,166.16666666666666,1119.6666666666663,1548.3961096055848,148.83333333333334,27.83333333333333,163.66666666666666,2.5,374.5,268.3333333333333,84.5,392.3333333333333,0.0,0.0,66.7235397119259,19.172569893658764
2615.0,409.5,1107.4254823424797,0.3697765732587315,86.5,9.833333333333332,5.333333333333333,71.33333333333333,130.56689543865224,7.833333333333333,2.0,4.333333333333333,1.0,4.0,25.33333333333333,7.0,35.0,0.0,0.0,17.391978422145673,26.674917016506555
2608.0,149.66666666666666,417.1942728348968,0.3587457364878466,424.66666666666674,84.66666666666667,19.666666666666664,320.33333333333337,466.2229460805492,75.0,9.666666666666666,18.83333333333333,0.8333333333333334,13.833333333333334,47.66666666666666,41.0,217.83333333333331,0.0,0.0,31.553175317359788,10.00310409652275
2596.0,607.3333333333334,1601.2844452740983,0.37927885649908605,2083.0,332.8333333333333,5.166666666666667,1745.0,2214.481533982286,148.16666666666666,184.66666666666663,2.333333333333333,2.833333333333333,99.5,168.0,514.8333333333334,962.6666666666666,0.0,0.0,91.63583326805588,39.845700714229785
2606.0,197.16666666666663,610.701429949528,0.32285280007116024,191.33333333333331,56.16666666666667,12.5,122.66666666666669,217.57149780369124,32.5,23.666666666666668,4.333333333333333,8.166666666666666,2.1666666666666665,84.5,5.166666666666667,30.83333333333333,0.0,0.0,13.234129144878333,13.004035325479576
2614.0,151.5,353.01360012116174,0.42916193582344137,246.00000000000003,33.833333333333336,20.0,192.16666666666669,272.54242340253126,28.166666666666668,5.666666666666667,19.83333333333333,0.1666666666666666,14.0,67.16666666666667,12.166666666666666,98.83333333333331,0.0,0.0,16.53931930600852,10.00310409652275
2612.0,217.83333333333331,689.6249934741858,0.3158721557290648,78.0,0.0,0.0,78.0,102.24888041773428,0.0,0.0,0.0,0.0,5.0,72.83333333333333,0.0,0.1666666666666666,0.0,0.0,10.077840794384992,14.171039623349277
2605.0,368.8333333333333,1187.0207289421253,0.3107218975544245,76.66666666666667,9.333333333333334,4.333333333333334,63.0,117.87038671801224,8.0,1.3333333333333333,2.333333333333333,2.0,12.833333333333334,8.0,7.5,34.666666666666664,2.023105582356488,0.0,15.173164637334487,24.0074498316546
2539.0,133.5,383.7807530949185,0.34785485963904533,183.8333333333333,28.5,14.166666666666666,141.16666666666666,203.3129747235276,18.0,10.5,13.666666666666666,0.5,0.3333333333333333,72.0,29.0,39.833333333333336,0.0,0.0,10.81031173318915,8.669329657005141
2538.0,256.0,840.7919799802262,0.3044748357447708,103.83333333333331,18.5,8.0,77.33333333333333,141.92833846372116,11.833333333333334,6.666666666666667,7.833333333333333,0.1666666666666666,0.1666666666666666,35.666666666666664,11.5,30.0,0.0,0.0,21.25644383816036,16.838561292227457
2537.0,235.0,749.7890103396612,0.31342150492915716,36.83333333333333,6.833333333333334,3.833333333333333,26.166666666666664,63.94314596829773,4.0,2.833333333333333,3.6666666666666665,0.1666666666666666,0.1666666666666666,10.0,5.5,10.5,1.0115527911782438,0.0,10.9269098107846,15.17135003300155
2542.0,277.5,673.4057843235943,0.41208437239477563,24.333333333333336,5.333333333333334,3.5,15.5,52.620811281713145,4.166666666666667,1.1666666666666667,3.333333333333333,0.1666666666666666,0.0,2.0,3.8333333333333335,9.666666666666666,0.0,0.0,10.281890574638858,18.00558737374095
2679.0,265.1666666666667,678.9557532180928,0.3905507323707593,96.0,0.0,0.0,96.0,128.47336043377263,0.0,0.0,0.0,0.0,0.0,96.0,0.0,0.0,0.0,0.0,15.301389581466555,17.1719708523061
2678.0,282.0,767.5348737165486,0.3674100156967498,48.0,0.0,0.0,48.0,84.41449009944884,0.0,0.0,0.0,0.0,0.0,48.0,0.0,0.0,0.0,0.0,18.242192500291363,18.17229759915748
2686.0,493.3333333333333,1599.1715811198294,0.3084930592550136,0.0,0.0,0.0,0.0,48.81332511547569,0.0,0.0,0.0,0.0,0.0,0.0,0.0,0.0,0.0,0.0,16.80339200660289,32.0099331088728
2684.0,326.3333333333333,737.6134771424339,0.4424178020683291,0.0,0.0,0.0,0.0,41.12261222701166,0.0,0.0,0.0,0.0,0.0,0.0,0.0,0.0,0.0,0.0,19.949383398897357,21.173228828114308
2683.0,218.83333333333331,738.8699037548668,0.2961730234527663,0.0,0.0,0.0,0.0,32.9591856907814,0.0,0.0,0.0,0.0,0.0,0.0,0.0,0.0,0.0,0.0,18.954839955649557,14.004345735131851
2617.0,506.5,1452.070162050796,0.3488123461504484,3.0,0.0,3.0,0.0,55.69944273010999,0.0,0.0,3.0,0.0,0.0,0.0,0.0,0.0,0.0,0.0,19.85599113118472,32.84345159892528
2540.0,439.8333333333333,1111.5053802760624,0.3957095855209381,413.6666666666667,42.833333333333336,12.166666666666666,358.6666666666667,482.9323080017059,29.5,13.333333333333334,10.5,1.6666666666666667,26.83333333333333,126.16666666666669,60.333333333333336,145.33333333333334,1.0115527911782438,0.0,39.411835021949145,28.84225352191186
2620.0,337.0,898.2897629271805,0.3751573422164433,0.0,0.0,0.0,0.0,33.484076801037126,0.0,0.0,0.0,0.0,0.0,0.0,0.0,0.0,0.0,0.0,11.477247788687071,22.006829012350053
2621.0,301.8333333333333,1011.2607373352754,0.2984723149923528,0.0,0.0,0.0,0.0,100.6467244425759,0.0,0.0,0.0,0.0,0.0,0.0,0.0,0.0,0.0,70.52657004288406,10.280694564650457,19.839459835041385
2685.0,373.1666433834727,1068.345084157287,0.3492941081652727,0.0,0.0,0.0,0.0,39.55108867361471,0.0,0.0,0.0,0.0,0.0,0.0,0.0,0.0,0.0,0.0,15.376870194388118,24.17421847922658
2622.0,346.83333279328525,1107.265024140954,0.31323425307538083,69.8333332245971,10.333333317243483,6.499999989878964,52.99999991747463,106.86598759755425,6.499999989878964,3.833333327364518,6.333333323471812,0.16666666640715289,0.0,24.333333295444326,10.333333317243483,18.33333330478682,0.0,0.0,14.192187096784862,22.840467276172298
2628.0,284.16666646389314,844.2162863886562,0.3366041037652641,0.0,0.0,0.0,0.0,38.869054525347764,0.0,0.0,0.0,0.0,0.0,0.0,0.0,0.0,0.0,10.850241536280553,9.679767044991848,18.33904594407536
2627.0,137.33333333333334,441.3568655376286,0.3111616563753776,147.0,0.0,0.0,147.0,181.85476691229545,0.0,0.0,0.0,0.0,0.0,146.33333333333334,0.1666666666666666,0.5,0.0,0.0,25.85197322542496,9.002793686870476
2626.0,461.8333333333333,1589.293736475982,0.2905902934956371,121.66666666666669,1.1666666666666667,0.1666666666666666,120.33333333333334,171.55087315902546,1.1666666666666667,0.0,0.1666666666666666,0.0,37.333333333333336,34.333333333333336,1.8333333333333333,46.833333333333336,0.0,0.0,19.874894202790564,30.009312289568253
2636.0,122.16666666666669,356.8158412331393,0.34238016519800313,1520.5,570.6666666666666,28.666666666666668,921.1666666666669,1584.4648266352551,435.8333333333333,134.83333333333334,27.5,1.1666666666666667,73.16666666666667,93.33333333333331,205.33333333333331,549.3333333333334,0.0,0.0,55.96234335803686,8.0024832772182
2635.0,161.0,480.5242471414808,0.335050730442322,510.6666666666667,67.16666666666667,4.0,439.5,544.8853652559392,62.5,4.666666666666667,3.6666666666666665,0.3333333333333333,33.166666666666664,101.83333333333331,108.33333333333331,196.16666666666663,0.0,0.0,24.215594492749744,10.00310409652275
2634.0,335.3333333333333,746.1174288623976,0.4494377431239139,88.33333333333333,2.0,0.3333333333333333,86.0,124.76716577386324,1.1666666666666667,0.8333333333333334,0.3333333333333333,0.0,12.0,0.1666666666666666,0.8333333333333334,73.0,0.0,0.0,14.427003428179852,22.006829012350053
2633.0,379.6666666666667,1300.6158034391078,0.2919130043343671,173.66666666666669,24.0,10.5,139.16666666666669,217.5219028365212,12.5,11.5,1.3333333333333333,9.166666666666666,13.5,8.166666666666666,83.66666666666667,33.833333333333336,0.0,0.0,18.84747592854764,25.00776024130688
2625.0,344.6666666666667,1165.7287952028155,0.2956662545225204,267.0,38.333333333333336,8.333333333333332,220.3333333333333,314.1734247595184,29.166666666666668,9.166666666666666,8.166666666666666,0.1666666666666666,14.666666666666666,32.0,37.66666666666666,136.0,0.0,0.0,24.833191633534387,22.340233125984003
2644.0,395.3333333333333,1072.525714946807,0.36860033081159294,342.5,77.66666666666667,13.0,251.83333333333331,394.3045523242179,61.0,16.666666666666668,12.666666666666666,0.3333333333333333,0.1666666666666666,27.33333333333333,74.5,149.83333333333334,1.0115527911782438,0.0,25.11869252799447,25.67430700504517
2645.0,0.0,0.0,0.0,1143.6666666666667,0.1666666666666666,1143.0,0.5,1182.621584477599,0.1666666666666666,0.0,1138.0,5.0,0.0,0.0,0.1666666666666666,0.3333333333333333,0.0,0.0,38.95491781093235,0.0
2643.0,120.0,315.1441591183142,0.38077811860999317,488.83333333333337,86.66666666666667,15.333333333333334,386.83333333333337,518.4136659952652,68.0,18.666666666666668,14.333333333333334,1.0,0.0,161.33333333333334,74.5,151.0,1.0115527911782438,0.0,20.733006850628037,7.835773020125539
2642.0,714.1666666666666,1799.3623164120138,0.396899868443804,193.0,25.0,11.333333333333332,156.66666666666669,270.2455337383819,19.33333333333333,5.666666666666667,11.166666666666666,0.1666666666666666,4.833333333333333,37.5,38.66666666666666,75.66666666666667,0.0,0.0,30.897888895894276,46.34764484248762
2632.0,164.5,561.2807117862211,0.293079730954044,220.8333333333333,4.0,49.83333333333333,167.0,244.96240674357344,4.0,0.0,0.1666666666666666,49.66666666666666,11.5,0.3333333333333333,1.1666666666666667,154.0,0.0,0.0,13.125658904065096,11.003414506175025
2656.0,1105.8333333333333,3248.758470732411,0.3403864409421703,301.5,54.66666666666667,25.83333333333333,221.0,421.45901716785824,35.5,19.166666666666668,25.33333333333333,0.5,0.0,98.16666666666669,47.66666666666666,75.16666666666667,0.0,0.0,47.93666767289445,72.0223494949638
2655.0,479.3333333333333,1276.6538833311342,0.37546067856906007,0.0,0.0,0.0,0.0,48.51639765584597,0.0,0.0,0.0,0.0,0.0,0.0,0.0,0.0,1.0115527911782438,0.0,16.328528277229765,31.176316587437952
2624.0,648.8333333333334,1654.6602828439966,0.39212480051683585,0.0,0.0,0.0,0.0,64.11293651893168,0.0,0.0,0.0,0.0,0.0,0.0,0.0,0.0,0.0,0.0,22.09989931353612,42.01303720539556
2623.0,809.3333333333334,2003.5551770681325,0.4039486122451877,1192.5000000000002,50.5,8.166666666666666,1133.8333333333337,1313.3725610108772,41.333333333333336,9.166666666666666,7.333333333333333,0.8333333333333334,136.33333333333334,43.5,743.5,210.5,0.0,0.0,68.18959512705537,52.68296588382192
2618.0,268.0,633.2777191500027,0.4231950562854393,3654.166666666667,359.6666666666667,474.1666666666667,2820.333333333333,3805.780860423561,296.5,63.16666666666666,40.16666666666666,434.0,1309.1666666666667,246.5,487.5,777.1666666666666,1.0115527911782438,0.0,133.5973640016278,17.005276964088676
2550.0,0.0,0.0,0.0,4820.833333333334,481.6666666666667,195.83333333333331,4143.333333333334,4985.044035361901,384.5,97.16666666666669,68.16666666666667,127.66666666666669,1057.5,382.6666666666667,824.0,1879.1666666666667,0.0,0.0,164.21070202856797,0.0
2631.0,0.49999999993876093,0.49999999993876093,1.0,1916.6666664319166,368.83333328815934,25.666666663523063,1522.1666664802342,1984.1290099409039,136.9999999832205,231.8333333049388,23.166666663829258,2.4999999996938045,207.16666664129323,150.83333331485954,327.4999999598884,836.6666665641933,0.0,0.0,67.46234350898746,0.0
2629.0,0.0,0.0,0.0,1637.6666666666663,486.5,41.16666666666667,1110.0,1699.3480602412017,152.0,334.5,40.333333333333336,0.8333333333333334,40.0,109.16666666666669,273.6666666666667,687.1666666666666,0.0,0.0,61.68139357453504,0.0
2543.0,348.1666666666667,962.2098341665472,0.3618406862035907,1115.1666666666663,163.16666666666666,277.3333333333333,674.6666666666666,1478.6043591528417,147.66666666666666,15.5,179.66666666666666,97.66666666666669,51.333333333333336,81.33333333333333,133.5,408.5,0.0,282.10628023888256,58.324272825290194,23.007139422002325
2547.0,0.0,0.0,0.0,939.3333333333334,184.83333333333331,28.666666666666668,725.8333333333334,971.3234866302258,110.16666666666669,74.66666666666667,27.666666666666668,1.0,20.166666666666668,73.33333333333333,156.66666666666666,475.6666666666667,0.0,0.0,31.990153296892604,0.0
2546.0,231.33333333333331,672.7420643415006,0.34386631310139504,567.1666666666667,119.16666666666669,28.0,420.0,620.3135571661265,91.66666666666669,27.5,26.83333333333333,1.1666666666666667,0.0,70.0,110.33333333333331,239.66666666666663,2.023105582356488,0.0,36.11912877231931,15.004656144784128
2545.0,27.166666666666668,62.41971455105044,0.43522574337388553,348.6666666666667,9.333333333333332,2.833333333333333,336.5,369.1256514379836,6.833333333333333,2.5,2.833333333333333,0.0,0.0,290.3333333333333,19.666666666666668,26.5,0.0,0.0,18.79186066802061,1.6671241032963158
2544.0,423.3333333333333,1189.015285181508,0.35603691441923707,28.83333333333333,3.5,2.0,23.33333333333333,72.2429220339869,3.333333333333333,0.1666666666666666,0.0,2.0,1.0,1.0,3.0,18.33333333333333,0.0,0.0,15.400897230389864,28.008691470263702
2541.0,270.5,971.4255823994588,0.27845673914810287,49.0,0.0,0.0,49.0,77.88796030086395,0.0,0.0,0.0,0.0,0.0,49.0,0.0,0.0,0.0,0.0,10.882372927123,18.00558737374095
2549.0,1213.5,3071.542824271064,0.39507832689521,2604.5,159.0,61.5,2384.0,2813.575433998959,95.83333333333331,63.16666666666666,59.333333333333336,2.1666666666666665,895.5,151.5,144.5,1192.5,0.0,0.0,130.05085717233433,79.02457682662451
2548.0,21.33333333333333,53.95064412473894,0.39542314423547315,659.3333333333334,62.333333333333336,15.5,581.5,684.1948813802693,47.5,14.833333333333334,13.333333333333334,2.1666666666666665,177.66666666666666,59.0,115.83333333333331,229.0,0.0,0.0,23.194315004066308,1.6672330428697022
2551.0,0.0,0.0,0.0,652.6666666666667,34.5,10.333333333333334,607.8333333333334,674.895203764311,27.33333333333333,7.166666666666667,9.333333333333334,1.0,357.6666666666667,36.16666666666666,72.0,142.0,0.0,0.0,22.228537097644217,0.0
2554.0,147.0,411.8950531559461,0.3568870246769991,533.6666666666666,64.33333333333333,16.666666666666668,452.6666666666666,566.854209768909,52.5,11.833333333333334,14.0,2.6666666666666665,39.66666666666666,76.33333333333333,116.0,220.66666666666663,0.0,0.0,23.18443900571958,10.00310409652275
2556.0,0.0,0.0,0.0,988.1666666666669,378.8333333333333,17.0,592.3333333333334,1022.1582438077188,104.83333333333331,274.0,8.0,9.0,240.33333333333331,39.833333333333336,119.33333333333331,192.83333333333331,0.0,0.0,33.99157714105212,0.0
2557.0,665.1666666666666,1899.885240709861,0.35010886574293193,1549.1666666666663,354.8333333333333,147.0,1047.3333333333333,1668.7614606195232,319.8333333333333,35.0,71.0,76.0,481.1666666666667,80.83333333333333,197.66666666666663,287.6666666666667,0.0,0.0,76.5814463378085,43.01334761504783
2558.0,2.833333282240213,7.583088480487639,0.3736384310338434,231.66666248905275,64.16666550955777,15.166666393168201,152.33333058632678,241.21054690389582,56.33333231748189,7.833333192075884,15.166666393168201,0.0,2.833333282240213,29.666666131691645,40.333332606007744,79.49999856638716,0.0,0.0,9.54388441484309,0.0
2641.0,861.5,2133.7229364133427,0.40375438877182834,406.6666666666666,71.5,20.5,314.66666666666663,505.9649720995463,52.333333333333336,19.166666666666668,20.33333333333333,0.1666666666666666,0.1666666666666666,50.0,80.0,184.5,0.0,0.0,43.11421226693568,56.18409316594394
2649.0,127.33333333333331,312.59508124683344,0.40734272857219883,0.0,0.0,0.0,0.0,12.33948902354308,0.0,0.0,0.0,0.0,0.0,0.0,0.0,0.0,0.0,0.0,4.337005746324881,8.0024832772182
2637.0,0.0,0.0,0.0,2790.333340412086,393.833334332443,43.83333344453343,2352.66667263511,2898.716576868446,114.1666669562943,279.66666737614867,40.83333343692278,3.0000000076106526,1455.1666703582562,120.33333363860505,325.6666674928453,451.50000114540325,0.0,0.0,108.38323645635948,0.0
2652.0,499.5,1285.1801379097642,0.38866146874351337,34.0,0.0,0.0,34.0,84.84784342229409,0.0,0.0,0.0,0.0,0.0,33.833333333333336,0.0,0.1666666666666666,0.0,0.0,18.17096590225197,32.67687752004211
2647.0,638.666666834056,1712.1239648828102,0.3730259490163557,0.0,0.0,0.0,0.0,63.76677316118949,0.0,0.0,0.0,0.0,0.0,0.0,0.0,0.0,0.0,0.0,21.75373594478266,42.013037216406836
2651.0,235.9999999022576,633.6549798220132,0.37244242910952496,125.9999999478155,25.49999998943885,3.8333333317457097,96.66666662663096,153.37339127841,19.499999991923826,5.999999997515024,3.8333333317457097,0.0,0.0,10.333333329053653,26.999999988817606,59.333333308759684,0.0,0.0,12.36873519202474,15.004656138569759
2650.0,375.5,958.8958368872318,0.3915962355399814,1000.8333333333331,174.16666666666666,54.66666666666666,772.0,1073.1330771332912,118.33333333333331,55.833333333333336,54.5,0.1666666666666666,1.8333333333333333,94.16666666666669,222.66666666666663,453.3333333333333,0.8428131560206982,0.0,46.94927386017637,24.50765678376098
2653.0,485.6666666666667,1311.7662016233144,0.3702387407646674,653.3333333333334,109.83333333333334,144.5,399.0,735.1507914080902,92.16666666666669,17.666666666666668,142.16666666666666,2.333333333333333,15.833333333333334,50.333333333333336,107.0,225.83333333333331,0.0,0.0,50.14127772460055,31.676180350156283
2711.0,590.1666666666666,1605.4872366400675,0.3675934963530174,310.0,26.0,72.83333333333334,211.16666666666669,396.6676970901066,24.666666666666668,1.3333333333333333,36.5,36.333333333333336,74.83333333333333,42.66666666666666,31.83333333333333,61.833333333333336,0.0,0.0,48.32247562604245,38.3452214640642
2707.0,371.3333333333333,1020.2565431261183,0.36396074677016915,386.6666666666667,98.0,28.83333333333333,259.83333333333337,437.1577474649176,68.83333333333333,29.166666666666668,2.0,26.83333333333333,14.333333333333334,11.0,55.5,179.0,0.0,0.0,26.483630966596422,24.0074498316546
2714.0,211.0,520.398644565546,0.40545839656472016,0.0,0.0,0.0,0.0,21.3578434274949,0.0,0.0,0.0,0.0,0.0,0.0,0.0,0.0,0.0,0.0,7.3534976923630495,14.004345735131851
2708.0,167.5,503.6574656009632,0.3325672931307378,58.0,17.0,2.1666666666666665,38.83333333333333,104.01992571701732,17.0,0.0,0.0,2.1666666666666665,0.1666666666666666,0.0,0.0,38.66666666666666,0.0,0.0,35.016511210842296,11.003414506175025
2709.0,86.0,260.8890449217069,0.3296420515695042,0.0,0.0,0.0,0.0,17.597135577516706,0.0,0.0,0.0,0.0,0.0,0.0,0.0,0.0,0.0,0.0,11.761983345019589,5.835152232497119
2706.0,145.5,424.52311017855726,0.34273752479294173,0.0,0.0,0.0,0.0,20.29593948896905,0.0,0.0,0.0,0.0,0.0,0.0,0.0,0.0,0.0,0.0,10.959763466416511,9.336176022552545
2699.0,395.1666666666667,1330.6090740263558,0.2969817915572395,0.0,0.0,0.0,0.0,39.46744802522685,0.0,0.0,0.0,0.0,0.0,0.0,0.0,0.0,0.0,0.0,13.459377374267698,26.00807065095915
2702.0,555.8333333333334,1453.6499299062846,0.3823708321364329,727.5,165.0,62.66666666666666,499.83333333333337,813.2142881763125,88.5,76.5,7.5,55.16666666666666,37.16666666666666,195.5,78.33333333333333,188.83333333333331,0.0,0.0,49.53637051727114,36.17791765904133
2690.0,357.6666666666667,1069.845236799649,0.3343162677777545,61.0,0.0,0.0,61.0,99.27931269271816,0.0,0.0,0.0,0.0,0.0,61.0,0.0,0.0,1.0115527911782438,0.0,14.260620479537597,23.007139422002325
2691.0,230.5,642.5305273643472,0.3587378189570359,96.0,13.5,28.83333333333333,53.66666666666666,122.12552448115206,12.5,1.0,1.0,27.83333333333333,4.166666666666667,4.333333333333333,3.1666666666666665,42.0,0.0,0.0,11.12086833636794,15.004656144784128
2689.0,158.5,475.1497727376757,0.33357902938008116,0.0,0.0,0.0,0.0,24.900842535888927,0.0,0.0,0.0,0.0,0.0,0.0,0.0,0.0,0.0,0.0,14.89773843936618,10.00310409652275
2703.0,245.0,683.2830543600797,0.35856296806519183,567.3333333333334,74.0,109.33333333333334,384.0,611.0076668112793,25.83333333333333,48.16666666666666,2.1666666666666665,107.16666666666669,54.333333333333336,22.166666666666668,51.0,256.5,0.0,0.0,27.669366923509497,16.0049665544364
2704.0,228.33333333333331,817.6286225889174,0.2792628915195566,0.0,0.0,0.0,0.0,28.78220799894988,0.0,0.0,0.0,0.0,0.0,0.0,0.0,0.0,0.0,0.0,13.77755185416575,15.004656144784128
2705.0,343.0,1091.1819281342514,0.3143380504720013,88.0,0.0,0.5,87.5,124.68703835867774,0.0,0.0,0.0,0.5,30.83333333333333,1.3333333333333333,0.6666666666666666,54.66666666666666,0.0,0.0,14.680209346327684,22.006829012350053
2710.0,132.83333333333334,398.8492543270972,0.33304144834729066,14.0,0.0,1.0,13.0,33.845179262626175,0.0,0.0,1.0,0.0,5.0,4.0,2.0,2.0,1.0115527911782438,0.0,10.330985256215529,8.502641215232403
2698.0,382.0,1121.430574496587,0.34063633423895257,104.0,1.0,13.0,90.0,145.56131416779235,0.0,1.0,13.0,0.0,18.0,48.0,1.1666666666666667,22.83333333333333,0.0,0.0,16.553553926485506,25.00776024130688
2692.0,719.3333333333334,2023.3038509324845,0.35552412604849865,199.16666666666669,52.16666666666667,2.0,145.0,277.3011840720594,5.833333333333333,46.333333333333336,1.1666666666666667,0.8333333333333334,0.5,125.0,6.5,13.0,0.0,0.0,31.28660026200134,46.847917143391385
2694.0,419.8333333333333,1313.0255476016898,0.31974498447511623,85.99999999999999,1.0,8.333333333333334,76.66666666666666,134.40377381105867,0.0,1.0,7.166666666666667,1.1666666666666667,43.66666666666666,4.5,10.166666666666666,18.33333333333333,0.0,0.0,21.39539275044723,27.008381060611427
2695.0,508.1666666666667,1413.1091031971273,0.35960893997282384,0.0,0.0,0.0,0.0,58.65199283279357,0.0,0.0,0.0,0.0,0.0,0.0,0.0,0.0,0.0,0.0,25.6417493142685,33.01024351852507
2787.0,459.3333333333333,1179.2660350747342,0.389507812208145,1954.1666666666663,186.8333333333333,164.83333333333334,1602.5,2066.3614660740645,156.66666666666666,30.166666666666668,38.833333333333336,126.0,81.33333333333333,296.3333333333333,723.1666666666666,501.6666666666667,0.0,0.0,82.18555795649148,30.00924145090632
2677.0,496.1666666666667,1461.360663669424,0.33952375960415554,108.66666666666669,1.0,3.1666666666666665,104.5,164.10882813553036,1.0,0.0,0.1666666666666666,3.0,5.0,1.3333333333333333,0.0,98.16666666666669,0.0,0.0,23.26555624972536,32.17660521913834
2671.0,656.6666666666666,1869.63246846377,0.3512276758898144,171.83333333333334,11.333333333333334,69.16666666666667,91.33333333333334,254.5661369541874,9.0,2.333333333333333,2.1666666666666665,67.0,21.5,12.0,21.666666666666668,36.16666666666666,0.0,0.0,40.05287647407594,42.67992714677817
2670.0,529.8333333333334,1338.0165165503397,0.395984150254994,716.8333333333334,4.0,22.33333333333333,690.5,801.6401429288662,3.0,1.0,20.33333333333333,2.0,3.0,386.6666666666667,4.5,296.3333333333333,0.0,0.0,50.12931125618624,34.67749833934666
2783.0,712.0,1707.8255787696926,0.4169044010413057,231.0,0.0,3.166666666666667,227.8333333333333,312.29865011826405,0.0,0.0,2.0,1.1666666666666667,26.666666666666668,153.0,1.1666666666666667,47.0,0.0,0.0,34.95098349213264,46.34766662613141
2788.0,698.3333333333334,2033.427127682609,0.34342678123370346,396.8333333333333,1.5,3.0,392.3333333333333,480.6608002044149,0.6666666666666666,0.8333333333333334,0.8333333333333334,2.1666666666666665,4.0,381.1666666666667,3.8333333333333335,3.333333333333333,1.0115527911782438,0.0,37.30184763800765,45.51406644189567
2672.0,407.1666666666667,1057.5926780837165,0.3849938403548936,450.3333333333333,37.0,5.333333333333333,408.0,508.8832411783654,31.33333333333333,5.666666666666667,4.833333333333333,0.5,24.666666666666668,62.333333333333336,49.66666666666666,271.3333333333333,0.0,0.0,32.208433080438994,26.341474764593105
2661.0,420.0,983.2936775150878,0.4271358695821122,1894.333333333333,699.3333333333333,222.16666666666663,972.8333333333331,2000.9775192684572,227.0,472.3333333333333,166.66666666666666,55.5,86.83333333333333,89.66666666666667,249.16666666666663,547.1666666666666,0.0,0.0,79.13570685272965,27.50847908239425
2669.0,544.6666666666666,1726.2583668465595,0.31551862521114715,592.3333333333333,154.66666666666669,9.0,428.6666666666666,670.0650033366305,91.16666666666669,63.5,8.833333333333334,0.1666666666666666,21.5,32.666666666666664,110.16666666666669,264.3333333333333,0.0,0.0,42.38739610538899,35.344273897908266
2667.0,515.8333333333334,1306.394813078325,0.39485255771786854,175.0,7.0,0.3333333333333333,167.66666666666666,237.04041440930405,7.0,0.0,0.1666666666666666,0.1666666666666666,10.666666666666666,23.0,109.0,25.0,0.0,0.0,28.5300129726962,33.51040143660784
2668.0,372.8333333333333,877.9863405620503,0.42464593822115837,608.3333333333334,34.333333333333336,192.66666666666663,381.33333333333337,668.7596683091809,30.166666666666668,4.166666666666667,24.0,168.66666666666666,24.666666666666668,91.16666666666669,118.0,147.5,0.0,0.0,36.41888514419308,24.0074498316546
2779.0,822.1666666666666,2455.2940379040238,0.3348546666811907,385.0,31.833333333333336,18.33333333333333,334.8333333333333,518.351386917609,30.666666666666668,1.1666666666666667,14.166666666666666,4.166666666666667,113.33333333333331,39.833333333333336,80.5,101.16666666666669,0.0,32.55072462870165,47.117364211789294,53.68329807711799
2664.0,546.8333333333334,1198.3906866618124,0.4563063944168072,1783.3333333333337,438.5,251.33333333333331,1093.5,1901.883893477877,232.83333333333331,205.66666666666663,42.0,209.33333333333331,154.66666666666666,111.66666666666669,170.0,657.1666666666666,0.0,0.0,82.8728494269278,35.67771071761657
2665.0,17.0,40.12705067159423,0.42365436072365587,1849.6666666666667,299.83333333333337,517.1666666666666,1032.6666666666667,1914.2491253853784,274.1666666666667,25.666666666666668,21.666666666666668,495.5,134.33333333333334,258.0,207.5,432.8333333333333,0.0,0.0,63.58214830905968,1.0003104096522752
2666.0,201.66666666666663,396.8070033973374,0.5082235568930481,896.6666666666667,275.0,220.66666666666669,401.0,949.2432245860996,154.66666666666666,120.33333333333331,84.16666666666667,136.5,50.16666666666666,14.5,83.33333333333333,253.0,0.0,0.0,39.57252259395334,13.004035325479576
2770.0,583.5,1271.6748813922302,0.45884369388595925,1125.3333333333333,302.3333333333333,33.666666666666664,789.3333333333333,1241.5479761426418,64.83333333333333,237.5,23.83333333333333,9.833333333333334,449.8333333333333,57.0,207.83333333333331,74.66666666666667,0.0,0.0,78.20284724252191,38.01179556678645
2658.0,551.1666666666666,1342.3386766520955,0.410601792418976,357.6666666666667,29.0,99.5,229.16666666666669,431.4645017034641,28.0,1.0,11.166666666666666,88.33333333333333,14.0,112.66666666666669,27.0,75.5,0.0,0.0,37.95335417753297,35.84448085926448
2659.0,135.66666666666666,313.55716623816426,0.4326696413744861,1066.0,126.16666666666669,389.3333333333333,550.5,1117.766604004017,114.5,11.666666666666666,11.5,377.8333333333333,79.83333333333333,87.0,75.66666666666667,308.0,0.0,0.0,42.76381031714644,9.002793686870476
2755.0,371.0,986.8994657377194,0.3759248159311475,1043.5,62.333333333333336,238.0,743.1666666666666,1115.6860598808132,9.333333333333334,53.0,212.33333333333331,25.666666666666668,531.8333333333334,68.0,27.166666666666668,116.16666666666669,0.0,0.0,48.17861004915869,24.0074498316546
2748.0,34.0,88.37905458129262,0.38470653664580895,2299.5,229.5,538.1666666666666,1531.8333333333333,2380.9818086584687,167.5,62.0,126.16666666666669,412.0,744.1666666666666,62.16666666666666,133.5,592.0,0.0,0.0,79.48118783916404,2.0006208193045505
2757.0,607.1666666666666,1333.346348827214,0.4553705548454975,955.5,124.0,96.66666666666666,734.8333333333334,1054.3123204425108,86.0,38.0,30.83333333333333,65.83333333333333,246.83333333333331,65.5,107.33333333333331,315.1666666666667,0.5057998371007729,0.0,58.79438196916231,39.5121386362477
2663.0,142.0,292.13611496783284,0.4860747874860855,1737.1666666666663,1269.5,22.0,445.6666666666666,1814.872148542015,701.5,568.0,15.833333333333334,6.166666666666667,93.0,35.166666666666664,64.0,253.5,0.0,0.0,68.70268818847792,9.002793686870476
2604.0,330.6666666666667,880.4475091059367,0.3755665877258793,512.8333333333334,112.33333333333334,21.0,379.5,565.926520154743,97.66666666666669,14.666666666666666,14.333333333333334,6.666666666666667,17.833333333333332,36.833333333333336,48.833333333333336,276.0,0.0,0.0,31.586401372800392,21.50678544860924
2588.0,536.3333333333334,1336.7740554475192,0.4012146489137105,0.0,0.0,0.0,0.0,53.11368056710356,0.0,0.0,0.0,0.0,0.0,0.0,0.0,0.0,0.0,0.0,18.269488339539468,34.844192227564086
2583.0,854.7626766865168,2420.737983534787,0.35310003912046,16.581550593766586,0.9753853290450933,5.85231197427056,9.753853290450934,102.86017493064259,0.9753853290450933,0.0,0.9753853290450933,4.876926645225467,8.77846796140584,0.0,0.0,0.9753853290450933,0.9866537520698739,0.0,29.677748995048898,55.614221589757236
2657.0,112.33333333333331,250.34313251711416,0.44871745513392064,818.5,437.33333333333337,92.5,288.66666666666663,857.2075601983939,291.6666666666667,145.66666666666666,7.0,85.5,23.0,29.166666666666668,16.333333333333332,220.16666666666663,0.0,0.0,31.70538733082796,7.002172867565925
2564.0,325.24527619276137,909.5302236962366,0.3575969964703298,0.0,0.0,0.0,0.0,33.562817572065704,0.0,0.0,0.0,0.0,0.0,0.0,0.0,0.0,1.2923185608523469,0.0,11.077713637478354,21.192785373735
2571.0,1.0,2.000098826549859,0.49997529458331075,1572.6666666666667,347.3333333333333,605.6666666666666,619.6666666666667,1645.4284915944954,333.8333333333333,13.5,307.3333333333333,298.3333333333333,365.1666666666667,33.166666666666664,53.5,167.83333333333334,0.0,0.0,72.76182492782864,0.0
2569.0,23.0,69.5051364969935,0.33091079536251083,350.5,0.5,227.5,122.5,366.24495916968885,0.5,0.0,62.66666666666666,164.83333333333334,120.33333333333331,1.0,1.0,0.1666666666666666,2.023105582356488,0.0,12.721543177680084,1.0003104096522752
2730.0,0.0,0.0,0.0,1340.5,342.0,16.5,982.0,1386.1585141518296,324.1666666666667,17.833333333333332,11.166666666666666,5.333333333333333,710.3333333333334,43.333333333333336,55.5,172.83333333333334,0.0,0.0,45.65851415182959,0.0
2729.0,0.0,0.0,0.0,3369.0,341.5,799.8333333333333,2227.6666666666665,3485.775617489916,312.8333333333333,28.666666666666668,335.3333333333333,464.5,1223.0,27.0,35.833333333333336,941.8333333333334,2.023105582356488,0.0,114.75251190755952,0.0
2726.0,0.0,0.0,0.0,203.66666666666663,0.1666666666666666,171.66666666666666,31.83333333333333,211.61505637443184,0.1666666666666666,0.0,130.16666666666666,41.5,17.333333333333332,0.0,0.3333333333333333,14.166666666666666,1.0115527911782438,0.0,6.936836916586901,0.0
2566.0,40.66666666666666,121.05232943765172,0.3359428674820514,1042.5,84.83333333333333,532.8333333333333,424.8333333333333,1088.84533525408,71.83333333333333,13.0,149.5,383.3333333333333,133.5,83.5,74.83333333333333,133.0,5.057763955891219,0.0,38.4533339574493,2.834237340739401
2784.0,459.3333333333333,1289.2679903393507,0.3562745191652756,49.00000000000001,0.5,0.0,48.50000000000001,100.99103795111527,0.1666666666666666,0.3333333333333333,0.0,0.0,18.0,2.5,19.166666666666668,8.833333333333334,0.0,0.0,21.981725661547003,30.009312289568253
2786.0,337.6666666666667,1002.3442581604264,0.336876940150659,48.0,0.0,0.0,48.0,84.14303499864116,0.0,0.0,0.0,0.0,14.166666666666666,1.1666666666666667,0.1666666666666666,32.5,0.0,0.0,14.136205986291102,22.006829012350053
2772.0,504.5,1334.4331053255703,0.3780631625419049,449.6666666666667,65.5,16.5,367.6666666666667,530.0113419307868,53.0,12.5,13.5,3.0,101.0,85.16666666666667,60.333333333333336,121.16666666666669,0.0,0.0,47.33443174559505,33.01024351852507
2768.0,52.16666666666666,109.29600029783585,0.4772971245471972,597.5,50.0,106.0,441.5,623.7960427585484,47.0,3.0,49.16666666666666,56.833333333333336,239.16666666666663,19.33333333333333,78.0,105.0,0.0,0.0,22.961691061321943,3.3343516972264813
2774.0,495.0,1285.0641111604448,0.3851947896615078,138.83333333333334,3.1666666666666665,1.1666666666666667,134.5,194.2645447033166,3.1666666666666665,0.0,0.1666666666666666,1.0,4.0,111.5,6.0,13.0,0.0,0.0,23.08781423124516,32.34339713873813
2773.0,1078.6666666666667,2630.4119369318137,0.41007518690203854,590.8333333333334,18.5,62.0,510.33333333333337,723.7195831496473,4.333333333333333,14.166666666666666,39.333333333333336,22.666666666666668,264.5,208.33333333333331,23.33333333333333,14.166666666666666,0.0,0.0,62.86452114065472,70.02172867565925
2769.0,401.1666666666667,713.8171595952423,0.5620019934714673,1571.8333333333333,241.16666666666669,219.33333333333331,1111.3333333333333,1665.7100952385808,101.16666666666669,140.0,21.0,198.33333333333331,451.1666666666667,266.8333333333333,134.0,259.3333333333333,0.0,0.0,67.86869125428841,26.00807065095915
2752.0,774.0,1837.7077359657403,0.4211768742396094,591.5,175.0,97.0,319.5,706.1953896986779,78.33333333333333,96.66666666666669,1.6666666666666667,95.33333333333331,125.66666666666669,44.5,65.5,83.83333333333333,0.0,0.0,64.34641063264343,50.3489790660344
2753.0,671.6666666666666,1876.139613291087,0.3580046292442183,691.0,30.83333333333333,40.33333333333333,619.8333333333334,788.9287225283592,24.5,6.333333333333333,5.166666666666667,35.166666666666664,20.0,180.66666666666663,20.0,399.1666666666667,0.0,0.0,53.91506450365904,44.013658024700106
2754.0,617.0,1795.5930780617746,0.3436190568667213,0.0,0.0,0.0,0.0,61.69479310248953,0.0,0.0,0.0,0.0,0.0,0.0,0.0,0.0,0.0,0.0,21.68237671639852,40.012416386091004
2746.0,479.6666666666667,1398.114671696707,0.34308106221684853,163.0,9.0,27.33333333333333,126.66666666666666,217.90066669875944,8.666666666666666,0.3333333333333333,3.0,24.33333333333333,25.666666666666668,19.5,8.666666666666666,72.83333333333333,0.0,0.0,23.89104399953892,31.00962269922053
2747.0,455.0,1299.0668047142076,0.3502514253684584,0.0,0.0,0.0,0.0,45.506981089055714,0.0,0.0,0.0,0.0,0.0,0.0,0.0,0.0,0.0,0.0,15.497668799487462,30.009312289568253
2737.0,51.5,152.6314458120955,0.3374140874181433,480.5,102.66666666666666,9.5,368.3333333333333,513.1224804879373,39.66666666666666,63.0,1.8333333333333333,7.666666666666667,5.166666666666667,164.16666666666666,2.833333333333333,196.16666666666663,0.0,0.0,29.454833587119264,3.1676469008180423
2766.0,655.5,1375.305789239348,0.4766212758855199,1047.1666666666667,345.83333333333337,58.83333333333333,642.5000000000001,1158.5167434746118,224.33333333333331,121.5,18.33333333333333,40.5,358.0,48.66666666666666,108.0,127.83333333333331,0.0,0.0,68.33672919289705,43.01334761504783
2758.0,271.1666666666667,675.9462986932821,0.4011659908351854,1807.5,327.1666666666667,124.83333333333331,1355.5,1900.4578170280383,205.0,122.16666666666669,27.5,97.33333333333331,631.3333333333334,84.16666666666667,299.5,340.5,0.0,0.0,74.95222965429707,18.00558737374095
2749.0,0.0,0.0,0.0,1054.5,138.83333333333331,356.83333333333337,558.8333333333333,1102.0771400556462,94.33333333333331,44.5,227.33333333333331,129.5,47.833333333333336,66.66666666666667,168.5,275.8333333333333,1.0115527911782438,0.0,46.565587264467865,0.0
2759.0,676.0,1438.3077948302544,0.46999675759928694,2808.6666666666665,1958.3333333333333,470.83333333333337,379.5,2971.371036380994,1955.0,3.333333333333333,273.6666666666667,197.16666666666663,120.0,35.666666666666664,95.16666666666669,128.66666666666666,0.0,0.0,118.69071168962842,44.013658024700106
2750.0,111.0,280.14194506045425,0.39622770512300953,2939.666666666667,367.6666666666667,746.1666666666667,1825.8333333333333,3051.5407479696164,314.0,53.66666666666666,146.33333333333334,599.8333333333334,129.0,268.8333333333333,347.0,1081.0,1.0115527911782438,0.0,103.86035564420553,7.002172867565925
2741.0,0.0,0.0,0.0,2645.0,393.83333333333337,510.0,1741.1666666666667,2761.067669891892,245.0,148.83333333333334,59.0,451.0,382.1666666666667,173.0,391.5,794.5,1.0115527911782438,0.0,115.05611710071383,0.0
2727.0,177.66666666666666,459.6917934571333,0.3864908384170105,3350.333333333333,407.1666666666667,1036.3333333333337,1906.8333333333333,3492.7501776389804,363.6666666666667,43.5,87.0,949.3333333333334,532.6666666666666,152.16666666666666,208.0,1014.0,5.226503591048765,0.0,125.52012885447336,11.670211860125107
2743.0,326.0,864.5249465846842,0.3770857061879669,246.0,36.66666666666666,15.666666666666668,193.66666666666663,297.1579002687195,23.33333333333333,13.333333333333334,13.833333333333334,1.8333333333333333,6.0,30.83333333333333,64.0,92.83333333333331,1.0115527911782438,0.0,28.97298246552556,21.173365012015708
2744.0,115.16666666666669,294.6770210585988,0.3908233707974294,2126.6666666666665,667.5,383.8333333333333,1075.3333333333333,2210.527601929836,537.1666666666666,130.33333333333334,116.0,267.8333333333333,74.5,117.83333333333331,127.0,756.0,0.0,0.0,76.3586044575891,7.502330805580129
2732.0,7.0,18.002967415005838,0.3888247886381974,1463.1666666666663,72.33333333333334,1043.1666666666663,347.66666666666663,1514.7516177517489,67.16666666666667,5.166666666666667,876.6666666666666,166.5,42.0,80.0,49.0,176.66666666666666,1.0115527911782438,0.0,50.07326213953323,0.50013615437041
2824.0,34.833333295298715,82.8382876566029,0.4204979880764376,4493.499995093534,874.9999990445849,517.1666661019708,3101.333329946978,4656.542830333903,817.3333324408848,57.66666660370026,378.3333329202301,138.8333331817408,1334.1666652098863,234.9999997434028,506.6666661134359,1025.4999988802535,0.0,0.0,161.04221442324902,2.000620817120067
2735.0,267.8333333333333,760.1246021810043,0.3523545120955783,241.5,44.0,35.0,162.5,277.5202812824931,18.83333333333333,25.166666666666668,2.333333333333333,32.666666666666664,29.5,16.0,8.666666666666666,108.33333333333331,0.0,0.0,18.68157842112671,17.338702861366425
2800.0,0.0,0.0,0.0,1527.1666666666667,182.0,727.5,617.6666666666667,1579.1865791503235,178.0,4.0,663.5,64.0,298.1666666666667,37.16666666666666,33.5,248.83333333333331,0.0,0.0,52.01991248365676,0.0
2791.0,251.68186790577195,666.2010451215546,0.37778666027137536,3830.8321521936687,493.1978831299154,6.469178979218129,3331.165090084535,3986.7203106664424,290.03485756827945,203.16302556163598,6.469178979218129,0.0,1.0781964965363549,412.02508974782126,1546.9039163878015,1371.157887452376,0.0,0.0,139.55614007816945,16.332018394604574
2803.0,1389.151467288775,3713.21229978253,0.37411043461483007,382.33454278478973,40.635453848392984,0.530821068592286,341.1682678678044,533.0805927273689,23.96514457522096,16.670309273172027,0.530821068592286,0.0,0.08847017809871434,101.64157996397098,126.92942837791257,112.50878934782214,0.0,0.0,60.37831842771797,90.36773151486116
2805.0,0.0,0.0,0.0,217.16666666666663,21.666666666666664,13.166666666666666,182.3333333333333,224.56117514668315,19.83333333333333,1.8333333333333333,13.166666666666666,0.0,0.0,46.5,39.0,96.83333333333331,0.0,0.0,7.3945084800165075,0.0
2810.0,1170.5,2370.3415878096803,0.4938106836667382,259.8333333333333,23.0,0.3333333333333333,236.5,384.5741370439893,17.666666666666668,5.333333333333333,0.3333333333333333,0.0,0.0,47.833333333333336,64.33333333333333,124.33333333333331,0.0,0.0,48.7172125770831,76.0235911335729
2811.0,496.0,1001.538213306148,0.4952382179833849,469.6666666666666,83.16666666666667,20.83333333333333,365.6666666666666,538.3834970848991,61.5,21.666666666666668,20.5,0.3333333333333333,20.0,36.833333333333336,75.33333333333333,233.5,0.0,0.0,36.70689730935964,32.0099331088728
2808.0,322.6666666666667,902.8346623999292,0.35739286505565604,58.833333333333336,9.333333333333334,6.166666666666667,43.333333333333336,92.665524867769,5.5,3.8333333333333335,6.166666666666667,0.0,0.1666666666666666,17.5,11.0,14.666666666666666,0.0,0.0,12.992421289742015,20.839770244693657
2813.0,383.8333333333333,1211.8956614518424,0.3167214353036826,0.0,0.0,0.0,0.0,46.41654900565708,0.0,0.0,0.0,0.0,0.0,0.0,0.0,0.0,0.0,0.0,21.57546087461574,24.84108813104133
2809.0,754.5,2099.474081324071,0.3593757154287711,0.0,0.0,0.0,0.0,75.72430766834245,0.0,0.0,0.0,0.0,0.0,0.0,0.0,0.0,1.0115527911782438,0.0,25.69754480420272,49.01521007296148
2814.0,194.66666666666663,610.6992919462637,0.31876026259384566,39.0,0.0,0.0,39.0,67.31004694053877,0.0,0.0,0.0,0.0,0.0,38.833333333333336,0.0,0.1666666666666666,1.0115527911782438,0.0,14.627879292150595,12.67061485720992
2816.0,324.0,656.9002077739157,0.49322560134051685,299.83333333333337,80.16666666666667,4.0,215.66666666666669,342.0885365160998,51.0,29.166666666666668,3.333333333333333,0.6666666666666666,10.5,20.0,52.833333333333336,132.33333333333334,0.0,0.0,21.248684580068662,21.006518602697778
2815.0,449.8333333333333,1275.6467035358594,0.352631596261314,343.33333333333337,53.33333333333333,29.166666666666664,260.83333333333337,399.8579004248053,25.83333333333333,27.5,15.166666666666666,14.0,8.833333333333334,61.16666666666666,41.0,149.83333333333334,0.0,0.0,27.01537458739884,29.50919250407308
2817.0,0.0,0.0,0.0,2728.666666666667,400.33333333333337,617.5,1710.8333333333337,2821.6097606642634,342.1666666666667,58.16666666666666,190.0,427.5,364.0,125.83333333333331,370.1666666666667,850.8333333333334,0.0,0.0,92.94309399759652,0.0
2812.0,1.0,1.75005691817249,0.5714099865073288,1815.6666666666663,259.5,1028.0,528.1666666666666,1877.543293746549,216.0,43.5,925.0,103.0,48.833333333333336,44.333333333333336,77.16666666666667,357.8333333333333,0.0,0.0,61.87662707988238,0.0
2807.0,1.0,1.75005691817249,0.5714099865073288,2706.833333333333,229.66666666666663,610.3333333333333,1866.8333333333333,2800.8969041618984,194.0,35.666666666666664,151.0,459.3333333333333,221.33333333333331,440.0,248.66666666666663,956.8333333333334,0.0,0.0,94.06357082856488,0.0
2818.0,935.8333333333334,2433.331059218705,0.3845894005207048,269.8333333333333,0.0,0.0,269.8333333333333,390.0859367032304,0.0,0.0,0.0,0.0,0.0,0.5,0.3333333333333333,269.0,0.0,0.0,59.40043853699575,60.85216483290134
2820.0,221.0,660.5333540490792,0.33457810819887707,527.1666666666667,55.16666666666667,281.8333333333333,190.16666666666669,567.664257578953,54.333333333333336,0.8333333333333334,235.16666666666663,46.66666666666666,23.0,7.333333333333333,10.5,149.33333333333334,1.0115527911782438,0.0,25.48169238597624,14.004345735131851
2930.0,956.0,2222.8398991817307,0.430080457144899,2216.666666666667,315.8333333333333,57.0,1843.8333333333333,2386.748119868977,175.66666666666666,140.16666666666666,55.0,2.0,88.0,545.8333333333334,313.1666666666667,896.8333333333334,0.0,0.0,108.06220780386964,62.01924539844106
2823.0,40.16666666666666,107.67002563495652,0.3730533770173638,2530.1666666666665,129.83333333333331,1171.8333333333333,1228.5,2625.3945334766654,112.33333333333331,17.5,1103.0,68.83333333333333,232.5,324.5,194.33333333333331,477.1666666666667,1.0115527911782438,0.0,91.5488413732844,2.667472645536177
2934.0,636.1849524478503,1576.9092500676575,0.4034378975331362,14.998528949329959,2.1733432534444495,1.122435151689998,11.702750544195514,79.46469807491344,1.918983744796134,0.2543595086483153,1.0920237063842753,0.030411445305722505,0.44096595693297636,4.496306989633765,1.302206954207225,5.463270643421545,0.006007006897548098,0.0,23.017131214766692,41.44303090391925
2933.0,273.33178361711157,616.9392580163345,0.44304488661649516,187.65688310747998,48.04317261374655,9.282492880984973,130.33121761274847,244.86558174588595,37.0045324309536,11.03864018279294,9.282492880984973,0.0,0.0,18.690424854956227,33.9939941992828,77.64679855850945,0.7613295877988535,0.0,38.75496470921222,17.692404341394877
2936.0,122.57951216585526,328.8072391803576,0.3728005273588817,135.40936717545455,18.06711412833583,10.488427798614477,106.85382524850422,158.76035298744299,16.356303269814223,1.7108108585216093,10.185505910920497,0.30292188769398054,4.3923673715627185,43.39358370108584,10.437124511725774,48.63074966412989,0.00308572865342212,0.0,15.397782485727193,7.950117597607881
2833.0,446.8333333333333,1315.3971134546202,0.3396946281566769,922.6666666666669,239.0,269.5,414.1666666666667,999.4926646891636,87.5,151.5,264.6666666666667,4.833333333333333,49.16666666666666,33.666666666666664,75.16666666666667,256.1666666666667,0.0,0.0,47.81699614258121,29.00900187991597
2826.0,239.16666666666663,603.8186213004727,0.3960902466895805,811.3333333333333,227.16666666666663,12.166666666666666,572.0,865.4504654572632,57.5,169.66666666666666,11.166666666666666,1.0,23.83333333333333,93.66666666666669,133.66666666666666,320.8333333333333,0.0,0.0,38.44560781571512,15.67152430821486
2825.0,337.1666666666667,737.3244173955354,0.45728401055487444,88.0,0.1666666666666666,0.0,87.83333333333333,127.4899318685722,0.0,0.1666666666666666,0.0,0.0,0.0,87.83333333333333,0.0,0.0,0.0,0.0,17.48310285622215,22.006829012350053
2832.0,539.0,1736.8455550462206,0.3103327169384708,33.0,0.0,0.0,33.0,87.49403438204632,0.0,0.0,0.0,0.0,0.0,33.0,0.0,0.0,0.0,0.0,19.483170044216703,35.010864337829624
2831.0,335.3333333333333,608.2291263655101,0.5513273185996976,714.5,71.0,22.0,621.5,772.2653419860015,63.16666666666666,7.833333333333333,15.0,7.0,297.8333333333333,34.333333333333336,177.83333333333334,111.5,0.0,0.0,35.758512973651484,22.006829012350053
2837.0,954.1666666666666,2042.7522848888384,0.4670985678121956,3041.5,611.6666666666666,61.5,2368.333333333333,3240.129253002466,420.8333333333333,190.83333333333331,48.5,13.0,227.16666666666663,377.6666666666667,498.5,1265.0,0.0,0.0,136.61000760402518,62.01924539844106
2854.0,463.3333333333333,1210.752377424464,0.38268215860863725,304.5,6.833333333333333,10.666666666666666,287.0,360.8269909276879,6.333333333333333,0.5,1.0,9.666666666666666,6.0,48.833333333333336,224.5,7.666666666666667,0.0,0.0,26.151071887333057,30.175919040354785
2853.0,829.8333333333334,2344.948875252472,0.3538812048701864,342.16666666666663,57.83333333333333,84.0,200.33333333333331,437.1014369854617,22.666666666666668,35.166666666666664,4.0,80.0,8.833333333333334,25.0,62.0,104.5,0.0,0.0,40.91800819757219,54.01676212122285
2843.0,3672.0,9062.788365719518,0.40517331441717613,698.6666666666666,197.83333333333331,62.66666666666667,438.1666666666666,1086.6129415116156,117.16666666666669,80.66666666666667,43.333333333333336,19.33333333333333,27.33333333333333,84.83333333333333,78.66666666666667,247.33333333333331,0.0,0.0,148.87193442833845,239.07434041661045
2844.0,595.8333333333334,1658.538192889044,0.359252102778193,226.83333333333331,18.166666666666668,7.833333333333333,200.83333333333331,297.5323169849528,16.0,2.1666666666666665,1.8333333333333333,6.0,31.666666666666668,89.5,34.666666666666664,45.0,0.0,0.0,31.686877675180757,39.01210597643873
2838.0,538.1666666666666,1477.8622036040645,0.3641521282256484,3050.333333333333,414.3333333333333,60.0,2576.0,3209.0604196233594,314.3333333333333,100.0,46.66666666666666,13.333333333333334,117.5,203.83333333333331,1426.5,828.1666666666666,0.0,0.0,123.71622195219652,35.010864337829624
2845.0,383.3333333333333,829.372759853322,0.462196676680251,962.6666666666669,295.0,75.16666666666667,592.5,1034.6899858643242,223.16666666666663,71.83333333333333,13.833333333333334,61.333333333333336,64.83333333333333,65.66666666666667,143.5,318.5,0.0,0.0,47.01555895635073,25.00776024130688
2855.0,764.3333333333334,1389.3798016018009,0.5501255541876612,2681.6666666666665,659.6666666666667,113.33333333333334,1908.6666666666663,2852.38626558792,412.6666666666667,247.0,47.16666666666666,66.16666666666667,157.5,195.0,497.8333333333333,1058.3333333333333,0.0,0.0,120.70407843864017,50.01552048261376
2827.0,153.66666666666666,421.5603308666578,0.36451880173533785,987.5,338.16666666666663,35.166666666666664,614.1666666666666,1036.370796924475,142.5,195.66666666666663,25.5,9.666666666666666,31.33333333333333,32.0,307.8333333333333,243.0,0.0,0.0,38.86769282795225,10.00310409652275
2830.0,171.33333333333334,507.7338831584309,0.3374471135696715,0.0,0.0,0.0,0.0,27.006012548106703,0.0,0.0,0.0,0.0,0.0,0.0,0.0,0.0,0.0,0.0,16.002598041931677,11.003414506175025
2740.0,466.0,1286.311714635921,0.36227610671484645,0.0,0.0,0.0,0.0,45.88133332991863,0.0,0.0,0.0,0.0,0.0,0.0,0.0,0.0,0.0,0.0,15.87202104035037,30.009312289568253
2834.0,495.5,1263.0546258820784,0.39230290586518224,515.0,144.66666666666669,12.0,358.3333333333333,581.5965804965037,80.66666666666667,64.0,9.5,2.5,60.833333333333336,64.33333333333333,27.166666666666668,206.0,0.0,0.0,34.41997527736542,32.17660521913834
2829.0,671.0,1935.7221731079287,0.34664065397497906,7.0,0.0,7.0,0.0,74.10688757646385,0.0,0.0,7.0,0.0,0.0,0.0,0.0,0.0,0.0,0.0,23.093229551763734,44.013658024700106
2835.0,316.8333333333333,795.9920457820839,0.3980358032623755,253.0,0.0,0.1666666666666666,252.83333333333331,293.24916594491697,0.0,0.0,0.1666666666666666,0.0,0.0,252.83333333333331,0.0,0.0,0.0,0.0,19.409319452484716,20.83984649243224
2828.0,705.5,2186.4869924261443,0.322663707785049,32.0,0.0,0.0,32.0,103.96890736444858,0.0,0.0,0.0,0.0,0.0,31.83333333333333,0.0,0.1666666666666666,0.0,0.0,25.954628520443936,46.01427884400465
2839.0,714.5,1606.1934802003286,0.4448405555169392,1125.8333333333333,294.16666666666663,55.66666666666667,776.0,1235.0299904466185,207.16666666666663,87.0,37.833333333333336,17.833333333333332,33.833333333333336,138.66666666666666,99.0,504.5,0.0,0.0,62.68230204538088,46.51435506790415
2840.0,584.6666666666666,1464.8594392133864,0.3991281695809847,26.0,4.0,8.5,13.5,84.81194726517796,4.0,0.0,1.3333333333333333,7.166666666666667,0.0,1.5,0.5,11.5,0.0,0.0,20.8001516983915,38.01179556678645
2847.0,832.8333333333334,2088.929230408341,0.39868910885532116,419.1666666666667,36.66666666666667,8.666666666666666,373.83333333333337,518.4950971772436,31.666666666666668,5.0,7.333333333333333,1.3333333333333333,19.5,71.66666666666667,51.0,231.66666666666663,0.0,0.0,45.31166838935411,54.01676212122285
2849.0,437.1666666666667,1200.97385438612,0.3640101448254469,876.0,243.16666666666663,12.666666666666668,620.1666666666667,949.069583325816,226.16666666666663,17.0,9.833333333333334,2.833333333333333,63.5,49.16666666666666,155.83333333333334,351.6666666666667,0.0,0.0,44.72743327213176,28.34215005368435
2850.0,87.0,264.88938759333865,0.3284389789656785,1196.8333333333333,100.83333333333331,39.66666666666666,1056.3333333333333,1246.558987537759,85.83333333333333,15.0,19.33333333333333,20.33333333333333,109.66666666666669,183.16666666666663,380.5,383.0,0.0,0.0,43.72379174651212,6.00186245791365
2846.0,371.6666666666667,747.3201185623019,0.4973326121363905,806.3333333333333,205.16666666666663,51.66666666666666,549.5,871.4632340811328,157.0,48.16666666666666,20.83333333333333,30.83333333333333,69.5,65.0,67.66666666666667,347.3333333333333,0.0,0.0,41.12245091614493,24.0074498316546
2856.0,254.5,582.9015284860582,0.4366089083022316,1186.8333333333333,249.3333333333333,79.0,858.5,1253.9305740888542,107.83333333333331,141.5,77.16666666666667,1.8333333333333333,120.33333333333331,251.83333333333331,214.5,271.8333333333333,0.0,0.0,50.25871214943629,16.83852860608456
2858.0,543.0,1425.4385394112169,0.38093539986949443,0.0,0.0,0.0,0.0,54.00381389562219,0.0,0.0,0.0,0.0,0.0,0.0,0.0,0.0,0.0,0.0,18.49279161977836,35.51102227584383
2859.0,480.1666666666667,1377.603460591472,0.3485521635235352,55.0,0.0,0.0,55.0,104.5701283994416,0.0,0.0,0.0,0.0,0.0,55.0,0.0,0.0,0.0,0.0,18.227085231951428,31.343043167490183
2863.0,668.0,1693.7030759149925,0.3944020705276957,312.0,5.166666666666667,7.0,299.8333333333333,395.8929151687769,5.166666666666667,0.0,3.8333333333333335,3.1666666666666665,59.333333333333336,1.0,58.833333333333336,180.66666666666663,0.0,0.0,40.37938783776297,43.51352733101391
2864.0,236.33333333333331,684.4946466957044,0.3452668833484632,897.5,5.833333333333333,2.1666666666666665,889.5,951.2903799053156,4.5,1.3333333333333333,2.1666666666666665,0.0,201.66666666666663,190.0,143.0,354.8333333333333,0.0,0.0,38.61900808867032,15.171371816645342
2865.0,539.1666666666666,1340.4817044705562,0.40221859415799993,1437.5,483.1666666666666,30.666666666666668,923.6666666666666,1542.007075858977,389.8333333333333,93.33333333333331,28.166666666666668,2.5,56.66666666666666,115.83333333333331,169.0,582.1666666666666,0.0,0.0,69.32944136526005,35.17763449371707
2866.0,504.1666666666667,1244.09763090824,0.40524686659728243,1657.8333333333337,349.16666666666663,56.833333333333336,1251.8333333333337,1764.4805650528826,193.0,156.16666666666666,53.0,3.8333333333333335,115.5,96.0,163.33333333333334,877.0,0.0,0.0,73.63698820102394,33.01024351852507
2867.0,286.8333333333333,658.3594822754163,0.4356788974041696,2330.833333333333,598.6666666666667,45.0,1687.1666666666663,2441.6677328053424,417.1666666666667,181.5,38.66666666666666,6.333333333333333,118.16666666666669,241.33333333333331,247.16666666666663,1080.5,0.0,0.0,91.8285016886158,19.005897783393227
2873.0,466.5,1226.4312108663223,0.38037192454558894,71.00000000000001,1.1666666666666667,0.0,69.83333333333334,119.4837900866094,1.0,0.1666666666666666,0.0,0.0,11.666666666666666,28.83333333333333,1.3333333333333333,28.0,0.0,0.0,18.307707641153694,30.1760824454557
2874.0,634.1666666666666,1334.4740468452849,0.4752184339334627,1479.1666666666667,221.33333333333331,36.833333333333336,1221.0,1611.4952584883292,163.0,58.333333333333336,30.666666666666668,6.166666666666667,143.83333333333334,166.83333333333334,212.5,697.8333333333334,0.0,0.0,91.1491548005026,41.179437021159806
2884.0,669.1666666666666,1340.092795110408,0.49934352987214975,42.0,2.0,0.0,40.0,113.73669970201728,2.0,0.0,0.0,0.0,1.0,0.0,26.0,13.0,0.0,0.0,28.05656019120876,43.68013951080854
2885.0,16.166666666666668,34.294383680922074,0.4714085786489922,1574.8333333333333,294.66666666666663,79.66666666666667,1200.5,1630.0259587101143,239.16666666666663,55.5,44.833333333333336,34.833333333333336,219.66666666666663,129.83333333333334,355.0,496.0,0.0,0.0,54.19231496712883,1.0003104096522752
2896.0,0.0,0.0,0.0,1373.8333333333333,581.8333333333333,28.0,764.0,1420.6251532427598,492.3333333333333,89.5,25.83333333333333,2.1666666666666665,55.66666666666666,72.66666666666667,89.5,546.1666666666666,0.0,0.0,46.79181990942677,0.0
2883.0,406.3333333333333,1106.7610373458442,0.3671373671662431,127.83333333333334,2.0,4.166666666666666,121.66666666666669,172.20205085989363,2.0,0.0,2.1666666666666665,2.0,2.0,108.66666666666669,2.333333333333333,8.666666666666666,0.0,0.0,18.19397476533558,26.17474276122469
2897.0,22.5,46.12591748402804,0.487795175191714,1238.5,600.8333333333333,15.166666666666666,622.5,1282.451111124965,487.8333333333333,113.0,13.666666666666666,1.5,27.666666666666668,38.16666666666666,68.0,488.6666666666667,0.0,0.0,42.95080071531333,1.0003104096522752
2875.0,87.16666666666667,198.6739733460745,0.43874225294135116,1094.5,82.0,49.5,963.0,1141.2520579757097,67.66666666666667,14.333333333333334,13.5,36.0,243.16666666666663,181.5,135.33333333333334,403.0,0.0,0.0,40.916889406013546,5.8351685696962265
2876.0,459.5,1031.0434284529404,0.4456650295414524,19.0,0.0,0.0,19.0,65.3074612443969,0.0,0.0,0.0,0.0,5.666666666666667,0.1666666666666666,13.166666666666666,0.0,0.0,0.0,16.29814895482865,30.009312289568253
2877.0,303.5,865.7920432588791,0.35054607207709226,0.0,0.0,0.0,0.0,41.193262198499085,0.0,0.0,0.0,0.0,0.0,0.0,0.0,0.0,0.0,10.850241544022987,10.33681246143059,20.006208193045502
2886.0,203.83333333333331,576.6083039310582,0.3535039851900997,493.5,165.0,11.666666666666666,316.83333333333337,530.6094004897627,71.0,94.0,11.0,0.6666666666666666,28.666666666666668,30.0,62.833333333333336,195.33333333333331,0.0,0.0,23.771993719355425,13.337406770407226
2898.0,70.0,166.00728552607873,0.42166824051227214,3018.333333333333,1920.8333333333333,27.5,1070.0,3128.5262855093483,1056.0,864.8333333333334,4.833333333333333,22.666666666666668,255.0,41.833333333333336,121.83333333333331,651.3333333333334,0.0,0.0,105.19140012775271,5.001552048261376
2888.0,434.0,1120.9248187249343,0.3871802932275871,1417.6666666666667,214.5,91.0,1112.1666666666667,1514.746036000729,157.16666666666666,57.333333333333336,24.33333333333333,66.66666666666667,276.8333333333333,122.16666666666669,151.33333333333334,561.8333333333334,0.0,0.0,68.73727917917287,28.342090154889565
2899.0,607.8333333333334,1423.6491269163637,0.4269544523585707,2726.833333333333,984.5,62.0,1680.3333333333333,2880.089104352615,829.6666666666666,154.83333333333334,58.333333333333336,3.6666666666666665,177.16666666666666,178.5,246.16666666666663,1078.5,0.0,0.0,113.57673696887254,39.67903405040894
2900.0,203.0,515.7737348779284,0.39358343838126103,736.8333333333333,148.83333333333331,109.0,479.0,782.0166644394704,65.83333333333333,83.0,17.166666666666668,91.83333333333331,31.33333333333333,50.833333333333336,102.5,294.3333333333333,0.0,0.0,32.17929578065763,13.004035325479576
2901.0,7.0,16.750739936242372,0.41789198725810334,566.6666666666666,179.83333333333331,7.833333333333333,379.0,586.2024894903328,85.83333333333333,94.0,6.833333333333333,1.0,42.66666666666666,23.83333333333333,153.33333333333334,159.16666666666666,0.0,0.0,19.535822823666223,0.0
2902.0,0.0,0.0,0.0,3435.5,1276.8333333333337,68.83333333333334,2089.833333333333,3552.505508460274,626.3333333333334,650.5,52.833333333333336,16.0,130.0,203.33333333333331,277.5,1479.0,0.0,0.0,117.00550846027409,0.0
2905.0,469.6666666666667,1218.470133771223,0.38545603511267534,0.0,0.0,0.0,0.0,62.5041833915589,0.0,0.0,0.0,0.0,0.0,0.0,0.0,0.0,0.0,0.0,32.16148331986389,30.34270007169501
2906.0,839.1666666666666,1562.8464569708087,0.5369476079519568,177.5,78.5,12.666666666666666,86.33333333333334,266.8081987800252,39.5,39.0,12.666666666666666,0.0,5.0,11.333333333333334,12.666666666666666,57.333333333333336,0.0,0.0,34.62461207689873,54.68358670312646
2904.0,492.8333333333333,1147.3872967429868,0.4295265728776212,234.0,18.0,25.5,190.5,292.1025211904231,15.833333333333334,2.1666666666666665,12.833333333333334,12.666666666666666,13.0,73.16666666666667,13.0,91.33333333333331,0.0,0.0,26.092588081550304,32.0099331088728
2907.0,459.1666666666667,1278.853962739738,0.35904542664353656,106.66666666666666,4.666666666666667,1.1666666666666667,100.83333333333331,155.94712152151712,4.5,0.1666666666666666,1.1666666666666667,0.0,5.166666666666667,60.0,5.333333333333333,30.33333333333333,0.0,0.0,19.27114256528221,30.009312289568253
2903.0,200.66666666666663,423.55817520734337,0.47376412122947403,1313.6666666666667,360.8333333333333,14.5,938.3333333333336,1378.250800271306,239.0,121.83333333333331,9.0,5.5,244.16666666666663,63.833333333333336,300.6666666666667,329.6666666666667,0.0,0.0,51.58009827915944,13.004035325479576
2851.0,411.0,1213.571881872048,0.3386696792661298,1844.8333333333333,71.83333333333333,15.833333333333334,1757.1666666666667,1948.5105996967472,58.5,13.333333333333334,13.0,2.833333333333333,86.83333333333333,186.0,1001.1666666666666,483.1666666666667,0.0,0.0,76.83565545869021,26.84161090472398
2861.0,110.0,238.3854695972851,0.4614375204404353,1893.0,551.5,78.0,1263.5,1968.2254774215107,224.5,327.0,59.16666666666666,18.83333333333333,111.16666666666669,155.83333333333334,262.0,734.5,0.0,0.0,68.22330455394496,7.002172867565925
2862.0,597.3333333333334,1460.5191448496707,0.4089869930426801,113.5,15.333333333333334,5.833333333333333,92.33333333333331,181.74194412362735,13.5,1.8333333333333333,3.6666666666666665,2.1666666666666665,2.0,47.5,10.666666666666666,32.166666666666664,1.0115527911782438,0.0,28.2182853560104,39.01210597643873
2852.0,13.0,37.99912083647797,0.34211317824807164,781.3333333333333,74.66666666666666,59.16666666666667,647.5,813.9913654904337,57.66666666666666,17.0,36.0,23.166666666666668,91.0,81.5,186.0,289.0,0.0,0.0,31.65772174744829,1.0003104096522752
2842.0,770.3333333333334,2284.453325026589,0.33720686034343356,680.6666666666667,62.16666666666666,18.666666666666668,599.8333333333334,837.0751847830445,19.0,43.16666666666666,6.666666666666667,12.0,125.16666666666669,40.0,304.1666666666667,130.5,0.0,54.25120772011494,52.1417899136491,50.01552048261376
2882.0,470.1666666666667,1223.600688156946,0.3842484490384337,107.66666666666666,13.166666666666666,1.8333333333333333,92.66666666666666,172.3580399472911,13.166666666666666,0.0,1.5,0.3333333333333333,11.833333333333334,12.166666666666666,10.166666666666666,58.5,0.0,0.0,34.01520916482457,30.67616411579988
2870.0,116.83333333333331,322.72377695697,0.36202270075969994,493.83333333333337,73.5,0.5,419.83333333333337,641.9877548844205,3.5,70.0,0.3333333333333333,0.1666666666666666,284.0,5.666666666666667,84.16666666666667,46.0,0.0,119.35265699435485,20.79928127951416,8.0024832772182
2878.0,696.6666666666666,1921.131091633632,0.3626335910654888,341.0,55.66666666666666,20.833333333333336,264.5,421.8572552350655,45.16666666666666,10.5,13.333333333333334,7.5,16.0,76.33333333333333,26.33333333333333,145.83333333333334,0.0,0.0,35.34318879316988,45.51406644189567
2879.0,128.0,338.0156822709126,0.37868065511058346,739.5,47.16666666666666,8.333333333333334,684.0,804.0503337071895,40.0,7.166666666666667,6.5,1.8333333333333333,48.5,160.0,139.33333333333334,336.1666666666667,0.0,0.0,56.54785042997133,8.0024832772182
2881.0,513.8333333333334,1410.390157283672,0.3643199937831004,0.0,0.0,0.0,0.0,51.17976384098331,0.0,0.0,0.0,0.0,0.0,0.0,0.0,0.0,0.0,0.0,17.50257591128892,33.67718792969439
2889.0,480.5,1234.5656474481705,0.3892057105210943,1501.6666666666667,6.5,8.166666666666668,1487.0,1606.0232652166142,4.833333333333333,1.6666666666666667,5.166666666666667,3.0,280.6666666666667,51.0,190.83333333333331,964.5,0.0,0.0,73.01353360450535,31.34306494544207
2890.0,74.33333333333333,199.09219648988548,0.37336136043438395,1755.5000000000002,248.5,19.166666666666668,1487.8333333333337,1826.6691098315289,121.0,127.5,17.5,1.6666666666666667,424.0,101.33333333333331,407.1666666666667,555.3333333333334,0.0,0.0,66.16755778326745,5.001552048261376
2880.0,433.3333333333333,1147.0194293277243,0.37779075249606964,247.0,27.333333333333336,8.833333333333332,210.8333333333333,306.1658679083897,25.166666666666668,2.1666666666666665,6.833333333333333,2.0,61.0,7.833333333333333,43.16666666666666,98.83333333333331,0.0,0.0,30.99048254990858,28.17538535848113
2891.0,518.1666666666666,1404.1051717672285,0.3690369333334867,808.3333333333334,187.0,19.833333333333336,601.5,899.525780447247,159.66666666666666,27.33333333333333,10.0,9.833333333333334,159.16666666666666,137.83333333333334,118.66666666666669,185.83333333333331,0.0,0.0,57.18189318573628,34.01055392817735
2893.0,358.5,933.6698043278332,0.38396872035300644,551.3333333333333,52.0,3.1666666666666665,496.1666666666666,605.6647299601744,51.0,1.0,1.8333333333333333,1.3333333333333333,201.33333333333331,140.33333333333334,21.83333333333333,132.66666666666666,0.0,0.0,30.990793174973454,23.34060345186766
2894.0,604.3333333333334,1693.6721378039213,0.35681837106733927,0.0,0.0,0.0,0.0,92.60031357349996,0.0,0.0,0.0,0.0,0.0,0.0,0.0,0.0,0.0,0.0,53.08797885775314,39.512334715746825
2960.0,752.1666666666666,1814.1155438901208,0.41461894155525997,562.3333333333334,98.5,363.0,100.83333333333334,656.1215237702054,16.333333333333332,82.16666666666667,359.0,4.0,25.5,1.6666666666666667,16.0,57.66666666666666,0.0,0.0,44.77298036391056,49.01521007296148
2911.0,428.3333333333333,1088.6348113225888,0.39345915533690184,1281.6666666666663,325.16666666666663,47.0,909.5,1370.4194048348156,77.0,248.16666666666663,9.333333333333334,37.66666666666666,195.83333333333331,121.33333333333331,373.8333333333333,218.5,0.0,0.0,60.7440466978852,28.008691470263702
2910.0,340.3333333333333,908.1283141958656,0.37476348662765074,125.0,0.0,3.0,122.0,162.85749254952094,0.0,0.0,3.0,0.0,4.0,0.0,95.0,23.0,0.0,0.0,15.85066353717088,22.006829012350053
2916.0,457.5,1377.3199558416045,0.3321668273661561,828.6666666666667,355.1666666666667,15.666666666666666,457.8333333333333,902.4814835635482,265.6666666666667,89.5,13.0,2.6666666666666665,27.166666666666668,53.833333333333336,91.0,285.8333333333333,0.0,0.0,43.805504607313246,30.009312289568253
2915.0,472.0,819.7742508917166,0.5757682672840454,565.0,38.33333333333333,12.333333333333334,514.3333333333334,631.3301210558213,21.5,16.833333333333332,11.0,1.3333333333333333,55.833333333333336,63.66666666666666,221.83333333333331,173.0,0.0,0.0,35.32049835660076,31.00962269922053
2908.0,586.6666666666666,1550.6150314215336,0.37834449865279407,805.8333333333334,156.5,21.333333333333336,628.0,896.2738537420369,82.5,74.0,19.666666666666668,1.6666666666666667,29.83333333333333,133.5,164.0,300.6666666666667,0.0,0.0,52.42872484191716,38.01179556678645
2918.0,66.66666666666667,149.42325780725298,0.446159906061362,1693.4999999999998,221.0,81.83333333333333,1390.6666666666663,1766.619592907514,203.83333333333331,17.166666666666668,77.5,4.333333333333333,39.0,36.333333333333336,78.5,1236.8333333333333,0.0,0.0,68.78487088760117,4.334722019913078
2917.0,349.6666666666667,801.0762917113966,0.43649608693280484,547.5,180.83333333333331,13.166666666666666,353.5,601.0663065710852,166.83333333333334,14.0,12.166666666666666,1.0,24.83333333333333,35.0,40.5,253.16666666666663,0.0,0.0,30.55916714908284,23.007139422002325
2981.0,227.83333333333331,485.85228302683385,0.468935397223913,1867.5,581.1666666666667,58.833333333333336,1227.5,1953.8751049542195,351.1666666666667,230.0,53.833333333333336,5.0,139.0,134.33333333333334,267.6666666666667,686.5,0.0,0.0,71.3704488094351,15.004656144784128
2961.0,320.8333333333333,1181.0234271588615,0.27165704418340675,25.0,0.0,0.1666666666666666,24.83333333333333,57.785927520296,0.0,0.0,0.1666666666666666,0.0,0.0,24.83333333333333,0.0,0.0,0.0,0.0,11.779408917598223,21.006518602697778
2962.0,372.3333333333333,1040.6293241317435,0.3577963110389882,550.0000000000001,0.1666666666666666,0.1666666666666666,549.6666666666667,605.4221605634561,0.1666666666666666,0.0,0.1666666666666666,0.0,0.0,517.8333333333334,0.3333333333333333,31.5,0.0,0.0,31.41471073180145,24.0074498316546
2964.0,645.1666666666666,1773.126982249482,0.36385812924022753,1371.1666666666667,485.83333333333337,44.66666666666666,840.6666666666667,1481.85732552532,101.66666666666669,384.1666666666667,42.66666666666666,2.0,31.166666666666668,139.33333333333334,276.1666666666667,394.0,0.0,0.0,68.67762165325773,42.01303720539556
2965.0,171.5,626.4090229091604,0.2737827740787034,612.5,246.0,5.5,361.0,650.2073544292814,47.5,198.5,4.833333333333333,0.6666666666666666,13.0,136.5,34.666666666666664,176.83333333333334,0.0,0.0,26.703939923106365,11.003414506175025
2968.0,189.33333333333331,730.3747240830721,0.25922766367774625,376.0,236.0,5.166666666666667,134.83333333333331,407.2601251295552,10.333333333333334,225.66666666666663,4.166666666666667,1.0,5.833333333333333,20.666666666666668,18.0,90.33333333333331,0.0,0.0,19.25640021372788,12.0037249158273
2963.0,826.0,1854.328034814484,0.44544437903762646,17.0,0.0,0.0,17.0,99.73002541346008,0.0,0.0,0.0,0.0,0.0,17.0,0.0,0.0,0.0,0.0,28.71326329223721,54.01676212122285
2966.0,2.0,9.5005691817249,0.21051370309972153,15766.166666666668,12.166666666666668,36.66666666666666,15717.333333333334,16303.242196480624,9.333333333333334,2.833333333333333,13.666666666666666,23.0,4.0,15653.5,16.5,43.333333333333336,0.0,0.0,537.0755298139561,0.0
2970.0,490.0,1352.18986417693,0.36237514640612994,15.500000000000002,0.6666666666666666,0.1666666666666666,14.666666666666668,64.72457471027795,0.3333333333333333,0.3333333333333333,0.0,0.1666666666666666,0.0,12.333333333333334,0.8333333333333334,1.5,0.0,0.0,17.21464160140515,32.0099331088728
2972.0,841.6666666666666,1816.1153470242036,0.46344339749442665,2113.6666666666665,270.0,30.666666666666664,1813.0,2269.344471826898,148.66666666666666,121.33333333333331,27.83333333333333,2.833333333333333,80.0,599.8333333333334,193.33333333333331,939.8333333333334,0.0,0.0,100.660732629356,55.01707253087513
2973.0,581.8333333333334,1620.6627049436904,0.3590095160198982,99.16666666666666,30.5,2.333333333333333,66.33333333333333,160.37424454689818,9.333333333333334,21.166666666666668,1.8333333333333333,0.5,4.0,8.833333333333334,5.833333333333333,47.66666666666666,0.0,0.0,23.19578231344505,38.01179556678645
3004.0,489.8333333333333,1213.8888223326092,0.40352404958476296,162.0,12.333333333333334,6.666666666666667,143.0,216.87880507020816,0.3333333333333333,12.0,0.6666666666666666,6.0,1.0,44.16666666666666,84.5,13.333333333333334,0.0,0.0,22.868871961335376,32.0099331088728
2974.0,466.0,1441.0739936242371,0.32336993246823553,154.5,21.166666666666664,6.0,127.33333333333334,205.64445552736728,17.333333333333332,3.8333333333333335,4.833333333333333,1.1666666666666667,6.166666666666667,12.333333333333334,11.833333333333334,97.0,0.0,0.0,21.13514323779901,30.009312289568253
3003.0,443.0,1232.182132855159,0.3595247716938564,0.0,0.0,0.0,0.0,44.09771057124031,0.0,0.0,0.0,0.0,0.0,0.0,0.0,0.0,0.0,0.0,15.088708691324342,29.00900187991597
2976.0,416.0,1306.3175618707455,0.31845242852301286,0.0,0.0,0.0,0.0,41.17767824871425,0.0,0.0,0.0,0.0,0.0,0.0,0.0,0.0,0.0,0.0,14.169297188102822,27.008381060611427
2978.0,288.0,957.8008279280338,0.300688819222486,121.16666666666669,30.666666666666668,8.333333333333332,82.16666666666667,154.10893773764172,7.0,23.666666666666668,0.1666666666666666,8.166666666666666,5.833333333333333,1.0,67.66666666666667,7.666666666666667,0.0,0.0,13.936373287581814,19.005897783393227
2980.0,436.1666666666667,1337.7352879180507,0.3260485617789774,550.3333333333334,14.666666666666668,0.8333333333333333,534.8333333333334,612.776049532505,2.833333333333333,11.833333333333334,0.3333333333333333,0.5,3.0,63.0,441.5,27.33333333333333,0.0,0.0,34.26733084069058,28.17538535848113
2977.0,458.1666666666667,1136.4828142019203,0.4031443862953687,314.3333333333333,56.16666666666666,7.333333333333333,250.8333333333333,370.48998364032224,30.33333333333333,25.83333333333333,5.333333333333333,2.0,68.83333333333333,48.333333333333336,21.0,112.66666666666669,0.0,0.0,26.31410817330809,29.842542133680805
2991.0,357.6666666666667,795.4513801860685,0.4496398844427209,1468.0000000000002,198.0,35.166666666666664,1234.8333333333337,1553.5211939547332,88.5,109.5,30.33333333333333,4.833333333333333,340.8333333333333,163.16666666666666,226.83333333333331,504.0,0.0,0.0,62.18059050286552,23.34060345186766
2992.0,208.33333333333331,419.7236656474358,0.4963583194956929,71.33333333333333,16.666666666666664,3.166666666666667,51.5,94.69646773970914,16.333333333333332,0.3333333333333333,2.333333333333333,0.8333333333333334,4.333333333333333,11.666666666666666,14.166666666666666,21.33333333333333,0.0,0.0,9.525482559461375,13.837651846914426
2994.0,116.16666666666669,242.92628583781752,0.47819718753787677,0.0,0.0,0.0,0.0,11.95915752880444,0.0,0.0,0.0,0.0,0.0,0.0,0.0,0.0,0.0,0.0,3.9566742515862416,8.0024832772182
3002.0,0.0,0.0,0.0,2676.666666666667,201.5,58.83333333333333,2416.333333333333,2767.836837298699,161.66666666666666,39.833333333333336,51.66666666666666,7.166666666666667,94.83333333333331,279.5,1232.1666666666667,809.8333333333334,0.0,0.0,91.17017063203204,0.0
2913.0,350.83333364017597,893.1233902838054,0.3928161970191964,57.000000049852815,0.0,0.0,57.000000049852815,107.23072189686631,0.0,0.0,0.0,0.0,0.0,57.000000049852815,0.0,0.0,0.0,0.0,27.22358240488888,23.00713944212462
2914.0,379.3333333333333,979.505504123804,0.3872702417049284,115.5,0.1666666666666666,1.0,114.33333333333334,157.36290181055097,0.0,0.1666666666666666,1.0,0.0,16.0,90.5,2.6666666666666665,5.166666666666667,0.0,0.0,16.855141569244076,25.00776024130688
2921.0,507.1666666666667,1279.5998287858952,0.3963478700586218,401.1666666666667,121.16666666666669,3.5,276.5,465.61615727206674,10.166666666666666,111.0,3.1666666666666665,0.3333333333333333,34.0,98.83333333333331,74.16666666666667,69.5,0.0,0.0,31.43924708687503,33.01024351852507
2982.0,244.0,614.4023007481768,0.3971339295163342,1865.1666666666667,88.66666666666667,16.5,1760.0,1953.012806215223,70.16666666666667,18.5,14.0,2.5,38.833333333333336,76.5,1274.1666666666667,370.5,0.0,0.0,71.84117299411993,16.0049665544364
2920.0,342.0,1184.6898243136918,0.288683158225087,0.0,0.0,0.0,0.0,33.65665378223913,0.0,0.0,0.0,0.0,0.0,0.0,0.0,0.0,0.0,0.0,11.64982476988908,22.006829012350053
2923.0,0.0,0.0,0.0,801.3333333333333,160.5,42.0,598.8333333333333,842.7393889140446,134.0,26.5,38.833333333333336,3.1666666666666665,33.0,181.83333333333331,91.16666666666669,292.8333333333333,0.0,0.0,41.40605558071125,0.0
2925.0,394.5,932.1746666022314,0.4232039489315335,0.0,0.0,0.0,0.0,45.28189177479659,0.0,0.0,0.0,0.0,0.0,0.0,0.0,0.0,0.0,0.0,19.607241592107098,25.674650182689494
2984.0,333.3333333333333,620.7288253790501,0.537003148081261,341.0,15.5,6.0,319.5,386.4758577350585,12.5,3.0,5.166666666666667,0.8333333333333334,5.0,14.0,261.8333333333333,38.66666666666666,0.0,0.0,23.46902872270846,22.006829012350053
2927.0,499.0,1266.682591652096,0.39394241563639815,68.0,8.333333333333332,1.1666666666666667,58.5,121.32270036665996,6.833333333333333,1.5,1.0,0.1666666666666666,3.0,8.0,5.0,42.5,0.0,0.0,20.81260933970441,32.51009102695556
2986.0,226.16666666666663,450.4363228548504,0.5021057476742324,329.8333333333333,0.1666666666666666,1.5,328.16666666666663,363.77585363864006,0.1666666666666666,0.0,0.3333333333333333,1.1666666666666667,0.0,165.66666666666666,156.66666666666666,5.833333333333333,0.0,0.0,18.937864160522626,15.004656144784128
2987.0,876.1666666666666,1911.355284209104,0.45840073475885146,35.33333333333333,6.0,0.5,28.83333333333333,126.9058263584304,1.8333333333333333,4.166666666666667,0.5,0.0,1.0,2.333333333333333,18.33333333333333,7.166666666666667,0.0,0.0,34.55487046090965,57.01762256418744
2969.0,583.6666666666666,1152.4474297887357,0.5064583872373799,547.8333333333333,55.5,7.166666666666666,485.1666666666666,624.2181368693086,41.66666666666666,13.833333333333334,5.833333333333333,1.3333333333333333,23.0,33.5,203.5,225.16666666666663,0.0,0.0,38.5398652482676,37.84493828770765
2975.0,424.0,917.6664693657762,0.46204150871180655,789.5,298.33333333333337,6.333333333333334,484.83333333333337,858.5042048097231,137.5,160.83333333333334,2.1666666666666665,4.166666666666667,20.5,25.166666666666668,51.0,388.1666666666667,0.0,0.0,41.32895560561221,27.67524920411072
2988.0,452.6666666666667,980.2094194138195,0.4618060770497068,171.0,36.83333333333333,1.6666666666666663,132.5,221.7508410655915,34.666666666666664,2.1666666666666665,1.3333333333333333,0.3333333333333333,8.0,57.16666666666666,25.166666666666668,42.16666666666666,0.0,0.0,21.241708491989343,29.50913257360216
2990.0,129.16666666666666,315.55722717186467,0.40932881754699124,1029.3333333333337,326.3333333333333,136.16666666666666,566.8333333333334,1077.2917755440085,50.0,276.3333333333333,107.5,28.666666666666668,66.83333333333333,16.666666666666668,30.83333333333333,452.5,0.0,0.0,39.45582277908651,8.502619431588611
2937.0,699.500000000635,1871.712361122292,0.37372195350636567,1018.8333333342582,247.6666666668915,46.83333333337585,724.3333333339909,1128.0671887050978,198.50000000018022,49.1666666667113,46.66666666670903,0.16666666666681793,1.1666666666677261,86.50000000007854,194.66666666684338,442.0000000004013,1.685812661722836,0.0,61.86712443668006,45.6809182724363
2938.0,471.3333333333333,1291.146796060327,0.36505015136273544,351.8333333333333,64.83333333333333,72.66666666666666,214.3333333333333,427.40157259627017,54.16666666666666,10.666666666666666,39.5,33.166666666666664,8.0,30.33333333333333,52.5,123.5,2.023105582356488,0.0,42.86865909321045,30.676474587369864
2940.0,405.6666666666667,1011.4638902903912,0.4010688572878265,68.0,0.0,0.0,68.0,113.31938458649266,0.0,0.0,0.0,0.0,0.0,68.0,0.0,0.0,1.0115527911782438,0.0,18.13306725613783,26.17476453917657
2941.0,431.3333333333333,1251.017208522859,0.34478609118625236,0.0,0.0,0.0,0.0,53.52932979282731,0.0,0.0,0.0,0.0,0.0,0.0,0.0,0.0,0.0,0.0,25.52061652468028,28.008713268147037
2943.0,637.0,1599.9516615262812,0.3981370283351754,0.0,0.0,0.0,0.0,65.71267631833624,0.0,0.0,0.0,0.0,0.0,0.0,0.0,0.0,0.0,0.0,24.033103142806013,41.679573175530216
2944.0,150.33333333333334,370.8475673758216,0.4053776984358203,0.0,0.0,0.0,0.0,18.954432922210344,0.0,0.0,0.0,0.0,0.0,0.0,0.0,0.0,0.0,0.0,8.951328825687595,10.00310409652275
2945.0,41.482824642908966,124.16583416171437,0.33409210289588576,57.91941553915592,5.21796536388792,0.13044913409719797,52.5710010411708,76.86693887190933,4.9570670956935245,0.260898268194396,0.13044913409719797,0.0,5.348414497985118,22.43725106471806,2.7394318160411584,22.045903662426465,3.166948456867336,0.0,13.170837759032816,2.6097371168532506
2948.0,2.0,5.0005458592367305,0.39995633602793806,353.3333333333333,3.333333333333333,325.8333333333333,24.166666666666668,369.48258715892007,3.333333333333333,0.0,4.0,321.8333333333333,0.0,15.333333333333334,0.3333333333333333,8.5,4.046211164712975,0.0,12.103042660873852,0.0
2950.0,76.66666666666667,197.79148491473924,0.38761358558845393,233.8333333333333,20.0,22.666666666666664,191.16666666666663,338.4422569452551,19.0,1.0,22.33333333333333,0.3333333333333333,5.5,100.0,12.833333333333334,72.83333333333333,3.034658373534732,0.0,96.73951055297312,4.834754685413951
2954.0,70.01073496893397,202.98817002797045,0.34490056715761785,10.500739083254814,2.092804642466869,0.5874539347275421,7.820480506060405,40.14982120823288,1.8174356105633336,0.2753690319035354,0.5874539347275421,0.0,0.0,1.376845159517677,2.349815738910168,4.093819607632558,9.215395371760831,0.0,15.871876901968246,4.561809851248997
2957.0,452.5,1207.3108304312934,0.3747999177961083,84.5,5.5,1.8333333333333333,77.16666666666667,160.12087509997173,5.166666666666667,0.3333333333333333,1.6666666666666667,0.1666666666666666,20.5,10.0,25.666666666666668,21.0,0.0,0.0,46.278180428105344,29.342694671866383
2952.0,472.6666666666667,1116.2177567451624,0.4234538142852521,139.33333333333334,36.833333333333336,22.833333333333336,79.66666666666667,191.1885019779972,33.5,3.333333333333333,5.666666666666667,17.166666666666668,7.666666666666667,10.833333333333334,7.833333333333333,53.333333333333336,0.0,0.0,20.845545945443348,31.00962269922053
2953.0,308.1666666666667,813.9572824748398,0.3786029971126801,71.83333333333331,1.3333333333333333,0.5,69.99999999999999,108.9582838881228,1.3333333333333333,0.0,0.5,0.0,0.0,65.33333333333333,1.8333333333333333,2.833333333333333,0.0,0.0,17.118742361743983,20.006208193045502
2929.0,363.3333333333333,925.4992703292188,0.3925808965836227,305.66666666666663,30.33333333333333,158.83333333333331,116.5,352.28295277432915,27.83333333333333,2.5,74.0,84.83333333333333,5.0,11.333333333333334,17.0,83.16666666666667,0.0,0.0,22.77553016422529,23.840755943437177
2995.0,275.6666666666667,639.6948580913346,0.4309346295031614,186.5,20.166666666666668,5.0,161.33333333333331,220.2465276617641,17.666666666666668,2.5,3.8333333333333335,1.1666666666666667,11.0,22.33333333333333,22.33333333333333,105.66666666666669,0.0,0.0,15.740940288023152,18.00558737374095
2997.0,294.8333333333333,672.4781787750022,0.43842810464185883,2163.6666666666665,145.16666666666666,868.0,1150.5,2267.2358646465373,106.33333333333331,38.833333333333336,19.33333333333333,848.6666666666666,72.5,173.66666666666666,400.1666666666667,504.1666666666667,0.0,0.0,84.39667712379341,19.172520856077224
3006.0,217.5,507.1467085955599,0.4288699824205153,298.8333333333333,50.16666666666666,29.333333333333336,219.3333333333333,330.4217328417875,48.16666666666666,2.0,20.5,8.833333333333334,18.0,114.0,12.5,74.83333333333333,0.0,0.0,17.584053773322353,14.004345735131851
3018.0,344.3333333333333,948.218084105673,0.36313727728373457,0.0,0.0,0.0,0.0,34.220785370802005,0.0,0.0,0.0,0.0,0.0,0.0,0.0,0.0,0.0,0.0,11.714217775714374,22.506567595087628
3008.0,2124.0,5153.356461574284,0.41215856419742897,826.1666666666667,128.33333333333331,17.5,680.3333333333334,1065.0423225697834,83.83333333333333,44.5,14.5,3.0,8.833333333333334,78.33333333333333,303.6666666666667,289.5,0.0,0.0,100.49927366912046,138.37638223399617
3007.0,441.6666666666667,1023.3264513929172,0.43159899371846105,219.16666666666669,21.83333333333333,22.666666666666668,174.66666666666669,271.01947327347483,19.33333333333333,2.5,21.0,1.6666666666666667,14.333333333333334,28.5,28.5,103.33333333333331,0.0,0.0,23.01055854558053,28.84224806122764
3023.0,321.1666666666667,855.9534282551908,0.3752151180950878,0.0,0.0,0.0,0.0,34.44432624251408,0.0,0.0,0.0,0.0,0.0,0.0,0.0,0.0,0.0,0.0,13.437807639816306,21.006518602697778
3016.0,756.6666666666666,1403.9655422841224,0.5389495994578611,0.0,0.0,0.0,0.0,76.78833102217818,0.0,0.0,0.0,0.0,0.0,0.0,0.0,0.0,0.0,0.0,27.773120949216704,49.01521007296148
3021.0,1027.5,2875.4030149180785,0.3573412125775607,273.6666666666667,42.333333333333336,16.666666666666668,214.66666666666669,389.514927062206,30.0,12.333333333333334,15.5,1.1666666666666667,12.333333333333334,55.0,52.66666666666666,94.66666666666669,0.0,0.0,48.66074727697566,67.18751311856364
3022.0,167.0,479.02367795975584,0.348625772970726,331.5,90.33333333333334,18.0,223.16666666666669,369.8711115916915,74.66666666666667,15.666666666666666,18.0,0.0,0.6666666666666666,36.66666666666666,58.16666666666666,127.66666666666669,1.0115527911782438,0.0,26.35614429433819,11.003414506175025
3025.0,1.0,2.1252415062881407,0.4705347590103107,1730.0,722.0,37.833333333333336,970.1666666666669,1793.473686506549,352.6666666666667,369.3333333333333,34.833333333333336,3.0,57.5,113.66666666666669,149.0,650.0,0.0,0.0,63.47368650654908,0.0
2998.0,373.5,767.1523665124763,0.48686547328004065,2244.1666666666665,165.83333333333331,29.166666666666668,2049.1666666666665,2357.3333980580505,120.83333333333331,45.0,26.0,3.1666666666666665,66.66666666666667,1143.8333333333333,143.0,695.6666666666666,0.0,0.0,89.1592815597295,24.0074498316546
2999.0,249.0,522.7707751329589,0.47630818677013953,271.8333333333333,17.166666666666668,14.333333333333334,240.3333333333333,305.57700784671306,10.5,6.666666666666667,11.833333333333334,2.5,25.166666666666668,17.166666666666668,111.16666666666669,86.83333333333333,0.0,0.0,17.738707958943362,16.0049665544364
3000.0,336.0,682.5262961956904,0.49228872480491775,464.1666666666666,95.16666666666666,7.0,362.0,513.4279835823119,80.33333333333333,14.833333333333334,5.833333333333333,1.1666666666666667,22.83333333333333,34.5,60.16666666666666,244.5,0.0,0.0,27.254487903295143,22.006829012350053
3001.0,363.1666666666667,1007.7152250515164,0.360386205982053,53.833333333333336,5.5,1.8333333333333333,46.5,92.8775281518401,5.166666666666667,0.3333333333333333,1.8333333333333333,0.0,5.0,13.5,5.333333333333333,22.666666666666668,0.0,0.0,15.03674498685217,24.0074498316546
3011.0,321.8333333333333,648.861174833257,0.4959972114467126,481.1666666666667,94.83333333333331,25.5,360.83333333333337,529.5236805181223,81.0,13.833333333333334,21.666666666666668,3.8333333333333335,25.33333333333333,47.0,65.66666666666667,222.83333333333331,0.0,0.0,27.350495248757976,21.006518602697778
3012.0,279.1666666666667,549.3121107226757,0.5082113815029395,504.6666666666666,31.666666666666668,2.1666666666666665,470.8333333333333,549.3693627594987,30.0,1.6666666666666667,2.0,0.1666666666666666,6.5,240.0,192.66666666666663,31.666666666666668,0.0,0.0,26.697108719091137,18.00558737374095
3020.0,430.3333333333333,1030.6326047675284,0.4175429065048841,314.1666666666667,27.0,102.0,185.16666666666669,368.0342168580913,24.83333333333333,2.1666666666666665,101.16666666666669,0.8333333333333334,14.0,9.5,79.66666666666667,82.0,0.0,0.0,25.85885872116091,28.008691470263702
3013.0,438.5,1227.9354119822842,0.3571034728057231,134.83333333333331,18.833333333333336,10.333333333333332,105.66666666666666,183.03458845638048,17.166666666666668,1.6666666666666667,2.1666666666666665,8.166666666666666,4.0,56.833333333333336,12.666666666666666,32.166666666666664,0.0,0.0,19.5257118265518,28.67554329649533
3027.0,0.0,0.0,0.0,1179.0,123.16666666666669,416.83333333333337,639.0,1219.1583371066874,105.0,18.166666666666668,214.0,202.83333333333331,31.5,221.0,95.0,291.5,0.0,0.0,40.15833710668753,0.0
3033.0,0.0,0.0,0.0,1097.6666666666667,80.66666666666667,322.6666666666667,694.3333333333334,1135.059880265262,72.0,8.666666666666666,275.0,47.66666666666666,111.33333333333331,63.66666666666666,81.66666666666667,437.6666666666667,0.0,0.0,37.39321359859536,0.0
3034.0,0.0,0.0,0.0,98.66666666666666,0.0,98.66666666666666,0.0,103.03834328754786,0.0,0.0,0.3333333333333333,98.33333333333331,0.0,0.0,0.0,0.0,1.0115527911782438,0.0,3.3601238297029528,0.0
3028.0,0.0,0.0,0.0,2800.0000000000005,180.33333333333331,42.5,2577.166666666667,2895.370989020017,101.16666666666669,79.16666666666667,41.16666666666666,1.3333333333333333,893.3333333333334,32.833333333333336,1476.1666666666667,174.83333333333334,0.0,0.0,95.37098902001692,0.0
3035.0,851.0,2147.2226611262254,0.3963259215761293,246.16666666666669,25.33333333333333,28.333333333333336,192.5,339.0532693729145,20.33333333333333,5.0,27.666666666666668,0.6666666666666666,6.333333333333333,98.83333333333331,16.0,71.33333333333333,0.0,0.0,37.53616417688975,55.35043852935809
3037.0,0.0,0.0,0.0,69.0,9.333333333333334,6.833333333333333,52.83333333333333,75.39678824908518,6.5,2.833333333333333,5.833333333333333,1.0,4.5,14.666666666666666,14.0,19.666666666666668,4.046211164712975,0.0,2.3505770843722,0.0
3032.0,599.8333345567199,1719.2937927943378,0.3488835573481722,351.50000071689976,0.500000001019772,2.50000000509886,348.50000071078114,425.5834133669258,0.500000001019772,0.0,0.500000001019772,2.000000004079088,86.83333351043375,228.1666671320226,23.333333380922692,10.166666687402031,0.0,0.0,35.238076750248005,38.84533589977805
3041.0,1.0,2.749656099695121,0.3636818437443428,1920.0,189.8333333333333,497.0,1233.1666666666667,2003.10171195647,126.33333333333331,63.5,399.0,98.0,507.6666666666667,224.0,90.33333333333331,411.1666666666667,0.0,0.0,83.10171195646983,0.0
3043.0,0.0,0.0,0.0,1259.0,352.1666666666667,138.33333333333334,768.5,1321.9247427947723,261.1666666666667,91.0,60.66666666666666,77.66666666666667,63.16666666666666,98.66666666666669,125.16666666666669,481.5,3.034658373534732,0.0,59.89008442123751,0.0
3044.0,0.0,0.0,0.0,611.8333333333333,40.333333333333336,457.5,114.0,632.67356474025,39.833333333333336,0.5,382.6666666666667,74.83333333333333,47.16666666666666,7.5,8.333333333333334,51.0,0.0,0.0,20.840231406916605,0.0
3039.0,0.0,0.0,0.0,1700.0,269.33333333333337,877.3333333333334,553.3333333333333,1758.9129446971583,259.1666666666667,10.166666666666666,742.3333333333334,135.0,87.0,82.0,79.0,305.3333333333333,1.0115527911782438,0.0,57.90139190598011,0.0
3051.0,360.5,1087.3084958407132,0.33155263789349804,748.0,115.66666666666669,209.0,423.33333333333337,811.4239367370706,92.0,23.666666666666668,48.833333333333336,160.16666666666666,84.16666666666667,79.33333333333333,53.833333333333336,206.0,0.0,0.0,40.250087089651714,23.17384964741886
3045.0,0.0,0.0,0.0,1943.0,292.8333333333333,1194.8333333333337,455.3333333333333,2009.1794581781803,29.5,263.3333333333333,956.8333333333334,238.0,168.66666666666666,20.5,127.66666666666669,138.5,0.0,0.0,66.17945817818001,0.0
3048.0,0.0,0.0,0.0,957.3333333333331,201.83333333333331,45.16666666666666,710.3333333333333,997.2338798525494,165.5,36.333333333333336,43.66666666666666,1.5,17.333333333333332,153.33333333333334,171.33333333333334,368.3333333333333,3.034658373534732,0.0,36.8658881456814,0.0
3050.0,0.0,0.0,0.0,22.666666666666668,2.833333333333333,15.666666666666666,4.166666666666667,26.4734555237448,2.6666666666666665,0.1666666666666666,10.666666666666666,5.0,0.0,0.1666666666666666,0.6666666666666666,3.333333333333333,3.034658373534732,0.0,0.7721304835433993,0.0
3054.0,1.0,3.25017075451747,0.30767614243346514,544.8333333333334,125.5,129.33333333333334,290.0,577.1406773670395,109.16666666666669,16.333333333333332,79.66666666666667,49.66666666666666,19.166666666666668,44.0,68.5,158.33333333333334,3.034658373534732,0.0,29.2726856601714,0.0
3056.0,473.6666666666667,1632.4987320796254,0.2901482600622097,44.0,0.0,0.0,44.0,97.8110849138175,0.0,0.0,0.0,0.0,0.0,43.833333333333336,0.0,0.1666666666666666,0.0,0.0,23.13494804234563,30.676136871471865
3141.0,317.6666666666667,929.6713801736872,0.34169780143959916,1053.3333333333337,280.3333333333333,157.16666666666666,615.8333333333334,1130.0678615994482,207.16666666666663,73.16666666666667,42.833333333333336,114.33333333333331,46.5,69.16666666666667,83.0,417.1666666666667,0.67439967140069,0.0,55.55396390062291,20.506164694091503
3061.0,0.0,0.0,0.0,816.6666666666667,166.33333333333331,91.16666666666666,559.1666666666667,872.3074179086576,106.83333333333331,59.5,42.66666666666666,48.5,15.166666666666666,99.33333333333331,135.5,309.1666666666667,3.034658373534732,0.0,52.6060928684561,0.0
3062.0,1007.6666666666666,2786.411247009199,0.36163601756497643,148.5,21.0,4.833333333333333,122.66666666666669,263.23880128991107,14.166666666666666,6.833333333333333,4.833333333333333,0.0,2.1666666666666665,68.83333333333333,12.166666666666666,39.5,0.1685998342999171,0.0,48.88246495238568,65.68773650322547
3063.0,431.6666666666667,1000.834192717177,0.4313068736138297,511.83333333333337,37.5,49.333333333333336,425.0,572.645095040207,35.666666666666664,1.8333333333333333,2.333333333333333,47.0,16.5,32.333333333333336,202.16666666666663,174.0,0.0,0.0,32.803070236610004,28.008691470263702
3040.0,0.0,0.0,0.0,1502.8333333333333,0.8333333333333334,1256.0,246.0,1555.0326639914488,0.8333333333333334,0.0,1187.6666666666667,68.33333333333333,0.0,0.5,0.8333333333333334,244.66666666666663,1.0115527911782438,0.0,51.1877778669372,0.0
3046.0,251.66666666666663,759.077430416995,0.33154281313358896,430.1666666666667,30.833333333333336,223.0,176.33333333333334,470.4070185173873,16.666666666666668,14.166666666666666,205.5,17.5,5.166666666666667,106.16666666666669,6.666666666666667,58.333333333333336,1.0115527911782438,0.0,23.22383250510597,16.0049665544364
3148.0,327.0,785.9091595319486,0.4160786218533783,2144.5,453.6666666666666,569.6666666666667,1121.1666666666667,2253.6875022030954,310.3333333333333,143.33333333333334,180.5,389.1666666666667,127.66666666666669,169.16666666666666,137.5,686.8333333333334,0.0,0.0,88.18098360039765,21.006518602697778
3069.0,271.1666666666667,679.5834986068903,0.3990189097035814,2463.666666666667,940.6666666666669,136.16666666666666,1386.8333333333337,2614.365522653616,658.3333333333334,282.3333333333333,72.5,63.66666666666666,80.33333333333333,157.33333333333334,141.33333333333334,1007.8333333333334,2.023105582356488,0.0,131.0037087136142,17.67204169097822
3070.0,1038.6666666666667,2715.4131642650154,0.3825077819963372,119.66666666666666,18.5,6.0,95.16666666666666,231.35360572682328,12.833333333333334,5.666666666666667,6.0,0.0,4.333333333333333,17.166666666666668,22.0,51.66666666666666,1.0115527911782438,0.0,42.81971948534633,67.85566678363206
3080.0,450.3333333333333,1418.5377004562122,0.31746307002521174,0.0,0.0,0.0,0.0,45.68678256612273,0.0,0.0,0.0,0.0,0.0,0.0,0.0,0.0,0.0,0.0,16.34439833628515,29.34238422983758
3072.0,519.1666666666666,1391.1151977354202,0.3732017790559774,720.5000000000001,70.83333333333334,174.5,475.16666666666674,796.5677653010048,51.333333333333336,19.5,56.5,118.0,73.0,114.66666666666669,118.16666666666669,169.33333333333334,0.0,0.0,42.22398152871475,33.8437837722899
3082.0,909.8743914400281,2670.217123634165,0.3407492160044608,1112.274788684761,149.16006302490555,56.412267447170294,906.702458212685,1253.041304658593,88.3377160368717,60.82234698803385,15.076705142301085,41.33556230486921,13.171366726951785,100.31999296819659,316.93126473476025,476.27983378277656,1.0112766812837133,0.0,80.53506088597165,59.22017840657643
3081.0,615.3333333333334,1740.5449532424452,0.3535291244199321,152.33333333333331,32.33333333333333,8.166666666666666,111.83333333333331,227.45103330689383,26.33333333333333,6.0,8.166666666666666,0.0,0.0,14.833333333333334,18.166666666666668,78.83333333333333,0.0,0.0,35.105283587469536,40.012416386091004
3094.0,229.1842941313819,617.4522813497912,0.3711773379966627,1185.368204392123,233.48533986575103,71.27447216954506,880.6083923568272,1266.6733209151482,164.05417301093559,69.43116685481544,71.15158514856307,0.12288702098197417,1.2288702098197422,123.50145608688409,189.49178635420424,566.3862797059192,3.97762021451309,0.0,62.2079638957072,15.119532412804675
3073.0,282.0,612.0196609024263,0.4607695112019596,233.33333333333331,45.16666666666667,43.66666666666667,144.5,269.0582524132149,40.333333333333336,4.833333333333333,3.333333333333333,40.333333333333336,27.166666666666668,24.83333333333333,9.333333333333334,83.16666666666667,0.0,0.0,17.55256155025312,18.1723575296284
3074.0,311.1666666666667,622.9359158629,0.499516336661427,865.0,86.16666666666666,78.0,700.8333333333334,935.4006246477992,42.16666666666666,44.0,6.5,71.5,20.33333333333333,246.66666666666663,253.0,180.83333333333331,0.0,0.0,50.39441645475382,20.006208193045502
3075.0,513.3333333333334,1172.1346799683968,0.437947398115696,42.0,0.0,0.0,42.0,103.59070545630412,0.0,0.0,0.0,0.0,0.0,41.833333333333336,0.1666666666666666,0.0,0.0,0.0,28.24694342388747,33.34376203241664
3076.0,330.0,903.2998189822462,0.3653272070527072,468.6666666666667,18.83333333333333,18.166666666666664,431.6666666666667,522.3749097384593,12.5,6.333333333333333,9.0,9.166666666666666,5.666666666666667,379.6666666666667,16.333333333333332,30.0,0.0,0.0,32.20156653108066,21.50667654071198
3078.0,402.3333412500996,1056.2666308991772,0.38090130794684085,0.0,0.0,0.0,0.0,62.87851420026766,0.0,0.0,0.0,0.0,0.0,0.0,0.0,0.0,0.0,0.0,36.70377092399909,26.17474327626857
3085.0,265.66666745582535,706.4487637165796,0.3760593564608576,43.00000012773083,0.0,0.0,43.00000012773083,79.01811349453399,0.0,0.0,0.0,0.0,0.16666666716174733,42.83333346056908,0.0,0.0,0.0,0.0,18.6794158829405,17.338697483862664
3084.0,289.5,806.2879176798173,0.35905288129960855,35.33333333333333,3.666666666666667,7.833333333333334,23.83333333333333,65.90205396140892,3.333333333333333,0.3333333333333333,1.6666666666666667,6.166666666666667,2.0,3.1666666666666665,2.333333333333333,16.333333333333332,0.0,0.0,11.562822844682373,19.005897783393227
3089.0,220.16666666666663,572.6995352514056,0.384436607880286,0.0,0.0,0.0,0.0,32.16975506221739,0.0,0.0,0.0,0.0,0.0,0.0,0.0,0.0,0.0,0.0,17.998693655224326,14.171061406993068
3092.0,178.16666592775644,508.063575256957,0.35067789663458415,0.0,0.0,0.0,0.0,21.07188162072595,0.0,0.0,0.0,0.0,0.0,0.0,0.0,0.0,0.0,0.0,9.234905111994228,11.836976508731718
3086.0,406.5,1021.051491561923,0.3981190012054816,0.0,0.0,0.0,0.0,47.517522329026704,0.0,0.0,0.0,0.0,0.0,0.0,0.0,0.0,0.0,0.0,21.00921749231477,26.50830483671193
3099.0,127.66666666666669,374.5534072531875,0.3408503679166043,128.0,17.333333333333336,47.333333333333336,63.33333333333333,144.89105173336233,16.666666666666668,0.6666666666666666,13.333333333333334,34.0,7.166666666666667,7.666666666666667,11.333333333333334,37.16666666666666,0.0,0.0,8.721890899433902,8.169160833928425
3111.0,262.1666666666667,696.8369498463045,0.37622383073183846,140.5,29.333333333333336,11.333333333333332,99.83333333333331,183.3849729061536,18.166666666666668,11.166666666666666,6.0,5.333333333333333,6.333333333333333,5.5,40.0,48.0,0.0,0.0,25.87984302846542,17.005129877688166
3108.0,569.5803119600902,1696.6731787997348,0.3357041998878206,17.691881993583475,2.293392110279339,1.6381372216280996,13.760352661676036,74.89058534350536,1.8019509437909094,0.49144116648842984,1.4743234994652896,0.16381372216280987,0.0,7.699244941652067,1.4743234994652896,4.586784220558679,0.0,0.0,20.00151254003332,37.19719080988858
3115.0,269.0,607.2719132709814,0.44296466561588665,511.0,134.16666666666669,85.16666666666667,291.66666666666663,555.4055791467131,98.66666666666669,35.5,72.0,13.166666666666666,13.0,103.5,19.666666666666668,155.5,0.0,0.0,26.90020417508109,17.505374971631962
3110.0,579.620144224339,1805.356735867244,0.3210557407901466,25.443527892539578,5.897769789993946,1.6261190587511138,17.91963904379452,83.88465325607118,3.3330675841045956,2.5647022058893496,1.410254165997438,0.21586489275367587,0.0,2.1577019276380915,3.433867667382889,12.328069448773537,0.0,0.0,20.6112135649704,37.82991179856119
3119.0,631.8333333333334,1526.4132964823036,0.4139333264387995,19.5,4.5,0.6666666666666666,14.333333333333332,82.69948935891264,4.0,0.5,0.6666666666666666,0.0,0.0,3.5,3.1666666666666665,7.666666666666667,0.0,0.0,22.186604624444584,41.01288473446807
3120.0,206.16666666666663,610.4408718964193,0.33773404789587774,331.99999999999994,48.16666666666666,10.666666666666666,273.16666666666663,370.1667692479269,44.5,3.6666666666666665,3.8333333333333335,6.833333333333333,16.0,33.166666666666664,71.33333333333333,152.66666666666666,0.0,0.0,24.829269892582,13.33749935534491
3199.0,319.8333333333333,1039.634144370221,0.3076402742881042,0.0,0.0,0.0,0.0,31.89870432050438,0.0,0.0,0.0,0.0,0.0,0.0,0.0,0.0,0.0,0.0,10.892185717806605,21.006518602697778
3122.0,111.5,335.12949817070125,0.33270720903000445,201.3333333333333,35.5,5.166666666666667,160.66666666666666,220.03668877706173,30.0,5.5,4.666666666666667,0.5,9.0,20.0,11.833333333333334,119.83333333333331,0.0,0.0,11.701198907669683,7.002156536058728
3125.0,236.03541529718814,705.20247045919,0.3347058826148107,0.0,0.0,0.0,0.0,42.93431999868054,0.0,0.0,0.0,0.0,0.0,0.0,0.0,0.0,0.0,0.0,27.731312251525345,15.203007747155198
3095.0,696.8245639747006,1939.9829269016439,0.35919108065945843,426.3184579656511,82.44591965553596,22.959623195212536,320.9129151149026,511.1102626227252,58.651401071406596,23.794518584129364,22.85526127159794,0.10436192361460242,0.3130857708438074,41.95349329307019,70.33993651624205,208.30639953474653,1.055782798860081,0.0,38.32439601310492,45.411625845109135
3103.0,3.5,10.250671146183135,0.3414410578670485,2029.1666666666663,223.5,268.83333333333337,1536.8333333333333,2101.388100239943,182.5,41.0,248.83333333333331,20.0,72.83333333333333,163.33333333333334,599.6666666666666,701.0,0.0,0.0,72.05472334785996,0.1667102254165305
3097.0,678.1887449597256,1892.767524915541,0.35830535764818117,220.7389573882303,32.466356642571895,73.0421516867233,115.23044905893511,313.1124822449315,26.216539468203784,6.249817174368111,62.868126821081034,10.17402486564228,6.3132128313121525,14.837361189810034,19.199640885158622,74.8802341526543,0.08251600126552289,0.0,48.13960786422663,44.151400991209016
3104.0,590.3027582860867,1490.6061374550125,0.3960152473905284,233.521698449914,43.32341440867811,14.356190264836473,175.8420937763994,305.05497235637796,30.411337957464237,12.912076451213867,14.271242393446908,0.08494787138956489,0.5946350997269545,28.542484786893816,36.52758469751292,110.1773891922657,0.5155755384525893,0.0,32.60919751055932,38.40850085745212
3177.0,0.0,0.0,0.0,2404.166666666667,737.6666666666667,364.1666666666667,1302.3333333333333,2493.4152237169164,429.0,308.6666666666667,359.5,4.666666666666667,113.66666666666669,169.0,164.0,855.6666666666666,0.0,0.0,89.2485570502496,0.0
3178.0,0.0,0.0,0.0,2840.333333333333,1313.5,58.33333333333333,1468.5,2937.06576430961,854.8333333333334,458.6666666666667,55.66666666666666,2.6666666666666665,77.66666666666667,150.5,152.83333333333334,1087.5,0.0,0.0,96.7324309762766,0.0
3106.0,249.16666666666663,631.0706787167202,0.39483163308006336,23.833333333333336,4.166666666666667,2.333333333333333,17.333333333333336,49.13674052128565,3.0,1.1666666666666667,2.333333333333333,0.0,0.0,8.833333333333334,2.333333333333333,6.166666666666667,0.0,0.0,9.298440633515918,16.0049665544364
3179.0,627.3333333333334,1627.4030741975291,0.3854812266731589,251.5,57.66666666666667,29.5,164.33333333333331,323.29222219062905,52.833333333333336,4.833333333333333,26.83333333333333,2.6666666666666665,19.666666666666668,37.66666666666666,34.0,73.0,1.0115527911782438,0.0,29.93465282912405,40.846016570326746
3107.0,299.1666666666667,974.8378587215544,0.3068886420342836,0.0,0.0,0.0,0.0,30.027426358193008,0.0,0.0,0.0,0.0,0.0,0.0,0.0,0.0,0.0,0.0,10.35458416363047,19.672842194562534
3188.0,451.8333333333333,1433.663287149676,0.3151600081994437,59.0,0.1666666666666666,0.1666666666666666,58.66666666666666,106.9179793745206,0.1666666666666666,0.0,0.1666666666666666,0.0,0.0,58.66666666666666,0.0,0.0,1.0115527911782438,0.0,17.39722863851649,29.509197944825857
3189.0,285.5,962.796495259566,0.29653203081408225,0.0,0.0,0.0,0.0,28.230482066464425,0.0,0.0,0.0,0.0,0.0,0.0,0.0,0.0,0.0,0.0,9.72472043744161,18.505761629022818
3187.0,580.3333333333334,1425.0231055777056,0.4072448587407751,477.5,111.33333333333334,11.166666666666666,355.0,551.5669628668902,32.666666666666664,78.66666666666667,10.166666666666666,1.0,21.166666666666668,56.66666666666666,50.333333333333336,226.83333333333331,0.0,0.0,36.22187752552029,37.84508534136992
3197.0,422.6666666666667,1276.9797211060984,0.33098933340974274,48.0,0.0,0.0,48.0,99.46499539104374,0.0,0.0,0.0,0.0,0.0,47.833333333333336,0.0,0.1666666666666666,0.0,5.425120772011495,18.53129750525563,27.508577113776624
3198.0,241.0,769.9156637874271,0.3130212974424428,122.0,0.0,0.0,122.0,153.03782247093903,0.0,0.0,0.0,0.0,0.0,121.83333333333331,0.0,0.1666666666666666,0.0,0.0,15.366341744251288,15.671480726687738
3207.0,307.0,798.5347957417615,0.3844541297850731,408.8333333333333,73.0,137.83333333333331,198.0,454.2142800186039,45.833333333333336,27.166666666666668,5.166666666666667,132.66666666666666,7.833333333333333,26.83333333333333,15.666666666666666,147.66666666666666,0.0,0.0,25.37473849222498,20.006208193045502
3212.0,515.5,1609.8356249415003,0.3202190285848176,50.333333333333336,5.5,0.5,44.333333333333336,103.11702733671626,5.333333333333333,0.1666666666666666,0.5,0.0,9.833333333333334,8.333333333333334,3.6666666666666665,22.5,0.0,0.0,19.273270768891766,33.510423234491164
3213.0,274.1666666666667,757.9694135434637,0.36171204506122906,337.66666666666663,77.83333333333333,35.166666666666664,224.66666666666663,409.5165774445718,57.5,20.33333333333333,35.0,0.1666666666666666,0.3333333333333333,64.33333333333333,31.5,128.5,1.0115527911782438,0.0,53.16611483351706,17.672243153209873
3200.0,251.5,685.7984741355107,0.3667258086525062,33.833333333333336,4.333333333333334,0.1666666666666666,29.333333333333336,59.88787663068442,3.333333333333333,1.0,0.1666666666666666,0.0,1.0,6.333333333333333,2.333333333333333,19.666666666666668,0.0,0.0,9.716167182836047,16.338376114515043
3202.0,550.0,1607.0802475262517,0.3422355547251636,115.66666666666669,29.833333333333336,18.5,67.33333333333334,174.3510283413391,24.666666666666668,5.166666666666667,17.833333333333332,0.6666666666666666,4.0,16.666666666666668,7.666666666666667,39.0,0.0,0.0,22.673186927190503,36.0111747474819
3232.0,485.3333333333333,1340.0251698935924,0.36218225167507284,372.83333333333337,71.83333333333334,169.16666666666666,131.83333333333334,445.7488383649269,68.66666666666667,3.1666666666666665,88.83333333333333,80.33333333333333,22.33333333333333,14.833333333333334,8.0,86.66666666666667,0.0,0.0,41.23905775046952,31.67644728112414
3230.0,212.5,626.5385728016736,0.33916507175251825,30.16666666666667,2.5,2.833333333333333,24.833333333333336,61.4321162218334,2.5,0.0,0.8333333333333334,2.0,1.0,0.5,4.666666666666667,18.666666666666668,0.0,0.0,17.594546086187865,13.670903468978864
3221.0,574.6666666666666,1855.8875044576016,0.3096452049417821,0.0,0.0,0.0,0.0,69.58546248261894,0.0,0.0,0.0,0.0,0.0,0.0,0.0,0.0,0.0,0.0,32.573977325484755,37.011485157134175
3209.0,535.1666666666666,1460.7402341725913,0.3663667599118345,356.5,87.33333333333333,22.33333333333333,246.8333333333333,435.3990502143047,70.5,16.833333333333332,19.5,2.833333333333333,5.0,51.333333333333336,33.333333333333336,157.16666666666666,1.0115527911782438,0.0,43.043256172220346,34.844241250906094
3219.0,397.8333333333333,1247.021666643894,0.31902680119746524,70.0,0.8333333333333333,1.3333333333333337,67.83333333333333,129.27467118043876,0.5,0.3333333333333333,1.1666666666666667,0.1666666666666666,0.0,65.33333333333333,0.5,2.0,0.0,0.0,33.26660052947961,26.00807065095915
3224.0,423.8333333333333,1377.5279815888073,0.30767675067078804,305.3333333333333,37.0,4.333333333333333,264.0,357.6787295134538,33.5,3.5,4.0,0.3333333333333333,15.0,86.33333333333333,13.0,149.66666666666666,0.0,0.0,24.836884425822863,27.50851175429761
3225.0,505.1666666666667,1535.2488556207402,0.3290454604914295,0.0,0.0,0.0,0.0,50.05438182786173,0.0,0.0,0.0,0.0,0.0,0.0,0.0,0.0,0.0,0.0,17.210815866046882,32.84356596181485
3228.0,33.833333333333336,104.82067066124532,0.32277348656425187,0.0,0.0,0.0,0.0,47.220217876914376,0.0,0.0,0.0,0.0,0.0,0.0,0.0,0.0,6.06950181129515,0.0,38.98333053118001,2.167385534439219
3227.0,45.33333332775708,128.9671910389866,0.35151058934091906,110.66666665305407,33.99999999581781,5.499999999323469,71.16666665791277,179.33057504985794,28.666666663140507,5.333333332677303,5.499999999323469,0.0,0.0,13.66666666498559,10.666666665354606,46.833333327572575,3.0364284126952934,0.0,62.6264724761062,3.0010075080023944
3250.0,167.83333333333334,461.848403568446,0.36339485432141466,0.0,0.0,0.0,0.0,70.5555785334135,0.0,0.0,0.0,0.0,0.0,0.0,0.0,0.0,0.0,0.0,59.71887969909969,10.836698834313808
3242.0,255.16666666666663,699.9585713607638,0.3645453846941348,236.66666666666663,52.66666666666666,14.666666666666668,169.33333333333331,300.5215145714437,39.16666666666666,13.5,14.333333333333334,0.3333333333333333,3.333333333333333,25.83333333333333,28.166666666666668,112.0,1.0115527911782438,0.0,46.33841573893102,16.504879374667723
3222.0,542.6666666666666,1507.3876985861864,0.3600047069348159,461.50000000000006,78.33333333333334,32.333333333333336,350.83333333333337,585.981122423856,55.833333333333336,22.5,31.666666666666668,0.6666666666666666,0.5,67.16666666666667,56.833333333333336,226.33333333333331,1.5172128274213883,0.0,87.61963029407963,35.34427930235511
3175.0,0.0,0.0,0.0,1796.6666666666667,1010.3333333333334,20.666666666666668,765.6666666666667,1857.8634071254935,655.3333333333334,355.0,20.166666666666668,0.5,57.0,46.0,39.333333333333336,623.3333333333334,0.0,0.0,61.19674045882713,0.0
3181.0,44.0,95.75392735390184,0.45951117845410294,445.0,265.5,13.0,166.5,464.6559272454411,110.83333333333331,154.66666666666666,8.333333333333334,4.666666666666667,9.333333333333334,23.0,26.5,107.66666666666669,0.0,0.0,16.654996016484304,3.000931228956825
3180.0,89.16666666666667,198.92442886660425,0.44824392446269384,856.0,226.33333333333331,33.33333333333333,596.3333333333334,895.5239625311214,162.5,63.833333333333336,31.33333333333333,2.0,44.0,74.0,136.16666666666666,342.1666666666667,0.0,0.0,33.68887022909514,5.835092302026204
3184.0,296.1666666666667,649.6937734451121,0.4558557874061073,301.5,67.66666666666667,28.5,205.3333333333333,340.8612448969524,35.833333333333336,31.83333333333333,26.33333333333333,2.1666666666666665,7.0,15.166666666666666,97.33333333333331,85.83333333333333,0.0,0.0,20.355347113559176,19.005897783393227
3185.0,321.0,616.522413512064,0.5206623359747792,182.33333333333331,38.66666666666667,6.166666666666667,137.5,220.48311043276505,34.333333333333336,4.333333333333333,5.666666666666667,0.5,13.0,12.833333333333334,31.166666666666668,80.5,0.0,0.0,17.1432584967339,21.006518602697778
3186.0,189.66666666666663,382.9329904694137,0.49529988636958666,409.1666666666667,152.83333333333334,73.0,183.33333333333331,441.5670605864113,53.833333333333336,99.0,72.83333333333333,0.1666666666666666,6.0,8.5,8.833333333333334,160.0,0.0,0.0,20.39666900391728,12.0037249158273
3195.0,267.8333333333333,685.2409803391733,0.39086006385777455,39.83333333333333,0.0,0.0,39.83333333333333,67.65140068903179,0.0,0.0,0.0,0.0,0.0,39.66666666666666,0.1666666666666666,0.0,0.0,0.0,10.479424393126829,17.338642962571637
3194.0,251.33333333333331,643.9877419230285,0.390276579772808,1155.1666666666667,263.6666666666667,49.0,842.5,1219.0764584017625,151.0,112.66666666666669,41.16666666666666,7.833333333333333,88.0,132.83333333333334,170.5,451.1666666666667,0.0,0.0,47.90482518065929,16.0049665544364
3211.0,642.3333333333334,1983.4407973763853,0.3238479989838798,552.8333333333334,113.5,9.833333333333332,429.5,635.2247366597354,64.33333333333333,49.16666666666666,6.833333333333333,3.0,21.5,121.33333333333331,22.0,264.6666666666667,0.0,0.0,40.71178658927629,41.6796167371259
3196.0,250.16666666666663,625.3193607383142,0.4000622439888875,117.0,27.83333333333333,0.0,89.16666666666666,150.17723020394814,27.83333333333333,0.0,0.0,0.0,0.0,83.83333333333333,0.0,5.333333333333333,0.0,0.0,17.17226364951176,16.0049665544364
3215.0,559.3333333333334,1451.5307123105697,0.38534033664570394,1506.6666666666667,194.33333333333331,81.16666666666667,1231.1666666666667,1614.2512997178146,144.33333333333334,50.0,75.0,6.166666666666667,65.16666666666667,341.6666666666667,82.5,741.8333333333334,0.0,0.0,70.90655200764733,36.67808104350022
3206.0,177.33333333333334,424.60099088026186,0.41764700776061453,207.16666666666663,40.83333333333333,0.3333333333333333,166.0,232.09971156748293,15.5,25.33333333333333,0.3333333333333333,0.0,4.833333333333333,19.666666666666668,0.6666666666666666,140.83333333333334,0.0,0.0,13.096013873206385,11.837031027609877
3208.0,208.83333333333331,498.8562382425552,0.41862427955004106,52.66666666666666,16.166666666666664,1.0,35.5,75.57837989974945,2.5,13.666666666666666,0.8333333333333334,0.1666666666666666,2.0,4.5,12.333333333333334,16.666666666666668,0.0,0.0,8.907367497950926,14.004345735131851
3210.0,278.1666666666667,674.4467626151576,0.41243680314822695,25.83333333333333,1.0,0.0,24.83333333333333,54.193158900296766,1.0,0.0,0.0,0.0,1.0,1.5,0.0,22.33333333333333,0.0,0.0,10.354238193222484,18.00558737374095
3216.0,272.1666666666667,652.0710264521655,0.4173880691302763,99.33333333333334,1.0,0.5,97.83333333333334,141.9936002076032,0.5,0.5,0.5,0.0,0.0,94.16666666666669,0.6666666666666666,3.0,0.0,0.0,24.654679500528903,18.00558737374095
3223.0,244.5,703.0364425377402,0.3477771353038713,0.0,0.0,0.0,0.0,24.333310940354053,0.0,0.0,0.0,0.0,0.0,0.0,0.0,0.0,0.0,0.0,8.328344385917651,16.0049665544364
3183.0,272.5,697.6585285593038,0.39059222935713944,860.0,193.16666666666669,14.833333333333334,652.0,922.006831825158,84.0,109.16666666666669,13.833333333333334,1.0,54.0,43.66666666666666,201.33333333333331,353.0,0.0,5.425120772011495,38.57612367940564,18.00558737374095
3201.0,675.8333333333334,1933.174250745173,0.3495977318510334,0.0,0.0,0.0,0.0,67.03300078048565,0.0,0.0,0.0,0.0,0.0,0.0,0.0,0.0,0.0,0.0,23.019299194189863,44.01370158629578
3191.0,368.3333333333333,917.6395328981624,0.40139218083819206,383.0,59.833333333333336,25.5,297.66666666666663,432.7510148238226,45.5,14.333333333333334,24.166666666666668,1.3333333333333333,24.83333333333333,84.5,33.0,155.33333333333334,0.0,0.0,25.576854786682897,24.17416003713969
3182.0,142.66666666666666,370.68380678838565,0.3848742892297736,97.66666666666669,3.1666666666666665,2.5,92.0,114.85515077545864,3.1666666666666665,0.0,2.1666666666666665,0.3333333333333333,9.0,67.83333333333333,1.6666666666666667,13.5,0.0,0.0,8.185690421921501,9.002793686870476
3192.0,64.16666666666667,159.1742573690487,0.40312213625030446,110.0,0.0,0.0,110.0,119.93363618689244,0.0,0.0,0.0,0.0,0.0,109.83333333333331,0.0,0.1666666666666666,0.0,0.0,5.932394548283331,4.0012416386091
3203.0,364.0,1152.4371911237783,0.31585235430058617,49.0,0.0,0.0,49.0,86.90971091529468,0.0,0.0,0.0,0.0,0.0,48.833333333333336,0.0,0.1666666666666666,0.0,0.0,14.068976755501296,23.840734159793385
3204.0,338.5,705.9000787546012,0.479529624925394,270.16666666666663,24.666666666666668,6.833333333333334,238.66666666666663,324.5618036290781,20.666666666666668,4.0,4.5,2.333333333333333,7.166666666666667,22.166666666666668,164.16666666666666,45.16666666666666,0.0,0.0,32.2216358397958,22.17350112261559
3193.0,198.0,480.0215346552324,0.41248149448588856,805.1666666666666,162.66666666666666,77.0,565.5,852.3387138516233,141.5,21.166666666666668,16.666666666666668,60.333333333333336,49.66666666666666,85.66666666666667,76.33333333333333,353.8333333333333,0.0,0.0,34.168011859477105,13.004035325479576
3205.0,151.83333333333334,310.5988154327777,0.48884067095289463,859.8333333333334,100.66666666666666,40.0,719.1666666666667,904.288954145656,45.66666666666666,55.0,25.5,14.5,81.0,261.0,126.16666666666669,251.0,0.0,0.0,34.45251671579988,10.00310409652275
3233.0,405.6666666666667,1172.4676915118418,0.3459938978306333,0.0,0.0,0.0,0.0,45.99074968976665,0.0,0.0,0.0,0.0,0.0,0.0,0.0,0.0,0.0,0.0,19.482619166346648,26.508130523420004
3214.0,153.83333333333334,324.46912768185194,0.4741077662222762,1004.1666666666669,149.33333333333334,69.33333333333334,785.5,1053.61500395011,97.0,52.333333333333336,66.66666666666667,2.6666666666666665,56.5,149.83333333333334,99.16666666666669,480.0,0.0,0.0,39.44523318692082,10.00310409652275
3239.0,1098.5,2764.2252877182823,0.397398867914544,603.0,175.83333333333334,35.833333333333336,391.3333333333333,745.3816379463486,146.33333333333334,29.5,35.833333333333336,0.0,0.5,65.33333333333333,51.66666666666666,273.8333333333333,1.8545057480565708,0.0,69.00485345693376,71.52227874135826
3234.0,563.5,1549.1867830070198,0.3637392251089497,89.33333333333334,28.0,5.666666666666667,55.66666666666667,149.8918727869028,21.33333333333333,6.666666666666667,5.666666666666667,0.0,0.0,11.333333333333334,9.5,34.833333333333336,0.0,0.0,23.881079319407903,36.67746013416157
3240.0,302.3333333333333,828.1316959162576,0.36507880911239254,236.83333333333337,59.5,11.166666666666666,166.16666666666669,288.20947099926536,49.833333333333336,9.666666666666666,11.166666666666666,0.0,0.0,32.333333333333336,24.166666666666668,109.66666666666669,1.5173057452557146,0.0,30.019268625244475,19.839563295431848
3236.0,296.6666666666667,832.5820933273058,0.356321219305927,284.1666666666667,9.833333333333334,59.333333333333336,215.0,330.27235931969926,8.0,1.8333333333333333,52.333333333333336,7.0,1.0,190.5,4.833333333333333,18.666666666666668,0.0,0.0,27.099794869639368,19.005897783393227
3237.0,333.3333333333333,898.7498954839517,0.3708855322356868,21.0,1.5,3.6666666666666665,15.833333333333332,95.74903710452035,1.1666666666666667,0.3333333333333333,2.6666666666666665,1.0,7.666666666666667,2.6666666666666665,1.1666666666666667,4.333333333333333,0.0,0.0,53.07565033839186,21.673386766128512
3238.0,33.0,82.01979620923429,0.40234189214291977,1126.1666666666663,298.3333333333333,58.66666666666666,769.1666666666666,1198.768278368391,238.5,59.833333333333336,58.66666666666666,0.0,0.3333333333333333,114.33333333333331,127.33333333333331,527.1666666666666,3.034658373534732,0.0,67.56628350404178,2.0006698241478573
3241.0,593.3333333333334,1565.7771269451275,0.37893856227861905,387.0,72.33333333333333,86.5,228.16666666666663,461.89200257389706,58.16666666666666,14.166666666666666,84.0,2.5,7.5,36.833333333333336,35.166666666666664,148.66666666666666,1.0115527911782438,0.0,35.03499411866228,38.84545566405652
3130.0,29.166666666666668,73.92068247949652,0.3945670641603812,0.0,0.0,0.0,0.0,95.04257854999898,0.0,0.0,0.0,0.0,0.0,0.0,0.0,0.0,33.54988862067745,0.0,59.49206911001699,2.0006208193045505
3147.0,332.3333333333333,790.6049648370571,0.42035320813072163,480.3333333333333,102.5,109.33333333333331,268.5,538.875360692637,83.33333333333333,19.166666666666668,71.33333333333333,38.0,1.6666666666666667,39.333333333333336,62.5,165.0,0.0,0.0,37.20216453607485,21.33986282322885
3154.0,0.0,0.0,0.0,1619.5,625.3333333333334,293.3333333333333,700.8333333333333,1675.6888466243392,601.8333333333334,23.5,281.5,11.833333333333334,151.5,61.5,109.33333333333331,378.5,1.0115527911782438,0.0,55.177293833161066,0.0
3157.0,32.5,84.12521280969607,0.38632888898028594,0.0,0.0,0.0,0.0,9.009388115910214,0.0,0.0,0.0,0.0,0.0,0.0,0.0,0.0,5.900577111911917,0.0,1.108190184693747,2.0006208193045505
3152.0,4.655683018431001,10.880937959003493,0.42787515524602643,3081.340343831326,656.6332350418419,1239.502002830639,1185.2051059588455,3218.0751631648436,625.5465661755098,31.086668866331937,1161.64780785778,77.85419497285906,45.70423159475047,124.63120938383861,190.1584030331911,824.7112619470654,11.38316682505867,0.0,125.337720452247,0.013932056211595881
3158.0,0.0,0.0,0.0,1211.3333204412424,226.33333092449178,563.1666606729441,421.8333288438062,1252.597776088187,212.666664403278,13.666666521213791,510.66666123169585,52.49999944124811,57.99999938271219,41.333332893427084,53.499999430605214,268.9999971370617,0.0,0.0,41.26445564694462,0.0
3165.0,0.0,0.0,0.0,1566.1666666666663,210.3333333333333,742.5,613.3333333333333,1619.513649034117,194.16666666666663,16.166666666666668,724.3333333333334,18.166666666666668,61.5,50.833333333333336,116.16666666666669,384.8333333333333,0.0,0.0,53.34698236745019,0.0
3155.0,46.0,128.23448796334705,0.35871785141878576,0.0,0.0,0.0,0.0,80.61940081798268,0.0,0.0,0.0,0.0,0.0,0.0,0.0,0.0,5.058833988448773,0.0,72.3925331211339,3.168033708400012
3149.0,22.33333333333333,56.70952777430657,0.39381977261767837,0.0,0.0,0.0,0.0,8.330478301538156,0.0,0.0,0.0,0.0,0.0,0.0,0.0,0.0,6.069316747069464,0.0,0.7606986532468997,1.5004629012217918
3150.0,24.0,65.37892627885611,0.36709076404275126,226.16666666666669,39.33333333333333,14.166666666666666,172.66666666666669,266.22945569463207,34.166666666666664,5.166666666666667,14.166666666666666,0.0,6.833333333333333,73.66666666666667,14.0,78.16666666666667,3.709104593757702,0.0,34.68643506232562,1.6672493718820507
3169.0,31.166666666666668,80.54553146538,0.38694470195485264,194.83333333333331,44.33333333333333,70.33333333333334,80.16666666666667,208.74707322420872,42.16666666666666,2.1666666666666665,68.16666666666667,2.1666666666666665,11.333333333333334,8.333333333333334,7.5,53.0,4.214810999012893,0.0,7.698308072557939,2.0006208193045505
3161.0,268.8333333333333,759.3729524664574,0.3540201589484557,0.0,0.0,0.0,0.0,371.33106444461913,0.0,0.0,0.0,0.0,0.0,0.0,0.0,0.0,0.0,0.0,353.9923669980213,17.338697446597866
3168.0,874.1666666666666,2178.62966161141,0.40124610532480065,0.0,0.0,0.0,0.0,87.8054847097193,0.0,0.0,0.0,0.0,0.0,0.0,0.0,0.0,1.0115527911782438,0.0,29.7762767151885,57.01765520335256
3166.0,313.6666666666667,880.3686526216383,0.3562901356523802,0.0,0.0,0.0,0.0,138.20783910033057,0.0,0.0,0.0,0.0,0.0,0.0,0.0,0.0,0.0,0.0,117.70122247123176,20.506616629098826
3167.0,304.1666666666667,787.5494387131026,0.3862191396691122,0.0,0.0,0.0,0.0,109.04163685205762,0.0,0.0,0.0,0.0,0.0,0.0,0.0,0.0,0.0,0.0,89.20183926339031,19.83979758866732
3170.0,117.16666666666669,341.44838596886785,0.3431460551034778,0.0,0.0,0.0,0.0,30.007514888561765,0.0,0.0,0.0,0.0,0.0,0.0,0.0,0.0,0.0,0.0,22.17182899731949,7.8356858912422735
3171.0,1042.8333333333333,2681.334902282227,0.38892319360991506,0.0,0.0,0.0,0.0,103.56173386794812,0.0,0.0,0.0,0.0,0.0,0.0,0.0,0.0,0.0,0.0,35.54034272882607,68.02139113912207
3172.0,680.0,1615.6581226734413,0.42088111987132465,50.49999999999999,11.5,3.1666666666666665,35.83333333333333,119.5254075787618,7.5,4.0,3.1666666666666665,0.0,0.0,5.333333333333333,4.666666666666667,25.83333333333333,0.0,0.0,24.84496847895933,44.18043909980249
3174.0,9.0,24.001830992028463,0.37497139293202664,37.16666666666666,6.0,0.5,30.666666666666664,78.75731732966922,5.833333333333333,0.1666666666666666,0.5,0.0,3.0,5.0,1.8333333333333333,20.83333333333333,1.5172588622324128,0.0,39.57319574760496,0.5001960531651951
3341.0,76.5,239.6370417656301,0.31923278403185495,0.0,0.0,0.0,0.0,46.27335869203954,0.0,0.0,0.0,0.0,0.0,0.0,0.0,0.0,0.0,0.0,41.27180664377817,5.001552048261376
3348.0,14.833333333333334,44.084957174383554,0.336471537777801,0.0,0.0,0.0,0.0,48.0254666387762,0.0,0.0,0.0,0.0,0.0,0.0,0.0,0.0,45.51987560302098,0.0,1.50528062610295,1.0003104096522752
3377.0,246.0,667.1515985154083,0.3687317853204821,409.83333333333337,104.0,20.5,285.33333333333337,471.18971800823147,84.0,20.0,20.33333333333333,0.1666666666666666,5.333333333333333,48.16666666666666,34.5,197.33333333333331,1.0115527911782438,0.0,44.339925239822925,16.004906643896927
3375.0,280.6666666666667,764.9565424585279,0.36690537447345645,0.0,0.0,0.0,0.0,27.895952452624805,0.0,0.0,0.0,0.0,0.0,0.0,0.0,0.0,0.0,0.0,9.557009968660465,18.338942483964345
3376.0,331.6666666666667,883.1013704758861,0.3755703226776083,381.33333333333337,99.83333333333331,21.83333333333333,259.6666666666667,443.91014149888935,78.0,21.83333333333333,21.83333333333333,0.0,0.3333333333333333,58.0,36.333333333333336,165.0,1.0115527911782438,0.0,39.891830513029696,21.673424861348057
3370.0,280.8333333333333,769.8635295493523,0.3647832668443485,23.666666666666668,4.333333333333334,0.3333333333333333,19.0,52.54303133834769,4.166666666666667,0.1666666666666666,0.3333333333333333,0.0,1.0,5.5,1.0,11.5,0.0,0.0,10.370564875899635,18.505799795781385
3384.0,33.833333333333336,96.21188278390044,0.3516544147600323,0.0,0.0,0.0,0.0,7.199332810334331,0.0,0.0,0.0,0.0,0.0,0.0,0.0,0.0,4.046211164712975,0.0,1.1525008263168053,2.0006208193045505
3386.0,107.83333333333331,257.2124832626788,0.419238335424056,649.8333333333334,192.83333333333331,35.0,422.0,737.1527136551048,164.5,28.33333333333333,35.0,0.0,0.0,103.66666666666669,59.0,259.3333333333333,3.034658373534732,0.0,77.28254908067082,7.002172867565925
3394.0,464.8333333333333,1269.121845154018,0.36626375561041746,495.0,111.66666666666666,31.33333333333333,352.0,561.6270972012982,89.83333333333333,21.83333333333333,31.33333333333333,0.0,0.0,96.16666666666669,61.833333333333336,194.0,3.70896492157328,0.0,32.74251825061568,30.175614029109127
3409.0,414.6666666666667,1198.8471631865962,0.3458878490936758,0.0,0.0,0.0,0.0,41.132740799909065,0.0,0.0,0.0,0.0,0.0,0.0,0.0,0.0,0.0,0.0,14.12443598703622,27.008304812872847
3413.0,367.0,1108.6808954836115,0.3310240137581815,0.0,0.0,0.0,0.0,60.50581420468693,0.0,0.0,0.0,0.0,0.0,0.0,0.0,0.0,0.0,0.0,36.665112745275984,23.840701459410948
3414.0,153.5,476.3962212626982,0.32221078410980053,94.0,1.0,8.166666666666666,84.83333333333333,116.62413395195928,1.0,0.0,3.333333333333333,4.833333333333333,83.33333333333333,1.0,0.0,0.5,2.023105582356488,0.0,10.597924273080032,10.00310409652275
3416.0,728.3333333333334,2122.695873275365,0.34311713821231465,96.33333333333331,30.5,5.5,60.33333333333333,189.92250106532944,24.666666666666668,5.833333333333333,5.5,0.0,0.0,18.0,7.666666666666667,34.666666666666664,0.0,0.0,46.24116891826055,47.347998813735565
3417.0,320.0,983.6740490422426,0.32531101162175524,200.3333333333333,9.5,144.5,46.33333333333333,248.1306702292948,7.166666666666667,2.333333333333333,139.0,5.5,1.3333333333333333,14.833333333333334,9.333333333333334,20.83333333333333,4.046211164712975,0.0,22.744607128550697,21.006518602697778
3422.0,7.0,20.12523726354013,0.34782198631176114,1049.0,665.6666666666666,151.0,232.3333333333333,1085.9715999756193,613.5,52.16666666666666,109.0,42.0,101.83333333333331,40.333333333333336,32.5,57.66666666666666,1.0115527911782438,0.0,35.96004718444092,0.0
3419.0,0.0,0.0,0.0,856.4999999999999,41.16666666666666,674.1666666666666,141.16666666666666,886.6719542569592,37.0,4.166666666666667,520.1666666666666,154.0,27.666666666666668,29.33333333333333,20.83333333333333,63.333333333333336,1.0115527911782438,0.0,29.16040146578093,0.0
3418.0,937.6666666666666,2793.2938714594425,0.3356849332063847,831.3333333333334,111.83333333333334,155.83333333333331,563.6666666666667,978.5163477677968,81.66666666666667,30.166666666666668,59.0,96.83333333333331,122.66666666666669,103.66666666666669,77.83333333333333,259.5,4.046211164712975,0.0,82.11786828096173,61.01893498878878
3427.0,212.5,615.6528615792183,0.34516204384222915,0.0,0.0,0.0,0.0,22.907390834405447,0.0,0.0,0.0,0.0,0.0,0.0,0.0,0.0,0.0,0.0,8.90297973979459,14.00441109461086
3415.0,731.8333333333334,2234.200819568268,0.3275593343819251,89.0,0.0,16.666666666666668,72.33333333333333,166.63120831337667,0.0,0.0,16.0,0.6666666666666666,72.33333333333333,0.0,0.0,0.0,0.0,0.0,29.949745449844325,47.681462863532346
3433.0,395.0,1208.9416870095022,0.32673205353443596,0.0,0.0,0.0,0.0,51.79647814655968,0.0,0.0,0.0,0.0,0.0,0.0,0.0,0.0,0.0,0.0,25.955101383817947,25.841376762741728
3444.0,40.66666666666666,129.4182732248515,0.31422662081120745,172.0,0.1666666666666666,8.666666666666668,163.16666666666666,198.330205301475,0.0,0.1666666666666666,6.166666666666667,2.5,161.16666666666666,2.0,0.0,0.0,7.586436451128709,0.0,16.076279867610992,2.667488982735284
3446.0,199.83333333333331,608.7485142687119,0.3282691105593787,157.99999999999997,1.0,6.166666666666666,150.83333333333331,189.35941030135876,0.0,1.0,4.0,2.1666666666666665,148.66666666666666,2.1666666666666665,0.0,0.0,0.0,0.0,18.35537497587919,13.004035325479576
3243.0,654.4064110082013,1601.446166170184,0.40863466086605765,691.8351926539398,193.81339857513962,37.926504805921006,460.095289272879,792.5199317844433,157.18097398569364,36.63242458944601,37.926504805921006,0.0,0.2986338961096142,78.441170044792,65.99809104022474,315.3573942917526,1.812503706900684,0.0,56.25391439067541,42.61832103292757
3385.0,933.3333333333334,2331.190751763316,0.40036763728037217,208.0,56.83333333333333,12.833333333333334,138.33333333333331,319.52321195327085,46.66666666666666,10.166666666666666,12.833333333333334,0.0,0.0,35.0,20.33333333333333,83.0,4.046211164712975,0.0,46.79155704833906,60.68544374021878
3245.0,692.3333333333334,1780.1621709960734,0.38891587778541803,911.8333333333331,217.8333333333333,46.66666666666666,647.3333333333333,1185.8276811623502,187.16666666666663,30.666666666666668,44.0,2.6666666666666665,24.5,124.5,115.5,382.8333333333333,2.023105582356488,0.0,226.62386425222948,45.34737799443102
3246.0,48.5,142.25596940545327,0.340934726343658,544.5,97.83333333333334,259.8333333333333,186.8333333333333,568.0220002354719,91.16666666666669,6.666666666666667,119.66666666666669,140.16666666666666,28.5,18.33333333333333,17.333333333333332,122.66666666666669,0.0,0.0,20.187632186806827,3.334368048665125
3248.0,302.0,830.6607989090204,0.36356597108788935,39.66666666666667,9.166666666666666,2.1666666666666665,28.333333333333336,73.01617626252896,7.333333333333333,1.8333333333333333,2.1666666666666665,0.0,0.0,5.666666666666667,4.166666666666667,18.5,2.023105582356488,0.0,11.653638086613286,19.67276592689252
3256.0,1336.1666702656587,3559.453336641025,0.3753853594626889,19.666666719639235,5.166666680583188,1.5000000040402806,13.000000035015765,152.8756418486482,4.500000012120841,0.6666666684623468,1.5000000040402806,0.0,0.0,1.5000000040402806,1.0000000026935203,10.500000028281963,0.0,0.0,46.18196925485205,87.02700587415693
3249.0,528.666667212953,1442.1063645764953,0.36659339435632204,9.000000009299956,1.1666666678722166,0.0,7.83333334142774,70.49402136484258,1.1666666678722166,0.0,0.0,0.0,0.0,1.5000000015499928,0.0,6.333333339877747,1.0115527922235101,0.0,26.13855950366937,34.34390905964975
3277.0,104.16666666666669,315.8057927049935,0.3298440657925893,362.3333333333333,42.0,55.0,265.3333333333333,392.57164059769934,34.833333333333336,7.166666666666667,49.0,6.0,13.166666666666666,135.5,34.833333333333336,81.83333333333333,1.0115527911782438,0.0,22.557969387748603,6.668785085439169
3285.0,515.8333380847331,1487.9203794675207,0.3466807399125304,0.0,0.0,0.0,0.0,53.270871787898365,0.0,0.0,0.0,0.0,0.0,0.0,0.0,0.0,2.0231056009915442,0.0,17.5706324167952,33.67713377011162
3290.0,196.6666668220114,550.6954918905743,0.3571241633862693,160.3333334599788,15.000000011848329,5.000000003949443,140.33333344418105,186.9957971307789,13.333333343865181,1.6666666679831477,4.500000003554499,0.5000000003949443,8.000000006319109,19.666666682201143,19.1666666818062,93.50000007385458,0.0,0.0,14.15864073755284,12.503822933247216
3281.0,503.1666666666667,1507.6230662827966,0.3337483207306433,0.0,0.0,0.0,0.0,57.98204217456246,0.0,0.0,0.0,0.0,0.0,0.0,0.0,0.0,0.0,0.0,25.138448982659128,32.84359319190333
3267.0,280.7524919131834,754.667468886004,0.3720214577787669,90.05771827360822,19.914046291498757,7.645571344057559,62.49810063805191,122.6301059481973,14.135416787269207,5.77862950422955,7.645571344057559,0.0,0.08890199237276228,12.624082916932249,8.890199237276232,40.89491649147066,1.618723053467544,0.0,12.63422752790699,18.31943709321455
3280.0,424.1666666666667,1228.970246920253,0.34513989881334417,14.999999999999998,3.0,0.1666666666666666,11.833333333333332,57.473213169012936,3.0,0.0,0.1666666666666666,0.0,0.0,2.1666666666666665,0.1666666666666666,9.5,0.0,0.0,14.964837592924818,27.50837557608812
3279.0,399.6666666666667,1097.0971035789555,0.3642947058768747,34.0,6.0,4.0,24.0,81.94588704750461,4.5,1.5,4.0,0.0,0.0,8.833333333333334,3.8333333333333335,11.333333333333334,0.0,0.0,21.93781639654545,26.00807065095915
3265.0,228.84297544539072,621.3075527654163,0.36832479249096417,0.0,0.0,0.0,0.0,22.655333670353624,0.0,0.0,0.0,0.0,0.0,0.0,0.0,0.0,0.0,0.0,7.790750756920522,14.864582913433102
3297.0,254.83333333333331,711.1250133600024,0.3583523691977427,0.0,0.0,0.0,0.0,28.5193776558682,0.0,0.0,0.0,0.0,0.0,0.0,0.0,0.0,0.0,0.0,11.680772802045064,16.83860485382314
3295.0,556.0000000854023,1482.9413947789994,0.3749305279648372,76.83333334513503,7.000000001075209,2.5000000003840035,67.33333334367582,136.89486921379768,6.5000000009984085,0.5000000000768007,1.500000000230402,1.0000000001536014,12.833333335304552,10.16666666822828,3.3333333338453377,41.000000006297654,0.0,0.0,23.88360731117495,36.17792855748769
3291.0,124.5,379.0211562138181,0.32847770621480965,501.33333333333337,109.33333333333334,5.0,387.0,531.6538710436537,76.5,32.833333333333336,5.0,0.0,24.33333333333333,222.16666666666663,42.0,98.5,0.0,0.0,22.31805443310209,8.0024832772182
3296.0,225.33333333333331,688.4921618097783,0.32728525585682716,37.0,0.3333333333333333,5.333333333333333,31.33333333333333,61.43907222379467,0.3333333333333333,0.0,5.333333333333333,0.0,23.83333333333333,0.6666666666666666,3.0,3.8333333333333335,0.0,0.0,9.434416079010534,15.004656144784128
3309.0,181.33333333333331,539.3555087795088,0.3362037290462964,0.0,0.0,0.0,0.0,23.68073901129539,0.0,0.0,0.0,0.0,0.0,0.0,0.0,0.0,0.0,0.0,11.67701409546809,12.0037249158273
3311.0,267.6666666666667,797.3313709439079,0.33570316736665434,66.66666666666666,20.5,3.8333333333333335,42.33333333333333,96.21001367586508,16.666666666666668,3.8333333333333335,3.8333333333333335,0.0,0.1666666666666666,5.333333333333333,5.5,31.33333333333333,1.0115527911782438,0.0,11.359801582070297,17.171992635949895
3316.0,727.0,2143.093396824544,0.3392292660120215,196.0,21.0,31.666666666666668,143.33333333333334,293.4523208055515,19.0,2.0,2.0,29.666666666666668,14.833333333333334,13.0,11.5,104.0,0.0,0.0,50.27103764374569,47.181283161805794
3317.0,297.46005841504206,891.1592324099357,0.3337900204553002,64.51991496642826,5.086029332939165,12.642415770448782,46.79146986304031,97.92646274473823,5.086029332939165,0.0,0.0,12.642415770448782,7.265756189913093,3.6328780949565465,1.017205866587833,34.875629711582846,0.0,0.0,14.218997284288989,19.18755049402097
3318.0,643.0,1998.3612386344228,0.32176364691670717,162.66666666666666,43.833333333333336,13.166666666666666,105.66666666666666,239.95299759563196,34.333333333333336,9.5,11.0,2.1666666666666665,3.5,25.0,8.666666666666666,68.5,0.0,0.0,35.44008566310092,41.84624526586431
3288.0,471.5,1216.5561051163895,0.387569465984383,439.66666666666674,73.66666666666667,22.666666666666668,343.33333333333337,503.0457627112935,54.833333333333336,18.83333333333333,22.166666666666668,0.5,7.833333333333333,56.66666666666666,84.0,194.83333333333331,0.1685998342999171,0.0,32.53425584678845,30.676240363538454
3284.0,803.6666666666666,2215.5388091837763,0.3627409564370233,0.0,0.0,0.0,0.0,81.74366489290756,0.0,0.0,0.0,0.0,0.0,0.0,0.0,0.0,2.023105582356488,0.0,27.370932180884093,52.34962712966697
3271.0,992.3333333333334,2666.116541473148,0.3722017840919381,254.16666666666669,66.0,37.66666666666667,150.5,387.4848292162621,57.16666666666666,8.833333333333334,36.333333333333336,1.3333333333333333,6.333333333333333,29.33333333333333,20.5,94.33333333333331,2.360072660937573,0.0,66.2714699077391,64.68661998091873
3272.0,1368.8333325288224,3867.5292425492667,0.3539296658624774,624.1666662998222,177.4999998956771,36.333333311978976,410.33333309216613,816.2423988492734,148.66666657929008,28.833333316386977,36.333333311978976,0.0,0.33333333313742175,78.16666662072541,54.99999996767459,276.83333317062875,2.0231055811674388,0.0,101.02500056155581,89.02762640672786
3270.0,216.16666666666663,584.5677455636736,0.3697889052332615,494.8333333333333,163.5,57.5,273.8333333333333,539.2278853209367,107.33333333333331,56.16666666666666,21.33333333333333,36.16666666666666,12.0,26.83333333333333,18.83333333333333,216.16666666666663,0.0,0.0,30.39015176844533,14.00440021915808
3283.0,396.0,1059.5482243050792,0.3737441967398158,303.33333333333337,134.33333333333334,14.0,155.0,357.6604254787191,129.5,4.833333333333333,7.166666666666667,6.833333333333333,7.833333333333333,71.33333333333333,4.333333333333333,71.5,0.0,0.0,28.319021494426583,26.00807065095915
3287.0,342.6666666666667,823.3272305081504,0.41619741697985113,391.6666666666666,96.16666666666669,55.66666666666667,239.8333333333333,439.19693204463255,50.333333333333336,45.833333333333336,24.0,31.666666666666668,15.333333333333334,48.0,13.333333333333334,163.16666666666666,0.0,0.0,25.35668800761167,22.173577370354167
3286.0,380.0,953.4091289124292,0.3985697099769464,122.16666666666666,52.83333333333333,9.666666666666666,59.66666666666667,175.11185003283714,36.0,16.833333333333332,1.8333333333333333,7.833333333333333,7.166666666666667,7.5,6.0,39.0,0.0,0.0,28.1041714828677,24.84101188330276
3292.0,347.1666666666667,788.6898695922172,0.44018147062820157,262.5,21.5,26.333333333333336,214.66666666666669,306.9380321623762,19.166666666666668,2.333333333333333,9.333333333333334,17.0,71.0,22.166666666666668,25.0,96.5,0.0,0.0,21.764351323794543,22.67368083858168
3293.0,488.3333333333333,1183.6312469931506,0.41257218797989303,1726.5,129.16666666666666,52.66666666666666,1544.6666666666667,1843.4564420566876,100.5,28.666666666666668,27.33333333333333,25.33333333333333,60.333333333333336,167.5,923.8333333333334,393.0,0.0,0.0,85.11325730581873,31.843184750868687
3301.0,758.8333333333334,2091.3097584579496,0.3628507590826084,204.83333333333331,33.0,13.333333333333334,158.5,296.55461699468214,22.666666666666668,10.333333333333334,13.333333333333334,0.0,0.0,61.5,15.166666666666666,81.83333333333333,1.0115527911782438,0.0,41.36111668357512,49.34861418659544
3304.0,459.8333333333333,1399.537761643555,0.32856086197583223,81.0,10.166666666666666,13.0,57.83333333333333,142.93246084636377,10.166666666666666,0.0,1.0,12.0,4.0,9.166666666666666,1.1666666666666667,43.5,0.0,0.0,31.92314855679551,30.009312289568253
3303.0,786.3333334997499,2291.170414937403,0.34320159180356435,31.000000006560718,2.3333333338271505,5.16666666776012,23.500000004973447,132.4630289222944,2.1666666671252113,0.16666666670193928,0.0,5.16666666776012,3.000000000634908,3.1666666673368473,0.16666666670193928,17.166666670299755,0.0,16.275362321162593,34.171835691508285,51.015830903062806
3432.0,346.0,1106.3070189432326,0.3127522415346387,25.0,16.0,9.0,0.0,60.64370013543056,16.0,0.0,9.0,0.0,0.0,0.0,0.0,0.0,0.0,0.0,12.63656071342824,23.007139422002325
3426.0,943.1666666666666,2525.1539915974117,0.373508574053347,259.66666666666663,47.0,48.66666666666666,164.0,380.6556154455229,13.5,33.5,1.5,47.16666666666666,6.333333333333333,66.66666666666667,41.16666666666666,49.833333333333336,0.0,0.0,59.80326543206339,61.1856833467929
3431.0,258.5,806.2913250100777,0.3206037222300129,0.0,0.0,0.0,0.0,34.143053111522704,0.0,0.0,0.0,0.0,0.0,0.0,0.0,0.0,0.0,0.0,17.137776147434025,17.005276964088676
3450.0,246.0,750.7855504196659,0.3276568120716942,0.0,0.0,0.0,0.0,27.38385621391745,0.0,0.0,0.0,0.0,0.0,0.0,0.0,0.0,0.0,0.0,11.378889659481054,16.0049665544364
3442.0,708.3333333333334,1985.3104188911727,0.356787193878199,59.0,0.1666666666666666,0.0,58.833333333333336,172.32067896020726,0.1666666666666666,0.0,0.0,0.0,0.0,58.833333333333336,0.0,0.0,0.0,0.0,67.13968989078607,46.18098906942118
3443.0,749.5000001068644,2253.605515520014,0.33257817082237623,0.0,0.0,0.0,0.0,74.37633463427346,0.0,0.0,0.0,0.0,0.0,0.0,0.0,0.0,0.0,0.0,25.52783477976365,48.84849985450981
3282.0,847.6666666666666,2482.664658716509,0.34143421814563324,95.0,56.66666666666667,16.333333333333332,22.0,186.62572475304495,11.333333333333334,45.333333333333336,13.0,3.333333333333333,0.5,5.333333333333333,0.5,15.666666666666666,0.0,0.0,36.4418820662824,55.183842686762574
3421.0,392.1666666666667,1013.836503430386,0.3868145064216406,1106.0,216.66666666666669,319.5,569.8333333333334,1203.366455651034,157.33333333333334,59.333333333333336,13.666666666666666,305.8333333333333,49.833333333333336,207.33333333333331,58.5,254.16666666666663,0.0,0.0,71.85858105324029,25.507874597793958
3420.0,524.0,1360.934253292981,0.38502962118273143,595.3333333333333,78.66666666666666,99.16666666666666,417.5,671.4714785374824,32.5,46.16666666666666,7.333333333333333,91.83333333333331,19.5,227.5,8.5,162.0,0.0,0.0,41.96082112008437,34.1773240840648
3425.0,678.3333333333334,1621.6580762851784,0.41829615210083554,366.1666666666666,144.0,42.16666666666666,180.0,481.7628066925526,139.33333333333334,4.666666666666667,4.5,37.66666666666666,9.166666666666666,70.16666666666667,4.166666666666667,96.5,0.0,0.0,71.58250924551385,44.01363078037209
3424.0,661.0,1757.925409885056,0.37601140314777076,143.0,35.166666666666664,4.166666666666667,103.66666666666669,235.39644400721173,3.333333333333333,31.83333333333333,0.8333333333333334,3.333333333333333,16.333333333333332,78.16666666666667,1.1666666666666667,8.0,0.0,0.0,49.38309639216391,43.01334761504783
3423.0,166.0,440.029845732756,0.3772471381425728,572.1666666666667,122.5,48.333333333333336,401.33333333333337,608.6527043216604,62.16666666666666,60.333333333333336,13.333333333333334,35.0,157.5,37.333333333333336,68.66666666666667,137.83333333333334,0.0,0.0,25.816010930945392,10.67002672404827
3430.0,457.1666666666667,998.9656234374856,0.4576400387968663,96.0,2.833333333333333,1.3333333333333333,91.83333333333331,148.51728901742928,0.0,2.833333333333333,0.0,1.3333333333333333,52.66666666666666,6.166666666666667,16.166666666666668,16.833333333333332,0.0,0.0,22.8414952417526,29.67579377567669
3436.0,289.5,776.0412841344388,0.3730471637509532,194.16666666666669,2.1666666666666665,2.0,190.00000000000003,229.6457222093817,0.3333333333333333,1.8333333333333333,1.1666666666666667,0.8333333333333334,156.33333333333334,16.0,6.333333333333333,11.333333333333334,0.0,0.0,16.473157759321776,19.005897783393227
3438.0,254.33333333333331,669.8629095977929,0.3796796772731352,0.0,0.0,0.0,0.0,24.997705297861167,0.0,0.0,0.0,0.0,0.0,0.0,0.0,0.0,0.0,0.0,8.659274713559428,16.338430584301737
3435.0,643.5,1667.0573642098043,0.3860095122191689,0.0,0.0,0.0,0.0,63.93148785660962,0.0,0.0,0.0,0.0,0.0,0.0,0.0,0.0,0.0,0.0,21.918450651214066,42.01303720539556
3440.0,174.5,458.52927350915365,0.3805645791478926,0.0,0.0,0.0,0.0,22.78125469554964,0.0,0.0,0.0,0.0,0.0,0.0,0.0,0.0,0.0,0.0,11.777840189374617,11.003414506175025
3449.0,36.333333333333336,89.0896063769236,0.4078290926509758,0.0,0.0,0.0,0.0,7.404942726857691,0.0,0.0,0.0,0.0,0.0,0.0,0.0,0.0,0.0,0.0,5.40432190755314,2.0006208193045505
3470.0,25.166666666666668,64.29478367990733,0.39142625927414804,0.0,0.0,0.0,0.0,9.703954131195744,0.0,0.0,0.0,0.0,0.0,0.0,0.0,0.0,1.0115527911782438,0.0,6.858496192574166,1.8339051474433328
3478.0,577.5,1509.1911914191344,0.38265529462636255,573.6666666666666,165.5,78.16666666666666,330.0,659.2391073625155,63.66666666666666,101.83333333333331,25.5,52.66666666666666,212.0,52.5,14.333333333333334,51.16666666666666,0.0,0.0,47.89410917316735,37.67833152268158
3457.0,891.0,2513.638447851717,0.3544662522016616,226.33333333333331,31.5,30.166666666666664,164.66666666666669,349.4426177154471,23.83333333333333,7.666666666666667,8.333333333333334,21.83333333333333,78.16666666666667,15.166666666666666,7.0,64.33333333333333,0.0,0.0,65.09128062228183,58.01800375983195
3453.0,29.166666666666668,72.54450138033945,0.4020520661345566,0.0,0.0,0.0,0.0,12.661262219464149,0.0,0.0,0.0,0.0,0.0,0.0,0.0,0.0,0.0,0.0,10.660641400159596,2.0006208193045505
3456.0,25.666666666666668,69.91973863817144,0.36708756592311415,0.0,0.0,0.0,0.0,10.375987121891516,0.0,0.0,0.0,0.0,0.0,0.0,0.0,0.0,0.0,0.0,8.542081974448182,1.8339051474433328
3455.0,2.0,4.500607323417519,0.4443844699788889,0.0,0.0,0.0,0.0,2.258038435757378,0.0,0.0,0.0,0.0,0.0,0.0,0.0,0.0,2.023105582356488,0.0,0.2349328534008906,0.0
3469.0,28.33333333333333,78.20978808921818,0.3622734957549296,0.0,0.0,0.0,0.0,9.299648949739693,0.0,0.0,0.0,0.0,0.0,0.0,0.0,0.0,0.0,0.0,7.2990281304351425,2.0006208193045505
3477.0,208.83333333333331,542.2316486234032,0.3851367471144691,680.0,247.33333333333331,81.33333333333333,351.3333333333333,732.4225075734973,183.83333333333331,63.5,7.833333333333333,73.5,271.8333333333333,20.666666666666668,11.333333333333334,47.5,0.0,0.0,38.41816183836543,14.004345735131851
3484.0,512.3333333333334,1288.780533717238,0.3975334201049786,247.66666666666663,82.5,9.666666666666666,155.49999999999997,356.0442822831169,30.166666666666668,52.333333333333336,3.6666666666666665,6.0,129.66666666666666,8.5,9.166666666666666,8.166666666666666,0.0,37.97584541418241,37.05801364903412,33.343756553233725
3486.0,827.1666666666666,2174.257499684184,0.38043638657648166,0.0,0.0,0.0,0.0,82.1900006335087,0.0,0.0,0.0,0.0,0.0,0.0,0.0,0.0,0.0,0.0,28.17323851228585,54.01676212122285
3501.0,469.37914175400783,1306.2262891475823,0.35933983694380817,11.900481639179327,0.6898829935756132,1.7247074839390328,9.485891161664679,58.82998113846061,0.3449414967878066,0.3449414967878066,0.9485891161664681,0.7761183677725649,4.398004084044534,3.1044734710902597,0.6036476193786616,1.3797659871512264,0.0,0.0,16.392701058008928,30.536798441272357
3483.0,625.8333333333334,1447.2762464432744,0.43242147784249063,1447.0,22.5,23.166666666666668,1401.3333333333333,1572.7821888650951,1.0,21.5,10.833333333333334,12.333333333333334,1017.6666666666666,330.1666666666667,41.333333333333336,12.166666666666666,0.0,0.0,84.76946206935203,41.01272679574328
3482.0,954.5,2326.3744428586456,0.41029508509692525,244.83333333333331,4.333333333333334,9.0,231.5,356.54210874060755,0.1666666666666666,4.166666666666667,5.5,3.5,204.0,21.0,5.333333333333333,1.1666666666666667,0.0,0.0,49.68953000883315,62.01924539844106
3489.0,24.5,54.50322066284215,0.4495147204521622,0.0,0.0,0.0,0.0,9.501828451860732,0.0,0.0,0.0,0.0,0.0,0.0,0.0,0.0,0.0,0.0,7.501207632556181,2.0006208193045505
3490.0,178.5,456.2811875854804,0.391206135288143,0.0,0.0,0.0,0.0,37.92959835139026,0.0,0.0,0.0,0.0,0.0,0.0,0.0,0.0,1.0115527911782438,0.0,25.081069002388837,11.836976557823183
3497.0,182.33333333333331,485.7323589046986,0.3753781892243819,55.0,1.0,1.0,53.0,91.08805126224604,0.0,1.0,1.0,0.0,48.833333333333336,4.166666666666667,0.0,0.0,0.0,0.0,24.084326346418752,12.0037249158273
3500.0,13.0,34.99971006942082,0.3714316482683688,2038.1666666666663,76.33333333333334,47.5,1914.333333333333,2168.0203798720186,27.0,49.333333333333336,38.66666666666666,8.833333333333334,1794.8333333333333,68.83333333333333,45.333333333333336,5.333333333333333,4.046211164712975,0.0,124.807191630987,1.0003104096522752
3495.0,263.5,648.1545776874974,0.4065388243343464,156.16666666666669,2.1666666666666665,1.8333333333333333,152.16666666666669,209.5171692834622,0.0,2.1666666666666665,1.8333333333333333,0.0,145.0,4.333333333333333,2.833333333333333,0.0,2.023105582356488,0.0,34.15540439848913,17.171992635949895
3502.0,0.9999999985844776,0.9999999985844776,1.0,2367.8333299816127,50.83333326137762,64.99999990799104,2251.9999968122443,2466.113532119754,4.49999999363015,46.33333326774746,47.999999932054926,16.99999997593612,2102.499997023864,72.33333323094388,64.33333324226805,12.833333315167463,0.0,0.0,98.2802021381412,0.0
3481.0,36.66666666666666,94.04601126190884,0.38988008289425075,61.0,0.8333333333333334,26.0,34.166666666666664,88.86235546009948,0.8333333333333334,0.0,4.166666666666667,21.83333333333333,32.0,0.5,0.1666666666666666,1.5,3.034658373534732,0.0,22.66032790925609,2.167369177308668
3452.0,17.666666666666668,45.41873834571432,0.3889730826997682,0.0,0.0,0.0,0.0,5.7800445587412845,0.0,0.0,0.0,0.0,0.0,0.0,0.0,0.0,1.0115527911782438,0.0,3.7681813579107657,1.0003104096522752
3451.0,18.0,45.00416213615256,0.3999630066557847,0.0,0.0,0.0,0.0,10.671389784201123,0.0,0.0,0.0,0.0,0.0,0.0,0.0,0.0,5.057763955891219,0.0,4.613315418657629,1.0003104096522752
3468.0,885.6666666666666,2234.648053745184,0.39633385005854654,64.0,0.0,0.0,64.0,154.36477023410532,0.0,0.0,0.0,0.0,0.0,64.0,0.0,0.0,0.0,0.0,32.34676647427337,58.01800375983195
3466.0,10.333333333333334,25.45765172193299,0.4059028478432153,205.0,5.0,9.5,190.5,217.667813901199,0.1666666666666666,4.833333333333333,9.166666666666666,0.3333333333333333,144.66666666666666,42.5,3.1666666666666665,0.1666666666666666,0.0,0.0,11.66750349154673,1.0003104096522752
3465.0,26.33333333333333,73.96209424717647,0.35603823284572034,0.0,0.0,0.0,0.0,10.57598899000724,0.0,0.0,0.0,0.0,0.0,0.0,0.0,0.0,1.0115527911782438,0.0,7.730585535411894,1.8338506634171028
3474.0,450.0,1160.1782495514933,0.38787143283712044,28.0,0.0,1.0,27.0,73.29013428102384,0.0,0.0,1.0,0.0,27.0,0.0,0.0,0.0,0.0,0.0,16.281132401107868,29.00900187991597
3467.0,928.1666666666666,2540.420919523096,0.3653594014809593,0.0,0.0,0.0,0.0,91.79898829863842,0.0,0.0,0.0,0.0,0.0,0.0,0.0,0.0,0.0,0.0,31.780363719501903,60.01862457913651
3472.0,686.3333333333334,1738.8936023760125,0.3946954157491477,180.0,1.3333333333333333,19.666666666666668,159.0,255.8547888407064,0.3333333333333333,1.0,4.666666666666667,15.0,151.0,2.833333333333333,3.6666666666666665,1.5,0.0,0.0,31.17422451998795,44.68056432071842
3471.0,21.5,60.37729685667583,0.3560941135048973,1.0,0.0,0.0,1.0,7.778878321631987,0.0,0.0,0.0,0.0,1.0,0.0,0.0,0.0,1.0115527911782438,0.0,4.767015120801467,1.0003104096522752
3473.0,423.5,1065.167025700606,0.39759022743071293,165.0,51.83333333333333,24.83333333333333,88.33333333333333,239.553966180648,32.166666666666664,19.666666666666668,1.5,23.33333333333333,40.0,3.0,41.16666666666666,4.166666666666667,0.0,0.0,46.71199038224555,27.841975798402483
3459.0,44.0,150.88340774132098,0.29161589507200764,0.0,0.0,0.0,0.0,33.83463783725216,0.0,0.0,0.0,0.0,0.0,0.0,0.0,0.0,29.335030944169077,0.0,1.49867566412626,3.000931228956825
3461.0,141.5,466.1465888137939,0.30355258065939283,73.0,0.0,32.0,41.0,161.02664207512237,0.0,0.0,32.0,0.0,17.166666666666668,23.83333333333333,0.0,0.0,62.88487288735104,0.0,16.13897550090083,9.002793686870476
3479.0,446.1666717478693,1110.090523659202,0.4019191788766612,0.0,0.0,0.0,0.0,44.53865744844173,0.0,0.0,0.0,0.0,0.0,0.0,0.0,0.0,0.0,0.0,15.529655238154565,29.00900221028717
3464.0,24.33333333333333,80.21174424432014,0.30336372263911204,255.00000000000003,2.0,11.333333333333332,241.66666666666669,270.3825353135613,0.0,2.0,5.833333333333333,5.5,203.5,33.833333333333336,4.333333333333333,0.0,3.034658373534732,0.0,10.513966346138536,1.83391059388802
3505.0,0.0,0.0,0.0,0.0,0.0,0.0,0.0,87.83653950885584,0.0,0.0,0.0,0.0,0.0,0.0,0.0,0.0,87.83653950885584,0.0,0.0,0.0
3508.0,316.8333333333333,949.2609735499946,0.3337684179182646,131.83333333333334,11.833333333333332,9.0,111.0,303.13899976809444,10.666666666666666,1.1666666666666667,9.0,0.0,63.16666666666666,47.333333333333336,0.5,0.0,59.68170780287853,0.0,90.95092585693352,20.673032774949117
3510.0,100.33333333333331,287.84723771416674,0.3485645168252914,209.0,1.0,3.0,205.0,302.1060398178709,0.0,1.0,3.0,0.0,190.5,13.5,1.0,0.0,49.56608676773394,0.0,37.20461021091936,6.335342839217628
3512.0,269.0,859.539082954148,0.3129584277604626,0.0,0.0,0.0,0.0,47.1802785390808,0.0,0.0,0.0,0.0,0.0,0.0,0.0,0.0,1.0115527911782438,0.0,28.32985404602282,17.838871701879736
3511.0,430.1666666666667,1119.71977880014,0.3841735002016497,17.0,0.0,1.0,16.0,70.40658960052689,0.0,0.0,0.0,1.0,14.0,2.0,0.0,0.0,0.0,0.0,25.39789813026319,28.008691470263702
3556.0,0.0,0.0,0.0,0.0,0.0,0.0,0.0,6.069316743370319,0.0,0.0,0.0,0.0,0.0,0.0,0.0,0.0,6.069316743370319,0.0,0.0,0.0
2728.0,0.0,0.0,0.0,2776.6666666666665,468.0,1253.3333333333333,1055.3333333333333,3224.9278325587443,435.1666666666667,32.833333333333336,1033.3333333333333,220.0,182.0,205.0,88.33333333333333,580.0,2.023105582356488,336.35748792532434,109.88057238439684,0.0
3552.0,0.9999999989611188,2.374799989473574,0.42108809305780337,218.49999977300445,35.49999996311972,39.16666662597716,143.83333318390757,312.7789383028889,24.333333308053884,11.166666655065827,21.499999977664054,17.6666666483131,45.16666661974386,27.499999971430768,11.333333321559348,59.83333327117361,0.0,86.80193227547628,7.477006254408113,0.0
3515.0,55.49999999656088,144.0061739072864,0.3854001428597965,0.0,0.0,0.0,0.0,5.891786345008217,0.0,0.0,0.0,0.0,0.0,0.0,0.0,0.0,0.0,0.0,1.8905447066470575,4.001241638361159
2720.0,1199.0,3954.3265127335294,0.30321218951926165,99.0,9.666666666666668,12.666666666666668,76.66666666666667,223.91610937479885,5.166666666666667,4.5,7.166666666666667,5.5,9.833333333333334,35.333333333333336,15.0,16.5,1.0115527911782438,0.0,45.88025746057402,78.02429912304659
3509.0,101.5,280.5142670657323,0.3618354284141124,0.0,0.0,0.0,0.0,219.1197357640344,0.0,0.0,0.0,0.0,0.0,0.0,0.0,0.0,189.16041849915385,0.0,23.29058664353616,6.668730621344384
2909.0,422.1666666666667,893.5788448669988,0.4724447865923934,1092.3333333333333,145.83333333333334,41.0,905.5,1174.760441978659,118.5,27.33333333333333,38.0,3.0,84.16666666666667,149.5,141.5,530.3333333333334,0.0,0.0,54.91853153154874,27.508577113776624
2958.0,237.5,667.0304079081986,0.3560557317691076,59.0,0.0,0.0,59.0,160.92903712032043,0.0,0.0,0.0,0.0,0.0,59.0,0.0,0.0,0.0,0.0,86.591031294321,15.338005825999426
3015.0,154.5,440.3932452412111,0.350822819535703,145.0,10.666666666666668,10.5,123.83333333333331,165.37006215529283,9.833333333333334,0.8333333333333334,10.0,0.5,4.0,8.5,64.83333333333333,46.5,0.0,0.0,10.366958058770072,10.00310409652275
2318.0,767.8333333333334,2267.692057757826,0.3385968261019207,0.0,0.0,0.0,0.0,80.33539790751128,0.0,0.0,0.0,0.0,0.0,0.0,0.0,0.0,0.0,0.0,30.31987742489752,50.01552048261376
2457.0,777.8333333333334,2399.185782274613,0.32420721191332147,39.0,7.0,4.166666666666666,27.833333333333336,117.49155265828732,5.333333333333333,1.6666666666666667,2.6666666666666665,1.5,5.166666666666667,6.5,4.666666666666667,11.5,0.0,0.0,27.80913132609996,50.68242133218738
2713.0,297.1666666666667,832.4580717181325,0.3569749357506216,830.6666666666667,73.5,203.5,553.6666666666667,890.109593613874,48.833333333333336,24.666666666666668,69.83333333333333,133.66666666666666,116.0,119.16666666666669,136.5,182.0,2.023105582356488,0.0,38.413923581457645,19.005897783393227
2712.0,126.5,360.6389947884274,0.35076628381302066,0.0,0.0,0.0,0.0,13.477464983614944,0.0,0.0,0.0,0.0,0.0,0.0,0.0,0.0,0.0,0.0,5.474981706396743,8.0024832772182
2765.0,910.5,2047.7106471692207,0.4446428997469373,752.5000000000001,217.0,20.83333333333333,514.6666666666667,880.3266051680125,163.33333333333334,53.66666666666666,10.666666666666666,10.166666666666666,270.1666666666667,57.66666666666666,53.5,133.33333333333334,0.0,0.0,68.80829099852824,59.01831416948423
2764.0,496.5,970.3977129570612,0.5116458884543655,568.8333333333334,72.66666666666667,18.5,477.6666666666667,637.5080785160341,66.16666666666667,6.5,10.833333333333334,7.666666666666667,344.6666666666667,26.83333333333333,37.5,68.66666666666667,0.0,0.0,36.49808004733092,32.17666513536972
2848.0,478.8333333333333,1315.269588816025,0.364057176874566,515.5,52.16666666666666,81.66666666666667,381.6666666666667,589.2114965118876,8.166666666666666,44.0,70.0,11.666666666666666,91.66666666666669,5.0,175.83333333333334,109.16666666666669,0.0,0.0,42.70187381266714,31.00962269922053
3308.0,351.1666666666667,948.7086398909928,0.3701522805853396,8.5,0.6666666666666666,4.0,3.833333333333333,43.75670604351611,0.6666666666666666,0.0,2.0,2.0,3.0,0.0,0.1666666666666666,0.6666666666666666,0.0,0.0,12.249566621513788,23.007139422002325
2321.0,35.166666666666664,87.54683558401796,0.40168975191476236,129.33333333333334,4.0,9.166666666666666,116.16666666666669,146.82143214405906,0.1666666666666666,3.8333333333333335,8.166666666666666,1.0,107.5,4.5,4.166666666666667,0.0,1.0115527911782438,0.0,14.309231312025505,2.1673147075219745
2382.0,364.835895938617,1098.1559561779839,0.33222594102971487,68.80916042797199,3.3283713048665127,3.2749480508287268,62.20584107227677,257.06025985155577,2.7106255906832883,0.6177457141832247,1.6147279273305841,1.6602201234981424,46.580338139675526,7.748904663820853,2.6204343041351947,5.256163964645197,2.8405791918268,0.0,161.62935557088616,23.78116466087084
2441.0,1483.8333333333333,3998.667591091504,0.37108194155451063,0.0,0.0,0.0,0.0,147.2376540772875,0.0,0.0,0.0,0.0,0.0,0.0,0.0,0.0,0.0,0.0,50.54098658723836,96.69666749004914
2446.0,545.5,1593.4526983556657,0.34233837035948333,29.0,0.0,0.1666666666666666,28.83333333333333,84.07888504475665,0.0,0.0,0.1666666666666666,0.0,21.83333333333333,2.0,0.0,5.0,0.0,0.0,19.567884552556617,35.51100049220003
2607.0,178.83333333333334,532.2351753291908,0.33600434849636496,55.33333333333333,12.5,21.33333333333333,21.5,81.97689165617052,12.166666666666666,0.3333333333333333,20.83333333333333,0.5,3.333333333333333,1.1666666666666667,1.6666666666666667,15.333333333333334,0.0,0.0,14.973313788313874,11.670244534523322
2613.0,250.16666666666663,802.20716174494,0.31184795972465595,48.0,0.0,0.0,48.0,74.16007019908261,0.0,0.0,0.0,0.0,0.0,48.0,0.0,0.0,0.0,0.0,10.1551036446462,16.0049665544364
2553.0,47.0,122.63046841863977,0.3832652733540079,4577.833333333333,107.16666666666666,51.833333333333336,4418.833333333333,4738.35945130352,36.66666666666666,70.5,51.5,0.3333333333333333,2957.6666666666665,5.833333333333333,43.0,1412.3333333333333,0.0,0.0,157.52518674122942,3.000931228956825
2648.0,302.0,731.9074854402079,0.41262045546420556,204.0,66.83333333333333,4.0,133.16666666666669,241.24103182615195,64.83333333333333,2.0,4.0,0.0,12.0,62.333333333333336,31.0,27.83333333333333,0.0,0.0,17.234823633106423,20.006208193045502
2722.0,407.50000039994603,1025.9296937274185,0.3972007077009466,0.0,0.0,0.0,0.0,86.22126874432706,0.0,0.0,0.0,0.0,0.0,0.0,0.0,0.0,0.0,0.0,59.71311639700697,26.508152347320095
2725.0,366.8333333333333,1086.3921134470145,0.3376619995605523,0.0,0.0,0.0,0.0,106.83780840955312,0.0,0.0,0.0,0.0,0.0,0.0,0.0,0.0,0.0,0.0,82.99710693590265,23.840701473650483
2715.0,251.16666666666663,615.1934009024914,0.408272693267197,0.0,0.0,0.0,0.0,34.226257538317014,0.0,0.0,0.0,0.0,0.0,0.0,0.0,0.0,0.0,0.0,18.22129098388061,16.0049665544364
2700.0,261.0,779.2902060836636,0.3349201593481586,69.0,2.333333333333333,0.8333333333333333,65.83333333333333,101.746677219212,2.333333333333333,0.0,0.1666666666666666,0.6666666666666666,11.5,36.66666666666666,2.5,15.166666666666666,0.0,0.0,15.741400255123324,17.005276964088676
2701.0,299.6666666666667,786.7019492576806,0.3809151190605634,74.0,6.666666666666666,8.166666666666666,59.16666666666667,121.06737415824644,6.333333333333333,0.3333333333333333,0.0,8.166666666666666,8.833333333333334,22.0,2.5,25.83333333333333,0.0,0.0,27.728012330748346,19.3393618274981
2687.0,382.0,1196.320146175371,0.3193125194967684,35.0,0.0,0.1666666666666666,34.833333333333336,76.21165287807585,0.0,0.0,0.1666666666666666,0.0,0.0,34.833333333333336,0.0,0.0,0.0,0.0,16.203892636768966,25.00776024130688
2688.0,369.3333333333333,1141.6379249144704,0.32351179412772496,0.0,0.0,0.0,0.0,38.585346669106144,0.0,0.0,0.0,0.0,0.0,0.0,0.0,0.0,0.0,0.0,14.577896837451542,24.0074498316546
2681.0,484.6666666666667,1590.3738941965012,0.3047501398477954,0.0,0.0,0.0,0.0,51.20863435910127,0.0,0.0,0.0,0.0,0.0,0.0,0.0,0.0,2.023105582356488,0.0,17.50905971197685,31.67646906476793
2660.0,695.6666666666666,1884.5012550095253,0.3691516069927745,1011.5,305.8333333333333,41.83333333333333,663.8333333333333,1117.4878461715634,51.833333333333336,254.0,12.0,29.83333333333333,311.3333333333333,45.833333333333336,208.16666666666663,98.5,0.0,0.0,60.64035922331952,45.34748694824395
2763.0,1866.3333333333333,3743.2302344929535,0.498588977011226,2971.9999999999995,495.0,281.16666666666663,2195.833333333333,3258.1472318764017,116.0,379.0,103.5,177.66666666666666,1251.3333333333333,191.16666666666663,291.8333333333333,461.5,0.0,0.0,164.77633355432133,121.37089832208024
2570.0,585.0,1687.449365787599,0.3466770688713125,1537.1666666666667,125.66666666666669,208.0,1203.5,1649.9823617295328,116.16666666666669,9.5,12.666666666666666,195.33333333333331,377.8333333333333,162.83333333333334,92.0,570.8333333333334,2.023105582356488,0.0,72.78079391372297,38.01179556678645
2760.0,713.3333333333334,1995.059702203151,0.35754986807943495,0.0,0.0,0.0,0.0,70.31144226877097,0.0,0.0,0.0,0.0,0.0,0.0,0.0,0.0,0.0,0.0,24.297163424766325,46.01427884400465
2782.0,365.6666666666667,1009.3395121040884,0.3622831190908112,36.0,0.0,0.1666666666666666,35.833333333333336,77.68831083784417,0.0,0.0,0.1666666666666666,0.0,0.0,35.833333333333336,0.0,0.0,0.0,0.0,17.680861006189573,24.0074498316546
2751.0,195.33333333333331,509.7248219241124,0.38321330437860146,1739.6666666666667,237.16666666666663,96.16666666666666,1406.3333333333337,1818.9370963134224,138.16666666666666,99.0,18.33333333333333,77.83333333333333,58.833333333333336,14.5,69.83333333333333,1263.1666666666667,0.0,0.0,66.76653047564643,12.503899171109166
2762.0,181.16666666666663,290.67567116963687,0.6232605086544676,605.3333333333333,79.33333333333334,108.33333333333331,417.6666666666666,645.4582166720833,55.333333333333336,24.0,3.333333333333333,105.0,26.666666666666668,34.833333333333336,98.83333333333331,257.3333333333333,0.0,0.0,28.121158422922637,12.0037249158273
2806.0,622.6666666666666,1530.5982727790135,0.4068126024578147,1160.0,275.3333333333333,28.33333333333333,856.3333333333334,1267.0266297639853,57.16666666666666,218.16666666666663,28.0,0.3333333333333333,110.83333333333331,56.16666666666666,148.0,541.3333333333334,0.0,0.0,66.34734521446345,40.67928454952173
2857.0,380.0,872.6625609821382,0.43544895471661915,240.8333333333333,21.666666666666664,7.333333333333333,211.8333333333333,286.9873975025586,18.33333333333333,3.333333333333333,7.0,0.3333333333333333,11.333333333333334,47.5,44.66666666666666,108.33333333333331,0.0,0.0,21.146303927918428,25.00776024130688
2892.0,689.5,1790.3361101913297,0.3851232157331142,236.8333333333333,0.1666666666666666,6.0,230.66666666666663,316.0648606336033,0.0,0.1666666666666666,6.0,0.0,29.666666666666668,159.83333333333334,10.166666666666666,31.0,0.0,0.0,34.2175588659176,45.01396843435237
2895.0,367.8333333333333,852.9952614815764,0.43122552954683446,0.0,0.0,0.0,0.0,36.53465237193396,0.0,0.0,0.0,0.0,0.0,0.0,0.0,0.0,0.0,0.0,12.527202540279362,24.0074498316546
2993.0,110.0,230.7591638257709,0.4766874614047953,68.0,0.0,0.0,68.0,81.06499714516761,0.0,0.0,0.0,0.0,0.0,67.66666666666667,0.0,0.3333333333333333,0.0,0.0,6.062824277601688,7.002172867565925
2919.0,352.4999987906016,897.5398621437864,0.3927402154024117,0.0,0.0,0.0,0.0,37.34503424624117,0.0,0.0,0.0,0.0,0.0,0.0,0.0,0.0,0.0,0.0,14.337894903174442,23.00713934306673
2983.0,1.0,1.0,1.0,6055.333333333333,275.0,76.66666666666666,5703.666666666666,6261.617206749877,104.5,170.5,10.833333333333334,65.83333333333333,144.66666666666666,236.66666666666663,4783.5,538.8333333333334,0.0,0.0,206.28387341654457,0.0
2967.0,347.0,602.0193521786467,0.5763934311151998,280.1666666666667,3.0,1.1666666666666667,276.0,324.5357525917409,2.5,0.5,0.8333333333333334,0.3333333333333333,14.833333333333334,186.0,38.833333333333336,36.333333333333336,0.0,0.0,21.361946503071863,23.007139422002325
2985.0,110.0,185.00569181724904,0.5945763015154116,1875.6666666666667,163.0,61.5,1651.1666666666667,1950.302394779004,126.83333333333331,36.16666666666666,53.16666666666666,8.333333333333334,68.5,502.5,141.33333333333334,938.8333333333334,0.0,0.0,67.63355524477127,7.002172867565925
2989.0,403.8333333333333,860.4894434779579,0.4693065515145716,574.1666666666666,120.66666666666666,3.8333333333333335,449.6666666666666,633.650754388438,71.33333333333333,49.333333333333336,3.8333333333333335,0.0,48.66666666666666,49.5,45.16666666666666,306.3333333333333,0.0,0.0,33.30924691492472,26.1748408068466
2946.0,518.350510096303,1541.1332938262296,0.33634372326703466,157.58058642312835,91.94870147964909,25.036217537016952,40.59566740646232,218.92442511326524,49.876266405624236,42.07243507402485,25.036217537016952,0.0,1.651585683202212,10.896083028722714,8.927234943437918,19.120763751099474,0.8792628151317032,0.0,26.729755820247597,33.7348200547576
2951.0,360.0,954.2932647307068,0.3772425241852554,213.16666666666669,21.166666666666668,6.333333333333334,185.66666666666669,292.8583880178527,20.0,1.1666666666666667,4.666666666666667,1.6666666666666667,11.0,43.333333333333336,17.5,113.83333333333331,0.0,0.0,56.18440222745716,23.50731912372888
2956.0,195.32260007128443,550.5263357810176,0.3547924729053793,84.83259471585018,16.90719545036175,4.745879424662947,63.17951984082549,213.95499300273,14.682564470050995,2.2246309803107565,4.745879424662947,0.0,0.0,11.123154901553784,18.983517698651784,33.07284724061991,0.9001326709899755,0.0,115.61235511419969,12.60991050169018
2959.0,438.6666666666667,1263.365128258299,0.347220812775972,0.0,0.0,0.0,0.0,56.27448509393153,0.0,0.0,0.0,0.0,0.0,0.0,0.0,0.0,0.0,0.0,27.932280551591145,28.342204542340383
2996.0,607.8333333333334,1451.7779685677258,0.4186820205936868,2392.166666666667,294.3333333333333,32.5,2065.333333333333,2533.86203447415,178.66666666666666,115.66666666666669,28.0,4.5,179.16666666666666,767.0,207.83333333333331,911.3333333333334,0.0,0.0,102.1828370019252,39.51253080555789
3017.0,464.0,1173.935995696631,0.3952515313449057,46.333333333333336,2.0,33.333333333333336,11.0,103.88801598522905,1.1666666666666667,0.8333333333333334,33.333333333333336,0.0,0.0,0.3333333333333333,2.6666666666666665,8.0,0.0,0.0,27.37877996154681,30.17590269034888
3024.0,1.0,3.25017075451747,0.30767614243346514,4641.166666666666,916.0,140.5,3584.6666666666665,4799.28398566189,661.5,254.5,131.33333333333334,9.166666666666666,299.6666666666667,319.3333333333333,498.0,2467.6666666666665,0.0,0.0,158.11731899522422,0.0
3038.0,106.66666666666669,317.6872982306288,0.3357599351964987,638.3333333333333,70.5,322.3333333333333,245.5,685.2097582966234,48.16666666666666,22.33333333333333,317.3333333333333,5.0,25.0,49.16666666666666,62.16666666666666,109.16666666666669,0.0,0.0,39.87425209572411,7.002172867565925
3083.0,157.83333333333334,448.2291415064908,0.3521264431912171,109.33333333333331,6.0,61.0,42.33333333333333,145.9396225540048,6.0,0.0,21.33333333333333,39.66666666666666,6.166666666666667,7.333333333333333,3.5,25.33333333333333,0.0,0.0,26.436420414705957,10.16986880596551
3077.0,365.8333333333333,1006.2542757232892,0.3635595317797528,327.00000000000006,7.833333333333333,7.833333333333334,311.33333333333337,374.606089768326,1.8333333333333333,6.0,6.166666666666667,1.6666666666666667,272.8333333333333,20.166666666666668,10.166666666666666,8.166666666666666,0.0,0.0,23.598639936671336,24.0074498316546
3088.0,421.8333333333333,1244.3990580418838,0.3389855775020486,0.0,0.0,0.0,0.0,47.37586289459291,0.0,0.0,0.0,0.0,0.0,0.0,0.0,0.0,0.0,0.0,20.034072273902844,27.341790620690077
3087.0,230.0,643.5296108114494,0.3574039113910933,0.0,0.0,0.0,0.0,22.83849306965012,0.0,0.0,0.0,0.0,0.0,0.0,0.0,0.0,0.0,0.0,7.833836924865991,15.004656144784128
3101.0,240.33333333333331,669.8672768973678,0.35877753940525065,41.0,3.0,4.0,34.0,66.25705447923244,3.0,0.0,0.0,4.0,10.833333333333334,2.0,0.0,21.166666666666668,0.0,0.0,9.585475706922784,15.671578772309646
3220.0,384.3333333333333,1265.8950135168936,0.30360600936848886,0.0,0.0,0.0,0.0,38.095515563646856,0.0,0.0,0.0,0.0,0.0,0.0,0.0,0.0,0.0,0.0,13.087755322339978,25.00776024130688
3226.0,286.3333333333333,855.753378977578,0.3345979582054746,68.0,0.0,0.0,68.0,98.74327838355153,0.0,0.0,0.0,0.0,0.0,68.0,0.0,0.0,0.0,0.0,12.07076838228504,18.67251000126647
3251.0,34.666666666666664,99.42429309764384,0.3486740069916393,0.0,0.0,0.0,0.0,6.016140927620514,0.0,0.0,0.0,0.0,0.0,0.0,0.0,0.0,0.0,0.0,4.015520108315964,2.0006208193045505
3269.0,837.9900691430238,2515.3647007784193,0.3331485366252037,0.0,0.0,0.0,0.0,83.60509155688489,0.0,0.0,0.0,0.0,0.0,0.0,0.0,0.0,0.0,0.0,29.04665681492051,54.5584347419644
3153.0,0.0,0.0,0.0,3034.6274569828233,368.06578562823336,285.95880268039673,2380.6028686741934,3137.9901094203456,310.27446091647005,57.791324711763345,246.32094884351002,39.63785383688666,89.10189833081668,1314.5444551871701,145.22776699901337,831.7287481571935,0.0,0.0,103.36265243752192,0.0
3162.0,3.5,7.249617862143194,0.48278406759570913,0.0,0.0,0.0,0.0,5.176699920956009,0.0,0.0,0.0,0.0,0.0,0.0,0.0,0.0,5.057763955891219,0.0,0.1189359650647902,0.0
3164.0,1.0,3.500003226120801,0.28571402235772836,1516.0,339.33333333333337,492.1666666666667,684.5,1571.3105717284382,321.6666666666667,17.666666666666668,430.1666666666667,62.0,67.33333333333333,72.16666666666667,85.66666666666667,459.3333333333333,0.0,0.0,55.31057172843823,0.0
3355.0,256.1666666666667,684.44130914096,0.37427119498117467,0.0,0.0,0.0,0.0,52.55103218198822,0.0,0.0,0.0,0.0,0.0,0.0,0.0,0.0,0.0,0.0,36.04601661167441,16.505015570313812
3360.0,411.8333333333333,1171.760153549432,0.3514655555455015,0.5,0.1666666666666666,0.0,0.3333333333333333,59.54832507381104,0.0,0.1666666666666666,0.0,0.0,0.0,0.0,0.1666666666666666,0.1666666666666666,0.0,0.0,32.37344615821595,26.674878915595094
3362.0,216.5,585.3968127795681,0.3698346066696529,0.0,0.0,0.0,0.0,26.04512233218289,0.0,0.0,0.0,0.0,0.0,0.0,0.0,0.0,0.0,0.0,11.707388800684743,14.337733531498143
3410.0,564.3333333333334,1399.400034071117,0.4032680574485781,448.6666666666667,90.5,80.66666666666667,277.5,539.1904724537632,78.66666666666667,11.833333333333334,23.666666666666668,57.0,23.666666666666668,61.16666666666666,33.0,159.66666666666666,6.069316747069464,0.0,47.44300388289293,37.011485157134175
3406.0,19.0,51.50063828956073,0.3689274663582438,704.8333333333334,118.5,99.5,486.83333333333337,732.6761261837587,90.83333333333331,27.666666666666668,96.33333333333331,3.1666666666666665,16.333333333333332,112.0,51.0,307.5,2.023105582356488,0.0,24.819376858416742,1.0003104096522752
3411.0,34.0,79.50303352186766,0.42765663766336853,403.3333333333333,42.33333333333333,240.5,120.5,422.2527559459099,41.16666666666666,1.1666666666666667,31.33333333333333,209.16666666666663,51.5,5.333333333333333,2.333333333333333,61.333333333333336,2.023105582356488,0.0,14.895696210915531,2.0006208193045505
3247.0,241.33333444855262,695.4998295338428,0.3469926579425702,114.83333386398672,19.833333424984644,10.500000048521281,84.50000039048079,146.84989127100297,13.833333397258196,6.000000027726447,10.16666671364759,0.33333333487369143,0.6666666697473829,30.666666808379617,12.333333390326585,40.83333352202721,4.0462111834108185,0.0,12.132127953983565,15.838218269621867
3299.0,429.1666666666667,1255.6090836869644,0.34179958734167787,64.0,0.0,0.0,64.0,111.14125990674678,0.0,0.0,0.0,0.0,0.0,63.66666666666666,0.0,0.3333333333333333,0.0,0.0,19.132644704153112,28.00861520259368
3307.0,346.3333333333333,989.8855989638342,0.3498720798603988,48.0,0.0,0.0,48.0,87.4384810477309,0.0,0.0,0.0,0.0,0.0,48.0,0.0,0.0,0.0,0.0,16.764762093998232,22.67371895373267
3313.0,312.8333333333333,942.8863781170002,0.33178264167744154,88.83333333333333,13.833333333333334,1.6666666666666667,73.33333333333333,122.85529411248228,12.5,1.3333333333333333,1.5,0.1666666666666666,5.833333333333333,17.333333333333332,2.5,47.66666666666666,0.0,0.0,13.68238658762047,20.339574191528467
3306.0,618.6666666666666,1792.5084207979214,0.34514017311632594,88.0,3.833333333333333,0.0,84.16666666666667,153.08451598111367,3.6666666666666665,0.1666666666666666,0.0,0.0,2.1666666666666665,68.83333333333333,0.5,12.666666666666666,0.0,0.0,24.905345808010463,40.17917017310321
3305.0,22.166666666666668,62.92134649014128,0.3522916768817052,0.0,0.0,0.0,0.0,18.923205336416338,0.0,0.0,0.0,0.0,0.0,0.0,0.0,0.0,0.0,0.0,17.58943088265919,1.3337744537571463
3437.0,383.5,1020.9282672985393,0.3756385363045856,0.0,0.0,0.0,0.0,38.07036926258478,0.0,0.0,0.0,0.0,0.0,0.0,0.0,0.0,0.0,0.0,13.0626090212779,25.00776024130688
3448.0,14.666666666666666,42.1718830800022,0.34778306291998523,0.0,0.0,0.0,0.0,6.000173645464304,0.0,0.0,0.0,0.0,0.0,0.0,0.0,0.0,0.0,0.0,4.999863235812029,1.0003104096522752
3441.0,240.66666666666663,644.1940957438719,0.3735934064852938,59.16666666666667,9.833333333333334,10.666666666666668,38.66666666666667,86.72820722267144,7.166666666666667,2.6666666666666665,8.333333333333334,2.333333333333333,7.166666666666667,12.0,2.0,17.5,1.0115527911782438,0.0,10.54502121039013,16.0049665544364
3454.0,16.666666666666668,38.79315806036468,0.429629024807216,160.16666666666666,23.83333333333333,27.166666666666664,109.16666666666666,171.05208010998962,18.83333333333333,5.0,18.33333333333333,8.833333333333334,9.0,54.66666666666666,6.0,39.5,2.023105582356488,0.0,7.861997451314179,1.0003104096522752
3476.0,974.8333333333334,2421.080850970838,0.4026438575739556,659.0,28.0,113.33333333333334,517.6666666666666,784.3704137958233,17.166666666666668,10.833333333333334,63.333333333333336,50.0,356.8333333333333,85.83333333333333,25.33333333333333,49.66666666666666,3.034658373534732,0.0,58.98268110030372,63.3530743219849
3475.0,629.3333333333334,1570.5367984122934,0.400712249448435,68.33333333333333,36.33333333333333,1.3333333333333337,30.666666666666668,139.10609072349612,8.0,28.33333333333333,0.1666666666666666,1.1666666666666667,17.166666666666668,0.5,12.0,1.0,0.0,0.0,29.760030594419515,41.01272679574328
2776.0,742.50000084695,2275.2419630516547,0.32633891819183763,0.0,0.0,0.0,0.0,74.9713230803198,0.0,0.0,0.0,0.0,0.0,0.0,0.0,0.0,0.0,0.0,26.956423362241303,48.01489971807852
3014.0,226.00000020946663,516.1469628839614,0.4378597888994559,0.0,0.0,0.0,0.0,22.702529108551715,0.0,0.0,0.0,0.0,0.0,0.0,0.0,0.0,0.0,0.0,7.69787294986062,15.004656158691096
2352.0,0.0,0.0,0.0,23.0,1.3333333333333333,6.833333333333334,14.833333333333332,25.80650422496795,0.3333333333333333,1.0,0.6666666666666666,6.166666666666667,10.166666666666666,1.1666666666666667,0.5,3.0,2.023105582356488,0.0,0.783398642611454,0.0
2509.0,108.83333333333331,316.97371712058424,0.3433512857847787,2018.0,1021.3333333333334,24.5,972.1666666666669,2097.443122262588,583.3333333333334,438.0,23.166666666666668,1.3333333333333333,54.333333333333336,79.66666666666667,60.333333333333336,777.8333333333334,0.0,0.0,72.44094939502146,7.002172867565925
2508.0,529.0,1563.7042857573226,0.3382992582538062,1342.1666666666663,509.1666666666667,29.333333333333336,803.6666666666666,1441.933457054956,430.1666666666667,79.0,27.166666666666668,2.1666666666666665,89.33333333333333,84.0,69.33333333333333,561.0,2.023105582356488,0.0,63.73313087775543,34.01055392817735
2504.0,1006.8589488696286,2725.797211852805,0.36938145819924617,23.848912046801036,3.9358498639328507,3.078536032185101,16.834526150683086,125.45471881094494,3.39028651645701,0.5455633474758407,3.078536032185101,0.0,0.0,9.66426501242918,2.0653469583013973,5.104914179952509,1.0115527911780813,0.0,35.10926072065357,65.48499325231224
2630.0,0.0,0.0,0.0,4793.833333333334,563.6666666666667,153.0,4077.166666666667,4967.7754408455885,435.6666666666667,128.0,88.83333333333333,64.16666666666667,1107.5,382.1666666666667,936.0,1651.5,0.0,0.0,173.9421075122547,0.0
2646.0,0.0,0.0,0.0,1750.4999999999998,267.0,16.833333333333336,1466.6666666666663,1822.6213356272776,236.5,30.5,16.666666666666668,0.1666666666666666,530.6666666666666,59.0,81.33333333333333,795.6666666666666,0.0,0.0,72.12133562727794,0.0
2639.0,2.0,6.875791313702858,0.2908756110753642,1350.6666666666663,768.3333333333333,23.166666666666668,559.1666666666667,1396.7490302320502,346.8333333333333,421.5,7.833333333333333,15.333333333333334,58.66666666666666,88.5,100.83333333333331,311.1666666666667,0.0,0.0,46.082363565383474,0.0
2640.0,282.5,724.9097679419405,0.38970367415800367,3462.5,367.6666666666667,69.33333333333333,3025.5,3626.719472552961,294.1666666666667,73.5,51.16666666666666,18.166666666666668,1476.8333333333333,231.66666666666663,497.5,819.5,0.0,0.0,146.21388517922,18.00558737374095
2717.0,171.33333333333334,412.7259245148573,0.4151261724950493,765.5,25.166666666666668,71.16666666666667,669.1666666666666,814.9128696083549,21.0,4.166666666666667,18.33333333333333,52.833333333333336,401.0,123.0,91.66666666666669,53.5,0.0,0.0,38.40945510217989,11.003414506175025
2724.0,246.66666666666663,759.3326511727901,0.3248466482847665,0.0,0.0,0.0,0.0,51.23866072869595,0.0,0.0,0.0,0.0,0.0,0.0,0.0,0.0,0.0,0.0,35.23369417425955,16.0049665544364
2718.0,282.0,675.0298007670708,0.4177593340020678,78.99999999999999,0.0,0.3333333333333333,78.66666666666666,109.30153998168596,0.0,0.0,0.0,0.3333333333333333,27.5,46.16666666666666,0.0,5.0,0.0,0.0,12.295952607944995,18.00558737374095
2676.0,391.1666666666667,1126.4708549789643,0.3472497001921735,0.0,0.0,0.0,0.0,38.66483573883136,0.0,0.0,0.0,0.0,0.0,0.0,0.0,0.0,0.0,0.0,13.323611453419616,25.341224285411744
2693.0,632.8333333333334,1714.1661519960678,0.3691785260118618,802.1666666666667,173.16666666666669,92.0,537.0,892.0590900146788,64.5,108.66666666666669,10.5,81.5,176.33333333333334,121.66666666666669,124.66666666666669,114.33333333333331,0.0,0.0,48.87969655226876,41.01272679574328
2696.0,259.5,894.6750007323235,0.2900494590634476,1031.0,349.8333333333333,63.66666666666667,617.5,1095.1267378922,294.3333333333333,55.5,20.83333333333333,42.833333333333336,352.6666666666667,53.66666666666666,73.0,138.16666666666666,0.0,0.0,47.1214609281114,17.005276964088676
2789.0,568.6666666666666,1512.2485066040474,0.37604048817590324,171.0,0.0,0.5,170.5,233.70632830406345,0.0,0.0,0.0,0.5,61.16666666666666,96.83333333333331,4.333333333333333,8.166666666666666,0.0,0.0,25.861558818790478,36.84476948527296
2780.0,178.5,486.02387007059207,0.3672659122155337,3180.6666666666665,54.5,22.833333333333336,3103.333333333333,3308.924703718269,37.333333333333336,17.166666666666668,13.333333333333334,9.5,1329.5,170.33333333333334,1585.0,18.5,0.0,0.0,116.4210060239928,11.837031027609877
2771.0,654.6666666666666,1864.129316992139,0.35119165859319373,808.5,18.833333333333336,6.166666666666667,783.5,960.183540665801,17.166666666666668,1.6666666666666667,2.0,4.166666666666667,87.33333333333333,7.333333333333333,469.6666666666667,219.16666666666663,0.0,0.0,108.83686516101874,42.84667550478229
2777.0,495.3333333333333,1338.6447968589048,0.370025965435805,148.0,0.0,0.0,148.0,208.25537897286267,0.0,0.0,0.0,0.0,0.0,148.0,0.0,0.0,0.0,0.0,28.245445863989847,32.0099331088728
2778.0,566.8333333333334,1597.9062331313537,0.35473504113100085,0.0,0.0,0.0,0.0,56.31839800570772,0.0,0.0,0.0,0.0,0.0,0.0,0.0,0.0,0.0,0.0,19.306912848573543,37.011485157134175
2767.0,136.0,215.50603332628395,0.6310728191729605,772.1666666666667,159.33333333333331,70.16666666666666,542.6666666666667,817.7621570185289,35.0,124.33333333333331,10.0,60.16666666666666,283.5,64.16666666666667,72.66666666666667,122.33333333333331,0.0,0.0,36.59269666499174,9.002793686870476
2761.0,0.0,0.0,0.0,840.5,39.5,672.1666666666666,128.83333333333331,869.1278796105771,37.66666666666666,1.8333333333333333,153.66666666666666,518.5,43.5,9.0,5.5,70.83333333333333,0.0,0.0,28.62787961057711,0.0
2836.0,241.66666666666663,610.9444255089032,0.3955624383762298,3912.6666666666665,323.0,163.16666666666669,3426.5,4069.82381169132,241.33333333333331,81.66666666666667,68.66666666666667,94.5,781.3333333333334,566.5,881.8333333333334,1196.8333333333333,0.0,0.0,141.48563705363767,15.671507971015751
2926.0,0.0,0.0,0.0,301.83333333333337,64.66666666666667,92.83333333333334,144.33333333333334,312.1298191464768,58.5,6.166666666666667,92.66666666666669,0.1666666666666666,10.0,17.166666666666668,27.0,90.16666666666669,0.0,0.0,10.2964858131435,0.0
2947.0,444.6666666666667,1212.2230794786092,0.3668191723077264,67.33333333333333,28.0,0.6666666666666666,38.66666666666666,113.78051604894058,9.666666666666666,18.33333333333333,0.6666666666666666,0.0,1.8333333333333333,5.166666666666667,4.333333333333333,27.33333333333333,0.0,0.0,17.43818083569128,29.00900187991597
3009.0,391.6666666666667,870.0760477443395,0.45015222253509596,112.5,15.833333333333332,7.5,89.16666666666666,155.17645026603333,13.166666666666666,2.6666666666666665,7.333333333333333,0.1666666666666666,3.0,11.833333333333334,10.666666666666666,63.66666666666666,0.0,0.0,17.168542994903266,25.507907271130065
3019.0,723.5,1736.8276166378537,0.4165640810114186,479.1666666666666,48.33333333333333,155.0,275.8333333333333,567.3160517553988,30.0,18.33333333333333,79.33333333333333,75.66666666666667,18.83333333333333,31.33333333333333,107.83333333333331,117.83333333333331,0.0,0.0,40.96802567918783,47.18135940954438
3029.0,583.0,1644.084936978128,0.3546045504629277,532.6666666666666,71.66666666666667,31.666666666666664,429.3333333333333,609.6983471732165,61.5,10.166666666666666,22.83333333333333,8.833333333333334,179.83333333333334,34.166666666666664,57.333333333333336,158.0,0.0,0.0,39.01988493976326,38.01179556678645
3030.0,549.5000032863945,1265.1779175083043,0.43432626801501834,0.0,0.0,0.0,0.0,54.727760033215255,0.0,0.0,0.0,0.0,0.0,0.0,0.0,0.0,0.0,0.0,18.716585070361322,36.01117496285393
3031.0,187.0,519.6491956475501,0.35985815347404476,336.0,61.833333333333336,44.16666666666666,230.0,367.6589701010592,49.5,12.333333333333334,41.66666666666666,2.5,48.833333333333336,25.0,33.333333333333336,122.83333333333331,0.0,0.0,19.655245185231887,12.0037249158273
3053.0,507.5,1536.330767289681,0.330332510944441,0.0,0.0,0.0,0.0,55.295919069928345,0.0,0.0,0.0,0.0,0.0,0.0,0.0,0.0,0.0,0.0,22.285675551403276,33.01024351852507
3052.0,440.8333333333333,1145.256002418629,0.38492121621921366,736.8333333333333,119.83333333333331,116.16666666666669,500.8333333333333,811.7978121662046,89.0,30.83333333333333,15.666666666666666,100.5,42.66666666666666,100.0,145.16666666666666,213.0,0.0,0.0,46.122225310959415,28.84225352191186
3098.0,288.0029401265066,829.3070989594895,0.3472814117808186,62.83433572805547,5.333492121620404,9.000251423593685,48.50059218284139,101.12760691215387,5.16678902018887,0.16670310143153416,5.166885587103849,3.8333658364898366,12.833354219675172,4.500084423368092,4.833440937329647,26.333712602468463,9.174721597757347e-07,0.0,19.45398939634941,18.83928087027685
3218.0,468.5,1448.2021893415558,0.3235045516765927,23.833333333333336,5.0,3.1666666666666665,15.666666666666668,73.44534073285871,3.5,1.5,2.6666666666666665,0.5,0.0,7.166666666666667,1.5,7.0,0.0,0.0,19.10248270784813,30.50952469167724
3217.0,196.83333333333331,565.9866155055558,0.34777029693099015,0.0,0.0,0.0,0.0,19.709438577633254,0.0,0.0,0.0,0.0,0.0,0.0,0.0,0.0,0.0,0.0,6.705403252153679,13.004035325479576
3159.0,113.66666666666669,304.66840389772693,0.3730832118214104,117.66666666666666,17.666666666666664,13.0,87.0,466.0516575048484,14.166666666666666,3.5,13.0,0.0,0.0,50.333333333333336,10.5,26.166666666666668,0.0,0.0,340.8827308385253,7.502259999656434
3142.0,48.5,142.40717272254048,0.34057273290928364,0.0,0.0,0.0,0.0,90.15239030406596,0.0,0.0,0.0,0.0,0.0,0.0,0.0,0.0,11.294935318351198,0.0,75.52309245004366,3.3343625356711164
3325.0,140.0,392.0103777721245,0.35713340242584585,0.0,0.0,0.0,0.0,159.11307497838317,0.0,0.0,0.0,0.0,0.0,0.0,0.0,0.0,0.0,0.0,150.11023225393114,9.002842724452018
3428.0,490.8333333333333,1307.138159444892,0.375502260252105,590.8333333333333,103.66666666666666,64.33333333333334,422.8333333333333,693.3806700887417,73.33333333333333,30.33333333333333,34.333333333333336,30.0,40.16666666666666,70.16666666666667,53.16666666666666,259.3333333333333,4.046211164712975,0.0,66.49119248182262,32.0099331088728
3278.0,162.33333333333334,441.98112268011937,0.36728567127248307,232.33333333333337,51.5,16.666666666666668,164.16666666666669,256.6148749636612,25.33333333333333,26.166666666666668,5.833333333333333,10.833333333333334,69.83333333333333,17.166666666666668,9.5,67.66666666666667,0.0,0.0,13.444842796014065,10.836698834313808
3263.0,352.8386059958893,961.9477636392636,0.36679601464119205,113.94366449951568,19.139362270153637,7.338408331561497,87.46589389780054,155.14257540975973,17.35434402734138,1.785018242812256,2.875862724530857,4.46254560703064,5.355054728436768,13.486804501248157,5.652557768905478,62.97147689921013,0.6018800619402739,0.0,17.682275071763822,22.914755776539973
3298.0,400.1666666666667,1184.483411072067,0.33784066786083466,50.0,0.0,0.0,50.0,100.84128202693744,0.0,0.0,0.0,0.0,0.0,49.833333333333336,0.0,0.1666666666666666,0.0,0.0,24.833211375978284,26.00807065095915
3312.0,341.3333333333333,997.895596613915,0.3420531511428193,192.16666666666669,51.833333333333336,8.833333333333334,131.5,268.83842035224217,42.0,9.833333333333334,8.833333333333334,0.0,1.5,19.666666666666668,15.833333333333334,94.5,1.0115527911782438,0.0,53.653371882047175,22.006829012350053
3319.0,432.3333333333333,1363.1611561056498,0.31715496835931406,609.8333333333334,177.5,37.833333333333336,394.5,685.4241997741802,145.5,32.0,37.333333333333336,0.5,8.0,66.33333333333333,40.0,280.1666666666667,2.023105582356488,0.0,45.39237550000925,28.17538535848113
3314.0,436.5,1359.687590718736,0.3210296269375118,17.833333333333332,3.333333333333333,4.0,10.5,79.48348385169957,2.6666666666666665,0.6666666666666666,1.3333333333333333,2.6666666666666665,0.0,5.5,0.3333333333333333,4.666666666666667,0.0,0.0,33.14132835441635,28.50882216394989
3445.0,400.0399438864485,1206.0774537978225,0.3316867773514553,9.480085596509264,0.7473040447698743,1.8575843398565448,6.875197211882843,49.532526515412,0.7473040447698743,0.0,0.0,1.8575843398565448,1.0675772068141063,0.5337886034070531,0.14946080895397487,5.1243705927077094,0.0,0.0,14.226022830132678,25.826418088770065
3429.0,120.0,280.88817442416354,0.427216276534271,1589.0,651.3333333333333,33.16666666666667,904.5,1656.3842058181851,457.8333333333333,193.5,24.666666666666668,8.5,721.1666666666666,46.833333333333336,59.833333333333336,76.66666666666667,0.0,0.0,59.38172254096717,8.0024832772182
2270.0,24.0,68.75172154077158,0.3490821678664056,0.0,0.0,0.0,0.0,30.48412244700679,0.0,0.0,0.0,0.0,0.0,0.0,0.0,0.0,0.0,0.0,29.15039156908486,1.333730877921931
2255.0,498.0,1243.31368507145,0.40054252275955704,0.0,0.0,0.0,0.0,291.1967744773896,0.0,0.0,0.0,0.0,0.0,0.0,0.0,0.0,2.192730237281063,0.0,256.4930925328345,32.510951707274
2276.0,0.0,0.0,0.0,0.0,0.0,0.0,0.0,7.080869538247707,0.0,0.0,0.0,0.0,0.0,0.0,0.0,0.0,7.080869538247707,0.0,0.0,0.0
2324.0,40.66666666666666,98.1732716567596,0.4142335890449731,0.0,0.0,0.0,0.0,30.56583959939073,0.0,0.0,0.0,0.0,0.0,0.0,0.0,0.0,1.0115527911782438,0.0,26.72007125111688,2.834215557095608
3344.0,194.5,565.5327964522086,0.3439234668973554,320.3333333333333,77.5,12.333333333333332,230.5,380.91997737279365,69.16666666666667,8.333333333333334,11.666666666666666,0.6666666666666666,6.166666666666667,45.333333333333336,23.83333333333333,155.16666666666666,0.8429529568783267,0.0,47.239862732698136,12.50382834988383
3358.0,170.0,463.3971568989509,0.36685594089018214,0.0,0.0,0.0,0.0,32.96252529521687,0.0,0.0,0.0,0.0,0.0,0.0,0.0,0.0,0.0,0.0,21.79229707155872,11.170228223658151
3494.0,414.0000017169477,1135.6784962805632,0.36453979103490153,21.000000087091546,1.5000000062208247,2.6666666777259107,16.83333340314481,62.8248339096806,0.0,1.5000000062208247,1.3333333388629554,1.3333333388629554,11.166666712977252,4.666666686020345,0.8333333367893472,0.16666666735786936,0.0,0.0,14.816452649968017,27.008381172621032
2422.0,0.0,0.0,0.0,0.0,0.0,0.0,0.0,74.68635322713672,0.0,0.0,0.0,0.0,0.0,0.0,0.0,0.0,74.68635322713672,0.0,0.0,0.0
3503.0,15.999999985065742,54.00279671217539,0.29628095134299604,83.99999992159515,0.0,0.9999999990666089,82.99999992252853,427.4453622942025,0.0,0.0,0.9999999990666089,0.0,75.83333326255116,7.166666659977364,0.0,0.0,339.0389709122356,0.0,3.4060810516532034,1.0003104087185943
3504.0,0.9999999996368801,1.7500569175370098,0.5714099865073288,0.0,0.0,0.0,0.0,39.65321948640088,0.0,0.0,0.0,0.0,0.0,0.0,0.0,0.0,39.61915867586493,0.0,0.034060810535955846,0.0
3513.0,33.333333333333336,99.83997821632836,0.3338675942126941,0.0,0.0,0.0,0.0,53.14387798115279,0.0,0.0,0.0,0.0,0.0,0.0,0.0,0.0,44.50832281184273,0.0,6.6349343500055085,2.0006208193045505
2426.0,363.1666666666667,964.3475296124442,0.37659314252883247,0.0,0.0,0.0,0.0,36.05111549799332,0.0,0.0,0.0,0.0,0.0,0.0,0.0,0.0,0.0,0.0,12.3771297161355,23.673985781857823
3557.0,0.0,0.0,0.0,0.0,0.0,0.0,0.0,0.0,0.0,0.0,0.0,0.0,0.0,0.0,0.0,0.0,0.0,0.0,0.0,0.0
2654.0,1825.9999964722115,5166.61464145067,0.35342291291140526,0.0,0.0,0.0,0.0,181.0744617631391,0.0,0.0,0.0,0.0,0.0,0.0,0.0,0.0,0.0,0.0,62.20416811474028,118.87029364839883
2719.0,1505.9999997665082,4507.978223661536,0.33407437326600103,694.3333332256831,146.6666666439273,44.333333326459844,503.33333325529594,884.2868910724495,112.83333331583951,33.833333328087775,34.666666661291906,9.666666665167936,0.33333333328165293,107.16666665005145,137.49999997868184,258.33333329328104,0.0,0.0,91.92313771604215,98.03042013072422
3347.0,182.16666666666663,545.8189755573753,0.33374923706278814,114.66666666666666,18.166666666666668,1.3333333333333333,95.16666666666666,167.11209453777818,16.666666666666668,1.5,1.3333333333333333,0.0,4.666666666666667,15.0,8.166666666666666,67.33333333333333,0.0,0.0,40.60839684350165,11.837031027609877
3321.0,36.0,117.75323824602954,0.30572407635009446,0.0,0.0,0.0,0.0,28.40702453027641,0.0,0.0,0.0,0.0,0.0,0.0,0.0,0.0,1.1801060766558804,0.0,25.05962552405044,2.1672929295700887
2242.0,16.500145935719104,40.51929645473054,0.40721698991377103,5.970447542529938,0.1085535916823625,0.0,5.861893950847576,11.775245011309414,0.1085535916823625,0.0,0.0,0.0,5.10201880907104,0.6513215500941753,0.0,0.1085535916823625,3.9530767917138205,0.0,0.7658797301492339,1.0858409469164192
3356.0,68.33333333333333,196.7211269312445,0.34736143697070393,0.0,0.0,0.0,0.0,12.33210598627976,0.0,0.0,0.0,0.0,0.0,0.0,0.0,0.0,0.0,0.0,8.164154122254129,4.167951864025631
3507.0,61.333333333333336,162.84259094066886,0.3766418415418109,99.0,1.0,2.0,96.0,223.56355888705767,0.0,1.0,1.1666666666666667,0.8333333333333334,81.0,10.0,1.0,4.0,81.76722279996011,0.0,38.79509444848846,4.0012416386091
2428.0,1140.8333333333333,3502.7488866403414,0.32569658010156777,197.33333333333331,34.66666666666667,26.33333333333333,136.33333333333334,351.5988323555462,28.666666666666668,6.0,14.666666666666666,11.666666666666666,2.833333333333333,47.833333333333336,28.666666666666668,57.0,0.0,0.0,79.90907012452386,74.356428897689
2575.0,220.16666666666663,664.9634151961397,0.3310959093918356,396.5,65.16666666666667,36.16666666666667,295.1666666666667,436.3788569960719,46.0,19.166666666666668,35.333333333333336,0.8333333333333334,0.8333333333333334,145.83333333333334,43.66666666666666,104.83333333333331,3.034658373534732,0.0,22.506448773771336,14.337749848765805
2593.0,293.1666666666667,1043.9735718492032,0.2808180921164288,64.33333333333333,4.166666666666667,46.16666666666666,14.0,95.52930165456804,2.833333333333333,1.3333333333333333,45.16666666666666,1.0,0.0,1.3333333333333333,4.5,8.166666666666666,0.0,0.0,12.190070537841487,19.005897783393227
2534.0,672.5,1897.079502869984,0.354492259803879,0.0,0.0,0.0,0.0,68.60918399620022,0.0,0.0,0.0,0.0,0.0,0.0,0.0,0.0,2.023105582356488,0.0,22.905601186075085,43.68047722776864
2697.0,439.6666666666667,1423.2406709507002,0.3089194088115659,0.0,0.0,0.0,0.0,45.817351309709615,0.0,0.0,0.0,0.0,0.0,0.0,0.0,0.0,0.0,0.0,16.80834942979364,29.00900187991597
2745.0,252.66666666666663,721.4570351286142,0.35021720541074736,655.3333333333334,62.33333333333333,48.833333333333336,544.1666666666667,706.245431425515,42.66666666666666,19.666666666666668,8.5,40.333333333333336,76.5,109.66666666666669,109.66666666666669,248.33333333333331,0.0,0.0,34.4070008298195,16.505097262362124
2734.0,250.83333333333331,614.2390567926749,0.40836435026305645,0.0,0.0,0.0,0.0,28.381813348613782,0.0,0.0,0.0,0.0,0.0,0.0,0.0,0.0,0.0,0.0,12.37684679417738,16.0049665544364
2799.0,0.0,0.0,0.0,1476.8333333333337,271.6666666666667,80.16666666666667,1125.0,1544.6482558824523,192.5,79.16666666666667,79.66666666666667,0.5,0.5,174.0,300.8333333333333,649.6666666666666,0.0,0.0,67.81492254911889,0.0
2804.0,631.8333333333334,1690.6639483881488,0.37371905512962106,34.0,0.0,0.0,34.0,97.69159508880524,0.0,0.0,0.0,0.0,0.0,34.0,0.0,0.0,0.0,0.0,22.67886829306193,41.01272679574328
2868.0,399.5,1006.0458368472056,0.3970992030064675,223.00000000000003,0.1666666666666666,0.1666666666666666,222.66666666666669,270.21109477940985,0.1666666666666666,0.0,0.1666666666666666,0.0,96.0,100.66666666666669,1.3333333333333333,24.666666666666668,0.0,0.0,21.20302412845071,26.00807065095915
2860.0,23.0,73.13324124493326,0.3144944707560526,3442.4999999999995,40.66666666666666,233.0,3168.833333333333,3562.19984940222,30.33333333333333,10.333333333333334,11.166666666666666,221.83333333333331,1789.0,54.16666666666666,183.33333333333331,1142.3333333333333,0.0,0.0,118.03257280344614,1.6672765987734728
3005.0,380.0,935.7982023275928,0.40607045306865663,0.0,0.0,0.0,0.0,38.28125838390872,0.0,0.0,0.0,0.0,0.0,0.0,0.0,0.0,0.0,0.0,13.44018660430602,24.841071779602697
2955.0,6.0,12.75051226355241,0.47056932897912795,1318.6666666666663,171.16666666666666,424.0,723.5,1363.7703332842957,145.16666666666666,26.0,370.6666666666667,53.333333333333336,4.666666666666667,77.0,142.33333333333334,499.5,0.0,0.0,45.10366661762899,0.0
3042.0,130.0,329.3902162630084,0.3946686743609859,568.0,233.16666666666663,23.666666666666668,311.1666666666667,618.4677736726466,162.66666666666666,70.5,23.166666666666668,0.5,0.3333333333333333,41.333333333333336,69.66666666666667,199.83333333333331,0.0,0.0,42.46529039542841,8.0024832772182
3047.0,221.16666666666663,615.0737947863893,0.3595774499602543,323.16666666666663,75.83333333333333,24.333333333333336,223.0,356.5625120657634,25.83333333333333,50.0,8.5,15.833333333333334,12.166666666666666,26.33333333333333,71.33333333333333,113.16666666666669,0.0,0.0,19.22480577574749,14.171039623349277
3079.0,627.0,1501.44437934727,0.4175978868245381,781.5,130.83333333333334,134.66666666666669,516.0,873.6445987967653,105.0,25.83333333333333,122.16666666666669,12.5,97.5,54.5,81.16666666666667,282.8333333333333,1.0115527911782438,0.0,50.12031920984371,41.01272679574328
3090.0,182.16666666666663,515.8159662209474,0.3531621326134685,60.0,4.0,6.166666666666667,49.83333333333333,80.25165371056384,4.0,0.0,0.1666666666666666,6.0,16.333333333333332,11.5,1.0,21.0,0.0,0.0,8.247928794736536,12.0037249158273
3129.0,1657.2979184028547,5017.9810734537405,0.33027185518302116,370.1666666666666,98.0,17.166666666666664,255.0,552.4084095765253,79.0,19.0,16.833333333333332,0.3333333333333333,4.5,26.166666666666668,39.5,184.83333333333331,0.0,0.0,74.23978373919908,108.00195917065956
3231.0,192.66666534618474,602.5754074578591,0.3197386799421595,1.9999999862925755,0.0,1.833333320768194,0.16666666552438122,21.300989685509844,0.0,0.0,0.8333333276219065,0.9999999931462877,0.0,0.0,0.16666666552438122,0.0,0.0,0.0,6.630396726731277,12.670592972485991
3235.0,341.5,962.79833733069,0.3546952531584045,0.0,0.0,0.0,0.0,56.80219491730156,0.0,0.0,0.0,0.0,0.0,0.0,0.0,0.0,0.0,0.0,34.46197812282475,22.34021679447681
3363.0,696.3333333333334,1922.313950624574,0.3622370493160545,0.0,0.0,0.0,0.0,72.25039255823506,0.0,0.0,0.0,0.0,0.0,0.0,0.0,0.0,1.0115527911782438,0.0,25.72471343205829,45.51412633499854
3334.0,36.16666666666666,112.05245641873304,0.3227654959344584,13.0,0.0,0.0,13.0,54.83510367920461,0.0,0.0,0.0,0.0,11.0,2.0,0.0,0.0,28.492217813865956,0.0,10.842183361450395,2.500702503888267
3412.0,319.8333333333333,928.8726964907204,0.3443241840799747,0.0,0.0,0.0,0.0,58.91287012297313,0.0,0.0,0.0,0.0,0.0,0.0,0.0,0.0,1.0115527911782438,0.0,37.22826277320198,20.673054558592906
3447.0,30.33333333333333,87.46365331021106,0.3468107286320274,0.0,0.0,0.0,0.0,11.200948034390835,0.0,0.0,0.0,0.0,0.0,0.0,0.0,0.0,0.0,0.0,9.200327215086284,2.0006208193045505
3498.0,2240.5,5714.610912127428,0.39206518771825005,60.0,0.0,1.0,59.0,284.4026110758755,0.0,0.0,1.0,0.0,7.166666666666667,51.833333333333336,0.0,0.0,0.0,0.0,78.35729126664336,146.04531980923215
3496.0,61.333333333333336,156.96646852303243,0.39074162724336,694.0,6.0,30.666666666666668,657.3333333333334,739.5841512230775,0.1666666666666666,5.833333333333333,9.0,21.666666666666668,578.5,67.66666666666667,10.833333333333334,0.3333333333333333,2.023105582356488,0.0,39.55980400211181,4.0012416386091
3488.0,821.5,2167.958226007009,0.3789279655600449,0.0,0.0,0.0,0.0,88.66467921481228,0.0,0.0,0.0,0.0,0.0,0.0,0.0,0.0,0.0,0.0,35.14815127934221,53.51652793547007
3480.0,1066.0,2612.5077250899744,0.4080370709576704,0.0,0.0,0.0,0.0,111.99690230577036,0.0,0.0,0.0,0.0,0.0,0.0,0.0,0.0,0.0,0.0,42.64196552587183,69.35493677989854
3458.0,5.0,15.50080668865138,0.3225638575094711,0.0,0.0,0.0,0.0,17.366701502771765,0.0,0.0,0.0,0.0,0.0,0.0,0.0,0.0,17.196397450030144,0.0,0.1703040527416204,0.0
3462.0,58.0,195.50940591657488,0.2966609188345085,0.0,0.0,0.0,0.0,12.20174155332395,0.0,0.0,0.0,0.0,0.0,0.0,0.0,0.0,5.057763955891219,0.0,3.1427359588236303,4.0012416386091
3463.0,77.83333333333333,250.47259599434437,0.3107459042548942,123.5,0.1666666666666666,2.833333333333333,120.5,143.7146482434042,0.0,0.1666666666666666,2.5,0.3333333333333333,109.83333333333331,9.333333333333334,1.3333333333333333,0.0,2.023105582356488,0.0,13.189990612786351,5.001552048261376
3036.0,42.833333333333336,103.83702266575612,0.4125054073556283,1109.1666666666667,92.33333333333334,131.66666666666666,885.1666666666667,1151.2588390557949,67.66666666666667,24.666666666666668,128.66666666666666,3.0,188.0,401.6666666666667,101.5,194.0,0.0,0.0,39.2579078040607,2.834264585067418
3327.0,56.0,153.01432487385654,0.36597880653439363,0.0,0.0,0.0,0.0,50.154923552046654,0.0,0.0,0.0,0.0,0.0,0.0,0.0,0.0,6.743669869647872,0.0,39.5767821854376,3.834471496961189
2447.0,480.7694478213795,1200.4098040925169,0.40050443288809234,47.83407351283405,9.011457441629197,8.50499956215779,30.317616509047067,98.22930685531531,7.1428025070277945,1.8686549346014032,5.221755377998314,3.2832441841594746,1.955975258648198,12.154989107313801,3.335636378587551,12.871015764497514,0.0,0.0,18.89381944927199,31.501413893209268
2443.0,742.7305573857244,1861.7266632750616,0.39894715590480284,408.6659294253715,76.98854311189912,72.66166762692805,259.0157186865443,496.71809594713636,61.02386459838516,15.964678513513963,44.611578276081076,28.05008935084696,16.71069152816415,103.84501163930578,28.49769715963707,109.96231835943729,0.0,0.0,39.695517459730354,48.35664906203447
2305.0,1057.2986648235249,2914.3186779485923,0.36279445786888487,755.7624654623377,28.678596978156296,100.04374453239117,627.0401239517903,894.6879780134252,7.503976793391984,21.17462018476431,15.186550882382464,84.85719365000871,501.4446803033441,64.06362931801783,36.50397647038062,25.027837860047768,0.04827385149735701,0.0,69.99685954055197,68.88037915903807
2682.0,376.8333333333333,1145.766580376572,0.32889188756882914,238.83333333333331,8.5,2.333333333333333,228.0,287.3063405589081,7.666666666666667,0.8333333333333334,1.8333333333333333,0.5,0.3333333333333333,210.5,6.0,11.166666666666666,0.0,0.0,24.1321696117935,24.34083761378136
2680.0,283.5,878.167637389923,0.3228313000039657,0.0,0.0,0.0,0.0,31.331004907016226,0.0,0.0,0.0,0.0,0.0,0.0,0.0,0.0,0.0,0.0,12.992035197593204,18.33896970942302
3156.0,32.833333333333336,84.57880355816492,0.38819812946105137,0.0,0.0,0.0,0.0,63.33551693742097,0.0,0.0,0.0,0.0,0.0,0.0,0.0,0.0,4.5519177497784,0.0,56.4494271825431,2.3341720050994783
2673.0,439.3333333333333,1475.9095307150617,0.2976695550712253,2229.0,942.1666666666669,57.16666666666667,1229.6666666666667,2352.561587630584,678.5,263.6666666666667,42.833333333333336,14.333333333333334,242.33333333333331,91.16666666666669,229.83333333333331,666.3333333333334,0.0,0.0,94.55258575066824,29.00900187991597
2674.0,626.1666666666666,1895.3883598697728,0.33036325426715657,31.666666666666664,2.6666666666666665,4.166666666666667,24.83333333333333,95.08632885558072,1.8333333333333333,0.8333333333333334,4.166666666666667,0.0,7.833333333333333,5.5,2.6666666666666665,8.833333333333334,0.0,0.0,22.40693539317077,41.01272679574328
2423.0,0.0,0.0,0.0,0.0,0.0,0.0,0.0,69.6285892289059,0.0,0.0,0.0,0.0,0.0,0.0,0.0,0.0,69.6285892289059,0.0,0.0,0.0
3460.0,195.33333333333331,670.9943021080195,0.2911102713088132,0.0,0.0,0.0,0.0,64.16557526408344,0.0,0.0,0.0,0.0,0.0,0.0,0.0,0.0,44.50832281184273,0.0,6.653217126761138,13.004035325479576
2425.0,170.16666666666666,482.6892095538125,0.3525387833383826,0.0,0.0,0.0,0.0,16.800762155012887,0.0,0.0,0.0,0.0,0.0,0.0,0.0,0.0,0.0,0.0,5.797369446721194,11.003392708291694
2439.0,1063.0,2656.6135967451933,0.40013346363293373,350.5,69.66666666666666,52.16666666666666,228.66666666666669,471.0637512622976,58.16666666666666,11.5,16.5,35.666666666666664,68.33333333333333,29.666666666666668,23.0,107.66666666666669,0.0,0.0,51.542060639871714,69.02169062242596
2500.0,0.0,0.0,0.0,1514.3333250849569,275.833331830905,260.9999985783669,977.4999946756845,1600.9132038150847,227.3333320950782,48.499999735826805,70.3333329502368,190.66666562813006,36.33333313543039,194.16666560906603,254.66666527953038,492.3333306516576,0.0,0.0,86.57987873012812,0.0
2721.0,447.3333333333333,1553.7914167869412,0.28789793050753637,0.0,0.0,0.0,0.0,45.91188195221153,0.0,0.0,0.0,0.0,0.0,0.0,0.0,0.0,0.0,0.0,16.902880072295556,29.00900187991597
2723.0,415.6666666666667,1108.9665302131464,0.3748234553001112,327.0,0.1666666666666666,65.83333333333333,261.0,379.3043228420549,0.1666666666666666,0.0,61.66666666666666,4.166666666666667,213.66666666666663,13.833333333333334,0.5,33.0,0.0,0.0,25.295941781443503,27.008381060611427
2716.0,386.0,1114.556788434085,0.3463260051040711,145.99999999999997,0.1666666666666666,2.5,143.33333333333331,224.29807981852804,0.1666666666666666,0.0,2.0,0.5,113.83333333333331,14.333333333333334,3.1666666666666665,12.0,0.0,0.0,53.12360935180462,25.17447046672341
2869.0,377.1666666666667,954.7117558903664,0.3950581569145131,27.833333333333336,1.5,0.0,26.333333333333336,88.00319990466842,1.5,0.0,0.0,0.0,5.833333333333333,2.1666666666666665,1.1666666666666667,17.166666666666668,0.0,21.700483091413293,13.795011020741669,24.67437245918012
3118.0,379.0,1030.3123686478905,0.36784960710252657,0.0,0.0,0.0,0.0,90.8188225774926,0.0,0.0,0.0,0.0,0.0,0.0,0.0,0.0,1.0115527911782438,32.55072462870165,32.5822707440545,24.67427441355821
3114.0,397.6666666666667,1182.2261717997171,0.33637105670000006,0.0,0.0,0.0,0.0,49.88682099884012,0.0,0.0,0.0,0.0,0.0,0.0,0.0,0.0,0.0,0.0,23.878750347880967,26.00807065095915
3333.0,56.0,191.51082571669428,0.2924116680633078,0.0,0.0,0.0,0.0,38.27833634701905,0.0,0.0,0.0,0.0,0.0,0.0,0.0,0.0,32.3696893177038,0.0,1.907405390706149,4.0012416386091
3434.0,1076.6666666666667,3082.071179129772,0.3493321873801323,0.0,0.0,0.0,0.0,106.69422286596748,0.0,0.0,0.0,0.0,0.0,0.0,0.0,0.0,0.0,0.0,36.67249419030824,70.02172867565925
3439.0,369.1666666666667,1145.731946222141,0.3222103284140168,0.0,0.0,0.0,0.0,69.24939316319838,0.0,0.0,0.0,0.0,0.0,0.0,0.0,0.0,0.0,0.0,45.24194333154378,24.0074498316546
3315.0,1377.8333333333333,3937.757185392385,0.34990307133324083,531.6666666666666,136.66666666666666,32.833333333333336,362.1666666666666,743.1475046192073,113.0,23.666666666666668,30.666666666666668,2.1666666666666665,3.8333333333333335,70.5,62.833333333333336,225.0,1.0115527911782438,0.0,120.77467614431345,89.6946090170489
3300.0,659.5000006734035,1870.7131890843793,0.3525393440969943,0.0,0.0,0.0,0.0,65.29723038967674,0.0,0.0,0.0,0.0,0.0,0.0,0.0,0.0,0.0,0.0,22.450571152720254,42.84665923695648
3320.0,723.3333333333334,1942.425620174181,0.3723866313442008,0.0,0.0,0.0,0.0,78.98904375360922,0.0,0.0,0.0,0.0,0.0,0.0,0.0,0.0,0.0,0.0,31.807766072419103,47.18127768119013
3499.0,429.0,1128.055594327899,0.3803004055448174,765.1666666666666,21.5,23.166666666666664,720.5,834.8629200694969,3.333333333333333,18.166666666666668,15.0,8.166666666666666,674.5,25.0,16.0,5.0,1.0115527911782438,0.0,40.676009141388384,28.008691470263702
3493.0,539.5,1489.330558862389,0.3622432889660788,0.0,0.0,0.0,0.0,53.38707332369849,0.0,0.0,0.0,0.0,0.0,0.0,0.0,0.0,0.0,0.0,18.376208985868868,35.010864337829624
3491.0,451.3333282539832,1245.0196821620443,0.3625109985974024,0.0,0.0,0.0,0.0,44.38206033201019,0.0,0.0,0.0,0.0,0.0,0.0,0.0,0.0,0.0,0.0,15.3730587785644,29.009001553445785
3487.0,1153.6666453100302,2860.7730032292443,0.40327094949783493,0.0,0.0,0.0,0.0,168.15909619760401,0.0,0.0,0.0,0.0,0.0,0.0,0.0,0.0,0.0,0.0,93.3025924617565,74.85650373584751
2505.0,1172.6861966142042,3530.3009149519066,0.3321774049479801,139.8333333332458,29.999999999981224,4.166666666664059,105.66666666660053,262.85370227786245,23.99999999998498,5.999999999996245,4.166666666664059,0.0,7.999999999994993,14.999999999990612,7.333333333328744,75.33333333328618,2.023105582355222,0.0,44.70669942177968,76.29056394048172
2675.0,302.5,844.1679766228959,0.3583410036591945,0.0,0.0,0.0,0.0,30.14359280473185,0.0,0.0,0.0,0.0,0.0,0.0,0.0,0.0,0.0,0.0,10.30405672195188,19.839536082779965
2775.0,684.5,1689.960993279197,0.40503893446191175,33.0,0.0,0.0,33.0,107.45342867682714,0.0,0.0,0.0,0.0,0.0,0.0,33.0,0.0,0.0,0.0,29.77290250862777,44.680526168199385
2841.0,363.0,770.7751846411192,0.4709544459050229,86.0,1.1666666666666667,0.0,84.83333333333333,127.13509613376787,1.1666666666666667,0.0,0.0,0.0,0.0,83.83333333333333,0.3333333333333333,0.6666666666666666,0.0,0.0,17.46107219939104,23.67402393437685
2533.0,0.0,0.0,0.0,695.8333333333334,111.66666666666669,29.666666666666664,554.5,719.5340907426407,91.16666666666669,20.5,29.33333333333333,0.3333333333333333,31.166666666666668,178.83333333333334,44.833333333333336,299.6666666666667,0.0,0.0,23.700757409307357,0.0
2532.0,0.0,0.0,0.0,0.0,0.0,0.0,0.0,0.0,0.0,0.0,0.0,0.0,0.0,0.0,0.0,0.0,0.0,0.0,0.0,0.0
2531.0,0.0,0.0,0.0,724.1666675130614,174.50000020395288,212.1666669146437,337.50000039446473,753.9210877387432,165.83333352715675,8.666666676796131,204.66666690587783,7.500000008765883,50.33333339216215,36.833333376383564,37.000000043245024,213.333333582674,5.057763961802655,0.0,24.696656263879117,0.0
3102.0,235.0,699.1596177241378,0.3361178106438095,54.0,0.0,0.0,54.0,79.84846236696558,0.0,0.0,0.0,0.0,0.0,54.0,0.0,0.0,0.0,0.0,10.843806222181463,15.004656144784128
3091.0,130.0,372.1405163817756,0.3493304122430844,0.0,0.0,0.0,0.0,21.93072985744709,0.0,0.0,0.0,0.0,0.0,0.0,0.0,0.0,0.0,0.0,13.761498222224771,8.169231635222317
3100.0,233.0,591.2759312327703,0.39406305532209096,169.0,16.833333333333336,51.5,100.66666666666666,197.8653563414148,14.833333333333334,2.0,4.166666666666667,47.333333333333336,7.0,30.33333333333333,7.166666666666667,56.16666666666666,0.0,0.0,13.693951838626536,15.171404502788242
3117.0,155.83333333333334,461.226830561458,0.33786701685076564,0.0,0.0,0.0,0.0,31.311734538319,0.0,0.0,0.0,0.0,0.0,0.0,0.0,0.0,0.0,0.0,21.1418602859088,10.169874252410198
3116.0,151.5,431.8952919978974,0.35077946624326145,138.16666666666666,13.833333333333334,1.8333333333333333,122.5,199.03629999605383,10.833333333333334,3.0,1.8333333333333333,0.0,0.0,92.83333333333331,6.0,23.666666666666668,0.0,0.0,50.69987345730314,10.169759872084033
3121.0,74.66666666666667,215.4343063352446,0.3465867063459956,0.0,0.0,0.0,0.0,16.04672849097374,0.0,0.0,0.0,0.0,0.0,0.0,0.0,0.0,0.0,0.0,11.211946598599814,4.834781892373928
3123.0,133.83333333333334,387.8493790213723,0.34506522524549027,33.833333333333336,4.833333333333333,6.333333333333334,22.666666666666668,57.87348574489325,3.5,1.3333333333333333,2.333333333333333,4.0,0.5,3.8333333333333335,6.5,11.833333333333334,0.0,0.0,15.204085284810228,8.836067126749688
3126.0,181.5,527.6533200443283,0.34397585138808967,7.666666666666667,0.3333333333333333,0.8333333333333334,6.5,31.942946865265142,0.3333333333333333,0.0,0.8333333333333334,0.0,6.0,0.0,0.0,0.5,0.0,0.0,12.439298194330606,11.836982004267869
3190.0,226.0,767.7943797623902,0.29434964094155047,199.0,53.0,9.166666666666666,136.83333333333334,232.69179794605355,43.5,9.5,9.166666666666666,0.0,0.0,26.0,27.666666666666668,83.16666666666667,1.0115527911782438,0.0,17.842304681952413,14.83794047292291
2756.0,566.6666666666666,1603.5011339042303,0.35339336822727246,2249.333333333333,312.33333333333337,244.0,1693.0,2388.4234109002914,303.6666666666667,8.666666666666666,59.16666666666666,184.83333333333331,1433.6666666666667,53.833333333333336,54.833333333333336,150.66666666666666,0.0,0.0,102.24526452008983,36.84481304686864
2662.0,0.0,0.0,0.0,2600.833333333333,1290.3333333333337,39.333333333333336,1271.1666666666667,2689.420540802855,1006.8333333333334,283.5,34.5,4.833333333333333,81.0,117.83333333333331,130.0,942.3333333333334,0.0,0.0,88.5872074695218,0.0
2638.0,0.0,0.0,0.0,2272.666666666667,922.8333333333334,47.333333333333336,1302.5,2351.390820782552,698.5,224.33333333333331,45.333333333333336,2.0,82.33333333333333,132.33333333333334,206.16666666666663,881.6666666666666,0.0,0.0,78.7241541158856,0.0
2822.0,0.0,0.0,0.0,650.8333333333334,31.666666666666668,279.5,339.6666666666667,673.000719803136,22.666666666666668,9.0,87.0,192.5,47.833333333333336,174.33333333333334,18.166666666666668,99.33333333333331,0.0,0.0,22.16738646980266,0.0
3026.0,0.0,0.0,0.0,2389.166666666667,854.8333333333334,65.66666666666666,1468.6666666666667,2470.5408619232576,643.5,211.33333333333331,52.66666666666666,13.0,98.0,163.5,194.83333333333331,1012.3333333333334,0.0,0.0,81.37419525659128,0.0
2790.0,0.0,0.0,0.0,2995.833333333333,624.1666666666667,920.0,1451.6666666666667,3103.110290048344,536.3333333333334,87.83333333333333,543.5,376.5,96.5,210.83333333333331,190.33333333333331,954.0,0.0,0.0,107.27695671501016,0.0
3140.0,432.1666666666667,1223.3008482205323,0.3532791359503392,357.16666666666663,83.83333333333333,26.83333333333333,246.5,412.90888355070814,63.66666666666666,20.166666666666668,24.33333333333333,2.5,13.5,41.0,48.66666666666666,143.33333333333334,0.8422084578914298,0.0,26.89296220086217,28.00704622528784
3135.0,461.5,1331.3110892509756,0.3466507593350326,103.83333333333331,31.666666666666664,4.833333333333333,67.33333333333333,157.986615748218,26.33333333333333,5.333333333333333,4.833333333333333,0.0,0.0,11.166666666666666,13.5,42.66666666666666,5.057763955891219,0.0,19.252878257264424,29.84264020172901
3339.0,140.5,361.6545274970277,0.3884923022321481,39.16666666666666,10.5,2.6666666666666665,26.0,90.28904071783649,9.333333333333334,1.1666666666666667,2.6666666666666665,0.0,0.0,8.166666666666666,3.8333333333333335,14.0,0.0,0.0,42.11954224914837,9.002831802021467
3345.0,149.66666666666666,415.18689648674194,0.36048022693665605,108.83333333333334,23.33333333333333,22.83333333333333,62.66666666666667,152.49133158494098,21.5,1.8333333333333333,21.83333333333333,1.0,3.5,16.166666666666668,8.666666666666666,34.333333333333336,0.0,0.0,33.8216588620328,9.83633938957484
3340.0,285.1666666666667,856.4456149291613,0.33296529481355747,0.0,0.0,0.0,0.0,170.38434058307774,0.0,0.0,0.0,0.0,0.0,0.0,0.0,0.0,0.0,0.0,151.71192860750173,18.672411975576008
3337.0,239.0,710.1598816542422,0.33654393351997697,0.0,0.0,0.0,0.0,35.64474653349418,0.0,0.0,0.0,0.0,0.0,0.0,0.0,0.0,0.0,0.0,19.973145977540742,15.671600555953438
3343.0,217.5,680.9060494681929,0.3194273279990297,0.0,0.0,0.0,0.0,24.082291544584,0.0,0.0,0.0,0.0,0.0,0.0,0.0,0.0,0.0,0.0,9.911235584035625,14.17105596054838
3338.0,161.16666666666666,463.9474456009143,0.34738129974596643,0.0,0.0,0.0,0.0,45.99417945511734,0.0,0.0,0.0,0.0,0.0,0.0,0.0,0.0,0.0,0.0,35.32418541721197,10.669994037905369
3346.0,146.5000008862074,430.1452958300807,0.340582594547492,0.0,0.0,0.0,0.0,44.15982119235729,0.0,0.0,0.0,0.0,0.0,0.0,0.0,0.0,0.0,0.0,34.49009937302256,9.669721819334738
3329.0,151.0,451.3977117257548,0.3345165384704909,0.0,0.0,0.0,0.0,30.14714801041039,0.0,0.0,0.0,0.0,0.0,0.0,0.0,0.0,0.0,0.0,20.31073778786553,9.836410222544862
3330.0,177.83333333333334,510.9795103775959,0.34802439182330575,0.0,0.0,0.0,0.0,45.5655211235457,0.0,0.0,0.0,0.0,0.0,0.0,0.0,0.0,0.0,0.0,33.89526569826796,11.670255425277745
3323.0,71.6666662203358,209.30625616950545,0.34240097516386214,0.0,0.0,0.0,0.0,53.44220276235973,0.0,0.0,0.0,0.0,0.0,0.0,0.0,0.0,0.0,0.0,48.77411477303594,4.668087989323784
3324.0,83.5,237.1328843446321,0.3521232419146348,0.0,0.0,0.0,0.0,59.01504982362538,0.0,0.0,0.0,0.0,0.0,0.0,0.0,0.0,0.0,0.0,53.51336706743828,5.5016827561870985
3331.0,130.0,352.2701692252353,0.3690349378317081,59.33333333333333,19.0,3.8333333333333335,36.5,117.9636826635591,16.666666666666668,2.333333333333333,3.8333333333333335,0.0,0.0,7.0,5.5,24.0,0.0,0.0,50.29463623273411,8.335713097491668
3332.0,165.5,490.52687935737663,0.3373923162311027,0.0,0.0,0.0,0.0,286.6431312076251,0.0,0.0,0.0,0.0,0.0,0.0,0.0,0.0,0.0,0.0,275.6397602630458,11.003370944579348
3326.0,138.0,407.7697076702926,0.33842631613916174,0.0,0.0,0.0,0.0,284.86984714472976,0.0,0.0,0.0,0.0,0.0,0.0,0.0,0.0,0.0,0.0,275.70038134759375,9.169465797136017
3322.0,91.66666666666669,283.2984320187436,0.3235692693865734,0.0,0.0,0.0,0.0,82.97148117360682,0.0,0.0,0.0,0.0,0.0,0.0,0.0,0.0,1.1801526254781611,0.0,75.9561381805491,5.835190367579557
3354.0,111.33333333333331,292.97092884156785,0.38001495156381165,0.0,0.0,0.0,0.0,29.62741434481866,0.0,0.0,0.0,0.0,0.0,0.0,0.0,0.0,0.0,0.0,22.458569366987195,7.168844977831465
3361.0,292.3333333333333,803.5096608978783,0.36382055818304254,135.16666666666666,25.5,13.5,96.16666666666666,174.5690751811914,20.5,5.0,13.5,0.0,0.0,57.0,6.5,32.666666666666664,0.0,0.0,20.229664327505493,19.17274418701925
3353.0,413.5,1249.3095607724592,0.3309828188174028,7.666666666666667,1.6666666666666667,0.8333333333333334,5.166666666666667,54.52341663438002,1.1666666666666667,0.5,0.8333333333333334,0.0,0.0,1.5,0.3333333333333333,3.333333333333333,0.0,0.0,19.84829810580804,27.008451861905318
3352.0,355.5,1073.803136718777,0.33106627075639045,13.833333333333334,2.333333333333333,5.666666666666667,5.833333333333334,50.75113719317153,2.1666666666666665,0.1666666666666666,5.666666666666667,0.0,1.8333333333333333,0.1666666666666666,0.3333333333333333,3.5,0.0,0.0,13.743954194982743,23.173849664855453
3359.0,356.1666666666667,981.5930091686154,0.3628455615921011,8.833333333333332,2.0,1.1666666666666667,5.666666666666666,45.2650407168265,1.6666666666666667,0.3333333333333333,1.1666666666666667,0.0,1.0,1.5,0.5,2.6666666666666665,0.0,0.0,13.424595168450812,23.00711221504235
3351.0,188.0,558.7673698023123,0.33645486504788746,0.0,0.0,0.0,0.0,24.07283496317303,0.0,0.0,0.0,0.0,0.0,0.0,0.0,0.0,0.0,0.0,11.902437937080194,12.170397026092838
3350.0,163.0,500.282909456118,0.3258156473448299,0.0,0.0,0.0,0.0,24.391076641980376,0.0,0.0,0.0,0.0,0.0,0.0,0.0,0.0,0.0,0.0,13.55441049380947,10.836666148170908
3349.0,302.3333333333333,813.8725899968139,0.3714750159291111,0.0,0.0,0.0,0.0,38.63578330200389,0.0,0.0,0.0,0.0,0.0,0.0,0.0,0.0,0.0,0.0,18.962984669037034,19.67279863296686
3357.0,158.66666666666666,449.07365451699366,0.35331991772557314,0.0,0.0,0.0,0.0,24.251921742367877,0.0,0.0,0.0,0.0,0.0,0.0,0.0,0.0,0.0,0.0,13.915359048184936,10.336562694182936
3367.0,200.83333333333331,528.7315561148987,0.3798398847404716,0.0,0.0,0.0,0.0,22.345044522250063,0.0,0.0,0.0,0.0,0.0,0.0,0.0,0.0,0.0,0.0,9.340954712744258,13.004089809505803
3380.0,273.0,845.417556469756,0.32291735357375,0.0,0.0,0.0,0.0,28.14836564149368,0.0,0.0,0.0,0.0,0.0,0.0,0.0,0.0,1.0115527911782438,0.0,9.297995632461928,17.838817217853503
3390.0,228.16666666666663,717.4511410986602,0.3180239790507077,0.0,0.0,0.0,0.0,22.776454191046405,0.0,0.0,0.0,0.0,0.0,0.0,0.0,0.0,0.0,0.0,7.771798046262277,15.004656144784128
3397.0,270.3333333333333,844.7592938393926,0.3200122630254597,0.0,0.0,0.0,0.0,42.04710735787975,0.0,0.0,0.0,0.0,0.0,0.0,0.0,0.0,0.0,0.0,24.208235656000017,17.838871701879736
3396.0,153.16666666666666,468.5657181693518,0.32688406498255224,0.0,0.0,0.0,0.0,19.22122307467933,0.0,0.0,0.0,0.0,0.0,0.0,0.0,0.0,0.0,0.0,9.218118978156577,10.00310409652275
3402.0,262.5,804.2826457134059,0.32637779939558453,0.0,0.0,0.0,0.0,26.616655549555723,0.0,0.0,0.0,0.0,0.0,0.0,0.0,0.0,0.0,0.0,9.444684697249622,17.1719708523061
3401.0,244.0,751.041479411053,0.32488218918526096,0.0,0.0,0.0,0.0,27.81843564572992,0.0,0.0,0.0,0.0,0.0,0.0,0.0,0.0,0.0,0.0,11.81346909129352,16.0049665544364
3378.0,9.166666666666666,25.295740749467537,0.3623798471629901,0.0,0.0,0.0,0.0,12.997287392144733,0.0,0.0,0.0,0.0,0.0,0.0,0.0,0.0,1.517119704059246,0.0,10.813375792324775,0.6667918957607105
3388.0,24.5,64.75130820548836,0.37837073379659325,0.0,0.0,0.0,0.0,9.501022040629032,0.0,0.0,0.0,0.0,0.0,0.0,0.0,0.0,0.0,0.0,7.667095109541905,1.8339269310871265
3389.0,95.83333333333331,299.4648121761661,0.32001533882036687,0.0,0.0,0.0,0.0,17.598859791410018,0.0,0.0,0.0,0.0,0.0,0.0,0.0,0.0,0.0,0.0,11.596997333496368,6.00186245791365
3399.0,248.16666666666663,678.0722585691427,0.365988526341343,0.0,0.0,0.0,0.0,27.49130116150583,0.0,0.0,0.0,0.0,0.0,0.0,0.0,0.0,3.034658373534732,0.0,8.451599965864679,16.00504282210642
3398.0,463.5,1287.9376351098963,0.35987767370463614,0.0,0.0,0.0,0.0,45.80249985343196,0.0,0.0,0.0,0.0,0.0,0.0,0.0,0.0,0.0,0.0,15.95990325565637,29.842596597775596
3255.0,1123.8333333333333,3125.851407846862,0.3595287128851234,757.6666666666666,208.83333333333331,43.5,505.3333333333333,908.4896017367744,170.33333333333334,38.5,43.5,0.0,0.5,77.33333333333333,71.66666666666667,355.8333333333333,2.023105582356488,0.0,75.77716958313512,73.02265990461608
3259.0,24.333333382988144,76.2162627928302,0.31926694502367053,0.0,0.0,0.0,0.0,6.708727187331305,0.0,0.0,0.0,0.0,0.0,0.0,0.0,0.0,4.046211172969709,0.0,0.8286435493189463,1.8338724650426492
3276.0,91.66666666666669,268.3059337612813,0.3416497927631555,62.0,8.333333333333334,3.333333333333333,50.333333333333336,75.25765885258255,6.5,1.8333333333333333,3.333333333333333,0.0,2.0,17.666666666666668,1.5,29.166666666666668,2.023105582356488,0.0,5.232690812312407,6.00186245791365
3289.0,551.1666663830425,1399.2298576727878,0.3939071649741295,202.4999998957958,38.99999997993104,13.33333332647215,150.1666665893926,266.05331028292625,28.666666651915126,10.333333328015918,13.33333332647215,0.0,0.0,24.833333320554377,21.16666665577454,104.1666666130637,2.023105581315421,0.0,25.68583290456909,35.844371901245985
3294.0,573.0000003267185,1411.1718550277262,0.4060455133690718,86.33333338255966,16.500000009408122,4.000000002280757,65.83333337087079,152.16709208306497,10.833333339510384,5.666666669897739,4.000000002280757,0.0,0.0,12.00000000684227,8.166666671323211,45.6666666927053,0.0,0.0,28.488929281615007,37.34482941889032
3302.0,523.3333333333334,1441.268067782723,0.36310617367554693,98.5,17.666666666666668,13.5,67.33333333333333,154.699381384089,11.5,6.166666666666667,13.5,0.0,0.0,21.0,6.166666666666667,40.16666666666666,1.0115527911782438,0.0,21.17723110313771,34.01059748977303
3310.0,475.0,1422.6989322678792,0.3338724653731325,0.0,0.0,0.0,0.0,58.18961471945208,0.0,0.0,0.0,0.0,0.0,0.0,0.0,0.0,0.0,0.0,27.17999202023155,31.00962269922053
3275.0,113.5,343.1352368408565,0.33077337391799383,0.0,0.0,0.0,0.0,17.269810739367763,0.0,0.0,0.0,0.0,0.0,0.0,0.0,0.0,6.069316747069464,0.0,3.864857080627504,7.335636911670797
3258.0,898.8333333333334,2630.70724174859,0.34166984416551527,79.16666666666667,22.833333333333336,4.666666666666667,51.66666666666667,173.1851225863437,18.166666666666668,4.666666666666667,4.666666666666667,0.0,0.0,7.666666666666667,5.166666666666667,38.833333333333336,2.023105582356488,0.0,33.310402166319264,58.68494817100128
3274.0,1053.1666666666667,3189.575512009958,0.3301902283551827,163.0,31.666666666666664,18.166666666666668,113.16666666666666,273.7894659108075,24.83333333333333,6.833333333333333,18.166666666666668,0.0,0.0,45.0,9.666666666666666,58.5,1.0115527911782438,0.0,41.42336301705301,68.35455010257624
3369.0,133.33333333333334,361.6002782329263,0.3687312797017433,12.166666666666666,2.833333333333333,0.1666666666666666,9.166666666666666,25.7896640064412,2.333333333333333,0.5,0.1666666666666666,0.0,0.0,3.0,1.8333333333333333,4.333333333333333,0.0,0.0,4.953689480652724,8.66930785912181
3372.0,266.0,718.0387662860711,0.3704535360616225,0.0,0.0,0.0,0.0,26.404082562519715,0.0,0.0,0.0,0.0,0.0,0.0,0.0,0.0,0.0,0.0,9.065194485362252,17.338888077157463
3368.0,78.33333333333333,211.2176992159366,0.3708653849753847,0.0,0.0,0.0,0.0,10.672777945762428,0.0,0.0,0.0,0.0,0.0,0.0,0.0,0.0,0.0,0.0,5.671225897501052,5.001552048261376
3373.0,227.5,612.3945503612287,0.3714925285762361,516.1666666666666,89.33333333333334,69.5,357.3333333333333,582.6726677263389,73.16666666666667,16.166666666666668,68.33333333333333,1.1666666666666667,1.0,186.16666666666663,30.666666666666668,139.5,1.0115527911782438,0.0,50.48980844097741,15.004639827516463
3374.0,342.8333333333333,934.003013514254,0.3670580590991865,37.5,4.666666666666667,1.6666666666666667,31.166666666666664,74.63049038763906,4.5,0.1666666666666666,1.5,0.1666666666666666,3.1666666666666665,6.166666666666667,2.5,19.33333333333333,0.0,0.0,14.623585151389518,22.50690523624954
3176.0,548.3333333333334,1287.727728405411,0.42581465106162836,149.83333333333331,29.833333333333336,8.833333333333334,111.16666666666666,225.41408859820945,20.166666666666668,9.666666666666666,8.833333333333334,0.0,0.3333333333333333,19.166666666666668,22.83333333333333,68.83333333333333,1.0115527911782438,0.0,38.891224706585895,35.67797776711196
2587.0,271.66577607583486,764.3434894850986,0.35542368033885263,2238.319708481139,366.6644347483451,31.166480974315636,1840.4887927584787,2382.4077494032367,284.9982641493002,81.66617059904489,30.833147234112516,0.33333374020311807,1.833322173289096,380.33102064557903,801.828446661478,656.4960032781324,2.0230932171640403,0.0,124.05942030471027,18.005527400223254
2731.0,536.5,1475.1859636471245,0.36368296148480356,94.66666666666666,3.1666666666666665,68.83333333333333,22.666666666666664,209.00719415773992,3.1666666666666665,0.0,1.5,67.33333333333333,14.333333333333334,0.0,0.1666666666666666,8.166666666666666,0.0,0.0,79.49635704146105,34.8441704496122
2733.0,105.16666666666669,267.8194228136742,0.3926775196578354,1367.5,154.66666666666669,853.1666666666667,359.66666666666663,1430.9992658558847,146.33333333333334,8.333333333333334,676.3333333333334,176.83333333333334,22.83333333333333,78.16666666666667,49.16666666666666,209.5,0.0,0.0,56.497054873167535,7.002210982716917
2742.0,92.0,254.8866913947412,0.3609446985896971,932.3333333333336,55.33333333333333,228.83333333333331,648.1666666666667,983.0464307065868,46.16666666666666,9.166666666666666,69.0,159.83333333333334,39.333333333333336,26.33333333333333,40.16666666666666,542.3333333333334,0.0,0.0,44.711234915339936,6.00186245791365
3400.0,419.1666666666667,1161.088299090118,0.36101187738705565,489.0,99.16666666666666,32.333333333333336,357.5,550.4387136258339,75.33333333333333,23.83333333333333,32.333333333333336,0.0,0.0,81.16666666666667,47.66666666666666,228.66666666666663,3.034658373534732,0.0,30.895597976335814,27.50845727596329
3257.0,157.33333333333334,480.9847749215233,0.32710668099422396,42.66666666666667,11.5,1.8333333333333333,29.333333333333336,61.831579461751055,8.0,3.5,1.8333333333333333,0.0,0.0,2.333333333333333,4.333333333333333,22.666666666666668,2.191519375459936,0.0,6.803677157546613,10.169716262077836
3229.0,0.0,0.0,0.0,0.0,0.0,0.0,0.0,5.057763955891219,0.0,0.0,0.0,0.0,0.0,0.0,0.0,0.0,5.057763955891219,0.0,0.0,0.0
3252.0,20.666666666666668,55.91783613383118,0.36958988572454804,0.0,0.0,0.0,0.0,10.037137709758438,0.0,0.0,0.0,0.0,0.0,0.0,0.0,0.0,0.0,0.0,9.036827300106165,1.0003104096522752
3253.0,34.833333333333336,103.0920949020467,0.3378855902232887,0.0,0.0,0.0,0.0,5.521038327413281,0.0,0.0,0.0,0.0,0.0,0.0,0.0,0.0,0.0,0.0,3.5204175081087308,2.0006208193045505
3254.0,84.16666666666667,252.17703747049737,0.3337602325370861,0.0,0.0,0.0,0.0,21.36967743823553,0.0,0.0,0.0,0.0,0.0,0.0,0.0,0.0,0.0,0.0,15.867994696287974,5.501682741947562
3342.0,194.33333333333331,583.3731238478352,0.33312013424880105,0.0,0.0,0.0,0.0,26.463127962297683,0.0,0.0,0.0,0.0,0.0,0.0,0.0,0.0,0.0,0.0,13.792540349415782,12.670587612881905
3336.0,200.5,608.4106124545309,0.32954717734313715,0.0,0.0,0.0,0.0,19.834000502355952,0.0,0.0,0.0,0.0,0.0,0.0,0.0,0.0,0.0,0.0,6.829965176876375,13.004035325479576
3335.0,60.16666666666666,191.55420668854848,0.3140973393734587,0.0,0.0,0.0,0.0,15.553745017735976,0.0,0.0,0.0,0.0,0.0,0.0,0.0,0.0,0.1685532854776366,0.0,11.383950093649238,4.0012416386091
3328.0,241.16666666666663,746.9539015642849,0.3228668679039106,0.0,0.0,0.0,0.0,75.3892479553339,0.0,0.0,0.0,0.0,0.0,0.0,0.0,0.0,0.0,0.0,59.71779991478906,15.671448040544837
3407.0,352.0,1085.436300104299,0.3242935582366063,0.0,0.0,0.0,0.0,55.3309785503798,0.0,0.0,0.0,0.0,0.0,0.0,0.0,0.0,0.0,0.0,32.32383912837747,23.007139422002325
3160.0,54.0,140.24837824307053,0.38503119021034427,0.0,0.0,0.0,0.0,237.2409763770272,0.0,0.0,0.0,0.0,0.0,0.0,0.0,0.0,4.045279930324687,0.0,229.6949994618592,3.5006969848432905
2949.0,2.0,2.75005691817249,0.7272576748444431,368.83333333333337,49.333333333333336,157.83333333333331,161.66666666666669,384.4993942291882,45.833333333333336,3.5,45.0,112.83333333333331,15.5,22.5,18.0,105.66666666666669,3.034658373534732,0.0,12.631402522320109,0.0
2939.0,121.33333333333331,302.5957740661564,0.40097497629562484,337.0,0.1666666666666666,0.3333333333333333,336.5,361.6252949294103,0.1666666666666666,0.0,0.3333333333333333,0.0,0.0,336.3333333333333,0.0,0.1666666666666666,1.0115527911782438,0.0,15.611258861013832,8.0024832772182
2979.0,447.0,992.2913795114004,0.450472521710408,24.833333333333336,1.8333333333333333,0.6666666666666666,22.333333333333336,69.91375047899852,1.6666666666666667,0.1666666666666666,0.5,0.1666666666666666,4.666666666666667,4.333333333333333,2.833333333333333,10.5,0.0,0.0,16.071415265749216,29.00900187991597
2971.0,563.0,1326.5579426995948,0.4244066405831275,0.0,0.0,0.0,0.0,56.18772149584064,0.0,0.0,0.0,0.0,0.0,0.0,0.0,0.0,0.0,0.0,19.17623633870646,37.011485157134175
2928.0,170.0,430.64576585095296,0.39475600012943635,177.83333333333334,6.5,140.0,31.33333333333333,205.52165542478045,5.666666666666667,0.8333333333333334,139.83333333333334,0.1666666666666666,2.0,2.6666666666666665,2.6666666666666665,24.0,0.0,0.0,16.518159227268008,11.170162864179142
3010.0,117.0,250.51013143470325,0.46704697861889327,112.66666666666669,1.1666666666666667,85.0,26.5,128.49200306456024,1.0,0.1666666666666666,41.0,44.0,1.1666666666666667,21.666666666666668,0.8333333333333334,2.833333333333333,0.0,0.0,7.8228531206753695,8.0024832772182
2924.0,126.16666666666669,305.5544268486394,0.41291061618022334,885.5,44.333333333333336,75.33333333333334,765.8333333333334,933.9676502823722,36.833333333333336,7.5,74.16666666666667,1.1666666666666667,444.1666666666667,180.16666666666663,66.83333333333333,74.66666666666667,0.0,0.0,40.46516700515405,8.0024832772182
2922.0,287.0,731.7837524762866,0.39219236424533793,52.66666666666666,8.333333333333332,18.0,26.33333333333333,83.24162399645495,8.166666666666666,0.1666666666666666,16.5,1.5,7.833333333333333,0.5,2.5,15.5,0.0,0.0,11.569059546395062,19.005897783393227
2912.0,218.5,529.5178134785307,0.4126395645967425,47.16666666666666,4.0,1.3333333333333337,41.83333333333333,77.71759850174189,3.8333333333333335,0.1666666666666666,1.1666666666666667,0.1666666666666666,4.833333333333333,8.5,5.666666666666667,22.83333333333333,0.0,0.0,16.213122070078033,14.337809764997184
2821.0,168.5,438.5206890203415,0.3842464089355288,148.66666666666669,16.333333333333332,1.6666666666666667,130.66666666666669,172.97295095996083,15.0,1.3333333333333333,0.8333333333333334,0.8333333333333334,7.333333333333333,17.5,12.666666666666666,93.16666666666669,0.0,0.0,13.302869787119135,11.003414506175025
2819.0,2.0,5.75028459086245,0.34780887248226305,175.83333333333334,14.833333333333332,61.16666666666667,99.83333333333334,183.22975026147063,11.666666666666666,3.1666666666666665,60.833333333333336,0.3333333333333333,2.833333333333333,37.16666666666666,14.833333333333334,45.0,1.0115527911782438,0.0,6.384864136959066,0.0
2887.0,747.5,1791.3268625565688,0.41728844446243235,1301.3333333333337,663.1666666666667,17.833333333333332,620.3333333333334,1419.6272588885124,473.6666666666667,189.5,17.0,0.8333333333333334,35.833333333333336,54.0,73.0,457.5,0.0,0.0,69.77891153538259,48.51501401979629
2932.0,598.1666666666666,1405.8527928397616,0.42548314426178,42.0,0.3333333333333333,0.1666666666666666,41.5,104.81736937566724,0.3333333333333333,0.0,0.1666666666666666,0.0,1.0,7.166666666666667,1.0,32.333333333333336,0.0,0.0,23.80526339922852,39.01210597643873
2274.0,0.0,0.0,0.0,850.0,0.0,775.0,75.0,882.9979001307885,0.0,0.0,775.0,0.0,74.0,1.0,0.0,0.0,4.046211164712975,0.0,28.95168896607548,0.0
2278.0,0.0,0.0,0.0,7.166666666666667,0.0,0.6666666666666666,6.5,22.162331915401428,0.0,0.0,0.6666666666666666,0.0,6.333333333333333,0.1666666666666666,0.0,0.0,8.09242232942595,0.0,6.90324291930881,0.0
2279.0,0.0,0.0,0.0,0.0,0.0,0.0,0.0,7.080869538247707,0.0,0.0,0.0,0.0,0.0,0.0,0.0,0.0,7.080869538247707,0.0,0.0,0.0
2248.0,20.666666666666668,54.668134803043415,0.378038627824488,0.0,0.0,0.0,0.0,35.03711466912075,0.0,0.0,0.0,0.0,0.0,0.0,0.0,0.0,0.0,0.0,33.70338379119882,1.333730877921931
2244.0,44.5,121.88788120836152,0.36508961808868734,356.50000000000006,6.0,8.666666666666666,341.83333333333337,384.243415344411,0.0,6.0,8.666666666666666,0.0,267.0,60.16666666666666,14.666666666666666,0.0,8.09242232942595,0.0,16.983509486881143,2.667483528103839
2262.0,211.33333333333331,542.0179093852845,0.3899010155826982,0.0,0.0,0.0,0.0,306.552042770504,0.0,0.0,0.0,0.0,0.0,0.0,0.0,0.0,0.3371065709552733,0.0,292.54441397102704,13.67052222852166
2259.0,0.0,0.0,0.0,223.4999997993958,3.166666663824399,13.833333320917111,206.49999981465427,233.1299205921131,0.16666666651707357,2.9999999973073255,6.333333327648798,7.499999993268314,131.4999998819711,61.83333327783433,4.3333333294439145,8.833333325404904,2.023105580540633,0.0,7.606815212176645,0.0
2258.0,1.0,1.75005691817249,0.5714099865073288,138.83333333333331,1.1666666666666667,3.0,134.66666666666666,146.64521287509854,0.0,1.1666666666666667,2.333333333333333,0.6666666666666666,118.5,13.666666666666666,2.5,0.0,3.034658373534732,0.0,4.777221168230459,0.0
2237.0,24.666666666666668,65.66718592595343,0.37563154745934896,0.0,0.0,0.0,0.0,3.1849320216571195,0.0,0.0,0.0,0.0,0.0,0.0,0.0,0.0,1.0115527911782438,0.0,0.8395721048183663,1.3338071256605095
2299.0,424.8333333333333,1069.5059615027617,0.39722390395692647,0.0,0.0,0.0,0.0,115.4841792674748,0.0,0.0,0.0,0.0,0.0,0.0,0.0,0.0,0.0,0.0,87.6422416016599,27.8419376658149
2307.0,539.6666666666666,1338.2295983714455,0.4032691156460837,0.0,0.0,0.0,0.0,53.392232151659655,0.0,0.0,0.0,0.0,0.0,0.0,0.0,0.0,0.0,0.0,18.38136781383003,35.010864337829624
2269.0,183.83333333333331,451.98953493374,0.40672033116935463,132.0,3.5,18.33333333333333,110.16666666666669,191.429526920768,2.5,1.0,2.6666666666666665,15.666666666666666,43.333333333333336,51.16666666666666,5.166666666666667,10.5,0.0,0.0,47.42580200494072,12.0037249158273
2265.0,0.0,0.0,0.0,319.1666666666667,4.666666666666667,6.5,308.0,330.0099264689493,0.0,4.666666666666667,6.5,0.0,283.0,9.666666666666666,15.333333333333334,0.0,0.0,0.0,10.84325980228261,0.0
2257.0,27.0,86.25449653562673,0.31302715898234784,0.0,0.0,0.0,0.0,3.9318154952875446,0.0,0.0,0.0,0.0,0.0,0.0,0.0,0.0,1.0115527911782438,0.0,0.9196418848047504,2.0006208193045505
2234.0,0.0,0.0,0.0,224.0,4.666666666666667,69.0,150.33333333333331,237.698938309894,4.0,0.6666666666666666,16.333333333333332,52.66666666666666,143.0,2.6666666666666665,1.0,3.6666666666666665,6.069316747069464,0.0,7.629621562824596,0.0
2243.0,1.0,1.75005691817249,0.5714099865073288,217.8333333333333,3.333333333333333,11.333333333333334,203.16666666666663,225.28708411109008,0.0,3.333333333333333,11.333333333333334,0.0,165.66666666666666,31.33333333333333,6.0,0.1666666666666666,0.0,0.0,7.453750777756762,0.0
2233.0,0.8463357684625191,1.4811357666946623,0.5714099865073289,40.624116886200916,0.2821119228208397,9.591805375908551,30.750199587471524,48.734707086512465,0.2821119228208397,0.0,1.9747834597458778,7.617021916162672,29.05752805054649,0.5642238456416794,0.1410559614104198,0.987391729872939,5.992793162035716,0.0,2.1177970382758344,0.0
2232.0,1.986997618168599,6.351245046166968,0.3128516698261815,7.375884576235273,0.0512214206683005,1.7415283027222173,5.583134852844754,12.577473412249255,0.0512214206683005,0.0,0.3585499446781035,1.3829783580441137,5.275806328834952,0.102442841336601,0.025610710334150244,0.1792749723390518,1.0880765919478217,0.0,4.113512244066162,0.0
2240.0,17.166666666666668,44.16641204945002,0.38868148599995767,0.0,0.0,0.0,0.0,24.916948736359156,0.0,0.0,0.0,0.0,0.0,0.0,0.0,0.0,0.0,0.0,23.91663832670688,1.0003104096522752
2287.0,301.66666666666663,762.0830881423235,0.3958448512510864,0.0,0.0,0.0,0.0,168.9601113462697,0.0,0.0,0.0,0.0,0.0,0.0,0.0,0.0,1.0115527911782438,0.0,148.27573268348849,19.672825871602967
2350.0,98.59849261441269,249.00816603521636,0.3959648961892609,387.27262789976606,18.35442038972472,53.12928824049901,315.7889192695423,428.34282046239446,11.054586427636291,7.29983396208843,6.086325281475363,47.042962959023654,264.83629070852567,15.125840175193913,14.336147816543528,21.49064056927919,5.9147699702694485,0.0,28.82876509273308,6.326657499625834
2348.0,259.1666666666667,690.5219530767678,0.3753199525545775,0.0,0.0,0.0,0.0,359.02079076433216,0.0,0.0,0.0,0.0,0.0,0.0,0.0,0.0,1.0115990057995028,0.0,341.33578298850927,16.673408770023375
2359.0,1109.8333333333333,2739.298858318083,0.40515233668763173,406.5,46.33333333333333,92.66666666666669,267.5,550.4976806904307,32.666666666666664,13.666666666666666,12.666666666666666,80.0,125.66666666666669,21.83333333333333,20.166666666666668,99.83333333333331,1.685952462578934,0.0,70.12297886730595,72.18874936054578
2376.0,40.493245329406435,128.2627124705679,0.31570551214327636,112.30702507384584,9.710870226403808,9.650937871214593,92.94521697622744,131.48150864335264,7.609164476067877,2.1017057503359307,3.1872101367597603,6.463727734454833,59.9044777203508,12.190451172502904,5.573288756469042,15.276999326904697,3.2862751888874184,0.0,13.326930852319236,2.5612775283001605
2340.0,2293.6666666666665,5557.3906209144725,0.4127236725154371,1731.0,116.16666666666669,628.1666666666666,986.6666666666666,2018.4778999508956,94.5,21.666666666666668,38.5,589.6666666666666,495.0,108.83333333333331,163.66666666666666,219.16666666666663,1.0115527911782438,0.0,137.08657762187616,149.379769537841
2361.0,0.0,0.0,0.0,624.0,52.0,118.33333333333331,453.6666666666667,665.784766155348,40.16666666666666,11.833333333333334,15.5,102.83333333333331,293.3333333333333,42.16666666666666,37.0,81.16666666666667,7.080869538247707,0.0,34.7038966171004,0.0
2362.0,168.86447671842058,407.9208516949046,0.41396382660212483,456.3429756258387,47.3426057248008,93.5006719544347,315.4996979466032,498.93195615287857,36.32681588258167,11.015789842219121,12.806020305922946,80.69465164851174,170.59181630515624,38.475542597771025,37.47339248851283,68.95894655516307,4.841942035319835,0.0,26.73040051161738,11.016637980102782
2338.0,259.6666666666667,647.8490011101038,0.4008135633793091,166.66666666666666,2.5,22.333333333333336,141.83333333333331,213.82746594529084,0.8333333333333334,1.6666666666666667,9.5,12.833333333333334,99.0,31.666666666666668,6.5,4.666666666666667,1.6858596477002317,0.0,28.470087650082377,17.00485198084159
2286.0,323.5,793.2946219315339,0.40779300786425854,0.0,0.0,0.0,0.0,86.20009715660255,0.0,0.0,0.0,0.0,0.0,0.0,0.0,0.0,0.3371065709552733,0.0,64.85667351920526,21.00631706644202
2293.0,284.6666666666667,700.5789995870911,0.4063305734748604,0.0,0.0,0.0,0.0,235.05960312875783,0.0,0.0,0.0,0.0,0.0,0.0,0.0,0.0,1.0115527911782438,0.0,215.70902614982222,18.339024187757346
2303.0,459.6582779236708,1146.3928135938531,0.40096053680123617,4.03346934381769,0.0,0.0,4.03346934381769,49.56478811585794,0.0,0.0,0.0,0.0,0.0,4.03346934381769,0.0,0.0,0.0,0.0,15.793300103669814,29.73801866837044
2304.0,555.0931697080457,1500.095450793463,0.3700385661555295,336.58103187675675,9.80166823149307,25.710198244955805,301.06916540030784,406.2867588296381,2.524138986408606,7.277529245084463,8.102997096155397,17.607201148800407,264.05912965928496,17.877407379083436,12.361133862754302,6.771494499185173,0.0,0.0,33.53095354474028,36.174773408141
2261.0,8.666666666666666,21.91697986363695,0.3954316114988893,445.0,5.333333333333333,28.0,411.6666666666667,471.1067260390128,0.5,4.833333333333333,19.5,8.5,345.6666666666667,52.16666666666666,12.833333333333334,1.0,3.034658373534732,0.0,22.071757255825773,1.0003104096522752
2260.0,0.0,0.0,0.0,282.3333333333333,1.8333333333333333,5.5,275.0,305.35802578866304,0.0,1.8333333333333333,3.5,2.0,247.83333333333331,10.166666666666666,16.833333333333332,0.1666666666666666,6.069316747069464,0.0,16.955375708260174,0.0
2249.0,45.51526041335099,116.07772587960882,0.39211020088864934,0.668899044240665,0.012161800804375726,0.0,0.6567372434362894,11.203903913952102,0.012161800804375726,0.0,0.0,0.0,0.5716046378056593,0.07297080482625438,0.0,0.012161800804375726,6.175186050650831,0.0,1.5706612838705167,2.789157535190085
2329.0,2.333333333333333,7.209331740996698,0.32365459340212677,0.0,0.0,0.0,0.0,8.141106921648866,0.0,0.0,0.0,0.0,0.0,0.0,0.0,0.0,5.394777583294585,0.0,2.7463293383542826,0.0
2333.0,18.613253399259303,55.61761137315382,0.3346647390945626,68.49999994250757,1.6666666652678241,1.4999999987410417,65.3333332784987,89.18777006411165,0.0,1.6666666652678241,1.4999999987410417,0.0,59.666666616588095,3.666666663589213,1.999999998321389,0.0,2.9228735923090188,0.0,16.597908581348616,1.1669879479464464
2330.0,67.0,166.8808753401254,0.40148399188010664,0.0,0.0,0.0,0.0,41.49687735309686,0.0,0.0,0.0,0.0,0.0,0.0,0.0,0.0,4.046211164712975,0.0,33.11602586514892,4.334640323234964
2331.0,157.886372506487,390.10101248357654,0.40473202440902173,144.81669495975635,2.1004838914388513,5.134516179072748,137.58169488924477,195.13654021461355,0.0,2.1004838914388513,5.134516179072748,0.0,112.7259688405517,17.97080662675462,6.884919421938458,0.0,1.4165002288066066,0.0,38.74783007210579,10.155514953944767
2326.0,456.90214579713,1166.4135395304843,0.39171539965237934,214.68851613425977,6.92565212879667,26.423656633677652,181.33920737178548,272.6003603642513,2.9829239231208797,3.94272820567579,5.0915977647748845,21.332058868902767,147.6218151622248,18.45324446164782,8.237478036890053,7.02666971102277,1.532300600955748,0.0,26.44101761550156,29.938526013534204
2280.0,0.0,0.0,0.0,0.0,0.0,0.0,0.0,6.069316747069464,0.0,0.0,0.0,0.0,0.0,0.0,0.0,0.0,6.069316747069464,0.0,0.0,0.0
2277.0,0.0,0.0,0.0,513.1666666666667,11.5,11.0,490.6666666666667,546.2833730393472,0.0,11.5,11.0,0.0,449.3333333333333,20.666666666666668,20.666666666666668,0.0,7.080869538247708,0.0,26.03583683443286,0.0
2263.0,59.6559867720477,146.23107656112157,0.4079569690312218,341.4977368661878,9.612951901751662,15.41879413944326,316.46599082499284,438.87874907055266,0.0,9.612951901751662,15.41879413944326,0.0,288.38855705254986,12.658639632999714,15.41879413944326,0.0,5.449901990803247,0.0,88.19395401849246,3.737156195069125
2254.0,1943.0900975634522,4764.642043138414,0.4078144968648183,312.5482175744837,8.201968999388338,9.9008837586717,294.4453648164237,517.0424317340537,0.0,8.201968999388338,9.9008837586717,0.0,264.2125042753145,15.160558186456708,15.072302354652525,0.0,1.099320404627543,0.0,76.82140821342239,126.57348554152006
2231.0,0.0,0.0,0.0,0.0,0.0,0.0,0.0,0.0,0.0,0.0,0.0,0.0,0.0,0.0,0.0,0.0,0.0,0.0,0.0,0.0
2247.0,556.0015380166525,1386.5623143939276,0.40099282393931435,0.00017622742644559915,2.4188078139592037e-06,1.2785127016641507e-05,0.00016102349161499843,87.27908188658895,0.0,2.4188078139592037e-06,1.2785127016641507e-05,0.0,0.00013528046559500406,1.58950227774462e-05,9.848003242548187e-06,0.0,1.048607912371791e-06,0.0,50.934165594406416,36.34473901614818
2239.0,19.666666666666668,48.91868410860328,0.4020277124177163,0.0,0.0,0.0,0.0,26.682290166206727,0.0,0.0,0.0,0.0,0.0,0.0,0.0,0.0,1.0115527911782438,0.0,24.67042696537621,1.0003104096522752
2238.0,19.166666666666668,55.04281844063773,0.3482137581188257,34.0,1.1666666666666667,1.0,31.83333333333333,53.65669552061226,0.0,1.1666666666666667,1.0,0.0,29.83333333333333,2.0,0.0,0.0,1.0115527911782438,0.0,17.644832319781738,1.0003104096522752
2285.0,0.0,0.0,0.0,0.0,0.0,0.0,0.0,0.0,0.0,0.0,0.0,0.0,0.0,0.0,0.0,0.0,0.0,0.0,0.0,0.0
2323.0,0.0,0.0,0.0,0.0,0.0,0.0,0.0,7.080869538247707,0.0,0.0,0.0,0.0,0.0,0.0,0.0,0.0,7.080869538247707,0.0,0.0,0.0
2388.0,27.844303151519867,77.31136464318783,0.36015795711314386,48.16470009247362,0.7518155603558321,0.7275634455056439,46.68532108661215,59.99712375315758,0.0,0.7518155603558321,0.7275634455056439,0.0,42.174427724477155,2.9102537820225756,1.6006395801124165,0.0,0.7374230947029198,0.0,9.396837450070166,1.6981631159108774
2392.0,21.0,59.255070095064944,0.354400053300232,0.0,0.0,0.0,0.0,7.948795947390864,0.0,0.0,0.0,0.0,0.0,0.0,0.0,0.0,6.069316747069464,0.0,0.7124966804035865,1.166982519917814
2401.0,149.5,439.0405358119991,0.34051525498323726,0.0,0.0,0.0,0.0,402.4268390191342,0.0,0.0,0.0,0.0,0.0,0.0,0.0,0.0,0.0,0.0,392.7572262121065,9.66961280702776
2335.0,330.6666666666667,840.4568947286733,0.393436794606125,105.66666666666669,0.0,1.5,104.16666666666669,237.5710416600728,0.0,0.0,1.5,0.0,94.5,6.166666666666667,3.5,0.0,1.0115527911782438,0.0,109.3859278407307,21.50689436149716
2334.0,125.66666666666669,374.4308085223444,0.3356205306999128,0.0,0.0,0.0,0.0,104.28417085555763,0.0,0.0,0.0,0.0,0.0,0.0,0.0,0.0,0.0,0.0,96.114917422452,8.169253433105647
2291.0,22.0,55.62892784537755,0.39547769213078726,0.0,0.0,0.0,0.0,32.750920926811176,0.0,0.0,0.0,0.0,0.0,0.0,0.0,0.0,0.0,0.0,31.58390029174237,1.1670206350688055
2284.0,0.0,0.0,0.0,0.0,0.0,0.0,0.0,2.023105582356488,0.0,0.0,0.0,0.0,0.0,0.0,0.0,0.0,2.023105582356488,0.0,0.0,0.0
3173.0,83.16666666666667,227.539833440754,0.3655037687646076,239.0,46.333333333333336,20.666666666666668,172.0,262.3036311223543,37.5,8.833333333333334,20.666666666666668,0.0,0.0,81.83333333333333,15.833333333333334,74.33333333333333,0.0,0.0,18.135368842984523,5.168262279369814
3071.0,116.66666648872652,325.55617080096323,0.35836109695507373,1303.3333313454875,467.6666659533807,64.66666656803697,770.9999988240697,1359.3612608324952,319.33333284628566,148.33333310709514,18.16666663895884,46.499999929078136,33.83333328173069,169.1666664086534,51.833333254277065,516.1666658794085,0.0,0.0,48.35885578156529,7.669073705442677
2481.0,1070.8333333333333,3252.3715341798293,0.32924692707451453,122.66666666666666,20.33333333333333,15.5,86.83333333333333,233.01192000898027,14.666666666666666,5.666666666666667,8.333333333333334,7.166666666666667,4.333333333333333,12.333333333333334,14.5,55.66666666666666,0.0,0.0,40.65704318054593,69.68821016176769
2488.0,781.666664679993,2112.2569712517047,0.37006229607412977,87.8333331100973,11.999999969500958,17.333333289279164,58.49999985131718,168.4650067454,8.499999978396513,3.4999999911044464,9.166666643368789,8.166666645910375,7.333333314695031,26.499999932647953,6.166666650993549,18.499999952980644,0.0,0.0,29.615788402911274,51.015885232391426
2489.0,691.3333333333334,1708.2937075182265,0.4046923139099353,0.0,0.0,0.0,0.0,68.56106568817007,0.0,0.0,0.0,0.0,0.0,0.0,0.0,0.0,0.0,0.0,23.547113591016807,45.01395209715327
2469.0,912.5,2663.998836099228,0.34253017968135907,105.83333333333331,32.83333333333333,9.666666666666666,63.33333333333333,209.22626877289144,27.33333333333333,5.5,5.833333333333333,3.8333333333333335,0.0,11.166666666666666,10.0,42.16666666666666,1.0115527911782438,0.0,43.36306847889565,59.01831416948423
2462.0,511.8333333333333,1415.7879245418887,0.36151836335159376,0.0,0.0,0.0,0.0,51.78658295349487,0.0,0.0,0.0,0.0,0.0,0.0,0.0,0.0,1.0115527911782438,0.0,17.431344377638563,33.34368578467806
2433.0,988.0,2627.9014404425084,0.3759653938290898,0.0,0.0,0.0,0.0,97.83759789308658,0.0,0.0,0.0,0.0,0.0,0.0,0.0,0.0,0.0,0.0,33.65101600347977,64.18658188960681
2464.0,309.3333333333333,881.7489483715399,0.35081792147824653,668.3333333333334,177.66666666666666,43.333333333333336,447.33333333333337,740.9709185864261,147.0,30.666666666666668,34.5,8.833333333333334,14.833333333333334,77.33333333333333,84.0,271.1666666666667,2.023105582356488,0.0,50.2748401339684,20.339639536767937
2559.0,661.1666666666666,1824.661734234434,0.3623502670450146,177.33333333333334,40.16666666666667,8.833333333333334,128.33333333333334,249.3631961088546,31.666666666666668,8.5,8.833333333333334,0.0,0.1666666666666666,26.33333333333333,35.166666666666664,66.66666666666667,0.1684137931034482,0.0,28.68146744948641,43.17998153293144
2346.0,258.1666666666667,728.4443095449163,0.3544082413492283,176.0,1.5,7.666666666666667,166.83333333333334,227.12583180955312,0.5,1.0,1.1666666666666667,6.5,7.166666666666667,155.83333333333334,2.0,1.8333333333333333,0.0,0.0,34.12055484546443,17.005276964088676
2399.0,166.33333333333334,465.4927638066438,0.3573274307705991,0.0,0.0,0.0,0.0,209.01248166437543,0.0,0.0,0.0,0.0,0.0,0.0,0.0,0.0,0.0,0.0,198.175913613434,10.836568050941423
2396.0,53.66666666666666,145.67342155886897,0.36840396890780175,0.0,0.0,0.0,0.0,267.19346997598547,0.0,0.0,0.0,0.0,0.0,0.0,0.0,0.0,3.0347990226046373,0.0,260.82453711929725,3.3341338340835573
2400.0,115.83333333333331,319.83939834894386,0.3621609280510198,0.0,0.0,0.0,0.0,336.9490832685758,0.0,0.0,0.0,0.0,0.0,0.0,0.0,0.0,0.0,0.0,329.446687122386,7.502396146189796
2327.0,20.33333333333333,47.33905508627572,0.42952554283721345,203.16666666666669,4.333333333333334,10.166666666666668,188.66666666666669,222.1009332405662,0.1666666666666666,4.166666666666667,6.0,4.166666666666667,172.33333333333334,7.0,7.833333333333333,1.5,1.0115527911782438,0.0,16.75569314765246,1.1670206350688055
2322.0,3.333333333333333,7.3332307677789,0.4545518120034477,0.0,0.0,0.0,0.0,8.690335498244101,0.0,0.0,0.0,0.0,0.0,0.0,0.0,0.0,6.743669869647872,0.0,1.9466656285962292,0.0
2272.0,205.16666666666663,487.303830472838,0.42102412055244964,1617.3333333333333,35.333333333333336,36.5,1545.5,1732.7671663509211,1.5,33.833333333333336,30.666666666666668,5.833333333333333,1418.5,54.5,69.83333333333333,2.6666666666666665,6.069316747069464,0.0,96.36048094503894,13.004035325479576
2289.0,0.6666666666666666,1.6669871076475848,0.3999231089480061,0.0,0.0,0.0,0.0,6.592034886745344,0.0,0.0,0.0,0.0,0.0,0.0,0.0,0.0,6.069316747069464,0.0,0.52271813967588,0.0
2283.0,0.0,0.0,0.0,0.0,0.0,0.0,0.0,3.0346583584249025,0.0,0.0,0.0,0.0,0.0,0.0,0.0,0.0,3.0346583584249025,0.0,0.0,0.0
2282.0,6.166666666666667,14.792956230067324,0.4168650654243572,1118.8333333333337,19.33333333333333,20.166666666666668,1079.3333333333337,1184.0082852163064,0.0,19.33333333333333,20.166666666666668,0.0,991.3333333333334,35.333333333333336,52.66666666666666,0.0,2.023105582356488,0.0,63.151846300616285,0.0
2228.0,168.1666663327062,428.431816712295,0.392516754762019,97.33333314004008,1.3333333306854804,1.8333333296925356,94.16666647966207,265.8480641900776,0.0,1.3333333306854804,1.8333333296925356,0.0,87.83333315890602,3.666666659385071,2.666666661370961,0.0,13.99327857810737,0.0,143.51800530146386,11.003447170466295
2455.0,125.74813006150822,351.39729820426726,0.3578517271023832,111.79271428812727,26.188821820065225,11.49794848806404,74.10594397999797,131.819783999739,21.186588088841464,5.002233731223761,10.78733579930632,0.7106126887577213,0.35530634437886066,42.30930855344466,7.486962014139484,23.954367068034973,2.3825166900597807,0.0,9.154774168828052,8.489778852723925
2619.0,671.1666666666666,1651.998906534166,0.40627549086866527,176.0,27.5,47.0,101.5,248.53172217487597,25.166666666666668,2.333333333333333,45.5,1.5,9.166666666666666,8.0,9.5,74.83333333333333,0.0,0.0,28.85151182540547,43.680210349470464
3485.0,324.1666666666667,889.7054247160198,0.36435280449159413,92.5,10.833333333333334,14.5,67.16666666666666,155.7086360116485,3.8333333333333335,7.0,2.333333333333333,12.166666666666666,57.5,5.666666666666667,1.1666666666666667,2.833333333333333,0.0,0.0,42.20211740895072,21.006518602697778
3561.0,0.0,0.0,0.0,0.0,0.0,0.0,0.0,0.0,0.0,0.0,0.0,0.0,0.0,0.0,0.0,0.0,0.0,0.0,0.0,0.0
3514.0,0.9999999994942917,3.375420334807508,0.29625939892055525,0.0,0.0,0.0,0.0,53.477805430473445,0.0,0.0,0.0,0.0,0.0,0.0,0.0,0.0,53.44374461994234,0.0,0.03406081053109917,0.0
2217.0,0.99999999854513,2.1252754802178684,0.4705272365174123,0.0,0.0,0.0,0.0,1022.7142571999833,0.0,0.0,0.0,0.0,0.0,0.0,0.0,0.0,1022.6801963894845,0.0,0.03406081049876995,0.0
3553.0,0.0,0.0,0.0,0.0,0.0,0.0,0.0,1.011552791383661,0.0,0.0,0.0,0.0,0.0,0.0,0.0,0.0,1.011552791383661,0.0,0.0,0.0
3554.0,0.0,0.0,0.0,0.0,0.0,0.0,0.0,0.0,0.0,0.0,0.0,0.0,0.0,0.0,0.0,0.0,0.0,0.0,0.0,0.0
2219.0,0.0,0.0,0.0,9.666666684013643,0.16666666696575244,0.5000000008972575,9.000000016150633,10.002622260296631,0.0,0.16666666696575244,0.5000000008972575,0.0,8.666666682219129,0.16666666696575244,0.16666666696575244,0.0,0.0,0.0,0.3359555762829886,0.0
2528.0,96.0,211.63376840675664,0.4536138099449686,776.3333333333333,193.66666666666669,16.833333333333332,565.8333333333333,813.2087338155123,95.66666666666669,98.0,15.0,1.8333333333333333,22.666666666666668,107.16666666666669,84.66666666666667,351.3333333333333,0.0,0.0,30.873538024265372,6.00186245791365
2529.0,3.0,8.25039842720743,0.3636188029546387,3098.6666666666665,368.5,89.83333333333334,2640.333333333333,3216.76177366116,231.5,137.0,67.66666666666667,22.166666666666668,10.333333333333334,503.5,857.1666666666666,1269.3333333333333,0.0,0.0,118.09510699449312,0.0
2524.0,433.6666666666667,974.7061067876152,0.4449204366800597,759.3333333333334,140.0,96.16666666666666,523.1666666666667,838.8145682769785,113.5,26.5,91.83333333333331,4.333333333333333,6.833333333333333,105.83333333333331,123.33333333333331,287.1666666666667,1.0115527911782438,0.0,50.46099068220334,28.008691470263702
2218.0,0.0,0.0,0.0,0.0,0.0,0.0,0.0,1.011552791559246,0.0,0.0,0.0,0.0,0.0,0.0,0.0,0.0,1.011552791559246,0.0,0.0,0.0
3550.0,0.0,0.0,0.0,0.0,0.0,0.0,0.0,0.0,0.0,0.0,0.0,0.0,0.0,0.0,0.0,0.0,0.0,0.0,0.0,0.0
3562.0,1.0000000000322393,6.000000000193436,0.16666666666666666,0.0,0.0,0.0,0.0,0.0,0.0,0.0,0.0,0.0,0.0,0.0,0.0,0.0,0.0,0.0,0.0,0.0
3492.0,316.99999919276735,788.1559845940309,0.4022046465282504,0.0,0.0,0.0,0.0,31.803795465528935,0.0,0.0,0.0,0.0,0.0,0.0,0.0,0.0,0.0,0.0,10.797276916323737,21.006518549205197
2421.0,0.0,0.0,0.0,0.0,0.0,0.0,0.0,26.30037294739114,0.0,0.0,0.0,0.0,0.0,0.0,0.0,0.0,26.30037294739114,0.0,0.0,0.0
2420.0,0.0,0.0,0.0,0.0,0.0,0.0,0.0,26.300372437440455,0.0,0.0,0.0,0.0,0.0,0.0,0.0,0.0,26.300372437440455,0.0,0.0,0.0
2390.0,52.16666666666666,154.6659844600371,0.3372859704658951,0.0,0.0,0.0,0.0,55.77869481662052,0.0,0.0,0.0,0.0,0.0,0.0,0.0,0.0,0.1685998342999171,0.0,52.10903305967759,3.501061922643012
2394.0,652.9999980941848,2002.0241571680021,0.3261698894871964,0.0,0.0,0.0,0.0,209.1729862067352,0.0,0.0,0.0,0.0,0.0,0.0,0.0,0.0,6.068246696801408,0.0,160.59282468139168,42.511914828542174
2931.0,212.33333333333331,509.978761604269,0.41635720802447607,6023.333333333333,12.5,7.5,6003.333333333333,6249.7304013349485,9.5,3.0,7.5,0.0,3.0,5932.833333333333,10.5,57.0,0.0,0.0,212.3927222664835,14.004345735131851
2502.0,1942.16659703133,5621.319301226659,0.34550013848306377,520.1666480163718,93.83332996898983,55.66666467076839,370.66665337661357,730.4031913383131,68.33333088327858,25.499999085711273,54.66666470662285,0.9999999641455402,0.3333333213818467,147.83332803284904,56.49999797422302,165.99999404815966,0.0,0.0,83.86404845464558,126.37249486729571
2563.0,299.3333102434271,866.7589516467721,0.34534781518519997,0.0,0.0,0.0,0.0,30.71298389149296,0.0,0.0,0.0,0.0,0.0,0.0,0.0,0.0,1.011552713149316,0.0,10.195453229254017,19.50597794908963
2413.0,23.33333333333333,71.71458385810492,0.3253638531808378,0.0,0.0,0.0,0.0,8.364983615569255,0.0,0.0,0.0,0.0,0.0,0.0,0.0,0.0,6.069316747069464,0.0,0.7952039872094439,1.5004628812903469
2412.0,151.66666666666666,467.5298505391955,0.3243999639632671,0.0,0.0,0.0,0.0,41.58267827651149,0.0,0.0,0.0,0.0,0.0,0.0,0.0,0.0,3.0340530584385825,0.0,28.712639972335108,9.835985245737804
2406.0,207.0,618.2707562484158,0.33480477267928427,0.0,0.0,0.0,0.0,319.56165417856823,0.0,0.0,0.0,0.0,0.0,0.0,0.0,0.0,0.1685532854776366,0.0,305.8889185025548,13.504182390535853
2414.0,0.0,0.0,0.0,0.0,0.0,0.0,0.0,6.069316747069464,0.0,0.0,0.0,0.0,0.0,0.0,0.0,0.0,6.069316747069464,0.0,0.0,0.0
2415.0,0.0,0.0,0.0,0.0,0.0,0.0,0.0,5.057763955891219,0.0,0.0,0.0,0.0,0.0,0.0,0.0,0.0,5.057763955891219,0.0,0.0,0.0
2408.0,26.0,74.74810129089643,0.3478349222385738,22.0,0.0,0.0,22.0,27.657324474798514,0.0,0.0,0.0,0.0,20.0,2.0,0.0,0.0,2.023105582356488,0.0,1.6335980731374755,2.0006208193045505
2410.0,0.0,0.0,0.0,0.0,0.0,0.0,0.0,0.0,0.0,0.0,0.0,0.0,0.0,0.0,0.0,0.0,0.0,0.0,0.0,0.0
2411.0,146.16666666666666,395.5566831081601,0.36952141856922993,0.0,0.0,0.0,0.0,92.17454093083178,0.0,0.0,0.0,0.0,0.0,0.0,0.0,0.0,2.023105582356488,0.0,80.48191512532311,9.669520223152178
2393.0,18.33333333333333,49.21193577639688,0.37253834957100784,0.0,0.0,0.0,0.0,1.6248648513518833,0.0,0.0,0.0,0.0,0.0,0.0,0.0,0.0,0.0,0.0,0.6245544416996079,1.0003104096522752
2427.0,1891.1666666666667,4393.989207859612,0.4303985688640065,99.66666666666666,16.0,13.0,70.66666666666666,290.68970496050935,13.5,2.5,13.0,0.0,0.0,43.16666666666666,5.5,22.0,0.0,0.0,67.81828385940578,123.20475443443688
2424.0,1.0,2.5003300181945862,0.39994720405831474,0.0,0.0,0.0,0.0,20.2651166341132,0.0,0.0,0.0,0.0,0.0,0.0,0.0,0.0,20.23105582356488,0.0,0.034060810548324,0.0
2430.0,0.0,0.0,0.0,38.0,0.0,1.8333333333333333,36.16666666666666,39.29431080083632,0.0,0.0,1.0,0.8333333333333334,36.16666666666666,0.0,0.0,0.0,0.0,0.0,1.2943108008363156,0.0
3163.0,0.1666666666666666,0.1666666666666666,1.0,416.33333333333337,51.333333333333336,247.33333333333331,117.66666666666669,432.54148293178696,46.833333333333336,4.5,244.83333333333331,2.5,7.5,15.833333333333334,16.166666666666668,78.16666666666667,2.023105582356488,0.0,14.185044016097097,0.0
3383.0,199.0,598.8981854901384,0.33227684574989713,2.833333333333333,0.1666666666666666,2.1666666666666665,0.5,25.582930975814456,0.1666666666666666,0.0,1.8333333333333333,0.3333333333333333,0.0,0.1666666666666666,0.0,0.3333333333333333,3.034658373534732,0.0,6.877619615328033,12.837319653618358
3393.0,400.0,1190.9332153553958,0.33587105879873613,0.0,0.0,0.0,0.0,40.47750371921076,0.0,0.0,0.0,0.0,0.0,0.0,0.0,0.0,1.0115527911782438,0.0,13.624628635077483,25.84132229295503
2419.0,573.9999998967212,1861.46439884244,0.30835937569027144,82.6666666517926,10.999999998020789,15.49999999721111,56.1666666565607,142.212587875012,6.666666665467145,4.333333332553644,5.666666665647074,9.83333333156404,9.166666665017324,21.666666662768222,9.999999998200717,15.333333330574433,0.0,0.0,22.367665916887194,37.178255306332204
2225.0,0.0,0.0,0.0,0.0,0.0,0.0,0.0,0.0,0.0,0.0,0.0,0.0,0.0,0.0,0.0,0.0,0.0,0.0,0.0,0.0
2220.0,8.000000015161632,20.000910728665648,0.39998178701412307,0.0,0.0,0.0,0.0,8.353666448118476,0.0,0.0,0.0,0.0,0.0,0.0,0.0,0.0,7.080869551667399,0.0,0.27248648490301014,1.0003104115480674
2942.0,7.5,23.37676630935069,0.3208313716598179,0.0,0.0,0.0,0.0,10.836976745523463,0.0,0.0,0.0,0.0,0.0,0.0,0.0,0.0,7.080869538247707,0.0,3.089184579750239,0.6669226275255191
3547.0,5.0,25.0,0.2,0.0,0.0,0.0,0.0,0.0,0.0,0.0,0.0,0.0,0.0,0.0,0.0,0.0,0.0,0.0,0.0,0.0
3546.0,0.0,0.0,0.0,0.0,0.0,0.0,0.0,0.0,0.0,0.0,0.0,0.0,0.0,0.0,0.0,0.0,0.0,0.0,0.0,0.0
3549.0,0.0,0.0,0.0,0.0,0.0,0.0,0.0,0.0,0.0,0.0,0.0,0.0,0.0,0.0,0.0,0.0,0.0,0.0,0.0,0.0
3516.0,4.499999999634667,12.500421085218818,0.35998787312498726,0.0,0.0,0.0,0.0,5.1536802777080535,0.0,0.0,0.0,0.0,0.0,0.0,0.0,0.0,0.0,0.0,5.1536802777080535,0.0
3531.0,9.999999999835163,21.000960910067516,0.4761686878356755,0.0,0.0,0.0,0.0,1.3409185151134129,0.0,0.0,0.0,0.0,0.0,0.0,0.0,0.0,0.0,0.0,0.3406081054776264,1.0003104096357864
3538.0,5.000000000051208,19.00000000019459,0.2631578947368421,0.0,0.0,0.0,0.0,0.0,0.0,0.0,0.0,0.0,0.0,0.0,0.0,0.0,0.0,0.0,0.0,0.0
3537.0,0.0,0.0,0.0,0.0,0.0,0.0,0.0,0.0,0.0,0.0,0.0,0.0,0.0,0.0,0.0,0.0,0.0,0.0,0.0,0.0
3530.0,1.9999999999522384,3.5001138362613946,0.5714099865073288,0.0,0.0,0.0,0.0,0.0681216210950213,0.0,0.0,0.0,0.0,0.0,0.0,0.0,0.0,0.0,0.0,0.0681216210950213,0.0
3520.0,0.0,0.0,0.0,0.0,0.0,0.0,0.0,0.0,0.0,0.0,0.0,0.0,0.0,0.0,0.0,0.0,0.0,0.0,0.0,0.0
3518.0,1.0,1.0,1.0,5.0,0.0,0.0,5.0,5.0,0.0,0.0,0.0,0.0,0.0,5.0,0.0,0.0,0.0,0.0,0.0,0.0
3519.0,0.0,0.0,0.0,0.0,0.0,0.0,0.0,0.0,0.0,0.0,0.0,0.0,0.0,0.0,0.0,0.0,0.0,0.0,0.0,0.0
3517.0,0.0,0.0,0.0,0.0,0.0,0.0,0.0,0.0,0.0,0.0,0.0,0.0,0.0,0.0,0.0,0.0,0.0,0.0,0.0,0.0
3521.0,0.9999999999136254,2.750012947450171,0.36363465155348873,0.0,0.0,0.0,0.0,0.034060810545382014,0.0,0.0,0.0,0.0,0.0,0.0,0.0,0.0,0.0,0.0,0.034060810545382014,0.0
3524.0,0.0,0.0,0.0,0.0,0.0,0.0,0.0,0.0,0.0,0.0,0.0,0.0,0.0,0.0,0.0,0.0,0.0,0.0,0.0,0.0
3534.0,31.0,76.0,0.40789473684210525,0.0,0.0,0.0,0.0,0.0681216210966481,0.0,0.0,0.0,0.0,0.0,0.0,0.0,0.0,0.0,0.0,0.0681216210966481,0.0
3533.0,54.0,166.0,0.3253012048192771,0.0,0.0,0.0,0.0,0.0,0.0,0.0,0.0,0.0,0.0,0.0,0.0,0.0,0.0,0.0,0.0,0.0
3532.0,41.0,87.0,0.47126436781609193,2.0,2.0,0.0,0.0,2.0,2.0,0.0,0.0,0.0,0.0,0.0,0.0,0.0,0.0,0.0,0.0,0.0
3535.0,0.0,0.0,0.0,0.0,0.0,0.0,0.0,0.0,0.0,0.0,0.0,0.0,0.0,0.0,0.0,0.0,0.0,0.0,0.0,0.0
3536.0,0.0,0.0,0.0,0.0,0.0,0.0,0.0,0.0,0.0,0.0,0.0,0.0,0.0,0.0,0.0,0.0,0.0,0.0,0.0,0.0
3539.0,0.0,0.0,0.0,0.0,0.0,0.0,0.0,0.0,0.0,0.0,0.0,0.0,0.0,0.0,0.0,0.0,0.0,0.0,0.0,0.0
3540.0,65.0,247.0,0.2631578947368421,8.0,7.2,0.0,0.8000000000000002,16.0,7.2,0.0,0.0,0.0,0.8000000000000002,0.0,0.0,0.0,0.0,0.0,8.0,0.0
3542.0,1.0,6.0,0.16666666666666666,0.0,0.0,0.0,0.0,0.0,0.0,0.0,0.0,0.0,0.0,0.0,0.0,0.0,0.0,0.0,0.0,0.0
3541.0,0.0,0.0,0.0,0.0,0.0,0.0,0.0,0.0,0.0,0.0,0.0,0.0,0.0,0.0,0.0,0.0,0.0,0.0,0.0,0.0
3543.0,0.0,0.0,0.0,0.0,0.0,0.0,0.0,0.0,0.0,0.0,0.0,0.0,0.0,0.0,0.0,0.0,0.0,0.0,0.0,0.0
3544.0,42.1,118.09999999999998,0.3564775613886538,28.100000000000005,0.0,0.0,28.100000000000005,28.100000000000005,0.0,0.0,0.0,0.0,0.0,0.0,28.100000000000005,0.0,0.0,0.0,0.0,0.0
3545.0,39.2,159.2,0.2462311557788945,0.0,0.0,0.0,0.0,0.0,0.0,0.0,0.0,0.0,0.0,0.0,0.0,0.0,0.0,0.0,0.0,0.0
3560.0,439.7875258686465,1221.310581960614,0.36009474769525024,11.099518385058273,0.6434503411627984,1.6086258529069961,8.847442190988476,54.870422646524545,0.3217251705813992,0.3217251705813992,0.8847442190988478,0.7238816338081483,4.10199592491284,2.895526535232593,0.5630190485174487,1.2869006823255968,0.0,0.0,15.289388471060391,28.481515790405886
3559.0,3.0,7.125786013917381,0.4210061871266828,0.0,0.0,0.0,0.0,0.1021824316449722,0.0,0.0,0.0,0.0,0.0,0.0,0.0,0.0,0.0,0.0,0.1021824316449722,0.0
3551.0,14.999999979716744,41.99999994320688,0.35714285714285715,0.0,0.0,0.0,0.0,0.0,0.0,0.0,0.0,0.0,0.0,0.0,0.0,0.0,0.0,0.0,0.0,0.0
3555.0,5.0,9.0,0.5555555555555556,0.0,0.0,0.0,0.0,0.0,0.0,0.0,0.0,0.0,0.0,0.0,0.0,0.0,0.0,0.0,0.0,0.0
3558.0,0.0,0.0,0.0,0.0,0.0,0.0,0.0,0.0,0.0,0.0,0.0,0.0,0.0,0.0,0.0,0.0,0.0,0.0,0.0,0.0
3527.0,4.0,10.0,0.4,42.0,0.0,0.0,42.0,42.0,0.0,0.0,0.0,0.0,0.0,10.5,0.0,31.5,0.0,0.0,0.0,0.0
3522.0,0.0,0.0,0.0,0.0,0.0,0.0,0.0,0.0,0.0,0.0,0.0,0.0,0.0,0.0,0.0,0.0,0.0,0.0,0.0,0.0
3525.0,18.0,95.0,0.18947368421052632,0.0,0.0,0.0,0.0,2.0,0.0,0.0,0.0,0.0,0.0,0.0,0.0,0.0,0.0,0.0,2.0,0.0
3528.0,34.0,83.0,0.40963855421686746,0.0,0.0,0.0,0.0,0.0,0.0,0.0,0.0,0.0,0.0,0.0,0.0,0.0,0.0,0.0,0.0,0.0
3523.0,32.0,103.0,0.3106796116504854,393.5,275.8,0.0,117.7,393.5,117.40000000000002,158.4,0.0,0.0,0.0,0.0,0.0,117.7,0.0,0.0,0.0,0.0
3526.0,0.0,0.0,0.0,0.0,0.0,0.0,0.0,0.0,0.0,0.0,0.0,0.0,0.0,0.0,0.0,0.0,0.0,0.0,0.0,0.0
3548.0,2.0,5.0,0.4,0.0,0.0,0.0,0.0,0.0,0.0,0.0,0.0,0.0,0.0,0.0,0.0,0.0,0.0,0.0,0.0,0.0
3529.0,6.0,17.0,0.35294117647058826,37.0,0.0,0.0,37.0,37.0,0.0,0.0,0.0,0.0,0.0,0.0,0.0,37.0,0.0,0.0,0.0,0.0
3093.0,81.64904552768704,219.97314267182216,0.3711773379966627,422.29849499199406,83.18133324536481,25.392196464374525,313.72496528225486,451.26420220060766,58.445831517137904,24.735501728226907,25.348416815298012,0.043779649076507776,0.437796490765078,43.998547321890335,67.50821887597502,201.78040259362442,1.4170643552059938,0.0,22.162168204220837,5.386474649186664
3096.0,824.1011466594638,2301.6847416512705,0.3580425814823965,380.1077972910683,66.8562954575346,60.602615789783414,252.64888604375028,486.8615498659476,49.625935525222644,17.230359932311938,53.868374122810806,6.73424166697262,4.306563408171931,32.72647042806382,51.43306650712422,164.18278570039033,0.6384591357888386,0.0,52.437443291233876,53.67785014785658
3105.0,464.3719525711913,1172.611296234393,0.3960152473905284,183.70391388950998,34.081118982775585,11.293547270762891,138.32924763597148,239.97681048616727,23.923609011438543,10.157509971337035,11.226721547267251,0.06682572349563838,0.46778006446946885,22.453443094534503,28.735061103124515,86.67296337384299,0.40558648274711145,0.0,25.652593533061548,30.21471658084865
3264.0,194.65703130226046,528.4928825610777,0.36832479249096417,0.0,0.0,0.0,0.0,19.270943260766828,0.0,0.0,0.0,0.0,0.0,0.0,0.0,0.0,0.0,0.0,6.626921411970012,12.644021848796816
3266.0,245.58084682733238,660.1254892489939,0.37202145777876683,78.7756167942013,17.419287425371262,6.687762136526468,54.66856723230357,107.26745490329033,12.364583484973352,5.0547039403979115,6.687762136526468,0.0,0.07776467600612168,11.042583992869284,7.776467600612172,35.771750962815986,1.4159353512431563,0.0,11.051457724094014,16.02444503375187
3268.0,265.67660027662305,797.4719113820167,0.3331485366252038,0.0,0.0,0.0,0.0,26.50618104981142,0.0,0.0,0.0,0.0,0.0,0.0,0.0,0.0,0.0,0.0,9.208960005793081,17.297221044018343
3138.0,0.0,0.0,0.0,434.77071392534737,83.45839612555451,189.40405146436314,161.90826633542972,461.0224553870588,78.50097761717804,4.957418508376478,146.98490340299742,42.41914806136574,17.989807370603298,18.092022185209,22.02729254752847,103.79914423208893,4.0324315595523625,0.0,22.219309902159054,0.0
3133.0,0.0,0.0,0.0,471.41224420224995,90.49208825464609,205.36661302615943,175.55354292144443,499.8764253448822,85.11686929524579,5.375218959400288,159.37247141479614,45.99414161136329,19.505949213493825,19.616778470388677,23.883704860840453,112.54711037672149,4.372276122091701,0.0,24.091905020540548,0.0
3262.0,240.16139672142376,654.7546514548554,0.36679601464119205,77.55633637799772,13.027304543910846,4.994925058287059,59.53410677579982,105.59858521207511,11.812322772976154,1.2149817709346902,1.957470630950334,3.0374544273367254,3.6449453128040705,9.179862269284326,3.847442274626519,42.86185691908489,0.40967273387322384,0.0,12.035530710878865,15.597045389325306
2584.0,742.0127896982129,1973.2071906812891,0.37604403288334776,53.79243707066655,8.81271069608649,4.624491751411722,40.355234623168336,129.1518935953591,5.8460556102751955,2.966655085811294,2.268618595032166,2.3558731563795567,0.04362728067369548,11.473974817181917,13.611711570192995,15.225920955119726,0.0,0.0,27.092674912418442,48.26678161227411
2582.0,733.859944695276,2018.3462710935455,0.3635946691633189,19.233745671912597,1.2071388497016275,14.888045812986741,3.1385610092242313,92.7017713983725,1.2071388497016275,0.0,0.5633314631940929,14.324714349792647,0.965711079761302,0.0,0.0804759233134418,2.0923740061494875,0.0,0.0,25.650488859272357,47.81753686718756
2586.0,275.56528989887124,757.8914469042813,0.3635946691633189,7.222294581185463,0.45328208668528003,5.590479069118454,1.1785334253817281,34.80962640649196,0.45328208668528003,0.0,0.2115316404531307,5.378947428665324,0.36262566934822404,0.0,0.03021880577901866,0.7856889502544854,0.0,0.0,9.631789348426956,17.955542476879547
2585.0,390.54100448399316,1038.551513346453,0.3760439414560957,28.325751896953207,4.640552815998096,2.4341701811354017,21.25102889981971,67.9901337352947,3.0786381361510773,1.5619146798470183,1.1942148649198017,1.2399553162156003,0.0229731430970145,6.041323146110821,7.1690052624863805,8.017727348125492,1.2188070194758322e-05,0.0,14.260280759574337,25.404088890696976
2580.0,567.5431793638226,1509.2466034154024,0.3760440328833478,41.14421096869668,6.740576330638062,3.5371341140972006,30.86650052396142,98.78438394812581,4.471471427254951,2.26910490338311,1.7351978672929664,1.8019362468042344,0.03336918975563396,8.776096905731734,10.411187203757798,11.645847224716254,0.0,0.0,20.722369035604057,36.91780394382508
2567.0,184.31921452809036,515.4418838774238,0.35759456166337256,0.1539795928672396,0.03699819088259183,0.011412555129380119,0.10556884685526767,19.178474306580178,0.028025445581845203,0.008972745300746628,0.010160790523601916,0.0012517646057782022,0.0014771550752010556,0.024654840691240736,0.024493169604740798,0.054943681484085086,0.7314164720758604,0.0,6.283097727307665,12.00998051432941
2801.0,1163.0843939985857,2861.144639036557,0.4065101701360457,85.74811121623074,14.186057247427321,3.1014052281824913,68.46064874062093,204.06591981048803,9.017048533789836,5.169008713637485,3.0439717980309635,0.05743343015152759,0.11486686030305522,9.361649114699002,22.284170898792716,36.69996186682614,0.0,0.0,42.53960768219808,75.77820091205922
2802.0,1819.9525545459187,4728.567777995156,0.38488452317744976,211.32416797600345,24.12678176767008,2.7762324225812147,184.42115378575213,406.0729793257135,15.930286043858873,8.196495723811207,2.7762324225812147,0.0,0.0,44.023114129502126,75.42098081345632,64.97705884279368,0.0,0.0,76.12722521770078,118.62158613200926
2363.0,211.30701659998408,510.4480223173671,0.41396382660212483,188.33886262172496,30.25233995422133,21.06507836291767,137.02144430458597,223.484712535406,23.558763651985807,6.693576302235521,6.431083113912559,14.633995249005107,62.47337882086486,14.56837195192437,12.271556554098456,47.70813697769828,0.9957305381925922,0.0,20.364550321676564,13.785569053811871
2256.0,39.010685095446604,95.73163310605764,0.40750046593510075,256.50226848261985,7.220381582147326,11.581206102058088,237.70068079841442,319.0700176086353,0.0,7.220381582147326,11.581206102058088,0.0,216.61144746441977,9.508027231936579,11.581206102058088,0.0,3.8220216937915303,0.0,56.314572101179756,2.4311553310440837
2497.0,404.26785157287947,1169.955464552433,0.34554123111646157,109.74969166411505,27.321653199083492,5.016687734294992,77.41135073073656,154.40537222731882,21.687526974413736,5.634126224669759,5.016687734294992,0.0,0.0,9.493116789512062,17.056738296602973,50.86149564462152,0.7807719857892866,0.0,17.54825571602095,26.32665286139356
2499.0,356.9478351933991,1112.6885628606335,0.320797613193502,116.31500060988222,22.236816707618118,3.293456158878202,90.78472774338589,156.14274131030942,18.170707483501268,4.06610922411685,3.1608486568327994,0.132607502045403,3.97822506136209,13.618151874325399,11.627257950258617,61.56109285743978,0.6990554831346545,0.0,16.129348742173644,22.99933647511891
3109.0,321.79954995817724,1003.078298468164,0.3208119948857518,14.19792368482517,3.308838146887222,0.902410403696515,9.986675134241432,46.64614047136762,1.8649815009727977,1.443856645914424,0.7820890165369796,0.12032138715953533,0.0,1.1430531780155857,1.9251421945525653,6.918479761673282,0.0,0.0,11.445634050188227,21.00258273635422
3127.0,846.2748309638488,2458.2383433870523,0.34426069109223145,127.88510022728498,27.312144520902567,10.683868297882476,89.88908740849993,216.22076304368974,20.564438227503107,6.7477062933994585,10.603538461056292,0.080329836826184,0.4016491841309202,29.481050115209538,12.049475523927605,47.95691258523187,0.0,0.0,33.212299723673645,55.12336309273111
3244.0,441.260302340359,1079.8406121623525,0.40863466086605765,466.49819003125884,130.68661525048356,25.57349789955533,310.2380768812198,534.3889956261163,105.98570389343273,24.70091135705082,25.57349789955533,0.0,0.20136612519334907,52.89216888411969,44.50191366773014,212.64262820417662,1.2221547959284798,0.0,37.93150380910161,28.73714698982742
2369.0,232.08446728487493,724.2092291429208,0.32046604481903623,41.97954904094464,5.772976763514623,4.98431873571208,31.222253541717944,69.80832011998932,4.006382781236924,1.766593982277699,1.9558719089503096,3.0284468267617695,3.7855585334522117,12.578377764465802,2.9969005056496676,11.861416738150261,1.499545873013467,0.0,11.035441661625725,15.293783544405496
2373.0,577.0352491988301,1524.478557312754,0.3785131948434802,0.0,0.0,0.0,0.0,225.05139225284313,0.0,0.0,0.0,0.0,0.0,0.0,0.0,0.0,0.7345238468145682,0.0,186.72772070883644,37.5891476971921
2935.0,86.57042421735044,195.3987662028629,0.44304488661649516,59.43522470360543,15.216371030401657,2.9399776925580228,41.27887598064576,77.5545273493125,11.720181341954278,3.4961896884473784,2.9399776925580228,0.0,0.0,5.9196848133938555,10.766675063286812,24.592516103965085,0.2411304843980141,0.0,12.274583259240508,5.603588902068543
