;TAZID,TOTHH,HHPOP,HHSIZE,TOTEMP,RETEMP,INDEMP,OTHEMP,ALLEMP,RETL,FOOD,MANU,WSLE,OFFI,GVED,HLTH,OTHR,FM_AGRI,FM_MING,FM_CONS,HBJ
1.0,0.0,0.0,0.0,0.0,0.0,0.0,0.0,0.0,0.0,0.0,0.0,0.0,0.0,0.0,0.0,0.0,0.0,0.0,0.0,0.0
2.0,24.0,53.0,0.4528301886792453,0.0,0.0,0.0,0.0,4.0,0.0,0.0,0.0,0.0,0.0,0.0,0.0,0.0,0.0,0.0,2.0,2.0
3.0,38.0,88.0,0.4318181818181818,0.0,0.0,0.0,0.0,4.0,0.0,0.0,0.0,0.0,0.0,0.0,0.0,0.0,0.0,0.0,2.0,2.0
4.0,2.0,4.0,0.5,0.0,0.0,0.0,0.0,0.0,0.0,0.0,0.0,0.0,0.0,0.0,0.0,0.0,0.0,0.0,0.0,0.0
5.0,98.99999999772365,259.99999999402166,0.3807692307692308,2.9999999999310196,0.0,0.0,2.9999999999310196,19.99999999954013,0.0,0.0,0.0,0.0,0.0,0.0,2.9999999999310196,0.0,0.0,0.0,10.999999999747072,5.999999999862039
6.0,5.0,12.0,0.4166666666666667,7.0,0.0,7.0,0.0,8.0,0.0,0.0,0.0,7.0,0.0,0.0,0.0,0.0,0.0,0.0,1.0,0.0
7.0,60.99999995210975,143.9999998869476,0.4236111111111111,34.999999972521984,2.999999997644742,24.99999998037285,6.999999994504397,256.99999979823286,2.999999997644742,0.0,0.0,24.99999998037285,0.0,0.0,0.0,6.999999994504397,208.999999835917,0.0,6.999999994504397,5.999999995289484
8.0,78.0,203.0,0.3842364532019704,69.0,21.0,0.0,48.0,82.0,21.0,0.0,0.0,0.0,46.0,0.0,0.0,2.0,0.0,0.0,7.0,6.0
9.0,24.0,54.0,0.4444444444444444,83.0,0.0,83.0,0.0,87.0,0.0,0.0,0.0,83.0,0.0,0.0,0.0,0.0,0.0,0.0,2.0,2.0
10.0,34.0,80.0,0.425,86.0,0.0,86.0,0.0,91.0,0.0,0.0,0.0,86.0,0.0,0.0,0.0,0.0,0.0,0.0,3.0,2.0
11.0,13.0,31.0,0.41935483870967744,0.0,0.0,0.0,0.0,0.0,0.0,0.0,0.0,0.0,0.0,0.0,0.0,0.0,0.0,0.0,0.0,0.0
12.0,27.0,68.0,0.39705882352941174,0.0,0.0,0.0,0.0,7.0,0.0,0.0,0.0,0.0,0.0,0.0,0.0,0.0,0.0,0.0,5.0,2.0
13.0,0.0,0.0,0.0,0.0,0.0,0.0,0.0,0.0,0.0,0.0,0.0,0.0,0.0,0.0,0.0,0.0,0.0,0.0,0.0,0.0
14.0,0.0,0.0,0.0,0.0,0.0,0.0,0.0,0.0,0.0,0.0,0.0,0.0,0.0,0.0,0.0,0.0,0.0,0.0,0.0,0.0
15.0,2.0,4.0,0.5,270.0,0.0,259.0,11.0,321.0,0.0,0.0,124.0,135.0,0.0,0.0,0.0,11.0,47.0,0.0,4.0,0.0
16.0,2.0,4.0,0.5,102.0,0.0,76.0,26.0,112.0,0.0,0.0,8.0,68.0,0.0,0.0,0.0,26.0,0.0,0.0,10.0,0.0
17.0,5.0,14.0,0.35714285714285715,0.0,0.0,0.0,0.0,1.0,0.0,0.0,0.0,0.0,0.0,0.0,0.0,0.0,0.0,0.0,1.0,0.0
18.0,0.0,0.0,0.0,733.0,0.0,733.0,0.0,744.0,0.0,0.0,533.0,200.0,0.0,0.0,0.0,0.0,0.0,0.0,11.0,0.0
19.0,380.0,993.0,0.3826787512588117,29.0,19.0,9.0,1.0,70.0,19.0,0.0,0.0,9.0,1.0,0.0,0.0,0.0,0.0,0.0,22.0,19.0
20.0,257.0,512.0,0.501953125,147.0,15.0,78.0,54.0,185.0,15.0,0.0,76.0,2.0,0.0,0.0,0.0,54.0,0.0,0.0,21.0,17.0
21.0,0.0,0.0,0.0,475.0,0.0,475.0,0.0,483.0,0.0,0.0,439.0,36.0,0.0,0.0,0.0,0.0,0.0,0.0,8.0,0.0
22.0,4.0,8.0,0.5,10.0,0.0,10.0,0.0,10.0,0.0,0.0,10.0,0.0,0.0,0.0,0.0,0.0,0.0,0.0,0.0,0.0
23.0,5.0,14.0,0.35714285714285715,51.0,0.0,51.0,0.0,52.0,0.0,0.0,26.0,25.0,0.0,0.0,0.0,0.0,0.0,0.0,1.0,0.0
24.0,224.0,587.0,0.38160136286201024,2.0,0.0,0.0,2.0,24.0,0.0,0.0,0.0,0.0,0.0,0.0,1.0,1.0,0.0,0.0,12.0,10.0
25.0,510.0,1334.0,0.3823088455772114,169.0,6.0,2.0,161.0,246.0,6.0,0.0,0.0,2.0,1.0,134.0,21.0,5.0,0.0,0.0,42.0,35.0
26.0,344.0,764.0,0.450261780104712,232.0,25.0,33.0,174.0,282.0,24.0,1.0,15.0,18.0,0.0,61.0,90.0,23.0,0.0,0.0,29.0,21.0
27.0,0.0,0.0,0.0,0.0,0.0,0.0,0.0,0.0,0.0,0.0,0.0,0.0,0.0,0.0,0.0,0.0,0.0,0.0,0.0,0.0
28.0,2.0,4.0,0.5,89.0,0.0,89.0,0.0,96.0,0.0,0.0,89.0,0.0,0.0,0.0,0.0,0.0,0.0,0.0,7.0,0.0
29.0,392.0,982.0,0.39918533604887985,2.0,0.0,2.0,0.0,39.0,0.0,0.0,0.0,2.0,0.0,0.0,0.0,0.0,0.0,0.0,20.0,17.0
30.0,490.0,894.0,0.5480984340044742,122.0,16.0,7.0,99.0,204.0,16.0,0.0,0.0,7.0,53.0,0.0,35.0,11.0,0.0,0.0,45.0,37.0
31.0,371.0,709.0,0.5232722143864598,261.0,77.0,90.0,94.0,314.0,6.0,71.0,90.0,0.0,50.0,0.0,0.0,44.0,0.0,0.0,30.0,23.0
32.0,190.0,421.0,0.4513064133016627,2.0,0.0,2.0,0.0,30.0,0.0,0.0,0.0,2.0,0.0,0.0,0.0,0.0,0.0,0.0,15.0,13.0
33.0,275.0,526.0,0.5228136882129277,14.0,0.0,13.0,1.0,48.0,0.0,0.0,0.0,13.0,1.0,0.0,0.0,0.0,0.0,0.0,19.0,15.0
34.0,338.0,752.0,0.449468085106383,26.0,3.0,16.0,7.0,72.0,3.0,0.0,16.0,0.0,7.0,0.0,0.0,0.0,0.0,0.0,25.0,21.0
35.0,474.0,971.0,0.4881565396498455,0.0,0.0,0.0,0.0,67.0,0.0,0.0,0.0,0.0,0.0,0.0,0.0,0.0,0.0,0.0,36.0,31.0
36.0,132.0,263.0,0.5019011406844106,9.0,0.0,9.0,0.0,30.0,0.0,0.0,2.0,7.0,0.0,0.0,0.0,0.0,0.0,0.0,11.0,10.0
37.0,0.0,0.0,0.0,126.0,0.0,113.0,13.0,126.0,0.0,0.0,0.0,113.0,0.0,0.0,0.0,13.0,0.0,0.0,0.0,0.0
38.0,0.0,0.0,0.0,1659.0,0.0,1627.0,32.0,1993.0,0.0,0.0,1627.0,0.0,0.0,28.0,4.0,0.0,0.0,0.0,334.0,0.0
39.0,101.0,253.0,0.39920948616600793,173.0,21.0,0.0,152.0,190.0,21.0,0.0,0.0,0.0,0.0,0.0,4.0,148.0,0.0,0.0,11.0,6.0
40.0,494.0,901.0,0.5482796892341842,342.0,49.0,19.0,274.0,437.0,47.0,2.0,0.0,19.0,74.0,104.0,31.0,65.0,0.0,0.0,54.0,41.0
41.0,183.0,335.0,0.5462686567164179,431.0,265.0,0.0,166.0,466.0,265.0,0.0,0.0,0.0,14.0,0.0,28.0,124.0,0.0,0.0,22.0,13.0
42.0,110.0,202.0,0.5445544554455446,92.0,0.0,0.0,92.0,110.0,0.0,0.0,0.0,0.0,4.0,0.0,0.0,88.0,0.0,0.0,10.0,8.0
43.0,326.0,668.0,0.4880239520958084,99.0,0.0,2.0,97.0,147.0,0.0,0.0,0.0,2.0,0.0,50.0,47.0,0.0,0.0,0.0,27.0,21.0
44.0,168.0,401.0,0.41895261845386533,0.0,0.0,0.0,0.0,30.0,0.0,0.0,0.0,0.0,0.0,0.0,0.0,0.0,0.0,0.0,17.0,13.0
45.0,152.0,362.0,0.4198895027624309,50.0,0.0,0.0,50.0,64.0,0.0,0.0,0.0,0.0,46.0,0.0,4.0,0.0,0.0,0.0,8.0,6.0
46.0,0.0,0.0,0.0,0.0,0.0,0.0,0.0,0.0,0.0,0.0,0.0,0.0,0.0,0.0,0.0,0.0,0.0,0.0,0.0,0.0
47.0,4.0,8.0,0.5,0.0,0.0,0.0,0.0,0.0,0.0,0.0,0.0,0.0,0.0,0.0,0.0,0.0,0.0,0.0,0.0,0.0
48.0,14.0,35.0,0.4,0.0,0.0,0.0,0.0,1.0,0.0,0.0,0.0,0.0,0.0,0.0,0.0,0.0,0.0,0.0,1.0,0.0
49.0,0.0,0.0,0.0,130.0,122.0,0.0,8.0,136.0,93.0,29.0,0.0,0.0,0.0,4.0,0.0,4.0,0.0,0.0,6.0,0.0
50.0,5.0,14.0,0.35714285714285715,321.0,1.0,52.0,268.0,948.0,1.0,0.0,14.0,38.0,42.0,166.0,55.0,5.0,0.0,0.0,627.0,0.0
51.0,9.0,19.0,0.47368421052631576,95.0,0.0,49.0,46.0,112.0,0.0,0.0,13.0,36.0,32.0,0.0,14.0,0.0,0.0,0.0,17.0,0.0
52.0,85.0,152.0,0.5592105263157895,2098.0,0.0,247.0,1851.0,2152.0,0.0,0.0,247.0,0.0,0.0,0.0,28.0,1823.0,0.0,0.0,48.0,6.0
53.0,407.0,726.0,0.5606060606060606,1609.0,396.0,66.0,1147.0,1692.0,357.0,39.0,7.0,59.0,81.0,437.0,73.0,556.0,0.0,0.0,58.0,25.0
54.0,237.0,580.0,0.4086206896551724,773.0,58.0,22.0,693.0,828.0,15.0,43.0,21.0,1.0,117.0,283.0,88.0,205.0,0.0,0.0,36.0,19.0
55.0,277.0,677.0,0.4091580502215657,280.0,0.0,1.0,279.0,324.0,0.0,0.0,1.0,0.0,4.0,257.0,0.0,18.0,0.0,0.0,27.0,17.0
56.0,65.0,154.0,0.42207792207792205,0.0,0.0,0.0,0.0,8.0,0.0,0.0,0.0,0.0,0.0,0.0,0.0,0.0,0.0,0.0,4.0,4.0
57.0,87.0,207.0,0.42028985507246375,0.0,0.0,0.0,0.0,18.0,0.0,0.0,0.0,0.0,0.0,0.0,0.0,0.0,0.0,0.0,10.0,8.0
58.0,0.0,0.0,0.0,95.0,0.0,95.0,0.0,122.0,0.0,0.0,95.0,0.0,0.0,0.0,0.0,0.0,0.0,0.0,27.0,0.0
59.0,0.0,0.0,0.0,0.0,0.0,0.0,0.0,0.0,0.0,0.0,0.0,0.0,0.0,0.0,0.0,0.0,0.0,0.0,0.0,0.0
60.0,0.0,0.0,0.0,0.0,0.0,0.0,0.0,0.0,0.0,0.0,0.0,0.0,0.0,0.0,0.0,0.0,0.0,0.0,0.0,0.0
61.0,434.0,1181.0,0.3674851820491109,0.0,0.0,0.0,0.0,51.0,0.0,0.0,0.0,0.0,0.0,0.0,0.0,0.0,0.0,0.0,28.0,23.0
62.0,342.0,931.0,0.3673469387755102,19.0,3.0,0.0,16.0,67.0,3.0,0.0,0.0,0.0,0.0,0.0,0.0,16.0,0.0,0.0,27.0,21.0
63.0,33.0,70.0,0.4714285714285714,262.0,0.0,0.0,262.0,271.0,0.0,0.0,0.0,0.0,0.0,262.0,0.0,0.0,0.0,0.0,7.0,2.0
64.0,374.0,1019.0,0.36702649656526004,156.0,74.0,0.0,82.0,209.0,0.0,74.0,0.0,0.0,0.0,0.0,56.0,26.0,0.0,0.0,30.0,23.0
65.0,463.0,1007.0,0.45978152929493543,89.0,53.0,0.0,36.0,158.0,53.0,0.0,0.0,0.0,0.0,7.0,1.0,28.0,0.0,0.0,38.0,31.0
66.0,232.0,393.0,0.5903307888040712,141.0,86.0,0.0,55.0,185.0,65.0,21.0,0.0,0.0,0.0,0.0,9.0,46.0,0.0,0.0,25.0,19.0
67.0,230.0,561.0,0.40998217468805703,157.0,106.0,0.0,51.0,196.0,106.0,0.0,0.0,0.0,4.0,0.0,1.0,46.0,0.0,0.0,22.0,17.0
68.0,288.0,702.0,0.41025641025641024,50.0,0.0,1.0,49.0,96.0,0.0,0.0,0.0,1.0,0.0,0.0,28.0,21.0,0.0,0.0,25.0,21.0
69.0,49.0,119.0,0.4117647058823529,26.0,0.0,0.0,26.0,32.0,0.0,0.0,0.0,0.0,0.0,0.0,0.0,26.0,0.0,0.0,4.0,2.0
70.0,174.0,295.0,0.5898305084745763,29.0,0.0,0.0,29.0,51.0,0.0,0.0,0.0,0.0,10.0,0.0,1.0,18.0,0.0,0.0,12.0,10.0
71.0,0.0,0.0,0.0,0.0,0.0,0.0,0.0,0.0,0.0,0.0,0.0,0.0,0.0,0.0,0.0,0.0,0.0,0.0,0.0,0.0
72.0,156.0,379.0,0.41160949868073876,104.0,3.0,4.0,97.0,126.0,3.0,0.0,0.0,4.0,0.0,0.0,5.0,92.0,0.0,0.0,12.0,10.0
73.0,5.0,15.0,0.3333333333333333,1.0,0.0,0.0,1.0,2.0,0.0,0.0,0.0,0.0,1.0,0.0,0.0,0.0,0.0,0.0,1.0,0.0
74.0,0.0,0.0,0.0,0.0,0.0,0.0,0.0,0.0,0.0,0.0,0.0,0.0,0.0,0.0,0.0,0.0,0.0,0.0,0.0,0.0
75.0,222.0,606.0,0.36633663366336633,201.0,19.0,0.0,182.0,235.0,6.0,13.0,0.0,0.0,0.0,54.0,110.0,18.0,0.0,0.0,21.0,13.0
76.0,147.0,398.0,0.3693467336683417,8.0,0.0,0.0,8.0,26.0,0.0,0.0,0.0,0.0,0.0,0.0,6.0,2.0,0.0,0.0,10.0,8.0
77.0,130.0,354.0,0.3672316384180791,932.0,0.0,43.0,889.0,980.0,0.0,0.0,43.0,0.0,1.0,205.0,672.0,11.0,0.0,0.0,33.0,15.0
78.0,713.0,1504.0,0.4740691489361702,214.0,118.0,2.0,94.0,326.0,83.0,35.0,0.0,2.0,1.0,0.0,12.0,81.0,0.0,0.0,62.0,50.0
79.0,69.0,145.0,0.47586206896551725,414.0,183.0,0.0,231.0,438.0,77.0,106.0,0.0,0.0,18.0,75.0,112.0,26.0,0.0,0.0,16.0,8.0
80.0,271.0,572.0,0.4737762237762238,322.0,118.0,0.0,204.0,364.0,36.0,82.0,0.0,0.0,28.0,155.0,0.0,21.0,0.0,0.0,25.0,17.0
81.0,40.0,66.0,0.6060606060606061,199.0,0.0,0.0,199.0,222.0,0.0,0.0,0.0,0.0,0.0,75.0,0.0,124.0,0.0,0.0,15.0,8.0
82.0,570.0,969.0,0.5882352941176471,465.0,132.0,12.0,321.0,570.0,64.0,68.0,5.0,7.0,60.0,20.0,82.0,159.0,0.0,0.0,61.0,44.0
83.0,0.0,0.0,0.0,220.0,205.0,0.0,15.0,224.0,96.0,109.0,0.0,0.0,0.0,0.0,0.0,15.0,0.0,0.0,4.0,0.0
84.0,0.0,0.0,0.0,284.0,153.0,4.0,127.0,288.0,111.0,42.0,0.0,4.0,8.0,86.0,15.0,18.0,0.0,0.0,4.0,0.0
85.0,71.0,183.0,0.3879781420765027,169.0,4.0,19.0,146.0,181.0,4.0,0.0,0.0,19.0,7.0,0.0,86.0,53.0,0.0,0.0,8.0,4.0
86.0,2.0,4.0,0.5,80.0,80.0,0.0,0.0,80.0,54.0,26.0,0.0,0.0,0.0,0.0,0.0,0.0,0.0,0.0,0.0,0.0
87.0,0.0,0.0,0.0,0.0,0.0,0.0,0.0,0.0,0.0,0.0,0.0,0.0,0.0,0.0,0.0,0.0,0.0,0.0,0.0,0.0
88.0,5.0,14.0,0.35714285714285715,0.0,0.0,0.0,0.0,28.0,0.0,0.0,0.0,0.0,0.0,0.0,0.0,0.0,28.0,0.0,0.0,0.0
89.0,114.0,295.0,0.3864406779661017,331.0,276.0,9.0,46.0,346.0,4.0,272.0,0.0,9.0,0.0,0.0,0.0,46.0,0.0,0.0,11.0,4.0
90.0,90.0,234.0,0.38461538461538464,1051.0,736.0,23.0,292.0,1079.0,646.0,90.0,23.0,0.0,213.0,68.0,0.0,11.0,0.0,0.0,22.0,6.0
91.0,344.0,893.0,0.38521836506159013,190.0,0.0,4.0,186.0,242.0,0.0,0.0,0.0,4.0,155.0,0.0,3.0,28.0,0.0,0.0,29.0,23.0
92.0,358.0,931.0,0.3845327604726101,86.0,0.0,11.0,75.0,132.0,0.0,0.0,9.0,2.0,14.0,0.0,23.0,38.0,0.0,0.0,25.0,21.0
93.0,0.0,0.0,0.0,0.0,0.0,0.0,0.0,0.0,0.0,0.0,0.0,0.0,0.0,0.0,0.0,0.0,0.0,0.0,0.0,0.0
94.0,36.0,99.0,0.36363636363636365,9.0,0.0,8.0,1.0,14.0,0.0,0.0,0.0,8.0,1.0,0.0,0.0,0.0,0.0,0.0,3.0,2.0
95.0,421.0,1157.0,0.36387208297320656,147.0,51.0,3.0,93.0,209.0,0.0,51.0,0.0,3.0,7.0,15.0,32.0,39.0,0.0,0.0,35.0,27.0
96.0,418.0,1085.0,0.38525345622119817,58.0,37.0,0.0,21.0,129.0,20.0,17.0,0.0,0.0,0.0,0.0,12.0,9.0,0.0,0.0,38.0,33.0
97.0,0.0,0.0,0.0,0.0,0.0,0.0,0.0,0.0,0.0,0.0,0.0,0.0,0.0,0.0,0.0,0.0,0.0,0.0,0.0,0.0
98.0,0.0,0.0,0.0,0.0,0.0,0.0,0.0,0.0,0.0,0.0,0.0,0.0,0.0,0.0,0.0,0.0,0.0,0.0,0.0,0.0
99.0,0.0,0.0,0.0,0.0,0.0,0.0,0.0,0.0,0.0,0.0,0.0,0.0,0.0,0.0,0.0,0.0,0.0,0.0,0.0,0.0
100.0,34.0,79.0,0.43037974683544306,3.0,0.0,0.0,3.0,7.0,0.0,0.0,0.0,0.0,0.0,0.0,3.0,0.0,0.0,0.0,2.0,2.0
101.0,765.0,1756.0,0.4356492027334852,137.0,17.0,9.0,111.0,258.0,3.0,14.0,0.0,9.0,7.0,22.0,29.0,53.0,0.0,15.0,58.0,48.0
102.0,0.0,0.0,0.0,0.0,0.0,0.0,0.0,0.0,0.0,0.0,0.0,0.0,0.0,0.0,0.0,0.0,0.0,0.0,0.0,0.0
103.0,380.0,871.0,0.4362801377726751,13.0,0.0,8.0,5.0,61.0,0.0,0.0,0.0,8.0,0.0,0.0,3.0,2.0,0.0,0.0,27.0,21.0
104.0,114.0,261.0,0.4367816091954023,157.0,0.0,2.0,155.0,176.0,0.0,0.0,2.0,0.0,0.0,155.0,0.0,0.0,0.0,0.0,11.0,8.0
105.0,47.0,102.0,0.46078431372549017,11.0,6.0,0.0,5.0,19.0,0.0,6.0,0.0,0.0,0.0,0.0,0.0,5.0,0.0,0.0,4.0,4.0
106.0,13.0,28.0,0.4642857142857143,13.0,13.0,0.0,0.0,540.0,13.0,0.0,0.0,0.0,0.0,0.0,0.0,0.0,523.0,0.0,2.0,2.0
107.0,0.0,0.0,0.0,0.0,0.0,0.0,0.0,0.0,0.0,0.0,0.0,0.0,0.0,0.0,0.0,0.0,0.0,0.0,0.0,0.0
108.0,16.0,35.0,0.45714285714285713,0.0,0.0,0.0,0.0,1.0,0.0,0.0,0.0,0.0,0.0,0.0,0.0,0.0,0.0,0.0,1.0,0.0
109.0,0.0,0.0,0.0,17.0,0.0,0.0,17.0,17.0,0.0,0.0,0.0,0.0,0.0,17.0,0.0,0.0,0.0,0.0,0.0,0.0
110.0,4.0,7.0,0.5714285714285714,0.0,0.0,0.0,0.0,0.0,0.0,0.0,0.0,0.0,0.0,0.0,0.0,0.0,0.0,0.0,0.0,0.0
111.0,0.0,0.0,0.0,0.0,0.0,0.0,0.0,0.0,0.0,0.0,0.0,0.0,0.0,0.0,0.0,0.0,0.0,0.0,0.0,0.0
112.0,0.0,0.0,0.0,0.0,0.0,0.0,0.0,0.0,0.0,0.0,0.0,0.0,0.0,0.0,0.0,0.0,0.0,0.0,0.0,0.0
113.0,43.0,93.0,0.46236559139784944,0.0,0.0,0.0,0.0,10.0,0.0,0.0,0.0,0.0,0.0,0.0,0.0,0.0,0.0,0.0,8.0,2.0
114.0,56.0,126.0,0.4444444444444444,2.0,0.0,2.0,0.0,10.0,0.0,0.0,0.0,2.0,0.0,0.0,0.0,0.0,0.0,0.0,4.0,4.0
115.0,0.0,0.0,0.0,74.0,74.0,0.0,0.0,75.0,74.0,0.0,0.0,0.0,0.0,0.0,0.0,0.0,0.0,0.0,1.0,0.0
116.0,0.0,0.0,0.0,50.0,0.0,50.0,0.0,50.0,0.0,0.0,50.0,0.0,0.0,0.0,0.0,0.0,0.0,0.0,0.0,0.0
117.0,34.0,75.0,0.4533333333333333,29.0,29.0,0.0,0.0,66.0,28.0,1.0,0.0,0.0,0.0,0.0,0.0,0.0,0.0,0.0,35.0,2.0
118.0,7.0,16.0,0.4375,0.0,0.0,0.0,0.0,0.0,0.0,0.0,0.0,0.0,0.0,0.0,0.0,0.0,0.0,0.0,0.0,0.0
119.0,0.0,0.0,0.0,47.0,0.0,0.0,47.0,48.0,0.0,0.0,0.0,0.0,0.0,47.0,0.0,0.0,0.0,0.0,1.0,0.0
120.0,40.0,85.0,0.47058823529411764,4.0,2.0,0.0,2.0,34.0,2.0,0.0,0.0,0.0,0.0,0.0,0.0,2.0,0.0,0.0,28.0,2.0
121.0,81.0,176.0,0.4602272727272727,4.0,0.0,2.0,2.0,25.0,0.0,0.0,0.0,2.0,0.0,0.0,0.0,2.0,0.0,11.0,6.0,4.0
122.0,25.0,57.0,0.43859649122807015,2.0,0.0,2.0,0.0,6.0,0.0,0.0,2.0,0.0,0.0,0.0,0.0,0.0,0.0,0.0,2.0,2.0
123.0,0.0,0.0,0.0,0.0,0.0,0.0,0.0,0.0,0.0,0.0,0.0,0.0,0.0,0.0,0.0,0.0,0.0,0.0,0.0,0.0
124.0,123.0,267.0,0.4606741573033708,2.0,0.0,0.0,2.0,20.0,0.0,0.0,0.0,0.0,0.0,0.0,0.0,2.0,0.0,0.0,10.0,8.0
125.0,109.0,236.0,0.461864406779661,92.0,0.0,0.0,92.0,110.0,0.0,0.0,0.0,0.0,18.0,74.0,0.0,0.0,0.0,0.0,10.0,8.0
126.0,317.0,711.0,0.44585091420534456,11.0,0.0,10.0,1.0,55.0,0.0,0.0,8.0,2.0,0.0,0.0,1.0,0.0,0.0,0.0,23.0,21.0
127.0,36.0,79.0,0.45569620253164556,0.0,0.0,0.0,0.0,25.0,0.0,0.0,0.0,0.0,0.0,0.0,0.0,0.0,0.0,0.0,13.0,12.0
128.0,145.0,314.0,0.46178343949044587,11.0,0.0,9.0,2.0,25.0,0.0,0.0,0.0,9.0,0.0,0.0,0.0,2.0,0.0,0.0,8.0,6.0
129.0,119.0,259.0,0.4594594594594595,3.0,0.0,0.0,3.0,6.0,0.0,0.0,0.0,0.0,3.0,0.0,0.0,0.0,0.0,0.0,1.0,2.0
130.0,81.0,183.0,0.4426229508196721,1.0,0.0,1.0,0.0,18.0,0.0,0.0,1.0,0.0,0.0,0.0,0.0,0.0,0.0,0.0,9.0,8.0
131.0,197.0,443.0,0.44469525959367945,3.0,0.0,2.0,1.0,19.0,0.0,0.0,2.0,0.0,0.0,0.0,0.0,1.0,0.0,0.0,8.0,8.0
132.0,58.0,130.0,0.4461538461538462,6.0,1.0,5.0,0.0,157.0,1.0,0.0,5.0,0.0,0.0,0.0,0.0,0.0,143.0,0.0,4.0,4.0
133.0,304.0,660.0,0.46060606060606063,9.0,0.0,0.0,9.0,47.0,0.0,0.0,0.0,0.0,4.0,0.0,0.0,5.0,0.0,0.0,21.0,17.0
134.0,4.0,7.0,0.5714285714285714,0.0,0.0,0.0,0.0,7.0,0.0,0.0,0.0,0.0,0.0,0.0,0.0,0.0,6.0,0.0,1.0,0.0
135.0,11.0,23.0,0.4782608695652174,6.0,0.0,6.0,0.0,6.0,0.0,0.0,0.0,6.0,0.0,0.0,0.0,0.0,0.0,0.0,0.0,0.0
136.0,270.0,606.0,0.44554455445544555,51.0,11.0,9.0,31.0,89.0,11.0,0.0,0.0,9.0,14.0,0.0,0.0,17.0,0.0,0.0,21.0,17.0
137.0,7.0,15.0,0.4666666666666667,51.0,0.0,51.0,0.0,52.0,0.0,0.0,0.0,51.0,0.0,0.0,0.0,0.0,0.0,0.0,1.0,0.0
138.0,266.0,577.0,0.4610051993067591,82.0,0.0,15.0,67.0,130.0,0.0,0.0,15.0,0.0,42.0,0.0,4.0,21.0,0.0,0.0,31.0,17.0
139.0,72.0,163.0,0.44171779141104295,17.0,0.0,0.0,17.0,75.0,0.0,0.0,0.0,0.0,0.0,17.0,0.0,0.0,0.0,48.0,6.0,4.0
140.0,5.0,11.0,0.45454545454545453,0.0,0.0,0.0,0.0,1.0,0.0,0.0,0.0,0.0,0.0,0.0,0.0,0.0,0.0,0.0,1.0,0.0
141.0,0.0,0.0,0.0,0.0,0.0,0.0,0.0,0.0,0.0,0.0,0.0,0.0,0.0,0.0,0.0,0.0,0.0,0.0,0.0,0.0
142.0,0.0,0.0,0.0,0.0,0.0,0.0,0.0,0.0,0.0,0.0,0.0,0.0,0.0,0.0,0.0,0.0,0.0,0.0,0.0,0.0
143.0,99.0,215.0,0.4604651162790698,128.0,50.0,78.0,0.0,213.0,50.0,0.0,17.0,61.0,0.0,0.0,0.0,0.0,0.0,0.0,77.0,8.0
144.0,0.0,0.0,0.0,0.0,0.0,0.0,0.0,0.0,0.0,0.0,0.0,0.0,0.0,0.0,0.0,0.0,0.0,0.0,0.0,0.0
145.0,25.0,50.0,0.5,0.0,0.0,0.0,0.0,4.0,0.0,0.0,0.0,0.0,0.0,0.0,0.0,0.0,0.0,0.0,2.0,2.0
146.0,0.0,0.0,0.0,0.0,0.0,0.0,0.0,0.0,0.0,0.0,0.0,0.0,0.0,0.0,0.0,0.0,0.0,0.0,0.0,0.0
147.0,0.0,0.0,0.0,0.0,0.0,0.0,0.0,0.0,0.0,0.0,0.0,0.0,0.0,0.0,0.0,0.0,0.0,0.0,0.0,0.0
148.0,0.0,0.0,0.0,0.0,0.0,0.0,0.0,0.0,0.0,0.0,0.0,0.0,0.0,0.0,0.0,0.0,0.0,0.0,0.0,0.0
149.0,0.0,0.0,0.0,0.0,0.0,0.0,0.0,0.0,0.0,0.0,0.0,0.0,0.0,0.0,0.0,0.0,0.0,0.0,0.0,0.0
150.0,792.0,2335.0,0.339186295503212,194.0,65.0,5.0,124.0,283.0,36.0,29.0,1.0,4.0,14.0,63.0,13.0,34.0,0.0,0.0,49.0,40.0
151.0,58.0,171.0,0.3391812865497076,30.0,0.0,30.0,0.0,35.0,0.0,0.0,30.0,0.0,0.0,0.0,0.0,0.0,0.0,0.0,3.0,2.0
152.0,5.0,12.0,0.4166666666666667,0.0,0.0,0.0,0.0,0.0,0.0,0.0,0.0,0.0,0.0,0.0,0.0,0.0,0.0,0.0,0.0,0.0
153.0,0.0,0.0,0.0,0.0,0.0,0.0,0.0,0.0,0.0,0.0,0.0,0.0,0.0,0.0,0.0,0.0,0.0,0.0,0.0,0.0
582.0,402.1666666666667,1124.0084547862623,0.35779683413781915,0.0,0.0,0.0,0.0,96.14681830175176,0.0,0.0,0.0,0.0,0.0,0.0,0.0,0.0,56.30159348186604,0.0,18.669041589281587,21.17618323060413
583.0,2265.0,6382.412654626947,0.3548814723469787,0.0,0.0,0.0,0.0,246.86337222766755,0.0,0.0,0.0,0.0,0.0,0.0,0.0,0.0,23.12345209768961,0.0,105.18785629446192,118.552063835516
584.0,811.1666666666666,2438.189702387825,0.3326921879262536,121.66666666666669,15.0,5.333333333333333,101.33333333333334,219.868127787771,15.0,0.0,4.0,1.3333333333333333,12.0,15.833333333333334,16.0,57.5,3.0161567936713944,0.0,52.66654101068968,42.51876331674325
585.0,2289.333333333333,6374.337261749897,0.35914844780347566,219.16666666666669,22.33333333333333,8.5,188.33333333333331,459.6045983878101,22.33333333333333,0.0,6.0,2.5,36.5,25.5,28.166666666666668,98.16666666666669,4.189245542473966,0.0,116.52971573907506,119.7189704395944
586.0,567.3333333333334,1535.5963613313118,0.3694547262676983,0.0,0.0,0.0,0.0,69.4441091134729,0.0,0.0,0.0,0.0,0.0,0.0,0.0,0.0,13.405419074400257,0.0,26.359569312398083,29.679120726674565
587.0,914.1666666666666,2653.4610948709487,0.3445185868501031,72.16666666666667,7.833333333333333,3.333333333333333,61.0,177.5047558517297,7.833333333333333,0.0,2.833333333333333,0.5,12.0,8.0,8.666666666666666,32.333333333333336,1.0053855978904649,0.0,56.47877833541642,47.85392525175615
588.0,556.0,1623.5628807751025,0.34245670838111364,142.5,7.0,33.833333333333336,101.66666666666666,204.9726754176129,7.0,0.0,4.666666666666667,29.166666666666668,45.66666666666666,6.833333333333333,12.0,37.16666666666666,1.0053855978904649,0.0,32.45459594881692,29.01269387090548
589.0,845.1666666666666,2434.78725279265,0.3471213617112863,0.0,0.0,0.0,0.0,83.27270359030688,0.0,0.0,0.0,0.0,0.0,0.0,0.0,0.0,0.0,0.0,39.253610426969225,44.01909316333765
590.0,742.3333333333334,2233.135244337136,0.33241754399594414,0.0,0.0,0.0,0.0,73.32386583439379,0.0,0.0,0.0,0.0,0.0,0.0,0.0,0.0,0.0,0.0,34.4737472297569,38.85011860463688
591.0,612.8333333333334,1830.563480444013,0.33477852031915734,0.0,0.0,0.0,0.0,60.47669620975633,0.0,0.0,0.0,0.0,0.0,0.0,0.0,0.0,0.0,0.0,28.46311813528582,32.01357807447051
592.0,587.3333333333334,1533.3874837900023,0.38302995136079304,0.0,0.0,0.0,0.0,59.96766373136445,0.0,0.0,0.0,0.0,0.0,0.0,0.0,0.0,2.0107711957809298,0.0,27.27688767529009,30.680004860293437
593.0,697.3333333333334,1999.7023558729436,0.34871856368290455,101.0,0.5,0.0,100.5,177.6072927007689,0.5,0.0,0.0,0.0,0.3333333333333333,90.83333333333331,1.8333333333333333,7.5,3.0161567936713944,0.0,37.0749951659377,36.51614074115982
594.0,478.3333333333333,1363.2666541184617,0.3508729065500698,536.5,11.333333333333334,24.0,501.1666666666666,611.3153901871793,9.5,1.8333333333333333,3.333333333333333,20.666666666666668,52.833333333333336,72.0,94.0,282.3333333333333,1.0053855978904649,0.0,48.63250243820946,25.17750215107937
595.0,705.3333333333334,1955.251166776428,0.3607379682561183,310.8333333333333,11.5,12.833333333333332,286.5,395.8895541494135,11.5,0.0,6.0,6.833333333333333,21.666666666666668,173.33333333333334,19.33333333333333,72.16666666666667,1.0053855978904649,0.0,47.20152594446028,36.8493092737294
596.0,446.8333333333333,1136.9930549052697,0.3929956576300828,163.5,26.166666666666668,6.0,131.33333333333331,215.84993076313492,26.166666666666668,0.0,3.333333333333333,2.6666666666666665,16.833333333333332,18.0,18.666666666666668,77.83333333333333,1.0053855978904649,0.0,28.33454896890052,23.009996196343963
597.0,598.0,1542.777321587546,0.38761264612358126,0.0,0.0,0.0,0.0,63.1393911377549,0.0,0.0,0.0,0.0,0.0,0.0,0.0,0.0,4.02154239156186,0.0,27.770757589987426,31.34709115620561
598.0,2537.1666666666665,7066.175335478161,0.35905798345081386,238.33333333333331,31.0,10.5,196.83333333333331,524.3199742669866,31.0,0.0,8.166666666666666,2.333333333333333,34.333333333333336,33.833333333333336,28.0,100.66666666666669,5.026927989452325,0.0,148.23549687941613,132.72421606478474
599.0,1962.1666666666667,5672.39347432962,0.345915119525195,122.33333333333334,2.5,9.5,110.33333333333334,327.8943610849185,2.5,0.0,0.6666666666666666,8.833333333333334,4.166666666666667,3.0,14.5,88.66666666666667,6.032313587342789,0.0,96.81761163732712,102.71110252691524
600.0,356.3333333333333,907.550921374394,0.39263177959612733,3460.166666666667,682.1666666666666,157.16666666666666,2620.833333333333,3731.605522394245,547.1666666666666,135.0,104.83333333333331,52.333333333333336,533.3333333333334,339.0,415.3333333333333,1333.1666666666667,18.096940762028368,0.0,234.33365723813492,19.008257727414577
601.0,465.3333333333333,1201.3676779808934,0.3873363183163098,129.33333333333331,20.83333333333333,6.833333333333333,101.66666666666666,198.61593599141295,20.83333333333333,0.0,4.833333333333333,2.0,14.666666666666666,22.0,22.0,43.0,1.0053855978904649,0.0,44.26678624661289,24.01043081357631
602.0,643.5,2075.357496751836,0.3100670612206083,0.0,0.0,0.0,0.0,69.59846804674606,0.0,0.0,0.0,0.0,0.0,0.0,0.0,0.0,6.032313587342789,0.0,29.884800689091737,33.681353770311546
603.0,835.1666666666666,2432.539293438169,0.3433312131563704,12.999999999999998,0.1666666666666666,0.1666666666666666,12.666666666666664,96.24212636031764,0.1666666666666666,0.0,0.0,0.1666666666666666,4.833333333333333,2.0,1.5,4.333333333333333,0.0,0.0,39.38963992236511,43.852486437952514
604.0,932.1666666666666,1834.2071324000296,0.5082123224801454,0.0,0.0,0.0,0.0,92.30718878201958,0.0,0.0,0.0,0.0,0.0,0.0,0.0,0.0,0.0,0.0,43.28605724948583,49.02113153253375
605.0,1708.8333333333333,3397.886682148612,0.5029106303959416,385.3333333333333,21.0,17.0,347.3333333333333,572.2141159569936,17.5,3.5,4.166666666666667,12.833333333333334,42.16666666666666,9.666666666666666,58.0,237.5,0.1674948240165631,0.0,97.34094377217714,89.37234402746667
606.0,342.6666666666667,941.514122600134,0.36395276336412324,0.0,0.0,0.0,0.0,33.92189933502932,0.0,0.0,0.0,0.0,0.0,0.0,0.0,0.0,0.0,0.0,15.914076224847095,18.00782311018223
607.0,309.0,758.5104998221251,0.4073773534742923,13.833333333333334,0.0,5.5,8.333333333333334,44.83336290659632,0.0,0.0,1.6666666666666667,3.8333333333333335,0.1666666666666666,0.0,1.5,6.666666666666667,0.0,0.0,14.99307569754544,16.00695387571754
608.0,832.1666666666666,2029.7848007895764,0.4099777800794241,0.0,0.0,0.0,0.0,126.1795805904174,0.0,0.0,0.0,0.0,0.0,0.0,0.0,0.0,2.0107711957809298,0.0,80.64971617738658,43.51909321724988
609.0,1087.1666666666667,3827.644426071585,0.2840302143170742,814.8333333333333,148.5,45.83333333333333,620.5,960.1856036176848,83.83333333333333,64.66666666666667,15.5,30.33333333333333,57.833333333333336,108.5,46.5,407.6666666666667,0.0,0.0,88.32749710210778,57.02477318224373
610.0,466.8333333333333,1116.3111278077374,0.4181928511723446,2108.5,585.0,76.16666666666666,1447.3333333333337,2253.776439370843,406.5,178.5,14.0,62.16666666666666,130.16666666666666,289.6666666666667,142.33333333333334,885.1666666666666,1.0053855978904649,0.0,119.59371649265704,24.67733728029536
611.0,385.0,1070.301680457575,0.3597116654394161,201.3333333333333,27.83333333333333,4.166666666666667,169.33333333333331,248.5722689558977,27.83333333333333,0.0,0.1666666666666666,4.0,17.333333333333332,63.16666666666666,10.333333333333334,78.5,0.0,0.0,27.23024327791745,20.008692344646928
612.0,493.8333333333333,1290.2719011895206,0.3827358658884698,100.33333333333331,6.333333333333333,7.666666666666667,86.33333333333333,153.93946269080442,6.333333333333333,0.0,0.6666666666666666,7.0,9.0,10.666666666666666,8.0,58.66666666666666,0.0,0.0,27.594829309430093,26.011300048041004
613.0,717.1666666666666,1934.0946920499885,0.3708022516242606,753.5,81.33333333333333,35.666666666666664,636.5,900.708474090578,81.33333333333333,0.0,26.5,9.166666666666666,104.66666666666669,109.66666666666669,86.33333333333333,335.8333333333333,2.5134639947261626,0.0,107.17858464449183,37.51642545135999
614.0,1182.3333333333333,3316.508865647364,0.35649937365765144,160.5,1.8333333333333333,10.666666666666668,148.0,284.8904710043098,1.8333333333333333,0.0,5.5,5.166666666666667,14.0,4.166666666666667,30.0,99.83333333333331,0.0,0.0,62.36352473590432,62.02694626840546
615.0,239.0,626.6167516149861,0.38141335893753675,2105.5,844.3333333333334,67.16666666666667,1194.0,2227.052693718139,689.5,154.83333333333334,10.333333333333334,56.833333333333336,117.5,51.833333333333336,177.16666666666666,847.5,0.0,0.0,108.8806468116244,12.672046906514504
616.0,396.0,1090.3613588631586,0.3631823493936733,103.0,1.1666666666666667,3.0,98.83333333333334,147.1837473149512,1.1666666666666667,0.0,0.6666666666666666,2.333333333333333,5.666666666666667,55.0,5.333333333333333,32.833333333333336,0.0,0.0,23.17462035307193,21.00912696187927
617.0,550.3333333333334,1406.1834131159032,0.39136667962387117,36.833333333333336,1.5,10.0,25.333333333333336,93.11726895176596,1.5,0.0,1.5,8.5,0.6666666666666666,3.1666666666666665,1.8333333333333333,19.666666666666668,0.0,0.0,27.27133171869458,29.01260389973804
618.0,1266.1666666666667,3755.65871714982,0.33713570961196504,561.3333333333333,13.666666666666668,54.83333333333333,492.8333333333333,717.7629929014302,12.833333333333334,0.8333333333333334,24.33333333333333,30.5,60.16666666666666,34.166666666666664,40.0,358.5,1.0053855978904649,0.0,89.06225591572611,66.36201805448027
619.0,2294.0,6610.014718378126,0.3470491515884052,44.0,1.3333333333333333,2.1666666666666665,40.5,272.64516603452347,1.3333333333333333,0.0,0.3333333333333333,1.8333333333333333,10.333333333333334,1.1666666666666667,2.0,27.0,0.0,0.0,108.59229261758728,120.05287341693618
620.0,462.3333333333333,1187.7094757962675,0.38926466678509447,0.0,0.0,0.0,0.0,45.81599446421757,0.0,0.0,0.0,0.0,0.0,0.0,0.0,0.0,0.0,0.0,21.472200338610246,24.343794125607328
621.0,568.0,1416.1676297364538,0.4010824623252431,9.0,0.0,4.0,5.0,65.81014461661468,0.0,0.0,2.833333333333333,1.1666666666666667,1.0,0.1666666666666666,1.1666666666666667,2.6666666666666665,0.0,0.0,26.797106099644296,30.013038516970383
622.0,574.0,1420.434273468878,0.40410176712944296,911.5,193.0,52.5,666.0,1010.5035365692124,191.0,2.0,6.0,46.5,105.33333333333331,108.83333333333331,91.83333333333331,360.0,0.0,0.0,68.9904980522421,30.013038516970383
623.0,0.0,0.0,0.0,4090.166666666667,2.6666666666666665,967.3333333333334,3120.166666666667,4280.127467710753,0.0,2.6666666666666665,967.3333333333334,0.0,1825.6666666666667,486.0,0.0,808.5,0.0,0.0,189.9608010440857,0.0
624.0,663.0,1739.7671098700528,0.3810854891086664,344.8333333333333,42.0,21.166666666666668,281.66666666666663,426.3213084578573,41.0,1.0,3.0,18.166666666666668,22.33333333333333,66.33333333333333,53.0,140.0,0.0,0.0,46.806291671905136,34.68168345261882
625.0,562.8333333333334,1440.892472701633,0.3906143893430414,203.5,1.6666666666666667,15.5,186.33333333333331,268.4362584713448,1.6666666666666667,0.0,0.6666666666666666,14.833333333333334,6.0,103.66666666666669,14.0,62.66666666666666,0.0,0.0,35.590291259575714,29.345967211769054
626.0,0.0,0.0,0.0,829.5000000000001,5.0,4.0,820.5000000000001,868.0236523224291,5.0,0.0,3.1666666666666665,0.8333333333333334,294.5,424.6666666666667,19.83333333333333,81.5,0.0,0.0,38.52365232242898,0.0
627.0,509.6666666666667,1319.2544982223783,0.38632929988369497,490.1666666666667,31.333333333333336,39.66666666666666,419.1666666666667,563.2745091700311,26.166666666666668,5.166666666666667,19.83333333333333,19.83333333333333,34.666666666666664,64.0,45.833333333333336,274.6666666666667,0.0,0.0,46.42948615429686,26.6783563490676
628.0,0.0,0.0,0.0,4195.666666666666,21.166666666666668,14.833333333333332,4159.666666666666,4390.522284343234,21.166666666666668,0.0,11.166666666666666,3.6666666666666665,1286.8333333333333,2173.5,365.8333333333333,333.5,0.0,0.0,194.8556176765675,0.0
629.0,0.0,0.0,0.0,1898.6666723307305,0.0,425.8333346036708,1472.83333772706,1986.8458654974388,0.0,0.0,425.8333346036708,0.0,0.0,1420.8333375719346,1.1666666701470434,50.83333348497832,0.0,0.0,88.17919316670805,0.0
630.0,0.0,0.0,0.0,5265.666666666667,0.0,310.0,4955.666666666667,5510.212516461406,0.0,0.0,310.0,0.0,375.5,4504.5,2.0,73.66666666666667,0.0,0.0,244.5458497947392,0.0
631.0,0.0,0.0,0.0,8327.0,0.0,252.33333333333331,8074.666666666667,8713.729408770923,0.0,0.0,252.33333333333331,0.0,1118.8333333333333,6770.666666666667,0.0,185.16666666666663,0.0,0.0,386.7294087709229,0.0
632.0,407.0,918.649546941805,0.44304163797272605,45.0,0.0,0.0,45.0,87.00096744201657,0.0,0.0,0.0,0.0,0.0,1.0,0.6666666666666666,43.333333333333336,0.0,0.0,20.9918404801373,21.00912696187927
633.0,0.0,0.0,0.0,507.4999932810402,0.0,0.16666666446011166,507.3333266165801,531.0674927624021,0.0,0.0,0.16666666446011166,0.0,313.49999584947017,135.49999820607084,3.4999999536623463,54.83333260737676,0.0,0.0,23.567499481361935,0.0
634.0,46.00000142560706,139.7722778759673,0.32910675939922124,14199.00044004771,293.33334242416095,24.83333410295453,13880.833763520595,14862.569231691356,252.66667449717497,40.666667926985944,21.000000650820613,3.833333452133922,840.8333593919842,11777.83369834556,508.5000157591563,753.6666900238954,0.0,0.0,661.5679223471705,2.000869296474547
635.0,622.6666666666666,1760.5243204595834,0.3536825134594676,1333.0,109.33333333333331,48.16666666666666,1175.5,1497.6036906175095,108.33333333333331,1.0,24.33333333333333,23.83333333333333,218.66666666666663,150.66666666666666,178.33333333333334,627.8333333333334,8.378282758052388,0.0,123.54447377492784,32.6809340845293
636.0,2026.8333333333333,5978.253839941107,0.33903433805234673,844.6666666666666,28.166666666666668,28.5,788.0,1111.752867679454,26.666666666666668,1.5,8.0,20.5,96.33333333333331,129.66666666666666,107.16666666666669,454.8333333333333,5.026927989452325,0.0,155.67963047408605,106.37964254924913
637.0,1453.1666666666667,4057.1029296818574,0.35817840756153024,103.5,1.6666666666666667,2.0,99.83333333333334,253.4974173401281,1.6666666666666667,0.0,0.3333333333333333,1.6666666666666667,5.0,68.16666666666667,4.5,22.166666666666668,0.0,0.0,74.13126295621548,75.86615438391262
638.0,1280.1666666666667,3319.3717362211114,0.3856653512763994,534.5,50.333333333333336,20.0,464.1666666666666,828.6688891756826,49.5,0.8333333333333334,6.166666666666667,13.833333333333334,43.333333333333336,82.16666666666667,40.333333333333336,298.3333333333333,3.0161567936713944,0.0,224.29041458619704,66.86231779581419
639.0,3.0,6.845779173939543,0.438226230174116,160.16666666666666,49.16666666666666,2.833333333333333,108.16666666666666,271.9883598065331,7.666666666666667,41.5,2.1666666666666665,0.6666666666666666,15.0,6.5,18.33333333333333,68.33333333333333,0.0,103.752,8.069693139866418,0.0
640.0,0.0,0.0,0.0,0.0,0.0,0.0,0.0,0.0,0.0,0.0,0.0,0.0,0.0,0.0,0.0,0.0,0.0,0.0,0.0,0.0
641.0,620.000008240452,1731.5415480724193,0.3580624495731253,96.66666795146831,5.833333410864468,8.166666775210256,82.66666776539358,162.30115607671712,4.666666728691575,1.1666666821728937,2.000000026582103,6.166666748628152,14.500000192720249,7.500000099682887,9.666666795146831,51.00000067784363,0.0,0.0,33.28688704109851,32.34760108415032
642.0,808.3333333333334,2126.8657132354037,0.3800584720996281,19.0,0.0,0.0,19.0,120.60783146016236,0.0,0.0,0.0,0.0,9.166666666666666,0.3333333333333333,1.3333333333333333,8.166666666666666,0.0,0.0,59.4228809125759,42.18495054758647
643.0,677.6666666666666,1704.4532709711827,0.39758594630202915,544.3333333333334,107.66666666666669,45.0,391.6666666666667,636.4348506528172,89.66666666666667,18.0,10.166666666666666,34.833333333333336,38.16666666666666,87.66666666666667,46.5,219.33333333333331,0.0,0.0,56.75294240432069,35.348574915163134
644.0,451.0,1078.257408109673,0.41826747176322426,0.0,0.0,0.0,0.0,44.95582916875755,0.0,0.0,0.0,0.0,0.0,0.0,0.0,0.0,0.0,0.0,20.945398355181243,24.01043081357631
645.0,888.5,2586.2069077597143,0.34355333184445697,622.0,132.16666666666669,26.5,463.3333333333333,738.784170702956,46.0,86.16666666666667,12.0,14.5,70.0,26.0,71.0,296.3333333333333,0.0,0.0,70.09731681565604,46.68685388729986
646.0,940.0,1869.1686175981135,0.502897379695954,2369.0,195.3333333333333,147.5,2026.1666666666663,2571.6677631348875,146.16666666666666,49.16666666666666,20.0,127.5,224.0,326.8333333333333,291.5,1183.8333333333333,0.0,0.0,153.64646689050264,49.02129624438496
647.0,0.0,0.0,0.0,3766.5,28.666666666666668,713.6666666666666,3024.166666666667,3941.4247040753967,28.666666666666668,0.0,713.5,0.1666666666666666,1904.1666666666667,58.0,0.8333333333333334,1061.1666666666667,0.0,0.0,174.92470407539682,0.0
648.0,577.0,1229.5540601703103,0.46927582827881315,0.0,0.0,0.0,0.0,58.82091581239561,0.0,0.0,0.0,0.0,0.0,0.0,0.0,0.0,2.0107711957809298,0.0,26.797106099644296,30.013038516970383
649.0,575.6666666666666,1291.985684289306,0.4455673725079459,24.83333333333333,15.166666666666666,1.0,8.666666666666668,104.7348695840082,15.166666666666666,0.0,1.0,0.0,0.5,0.6666666666666666,0.8333333333333334,6.666666666666667,0.0,0.0,49.88849773370449,30.013038516970383
650.0,445.6666666666667,1008.2937783130468,0.44200080993487967,5.5,0.3333333333333333,2.333333333333333,2.833333333333333,49.463343551136646,0.3333333333333333,0.0,0.5,1.8333333333333333,0.1666666666666666,0.0,0.6666666666666666,2.0,0.0,0.0,20.953347354792687,23.009996196343963
651.0,0.0,0.0,0.0,476.0,24.5,213.33333333333331,238.16666666666669,499.1144884979445,24.5,0.0,63.833333333333336,149.5,13.0,0.0,43.833333333333336,181.33333333333331,1.0053855978904649,0.0,22.109102900054108,0.0
652.0,36.66666666666666,83.18011826172713,0.4408104656847758,612.3333333333333,9.0,259.5,343.8333333333333,644.4758909386842,9.0,0.0,165.0,94.5,13.5,15.5,201.66666666666663,113.16666666666669,0.0,0.0,30.141688370886147,2.0008692344646923
653.0,905.3333333333334,1703.3880860846164,0.5314897648570032,918.1666666666666,140.0,51.66666666666666,726.5,1049.8781244897257,128.66666666666666,11.333333333333334,11.0,40.66666666666666,92.0,18.33333333333333,170.83333333333334,445.3333333333333,0.0,0.0,84.69103081313854,47.02042700992027
654.0,633.8333327451853,1342.33455157382,0.47218730382977,1497.6666652769486,301.8333330532555,59.83333327781265,1135.9999989458804,1629.626526397631,168.4999998436451,133.33333320961037,20.833333314001617,38.999999963811035,232.66666645077007,25.999999975874022,319.4999997035289,557.8333328157074,0.0,0.0,98.94551878264966,33.014342338032684
655.0,693.9999990198767,2007.9265516897276,0.3456301717987921,79.83333322058618,0.33333333286257283,0.0,79.49999988772362,151.7873610779563,0.33333333286257283,0.0,0.0,0.0,0.33333333286257283,54.66666658946193,5.499999992232452,18.999999973166652,0.0,0.0,35.93838168786987,36.015646169500236
656.0,454.0,1410.4406776084663,0.3218852144634678,0.0,0.0,0.0,0.0,47.105926739406655,0.0,0.0,0.0,0.0,0.0,0.0,0.0,0.0,2.0107711957809298,0.0,21.08472473004941,24.01043081357631
657.0,1.0,1.4965640126881383,0.6681972782465838,4456.0,91.66666666666666,3021.5,1342.8333333333337,4662.986486081415,88.33333333333333,3.333333333333333,2686.6666666666665,334.8333333333333,260.5,28.166666666666668,245.16666666666663,809.0,0.0,0.0,206.9864860814152,0.0
658.0,695.5,1305.9821376853372,0.5325493970634791,109.5,22.5,6.0,81.0,183.2236787404237,14.166666666666666,8.333333333333334,1.5,4.5,17.833333333333332,0.5,17.666666666666668,45.0,0.0,0.0,37.37438443044611,36.34929430997757
659.0,253.00000001781905,483.3304758090551,0.5234513706058325,697.3333333824471,53.50000000376806,18.16666666794616,625.6666667107329,754.5026662866859,20.500000001443837,33.00000000232422,10.66666666741793,7.500000000528233,42.66666666967171,216.33333334856988,72.33333333842783,294.3333333540635,0.0,0.0,44.16368287930225,13.005650024936504
660.0,672.8333333333334,1278.7403123267857,0.526168860750977,2274.333333333333,111.16666666666669,64.5,2098.6666666666665,2449.376395923718,67.66666666666667,43.5,19.5,45.0,153.33333333333334,420.3333333333333,502.8333333333333,1022.1666666666666,0.0,0.0,139.8609145256423,35.18214806474256
661.0,1306.1666666666667,2636.233279493236,0.49546702745431986,3346.5,451.33333333333337,83.33333333333333,2811.833333333333,3631.0514163945786,302.1666666666667,149.16666666666666,24.166666666666668,59.16666666666666,882.1666666666666,66.33333333333333,440.8333333333333,1422.5,0.1674948240165631,0.0,216.02091447450255,68.36300709605939
662.0,941.0,1884.664901501725,0.49929300389167286,1399.5,125.0,78.5,1196.0,1558.554095305955,123.0,2.0,6.166666666666667,72.33333333333333,78.16666666666667,34.166666666666664,100.66666666666669,983.0,0.0,0.0,110.03279906156962,49.02129624438496
663.0,381.8333333333333,803.2191792693596,0.47537875487567943,5017.0,107.16666666666669,3727.333333333333,1182.5,5290.591362396172,65.16666666666667,42.0,3383.1666666666665,344.1666666666667,91.83333333333331,331.6666666666667,198.66666666666663,560.3333333333334,3.0161567936713944,0.0,250.73331481660756,19.841890785893927
664.0,1042.0000004100807,1932.9520860435855,0.5390718207314038,833.3333336612931,124.0000000488004,46.00000001810338,663.3333335943893,976.1152304988578,58.50000002302277,65.50000002577764,10.500000004132293,35.50000001397108,43.33333335038724,63.33333335825827,114.50000004506167,442.1666668406821,0.0,0.0,88.09156599088266,54.69033084668211
665.0,1393.6666666666667,3191.6044576325758,0.43666647454817803,110.33333333333334,4.666666666666667,2.0,103.66666666666669,253.0517183499136,4.666666666666667,0.0,1.5,0.5,4.666666666666667,71.66666666666667,17.333333333333332,10.0,0.0,0.0,69.8532647702181,72.86512024636218
666.0,1338.5,3740.733840173738,0.35781749175125316,593.8333333333333,95.33333333333334,23.83333333333333,474.6666666666666,753.6073112410971,72.66666666666667,22.666666666666668,4.333333333333333,19.5,38.833333333333336,62.333333333333336,196.16666666666663,177.33333333333334,0.0,0.0,89.74358469638516,70.03039321137864
667.0,2143.333333333333,6296.328781929921,0.34041000836623536,0.0,0.0,0.0,0.0,211.59614455060057,0.0,0.0,0.0,0.0,0.0,0.0,0.0,0.0,0.0,0.0,99.54718247337388,112.04896207722668
668.0,1192.3333333333333,3412.234012638517,0.34942894564589344,5.0,0.1666666666666666,0.0,4.833333333333333,135.70342549654913,0.1666666666666666,0.0,0.0,0.0,1.5,0.3333333333333333,1.1666666666666667,1.8333333333333333,13.070012772576044,0.0,55.60646645556764,62.02694626840546
669.0,800.6666666666666,1854.6030393645788,0.4317186210052744,1179.0,93.66666666666666,246.5,838.8333333333335,1316.000404996158,54.16666666666666,39.5,79.83333333333333,166.66666666666666,107.16666666666669,312.5,126.0,293.1666666666667,3.0161567936713944,0.0,91.96599427872825,42.01825392375854
670.0,1108.5,3159.526885498017,0.35084366747690265,778.1666666666666,96.83333333333331,42.333333333333336,639.0,926.0702803134296,96.83333333333331,0.0,32.833333333333336,9.5,101.0,102.16666666666669,72.83333333333333,363.0,2.0107711957809298,0.0,87.53424140385033,58.358601047131934
671.0,681.0,1882.7995059035763,0.3616954422734356,301.3333333333333,12.166666666666668,35.666666666666664,253.5,382.63655908176304,4.5,7.666666666666667,7.333333333333333,28.33333333333333,21.83333333333333,4.666666666666667,124.83333333333331,102.16666666666669,0.0,0.0,45.62103271158588,35.68219303684386
672.0,381.0,1243.5572023756847,0.30637915109344366,151.16666666666666,46.5,9.666666666666666,95.0,196.8945380044559,6.5,40.0,1.8333333333333333,7.833333333333333,11.166666666666666,8.833333333333334,25.666666666666668,49.333333333333336,1.0053855978904649,0.0,24.71379339525183,20.008692344646928
673.0,631.6666666666666,1932.811044095192,0.3268124261791815,18.0,0.3333333333333333,1.0,16.666666666666668,83.19507542271585,0.3333333333333333,0.0,1.0,0.0,5.5,0.0,0.3333333333333333,10.833333333333334,2.0107711957809298,0.0,30.17011176529968,33.01419246163524
674.0,979.1666666666666,2583.40764952631,0.37902135454549934,1193.1666666666663,475.5,64.16666666666667,653.5,1347.2509086006817,343.8333333333333,131.66666666666666,9.333333333333334,54.833333333333336,85.66666666666667,175.16666666666666,92.66666666666669,300.0,2.0107711957809298,0.0,100.8845636634493,51.1889070747847
675.0,1278.3333333333333,3064.081649817215,0.4171995003493432,452.0,17.666666666666668,8.5,425.8333333333333,624.2306732803427,16.0,1.6666666666666667,3.1666666666666665,5.333333333333333,34.666666666666664,243.16666666666663,88.0,60.0,0.0,0.0,105.36840042968248,66.8622728506603
676.0,7.0,20.025609989350677,0.34955239834005036,174.0,3.1666666666666665,42.0,128.83333333333334,205.5297558170043,2.5,0.6666666666666666,1.8333333333333333,40.16666666666666,11.0,30.33333333333333,8.833333333333334,78.66666666666667,23.1238687514807,0.0,8.405887065523581,0.0
677.0,1429.0,4193.745463986599,0.34074552503756017,1186.5,134.66666666666666,67.83333333333333,984.0,1406.0254021075357,134.66666666666666,0.0,48.0,19.83333333333333,89.66666666666667,158.16666666666666,124.83333333333331,611.3333333333334,23.1238687514807,0.0,121.53560379224903,74.86592956380578
678.0,842.0,2459.5930228646725,0.34233305761264843,260.99999999999994,0.8333333333333334,1.5,258.66666666666663,362.2547958504703,0.8333333333333334,0.0,0.6666666666666666,0.8333333333333334,0.3333333333333333,181.16666666666663,63.16666666666666,14.0,2.0107711957809298,0.0,55.22487152853369,44.01915312615561
679.0,1368.0,3595.3302141531185,0.3804935620697174,138.83333333333334,1.1666666666666667,7.166666666666667,130.5,307.3436823078995,1.1666666666666667,0.0,0.5,6.666666666666667,27.33333333333333,22.5,26.33333333333333,54.333333333333336,0.0,0.0,96.97941615177515,71.530932822791
680.0,1583.0,3939.058043411827,0.40187272757953063,938.3333333333334,59.16666666666666,54.66666666666666,824.5,1138.4618697604917,55.5,3.6666666666666665,9.666666666666666,45.0,130.66666666666666,154.83333333333334,164.16666666666666,374.8333333333333,0.0,0.0,117.09241813855265,83.0361182886058
681.0,987.8333333333334,2437.3478293722133,0.4052902591206152,620.1666666666666,226.8333333333333,73.33333333333334,320.0,762.154522992199,131.66666666666666,95.16666666666669,19.5,53.833333333333336,24.83333333333333,107.16666666666669,24.5,163.5,0.0,6.288,83.67725622945028,52.02260009608201
682.0,1081.1666666666667,2608.8143055587857,0.41442837244603736,12.666666666666668,0.5,4.166666666666667,8.0,182.9893068613844,0.5,0.0,1.1666666666666667,3.0,0.8333333333333334,0.6666666666666666,1.3333333333333333,5.166666666666667,0.0,0.0,113.79800191532566,56.52463827939209
683.0,1520.3333333333333,4259.622592889083,0.3569173794578288,0.0,0.0,0.0,0.0,160.01640541099982,0.0,0.0,0.0,0.0,0.0,0.0,0.0,0.0,10.05385597890465,0.0,70.59426672661982,79.36828270547535
684.0,1894.6666666666667,5354.290399330932,0.35385952672709403,45.66666666666666,1.8333333333333333,4.333333333333333,39.5,265.0261686541183,1.8333333333333333,0.0,1.1666666666666667,3.1666666666666665,4.833333333333333,5.166666666666667,6.166666666666667,23.33333333333333,8.043084783123719,0.0,112.10649864112985,99.20991856319807
685.0,1398.3333333333333,3580.2040698476835,0.3905736393939198,19.5,3.6666666666666665,1.1666666666666663,14.666666666666666,158.54278407983324,3.6666666666666665,0.0,0.6666666666666666,0.5,1.8333333333333333,2.1666666666666665,2.1666666666666665,8.5,0.0,0.0,65.8447200698942,73.19806400993905
686.0,558.3333333333334,1640.2875376026525,0.3403874750821801,28.0,1.0,1.0,26.0,84.24297286825731,1.0,0.0,0.0,1.0,7.166666666666667,0.8333333333333334,7.166666666666667,10.833333333333334,0.0,0.0,27.23036896851927,29.01260389973804
687.0,1047.5,2846.674075701278,0.36797328114984446,15.166666666666664,0.3333333333333333,5.0,9.833333333333332,153.3752175046985,0.3333333333333333,0.0,4.0,1.0,6.833333333333333,0.0,0.3333333333333333,2.6666666666666665,0.0,0.0,83.35128361052351,54.85726722750832
688.0,610.5,1707.5983495056096,0.3575196709324264,39.66666666666666,6.166666666666667,2.333333333333333,31.166666666666664,101.88415747363922,6.166666666666667,0.0,1.5,0.8333333333333334,3.8333333333333335,7.333333333333333,3.1666666666666665,16.833333333333332,0.0,0.0,30.203583055537464,32.01390775143508
689.0,1.0,2.4890343029956115,0.40176224120192977,0.0,0.0,0.0,0.0,72.43420517306953,0.0,0.0,0.0,0.0,0.0,0.0,0.0,0.0,72.38776304811347,0.0,0.0464421249560559,0.0
690.0,1057.1666666666667,2681.59468559832,0.3942305943341287,2189.333333333333,124.5,55.0,2009.833333333333,2509.1835077456194,123.83333333333331,0.6666666666666666,35.0,20.0,455.0,178.0,539.1666666666666,837.6666666666666,21.113097555699763,0.0,243.2133976238997,55.52367923268696
691.0,1063.5,2755.070254024063,0.38601556473801313,2257.666666666667,129.16666666666669,423.6666666666667,1704.8333333333337,2520.7146511672618,127.66666666666669,1.5,323.5,100.16666666666669,473.1666666666667,30.166666666666668,456.0,745.5,18.263810605358305,0.0,189.25980569087253,55.524368204363725
692.0,1026.1666666666667,2740.743838971402,0.37441173891383656,781.5,10.166666666666668,29.33333333333333,742.0,938.3091193919424,8.333333333333334,1.8333333333333333,5.833333333333333,23.5,173.66666666666666,26.83333333333333,54.16666666666666,487.3333333333333,0.0,0.0,102.9524516201486,53.856667771793695
693.0,1386.6666666666667,3306.022866344981,0.41943650202266,2344.1666666666665,98.33333333333331,91.0,2154.833333333333,2594.320485741591,74.5,23.83333333333333,33.5,57.5,303.0,234.0,474.8333333333333,1143.0,4.02154239156186,0.0,173.2673511841542,72.86492549920827
694.0,603.9999904505207,1263.6325039026879,0.4779870639486452,1140.8333152963066,117.33333147824682,116.33333149405722,907.1666523240024,1256.898051951004,84.33333199998991,32.999999478256925,21.333332996044877,94.99999849801236,104.16666501975041,174.49999724108585,85.99999864030593,542.49999142286,3.0161567459847607,0.0,81.03467266343046,32.01390724528251
695.0,156.83333335491167,361.0250602856057,0.4344112102102866,211.000000029031,4.166666667239949,63.33333334204722,143.50000001974385,256.5262019093005,4.166666667239949,0.0,47.166666673156215,16.166666668891004,1.0000000001375877,0.6666666667583918,2.333333333654371,139.5000000191935,20.107711960575873,0.0,17.08157472861729,8.336915191076326
696.0,557.0,1520.0263648112832,0.3664410124025405,954.1666666666666,305.3333333333333,62.33333333333333,586.5,1056.3768564138752,182.16666666666663,123.16666666666669,16.833333333333332,45.5,96.66666666666669,51.833333333333336,55.5,382.5,3.0161567936713944,0.0,70.18142905379914,29.01260389973804
697.0,709.3333333333334,1742.938211271652,0.4069756051855688,507.83333333333337,4.0,27.5,476.33333333333337,605.3991794218343,3.333333333333333,0.6666666666666666,15.166666666666666,12.333333333333334,46.0,30.5,214.5,185.33333333333331,4.02154239156186,0.0,56.528222859342215,37.01608083759681
698.0,1153.0,3055.2346680884907,0.37738508666549503,52.0,0.3333333333333333,0.0,51.66666666666666,208.48744206046928,0.3333333333333333,0.0,0.0,0.0,0.3333333333333333,48.16666666666666,1.1666666666666667,2.0,0.0,0.0,95.9612301506301,60.5262119098392
699.0,402.833330057969,1016.5355034902371,0.3962806303123262,71.99999941458114,6.666666612461217,2.9999999756075475,62.33333282651238,115.06183519866094,0.9999999918691825,5.666666620592035,0.3333333306230608,2.6666666449844865,9.999999918691826,2.833333310296017,4.666666628722852,44.833332968801685,0.0,0.0,22.052708993021888,21.009126791057895
700.0,784.8333333333334,1569.631293511935,0.5000112679821299,1021.8333333333334,479.0,52.0,490.83333333333337,1146.5926669560415,174.0,305.0,35.0,17.0,53.5,128.66666666666666,64.33333333333333,244.33333333333331,0.0,0.0,83.90831587493524,40.8510177477732
701.0,791.8333402217738,1735.3769079085348,0.4562889690494305,873.0000075945383,57.33333383209644,53.000000461065895,762.6666733013759,993.5100030643313,37.83333366245899,19.500000169637453,12.000000104392278,41.00000035667362,49.16666709438502,154.5000013440506,305.00000265330374,254.00000220963656,2.0107712132733453,0.0,77.3147678714444,41.18445638507518
702.0,1128.5,2188.517075304588,0.515645965358959,858.1666666666667,139.5,115.5,603.1666666666667,1010.4635968598636,116.5,23.0,17.166666666666668,98.33333333333331,42.16666666666666,71.66666666666667,48.66666666666666,440.6666666666667,1.0053855978904649,0.0,92.26590217859798,59.02564241670842
703.0,1287.6666666666667,2917.129100714004,0.44141572834452003,3607.8333333333335,508.33333333333337,132.16666666666669,2967.333333333333,3902.5564862238552,400.1666666666667,108.16666666666669,43.0,89.16666666666667,92.83333333333331,40.66666666666666,2338.0,495.8333333333333,0.0,0.0,227.360700218809,67.36245267171262
704.0,3453.333333333333,6465.597184396879,0.5341089515547148,3873.5,1595.6666666666663,145.33333333333334,2132.5,4394.736235931266,665.1666666666666,930.5,113.5,31.83333333333333,348.3333333333333,102.16666666666669,505.0,1177.0,0.0,0.0,340.32461160339284,180.91162432787343
705.0,1724.6666666666667,4290.378827869737,0.4019847048152156,2259.833333333333,301.6666666666667,134.83333333333334,1823.3333333333333,2537.936590092456,229.83333333333331,71.83333333333333,25.83333333333333,109.0,251.5,49.0,453.1666666666667,1069.6666666666667,3.0161567936713944,0.0,185.04798441453963,90.03911555091115
706.0,316.1666666666667,724.3261251022419,0.4364976710208241,165.66666666666666,10.166666666666666,20.33333333333333,135.16666666666666,209.57557743681252,10.166666666666666,0.0,4.0,16.333333333333332,14.166666666666666,7.666666666666667,13.0,100.33333333333331,5.026927989452325,0.0,22.37466928703809,16.507313493655456
707.0,1478.6666666666667,3648.915795728822,0.40523452703334384,17.0,0.0,0.0,17.0,164.8359594181905,0.0,0.0,0.0,0.0,4.166666666666667,0.1666666666666666,12.166666666666666,0.5,1.0053855978904649,0.0,69.46364004645329,77.36693377384674
708.0,1157.0,3105.8798551466384,0.3725192389791827,18.0,0.0,0.0,18.0,133.26230901986702,0.0,0.0,0.0,0.0,7.833333333333333,0.0,9.166666666666666,1.0,0.0,0.0,54.56937049131432,60.69293852855271
709.0,417.5,920.9443430335324,0.45333901354427286,409.83333333333337,9.0,140.83333333333334,260.0,470.93988003177554,8.0,1.0,56.66666666666666,84.16666666666667,50.833333333333336,5.166666666666667,102.5,101.5,1.0053855978904649,0.0,38.42503780046388,21.676123300087905
710.0,538.0,1248.7285147937876,0.4308382435623681,1624.1666666666663,664.0,147.5,812.6666666666666,1752.598377863262,476.5,187.5,14.0,133.5,64.16666666666667,62.5,144.83333333333334,541.1666666666666,0.0,0.0,100.41954191408976,28.012169282505692
711.0,1480.6666666666667,2775.83396384755,0.533413268210874,1112.3333333333333,795.0,38.16666666666667,279.16666666666663,1310.1112815843037,367.3333333333333,427.6666666666667,6.5,31.666666666666668,17.333333333333332,21.33333333333333,36.333333333333336,204.16666666666663,0.0,0.0,120.41099949990196,77.36694875106826
712.0,208.0,488.5639703293807,0.42573749320845394,1442.8333333333333,79.83333333333333,112.16666666666666,1250.8333333333333,1533.521040094878,58.0,21.83333333333333,9.833333333333334,102.33333333333331,161.16666666666666,103.66666666666669,317.0,669.0,3.0161567936713944,0.0,76.6667691783176,11.00478078955581
713.0,1220.5,2966.9648797000505,0.4113631436457678,318.8333333333333,23.833333333333336,12.5,282.5,454.5607200851147,21.166666666666668,2.6666666666666665,5.5,7.0,77.33333333333333,0.0,83.83333333333333,121.33333333333331,0.1677031509121061,0.0,71.53173313588093,64.02795046498835
714.0,1447.5,4220.369376585104,0.3429794576822655,131.83333333333334,5.0,1.3333333333333333,125.5,280.8797374675323,5.0,0.0,0.3333333333333333,1.0,10.666666666666666,53.66666666666666,28.33333333333333,32.833333333333336,0.0,0.0,73.34694634716114,75.6994577870379
715.0,836.0,2232.297056645846,0.37450212887712075,21.0,0.0,0.1666666666666666,20.83333333333333,104.48179371462416,0.0,0.0,0.0,0.1666666666666666,2.833333333333333,0.1666666666666666,2.1666666666666665,15.666666666666666,0.0,0.0,39.7962736469537,43.68552006767046
716.0,444.3333333333333,1121.967084172859,0.39603063191546883,158.0,2.5,5.0,150.5,208.980681827005,2.5,0.0,0.6666666666666666,4.333333333333333,5.833333333333333,5.0,107.66666666666669,32.0,0.0,0.0,27.970730602768157,23.009951224236858
717.0,1663.5,3974.817851349468,0.41850974364403504,57.5,3.5,19.5,34.5,228.4675395481661,3.5,0.0,7.666666666666667,11.833333333333334,4.333333333333333,3.0,3.0,24.166666666666668,4.02154239156186,0.0,79.90787091658567,87.03812624001857
718.0,256.0,800.7722558283302,0.3196913955706294,148.66666666666666,4.5,4.833333333333334,139.33333333333331,185.4928156459153,4.5,0.0,0.6666666666666666,4.166666666666667,14.833333333333334,66.5,5.833333333333333,52.16666666666666,5.026927989452325,0.0,18.79357096577582,13.005650024020502
719.0,0.0,0.0,0.0,1073.1666666666667,27.0,751.3333333333334,294.8333333333333,1145.01407861016,27.0,0.0,269.1666666666667,482.1666666666667,84.16666666666667,8.333333333333334,17.666666666666668,184.66666666666663,0.0,22.008,49.83941194349305,0.0
720.0,2605.1666666666665,5043.161072353058,0.5165741544422132,3688.666666666667,2184.833333333333,180.16666666666663,1323.6666666666667,4118.501878001937,1803.5,381.3333333333333,89.33333333333333,90.83333333333331,141.83333333333334,175.83333333333334,266.5,739.5,0.0,0.0,293.44365450186007,136.39155683340937
721.0,748.3333333333334,1621.4129276952297,0.4615316188437314,515.0,33.166666666666664,29.0,452.83333333333337,612.6898939814688,28.0,5.166666666666667,5.166666666666667,23.83333333333333,40.333333333333336,142.83333333333334,53.5,216.16666666666663,0.0,0.0,58.6729439094073,39.0169500720615
722.0,472.9999999081844,905.9991404507604,0.5220755503949523,1468.6666663815786,133.6666666407202,40.83333332540705,1294.1666664154513,1583.5189718721979,73.33333331909836,60.333333321621836,8.833333331618666,31.999999993788375,149.999999970883,391.83333325727324,214.66666662499696,537.6666665622984,0.0,0.0,90.17496821511403,24.677337275505163
723.0,1385.0000001949006,2666.1796172233726,0.5194698778911508,266.83333337088277,56.666666674640936,1.3333333335209634,208.83333336272085,415.9126449158879,3.0000000004221676,53.66666667421877,0.33333333338024085,1.0000000001407225,13.000000001829394,64.83333334245684,14.833333335420718,116.16666668301396,0.0,0.0,76.71465578206184,72.36465576294329
724.0,2084.833333333333,4796.177849054896,0.43468641050167833,672.5,133.33333333333331,27.0,512.1666666666667,914.630571551864,86.33333333333333,47.0,3.333333333333333,23.666666666666668,92.16666666666669,43.5,84.83333333333333,291.6666666666667,5.026927989452325,0.0,128.05627028408594,109.04737327832574
725.0,251.83333333333331,778.6181611988219,0.323436243698183,113.0,0.6666666666666666,0.3333333333333333,112.0,143.9539792707841,0.6666666666666666,0.0,0.3333333333333333,0.0,1.1666666666666667,101.66666666666669,2.333333333333333,6.833333333333333,1.0053855978904649,0.0,16.942943648873133,13.005650024020502
726.0,434.8333333333333,1114.005833710058,0.3903330845990052,90.83333333333331,0.8333333333333334,0.0,90.0,139.10206775392612,0.8333333333333334,0.0,0.0,0.0,1.1666666666666667,81.5,2.333333333333333,5.0,1.0053855978904649,0.0,24.42025906077569,22.843089761926645
727.0,752.6666666666666,1721.9978021977397,0.43708921446128346,0.0,0.0,0.0,0.0,74.50657686076782,0.0,0.0,0.0,0.0,0.0,0.0,0.0,0.0,0.0,0.0,34.990735764034504,39.51584109673332
728.0,1068.5,2684.774494879166,0.397985008438517,410.0,29.833333333333336,25.666666666666668,354.5,535.6958937407583,10.833333333333334,19.0,8.0,17.666666666666668,36.333333333333336,134.0,26.166666666666668,158.0,1.0053855978904649,0.0,68.66583980121409,56.02466834165381
729.0,354.8333328627914,806.0787830797402,0.44019683970231727,1896.499997485065,91.16666654577122,1344.4999982170682,460.83333272222563,2024.0799930739734,91.16666654577122,0.0,505.33333266321443,839.1666655538538,112.83333318370585,8.666666655173861,95.9999998726951,243.33333301065073,4.021542386228922,0.0,104.55019550047194,19.008257702207864
730.0,1709.8333333333333,4574.286203909382,0.37379238139319665,376.3333333333333,163.83333333333331,19.333333333333336,193.16666666666663,563.7575580895735,155.16666666666666,8.666666666666666,1.6666666666666667,17.666666666666668,24.5,11.166666666666666,19.0,138.5,1.0053855978904649,0.0,96.88000841732249,89.53883074102733
731.0,861.5,2502.0484889026066,0.34431786746780924,681.8333333333333,71.83333333333333,29.33333333333333,580.6666666666666,806.9870927531639,71.83333333333333,0.0,26.83333333333333,2.5,197.0,6.166666666666667,197.0,180.5,8.378074431156845,0.0,71.58952053360453,45.18616445506928
732.0,1064.6666666666667,2824.7001387914293,0.3769131640012568,1110.3333333333333,122.0,37.333333333333336,951.0,1273.653838413794,122.0,0.0,27.0,10.333333333333334,283.3333333333333,56.66666666666666,246.83333333333331,364.1666666666667,6.5352147131835645,0.0,101.0945998461074,55.69069052116971
733.0,1061.3333333333333,2855.7367357821254,0.3716495712069399,0.0,0.0,0.0,0.0,105.8221644105212,0.0,0.0,0.0,0.0,0.0,0.0,0.0,0.0,1.0053855978904649,0.0,49.29275505238876,55.52402376024198
734.0,786.8333333333334,2110.575204779387,0.37280516304349315,589.5,55.333333333333336,56.333333333333336,477.83333333333337,694.594437186883,54.5,0.8333333333333334,11.833333333333334,44.5,49.333333333333336,43.0,93.5,292.0,0.0,0.0,63.90975650426056,41.18468068262244
735.0,512.3333333333334,1584.7827908150891,0.32328299897163126,0.0,0.0,0.0,0.0,50.640364454940695,0.0,0.0,0.0,0.0,0.0,0.0,0.0,0.0,0.0,0.0,23.79540135353476,26.844963101405934
736.0,581.3333273756967,1292.6658369070026,0.44971663269655915,16.833333160821496,0.8333333247931433,4.666666618841602,11.333333217186748,76.13325058105843,0.8333333247931433,0.0,0.4999999948758859,4.166666623965717,4.499999953882973,0.0,0.6666666598345146,6.16666660346926,1.0053855875870439,0.0,27.781328757601774,30.513203075048132
737.0,1309.5,2884.289469554043,0.4540112959613826,732.0,50.66666666666667,93.83333333333331,587.5,895.3430940065323,28.666666666666668,22.0,62.0,31.83333333333333,36.66666666666666,99.66666666666669,73.83333333333333,377.3333333333333,0.0,0.0,94.81336015977398,68.52973384675829
738.0,182.0,308.3911637305422,0.5901595810930015,1475.5,412.0,81.5,982.0,1562.477393617335,273.1666666666667,138.83333333333334,17.0,64.5,94.33333333333331,57.16666666666666,223.0,607.5,0.0,0.0,76.97304744501173,10.004346172323462
739.0,1839.1666666666667,4489.270401465779,0.40968052761227425,919.0,132.66666666666669,48.16666666666666,738.1666666666666,1145.1478163173904,86.16666666666667,46.5,13.166666666666666,35.0,92.5,41.66666666666666,127.0,477.0,2.0107711957809298,0.0,128.09532186730436,96.04172325430524
740.0,3.0,8.333602770297892,0.359988360699458,0.0,0.0,0.0,0.0,45.381678279939095,0.0,0.0,0.0,0.0,0.0,0.0,0.0,0.0,45.242351905070926,0.0,0.1393263748681678,0.0
741.0,203.66666666666663,565.4814238171328,0.3601650878146777,0.0,0.0,0.0,0.0,20.296026461972676,0.0,0.0,0.0,0.0,0.0,0.0,0.0,0.0,0.0,0.0,9.457882392687582,10.838144069285091
742.0,358.6666666666667,958.8813897918952,0.3740469577207121,1275.8333333333337,9.0,7.333333333333333,1259.5000000000002,1370.7515766883012,8.333333333333334,0.6666666666666666,1.0,6.333333333333333,22.5,4.666666666666667,1152.6666666666667,79.66666666666667,0.0,0.0,75.90998562755318,19.008257727414577
743.0,817.1666666666666,2512.9774894143907,0.32517866559047226,326.16666666666663,16.666666666666664,17.166666666666668,292.3333333333333,430.4530988492996,15.666666666666666,1.0,2.833333333333333,14.333333333333334,28.5,133.16666666666666,26.5,104.16666666666669,5.026927989452325,3.144,53.09681565218971,43.01868854099089
744.0,1479.6666666666667,3544.004896960476,0.4175125908927796,69.0,0.6666666666666666,0.5,67.83333333333333,219.28907604581053,0.6666666666666666,0.0,0.5,0.0,4.666666666666667,51.0,7.333333333333333,4.833333333333333,1.0053855978904649,0.0,71.9167117289194,77.36697871900064
745.0,340.8333333333333,887.357924342521,0.38409904727663347,7.833333333333333,2.0,2.6666666666666665,3.166666666666667,41.70231260405771,2.0,0.0,0.0,2.6666666666666665,1.6666666666666667,0.0,0.3333333333333333,1.1666666666666667,0.0,0.0,16.19475927804814,17.67421999267624
746.0,301.6666666666667,805.7417384385485,0.3743962268248238,230.3333333333333,8.166666666666668,15.833333333333334,206.3333333333333,271.043373848476,7.166666666666667,1.0,3.5,12.333333333333334,22.5,13.0,27.666666666666668,143.16666666666666,0.0,0.0,24.702921800942864,16.007118714199823
747.0,991.1666666666666,2177.6960639586327,0.4551446287986195,2463.0,494.1666666666666,106.0,1862.8333333333333,2675.441394712241,421.3333333333333,72.83333333333333,28.33333333333333,77.66666666666667,222.33333333333331,230.5,485.5,924.5,0.0,0.0,160.4187946161594,52.02260009608201
748.0,576.1666666666666,1534.9747253791284,0.3753590578010054,14.833333333333332,0.0,0.0,14.833333333333332,74.30501290856898,0.0,0.0,0.0,0.0,0.1666666666666666,11.5,1.6666666666666667,1.5,2.0107711957809298,0.0,27.447869862484342,30.013038516970383
749.0,352.5,1067.9353899729906,0.3300761481543515,14.5,2.5,0.8333333333333334,11.166666666666666,50.05476174136798,2.5,0.0,0.8333333333333334,0.0,1.6666666666666667,2.1666666666666665,1.5,5.833333333333333,0.0,0.0,17.046668884737414,18.508092856630565
750.0,557.6666666666666,1542.1534115037548,0.36161555815830637,729.0,358.6666666666667,26.5,343.83333333333337,817.768000887012,249.83333333333331,108.83333333333331,4.666666666666667,21.83333333333333,36.66666666666666,32.833333333333336,47.0,227.33333333333331,0.0,0.0,59.75539698727405,29.01260389973804
751.0,139.16666666666666,369.5105329496007,0.37662435643112846,2120.0,308.0,642.3333333333333,1169.6666666666663,2233.923251518754,296.8333333333333,11.166666666666666,314.0,328.3333333333333,585.1666666666666,6.0,237.66666666666663,340.8333333333333,0.0,0.0,106.58680091398942,7.336450604764548
752.0,720.8333333333334,1622.7739458209278,0.44419824165261584,3011.333333333333,357.66666666666663,256.83333333333337,2396.833333333333,3222.514468342341,222.0,135.66666666666666,120.0,136.83333333333334,199.66666666666663,98.83333333333331,964.0,1134.3333333333333,0.0,0.0,173.3310763725319,37.85005863647621
753.0,4.0,11.812221012352625,0.33863233644350216,0.0,0.0,0.0,0.0,22.30425165341445,0.0,0.0,0.0,0.0,0.0,0.0,0.0,0.0,22.11848315359023,0.0,0.1857684998242238,0.0
754.0,546.8333333333334,1874.2871205564009,0.29175537052775585,151.83333333333331,12.5,11.5,127.83333333333331,221.17048932844108,11.5,1.0,1.5,10.0,20.5,49.66666666666666,8.333333333333334,49.333333333333336,8.043084783123719,0.0,32.448268870998994,28.84580234098504
755.0,899.6666666666666,2615.7368533032964,0.34394387399119225,0.0,0.0,0.0,0.0,88.9705835731559,0.0,0.0,0.0,0.0,0.0,0.0,0.0,0.0,0.0,0.0,41.783519842964914,47.18706373019099
756.0,470.0,1416.6542841309958,0.3317676057347382,988.0,43.333333333333336,120.83333333333331,823.8333333333334,1080.720250734453,41.333333333333336,2.0,28.0,92.83333333333331,38.66666666666666,104.66666666666669,126.0,554.5,0.0,0.0,67.70938530364434,25.010865430808654
757.0,838.1666666666666,1577.0212721717962,0.5314872294096481,731.5,201.0,42.66666666666667,487.8333333333333,848.4172280991338,57.66666666666666,143.33333333333334,16.666666666666668,26.0,50.833333333333336,43.66666666666666,85.0,308.3333333333333,0.0,0.0,72.8981049409106,44.01912315822324
758.0,749.1666666666666,1610.837860765806,0.46507887908129153,1416.5,118.5,72.83333333333334,1225.1666666666667,1556.0942314365172,77.5,41.0,14.5,58.333333333333336,112.0,293.6666666666667,132.16666666666666,687.3333333333334,0.0,0.0,100.5772813644558,39.0169500720615
759.0,605.1666666666666,1712.288180395062,0.3534257104589962,14.833333333333334,0.0,2.0,12.833333333333334,81.00273554314053,0.0,0.0,1.1666666666666667,0.8333333333333334,11.0,0.0,0.3333333333333333,1.5,5.864818763326227,0.0,28.79091553282261,31.513667913658367
760.0,608.0,1903.1977567704305,0.31946233534434476,205.8333333333333,2.833333333333333,5.833333333333333,197.16666666666663,288.7134035878649,2.833333333333333,0.0,1.3333333333333333,4.5,13.833333333333334,111.5,7.5,64.33333333333333,13.070012772576044,0.0,37.79614973052048,32.01390775143508
761.0,335.5,1053.9161092719812,0.31833653271677853,1336.1666666666663,16.333333333333332,16.5,1303.3333333333333,1436.5036021004112,15.666666666666666,0.6666666666666666,7.833333333333333,8.666666666666666,45.0,959.1666666666666,92.0,207.16666666666663,5.026927989452325,0.0,77.63568248973746,17.674324954554518
762.0,557.8333333333334,1698.588278650268,0.3284099745328508,405.0,9.166666666666668,12.166666666666668,383.6666666666667,483.0817278839908,8.333333333333334,0.8333333333333334,4.166666666666667,8.0,35.333333333333336,203.66666666666663,21.166666666666668,123.5,4.02154239156186,0.0,44.71400847007044,29.346177022358447
763.0,530.5,1621.2653353165254,0.32721355872105207,0.0,0.0,0.0,0.0,52.64926717321069,0.0,0.0,0.0,0.0,0.0,0.0,0.0,0.0,0.0,0.0,24.637097890704997,28.012169282505692
764.0,1463.3333333333333,3605.9721034940376,0.4058082789701628,146.5,4.333333333333333,7.833333333333333,134.33333333333334,297.79796857413623,4.333333333333333,0.0,1.3333333333333333,6.5,32.166666666666664,65.16666666666667,11.333333333333334,25.666666666666668,0.0,0.0,74.76496762706175,76.53300094707446
765.0,405.0,1296.4488780880315,0.312391801053724,275.8333333333333,10.0,51.333333333333336,214.5,329.469926629615,9.166666666666666,0.8333333333333334,9.5,41.833333333333336,18.0,82.66666666666667,13.333333333333334,100.5,1.0053855978904649,0.0,31.62208073651193,21.00912696187927
766.0,316.5,669.3590246377174,0.4728404165033882,52.33333333333333,0.5,25.166666666666664,26.666666666666668,104.0065411427107,0.5,0.0,0.3333333333333333,24.83333333333333,3.8333333333333335,1.3333333333333333,7.5,14.0,7.037699185233254,0.0,28.128419845574932,16.50708877856918
767.0,498.3333333333333,1176.1560186765448,0.4236966230841354,237.83333333333331,45.333333333333336,14.0,178.5,298.0482159841899,45.333333333333336,0.0,4.333333333333333,9.666666666666666,17.0,29.83333333333333,14.0,117.66666666666669,0.0,0.0,34.203447759218854,26.01143489163769
768.0,600.6666666666666,1486.4038352965683,0.40410731754255813,21.0,0.0,11.0,10.0,81.38613728469446,0.0,0.0,11.0,0.0,1.8333333333333333,0.0,3.0,5.166666666666667,0.0,0.0,28.87245430760061,31.51368297709385
769.0,618.1666666666666,1407.5438397265946,0.4391811105412824,435.33333333333337,23.833333333333336,9.666666666666666,401.83333333333337,516.4395491421816,6.666666666666667,17.166666666666668,1.1666666666666667,8.5,8.0,3.8333333333333335,8.333333333333334,381.6666666666667,0.0,0.0,48.92567133714237,32.180544471705794
770.0,749.3333333333334,1876.6930583995795,0.39928390526064794,121.0,0.6666666666666666,8.333333333333332,112.0,200.43673649689856,0.6666666666666666,0.0,8.166666666666666,0.1666666666666666,18.0,84.33333333333333,3.5,6.166666666666667,0.0,0.0,40.41978642483706,39.0169500720615
771.0,695.8333333333334,1779.4138052029657,0.39104638353301097,1944.6666666666667,161.66666666666666,95.83333333333331,1687.1666666666667,2103.478999135909,139.0,22.666666666666668,19.33333333333333,76.5,228.33333333333331,85.16666666666667,314.1666666666667,1059.5,0.0,0.0,122.63004952860705,36.18228294063518
772.0,708.3333333333334,1645.319837842432,0.4305140660445672,11.166666666666666,1.5,0.6666666666666666,9.0,87.59870822904037,1.5,0.0,0.6666666666666666,0.0,0.0,3.6666666666666665,0.5,4.833333333333333,0.0,0.0,39.4159607247769,37.01608083759681
773.0,1073.6666666666667,2381.312665318003,0.4508717743384984,8.0,0.1666666666666666,0.0,7.833333333333333,283.4238227631488,0.1666666666666666,0.0,0.0,0.0,0.0,1.8333333333333333,6.0,0.0,0.0,0.0,219.2326826393844,56.19114012376439
774.0,469.3333333333333,1196.0541367842238,0.39240141302901926,1159.5,309.6666666666667,44.333333333333336,805.5,1259.8250261407472,206.5,103.16666666666669,8.5,35.833333333333336,71.5,28.166666666666668,195.33333333333331,510.5,0.0,0.0,75.6475240219696,24.67750211877764
775.0,3654.6666666666665,7392.235146930091,0.49439264228281576,4753.666666666667,1649.0,201.5,2903.166666666667,5376.412350778228,546.8333333333334,1102.1666666666667,144.5,57.0,505.5,236.83333333333331,705.0,1455.8333333333333,14.075398370466509,0.0,417.42068203418256,191.24960370691204
776.0,948.6666666666666,1991.1986423550336,0.476429948518174,270.83333333333337,25.0,4.166666666666666,241.66666666666669,377.3240878697357,20.666666666666668,4.333333333333333,1.0,3.1666666666666665,33.0,38.0,56.0,114.66666666666669,0.0,0.0,56.63582523353793,49.85492930286431
777.0,584.5,1175.6874700196706,0.49715593208645886,333.16666666666663,23.83333333333333,47.33333333333333,262.0,406.3008452317621,14.166666666666666,9.666666666666666,24.0,23.33333333333333,11.666666666666666,81.5,10.5,158.33333333333334,0.0,0.0,42.62084036069761,30.51333820439788
778.0,934.3333333333334,3392.024767199868,0.2754500327851762,58.66666666666667,9.666666666666666,4.333333333333333,44.66666666666667,155.8160836322249,9.666666666666666,0.0,3.5,0.8333333333333334,6.166666666666667,11.5,5.333333333333333,21.666666666666668,2.0107711957809298,0.0,46.11761929879969,49.02102647097761
779.0,753.3333333333334,1645.7170996665336,0.4577538469315163,11.0,0.0,0.1666666666666666,10.833333333333334,89.84570152623724,0.0,0.0,0.1666666666666666,0.0,9.5,0.1666666666666666,0.3333333333333333,0.8333333333333334,0.0,0.0,39.495148336669736,39.3505531895675
780.0,367.3333333333333,1043.0909034733338,0.352158505179337,4289.166666666666,1975.1666666666663,110.0,2204.0,4524.433115186421,1386.8333333333333,588.3333333333334,36.0,74.0,122.83333333333331,141.5,589.0,1350.6666666666667,0.0,0.0,216.2581907923397,19.008257727414577
781.0,25.166666666666668,53.940160880220105,0.466566399802773,2378.833333333333,21.666666666666668,3.666666666666667,2353.5,2492.4862038277447,17.0,4.666666666666667,2.333333333333333,1.3333333333333333,19.83333333333333,38.66666666666666,8.833333333333334,2286.1666666666665,1.0053855978904649,0.0,111.64705027928916,1.0004346172323462
782.0,689.8333333333334,1570.002916766501,0.43938347245499354,52.99999999999999,1.1666666666666667,14.5,37.33333333333333,123.51070479010798,0.1666666666666666,1.0,14.5,0.0,1.8333333333333333,6.5,1.1666666666666667,27.83333333333333,0.0,0.0,34.49489373126125,36.015811058846744
783.0,108.66666666666669,257.6178645908285,0.4218133972939365,100.5,8.833333333333334,10.333333333333334,81.33333333333334,145.20611136022123,8.833333333333334,0.0,2.0,8.333333333333334,3.8333333333333335,4.5,4.333333333333333,68.66666666666667,29.156182338823484,0.0,9.714122876756656,5.835806144641079
784.0,525.8333333333334,1637.9349312969691,0.32103432394409087,120.0,1.8333333333333333,4.166666666666667,114.0,202.7273969232801,1.8333333333333333,0.0,1.3333333333333333,2.833333333333333,7.0,51.66666666666666,3.6666666666666665,51.66666666666666,10.05385597890465,0.0,44.994944784490166,27.678596159885288
785.0,854.3333333333334,2193.0375766972315,0.38956620826350835,19.0,0.1666666666666666,0.1666666666666666,18.666666666666668,115.24226886227552,0.1666666666666666,0.0,0.1666666666666666,0.0,0.0,17.5,0.1666666666666666,1.0,0.0,0.0,51.55596946392589,44.68629939834964
786.0,550.3333331071981,1381.7550017737558,0.3982857542767976,918.666666289181,8.999999996301845,42.66666664913467,866.9999996437446,1020.9105670822463,8.999999996301845,0.0,11.666666661872764,30.999999987261916,36.33333331840375,690.6666663828676,22.999999990549163,116.999999951924,2.010771194954692,0.0,71.22036087181196,29.0127687262988
787.0,558.4999999484419,1233.6285645892963,0.45272946491343574,2247.666666459172,144.16666665335785,105.66666665691203,1997.8333331489025,2407.165256355674,47.16666666231245,96.99999999104541,79.99999999261478,25.66666666429724,116.8333333225478,851.6666665880447,242.83333331091606,786.4999999273939,0.0,0.0,130.3192594076969,29.179330488804638
788.0,518.5,1182.187966909992,0.43859353547241525,151.5,1.3333333333333333,1.5,148.66666666666666,209.6290882327129,1.3333333333333333,0.0,1.1666666666666667,0.3333333333333333,0.6666666666666666,110.83333333333331,27.666666666666668,9.5,0.0,0.0,31.11718872895727,27.01189950375563
789.0,635.1666666666666,1497.9827369297427,0.4240146772108341,4.0,0.0,0.0,4.0,66.69893716983299,0.0,0.0,0.0,0.0,0.0,3.0,1.0,0.0,0.0,0.0,29.68459480116556,33.01434236866742
790.0,749.5,1792.97403359919,0.4180205546510144,33.0,0.0,4.666666666666667,28.33333333333333,116.68828712366783,0.0,0.0,0.0,4.666666666666667,2.833333333333333,1.8333333333333333,1.3333333333333333,22.33333333333333,0.0,0.0,44.3378388690254,39.35044825464242
791.0,1.0,1.9916253925523275,0.5021024554815854,213.66666666666663,14.333333333333334,82.5,116.83333333333331,234.6953889617989,14.333333333333334,0.0,34.5,48.0,3.6666666666666665,0.0,9.666666666666666,103.5,11.059241576795117,0.0,9.96948071833712,0.0
792.0,139.83333333333334,312.24178077061697,0.4478367148311247,0.0,0.0,0.0,0.0,18.664315441377813,0.0,0.0,0.0,0.0,0.0,0.0,0.0,0.0,0.0,0.0,11.494636400480672,7.169679040897139
793.0,881.5,2262.752940041497,0.38956970705950517,5.0,0.0,0.0,5.0,99.52758789631008,0.0,0.0,0.0,0.0,0.0,0.0,5.0,0.0,1.0053855978904649,0.0,47.16868172826518,46.35352057015444
794.0,185.16666666666663,565.6968994989567,0.3273248745585676,323.66666666666663,22.5,92.83333333333331,208.3333333333333,395.00572536048753,20.5,2.0,66.0,26.83333333333333,14.166666666666666,32.0,16.5,145.66666666666666,38.20465271983767,0.0,23.630299612483245,9.504106361499966
795.0,591.5,1763.4280651385372,0.335426214254751,46.00000000000001,0.5,0.3333333333333333,45.16666666666667,127.62032045872222,0.5,0.0,0.3333333333333333,0.0,0.0,41.333333333333336,0.8333333333333334,3.0,0.0,0.0,50.60684732451949,31.01347313420273
796.0,593.1666666666666,1654.872915109412,0.358436385809994,0.0,0.0,0.0,0.0,58.38887300826008,0.0,0.0,0.0,0.0,0.0,0.0,0.0,0.0,0.0,0.0,27.542006599442477,30.846866408817604
797.0,459.0,1007.86495044434,0.4554181587499788,0.0,0.0,0.0,0.0,45.327366168406,0.0,0.0,0.0,0.0,0.0,0.0,0.0,0.0,0.0,0.0,21.31693535482969,24.01043081357631
798.0,410.6666666666667,902.59970030947,0.4549820551966319,57.99999999999999,1.0,0.6666666666666666,56.33333333333333,100.94163064511338,1.0,0.0,0.6666666666666666,0.0,0.0,52.5,0.6666666666666666,3.1666666666666665,0.0,0.0,21.765866962963404,21.175763682149984
799.0,593.5,1472.601637537233,0.4030282086284819,46.0,9.333333333333334,4.5,32.166666666666664,106.7165069376118,9.333333333333334,0.0,3.333333333333333,1.1666666666666667,10.0,2.1666666666666665,6.166666666666667,13.833333333333334,0.0,0.0,29.7031386790734,31.01336825853841
800.0,0.0,0.0,0.0,10.0,0.0,0.3333333333333333,9.666666666666666,20.51827722846521,0.0,0.0,0.3333333333333333,0.0,0.8333333333333334,0.1666666666666666,0.1666666666666666,8.5,10.05385597890465,0.0,0.4644212495605597,0.0
801.0,77.83333333333333,214.9895051787074,0.362033175845655,719.0,86.5,361.6666666666666,270.8333333333333,760.3286451883307,83.0,3.5,209.16666666666663,152.5,64.33333333333333,28.5,18.83333333333333,159.16666666666666,0.0,0.0,36.993498435263184,4.33514675306751
802.0,290.5,628.5015924913623,0.4622104438088475,1393.0000000000002,331.0,18.166666666666668,1043.8333333333337,1486.191587502792,31.83333333333333,299.1666666666667,6.333333333333333,11.833333333333334,223.5,14.5,168.5,637.3333333333334,0.0,0.0,78.18506824430658,15.006519258485191
803.0,597.5,1268.65404886096,0.47097157852958843,601.0,358.66666666666663,30.333333333333336,212.0,687.6739840916374,230.66666666666663,128.0,12.333333333333334,18.0,27.166666666666668,11.166666666666666,12.833333333333334,160.83333333333334,0.0,0.0,55.6605109574347,31.01347313420273
804.0,268.6666666666667,565.9846921068013,0.4746889278340576,0.0,0.0,0.0,0.0,26.483652635254167,0.0,0.0,0.0,0.0,0.0,0.0,0.0,0.0,0.0,0.0,12.47756799400132,14.006084641252848
805.0,904.6666666666666,2431.678200340295,0.37203387625059325,0.0,0.0,0.0,0.0,89.36824181279468,0.0,0.0,0.0,0.0,0.0,0.0,0.0,0.0,0.0,0.0,42.01445149084339,47.35379032195129
806.0,705.1666666666666,1806.15660881689,0.3904238775443626,1778.3333333333333,176.33333333333331,249.5,1352.5,1932.3634020225504,141.66666666666666,34.666666666666664,186.66666666666663,62.833333333333336,358.8333333333333,22.0,141.33333333333334,830.3333333333334,2.0107711957809298,0.0,115.3366099034948,36.68268758994096
807.0,130.0,334.6725634136657,0.38843937093019465,3272.5,1093.5,182.3333333333333,1996.6666666666663,3437.5225460385614,889.1666666666666,204.33333333333331,67.0,115.33333333333331,239.83333333333331,168.16666666666666,176.33333333333334,1412.3333333333333,0.0,0.0,158.01950371793498,7.003042320626424
808.0,800.6666666666666,1952.478650534818,0.410077040508151,1555.5,722.1666666666666,77.33333333333334,756.0,1706.9430401083334,516.1666666666666,206.0,21.5,55.833333333333336,72.0,60.66666666666666,108.66666666666669,514.6666666666666,0.0,0.0,109.42478618457493,42.01825392375854
809.0,359.3333333333333,879.5394156148105,0.4085471633834104,499.3333333333333,90.66666666666666,44.16666666666666,364.5,558.0656762784328,36.16666666666666,54.5,8.5,35.666666666666664,40.833333333333336,103.83333333333331,71.5,148.33333333333334,0.0,0.0,39.89072193795555,18.84162100714386
810.0,312.0,667.6155563413903,0.46733482621315137,620.5,160.5,65.83333333333333,394.1666666666667,679.8150556185863,148.33333333333334,12.166666666666666,20.33333333333333,45.5,42.66666666666666,34.666666666666664,30.666666666666668,286.1666666666667,0.0,0.0,43.30810174286876,16.00695387571754
811.0,448.8333333333333,956.1451116511148,0.46941968103384174,0.0,0.0,0.0,0.0,44.18810772665496,0.0,0.0,0.0,0.0,0.0,0.0,0.0,0.0,0.0,0.0,20.84474821827999,23.343359508374977
812.0,297.0,631.9024819077284,0.47000923165129854,122.0,1.1666666666666667,3.666666666666667,117.16666666666666,157.466204232305,1.1666666666666667,0.0,2.333333333333333,1.3333333333333333,0.3333333333333333,107.83333333333331,1.5,7.5,0.0,0.0,19.45925035658745,16.00695387571754
813.0,0.0,0.0,0.0,21.833333333333336,1.0,1.1666666666666667,19.666666666666668,26.868862490219342,1.0,0.0,0.3333333333333333,0.8333333333333334,0.8333333333333334,1.3333333333333333,0.5,17.0,4.02154239156186,0.0,1.01398676532415,0.0
814.0,321.8333333333333,799.1334151491001,0.4027279140533581,13.833333333333334,0.0,3.8333333333333335,10.0,48.4403171191187,0.0,0.0,3.8333333333333335,0.0,1.0,0.0,9.0,0.0,2.0107711957809298,0.0,15.588824097054554,17.007388492949886
815.0,463.5,1102.1689288769007,0.4205344460874087,13.166666666666668,2.333333333333333,5.0,5.833333333333334,59.31663639958019,2.333333333333333,0.0,1.8333333333333333,3.1666666666666665,0.6666666666666666,0.6666666666666666,1.1666666666666667,3.333333333333333,0.0,0.0,22.139538919337213,24.01043081357631
816.0,2.0,4.232673179624304,0.47251462967370467,108.66666666666666,1.0,52.5,55.16666666666666,114.81171429019344,1.0,0.0,0.8333333333333334,51.66666666666666,1.1666666666666667,0.6666666666666666,2.1666666666666665,51.16666666666666,1.0053855978904649,0.0,5.139662025636308,0.0
817.0,492.3333333333333,1345.9859224335007,0.3657789618209453,83.0,13.166666666666666,6.833333333333333,63.0,141.7632339963749,12.166666666666666,1.0,1.8333333333333333,5.0,7.166666666666667,8.0,5.833333333333333,42.0,6.032313587342789,0.0,26.719620360991133,26.011300048041004
818.0,584.5,1597.6545586696425,0.3658487980572657,57.0,0.3333333333333333,2.1666666666666665,54.5,120.63955163692768,0.3333333333333333,0.0,0.3333333333333333,1.8333333333333333,3.1666666666666665,1.5,0.5,49.333333333333336,0.0,0.0,32.792880061477945,30.846671575449733
819.0,647.8333333333334,1755.0975166936971,0.3691152925529405,151.83333333333334,5.333333333333333,2.833333333333333,143.66666666666669,233.98619832539,4.5,0.8333333333333334,1.6666666666666667,1.1666666666666667,12.5,84.5,9.666666666666666,37.0,0.0,0.0,48.1380880061569,34.01477698589977
820.0,1274.1666666666667,3487.229577964443,0.3653807809838606,38.16666666666667,10.0,4.5,23.666666666666668,165.9782403312199,10.0,0.0,4.0,0.5,2.6666666666666665,8.333333333333334,2.333333333333333,10.333333333333334,0.1674948240165631,0.0,60.94865243452248,66.69542640601416
821.0,634.5,1723.902458871468,0.36806026740942627,105.0,26.5,24.33333333333333,54.16666666666666,173.03643853804698,15.833333333333334,10.666666666666666,11.166666666666666,13.166666666666666,6.5,18.5,7.166666666666667,22.0,0.1674948240165631,0.0,34.354451624228425,33.51449208980198
822.0,360.0,948.17756530865,0.37967572021471857,44.66666666666667,9.833333333333334,7.0,27.83333333333333,91.9007287197005,1.8333333333333333,8.0,4.166666666666667,2.833333333333333,1.1666666666666667,0.1666666666666666,1.0,25.5,0.0,9.432,18.793804325619245,19.008257727414577
823.0,115.83333333333331,278.9247078301073,0.4152853084778967,258.0,67.5,33.0,157.5,282.36993222559084,36.66666666666666,30.83333333333333,21.0,12.0,31.666666666666668,33.333333333333336,17.5,75.0,1.0053855978904649,0.0,17.36177395383866,6.002772673861746
824.0,1.3333333333333333,3.694712788851962,0.3608760435605152,3282.6666666666665,1450.6666666666663,209.0,1623.0,3435.157332308558,1071.8333333333333,378.8333333333333,106.83333333333331,102.16666666666669,182.5,314.8333333333333,135.66666666666666,990.0,0.0,0.0,152.49066564189164,0.0
825.0,800.6666666666666,1698.9470392178048,0.4712722928875367,1997.1666666666663,391.3333333333333,140.66666666666666,1465.1666666666663,2169.1253620335538,289.0,102.33333333333331,71.33333333333333,69.33333333333333,178.5,233.66666666666663,235.5,817.5,0.0,0.0,129.94044144312855,42.01825392375854
826.0,818.9999996930054,1842.5547354655703,0.44449154422870557,2008.6666659137368,224.49999991584826,50.666666647674745,1733.4999993502136,2183.0079632629745,73.6666666390534,150.83333327679486,18.999999992878028,31.66666665479671,145.3333332788565,266.83333323331334,398.66666651723017,922.6666663208136,0.0,0.0,131.32260882437225,43.01868852486573
827.0,642.5,1679.20040422516,0.38262258535869714,1660.833333333333,285.0,100.16666666666666,1275.6666666666663,1801.8197516676464,203.16666666666663,81.83333333333333,33.666666666666664,66.5,84.83333333333333,157.16666666666666,303.3333333333333,730.3333333333334,0.0,0.0,106.97164134841285,34.01477698589977
828.0,751.1666666666666,1956.058939601138,0.3840204665917878,0.0,0.0,0.0,0.0,73.90275180104867,0.0,0.0,0.0,0.0,0.0,0.0,0.0,0.0,0.0,0.0,34.88580172898717,39.0169500720615
829.0,520.0,1396.4568948280903,0.37237096392009594,0.0,0.0,0.0,0.0,51.16158818699563,0.0,0.0,0.0,0.0,0.0,0.0,0.0,0.0,0.0,0.0,24.14985352172228,27.011734665273348
830.0,770.5,1983.8327548333796,0.38838959490046004,1801.6666666666663,514.5,117.66666666666669,1169.5,1961.1413073087228,324.8333333333333,189.66666666666663,46.5,71.16666666666667,223.5,151.66666666666666,151.16666666666666,643.1666666666666,0.0,0.0,119.45725595276268,40.01738468929385
831.0,439.0,1141.909355487317,0.38444382462621474,2336.833333333333,506.8333333333333,164.16666666666666,1665.8333333333337,2513.9114797275943,332.8333333333333,174.0,51.833333333333336,112.33333333333331,181.16666666666663,352.6666666666667,261.6666666666667,870.3333333333334,0.0,25.152,128.916150197917,23.009996196343963
832.0,647.3333256833772,1769.261530738408,0.36587769215397464,2459.6666375991967,382.4999954797504,140.99999833371191,1936.166643785734,2637.809825504873,279.99999669105915,102.49999878869129,61.499999273214776,79.49999906049715,157.6666648034178,160.999998097359,661.9999921767184,955.4999887082392,0.0,0.0,144.29521287853285,33.84797502714338
833.0,422.8333435003965,1164.6776092190346,0.36304754221550123,3701.8334223442284,360.3333419975787,98.5000023684408,3243.0000779782085,3915.235389778387,214.1666718163222,146.16667018125648,42.500001021916084,56.000001346524726,261.6666729584638,101.8333357819244,1830.6667106852012,1048.8333585526193,0.0,0.0,191.55926676519482,21.84270066896419
834.0,350.0,898.2446318068447,0.3896488635795852,62.0,0.6666666666666666,0.8333333333333333,60.5,99.1419785920773,0.6666666666666666,0.0,0.5,0.3333333333333333,0.5,55.16666666666666,1.3333333333333333,3.5,0.0,0.0,19.13415548189506,18.00782311018223
835.0,649.8333333333334,1976.1674210885997,0.3288351616359324,99.83333333333331,2.333333333333333,7.0,90.5,168.66405777174808,0.5,1.8333333333333333,1.3333333333333333,5.666666666666667,18.33333333333333,47.5,3.1666666666666665,21.5,0.0,0.0,34.81594745251497,34.01477698589977
836.0,265.3333333333333,619.7136712238615,0.4281547199198159,1549.3333333333337,638.8333333333334,144.5,766.0,1647.6127653270482,261.6666666666667,377.1666666666667,63.0,81.5,85.83333333333333,130.5,83.0,466.6666666666667,0.0,0.0,84.27334735246204,14.006084641252848
837.0,349.3333333333333,682.6244580009644,0.5117503910661809,2373.0,715.5,118.16666666666666,1539.3333333333337,2517.435701139779,590.6666666666666,124.83333333333331,46.333333333333336,71.83333333333333,103.33333333333331,198.83333333333331,245.5,991.6666666666666,0.0,0.0,126.427878029597,18.00782311018223
838.0,517.3333410400841,1049.2104177545486,0.49306919973902563,480.5000071580419,43.333333978873014,18.166666937296764,419.00000624187214,553.8532679605268,27.666667078818925,15.66666690005409,5.833333420232906,12.333333517063858,43.16666730972349,179.00000266657545,63.33333427681441,133.50000198875878,0.0,0.0,46.34152573481581,27.01173506766904
839.0,345.16664213022034,665.0555245633135,0.5190042475879927,123.99999118536162,1.6666665481903444,1.49999989337131,120.83332474379998,163.7969339579258,1.6666665481903444,0.0,1.3333332385522754,0.16666665481903437,0.16666665481903437,112.1666586932102,2.6666664771045507,5.833332918666205,0.0,0.0,21.789120942482327,18.007821830081838
840.0,483.0,1240.6247334507136,0.3893199828900462,205.5,15.666666666666666,23.333333333333336,166.5,262.4860776838174,13.166666666666666,2.5,4.666666666666667,18.666666666666668,15.333333333333334,55.5,25.0,70.66666666666667,0.0,0.0,31.97521225300875,25.010865430808654
841.0,385.3333333333333,1008.3733301233932,0.3821336025281238,119.83333333333334,15.0,5.166666666666666,99.66666666666669,163.3029127422485,14.833333333333334,0.1666666666666666,0.8333333333333334,4.333333333333333,4.166666666666667,67.16666666666667,1.5,26.83333333333333,0.0,0.0,23.460887064268235,20.008692344646928
842.0,546.5,1319.4976639019094,0.4141727681305137,25.0,0.1666666666666666,3.8333333333333335,21.0,80.55417989074785,0.1666666666666666,0.0,3.8333333333333335,0.0,7.0,0.1666666666666666,3.0,10.833333333333334,0.0,0.0,26.541575991009807,29.01260389973804
843.0,320.0,854.4330304372926,0.3745173566572284,0.0,0.0,0.0,0.0,31.53512442945297,0.0,0.0,0.0,0.0,0.0,0.0,0.0,0.0,0.0,0.0,14.861189120023688,16.673935309429286
844.0,508.1666666666667,1030.124171050297,0.4933062255480799,1047.5,369.6666666666667,52.5,625.3333333333333,1146.4688557219538,229.83333333333331,139.83333333333334,21.83333333333333,30.666666666666668,39.66666666666666,116.5,117.16666666666669,352.0,0.0,0.0,72.12381768050838,26.84503804144542
845.0,298.6666666666667,699.9338374257844,0.42670699814299945,1105.0,229.33333333333331,36.66666666666667,839.0,1185.86473197463,203.5,25.83333333333333,16.5,20.166666666666668,115.0,40.16666666666666,372.6666666666667,311.1666666666667,0.0,0.0,65.19135122153303,15.673380753097131
846.0,460.1666666666667,1064.6123645271643,0.4322387020848143,352.66666666666663,145.83333333333334,53.16666666666667,153.66666666666666,415.43295158945705,127.0,18.83333333333333,7.333333333333333,45.833333333333336,18.5,21.33333333333333,16.0,97.83333333333331,1.0053855978904649,0.0,37.75046851132361,24.01043081357631
847.0,559.0,1572.258987929686,0.35553938905197685,807.0,192.5,74.16666666666667,540.3333333333334,899.4520296447835,170.0,22.5,26.33333333333333,47.833333333333336,66.0,82.16666666666667,48.16666666666666,344.0,0.0,0.0,63.43942574504542,29.01260389973804
848.0,963.0,2481.588397549355,0.3880579071658266,0.0,0.0,0.0,0.0,94.7454971942992,0.0,0.0,0.0,0.0,0.0,0.0,0.0,0.0,0.0,0.0,44.7237663326819,50.02173086161731
849.0,216.00000000000057,571.9812165074331,0.37763477849660043,84.83333333333356,1.3333333333333368,0.6666666666666684,82.83333333333356,109.80932708725447,1.3333333333333368,0.0,0.6666666666666684,0.0,0.3333333333333342,78.00000000000021,0.8333333333333356,3.6666666666666763,0.0,0.0,13.971212964365073,11.00478078955584
850.0,365.3333333333333,1011.065317925564,0.36133504616981593,71.33333333333334,1.5,1.1666666666666667,68.66666666666667,110.62214519025562,1.5,0.0,1.0,0.1666666666666666,0.3333333333333333,63.333333333333336,1.8333333333333333,3.1666666666666665,0.0,0.0,20.280554129507703,19.008257727414577
851.0,219.83333333333331,608.0741139265671,0.3615239134482891,3.0,0.0,0.0,3.0,25.02054520241857,0.0,0.0,0.0,0.0,0.0,0.0,3.0,0.0,0.0,0.0,10.34882797821134,11.67171722420723
852.0,544.0,1486.436858435494,0.36597585488600665,168.83333333333331,2.5,9.0,157.33333333333331,230.28435136382012,2.5,0.0,2.5,6.5,11.5,70.83333333333333,6.166666666666667,68.83333333333333,0.0,0.0,33.10548543595014,28.34553259453671
853.0,933.5,2472.6786794525865,0.3775258013737,0.0,0.0,0.0,0.0,139.5448978869769,0.0,0.0,0.0,0.0,0.0,0.0,0.0,0.0,0.0,0.0,90.35693490048244,49.18796298649448
854.0,318.0,703.8804183714193,0.45178128514465893,111.83333333333331,10.166666666666666,5.666666666666666,96.0,148.80306280533313,9.166666666666666,1.0,2.5,3.1666666666666665,39.833333333333336,8.833333333333334,5.833333333333333,41.5,0.0,0.0,19.962340979049905,17.007388492949886
855.0,376.1666666666667,882.7455947285353,0.42613259008372245,491.6666666666666,208.16666666666663,26.666666666666664,256.8333333333333,551.9793092300141,119.83333333333331,88.33333333333333,18.5,8.166666666666666,28.166666666666668,28.5,33.5,166.66666666666666,0.0,0.0,40.3039502187006,20.008692344646928
856.0,577.0,1442.1620571979774,0.4000937322682526,338.0,45.5,33.5,259.0,410.5075650412383,39.66666666666666,5.833333333333333,10.666666666666666,22.83333333333333,19.166666666666668,37.66666666666666,17.0,185.16666666666663,0.0,0.0,42.49452652426789,30.013038516970383
857.0,723.8333333333334,2004.774734175074,0.3610546965672813,0.0,0.0,0.0,0.0,71.63286426529591,0.0,0.0,0.0,0.0,0.0,0.0,0.0,0.0,0.0,0.0,33.616348810466754,38.016515454829154
858.0,800.3333333333334,2301.987187519219,0.34767062895594486,6.000000000000001,0.0,0.0,6.000000000000001,85.29953626529984,0.0,0.0,0.0,0.0,0.0,5.166666666666667,0.1666666666666666,0.6666666666666666,0.0,0.0,37.44797896536922,41.85155729993061
859.0,0.0,0.0,0.0,0.0,0.0,0.0,0.0,8.043084783123719,0.0,0.0,0.0,0.0,0.0,0.0,0.0,0.0,8.043084783123719,0.0,0.0,0.0
860.0,92.16666666666669,213.8493044277133,0.43098885410600646,1719.1666666666667,424.0,188.0,1107.1666666666667,1814.3571162114151,424.0,0.0,171.16666666666666,16.833333333333332,136.0,498.5,140.5,332.1666666666667,6.032313587342789,0.0,84.15596287124394,5.002173086161731
861.0,2019.3333333333333,5598.63278177641,0.3606832975197583,233.83333333333331,60.16666666666666,18.83333333333333,154.83333333333334,444.52685954389307,60.16666666666666,0.0,17.5,1.3333333333333333,23.33333333333333,44.16666666666666,29.166666666666668,58.16666666666666,0.3354063018242123,0.0,104.6448434847232,105.71327642401234
862.0,242.16666666666663,693.0431741762844,0.34942508012504925,4660.166666666667,1231.1666666666663,552.6666666666667,2876.333333333333,4920.054243233993,1123.8333333333333,107.33333333333331,461.1666666666667,91.5,343.0,1249.6666666666667,424.8333333333333,858.8333333333334,19.437524334847502,0.0,227.7773608172702,12.672691415207495
863.0,298.0,831.850268508391,0.3582375474066389,501.1666666666666,170.33333333333331,182.8333333333333,148.0,554.3011474166569,45.0,125.33333333333331,109.5,73.33333333333333,20.666666666666668,1.5,44.0,81.83333333333333,0.0,0.0,37.1275268742728,16.00695387571754
864.0,444.1666666666667,1049.846037863984,0.4230779091859677,1006.1666666666669,111.66666666666666,384.3333333333333,510.1666666666667,1096.8554311937,73.0,38.66666666666666,360.3333333333333,24.0,134.83333333333334,162.33333333333334,51.0,162.0,0.0,0.0,67.34540501865821,23.343359508374977
865.0,194.0,296.2066063618485,0.6549482551479894,3241.9999999999995,634.6666666666666,212.5,2394.833333333333,3412.417515805984,472.0,162.66666666666666,91.0,121.5,438.3333333333333,144.0,696.0,1116.5,0.0,0.0,160.41316963366037,10.004346172323462
866.0,601.0,1542.443857408248,0.38964141035891825,508.8333333333333,44.0,299.3333333333333,165.5,596.7315806964566,39.16666666666666,4.833333333333333,187.66666666666663,111.66666666666669,15.166666666666666,77.5,11.166666666666666,61.66666666666666,0.0,0.0,56.718137508649725,31.180109854473447
867.0,3.0,9.698019538872911,0.30934150915813224,2162.1666666666665,393.5,951.3333333333331,817.3333333333333,2263.730320960785,225.33333333333331,168.16666666666666,525.5,425.8333333333333,88.0,15.333333333333334,203.16666666666663,510.8333333333333,1.0053855978904649,0.0,100.55826869622815,0.0
868.0,820.0,2495.9933335046444,0.32852651847776826,881.5,87.5,171.66666666666669,622.3333333333334,1003.5409476145452,52.5,35.0,73.66666666666667,98.0,59.333333333333336,147.83333333333334,35.166666666666664,380.0,0.0,0.0,79.02225907355437,43.01868854099089
869.0,12.0,32.09405861661874,0.37390098096805485,450.83333333333337,80.16666666666667,256.6666666666667,114.0,473.3287908362326,31.33333333333333,48.833333333333336,174.33333333333334,82.33333333333333,12.333333333333334,2.0,19.166666666666668,80.5,0.0,0.0,21.495022885666888,1.0004346172323462
870.0,331.3333333333333,926.8476360345452,0.3574841435113548,505.0,109.33333333333334,95.5,300.16666666666663,560.8446855204908,81.66666666666667,27.666666666666668,45.333333333333336,50.16666666666666,44.833333333333336,78.66666666666667,34.166666666666664,142.5,0.0,0.0,38.83729702754087,17.007388492949886
871.0,336.0,862.2835812613058,0.389662991737029,706.8333333333333,202.0,55.33333333333333,449.5,775.7827307035246,128.16666666666666,73.83333333333333,32.666666666666664,22.666666666666668,52.833333333333336,175.5,41.66666666666666,179.5,0.0,0.0,51.274982544147285,17.674414826044103
872.0,183.66666666666663,384.88879445388847,0.4771941124637516,1953.0,1050.1666666666663,79.66666666666666,823.1666666666667,2062.0692693010155,711.1666666666666,339.0,54.16666666666666,25.5,139.0,155.0,152.5,376.6666666666667,0.0,0.0,99.23172468744504,9.837544613570463
873.0,319.0,743.7058126437191,0.42893304661156473,80.66666666666666,24.33333333333333,7.333333333333334,49.0,116.2355646171976,19.5,4.833333333333333,3.8333333333333335,3.5,1.8333333333333333,3.5,2.5,41.16666666666666,0.0,0.0,18.561509457581053,17.007388492949886
874.0,1371.5,3561.249716534312,0.38511761577188625,166.83333333333334,17.5,13.833333333333332,135.5,310.3073957716914,15.166666666666666,2.333333333333333,8.5,5.333333333333333,11.833333333333334,16.833333333333332,8.333333333333334,98.5,0.0,0.0,71.44276999762918,72.03129244072893
875.0,0.0,0.0,0.0,0.0,0.0,0.0,0.0,0.0,0.0,0.0,0.0,0.0,0.0,0.0,0.0,0.0,0.0,0.0,0.0,0.0
876.0,1913.8333333333333,5046.851340501763,0.37921333604073587,2651.0,290.6666666666667,679.1666666666666,1681.1666666666663,2965.381823275471,247.83333333333331,42.833333333333336,327.8333333333333,351.3333333333333,174.0,730.6666666666666,188.66666666666663,587.8333333333334,0.0,0.0,214.33819671375417,100.0436265617169
877.0,0.0,0.0,0.0,2610.5,497.3333333333333,1283.3333333333333,829.8333333333334,2738.0266785489266,442.5,54.833333333333336,570.1666666666666,713.1666666666666,109.0,122.16666666666669,86.16666666666667,512.5,0.0,6.288,121.23867854892656,0.0
878.0,0.0,0.0,0.0,1274.3333333333337,15.166666666666668,1110.0,149.16666666666666,1333.5142996952602,14.333333333333334,0.8333333333333334,157.16666666666666,952.8333333333334,4.5,2.833333333333333,8.666666666666666,133.16666666666666,0.0,0.0,59.1809663619267,0.0
879.0,138.0,252.61055655404763,0.546295459233803,1093.5,99.83333333333334,630.5,363.1666666666666,1283.457020754576,81.16666666666667,18.666666666666668,431.8333333333333,198.66666666666663,39.16666666666666,51.66666666666666,28.83333333333333,243.5,0.0,125.76,57.1939784339496,7.003042320626424
880.0,448.8333333333333,825.9075222091152,0.5434426025480504,1283.3333333333333,434.33333333333337,93.66666666666666,755.3333333333333,1387.1280312381896,261.1666666666667,173.16666666666666,60.5,33.166666666666664,104.5,69.0,108.33333333333331,473.5,0.0,0.0,80.45133839648115,23.343359508374977
881.0,0.0,0.0,0.0,2212.5,203.8333333333333,929.1666666666669,1079.5,2315.252431010937,167.66666666666666,36.16666666666666,611.5,317.6666666666667,79.16666666666667,25.33333333333333,19.83333333333333,955.1666666666666,0.0,0.0,102.75243101093756,0.0
882.0,0.0,0.0,0.0,602.0,10.166666666666666,325.83333333333337,266.0,629.9577920366538,9.166666666666666,1.0,186.33333333333331,139.5,10.0,7.333333333333333,3.8333333333333335,244.83333333333331,0.0,0.0,27.9577920366538,0.0
883.0,639.5,1712.0427989757616,0.37353038159010055,383.00000000000006,90.66666666666669,29.5,262.83333333333337,464.1682929077416,65.16666666666667,25.5,13.333333333333334,16.166666666666668,52.0,33.833333333333336,23.0,154.0,0.0,0.0,47.48708904446218,33.681203863279364
884.0,671.0,1525.246463729811,0.43992890064412826,226.66666666666669,21.666666666666668,20.5,184.5,303.3714168389102,20.166666666666668,1.5,15.666666666666666,4.833333333333333,48.333333333333336,80.16666666666667,7.833333333333333,48.16666666666666,0.0,0.0,41.68953856911141,35.01521160313212
885.0,233.0,513.4502965948708,0.4537927069966125,339.0,49.0,21.5,268.5,377.57014645894094,47.0,2.0,10.333333333333334,11.166666666666666,15.333333333333334,76.83333333333333,19.666666666666668,156.66666666666666,0.0,0.0,26.56493105215276,12.005215406788151
886.0,434.0,1090.7925834708078,0.39787582586879117,7.0,0.1666666666666666,0.0,6.833333333333333,50.49097330196464,0.1666666666666666,0.0,0.0,0.0,3.1666666666666665,0.0,0.5,3.1666666666666665,0.0,0.0,20.48097710562068,23.009996196343963
887.0,353.0,880.6640711129256,0.40083388385982605,0.0,0.0,0.0,0.0,34.5685299399407,0.0,0.0,0.0,0.0,0.0,0.0,0.0,0.0,0.0,0.0,16.394070109487757,18.174459830452943
888.0,0.0,0.0,0.0,805.6666666666667,94.33333333333334,236.0,475.3333333333333,843.0835138421968,80.66666666666667,13.666666666666666,127.16666666666669,108.83333333333331,100.0,94.33333333333331,47.833333333333336,233.16666666666663,0.0,0.0,37.41684717553017,0.0
889.0,0.0,0.0,0.0,244.83333333333331,3.8333333333333335,233.66666666666663,7.333333333333334,256.20436851032684,3.8333333333333335,0.0,10.166666666666666,223.5,1.6666666666666667,0.0,1.8333333333333333,3.8333333333333335,0.0,0.0,11.371035176993482,0.0
890.0,0.0,0.0,0.0,730.5,63.5,510.5,156.5,764.4254424044633,63.5,0.0,358.1666666666667,152.33333333333334,3.5,0.8333333333333334,4.166666666666667,148.0,0.0,0.0,33.92544240446331,0.0
891.0,917.0,2112.594873893952,0.4340633461397065,468.33333333333337,94.83333333333334,39.333333333333336,334.1666666666667,580.6919518691094,75.66666666666667,19.166666666666668,24.0,15.333333333333334,14.666666666666666,100.5,22.666666666666668,196.33333333333331,0.0,0.0,64.33775690862342,48.02086162715262
892.0,718.5,1622.1099717160896,0.4429416084779212,108.83333333333331,4.333333333333333,3.5,101.0,185.2730328586208,1.8333333333333333,2.5,0.5,3.0,30.5,3.1666666666666665,2.5,64.83333333333333,0.0,0.0,38.423184070458326,38.016515454829154
893.0,0.0,0.0,0.0,1073.3333333333333,146.5,563.5,363.3333333333333,1123.179889328777,112.5,34.0,453.8333333333333,109.66666666666669,64.83333333333333,43.0,52.833333333333336,202.66666666666663,0.0,0.0,49.84655599544387,0.0
894.0,1331.0,3374.2619590464287,0.39445662967321676,47.5,10.666666666666666,5.833333333333333,31.0,272.7267072968389,10.666666666666666,0.0,4.833333333333333,1.0,0.8333333333333334,0.1666666666666666,0.3333333333333333,29.666666666666668,0.0,91.176,64.02028409057469,70.03042320626423
895.0,350.6666666666667,892.2181942109311,0.39302792628746247,68.0,2.5,3.0,62.5,105.45188174871151,2.5,0.0,3.0,0.0,7.166666666666667,0.3333333333333333,3.5,51.5,0.0,0.0,19.4440586385293,18.00782311018223
896.0,518.8333333333334,1515.9850180424244,0.34224172874960035,87.0,0.5,0.6666666666666666,85.83333333333333,142.14789088619375,0.5,0.0,0.6666666666666666,0.0,12.5,0.1666666666666666,0.8333333333333334,72.33333333333333,0.0,0.0,28.13615622092041,27.011734665273348
897.0,0.0,0.0,0.0,0.0,0.0,0.0,0.0,0.0,0.0,0.0,0.0,0.0,0.0,0.0,0.0,0.0,0.0,0.0,0.0,0.0
898.0,0.0,0.0,0.0,0.0,0.0,0.0,0.0,9.048470380938925,0.0,0.0,0.0,0.0,0.0,0.0,0.0,0.0,9.048470380938925,0.0,0.0,0.0
899.0,0.0,0.0,0.0,0.0,0.0,0.0,0.0,35.18849592616628,0.0,0.0,0.0,0.0,0.0,0.0,0.0,0.0,35.18849592616628,0.0,0.0,0.0
900.0,0.0,0.0,0.0,5.0,0.0,0.0,5.0,5.0,0.0,0.0,0.0,0.0,0.0,5.0,0.0,0.0,0.0,0.0,0.0,0.0
901.0,0.0,0.0,0.0,0.0,0.0,0.0,0.0,0.0,0.0,0.0,0.0,0.0,0.0,0.0,0.0,0.0,0.0,0.0,0.0,0.0
902.0,0.0,0.0,0.0,0.0,0.0,0.0,0.0,0.0,0.0,0.0,0.0,0.0,0.0,0.0,0.0,0.0,0.0,0.0,0.0,0.0
903.0,6.999999990979051,18.16293503276714,0.38540026589042936,0.0,0.0,0.0,0.0,0.32509487427343975,0.0,0.0,0.0,0.0,0.0,0.0,0.0,0.0,0.0,0.0,0.32509487427343975,0.0
904.0,78.5,177.98379306413926,0.4410513937733156,0.0,0.0,0.0,0.0,7.647861280544347,0.0,0.0,0.0,0.0,0.0,0.0,0.0,0.0,0.0,0.0,3.646122811614962,4.001738468929385
905.0,1.0,2.2392857730722904,0.4465709611632125,0.0,0.0,0.0,0.0,0.0464421249560559,0.0,0.0,0.0,0.0,0.0,0.0,0.0,0.0,0.0,0.0,0.0464421249560559,0.0
906.0,0.0,0.0,0.0,0.0,0.0,0.0,0.0,0.0,0.0,0.0,0.0,0.0,0.0,0.0,0.0,0.0,0.0,0.0,0.0,0.0
907.0,0.0,0.0,0.0,1109.8333333333333,34.666666666666664,746.6666666666666,328.5,1162.8138927359032,11.166666666666666,23.5,645.0,101.66666666666669,12.833333333333334,209.33333333333331,10.333333333333334,96.0,0.0,0.0,52.9805594025698,0.0
908.0,0.0,0.0,0.0,253.0,6.5,172.16666666666666,74.33333333333334,265.07755409856424,0.3333333333333333,6.166666666666667,172.16666666666666,0.0,0.6666666666666666,71.83333333333333,0.6666666666666666,1.1666666666666667,0.0,0.0,12.07755409856427,0.0
909.0,0.0,0.0,0.0,89.0,3.833333333333333,63.16666666666666,22.0,93.24862575008784,0.1666666666666666,3.6666666666666665,63.0,0.1666666666666666,0.1666666666666666,21.33333333333333,0.3333333333333333,0.1666666666666666,0.0,0.0,4.248625750087826,0.0
910.0,0.0,0.0,0.0,0.0,0.0,0.0,0.0,0.0,0.0,0.0,0.0,0.0,0.0,0.0,0.0,0.0,0.0,0.0,0.0,0.0
911.0,0.0,0.0,0.0,916.0,17.333333333333336,628.5,270.1666666666667,959.7274290683196,0.6666666666666666,16.666666666666668,628.3333333333334,0.1666666666666666,2.5,263.0,1.6666666666666667,3.0,0.0,0.0,43.72742906831965,0.0
912.0,0.0,0.0,0.0,0.0,0.0,0.0,0.0,0.0,0.0,0.0,0.0,0.0,0.0,0.0,0.0,0.0,0.0,0.0,0.0,0.0
913.0,207.0,345.6961460431367,0.598791749255342,0.0,0.0,0.0,0.0,30.715236513797528,0.0,0.0,0.0,0.0,0.0,0.0,0.0,0.0,0.0,0.0,9.881635171552585,20.833601342244943
914.0,34.5,72.80650872532327,0.4738587332920738,1823.1666666666663,393.1666666666667,78.66666666666667,1351.3333333333333,1915.3488788523107,220.33333333333331,172.83333333333334,56.0,22.666666666666668,288.8333333333333,167.0,156.33333333333334,739.1666666666666,0.0,0.0,88.68220719965205,3.50000498599202
915.0,0.0,0.0,0.0,0.0,0.0,0.0,0.0,0.0,0.0,0.0,0.0,0.0,0.0,0.0,0.0,0.0,0.0,0.0,0.0,0.0
916.0,0.0,0.0,0.0,0.0,0.0,0.0,0.0,0.0,0.0,0.0,0.0,0.0,0.0,0.0,0.0,0.0,0.0,0.0,0.0,0.0
917.0,0.0,0.0,0.0,0.0,0.0,0.0,0.0,0.0,0.0,0.0,0.0,0.0,0.0,0.0,0.0,0.0,0.0,0.0,0.0,0.0
918.0,0.0,0.0,0.0,0.0,0.0,0.0,0.0,0.0,0.0,0.0,0.0,0.0,0.0,0.0,0.0,0.0,0.0,0.0,0.0,0.0
919.0,0.0,0.0,0.0,0.0,0.0,0.0,0.0,0.0,0.0,0.0,0.0,0.0,0.0,0.0,0.0,0.0,0.0,0.0,0.0,0.0
920.0,0.0,0.0,0.0,0.0,0.0,0.0,0.0,0.0,0.0,0.0,0.0,0.0,0.0,0.0,0.0,0.0,0.0,0.0,0.0,0.0
921.0,0.0,0.0,0.0,0.0,0.0,0.0,0.0,21.898731192778005,0.0,0.0,0.0,0.0,0.0,0.0,0.0,0.0,21.898731192778005,0.0,0.0,0.0
922.0,0.0,0.0,0.0,0.0,0.0,0.0,0.0,0.0,0.0,0.0,0.0,0.0,0.0,0.0,0.0,0.0,0.0,0.0,0.0,0.0
923.0,77.0,159.76491480897292,0.48195813262296705,0.0,0.0,0.0,0.0,17.526567670862555,0.0,0.0,0.0,0.0,0.0,0.0,0.0,0.0,5.850672342193306,0.0,3.675777334345648,8.0001179943236
924.0,0.0,0.0,0.0,0.0,0.0,0.0,0.0,2177.046916167517,0.0,0.0,0.0,0.0,0.0,0.0,0.0,0.0,0.0,2177.046916167517,0.0,0.0
925.0,0.0,0.0,0.0,0.0,0.0,0.0,0.0,538.1884223469,0.0,0.0,0.0,0.0,0.0,0.0,0.0,0.0,0.0,538.1884223469,0.0,0.0
926.0,389.3333333333333,891.2714535583647,0.4368291296427547,219.5,31.5,102.66666666666669,85.33333333333333,287.2219260657216,8.833333333333334,22.666666666666668,73.5,29.166666666666668,14.5,20.5,6.166666666666667,44.16666666666666,0.0,0.0,29.05459585310972,38.66733021261195
927.0,1275.1666666666667,2639.0190350005296,0.4831972220565703,3856.0,749.0,199.5,2907.5,4227.337750948686,522.1666666666666,226.83333333333331,101.66666666666669,97.83333333333331,669.1666666666666,317.0,178.5,1742.8333333333333,0.0,0.0,244.83644256324197,126.50130838544491
928.0,0.0,0.0,0.0,18.0,0.1666666666666666,16.833333333333332,1.0,18.85927262361327,0.1666666666666666,0.0,16.5,0.3333333333333333,0.0,1.0,0.0,0.0,0.0,0.0,0.8592726236132683,0.0
929.0,1460.3333333333333,3034.038815397838,0.481316628489424,1767.3333333333333,247.3333333333333,170.0,1350.0,2134.124168428684,168.0,79.33333333333333,93.83333333333331,76.16666666666667,387.3333333333333,200.83333333333331,86.5,675.3333333333334,67.03485433463275,0.0,155.08720439257715,144.66877636814073
930.0,0.0,0.0,0.0,642.0,12.166666666666666,461.6666666666666,168.16666666666666,672.6473902422065,0.5,11.666666666666666,460.3333333333333,1.3333333333333333,1.0,163.0,1.0,3.1666666666666665,0.0,0.0,30.64739024220657,0.0
931.0,356.5,755.23171318487,0.4720405589121942,13945.666666666664,1751.0,1343.8333333333333,10850.833333333332,14706.05469278865,1188.8333333333333,562.1666666666666,789.6666666666666,554.1666666666666,3097.0,1378.5,972.0,5403.333333333333,43.12806280438786,0.0,681.7596826119681,35.500280705629585
932.0,2987.0,6084.15321475797,0.4909475311625307,250.0,43.0,13.833333333333334,193.16666666666663,716.577358624683,32.0,11.0,7.166666666666667,6.666666666666667,52.66666666666666,18.0,11.166666666666666,111.33333333333331,15.713769903312697,0.0,154.52586014645274,296.33772857491755
933.0,3568.0,7502.32063972075,0.47558617810992515,2967.666666666667,320.5,241.5,2405.666666666667,3633.3339200830414,224.66666666666663,95.83333333333331,106.66666666666669,134.83333333333334,636.6666666666666,336.8333333333333,271.6666666666667,1160.5,0.0,0.0,311.9953777858719,353.6718756305041
934.0,404.5,827.8110976163357,0.4886380493868095,40.33333333333333,8.333333333333334,3.333333333333333,28.666666666666664,145.59374531218248,4.666666666666667,3.6666666666666665,1.1666666666666667,2.1666666666666665,5.5,3.1666666666666665,1.6666666666666667,18.33333333333333,3.009011034484632,0.0,62.2508011312629,40.00059981310161
935.0,0.0,0.0,0.0,0.0,0.0,0.0,0.0,0.0,0.0,0.0,0.0,0.0,0.0,0.0,0.0,0.0,0.0,0.0,0.0,0.0
936.0,164.16666666666666,365.13313263818674,0.4496076964599668,0.0,0.0,0.0,0.0,30.83713716946106,0.0,0.0,0.0,0.0,0.0,0.0,0.0,0.0,0.0,0.0,14.836901180813856,16.0002359886472
937.0,0.0,0.0,0.0,0.0,0.0,0.0,0.0,0.0,0.0,0.0,0.0,0.0,0.0,0.0,0.0,0.0,0.0,0.0,0.0,0.0
938.0,74.16666666666667,179.64767802185642,0.41284511708324645,0.0,0.0,0.0,0.0,10.540570537391998,0.0,0.0,0.0,0.0,0.0,0.0,0.0,0.0,0.0,0.0,3.5404672923588474,7.000103245033151
939.0,53.66666666666666,119.07212415698962,0.4507072251092985,16943.166666666664,1799.5,1200.3333333333333,13943.333333333332,17780.444748768048,1054.1666666666667,745.3333333333334,817.1666666666666,383.1666666666667,4020.5,3087.0,1626.6666666666667,5209.166666666667,20.895727514616464,0.0,811.3822808403173,5.000073746452251
940.0,0.0,0.0,0.0,613.8333333333334,49.833333333333336,158.0,406.0,643.1356818062176,37.833333333333336,12.0,55.66666666666666,102.33333333333331,39.16666666666666,62.5,22.33333333333333,282.0,0.0,0.0,29.30234847288432,0.0
941.0,2035.0,5045.960622610023,0.4032928816133718,152.0,0.1666666666666666,0.0,151.83333333333334,458.404603125683,0.0,0.1666666666666666,0.0,0.0,0.5,151.0,0.0,0.3333333333333333,0.0,0.0,104.40162376901208,202.0029793566709
942.0,0.0,0.0,0.0,1880.8333333333333,72.0,451.5,1357.3333333333333,1970.6795772946523,55.333333333333336,16.666666666666668,409.6666666666667,41.833333333333336,67.66666666666667,982.6666666666666,36.833333333333336,270.1666666666667,0.0,0.0,89.84624396131899,0.0
943.0,0.0,0.0,0.0,2039.5,255.0,295.66666666666663,1488.8333333333333,2372.7254769593587,198.33333333333331,56.66666666666666,195.16666666666663,100.5,266.3333333333333,251.0,153.16666666666666,818.3333333333334,101.97153865936224,0.0,231.25393829999663,0.0
944.0,0.0,0.0,0.0,1931.1666666666667,241.83333333333331,532.6666666666666,1156.6666666666667,2023.354794900464,183.5,58.333333333333336,203.33333333333331,329.3333333333333,138.5,235.5,123.33333333333331,659.3333333333334,0.0,0.0,92.18812823379726,0.0
945.0,0.0,0.0,0.0,1377.5,178.66666666666666,496.83333333333337,702.0,1443.257088210272,139.5,39.16666666666666,308.0,188.83333333333331,42.333333333333336,130.5,106.83333333333331,422.3333333333333,0.0,0.0,65.75708821027206,0.0
946.0,0.0,0.0,0.0,1937.166666666667,299.83333333333337,426.5,1210.8333333333337,2040.837588177397,204.83333333333331,95.0,166.0,260.5,203.0,197.83333333333331,153.33333333333334,656.6666666666666,0.0,11.212258797726468,92.45866271300407,0.0
947.0,0.0,0.0,0.0,4460.333333333334,5.833333333333333,2239.1666666666665,2215.333333333333,4674.260571312861,4.0,1.8333333333333333,0.0,2239.1666666666665,15.333333333333334,784.3333333333334,0.0,1415.6666666666667,1.0030036781615437,0.0,212.92423430136523,0.0
948.0,0.0,0.0,0.0,3455.833333333333,373.1666666666666,296.33333333333337,2786.333333333333,3621.061452562355,232.5,140.66666666666666,150.5,145.83333333333334,759.3333333333334,540.0,336.0,1151.0,0.0,0.0,165.22811922902136,0.0
949.0,37.16666666666666,59.52458676459431,0.6243918469128068,1907.0,361.83333333333337,230.5,1314.6666666666663,2009.632587365436,238.83333333333331,123.0,112.5,118.0,279.8333333333333,173.33333333333334,159.5,702.0,0.0,0.0,98.96589360712186,3.66669375831404
950.0,0.0,0.0,0.0,1087.1666666666663,98.5,200.0,788.6666666666666,1160.9638896844278,61.16666666666666,37.333333333333336,54.833333333333336,145.16666666666666,176.83333333333334,149.66666666666666,88.83333333333333,373.3333333333333,21.898731192778005,0.0,51.89849182498312,0.0
951.0,1364.0,4010.865970968664,0.34007618551027785,75.0,17.833333333333332,0.0,57.16666666666666,278.6960636752937,17.833333333333332,0.0,0.0,0.0,0.0,57.0,0.0,0.1666666666666666,0.0,0.0,68.69407252108294,135.00199115421077
952.0,152.0,391.38209813862863,0.3883672777137629,144.0,12.666666666666668,5.0,126.33333333333334,173.13048216099716,8.333333333333334,4.333333333333333,0.8333333333333334,4.166666666666667,17.0,34.0,6.166666666666667,69.16666666666667,0.0,0.0,14.130260921640412,15.000221239356751
953.0,0.0,0.0,0.0,519.3333333333333,50.66666666666667,109.66666666666666,359.0,544.1240418553447,40.833333333333336,9.833333333333334,57.5,52.16666666666666,15.833333333333334,178.0,32.333333333333336,132.83333333333334,0.0,0.0,24.79070852201125,0.0
954.0,0.0,0.0,0.0,0.0,0.0,0.0,0.0,0.0,0.0,0.0,0.0,0.0,0.0,0.0,0.0,0.0,0.0,0.0,0.0,0.0
955.0,0.0,0.0,0.0,3039.0,357.1666666666667,529.1666666666666,2152.666666666667,3319.1707101905013,270.1666666666667,87.0,326.3333333333333,202.83333333333331,340.1666666666667,355.1666666666667,263.8333333333333,1193.5,0.0,0.0,280.1707101905011,0.0
956.0,0.0,0.0,0.0,4040.333333333333,405.5,989.6666666666666,2645.1666666666665,4542.741742664115,288.6666666666667,116.83333333333331,793.6666666666666,196.0,521.5,459.3333333333333,320.0,1344.3333333333333,69.87555801775616,0.0,432.5328513130264,0.0
957.0,0.0,0.0,0.0,19010.5,2001.1666666666667,4869.833333333334,12139.5,20504.30421957969,1515.1666666666667,486.0,3251.333333333333,1618.5,1854.0,2064.5,1363.6666666666667,6857.333333333333,4.012014712646175,0.0,1489.7922048670462,0.0
958.0,0.0,0.0,0.0,19670.83333333333,1665.3333333333333,6701.666666666666,11303.833333333332,20635.452571666938,1010.6666666666666,654.6666666666666,738.8333333333334,5962.833333333333,3290.833333333333,2189.6666666666665,1467.3333333333333,4356.0,25.57673085295869,0.0,939.0425074806456,0.0
959.0,0.0,0.0,0.0,2112.5,81.0,1018.1666666666669,1013.3333333333334,2213.345080163319,58.833333333333336,22.166666666666668,560.8333333333334,457.3333333333333,157.33333333333334,187.5,47.0,621.5,0.0,0.0,100.84508016331873,0.0
960.0,603.1666666666666,1606.004629561784,0.37556969361367737,1033.3333333333333,148.66666666666669,48.0,836.6666666666666,1171.4556679781151,90.66666666666669,58.0,27.166666666666668,20.83333333333333,202.5,240.66666666666663,98.5,295.0,0.0,0.0,78.12144968735475,60.00088495742701
961.0,741.3333333333334,1866.407849105546,0.39719792953539534,208.5,8.166666666666668,1.5,198.8333333333333,327.343406230645,5.166666666666667,3.0,0.5,1.0,9.166666666666666,154.33333333333334,10.666666666666666,24.666666666666668,0.0,0.0,45.34232952203703,73.50107670860795
962.0,485.3333333333333,1095.4917823764729,0.4430278174067995,135.66666666666666,35.0,3.666666666666667,97.0,213.31234135795933,25.33333333333333,9.666666666666666,2.5,1.1666666666666667,10.333333333333334,11.0,5.833333333333333,69.83333333333333,0.0,0.0,29.64496672535108,48.00070796594161
963.0,196.1666666890024,344.21119585049235,0.5699020515712891,6548.666667412306,1182.0000001345838,964.8333334431904,4401.833333834532,6916.304411466734,740.3333334176285,441.6666667169554,423.00000004816326,541.8333333950271,1209.6666668044008,536.3333333944009,393.3333333781187,2262.5000002576107,0.0,0.0,348.1373092220832,19.500434832344467
964.0,710.1666666666666,1566.964559213032,0.4532116967746416,0.0,0.0,0.0,0.0,109.2360684260956,0.0,0.0,0.0,0.0,0.0,0.0,0.0,0.0,0.0,0.0,38.901732083636695,70.33433634245893
965.0,0.0,0.0,0.0,15169.833342064638,603.6666670141193,7712.500004439085,6853.666670611434,15894.002439720003,20.833333345324377,582.8333336687949,1.0000000005755703,7711.50000443851,166.50000009583246,5264.50000303009,15.166666675396149,1407.5000008101151,0.0,0.0,724.1690976553642,0.0
966.0,313.8333333333333,809.9799096806593,0.38745816974283287,52.33333333333333,11.5,1.1666666666666667,39.66666666666666,100.98603162571447,6.666666666666667,4.833333333333333,1.0,0.1666666666666666,8.5,4.833333333333333,4.0,22.33333333333333,0.0,0.0,17.485640657297456,31.16705763508371
967.0,374.0,883.4447419669108,0.42334283315481896,140.33333333333334,21.333333333333336,1.6666666666666667,117.33333333333334,201.8868318627115,8.0,13.333333333333334,1.5,0.1666666666666666,7.5,63.333333333333336,19.166666666666668,27.33333333333333,0.0,0.0,24.552952805631488,37.00054572374666
968.0,468.1666666666667,729.8939347982165,0.6414173955234936,29.0,21.0,0.5,7.5,98.90097427910206,7.5,13.5,0.5,0.0,0.8333333333333334,0.1666666666666666,1.0,5.5,0.0,0.0,23.73362914507469,46.16734513402738
969.0,367.0,1021.9983056958796,0.359100399633353,55.0,0.0,0.0,55.0,111.14570026138948,0.0,0.0,0.0,0.0,0.0,54.833333333333336,0.0,0.1666666666666666,0.0,0.0,20.14516928693329,36.000530974456204
970.0,761.0,1006.3171111787408,0.756222856141847,109.0,28.5,2.0,78.5,225.8648151033098,13.333333333333334,15.166666666666666,1.1666666666666667,0.8333333333333334,11.333333333333334,7.0,3.8333333333333335,56.333333333333336,0.0,0.0,41.53034612158172,75.3344689817281
971.0,601.6666666666666,1003.3632925103124,0.5996498687542756,318.3333333333333,49.5,36.83333333333333,232.0,421.9261090829496,33.333333333333336,16.166666666666668,19.83333333333333,17.0,42.66666666666666,45.5,25.33333333333333,118.5,0.0,0.0,43.92526585171032,59.66750989790583
972.0,354.1666666666667,645.8720883580894,0.548354191256376,723.6666666666666,65.83333333333333,120.66666666666669,537.1666666666666,810.2784448091986,43.0,22.83333333333333,102.0,18.666666666666668,146.66666666666666,44.66666666666666,126.66666666666669,219.16666666666663,0.0,0.0,51.44449463169486,35.16728351083719
973.0,720.8333333333334,1365.960872897618,0.527711552823784,0.0,0.0,0.0,0.0,105.57841410779945,0.0,0.0,0.0,0.0,0.0,0.0,0.0,0.0,0.0,0.0,34.410700241510824,71.16771386628862
974.0,953.9999988839922,1908.4428229922937,0.4998839825802025,518.9999993928637,55.16666660213162,31.166666630207295,432.6666661605247,683.9850794556052,39.499999953792134,15.666666648339495,12.999999984792346,18.16666664541495,70.83333325047111,129.99999984792348,63.16666659277306,168.6666664693571,0.0,0.0,70.31705650431782,94.66802355842367
975.0,0.0,0.0,0.0,932.0,101.16666666666666,275.0,555.8333333333334,1009.928717048489,77.33333333333333,23.83333333333333,239.5,35.5,88.0,99.16666666666669,81.66666666666667,287.0,0.0,0.0,77.92871704848909,0.0
976.0,0.0,0.0,0.0,16923.5,1916.3333333333333,1333.6666666666663,13673.5,17805.204038410142,1129.8333333333333,786.5,824.6666666666666,509.0,4200.666666666667,2453.5,1615.0,5404.333333333333,73.88757273040233,0.0,807.8164656797385,0.0
977.0,0.0,0.0,0.0,3010.0000000000005,143.83333333333334,2473.833333333333,392.33333333333337,3153.6894776153304,132.0,11.833333333333334,2195.333333333333,278.5,183.83333333333331,22.166666666666668,5.333333333333333,181.0,0.0,0.0,143.68947761532988,0.0
978.0,0.0,0.0,0.0,17481.167665396115,1966.500112349564,4050.1668980597306,11464.500654986818,18315.638442961244,1113.8333969685682,852.6667153809958,2346.833467412002,1703.3334306477282,2266.333462812897,2055.3334507581,445.0000254236237,6697.833715992197,0.0,0.0,834.4707775651299,0.0
979.0,221.0,565.280114370178,0.3909566149275091,11475.333333333332,1115.8333333333337,1432.3333333333333,8927.166666666666,12375.335615282029,650.3333333333334,465.5,1197.0,235.33333333333331,3448.0,1708.8333333333333,1325.1666666666667,2445.1666666666665,0.0,87.82936058102341,790.1725968832842,22.000324484389903
980.0,703.1666666666666,2072.258734121203,0.33932377993564755,313.66666666666663,59.16666666666666,26.333333333333336,228.16666666666663,432.0432872709172,34.666666666666664,24.5,23.166666666666668,3.1666666666666665,38.66666666666666,31.166666666666668,46.333333333333336,112.0,0.0,0.0,48.542186107095375,69.83443449715519
981.0,600.8333333333334,1190.4275969479097,0.5047206019700704,543.0,71.0,24.0,448.0,661.2742701759863,38.66666666666666,32.333333333333336,7.166666666666667,16.833333333333332,66.83333333333333,189.66666666666663,21.33333333333333,170.16666666666666,1.0030036781615437,0.0,57.603687886428645,59.66757861139616
982.0,346.0,795.2683371737695,0.43507327505281723,256.0,140.16666666666669,10.0,105.83333333333334,318.7383969989413,134.83333333333334,5.333333333333333,4.166666666666667,5.833333333333333,14.333333333333334,15.333333333333334,8.0,68.16666666666667,0.0,0.0,28.737895523065973,34.0005014758753
983.0,264.6666666666667,579.5692849538283,0.4566609610579199,0.0,0.0,0.0,0.0,38.63519579877835,0.0,0.0,0.0,0.0,0.0,0.0,0.0,0.0,0.0,0.0,12.634812317226642,26.000383481551705
984.0,1399.3333333333333,2704.5494722155768,0.5173997916137191,12487.666666666668,1286.0,476.8333333333333,10724.833333333334,13289.54974566468,755.1666666666666,530.8333333333334,359.5,117.33333333333331,2544.5,3952.5,1156.1666666666667,3071.6666666666665,0.0,0.0,663.2143131958477,138.66876580216794
985.0,2217.0,5197.128902822969,0.4265816841286682,1844.6666666666667,188.0,20.0,1636.6666666666667,2258.191380003152,104.16666666666669,83.83333333333333,8.833333333333334,11.166666666666666,87.66666666666667,1090.6666666666667,59.0,399.3333333333333,0.0,0.0,193.8546325659785,219.67008077050664
986.0,537.5,1154.6904751852248,0.46549271129458236,1273.5,145.66666666666666,57.33333333333333,1070.5,1413.3132075810329,97.0,48.66666666666666,16.333333333333332,41.0,199.0,368.1666666666667,69.66666666666667,433.6666666666667,0.0,0.0,86.47915141771716,53.33405616331536
987.0,523.0,1219.0260685994383,0.42903102195417725,0.0,0.0,0.0,0.0,76.96741041586671,0.0,0.0,0.0,0.0,0.0,0.0,0.0,0.0,0.0,0.0,24.966643452763293,52.00076696310341
988.0,683.5,1370.936429043971,0.4985643283814713,1032.5,133.5,50.66666666666667,848.3333333333333,1182.259407656357,81.66666666666667,51.833333333333336,38.833333333333336,11.833333333333334,240.5,182.5,117.0,308.3333333333333,0.0,0.0,82.09182150578037,67.66758615057677
989.0,449.5,1283.3568381969128,0.3502533252026282,97.0,5.333333333333333,1.1666666666666667,90.5,167.9223607002982,4.333333333333333,1.0,0.1666666666666666,1.0,0.8333333333333334,12.5,69.83333333333333,7.333333333333333,0.0,0.0,26.088366102798044,44.83399459750016
990.0,1134.3333333333333,1863.3103063572792,0.6087731761388279,368.0,42.833333333333336,13.5,311.6666666666667,555.0521270286737,23.166666666666668,19.666666666666668,3.333333333333333,10.166666666666666,73.0,62.333333333333336,73.0,103.33333333333331,0.0,0.0,74.71714176440479,112.33498526426884
991.0,505.6666666666667,818.0886827290552,0.6181073975743283,334.5,9.666666666666668,219.66666666666663,105.16666666666666,429.7658393947461,5.666666666666667,4.0,5.166666666666667,214.5,22.5,10.166666666666666,18.166666666666668,54.333333333333336,0.0,0.0,45.09843770705521,50.16740168769084
992.0,1280.0,1998.258832635972,0.6405576590453539,1021.8333333333334,146.33333333333334,77.5,798.0,1258.3825196024434,104.0,42.333333333333336,28.83333333333333,48.66666666666666,330.8333333333333,103.5,73.66666666666667,290.0,0.0,0.0,109.88067589416733,126.66851037494284
993.0,1002.5,1674.9712840629802,0.5985177235804511,92.83333333333331,8.166666666666666,23.5,61.16666666666666,244.4523578014183,4.833333333333333,3.333333333333333,5.833333333333333,17.666666666666668,13.166666666666666,13.333333333333334,8.166666666666666,26.5,0.0,0.0,52.28418677490578,99.33483769317915
994.0,469.66666665211307,766.8378776560808,0.6124719192115259,990.3333333026455,131.66666666258672,25.833333332532828,832.8333333075261,1106.699373524904,72.16666666443044,59.49999999815627,19.999999999380258,5.8333333331525745,110.8333333298989,403.4999999874967,58.66666666484875,259.83333332528184,0.0,0.0,69.69859200636407,46.66744821589456
995.0,1323.6666666666667,2215.2054732725205,0.5975367443956409,54.33333333333333,13.833333333333332,3.0,37.5,251.1186047643637,4.333333333333333,9.5,0.8333333333333334,2.1666666666666665,8.666666666666666,10.833333333333334,2.6666666666666665,15.333333333333334,0.0,0.0,65.78333927398141,131.00193215704897
996.0,756.5,1342.5187276845188,0.5634930704503152,380.0,39.0,12.5,328.5,509.2547304018264,29.0,10.0,6.166666666666667,6.333333333333333,54.333333333333336,96.33333333333331,18.0,159.83333333333334,0.0,0.0,54.25362420504254,75.00110619678377
997.0,544.0,788.3760813577418,0.6900260077184519,106.83333333333331,20.833333333333336,10.666666666666668,75.33333333333333,191.90331225967145,12.833333333333334,8.0,5.166666666666667,5.5,11.0,15.833333333333334,24.166666666666668,24.33333333333333,0.0,0.0,31.069182464653792,54.00079646168431
998.0,559.0,876.9911316532858,0.6374066735956435,350.0,29.333333333333336,13.833333333333334,306.8333333333333,448.5607748217225,17.666666666666668,11.666666666666666,2.0,11.833333333333334,69.0,111.0,7.166666666666667,119.66666666666669,0.0,0.0,43.393267492470045,55.16750732925243
999.0,0.0,0.0,0.0,2689.0,414.83333333333337,168.83333333333331,2105.333333333333,2817.3657824942266,276.1666666666667,138.66666666666666,69.5,99.33333333333331,246.66666666666663,1068.8333333333333,225.83333333333331,564.0,0.0,0.0,128.36578249422658,0.0
1000.0,301.0,569.519696852912,0.5285155222256313,548.0,49.66666666666667,16.0,482.3333333333333,618.5294678924727,22.666666666666668,27.0,7.0,9.0,56.0,28.33333333333333,303.3333333333333,94.66666666666669,0.0,0.0,40.52902541375915,30.000442478713502
1001.0,557.0,926.8126369514988,0.6009844684812476,327.0,162.16666666666666,7.5,157.33333333333331,424.2006445039819,133.16666666666666,29.0,6.0,1.5,15.333333333333334,13.666666666666666,15.0,113.33333333333331,0.0,0.0,42.19983329300717,55.00081121097475
1002.0,469.8333333333333,886.3955491956466,0.5300492920566673,0.0,0.0,0.0,0.0,69.42909890680036,0.0,0.0,0.0,0.0,0.0,0.0,0.0,0.0,0.0,0.0,22.42840569014922,47.00069321665115
1003.0,646.0,969.8141313123034,0.6661070190077201,25.0,6.833333333333333,0.0,18.166666666666668,121.03271786817233,6.5,0.3333333333333333,0.0,0.0,1.1666666666666667,0.5,0.3333333333333333,16.166666666666668,0.0,0.0,32.0317739135835,64.0009439545888
1004.0,447.5,818.1651896395059,0.5469555606456127,20.0,2.1666666666666665,1.3333333333333333,16.5,86.31781678003085,2.1666666666666665,0.0,1.3333333333333333,0.0,2.1666666666666665,1.8333333333333333,0.8333333333333334,11.666666666666666,0.0,0.0,22.31716781125104,44.00064896877981
1005.0,52.333333333333336,90.15229000834718,0.5804992122605849,0.0,0.0,0.0,0.0,7.49849319466955,0.0,0.0,0.0,0.0,0.0,0.0,0.0,0.0,0.0,0.0,2.4984194482172994,5.000073746452251
1006.0,490.00000042361904,1374.9777865186595,0.3563693939116371,440.00000038039263,75.00000006483965,30.00000002593586,335.0000002896171,533.0630284285312,50.500000043658694,24.500000021180952,10.666666675888305,19.33333335004755,57.166666716088876,66.83333339111266,61.33333338635776,149.66666679605777,0.0,0.0,44.395682804256836,48.66734524388176
1007.0,0.0,0.0,0.0,16317.000000000002,10.666666666666666,5.166666666666667,16301.166666666668,17095.930527579865,7.333333333333333,3.333333333333333,1.1666666666666667,4.0,982.0,45.333333333333336,15186.333333333334,87.5,0.0,0.0,778.9305275798664,0.0
1008.0,0.0,0.0,0.0,3.0,0.0,3.0,0.0,3.1432121039355447,0.0,0.0,0.0,3.0,0.0,0.0,0.0,0.0,0.0,0.0,0.1432121039355446,0.0
1009.0,0.0,0.0,0.0,652.0,44.16666666666666,227.0,380.83333333333337,683.1247639219918,33.666666666666664,10.5,40.16666666666666,186.83333333333331,23.666666666666668,72.66666666666667,21.5,263.0,0.0,0.0,31.124763921991715,0.0
1010.0,0.0,0.0,0.0,1765.0,113.16666666666669,839.8333333333334,812.0,1849.2566604231224,88.66666666666667,24.5,517.3333333333334,322.5,53.0,155.5,54.0,549.5,0.0,0.0,84.25666042312248,0.0
1011.0,34.166666666666664,87.47176263831477,0.3906022427825277,7203.333333333333,766.8333333333334,1906.3333333333333,4530.166666666666,8127.565104492077,583.0,183.83333333333331,571.6666666666666,1334.6666666666667,830.6666666666666,804.8333333333334,537.0,2357.6666666666665,0.0,0.0,920.8987297835656,3.33304137517764
1012.0,0.0,0.0,0.0,838.8333333333334,62.66666666666666,295.1666666666667,481.0,878.876897261698,50.66666666666666,12.0,90.16666666666669,205.0,62.833333333333336,39.333333333333336,32.166666666666664,346.6666666666667,0.0,0.0,40.04356392836458,0.0
1013.0,0.0,0.0,0.0,0.0,0.0,0.0,0.0,0.0,0.0,0.0,0.0,0.0,0.0,0.0,0.0,0.0,0.0,0.0,0.0,0.0
1014.0,0.0,0.0,0.0,0.0,0.0,0.0,0.0,0.0,0.0,0.0,0.0,0.0,0.0,0.0,0.0,0.0,0.0,0.0,0.0,0.0
1015.0,0.0,0.0,0.0,26.0,0.5,2.333333333333333,23.166666666666668,27.241171567441388,0.5,0.0,0.6666666666666666,1.6666666666666667,0.0,0.3333333333333333,0.8333333333333334,22.0,0.0,0.0,1.2411715674413877,0.0
1016.0,2644.333333333333,5433.577118997943,0.48666528061002273,430.1666666666666,54.16666666666667,18.33333333333333,357.66666666666663,839.1266658487111,33.0,21.166666666666668,16.0,2.333333333333333,88.33333333333333,71.0,42.5,155.83333333333334,0.0,0.0,146.62307140344782,262.3369277785967
1017.0,4714.0,11688.10940552882,0.4033158688410411,3215.833333333333,451.1666666666666,144.5,2620.166666666667,4061.722970035542,293.0,158.16666666666666,122.83333333333331,21.666666666666668,729.8333333333334,258.3333333333333,481.5,1150.5,0.0,0.0,378.5493859986248,467.34025070358456
1018.0,171.83333333333334,423.94889795657895,0.4053161457939032,184.5,20.5,51.0,113.0,218.51013587234505,13.5,7.0,39.333333333333336,11.666666666666666,14.833333333333334,14.666666666666666,7.833333333333333,75.66666666666667,0.0,0.0,17.009885134407387,17.00025073793765
1019.0,363.5,930.1583786532166,0.3907936630386692,1951.8333333333333,204.3333333333333,188.66666666666663,1558.8333333333337,2098.36182103656,139.66666666666666,64.66666666666667,38.66666666666666,150.0,681.3333333333334,328.8333333333333,77.5,471.1666666666667,0.0,0.0,110.52795672877048,36.000530974456204
1020.0,1215.0,3077.865346273511,0.39475411147243555,292.5,21.166666666666664,91.0,180.3333333333333,484.9716693370736,15.666666666666666,5.5,75.66666666666667,15.333333333333334,45.833333333333336,23.666666666666668,26.33333333333333,84.5,0.0,0.0,71.96988468333414,120.50178465373938
1021.0,693.6666666666666,1754.0237562954255,0.3954716486461511,214.0,29.0,31.0,154.0,326.3304885038311,21.33333333333333,7.666666666666667,24.166666666666668,6.833333333333333,16.333333333333332,10.833333333333334,63.0,63.833333333333336,0.0,0.0,43.329470802790006,69.00101770104105
1022.0,1380.1666666666667,3417.611045287437,0.4038395968346914,66.83333333333334,10.0,0.1666666666666666,56.66666666666667,272.74012390677865,6.333333333333333,3.6666666666666665,0.1666666666666666,0.0,14.833333333333334,5.5,15.666666666666666,20.666666666666668,0.0,0.0,69.07137525100508,136.83541532244024
1023.0,0.0,0.0,0.0,512.0,13.333333333333334,458.0,40.66666666666667,536.4415324049996,10.333333333333334,3.0,58.66666666666666,399.3333333333333,5.666666666666667,6.666666666666667,4.5,23.83333333333333,0.0,0.0,24.44153240499963,0.0
1024.0,266.0,454.2627854610191,0.5855641459382233,469.1666666666666,45.83333333333333,140.66666666666666,282.66666666666663,530.5914371631895,27.83333333333333,18.0,7.666666666666667,133.0,86.5,58.0,17.166666666666668,121.0,0.0,0.0,35.09098250383892,26.333787992683884
1025.0,672.0,1051.8105775183694,0.6388983096039114,8.0,0.3333333333333333,0.0,7.666666666666667,107.4623984278503,0.3333333333333333,0.0,0.0,0.0,0.0,0.0,0.0,7.666666666666667,0.0,0.0,32.46141022539013,67.00098820246016
1026.0,1325.1666666666667,1698.813356765161,0.7800543016626716,37.66666666666667,3.8333333333333335,24.333333333333336,9.5,234.05649421701676,3.0,0.8333333333333334,6.166666666666667,18.166666666666668,1.3333333333333333,1.5,2.5,4.166666666666667,0.0,0.0,65.0544148173734,131.33541273297666
1027.0,558.0,740.1842444560788,0.7538663571663079,5002.666666666666,786.6666666666666,95.16666666666669,4120.833333333333,5349.28165102611,123.16666666666669,663.5,10.0,85.16666666666667,1640.6666666666667,65.33333333333333,49.833333333333336,2365.0,0.0,26.16193719702966,265.4522359514389,55.00081121097475
1028.0,0.0,0.0,0.0,1772.0,114.5,47.5,1610.0,1856.5906160579284,77.5,37.0,13.333333333333334,34.166666666666664,139.0,188.66666666666663,30.83333333333333,1251.5,0.0,0.0,84.59061605792841,0.0
1029.0,0.0,0.0,0.0,1616.8333333333337,228.33333333333331,25.833333333333336,1362.6666666666667,1694.0167152835934,213.0,15.333333333333334,8.166666666666666,17.666666666666668,954.8333333333334,103.33333333333331,35.333333333333336,269.1666666666667,0.0,0.0,77.18338195026017,0.0
1030.0,0.0,0.0,0.0,989.0,214.0,27.0,748.0,1036.2122569307512,107.5,106.5,12.166666666666666,14.833333333333334,89.66666666666667,113.33333333333331,29.5,515.5,0.0,0.0,47.21225693075124,0.0
1031.0,444.6666666666667,810.9475785243543,0.5483297298646691,0.0,0.0,0.0,0.0,65.39375536943629,0.0,0.0,0.0,0.0,0.0,0.0,0.0,0.0,0.0,0.0,21.226248322003244,44.16750704743305
1032.0,0.0,0.0,0.0,1735.0,153.16666666666666,19.33333333333333,1562.5,1817.8243334427236,98.5,54.66666666666666,6.666666666666667,12.666666666666666,171.33333333333334,193.0,16.833333333333332,1181.3333333333333,0.0,0.0,82.82433344272336,0.0
1033.0,47.5,111.199948888456,0.42715846971878524,1009.1666666666669,114.66666666666666,50.66666666666666,843.8333333333334,1064.7897671769235,75.5,39.16666666666666,14.666666666666666,36.0,182.83333333333331,246.83333333333331,53.16666666666666,361.0,0.0,0.0,50.62301201451434,5.000088495742701
1034.0,468.0,782.0593133220237,0.5984200840368926,6012.833333333333,1529.5,297.5,4185.833333333333,6368.211974615867,1104.0,425.5,150.0,147.5,1092.8333333333333,145.16666666666666,62.833333333333336,2885.0,0.0,0.0,309.37796281517336,46.00067846736071
1035.0,0.0,0.0,0.0,8875.333333333334,11.833333333333332,10.166666666666666,8853.333333333334,9299.021149001328,7.333333333333333,4.5,3.1666666666666665,7.0,4656.166666666667,4.5,1047.8333333333333,3144.833333333333,0.0,0.0,423.6878156679932,0.0
1036.0,145.0,245.60740329741887,0.590373083438417,5525.0,733.5,38.16666666666666,4753.333333333333,5809.671082928246,316.6666666666667,416.8333333333333,10.333333333333334,27.83333333333333,3684.8333333333335,130.66666666666666,136.5,801.3333333333334,0.0,0.0,270.6708764381795,14.000206490066304
1037.0,283.8333333333333,555.2233968987877,0.5112056424831709,2342.6666666666665,304.83333333333337,119.16666666666669,1918.6666666666663,2519.6521292593275,272.1666666666667,32.666666666666664,38.0,81.16666666666667,481.3333333333333,250.83333333333331,194.66666666666663,991.8333333333334,0.0,0.0,148.98511825288864,28.00034433977188
1038.0,1040.0,1844.953328057916,0.5636998964601194,665.3333333333333,81.5,52.5,531.3333333333333,850.0772339985671,57.5,24.0,27.33333333333333,25.166666666666668,171.5,96.83333333333331,67.83333333333333,195.16666666666663,0.0,0.0,81.4090775961901,103.3348230690438
1039.0,721.8333333333334,1166.4343056847244,0.6188375374553136,244.0,6.0,4.666666666666666,233.33333333333331,361.9408031371153,2.833333333333333,3.1666666666666665,2.1666666666666665,2.5,56.66666666666666,104.33333333333331,9.833333333333334,62.5,0.0,0.0,46.10637841366366,71.83442472345165
1040.0,644.6666666666666,1534.1307800232642,0.4202162390985276,313.1666666666667,26.166666666666668,13.5,273.5,422.8802451957507,19.0,7.166666666666667,8.0,5.5,91.66666666666669,18.0,23.166666666666668,140.66666666666666,0.0,0.0,45.71250206038116,64.0010764687029
1041.0,745.3333333333334,1493.248013005851,0.49913566054777864,142.33333333333331,9.666666666666668,3.0,129.66666666666666,258.7071923204576,7.666666666666667,2.0,1.5,1.5,20.33333333333333,42.66666666666666,22.5,44.16666666666666,0.0,0.0,42.37276753963096,74.00109144749331
1042.0,422.0,757.8356237318743,0.5568489878080811,831.8333333333334,55.16666666666666,47.83333333333333,728.8333333333334,933.6743437068168,38.16666666666666,17.0,9.166666666666666,38.66666666666666,206.33333333333331,77.33333333333333,158.66666666666666,286.5,0.0,0.0,59.84039090328446,42.000619470198906
1043.0,629.0,928.3081916646952,0.6775766988246019,982.0,224.66666666666663,40.5,716.8333333333333,1120.9058142693957,66.0,158.66666666666666,23.83333333333333,16.666666666666668,242.0,141.66666666666666,76.16666666666667,257.0,0.0,0.0,76.9048998133875,62.00091445600791
1044.0,456.5,852.4093363753349,0.5355408258914152,3625.0,275.83333333333337,168.16666666666666,3181.0,3865.002209648052,182.83333333333331,93.0,60.16666666666666,108.0,782.1666666666666,745.8333333333334,207.0,1446.0,0.0,0.0,194.8348498117045,45.16735983634792
1045.0,688.8333333333334,1016.2046100719604,0.6778490537299916,369.0,33.833333333333336,12.0,323.1666666666667,487.4992192194376,25.0,8.833333333333334,5.5,6.5,72.5,37.5,77.16666666666667,136.0,0.0,0.0,50.49821626768704,68.0010029517506
1046.0,504.1666666666667,752.3465423805047,0.6701255847756402,487.0,59.833333333333336,6.5,420.6666666666666,584.31631322059,46.5,13.333333333333334,3.1666666666666665,3.333333333333333,68.83333333333333,102.83333333333331,187.16666666666663,61.833333333333336,0.0,0.0,47.31557575606768,50.0007374645225
1047.0,501.0,874.0449475969772,0.573197066555222,139.0,50.5,5.833333333333333,82.66666666666667,219.55265297077204,7.333333333333333,43.16666666666666,1.8333333333333333,4.0,28.166666666666668,2.1666666666666665,21.0,31.33333333333333,0.0,0.0,30.55191550624954,50.0007374645225
1048.0,540.0,965.0123742579513,0.5595783167187202,1966.8333333333333,173.16666666666669,81.33333333333334,1712.3333333333333,2140.170392866502,119.66666666666669,53.5,30.5,50.833333333333336,235.66666666666663,248.5,758.1666666666666,470.0,0.0,0.0,119.66960868979946,53.66745084336904
1049.0,397.0,599.9917902707484,0.6616757202975266,102.0,1.6666666666666663,4.0,96.33333333333334,164.8215218436065,1.3333333333333333,0.3333333333333333,4.0,0.0,0.0,39.833333333333336,0.0,56.5,0.0,0.0,23.82094662127894,39.00057522232756
1050.0,461.8333333333333,732.2369131877554,0.6307157219413672,24.0,0.5,0.5,23.0,93.19284203611647,0.5,0.0,0.1666666666666666,0.3333333333333333,6.0,0.1666666666666666,0.5,16.333333333333332,0.0,0.0,23.192163568755777,46.00067846736071
1051.0,621.0,935.7625398715192,0.6636298991892363,28363.500000000004,333.66666666666663,29.833333333333336,28000.000000000004,29808.97757468905,179.5,154.16666666666666,12.666666666666666,17.166666666666668,127.66666666666669,27014.0,634.6666666666666,223.66666666666663,0.0,0.0,1383.643368625893,61.8342060631534
1052.0,0.0,0.0,0.0,2785.8333346972427,327.33333349359174,166.8333334150129,2291.6666677886383,2918.8216691181574,184.33333342358065,143.00000007001105,42.333333354059214,124.50000006095367,448.1666668860836,686.6666670028502,285.6666668065256,871.1666670931792,0.0,0.0,132.98833442091455,0.0
1053.0,0.0,0.0,0.0,0.0,0.0,0.0,0.0,0.0,0.0,0.0,0.0,0.0,0.0,0.0,0.0,0.0,0.0,0.0,0.0,0.0
1054.0,0.0,0.0,0.0,2703.833333333333,14.5,2508.6666666666665,180.66666666666663,2833.910260971817,9.166666666666666,5.333333333333333,21.166666666666668,2487.5,124.5,11.666666666666666,5.833333333333333,38.66666666666666,1.0030036781615437,0.0,129.07392396032256,0.0
1055.0,0.0,0.0,0.0,2430.666666666667,124.0,1675.3333333333337,631.3333333333333,2546.700108891685,96.83333333333331,27.166666666666668,89.16666666666667,1586.1666666666667,69.0,104.83333333333331,33.5,424.0,0.0,0.0,116.03344222501852,0.0
1056.0,0.0,0.0,0.0,2408.5,181.33333333333331,1031.1666666666667,1196.0,2532.818942030104,147.5,33.833333333333336,543.5,487.6666666666667,100.16666666666669,163.33333333333334,104.33333333333331,828.1666666666666,0.0,9.343548998338846,114.97539303176475,0.0
1057.0,0.0,0.0,0.0,909.0,81.66666666666667,454.33333333333337,373.0,952.392804849834,64.16666666666667,17.5,145.16666666666666,309.1666666666667,54.5,54.0,29.0,235.5,0.0,0.0,43.39280484983396,0.0
1058.0,0.0,0.0,0.0,1216.3333333333337,146.5,239.5,830.3333333333334,1274.3979648966092,111.83333333333331,34.666666666666664,161.5,78.0,166.33333333333334,132.33333333333334,45.0,486.6666666666667,0.0,0.0,58.06463156327563,0.0
1059.0,613.3333333333334,1454.09921361479,0.4217960697527847,1277.3333333333337,90.66666666666669,203.8333333333333,982.8333333333336,1428.298199865984,64.66666666666667,26.0,57.16666666666666,146.66666666666666,115.0,65.16666666666667,368.5,434.1666666666667,0.0,0.0,90.297344323603,60.66752220904748
1060.0,476.0,967.2501320210156,0.49211675888368644,3.0,0.5,1.3333333333333333,1.1666666666666663,72.86689247835979,0.1666666666666666,0.3333333333333333,0.3333333333333333,1.0,0.0,0.3333333333333333,0.5,0.3333333333333333,0.0,0.0,22.86619926170864,47.00069321665115
1061.0,574.3333333333334,1369.534385015516,0.4193639382970487,295.0,36.333333333333336,4.666666666666667,254.0,393.5009920007637,32.0,4.333333333333333,1.1666666666666667,3.5,14.833333333333334,103.5,78.0,57.66666666666666,0.0,0.0,41.50015129120805,57.00084070955566
1062.0,270.0,671.3474195323844,0.40217626841861387,59.0,18.666666666666664,2.166666666666667,38.16666666666666,101.70599229577356,10.0,8.666666666666666,0.5,1.6666666666666667,5.166666666666667,4.833333333333333,5.333333333333333,22.83333333333333,0.0,0.0,15.705594064931402,27.000398230842155
1063.0,261.0,723.9545551794466,0.36051986707274175,82.0,14.833333333333332,1.6666666666666663,65.5,124.37430069818232,3.6666666666666665,11.166666666666666,0.3333333333333333,1.3333333333333333,10.5,16.5,15.833333333333334,22.666666666666668,0.0,0.0,16.373917216630613,26.000383481551705
1064.0,290.5,501.2237722276307,0.5795814486390112,155.5,1.3333333333333333,33.333333333333336,120.83333333333334,205.79421437450483,0.6666666666666666,0.6666666666666666,0.8333333333333334,32.5,7.833333333333333,103.16666666666669,0.6666666666666666,9.166666666666666,0.0,0.0,21.293786645081784,29.00042772942305
1065.0,636.5,1069.9739542377745,0.5948742934153275,227.0,9.333333333333334,30.166666666666664,187.5,331.22181318703025,8.333333333333334,1.0,27.33333333333333,2.833333333333333,9.166666666666666,14.833333333333334,3.0,160.5,0.0,0.0,41.22088398173192,63.00092920529836
1066.0,843.3333333333334,1445.5203328399589,0.5834116021574518,1718.0000000000002,216.66666666666669,73.5,1427.8333333333337,1923.940946648252,148.83333333333334,67.83333333333333,24.83333333333333,48.66666666666666,300.1666666666667,188.0,97.0,842.6666666666666,0.0,0.0,122.27302632846217,83.66792031979013
1067.0,159.0,198.594571882338,0.800626112249449,1015.0,383.6666666666666,9.166666666666666,622.1666666666666,1087.0439059954235,78.83333333333333,304.8333333333333,3.1666666666666665,6.0,150.66666666666666,65.33333333333333,21.166666666666668,385.0,0.0,0.0,56.043670006776495,16.0002359886472
1068.0,0.0,0.0,0.0,0.0,0.0,0.0,0.0,0.0,0.0,0.0,0.0,0.0,0.0,0.0,0.0,0.0,0.0,0.0,0.0,0.0
1069.0,483.0,834.9924853551821,0.5784483195612778,900.8333333333334,229.16666666666663,86.83333333333333,584.8333333333334,1016.7631111211743,116.83333333333331,112.33333333333331,13.333333333333334,73.5,245.33333333333331,18.83333333333333,207.0,113.66666666666669,0.0,1.868709799387622,66.06036002251183,48.00070796594161
1070.0,509.8333333333333,732.6682469606726,0.6958583717095352,678.8333333333334,144.5,19.0,515.3333333333334,786.0776726115366,59.66666666666666,84.83333333333333,8.5,10.5,98.33333333333331,50.0,32.833333333333336,334.1666666666667,0.0,0.0,56.74353063588202,50.50080864232135
1071.0,249.0,386.47822992752975,0.644279498088912,1374.0,218.0,41.33333333333333,1114.6666666666667,1476.478116961391,134.5,83.5,16.0,25.33333333333333,209.16666666666663,142.83333333333334,45.333333333333336,717.3333333333334,0.0,0.0,77.47774822912969,25.00036873226125
1072.0,353.3333333333333,562.0561834664207,0.6286441528926666,1000.5,262.16666666666663,27.833333333333336,710.5,1100.129974642458,58.0,204.16666666666663,13.333333333333334,14.5,329.1666666666667,77.33333333333333,31.5,272.5,0.0,0.0,64.62944369416162,35.00053094829649
1073.0,483.0,597.0486212843765,0.808979340679099,508.0000000000001,42.66666666666667,18.666666666666668,446.66666666666674,603.3084396326499,12.0,30.666666666666668,2.833333333333333,15.833333333333334,134.83333333333334,21.33333333333333,90.16666666666669,200.33333333333331,0.0,0.0,47.30773166670826,48.00070796594161
1074.0,758.8333333333334,1260.524902616355,0.6019978913215386,869.8333333333334,169.0,45.333333333333336,655.5,1022.48616988149,69.66666666666667,99.33333333333331,33.5,11.833333333333334,179.83333333333334,44.833333333333336,72.66666666666667,358.1666666666667,0.0,0.0,77.48630300311521,75.16653354504137
1075.0,187.33333333333331,307.076951697268,0.6100533833552445,2270.166666666667,668.1666666666667,176.83333333333334,1425.1666666666667,2405.9820644091983,241.0,427.1666666666667,46.833333333333336,130.0,292.5,257.5,117.33333333333331,757.8333333333334,0.0,0.0,117.31511997032142,18.50027777221004
1076.0,96.33333333333331,158.29615993577795,0.608563930877518,2961.6666666666665,354.83333333333337,111.33333333333331,2495.5,3117.3142340891045,162.83333333333334,192.0,26.83333333333333,84.5,743.1666666666666,837.0,141.0,774.3333333333334,0.0,0.0,145.98069438045528,9.666873041982992
1077.0,357.0,533.7137112604705,0.6688979362304068,3218.833333333333,463.0,94.5,2661.333333333333,3424.53477538772,90.0,373.0,38.5,56.0,1013.8333333333334,79.66666666666667,85.83333333333333,1482.0,0.0,0.0,170.70092582922055,35.000516225165754
1078.0,93.33333333333331,169.58347958748558,0.5503680757133188,1293.6666666666667,236.66666666666663,28.833333333333336,1028.1666666666667,1369.379200391306,34.0,202.66666666666663,10.666666666666666,18.166666666666668,509.3333333333333,23.166666666666668,42.5,453.1666666666667,0.0,0.0,66.21232980322661,9.5002039214129
1079.0,147.66666666666666,232.99577672778707,0.633774005436966,5154.0,995.1666666666666,371.5,3787.333333333333,5421.795367216476,364.0,631.1666666666666,163.66666666666666,207.83333333333331,1506.6666666666667,598.3333333333334,361.6666666666667,1320.6666666666667,0.0,0.0,253.1281406505218,14.667226565953888
1080.0,0.0,0.0,0.0,4015.0,335.0,94.16666666666669,3585.833333333333,4206.665532433737,51.16666666666666,283.8333333333333,21.166666666666668,73.0,1271.0,46.16666666666666,18.666666666666668,2250.0,0.0,0.0,191.66553243373733,0.0
1081.0,470.0,946.9938441251104,0.49630734446242797,2947.0,342.1666666666667,98.16666666666666,2506.6666666666665,3156.678825574275,112.66666666666669,229.5,23.83333333333333,74.33333333333333,1008.6666666666666,151.5,145.16666666666666,1201.3333333333333,0.0,0.0,163.17815446327887,46.5006711109958
1082.0,121.0,181.28624323938288,0.6674527412442611,3988.0,121.16666666666666,181.0,3685.833333333333,4248.476896409262,83.5,37.66666666666666,20.166666666666668,160.83333333333334,1247.5,1643.0,33.166666666666664,762.1666666666666,0.0,52.32387439405932,196.15284502371773,12.000176991485402
1083.0,265.0,394.61667162881577,0.6715377708351467,1821.0,244.66666666666663,15.5,1560.8333333333333,1946.5805330847336,88.0,156.66666666666666,5.333333333333333,10.166666666666666,730.6666666666666,61.0,22.166666666666668,747.0,0.0,0.0,99.58014960318208,26.000383481551705
1084.0,469.8333333333333,798.9818377671614,0.5880400669010598,2168.5,680.3333333333334,35.5,1452.6666666666663,2341.170653731059,572.5,107.83333333333331,17.333333333333332,18.166666666666668,507.5,585.6666666666666,56.0,303.5,0.0,0.0,126.00336746398274,46.6672862670762
1085.0,343.3333333333333,518.5036773835999,0.6621618096631706,1521.3333333333337,123.66666666666666,68.0,1329.6666666666667,1644.4476868619008,78.5,45.16666666666666,32.0,36.0,250.33333333333331,557.0,104.16666666666669,418.1666666666667,0.0,0.0,88.94661614082344,34.16773738774392
1086.0,731.0,1103.1701022966006,0.6626357970345554,2013.0,314.5,88.16666666666667,1610.3333333333333,2216.325762466902,123.66666666666669,190.83333333333331,25.83333333333333,62.333333333333336,451.6666666666667,237.33333333333331,98.16666666666669,823.1666666666666,0.0,0.0,130.9913377330449,72.33442473385675
1087.0,555.0,1009.4988035474644,0.5497777689777175,1373.0,54.33333333333333,31.166666666666668,1287.5,1520.0384566735513,41.16666666666666,13.166666666666666,6.166666666666667,25.0,539.8333333333334,137.33333333333334,26.0,584.3333333333334,0.0,0.0,92.03764546257672,55.00081121097475
1088.0,366.8333333333333,506.91689054096327,0.7236557711499061,552.0,46.0,28.5,477.5,631.863199314374,29.5,16.5,13.5,15.0,100.66666666666669,82.0,155.33333333333334,139.5,0.0,0.0,43.86266833991778,36.000530974456204
1089.0,411.0,566.062718081111,0.7260679547899636,668.5,112.16666666666666,34.16666666666667,522.1666666666666,761.0327285646172,83.83333333333333,28.33333333333333,22.666666666666668,11.5,123.16666666666669,76.66666666666667,51.5,270.8333333333333,0.0,0.0,51.53212384370878,41.000604720908456
1090.0,690.0,1086.725399510502,0.6349350077865111,623.5,147.0,28.166666666666664,448.33333333333337,754.3709703440795,49.333333333333336,97.66666666666669,11.166666666666666,17.0,138.0,50.833333333333336,70.5,189.0,0.0,0.0,62.70327127405134,68.16769907002828
1091.0,732.1666666666666,1024.6108766584866,0.7145802209854009,26.0,6.5,6.0,13.5,134.69351848356624,4.666666666666667,1.8333333333333333,0.1666666666666666,5.833333333333333,1.5,4.0,2.333333333333333,5.666666666666667,0.0,0.0,36.1924246291394,72.50109385442684
1092.0,498.8333333333333,773.4228714100553,0.6449684277165119,468.5,63.16666666666666,13.5,391.8333333333333,564.3359820000042,53.66666666666666,9.5,4.5,9.0,128.5,39.0,52.66666666666666,171.66666666666666,0.0,0.0,46.16862204890632,49.6673599510979
1093.0,365.0,644.6732673435787,0.5661782774148648,854.8333333333335,71.33333333333334,26.333333333333336,757.1666666666667,949.065551179629,45.833333333333336,25.5,10.833333333333334,15.5,115.5,276.5,127.33333333333331,237.83333333333331,0.0,0.0,58.23168687183944,36.000530974456204
1094.0,771.5,1095.5405873799834,0.7042185464301822,405.33333333333337,49.66666666666667,17.0,338.6666666666667,537.8211504670813,31.166666666666668,18.5,13.833333333333334,3.1666666666666665,109.0,51.333333333333336,49.333333333333336,129.0,0.0,0.0,56.15348800674428,76.33432912700373
1095.0,310.1666666666667,511.1598722887309,0.606789936928906,1162.0,75.83333333333333,41.0,1045.1666666666667,1263.1097973783326,52.66666666666666,23.166666666666668,19.166666666666668,21.83333333333333,189.0,159.66666666666666,82.66666666666667,613.8333333333334,0.0,0.0,70.27591355970083,30.833883818631776
1096.0,472.1666666666667,792.7936169127752,0.5955732445290556,1330.1666666666663,129.0,52.33333333333333,1148.8333333333333,1462.8523506068098,79.0,50.0,24.5,27.83333333333333,334.5,216.83333333333331,162.66666666666666,434.8333333333333,0.0,0.0,86.01819645051808,46.667487489625074
1097.0,625.0,896.7200053351729,0.6969845618269547,219.0,32.83333333333333,3.333333333333333,182.83333333333331,325.0286726286497,16.833333333333332,16.0,1.1666666666666667,2.1666666666666665,19.0,8.333333333333334,117.0,38.5,0.0,3.737419598775244,40.290338573866585,62.00091445600791
1098.0,632.0,1011.2238326177207,0.6249852699416341,193.0,16.166666666666668,4.333333333333334,172.5,295.3842577875732,4.833333333333333,11.333333333333334,1.0,3.333333333333333,19.83333333333333,15.0,75.83333333333333,61.833333333333336,0.0,0.0,39.38332858227479,63.00092920529836
1099.0,620.8333333333334,882.9270976458765,0.7031535615892226,340.0,35.16666666666667,12.5,292.3333333333333,447.7019146285575,28.666666666666668,6.5,7.0,5.5,38.66666666666666,52.16666666666666,125.16666666666669,76.33333333333333,0.0,0.0,45.86770856540408,61.8342060631534
1100.0,485.5,872.6904168460775,0.5563255773503366,144.0,17.666666666666664,9.166666666666666,117.16666666666669,222.05134638134507,13.166666666666666,4.5,2.1666666666666665,7.0,28.166666666666668,15.666666666666666,19.5,53.833333333333336,0.0,0.0,30.05063841540345,48.00070796594161
1101.0,327.5,675.8029168340112,0.48460873997742693,310.83333333333337,168.0,11.5,131.33333333333334,373.9659655102392,40.16666666666666,127.83333333333331,3.1666666666666665,8.333333333333334,24.666666666666668,28.5,13.0,65.16666666666667,0.0,0.0,30.46552296374564,32.66710921316025
1102.0,372.0,767.2822019123282,0.4848281363399926,7560.0,86.16666666666666,519.3333333333334,6954.5,7975.653348529327,32.666666666666664,53.5,454.1666666666667,65.16666666666667,1608.1666666666667,221.0,4758.833333333333,366.5,0.0,0.0,378.6528028055802,37.00054572374666
1103.0,0.0,0.0,0.0,0.0,0.0,0.0,0.0,0.0,0.0,0.0,0.0,0.0,0.0,0.0,0.0,0.0,0.0,0.0,0.0,0.0
1104.0,0.0,0.0,0.0,2228.0,291.5,450.33333333333337,1486.1666666666663,2473.168023644296,235.33333333333331,56.16666666666666,220.0,230.33333333333331,226.5,240.16666666666663,187.33333333333331,832.1666666666666,0.0,0.0,245.16802364429643,0.0
1105.0,0.0,0.0,0.0,3514.833333333333,17.666666666666668,1621.8333333333333,1875.3333333333333,3682.622208945475,13.833333333333334,3.8333333333333335,298.8333333333333,1323.0,1785.8333333333333,20.5,11.5,57.5,0.0,0.0,167.78887561214248,0.0
1106.0,1.0,2.071270901398924,0.48279536941527346,1584.6666666666663,95.0,1440.8333333333333,48.833333333333336,1660.3620329498403,92.66666666666669,2.333333333333333,444.6666666666667,996.1666666666666,30.166666666666668,2.6666666666666665,4.333333333333333,11.666666666666666,0.0,0.0,75.69536628317343,0.0
1107.0,0.0,0.0,0.0,823.5,11.833333333333334,668.3333333333333,143.33333333333334,862.8116128390129,8.833333333333334,3.0,313.0,355.3333333333333,5.166666666666667,7.0,6.0,125.16666666666669,0.0,0.0,39.311612839013016,0.0
1108.0,833.5,1460.9158600739063,0.5705325151017486,2.6666666666666665,0.5,0.0,2.1666666666666665,125.25149273439884,0.3333333333333333,0.1666666666666666,0.0,0.0,0.3333333333333333,0.3333333333333333,0.1666666666666666,1.3333333333333333,0.0,0.0,39.916976936146,82.66784913158618
1109.0,383.0,1065.2245977808511,0.3595485879671685,17.0,0.5,0.0,16.5,74.09550766444306,0.3333333333333333,0.1666666666666666,0.0,0.0,1.1666666666666667,1.0,1.0,13.333333333333334,0.0,0.0,19.09494719140596,38.00056047303711
1110.0,284.5,501.2760747359903,0.5675515236785221,301.0,34.333333333333336,11.333333333333334,255.3333333333333,356.94894732898774,25.666666666666668,8.666666666666666,2.833333333333333,8.5,40.66666666666666,32.5,94.66666666666669,87.5,0.0,0.0,27.94853434885516,28.0004129801326
1111.0,307.5,608.3507181691141,0.5054650069707303,221.3333333333333,3.1666666666666665,1.0,217.16666666666663,277.07806220190105,2.1666666666666665,1.0,0.8333333333333334,0.1666666666666666,5.166666666666667,202.0,2.5,7.5,0.0,0.0,25.244242209762916,30.50048665880477
1112.0,180.16666666666663,382.4672861203572,0.47106425361036147,249.16666666666669,8.166666666666668,5.833333333333333,235.16666666666669,287.660155344811,4.666666666666667,3.5,5.5,0.3333333333333333,12.666666666666666,9.333333333333334,183.83333333333331,29.33333333333333,0.0,0.0,20.493223190916265,18.000265487228102
1113.0,112.16666666666669,225.2529300965426,0.4979587462795376,37.0,6.0,1.1666666666666663,29.833333333333336,55.12424835254961,3.6666666666666665,2.333333333333333,0.6666666666666666,0.5,13.0,4.5,2.6666666666666665,9.666666666666666,0.0,0.0,7.124086110354656,11.000162242194952
1114.0,1016.6666666666666,1741.7980043166706,0.5836880419813765,1069.3333333333337,94.5,229.5,745.3333333333334,1269.9663489997083,69.33333333333333,25.166666666666668,119.16666666666669,110.33333333333331,356.3333333333333,97.16666666666669,56.16666666666666,235.66666666666663,0.0,0.0,99.63176896264248,101.001246703733
1115.0,548.0,999.533561811672,0.5482557274082327,3530.666666666666,409.5,250.3333333333333,2870.833333333333,3780.168034212728,258.0,151.5,172.66666666666666,77.66666666666667,784.1666666666666,605.5,461.5,1019.6666666666666,0.0,0.0,195.1678879843164,54.33347956174436
1116.0,424.0,683.4819837151184,0.6203528550896333,915.8333333333331,115.66666666666666,55.833333333333336,744.3333333333333,1021.6668957796556,76.5,39.16666666666666,42.0,13.833333333333334,240.16666666666663,133.16666666666666,96.33333333333331,274.6666666666667,0.0,0.0,63.8327785514353,42.00078389488716
1117.0,261.0,442.1076998528329,0.5903538890792462,410.33333333333337,52.5,38.5,319.33333333333337,468.3064866455112,37.5,15.0,26.33333333333333,12.166666666666666,89.33333333333333,21.0,38.16666666666666,170.83333333333334,0.0,0.0,31.972897400658358,26.00025591151945
1118.0,806.8333333333334,1330.9978001240224,0.6061868270993029,42.0,4.833333333333333,11.5,25.666666666666668,162.85441615337004,4.333333333333333,0.5,4.166666666666667,7.333333333333333,6.666666666666667,2.333333333333333,1.8333333333333333,14.833333333333334,0.0,0.0,40.51989059181876,80.33452556155127
1119.0,0.0,0.0,0.0,408.6666666666667,63.833333333333336,137.0,207.83333333333331,428.17519084817775,51.333333333333336,12.5,112.5,24.5,36.833333333333336,49.5,24.33333333333333,97.16666666666669,0.0,0.0,19.508524181511067,0.0
1120.0,568.3333333333334,941.125812670167,0.6038866702857242,1156.8333333333333,177.83333333333334,57.83333333333333,921.1666666666664,1295.5630777105412,118.66666666666669,59.16666666666666,41.66666666666666,16.166666666666668,251.66666666666663,143.16666666666666,118.0,408.3333333333333,0.0,0.0,82.39568078440226,56.33406359280571
1121.0,576.1666666666666,989.4053656611868,0.5823363069004922,238.0,51.0,13.166666666666666,173.83333333333334,333.844611288812,34.0,17.0,10.0,3.1666666666666665,39.333333333333336,11.333333333333334,20.166666666666668,103.0,0.0,0.0,38.843652814138736,57.00095847467328
1122.0,804.1666666666666,1239.6388021709845,0.6487104673218733,63.83333333333333,7.666666666666667,7.5,48.66666666666666,184.76565084285804,4.666666666666667,3.0,5.166666666666667,2.333333333333333,14.166666666666666,5.5,4.166666666666667,24.83333333333333,0.0,0.0,41.43117930288163,79.50113820664308
1123.0,0.0,0.0,0.0,700.3333333333335,160.16666666666669,90.0,450.16666666666674,733.765382804213,129.83333333333334,30.33333333333333,41.833333333333336,48.16666666666666,43.833333333333336,126.5,115.0,164.83333333333334,0.0,0.0,33.43204947087958,0.0
1124.0,452.6666666666667,736.9541954402852,0.6142398936968205,1072.1666666666667,108.5,62.16666666666666,901.5,1189.9232639957536,70.5,38.0,31.33333333333333,30.83333333333333,243.16666666666663,105.33333333333331,112.33333333333331,440.6666666666667,0.0,0.0,72.75612012054584,45.00047720854101
1125.0,295.8333333333333,472.7581026637201,0.6257604717221822,156.83333333333334,20.166666666666668,6.166666666666666,130.5,207.77454104061653,14.333333333333334,5.833333333333333,4.333333333333333,1.8333333333333333,39.833333333333336,16.166666666666668,21.5,53.0,0.0,0.0,21.60750307303523,29.33370463424799
1126.0,539.5,901.1062709892258,0.5987085179284594,46.0,8.833333333333332,2.0,35.166666666666664,127.45237060200574,4.5,4.333333333333333,0.6666666666666666,1.3333333333333333,14.666666666666666,3.6666666666666665,1.5,15.333333333333334,0.0,0.0,27.951576604629963,53.50079399737579
1127.0,674.0,1132.7153417820991,0.5950303444637706,1076.8333333333333,135.0,54.83333333333333,887.0,1227.2089870634086,86.5,48.5,45.16666666666666,9.666666666666666,273.1666666666667,126.83333333333331,115.16666666666669,371.8333333333333,0.0,0.0,83.70825652211688,66.66739720795843
1128.0,734.5,1181.9781038909118,0.6214159108211273,230.83333333333331,39.83333333333333,10.333333333333332,180.66666666666669,349.91743072858213,29.33333333333333,10.5,8.666666666666666,1.6666666666666667,54.833333333333336,28.0,26.5,71.33333333333333,0.0,0.0,46.08302069704598,73.00107669820285
1129.0,175.5,285.4145143300391,0.6148951478937773,382.5,59.33333333333333,13.333333333333332,309.8333333333333,426.861297149202,41.5,17.833333333333332,11.166666666666666,2.1666666666666665,86.83333333333333,58.0,43.5,121.5,0.0,0.0,27.027771876808128,17.333525272393867
1130.0,527.6666666666666,824.1397614162205,0.6402635710233325,1609.5,324.16666666666663,46.0,1239.3333333333337,1763.7097042050357,183.0,141.16666666666666,31.33333333333333,14.666666666666666,261.0,115.83333333333331,95.16666666666669,767.3333333333334,0.0,0.0,102.04225584678504,52.16744835825034
1131.0,75.16666666666667,127.25043957937189,0.5906986798248489,5876.666666666667,709.8333333333334,333.33333333333337,4833.5,6167.958370432228,483.1666666666667,226.66666666666663,272.6666666666667,60.66666666666666,1623.0,426.8333333333333,568.1666666666666,2215.5,0.0,0.0,284.1249044022497,7.16679936331082
1132.0,1224.1666666666667,1989.935390806347,0.615179101955978,478.1666666666666,55.33333333333333,63.333333333333336,359.5,680.6937360076664,36.5,18.83333333333333,40.333333333333336,23.0,113.16666666666669,32.166666666666664,54.833333333333336,159.33333333333334,0.0,0.0,81.19141397232526,121.33565536867457
1133.0,352.6666666666667,574.195304467031,0.6141928781427645,812.0,38.833333333333336,73.0,700.1666666666666,902.59823540063,22.666666666666668,16.166666666666668,3.5,69.5,147.66666666666666,239.33333333333331,7.833333333333333,305.3333333333333,0.0,0.0,55.597719175464285,35.000516225165754
1134.0,0.0,0.0,0.0,275.0,244.3333333333333,1.5,29.166666666666664,288.12777619409155,8.666666666666666,235.66666666666663,1.5,0.0,5.666666666666667,2.6666666666666665,4.5,16.333333333333332,0.0,0.0,13.127776194091595,0.0
1135.0,0.0,0.0,0.0,0.0,0.0,0.0,0.0,0.0,0.0,0.0,0.0,0.0,0.0,0.0,0.0,0.0,0.0,0.0,0.0,0.0
1136.0,472.5,786.0122821613403,0.6011356447264937,3223.5000000000005,431.5,193.33333333333331,2598.666666666667,3446.83208528769,304.3333333333333,127.16666666666669,171.33333333333334,22.0,925.5,166.16666666666666,329.5,1177.5,0.0,0.0,176.49798733040697,46.83409795728329
1137.0,719.1666666666666,1120.6129435642415,0.6417618775482571,555.6666666666667,82.33333333333334,29.833333333333336,443.5,687.7210929756544,59.833333333333336,22.5,17.666666666666668,12.166666666666666,113.83333333333331,55.833333333333336,48.16666666666666,225.66666666666663,0.0,0.0,60.88681056617602,71.16761574281182
1138.0,0.0,0.0,0.0,657.0,584.8333333333334,3.1666666666666665,69.0,688.3634507618843,15.333333333333334,569.5,2.5,0.6666666666666666,11.5,4.833333333333333,7.666666666666667,45.0,0.0,0.0,31.36345076188429,0.0
1139.0,0.0,0.0,0.0,3006.6666666666665,263.5,118.0,2625.1666666666665,3150.196832847309,185.66666666666663,77.83333333333333,33.5,84.5,664.6666666666666,931.6666666666666,69.5,959.3333333333334,0.0,0.0,143.5301661806431,0.0
1140.0,481.0,762.2394468188883,0.6310353026301562,1058.6666666666667,190.66666666666663,63.833333333333336,804.1666666666667,1179.8345656532847,132.16666666666666,58.5,40.333333333333336,23.5,133.66666666666666,250.33333333333331,61.66666666666666,358.5,0.0,0.0,73.50048509213052,47.6674138944876
1141.0,0.0,0.0,0.0,1349.6666666666663,230.3333333333333,60.16666666666667,1059.1666666666663,1414.095798918156,142.16666666666666,88.16666666666667,21.83333333333333,38.333333333333336,235.16666666666663,214.16666666666663,121.5,488.3333333333333,0.0,0.0,64.42913225148955,0.0
1142.0,0.0,0.0,0.0,553.0,228.33333333333331,11.666666666666668,313.0,579.3987644921187,208.33333333333331,20.0,5.166666666666667,6.5,55.333333333333336,45.16666666666666,13.333333333333334,199.16666666666663,0.0,0.0,26.398764492118744,0.0
1143.0,0.0,0.0,0.0,624.0,24.83333333333333,14.166666666666666,585.0,653.7881176185933,17.833333333333332,7.0,6.833333333333333,7.333333333333333,21.166666666666668,516.8333333333334,10.833333333333334,36.16666666666666,0.0,0.0,29.7881176185933,0.0
1144.0,181.0,281.1297258637109,0.6438308842791926,258.66666666666663,47.333333333333336,38.66666666666667,172.66666666666666,297.6555129398611,37.5,9.833333333333334,7.5,31.166666666666668,40.16666666666666,31.5,15.166666666666666,85.83333333333333,0.0,0.0,20.988580785966395,18.000265487228102
1145.0,386.0,590.4108090778699,0.6537820684598782,664.0,48.0,22.33333333333333,593.6666666666666,752.1247968504778,33.333333333333336,14.666666666666666,4.5,17.833333333333332,70.66666666666667,241.33333333333331,80.33333333333333,201.33333333333331,0.0,0.0,50.124236377440646,38.00056047303711
1146.0,299.3333333333333,411.6925216489472,0.727079841369032,1398.5,131.66666666666666,52.0,1214.8333333333333,1509.3825569841874,77.83333333333333,53.833333333333336,41.66666666666666,10.333333333333334,249.33333333333331,534.0,114.16666666666669,317.3333333333333,0.0,0.0,81.04881062375162,29.833746360435835
1147.0,0.0,0.0,0.0,302.0,1.1666666666666667,0.8333333333333333,300.0,316.4166851295115,1.0,0.1666666666666666,0.6666666666666666,0.1666666666666666,226.66666666666663,4.5,1.0,67.83333333333333,0.0,0.0,14.4166851295115,0.0
1148.0,479.0,785.1008913042436,0.6101126687097048,60.0,11.833333333333334,2.333333333333333,45.833333333333336,133.06449734201502,5.166666666666667,6.666666666666667,0.3333333333333333,2.0,6.166666666666667,4.666666666666667,3.0,32.0,0.0,0.0,25.73044134041953,47.33405600159549
1149.0,97.0,161.45598133685087,0.600782945276123,1.0,0.0,0.0,1.0,15.67840955479896,0.0,0.0,0.0,0.0,1.0,0.0,0.0,0.0,0.0,0.0,4.67826206189446,10.0001474929045
1150.0,383.8333333333333,477.303519193179,0.8041703400430712,430.6666666666667,43.833333333333336,21.33333333333333,365.5,507.71435562891,27.166666666666668,16.666666666666668,16.333333333333332,5.0,125.66666666666669,61.0,45.0,133.83333333333334,0.0,0.0,38.88045936863602,38.1672295936072
1151.0,511.6666666666667,650.5566661203547,0.786505916107248,912.0,20.33333333333333,199.16666666666663,692.5,1030.9621608046723,13.166666666666666,7.166666666666667,5.0,194.16666666666663,55.333333333333336,481.1666666666667,10.333333333333334,145.66666666666666,0.0,0.0,67.96140859085965,51.00075221381295
1152.0,312.0,428.3036979772958,0.728455069319852,53.0,25.666666666666664,2.0,25.333333333333336,101.42459654016189,4.833333333333333,20.83333333333333,0.5,1.5,1.8333333333333333,3.5,6.666666666666667,13.333333333333334,0.0,0.0,17.42413931215794,31.000457228003956
1153.0,635.0,995.4280995371064,0.6379164906991147,82.0,19.166666666666668,2.833333333333333,60.0,179.22862204589353,11.333333333333334,7.833333333333333,2.1666666666666665,0.6666666666666666,14.5,9.333333333333334,10.0,26.166666666666668,0.0,0.0,34.22769284059518,63.00092920529836
1154.0,440.5,692.507436907311,0.6360942518787115,336.6666666666667,42.5,16.166666666666668,278.0,417.6040209358944,29.0,13.5,14.0,2.1666666666666665,81.83333333333333,45.16666666666666,40.0,111.0,0.0,0.0,37.10334252590864,43.83401174331905
1155.0,424.8333333333333,651.0960572895679,0.6524894884202829,156.0,6.666666666666666,2.1666666666666665,147.16666666666666,225.896310641834,4.833333333333333,1.8333333333333333,2.1666666666666665,0.0,17.833333333333332,9.333333333333334,10.0,110.0,0.0,0.0,27.72900977648815,42.16730086534584
1156.0,533.0,766.7927278391597,0.6951030971590025,81.0,48.5,5.333333333333333,27.166666666666664,163.311525651202,4.5,44.0,4.0,1.3333333333333333,4.5,8.0,3.8333333333333335,10.833333333333334,0.0,0.0,29.310743938808148,53.00078171239386
1157.0,308.8333333333333,502.3140215499016,0.6148212474348633,2040.5,773.8333333333334,67.66666666666667,1199.0,2183.465117561829,469.1666666666667,304.6666666666667,47.333333333333336,20.33333333333333,294.0,148.0,181.83333333333331,575.1666666666666,0.0,0.0,112.13142761949656,30.833689942332526
1158.0,372.1666666666667,600.8774713247377,0.6193719758641663,993.6666666666669,179.5,54.16666666666667,760.0,1095.6950656816928,133.66666666666666,45.833333333333336,24.666666666666668,29.5,232.16666666666663,131.66666666666666,69.0,327.1666666666667,0.0,0.0,65.19452241184955,36.83387660317657
1159.0,678.6666666666666,1090.122656776143,0.6225599132795853,709.0,224.3333333333333,43.833333333333336,440.83333333333337,842.2443454062702,135.5,88.83333333333333,35.0,8.833333333333334,101.66666666666669,64.66666666666667,95.83333333333331,178.66666666666666,0.0,0.0,66.24335720381013,67.00098820246016
1160.0,568.0,919.6390707872432,0.6176336108836395,791.0,28.666666666666664,3.6666666666666665,758.6666666666666,911.8759090430668,6.333333333333333,22.33333333333333,2.1666666666666665,1.5,15.833333333333334,5.333333333333333,690.3333333333334,47.16666666666666,0.0,0.0,64.87508308280175,56.00082596026521
1161.0,780.5,1286.5253367946605,0.6066728556971854,691.0,288.5,12.0,390.5,838.4133340669554,142.33333333333334,146.16666666666666,4.166666666666667,7.833333333333333,15.833333333333334,56.66666666666666,244.0,74.0,0.0,0.0,70.24550225331299,77.16783181364234
1162.0,467.8333333333333,845.7678594163436,0.5531462659933432,425.0,96.66666666666669,14.166666666666668,314.16666666666663,513.6224131110017,13.666666666666666,83.0,9.333333333333334,4.833333333333333,21.5,234.16666666666663,6.5,52.0,0.0,0.0,42.62173464364103,46.00067846736071
1163.0,658.0,1137.4762377208986,0.5784736227267482,12.0,0.3333333333333333,0.0,11.666666666666666,108.98499524948424,0.3333333333333333,0.0,0.0,0.0,2.1666666666666665,0.1666666666666666,0.1666666666666666,9.166666666666666,0.0,0.0,31.984036545604983,65.00095870387925
1164.0,445.0,770.9550223767702,0.5772061755666544,22.0,16.166666666666668,2.0,3.8333333333333335,90.16270961413387,0.3333333333333333,15.833333333333334,2.0,0.0,0.0,0.3333333333333333,0.1666666666666666,3.333333333333333,0.0,1.868709799387622,22.293350845966454,44.00064896877981
1165.0,412.0,754.8489398280586,0.5458045686516383,265.8333333333333,11.833333333333334,1.8333333333333333,252.16666666666663,339.1919714817261,10.333333333333334,1.5,0.8333333333333334,1.0,3.0,230.16666666666663,1.6666666666666667,17.333333333333332,0.0,0.0,32.358033427484365,41.000604720908456
1166.0,224.83333333333331,498.59404738686334,0.45093465217181633,639.3333333333334,1.8333333333333333,0.6666666666666666,636.8333333333334,702.5866628047419,0.6666666666666666,1.1666666666666667,0.5,0.1666666666666666,2.333333333333333,521.6666666666666,85.83333333333333,27.0,0.0,0.0,41.25300498701861,22.000324484389903
1167.0,0.0,0.0,0.0,3955.0,11.166666666666668,3.333333333333333,3940.5,4143.801290355026,7.166666666666667,4.0,0.8333333333333334,2.5,118.66666666666669,625.0,3039.6666666666665,157.16666666666666,0.0,0.0,188.80129035502645,0.0
1168.0,634.0,1381.868802760593,0.45879898202596564,0.0,0.0,0.0,0.0,93.2664205036768,0.0,0.0,0.0,0.0,0.0,0.0,0.0,0.0,0.0,0.0,30.26549129837845,63.00092920529836
1169.0,0.0,0.0,0.0,267.0,8.0,2.6666666666666665,256.3333333333333,288.60556062694144,5.5,2.5,0.5,2.1666666666666665,18.166666666666668,29.0,2.1666666666666665,207.0,8.859683376677937,0.0,12.74587725026348,0.0
1170.0,0.0,0.0,0.0,73.0,9.5,6.5,57.0,76.48482786243159,7.333333333333333,2.1666666666666665,0.6666666666666666,5.833333333333333,12.5,6.0,3.333333333333333,35.166666666666664,0.0,0.0,3.484827862431588,0.0
1171.0,0.0,0.0,0.0,755.8333333333334,83.16666666666667,338.5,334.1666666666667,791.9149394357311,69.0,14.166666666666666,183.66666666666663,154.83333333333334,55.16666666666666,55.833333333333336,11.166666666666666,212.0,0.0,0.0,36.081606102397856,0.0
1172.0,46.5,123.84484195681485,0.37546981582175804,11898.333333333332,1745.5,1360.6666666666663,8792.166666666666,13239.823569513674,1340.0,405.5,1008.1666666666666,352.5,1468.0,1476.3333333333333,1240.0,4607.833333333333,0.0,0.0,1336.989904845272,4.500331335070648
1173.0,0.0,0.0,0.0,1790.6666666666663,137.66666666666666,1429.1666666666663,223.83333333333331,1876.1483778128509,136.0,1.6666666666666667,559.6666666666666,869.5,68.83333333333333,9.166666666666666,15.0,130.83333333333334,0.0,0.0,85.48171114618435,0.0
1174.0,0.0,0.0,0.0,2357.666666666667,62.5,1609.8333333333337,685.3333333333333,2470.215379010893,51.333333333333336,11.166666666666666,714.8333333333334,895.0,246.83333333333331,41.16666666666666,14.5,382.8333333333333,0.0,0.0,112.54871234422592,0.0
1175.0,0.0,0.0,0.0,1354.666666666667,104.83333333333331,741.6666666666667,508.16666666666674,1419.3346701854643,79.0,25.83333333333333,291.0,450.6666666666667,110.5,86.66666666666667,14.333333333333334,296.6666666666667,0.0,0.0,64.66800351879749,0.0
1176.0,0.0,0.0,0.0,447.6666666666666,66.5,360.3333333333333,20.83333333333333,469.03711563512223,66.0,0.5,355.0,5.333333333333333,1.6666666666666667,3.1666666666666665,2.5,13.5,0.0,0.0,21.370448968455523,0.0
1177.0,320.0,819.419434770196,0.3905203933681939,1531.6666666666667,204.16666666666663,405.8333333333333,921.6666666666669,1652.0608480604178,122.83333333333331,81.33333333333333,128.0,277.8333333333333,133.33333333333334,153.66666666666666,51.66666666666666,583.0,0.0,0.0,88.39370941645679,32.0004719772944
1178.0,517.6666666666666,1305.880354779389,0.39641201797091086,536.3333333333334,58.66666666666667,73.33333333333333,404.33333333333337,637.9687994839303,39.5,19.166666666666668,30.33333333333333,43.0,165.5,82.83333333333333,18.666666666666668,137.33333333333334,0.0,0.0,50.30131187955524,51.33415427104171
1179.0,461.8333333333333,1183.4095818109174,0.3902565438304217,305.6666666666667,66.5,35.5,203.66666666666669,388.3058678195416,42.333333333333336,24.166666666666668,10.5,25.0,43.0,21.33333333333333,24.666666666666668,114.66666666666669,0.0,0.0,36.638522685514125,46.00067846736071
1180.0,619.3333333333334,1557.4815648978636,0.3976505066202488,0.0,0.0,0.0,0.0,90.56607663672634,0.0,0.0,0.0,0.0,0.0,0.0,0.0,0.0,0.0,0.0,29.56517693000888,61.00089970671746
1181.0,189.0,524.3374012460441,0.36045492759215203,92.0,0.0,0.0,92.0,124.41448063848124,0.0,0.0,0.0,0.0,0.0,91.83333333333331,0.0,0.1666666666666666,0.0,0.0,13.414200401962688,19.000280236518552
1182.0,156.5,402.6294335462808,0.38869488159764876,31.666666666666668,5.0,2.0,24.666666666666668,56.14843275165918,2.5,2.5,1.8333333333333333,0.1666666666666666,7.166666666666667,5.166666666666667,3.333333333333333,9.0,0.0,0.0,8.981500655139394,15.500265429853116
1183.0,143.16666666666666,391.587977006004,0.3656053685848265,344.8333333333333,32.5,145.16666666666666,167.16666666666666,384.4606696009527,21.5,11.0,124.33333333333331,20.83333333333333,83.83333333333333,15.833333333333334,13.166666666666666,54.333333333333336,0.0,0.0,25.62712977755308,14.000206490066304
1184.0,109.83333333333331,217.21662457103275,0.5056396284135073,240.5,46.0,60.83333333333333,133.66666666666669,268.7246367912326,25.33333333333333,20.666666666666668,49.16666666666666,11.666666666666666,25.0,33.333333333333336,14.0,61.333333333333336,0.0,0.0,17.224474549037676,11.000162242194952
1185.0,0.0,0.0,0.0,488.5,12.666666666666666,437.3333333333333,38.5,511.8196852058205,9.5,3.1666666666666665,312.0,125.33333333333331,2.5,6.5,6.166666666666667,23.33333333333333,0.0,0.0,23.319685205820537,0.0
1186.0,447.1666666666667,765.778441862833,0.5839373926208851,1625.5,217.5,114.66666666666669,1293.3333333333333,1768.7584539283473,153.16666666666666,64.33333333333333,91.16666666666669,23.5,387.6666666666667,145.33333333333334,171.66666666666666,588.6666666666666,0.0,0.0,99.09152112223178,44.16693280611548
1187.0,477.0,1037.4015697681136,0.4598026587781451,336.16666666666663,53.333333333333336,24.5,258.3333333333333,422.1504188083685,33.833333333333336,19.5,21.0,3.5,78.0,43.5,35.5,101.33333333333331,0.0,0.0,38.81570753576789,47.16804460593394
1188.0,650.8333333333334,1233.1158099550987,0.5277957902080844,2480.6666666666665,384.5,122.0,1974.1666666666663,2695.049552306868,272.5,112.0,87.66666666666667,34.333333333333336,509.0,243.66666666666663,237.5,984.0,0.0,0.0,149.71480635559516,64.66807928460541
1189.0,1664.1664362162571,3473.45932168486,0.4791092343666847,245.66663264724713,24.333329963702905,15.499997853591578,205.83330482995265,509.4559199745545,16.83333100228763,7.49999896141528,10.833331833155405,4.666666020436175,56.49999217599511,18.499997438157692,28.833329340552073,101.99998587524782,0.0,7.474838163850722,91.14554105286322,165.1689081105934
1190.0,818.1666690697992,1396.101818459092,0.5860365327600731,119.66666701815356,29.666666753804087,9.000000026434948,81.00000023791453,255.59851573199134,9.666666695059758,20.00000005874433,7.833333356341528,1.1666666700934194,27.000000079304844,4.333333346061271,10.833333365153178,38.83333344739524,0.0,0.0,54.76395766462595,81.16789104921179
1191.0,385.6666380143071,669.0428328990806,0.5764453620153818,1373.8332312670411,175.16665365299772,65.16666182523512,1133.4999157888085,1506.0011890223109,113.49999156773688,61.66666208526085,47.99999643393278,17.16666539130235,352.1666405031249,141.99998945038448,190.16665253860168,449.16663329669734,0.0,0.0,94.00079233353365,38.16716542173595
1192.0,584.8333333333334,982.1501012344625,0.595462274654615,1820.8333333333333,175.83333333333331,87.0,1558.0,1993.4657256759767,116.33333333333331,59.5,59.66666666666666,27.33333333333333,398.1666666666667,475.5,148.33333333333334,536.0,0.0,0.0,114.79777166445426,57.83462067818912
1193.0,667.3333333333334,1100.9416186764784,0.6061477938635684,1549.8333333333333,200.66666666666663,82.83333333333333,1266.3333333333333,1721.6393488977155,130.66666666666666,70.0,65.83333333333333,17.0,386.3333333333333,157.0,159.83333333333334,563.1666666666666,0.0,0.0,105.805162387319,66.00085317706349
1194.0,978.0,1762.4563350938154,0.5549073645265323,594.8333333333334,90.33333333333331,23.0,481.5,766.8621092675904,61.16666666666666,29.166666666666668,16.0,7.0,118.16666666666669,113.66666666666669,61.333333333333336,188.33333333333331,0.0,0.0,75.02737470469437,97.00140122956266
1195.0,696.5,1211.0602760311865,0.5751158829868713,354.83333333333337,86.0,5.166666666666666,263.6666666666667,474.0219844853254,21.666666666666668,64.33333333333333,3.1666666666666665,2.0,18.0,4.166666666666667,131.33333333333334,110.16666666666669,0.0,0.0,50.18763345095096,69.00101770104105
1196.0,0.0,0.0,0.0,75.0,0.0,0.0,75.0,78.58030259838861,0.0,0.0,0.0,0.0,0.0,43.833333333333336,0.0,31.166666666666668,0.0,0.0,3.580302598388618,0.0
1197.0,701.0,1275.3809842977305,0.5496396830677189,215.0,95.66666666666669,4.0,115.33333333333334,328.2283930010101,14.166666666666666,81.5,1.6666666666666667,2.333333333333333,31.5,4.666666666666667,5.0,74.16666666666667,0.0,0.0,43.72737528956398,69.50101771144615
1198.0,658.3333333333334,1354.8223670748023,0.48591855975535836,211.0,71.0,3.6666666666666665,136.33333333333331,317.6656893552503,52.66666666666666,18.33333333333333,1.5,2.1666666666666665,48.66666666666666,9.833333333333334,27.33333333333333,50.5,0.0,0.0,41.49806398470436,65.16762537054592
1199.0,255.33333333333331,537.5167650537961,0.47502394331417525,7.0,0.0,0.0,7.0,44.52345102855131,0.0,0.0,0.0,0.0,6.0,0.0,0.0,1.0,0.0,0.0,12.523082296290056,25.00036873226125
1200.0,373.3333333333333,864.3420373712615,0.43192777533852045,9.0,0.0,0.0,9.0,64.2521351948752,0.0,0.0,0.0,0.0,4.0,2.0,1.0,2.0,0.0,0.0,18.25158947112853,37.00054572374666
1201.0,343.6666666666667,704.8384386768089,0.4875821859429674,54.16666666666667,0.6666666666666666,0.1666666666666666,53.333333333333336,107.15711355461193,0.5,0.1666666666666666,0.0,0.1666666666666666,1.0,49.5,0.5,2.333333333333333,0.0,0.0,18.989945412069947,34.0005014758753
1202.0,155.33333333333334,316.466815128068,0.49083608741242885,0.0,0.0,0.0,0.0,22.415299436384394,0.0,0.0,0.0,0.0,0.0,0.0,0.0,0.0,0.0,0.0,7.415078197027643,15.000221239356751
1203.0,544.8333333333334,1244.7789308955987,0.43769485473322917,49.0,2.5,3.1666666666666665,43.333333333333336,131.3488909789734,1.5,1.0,0.1666666666666666,3.0,20.33333333333333,6.666666666666667,3.6666666666666665,12.666666666666666,0.0,0.0,28.34809451728911,54.00079646168431
1204.0,623.1666666666666,1130.0034360628904,0.5514732493538933,194.0,26.5,22.83333333333333,144.66666666666669,295.010333918425,17.666666666666668,8.833333333333334,0.5,22.33333333333333,32.0,56.333333333333336,7.333333333333333,49.0,0.0,0.0,39.00941946241708,62.00091445600791
1205.0,307.3333333333333,743.3942149622648,0.4134190543155273,430.0,152.5,1.1666666666666667,276.3333333333333,495.6989954332707,2.6666666666666665,149.83333333333334,0.3333333333333333,0.8333333333333334,2.6666666666666665,15.666666666666666,2.5,255.5,0.0,0.0,35.198579941859684,30.50041549141101
1206.0,963.0,1950.477438820527,0.49372526994330973,0.0,0.0,0.0,0.0,141.63942969826488,0.0,0.0,0.0,0.0,0.0,0.0,0.0,0.0,0.0,0.0,45.97135938469692,95.66807031356797
1207.0,1.0,2.4244659142455145,0.41246197528464595,5101.666666666666,632.8333333333334,896.8333333333333,3572.0,5812.9464006947055,489.1666666666667,143.66666666666666,510.0,386.8333333333333,625.5,584.8333333333334,390.5,1971.1666666666667,0.0,0.0,711.2797340280387,0.0
1208.0,0.0,0.0,0.0,0.0,0.0,0.0,0.0,0.0,0.0,0.0,0.0,0.0,0.0,0.0,0.0,0.0,0.0,0.0,0.0,0.0
1209.0,0.0,0.0,0.0,43.0,2.6666666666666665,3.6666666666666665,36.66666666666666,45.05270682307614,2.6666666666666665,0.0,0.1666666666666666,3.5,8.166666666666666,13.5,1.0,14.0,0.0,0.0,2.0527068230761407,0.0
1210.0,0.0,0.0,0.0,789.8333333333334,72.16666666666667,259.8333333333333,457.83333333333337,827.5368106164386,59.833333333333336,12.333333333333334,61.16666666666666,198.66666666666663,30.83333333333333,75.5,34.833333333333336,316.6666666666667,0.0,0.0,37.70347728310535,0.0
1211.0,0.0,0.0,0.0,6134.833333333334,518.1666666666666,4615.333333333334,1001.3333333333334,6427.693667398182,492.3333333333333,25.83333333333333,1671.5,2943.833333333333,291.3333333333333,104.5,64.16666666666667,541.3333333333334,0.0,0.0,292.8603340648484,0.0
1212.0,0.0,0.0,0.0,6288.666666666667,410.5,3734.666666666667,2143.5,6588.869463466853,341.6666666666667,68.83333333333333,1027.6666666666667,2707.0,438.1666666666667,184.33333333333331,225.83333333333331,1295.1666666666667,0.0,0.0,300.20279680018547,0.0
1213.0,0.0,0.0,0.0,11509.666666666668,1333.5,4023.0,6153.166666666667,12059.10795041383,661.5,672.0,1989.5,2033.5,1084.1666666666667,1762.5,315.3333333333333,2991.1666666666665,0.0,0.0,549.4412837471627,0.0
1214.0,0.0,0.0,0.0,2944.666666666667,121.83333333333331,2116.666666666667,706.1666666666666,3085.237139050059,101.5,20.33333333333333,1293.1666666666667,823.5,76.83333333333333,324.5,46.333333333333336,258.5,0.0,0.0,140.5704723833919,0.0
1215.0,0.0,0.0,0.0,1150.1666666666667,62.33333333333333,778.5,309.3333333333333,2167.458234414192,52.66666666666666,9.666666666666666,442.5,336.0,20.166666666666668,28.83333333333333,24.83333333333333,235.5,0.0,962.3855467756732,54.90602097185188,0.0
1216.0,70.0,184.0453005443196,0.38034114314776235,2500.833333333333,225.66666666666669,1348.1666666666663,927.0,2630.5581853281874,190.83333333333331,34.833333333333336,957.6666666666666,390.5,257.0,158.16666666666666,80.5,431.3333333333333,0.0,0.0,122.72474874982068,7.000103245033151
1217.0,393.5,1138.866694304011,0.3455189285700179,2281.1666666666665,341.0,158.33333333333331,1781.8333333333333,2453.4559167452107,214.33333333333331,126.66666666666669,34.0,124.33333333333331,403.3333333333333,260.6666666666667,316.8333333333333,801.0,0.0,5.606129399563603,127.6825454566534,39.00057522232756
1218.0,387.6666666666667,1143.780411484421,0.33893452167409055,170.0,1.6666666666666663,0.5,167.83333333333334,237.9551597692644,1.3333333333333333,0.3333333333333333,0.1666666666666666,0.3333333333333333,0.3333333333333333,152.66666666666666,8.5,6.333333333333333,0.0,0.0,29.62119478509508,38.33396498416929
1219.0,371.5,1197.7543942681975,0.3101637545875827,69.16666666666666,16.833333333333332,2.333333333333333,50.0,127.20351677465226,14.666666666666666,2.1666666666666665,0.1666666666666666,2.1666666666666665,23.33333333333333,8.333333333333334,1.5,16.833333333333332,0.0,0.0,21.036304384238917,37.00054572374666
1220.0,593.6666666666666,1516.439329031371,0.39148725260632256,98.0,41.5,0.6666666666666666,55.83333333333334,190.0198710480588,18.0,23.5,0.6666666666666666,0.0,12.166666666666666,18.166666666666668,1.8333333333333333,23.666666666666668,0.0,0.0,33.01900083992222,59.00087020813656
1221.0,96.16666666666669,232.2106736622237,0.41413542775622714,12.0,1.3333333333333333,1.0,9.666666666666666,27.16370228816585,1.3333333333333333,0.0,0.0,1.0,1.0,1.3333333333333333,0.8333333333333334,6.5,0.0,0.0,5.163554795261348,10.0001474929045
1222.0,446.0,1205.7752429190098,0.36988651294605923,1053.1666666666667,104.66666666666666,88.33333333333334,860.1666666666667,1168.9439634667913,71.0,33.666666666666664,40.0,48.333333333333336,99.66666666666669,268.5,71.33333333333333,420.6666666666667,0.0,0.0,71.61013084542546,44.167165954699136
1223.0,259.3333333333333,709.2019550167233,0.36566923074432034,95.0,5.833333333333333,1.5,87.66666666666666,137.91505217169282,4.0,1.8333333333333333,0.3333333333333333,1.1666666666666667,62.16666666666666,7.5,2.6666666666666665,15.333333333333334,0.0,0.0,16.91466869014111,26.000383481551705
1224.0,0.0,0.0,0.0,450.8333333333333,31.833333333333336,301.8333333333333,117.16666666666669,472.3539224575223,26.166666666666668,5.666666666666667,185.0,116.83333333333331,10.833333333333334,15.333333333333334,16.833333333333332,74.16666666666667,0.0,0.0,21.520589124188973,0.0
1225.0,0.0,0.0,0.0,1475.6666666666667,296.5,75.0,1104.1666666666667,1546.1109224722034,265.3333333333333,31.166666666666668,25.666666666666668,49.333333333333336,78.83333333333333,65.0,34.333333333333336,926.0,0.0,0.0,70.44425580553678,0.0
1226.0,1005.3333333333334,2514.6659528876867,0.399788024400963,2885.166666666667,635.6666666666667,140.5,2109.0,3170.713352526778,469.1666666666667,166.5,102.33333333333331,38.16666666666666,574.1666666666666,296.8333333333333,243.66666666666663,994.3333333333334,0.0,0.0,185.71168858256016,99.83499727755084
1227.0,754.5,1384.5191731905113,0.5449545333932186,1586.833333333333,320.8333333333333,146.83333333333334,1119.1666666666663,1773.4040669211483,240.5,80.33333333333333,42.16666666666666,104.66666666666669,293.8333333333333,182.5,123.0,519.8333333333334,0.0,0.0,111.569909565074,75.00082402274084
1228.0,633.6666666666666,1210.8576127537638,0.5233205456961744,1625.0000000000002,176.16666666666669,252.0,1196.8333333333337,1795.700503170185,118.66666666666669,57.5,44.0,208.0,293.3333333333333,221.16666666666663,127.0,555.3333333333334,0.0,0.0,107.86635351978524,62.83414965039962
1229.0,942.6666666666666,1793.8461368600672,0.5255002908536527,1856.1666666666667,244.5,102.66666666666669,1509.0,2083.328033778855,146.33333333333334,98.16666666666669,81.66666666666667,21.0,459.6666666666667,195.33333333333331,234.66666666666663,619.3333333333334,0.0,0.0,133.66003220493255,93.5013349072554
1230.0,530.0,893.7839355414427,0.592984477483289,2285.0000000000005,271.5,135.33333333333331,1878.166666666667,2471.9865553977334,176.66666666666666,94.83333333333331,102.33333333333331,33.0,544.0,313.1666666666667,296.1666666666667,724.8333333333334,0.0,0.0,134.31888863484423,52.66766676288893
1231.0,583.6666666666666,1243.0151767856105,0.4695571522915804,2422.666666666667,214.66666666666669,79.16666666666667,2128.833333333333,2624.170576105455,131.33333333333334,83.33333333333333,58.0,21.166666666666668,405.5,1027.3333333333333,190.66666666666663,505.3333333333333,0.0,0.0,143.66970836162747,57.834201077161374
1232.0,735.6666666411303,1348.9336849976505,0.5453690383915438,82.99999999711892,22.833333332540743,6.166666666452611,53.99999999812556,195.08223491452677,6.833333333096136,15.999999999444611,5.999999999791729,0.1666666666608813,18.666666666018713,6.666666666435255,3.8333333332002715,24.83333333247132,0.0,0.0,39.081158221738974,73.00107669566886
1233.0,584.0,1074.5331480082652,0.5434918420920672,237.0,33.666666666666664,16.333333333333332,187.0,334.1932345692068,2.833333333333333,30.83333333333333,12.5,3.8333333333333335,29.0,112.5,35.5,10.0,0.0,0.0,39.19237911036073,58.0008554588461
1234.0,595.0,1137.6347974807115,0.5230149440906919,490.0,148.83333333333331,15.833333333333334,325.33333333333337,600.7959144648252,114.83333333333331,34.0,4.0,11.833333333333334,97.0,55.833333333333336,30.33333333333333,142.16666666666666,0.0,0.0,51.79504425668867,59.00087020813656
1235.0,694.0,1350.7962944330322,0.5137710274007611,557.6666666666667,137.0,28.666666666666668,392.00000000000006,686.4187697460571,38.833333333333336,98.16666666666669,8.0,20.666666666666668,61.66666666666666,118.16666666666669,85.0,127.16666666666669,0.0,0.0,59.75108537834945,69.00101770104105
1236.0,607.0,1227.178030825967,0.4946307583354074,574.5,74.5,27.833333333333336,472.1666666666666,690.9024125062821,48.5,26.0,8.166666666666666,19.666666666666668,127.66666666666669,95.83333333333331,83.83333333333333,164.83333333333334,0.0,0.0,56.40152754885498,60.00088495742701
1237.0,203.16666666666663,425.9053043515309,0.4770230954883301,35.0,19.166666666666668,1.1666666666666667,14.666666666666668,66.36963265405497,1.5,17.666666666666668,0.1666666666666666,1.0,2.6666666666666665,1.5,1.1666666666666667,9.333333333333334,0.0,0.0,11.369337668245956,20.000294985809003
1238.0,635.0,1274.537300812084,0.4982200203912459,0.0,0.0,0.0,0.0,93.31415787165533,0.0,0.0,0.0,0.0,0.0,0.0,0.0,0.0,0.0,0.0,30.313228666356963,63.00092920529836
1239.0,228.0,519.0006286276702,0.4393058262816993,0.0,0.0,0.0,0.0,33.88445913278175,0.0,0.0,0.0,0.0,0.0,0.0,0.0,0.0,0.0,0.0,10.884119899101398,23.00033923368035
1240.0,503.6666666666667,1110.7552196666911,0.453445239553143,170.0,67.0,15.0,88.0,252.15980857870568,37.16666666666666,29.83333333333333,5.166666666666667,9.833333333333334,20.33333333333333,8.0,27.5,32.166666666666664,0.0,0.0,32.15907111418321,50.0007374645225
1241.0,382.1666666666667,937.405418794217,0.4076855744638718,117.0,1.6666666666666663,1.0,114.33333333333334,178.82960866963143,1.3333333333333333,0.3333333333333333,0.8333333333333334,0.1666666666666666,34.666666666666664,68.66666666666667,2.0,9.0,0.0,0.0,23.829048196594357,38.00056047303711
1242.0,454.0,1294.0239955014913,0.35084357135437433,169.0,29.666666666666668,17.5,121.83333333333331,243.74129916648909,26.0,3.6666666666666665,0.8333333333333334,16.666666666666668,20.666666666666668,11.333333333333334,18.33333333333333,71.5,0.0,0.0,29.740635448418825,45.00066371807026
1243.0,667.5,1435.8313496120293,0.4648874675847987,286.0,71.5,7.666666666666666,206.8333333333333,397.5184441293897,47.333333333333336,24.166666666666668,3.333333333333333,4.333333333333333,12.833333333333334,80.0,37.0,77.0,0.0,0.0,45.51747067621995,66.0009734531697
1244.0,398.1666666666667,827.7891049950396,0.4810001294581579,517.6666666666666,91.16666666666666,14.5,412.0,600.7215623073126,50.5,40.66666666666666,3.8333333333333335,10.666666666666666,55.5,63.16666666666666,44.16666666666666,249.16666666666663,0.0,0.0,43.72095763337416,39.33393800727189
1245.0,564.8333333333334,1192.3676777136282,0.47370735041761997,29.0,0.1666666666666666,0.0,28.83333333333333,113.34927365699738,0.1666666666666666,0.0,0.0,0.0,0.0,28.83333333333333,0.0,0.0,0.0,0.0,28.34844769673216,56.00082596026521
1246.0,0.0,0.0,0.0,1167.6666666666663,272.5,419.6666666666666,475.5,1223.4079668008974,260.1666666666667,12.333333333333334,231.16666666666663,188.5,44.16666666666666,18.33333333333333,12.333333333333334,400.6666666666667,0.0,0.0,55.741300134230585,0.0
1247.0,0.0,0.0,0.0,3455.333333333333,117.5,2427.5,910.3333333333331,3620.2815763872177,53.833333333333336,63.66666666666666,91.83333333333331,2335.6666666666665,468.3333333333333,174.0,26.33333333333333,241.66666666666663,0.0,0.0,164.9482430538841,0.0
1248.0,0.0,0.0,0.0,0.0,0.0,0.0,0.0,0.0,0.0,0.0,0.0,0.0,0.0,0.0,0.0,0.0,0.0,0.0,0.0,0.0
1249.0,1715.8333333333333,4509.303189010775,0.3805096400514473,810.0,71.33333333333334,92.5,646.1666666666666,1100.5267517697723,45.833333333333336,25.5,65.16666666666667,27.33333333333333,187.16666666666663,96.66666666666669,37.0,325.3333333333333,0.0,0.0,120.52395976808472,170.00279200168768
1250.0,0.0,0.0,0.0,1468.0,440.1666666666667,508.0,519.8333333333333,1538.0788580967817,392.1666666666667,48.0,43.833333333333336,464.1666666666667,66.83333333333333,56.0,39.5,357.5,0.0,0.0,70.07885809678157,0.0
1251.0,0.0,0.0,0.0,523.6666666666666,78.33333333333333,156.83333333333331,288.5,548.6652613270506,69.5,8.833333333333334,16.666666666666668,140.16666666666666,60.0,66.83333333333333,19.83333333333333,141.83333333333334,0.0,0.0,24.998594660383976,0.0
1252.0,0.0,0.0,0.0,368.8333333333333,42.5,175.83333333333331,150.5,386.44057802804593,16.166666666666668,26.33333333333333,34.666666666666664,141.16666666666666,4.833333333333333,10.666666666666666,8.5,126.5,0.0,0.0,17.60724469471259,0.0
1253.0,463.8333333333333,857.9522283536747,0.5406283916569382,3530.333333333334,1031.3333333333337,133.33333333333331,2365.666666666667,3767.00892272506,786.3333333333334,245.0,94.83333333333331,38.5,628.3333333333334,303.5,252.83333333333331,1181.0,0.0,0.0,190.67623858661852,45.999350805107525
1254.0,599.1666666666666,1070.7437911134875,0.5595798655470898,3269.166666666667,551.3333333333334,148.66666666666669,2569.166666666667,3513.649827630823,408.6666666666667,142.66666666666666,112.66666666666669,36.0,719.8333333333334,332.0,313.1666666666667,1204.1666666666667,0.0,0.0,185.14946043446943,59.333700529686816
1255.0,786.6666666666666,1280.603731941745,0.614293592190197,1414.1666666666667,158.33333333333334,82.33333333333334,1173.5,1597.1352268077635,106.66666666666669,51.66666666666666,64.66666666666667,17.666666666666668,342.0,196.0,161.33333333333334,474.1666666666667,0.0,0.0,104.96733362094734,78.00122652014969
1256.0,650.3333333333334,1050.990497732927,0.6187813636147576,531.9999999999999,74.83333333333333,28.833333333333336,428.33333333333326,653.2565335588183,52.5,22.33333333333333,19.166666666666668,9.666666666666666,122.83333333333331,87.83333333333333,45.5,172.16666666666666,0.0,0.0,56.422243975509126,64.83428958330917
1257.0,306.6666666666667,499.1748312559814,0.61434721357056,1996.5,67.66666666666667,35.0,1893.8333333333333,2136.940093295512,46.0,21.666666666666668,8.333333333333334,26.666666666666668,1275.5,184.83333333333331,47.0,386.5,0.0,0.0,109.93970969921038,30.50038359630168
1258.0,1035.0,1565.605479945827,0.6610860866658521,7663.5,365.1666666666667,47.5,7250.833333333333,8181.411647962346,275.5,89.66666666666667,22.5,25.0,167.66666666666666,6362.0,104.33333333333331,616.8333333333334,0.0,0.0,415.2434744037462,102.6681735586011
1259.0,738.0,1248.2799925741544,0.591213513306518,1809.333333333333,252.16666666666663,105.5,1451.6666666666663,2003.9375455945149,175.66666666666666,76.5,12.666666666666666,92.83333333333331,306.3333333333333,259.3333333333333,228.33333333333331,657.6666666666666,0.0,0.0,121.60313556297898,73.00107669820285
1260.0,769.0,1419.71491437882,0.5416580414924127,591.1666666666667,199.83333333333331,8.0,383.33333333333337,732.0985101254699,63.833333333333336,136.0,2.833333333333333,5.166666666666667,40.66666666666666,35.0,93.83333333333331,213.83333333333331,0.0,0.0,64.93072251272902,76.00112094607421
1261.0,666.8333333333334,1314.240271861922,0.5073907318245631,716.5,143.16666666666666,33.833333333333336,539.5,848.52858756816,65.83333333333333,77.33333333333333,15.833333333333334,18.0,106.66666666666669,79.66666666666667,128.16666666666666,225.0,0.0,0.0,66.02761411499023,66.0009734531697
1262.0,504.5,865.7882136715472,0.5827060152049973,264.0,50.83333333333333,3.333333333333333,209.8333333333333,350.6870102534716,32.166666666666664,18.666666666666668,1.8333333333333333,1.5,57.833333333333336,28.666666666666668,30.0,93.33333333333331,0.0,0.0,36.686272788949054,50.0007374645225
1263.0,257.0,379.8397983339184,0.6766010331915522,760.0,70.83333333333333,20.666666666666668,668.5,833.8826347513552,34.666666666666664,36.16666666666666,6.833333333333333,13.833333333333334,59.333333333333336,435.1666666666667,33.0,141.0,0.0,0.0,48.548903234149655,25.33373151720559
1264.0,533.0,932.8037785464188,0.5713956270959472,523.3333333333333,180.66666666666663,10.666666666666666,332.0,626.7604638097578,30.0,150.66666666666666,4.833333333333333,5.833333333333333,52.5,44.0,118.16666666666669,117.33333333333331,0.0,0.0,50.42634876403056,53.00078171239386
1265.0,543.0,1212.5073033664646,0.4478323540752194,60.99999999999999,11.5,2.6666666666666665,46.83333333333333,143.83416672070732,9.833333333333334,1.6666666666666667,0.6666666666666666,2.0,3.0,4.166666666666667,1.0,38.66666666666666,0.0,0.0,28.833370259023,54.00079646168431
1266.0,546.3333333333334,1105.4899794708556,0.4942001677797538,25.0,5.0,1.0,19.0,106.27528608761055,4.833333333333333,0.1666666666666666,0.0,1.0,3.8333333333333335,1.0,4.166666666666667,10.0,0.0,0.0,27.274489625926268,54.00079646168431
1267.0,522.5,1088.4309595573684,0.48004882203321814,4.0,0.0,0.0,4.0,80.96796557530647,0.0,0.0,0.0,0.0,0.0,4.0,0.0,0.0,0.0,0.0,25.133835837663806,51.834129737642655
1268.0,717.5,1508.0552018355763,0.47577833963018895,61.0,0.0,0.1666666666666666,60.833333333333336,168.99831627650616,0.0,0.0,0.1666666666666666,0.0,0.5,59.0,0.3333333333333333,1.0,0.0,0.0,37.16390630234497,70.8344099741612
1269.0,577.3333333333334,1145.1455732804714,0.5041571541681468,176.99999999999997,0.0,0.3333333333333333,176.66666666666663,273.17720844812635,0.0,0.0,0.3333333333333333,0.0,0.1666666666666666,175.66666666666666,0.1666666666666666,0.6666666666666666,0.0,0.0,39.00967162029307,57.16753682783333
1270.0,500.5,1019.2191545883396,0.4910621996720135,14.0,11.666666666666668,0.0,2.333333333333333,88.39557876227168,0.3333333333333333,11.333333333333334,0.0,0.0,0.5,0.0,0.5,1.3333333333333333,0.0,0.0,24.561549690603684,49.834029071668
1271.0,346.0,550.5284252144934,0.6284870756041229,361.0,118.66666666666669,5.666666666666666,236.66666666666669,428.7508206366853,59.333333333333336,59.333333333333336,2.0,3.6666666666666665,23.33333333333333,23.33333333333333,77.16666666666667,112.83333333333331,0.0,0.0,33.75031916081004,34.0005014758753
1272.0,745.8333333333334,1524.7340136123296,0.48915635558384335,352.99999999999994,44.33333333333333,12.5,296.16666666666663,479.45636731264005,26.5,17.833333333333332,2.5,10.0,79.83333333333333,66.83333333333333,17.666666666666668,131.83333333333334,0.0,0.0,52.45527586514672,74.00109144749331
1273.0,1805.8333333333333,3249.0106496278986,0.5558102228874353,902.5,292.83333333333337,36.833333333333336,572.8333333333333,1210.7894737842062,138.0,154.83333333333334,25.5,11.333333333333334,135.16666666666666,98.16666666666669,74.5,265.0,0.0,0.0,129.2868336612156,179.00264012299056
1274.0,360.1666666666667,631.0691767618999,0.570724541665511,563.0,224.5,16.0,322.5,642.9351480439907,104.0,120.5,9.666666666666666,6.333333333333333,46.333333333333336,69.66666666666667,28.666666666666668,177.83333333333334,0.0,0.0,44.101283736201104,35.83386430778954
1275.0,318.6666666666667,640.6631252081607,0.49740129270453526,1186.3333333333333,3.0,4.833333333333334,1178.5,1306.67677021527,2.333333333333333,0.6666666666666666,0.6666666666666666,4.166666666666667,780.1666666666666,5.5,29.666666666666668,363.1666666666667,0.0,16.81838819308786,71.85788060368179,31.66716808516698
1276.0,690.0,1055.9123072264345,0.653463356073975,626.0,117.66666666666666,53.0,455.33333333333337,757.1569802025916,72.83333333333333,44.833333333333336,6.666666666666667,46.333333333333336,108.66666666666669,52.0,33.833333333333336,260.8333333333333,0.0,0.0,62.822614465896656,68.33436573669495
1277.0,0.0,0.0,0.0,155.8333283937878,5.666666487046829,0.8333333069186515,149.33332859982235,163.2734064933888,3.666666550442066,1.9999999366047634,0.8333333069186515,0.0,1.833333275221033,135.99999568912392,2.1666665979884936,9.333333037488897,0.0,0.0,7.4400780996009725,0.0
1278.0,593.0000023231103,1225.6319229572425,0.4838320471388356,26.000000101856436,0.0,0.0,26.000000101856436,114.55026745232827,0.0,0.0,0.0,0.0,0.0,26.000000101856436,0.0,0.0,0.0,0.0,29.549396911196123,59.00087043927572
1279.0,374.8333333333333,894.1271453439828,0.41921703785106523,9.0,2.0,4.0,3.0,64.32329956157255,2.0,0.0,4.0,0.0,0.0,0.0,0.0,3.0,0.0,0.0,18.32275383782589,37.00054572374666
1280.0,811.3333333333334,1601.443234155253,0.5066263455546737,446.00000000000006,21.666666666666668,8.0,416.33333333333337,586.3568295157343,14.0,7.666666666666667,2.5,5.5,182.0,40.66666666666666,39.833333333333336,153.83333333333334,0.0,0.0,60.02231378526152,80.33451573047277
1281.0,576.3333333333334,1237.7532941113857,0.465628599879508,75.0,0.3333333333333333,18.166666666666668,56.49999999999999,168.6999115664683,0.0,0.3333333333333333,0.0,18.166666666666668,31.83333333333333,2.0,14.666666666666666,8.0,0.0,5.606129399563603,31.09294145734904,57.00084070955566
1282.0,378.1666666666667,659.2816098012967,0.5736041488866097,86.0,35.5,30.0,20.5,145.65874751792785,31.5,4.0,0.0,30.0,10.166666666666666,0.3333333333333333,0.3333333333333333,9.666666666666666,0.0,0.0,22.158228781483675,37.50051873644417
1283.0,285.0,456.364668439074,0.6245005797113944,94.83333333333334,19.0,12.5,63.333333333333336,140.96604408335287,13.833333333333334,5.166666666666667,4.0,8.5,10.166666666666666,10.333333333333334,5.0,37.833333333333336,0.0,0.0,18.13229776988692,28.0004129801326
1284.0,589.6666666666666,1102.993263880726,0.5346058638581416,68.0,13.166666666666668,6.0,48.83333333333333,157.89608090960903,7.666666666666667,5.5,2.0,4.0,9.166666666666666,10.166666666666666,10.666666666666666,18.83333333333333,0.0,0.0,31.39518127067165,58.500899638937376
1285.0,220.0,331.7751440904749,0.6630997044793872,0.0,0.0,0.0,0.0,32.50254543966318,0.0,0.0,0.0,0.0,0.0,0.0,0.0,0.0,0.0,0.0,10.50222095527328,22.000324484389903
1286.0,582.1666666666666,978.6305417653132,0.5948789066162998,119.0,23.666666666666664,2.833333333333333,92.5,210.4726924827835,15.666666666666666,8.0,0.6666666666666666,2.1666666666666665,17.833333333333332,3.333333333333333,2.0,69.33333333333333,0.0,0.0,33.47183702393737,58.0008554588461
1287.0,736.8333333333334,1832.7709841179496,0.40203240869613954,1083.3333333333333,136.16666666666666,44.16666666666666,903.0,1243.2134991763849,82.83333333333333,53.333333333333336,33.5,10.666666666666666,260.8333333333333,205.66666666666663,136.16666666666666,300.3333333333333,0.0,0.0,86.8790891448487,73.00107669820285
1288.0,309.3333333333333,521.9837310775556,0.592611062215985,1787.0,565.3333333333333,51.16666666666666,1170.5,1917.6834330031552,302.0,263.3333333333333,21.83333333333333,29.33333333333333,443.3333333333333,103.5,286.0,337.6666666666667,0.0,0.0,100.01633122454491,30.66710177861017
1289.0,197.83333333333331,330.4268146355888,0.598720577661089,66.0,2.666666666666667,0.0,63.333333333333336,98.5950410785552,2.333333333333333,0.3333333333333333,0.0,0.0,8.166666666666666,0.1666666666666666,0.1666666666666666,54.833333333333336,0.0,0.0,12.594746092746195,20.000294985809003
1290.0,780.1666666666666,1550.4004718157776,0.5032033212380033,125.0,13.166666666666668,32.833333333333336,79.0,245.21135577786936,0.3333333333333333,12.833333333333334,32.833333333333336,0.0,21.83333333333333,1.3333333333333333,9.333333333333334,46.5,0.0,0.0,43.210220082504726,77.00113569536465
1291.0,433.1666666666667,1106.9548818019468,0.3913137507118087,309.0,26.0,3.333333333333333,279.6666666666667,387.4299185193002,22.666666666666668,3.333333333333333,1.1666666666666667,2.1666666666666665,12.833333333333334,33.333333333333336,15.166666666666666,218.33333333333331,0.0,0.0,35.42928429981084,43.00063421948935
1292.0,472.0,1080.3728628707142,0.4368862049587441,325.0,23.333333333333336,15.666666666666666,286.0,413.0474062568665,13.333333333333334,10.0,2.5,13.166666666666666,17.5,37.16666666666666,20.666666666666668,210.66666666666663,0.0,0.0,41.046713040215366,47.00069321665115
1293.0,247.5,490.67980779365394,0.5044022518735506,1513.6666666666667,459.8333333333333,30.5,1023.3333333333334,1622.5699039212363,358.8333333333333,101.0,8.833333333333334,21.666666666666668,161.83333333333334,106.0,131.66666666666666,623.8333333333334,0.0,0.0,84.06957691516293,24.833660339406737
1294.0,0.0,0.0,0.0,30.0,0.0,0.0,30.0,31.432121039355447,0.0,0.0,0.0,0.0,0.0,0.0,0.0,30.0,0.0,0.0,1.432121039355447,0.0
1295.0,200.0,380.2754030335871,0.5259346210786485,45.0,0.0,0.0,45.0,76.69595014054515,0.0,0.0,0.0,0.0,0.0,45.0,0.0,0.0,0.0,0.0,11.695655154736151,20.000294985809003
1296.0,470.3333333333333,936.3663768589746,0.5022962645359593,25.0,0.0,17.666666666666668,7.333333333333333,95.4804607702978,0.0,0.0,17.666666666666668,0.0,0.1666666666666666,0.0,0.1666666666666666,7.0,0.0,0.0,23.646436674216726,46.834024096081066
1297.0,608.5,1073.1498224049806,0.5670224113128232,571.0,87.16666666666667,13.666666666666666,470.1666666666666,687.3072909497681,63.5,23.666666666666668,3.1666666666666665,10.5,126.16666666666669,45.333333333333336,84.5,214.16666666666663,0.0,0.0,56.30640599234101,60.00088495742701
1298.0,747.5,1631.886624951873,0.4580587821301893,287.0,113.0,13.5,160.5,410.3854388584176,66.0,47.0,7.5,6.0,33.0,29.0,24.0,74.5,0.0,0.0,49.38434741092431,74.00109144749331
1299.0,437.6666666666667,835.9057500323621,0.5235837493039406,173.0,24.666666666666668,8.833333333333334,139.5,245.31888384094407,20.666666666666668,4.0,5.0,3.8333333333333335,17.833333333333332,85.66666666666667,7.5,28.5,0.0,0.0,29.15155350317709,43.16733033776703
1300.0,198.33333333333331,509.666314955444,0.38914349941033866,294.0,78.0,0.1666666666666666,215.83333333333331,337.5028611377191,53.16666666666666,24.83333333333333,0.1666666666666666,0.0,132.33333333333334,1.1666666666666667,79.66666666666667,2.6666666666666665,0.0,0.0,23.50256615191013,20.000294985809003
1301.0,733.6666666666666,1270.533903639297,0.5774475317542992,2263.333333333333,748.3333333333334,29.666666666666664,1485.3333333333333,2479.2559588404056,625.3333333333334,123.0,17.333333333333332,12.333333333333334,218.66666666666663,146.0,120.66666666666669,1000.0,0.0,0.0,143.0882449271473,72.8343805799252
1302.0,3.333333333333333,8.924516907153295,0.3735029434099179,882.3333333333333,88.16666666666666,231.0,563.1666666666666,972.6326820010728,63.16666666666666,25.0,166.5,64.5,93.33333333333331,86.5,51.833333333333336,331.5,5.015018390807719,0.0,85.2843302769319,0.0
1303.0,471.0,1096.5012586699206,0.4295480705342126,516.0,54.0,57.66666666666666,404.33333333333337,616.6384629030249,30.33333333333333,23.666666666666668,6.0,51.66666666666666,76.66666666666667,95.5,31.33333333333333,200.83333333333331,6.85367602035485,0.0,47.11745890486656,46.6673279778034
1304.0,330.0,761.5311703209896,0.4333374822476448,34.0,3.666666666666667,2.833333333333333,27.5,96.24558308192684,2.833333333333333,0.8333333333333334,0.1666666666666666,2.6666666666666665,4.333333333333333,6.833333333333333,3.1666666666666665,13.166666666666666,11.86869441116257,0.0,17.376401944179424,33.00048672658485
1305.0,10.666666666666666,30.86762399911227,0.34556163658639333,622.8333333333334,19.33333333333333,579.6666666666666,23.833333333333336,665.9440467873774,18.0,1.3333333333333333,4.0,575.6666666666666,3.8333333333333335,3.5,3.333333333333333,13.166666666666666,11.86869441116257,0.0,30.24199447291754,1.0000245699638692
1306.0,1461.1666378114826,3731.1896920886206,0.39160877853775383,550.166655801951,98.16666472806698,31.66666604131193,420.3333250325721,791.1849337632303,51.49999898297572,46.66666574509126,8.499999832141624,23.16666620917031,56.33333222086017,156.1666635826804,36.833332605947035,170.99999662308443,0.0,0.0,96.01611517996574,145.00216278131364
1307.0,507.6666666666667,1193.2344298786,0.4254542560578954,88.33333333333334,12.5,1.5,74.33333333333334,166.78610273732585,9.666666666666666,2.833333333333333,0.8333333333333334,0.6666666666666666,5.333333333333333,47.833333333333336,2.6666666666666665,18.5,0.0,0.0,28.452031939469997,50.0007374645225
1308.0,936.5,2230.8997603033986,0.419785781801616,0.0,0.0,0.0,0.0,137.70782398219075,0.0,0.0,0.0,0.0,0.0,0.0,0.0,0.0,0.0,0.0,44.7064522981789,93.00137168401189
1309.0,1208.8333333333333,3383.9823101950046,0.35722211953988414,90.33333333333334,10.5,4.166666666666667,75.66666666666667,272.35337903578414,8.0,2.5,1.6666666666666667,2.5,5.333333333333333,43.333333333333336,2.333333333333333,24.666666666666668,0.0,0.0,62.01827578759679,120.00176991485402
1310.0,1256.3333231003853,3458.2258548200152,0.3632883957967435,104.99999914476557,22.999999812662935,2.4999999796372756,79.49999935246535,294.4832405110717,13.999999885968743,8.999999926694192,1.666666653091517,0.8333333265457585,13.166666559422984,6.833333277675219,10.166666583858254,49.333332931508906,0.0,0.0,64.98141345796382,124.50182790834232
1311.0,927.3333333333334,2447.1636979102263,0.3789420928911444,78.33333333333333,9.166666666666666,4.666666666666666,64.5,221.171567347981,5.333333333333333,3.8333333333333335,1.5,3.1666666666666665,14.666666666666666,11.666666666666666,4.666666666666667,33.5,0.0,0.0,51.0035854727808,91.8346485418669
1312.0,1335.0,3047.82044832478,0.4380179287575081,145.0,5.166666666666667,8.833333333333334,131.0,358.98962119957434,3.5,1.6666666666666667,1.3333333333333333,7.5,14.333333333333334,87.0,6.0,23.666666666666668,1.0030036781615437,0.0,80.65130783012906,132.33530969128375
1313.0,1162.1666666666667,3209.1756603325543,0.3621386890819918,393.0,46.66666666666666,43.833333333333336,302.5,589.0832432292217,30.33333333333333,16.333333333333332,15.166666666666666,28.666666666666668,61.5,57.16666666666666,44.5,139.33333333333334,4.012014712646175,0.0,76.90289512271302,115.16833339386253
1314.0,777.0,1686.7105269920387,0.46065995769033785,196.0,12.666666666666666,27.83333333333333,155.5,319.43237036130057,8.166666666666666,4.5,21.33333333333333,6.5,14.833333333333334,90.0,7.833333333333333,42.833333333333336,0.0,0.0,46.431249394416135,77.00112096688439
1315.0,763.5,1819.279113342321,0.41967172293718163,765.1666666666666,352.16666666666663,4.0,409.0,938.9986283615058,244.66666666666663,107.5,1.6666666666666667,2.333333333333333,16.666666666666668,9.166666666666666,22.0,361.1666666666667,0.0,0.0,97.99750741543154,75.83445427940755
1316.0,1192.3333333333333,3352.075926923415,0.3556999779619176,413.0,21.833333333333336,23.33333333333333,367.8333333333333,621.8029493587039,16.166666666666668,5.666666666666667,9.666666666666666,13.666666666666666,33.666666666666664,182.0,75.33333333333333,76.83333333333333,0.0,0.0,90.63451282415326,118.16843653455078
1317.0,930.0,2294.486145403283,0.40531950993172877,206.8333333333333,15.166666666666666,76.5,115.16666666666666,354.1071085054503,11.5,3.6666666666666665,15.333333333333334,61.16666666666666,12.0,18.83333333333333,10.5,73.83333333333333,1.0030036781615437,0.0,54.26941455923404,92.0013569347214
1318.0,339.1666666666667,902.5925409424592,0.37576941009563336,0.0,0.0,0.0,0.0,50.19141129159028,0.0,0.0,0.0,0.0,0.0,0.0,0.0,0.0,0.0,0.0,16.190909815714974,34.0005014758753
1319.0,0.0,0.0,0.0,745.6666666666666,46.833333333333336,413.6666666666667,285.16666666666663,781.2626438478875,38.5,8.333333333333334,225.33333333333331,188.33333333333331,15.5,37.5,26.0,206.16666666666663,0.0,0.0,35.59597718122091,0.0
1320.0,515.0,1403.562008161284,0.3669235822895123,0.0,0.0,0.0,0.0,83.60952614804049,0.0,0.0,0.0,0.0,0.0,0.0,0.0,0.0,8.02402942529235,0.0,24.584744508935177,51.00075221381295
1321.0,0.0,0.0,0.0,829.8333333333334,33.16666666666667,374.5,422.1666666666667,869.447446693552,27.166666666666668,6.0,42.5,332.0,205.16666666666663,37.333333333333336,16.166666666666668,163.5,0.0,0.0,39.614113360218624,0.0
1322.0,0.0,0.0,0.0,566.8333333333333,32.333333333333336,276.0,258.5,593.8922637173986,26.0,6.333333333333333,28.83333333333333,247.16666666666663,24.666666666666668,34.0,16.166666666666668,183.66666666666663,0.0,0.0,27.058930384065164,0.0
1323.0,0.0,0.0,0.0,158.83333333333331,46.16666666666666,43.5,69.16666666666667,166.41563277091876,43.5,2.6666666666666665,14.166666666666666,29.33333333333333,13.333333333333334,7.5,7.0,41.333333333333336,0.0,0.0,7.582299437585447,0.0
1324.0,0.0,0.0,0.0,3033.666666666667,313.0,1197.1666666666667,1523.5,3178.4861529347622,266.1666666666667,46.833333333333336,27.666666666666668,1169.5,127.83333333333331,83.0,46.16666666666666,1266.5,0.0,0.0,144.8194862680954,0.0
1325.0,0.0,0.0,0.0,4056.1666666666665,262.0,2377.1666666666665,1417.0,4366.387423078159,209.0,53.0,386.6666666666667,1990.5,590.3333333333334,141.16666666666666,120.33333333333331,565.1666666666666,2.006007356323088,7.4748391989512255,300.73990985621714,0.0
1326.0,0.0,0.0,0.0,3509.833333333333,346.83333333333337,2555.1666666666665,607.8333333333334,3677.3835528669215,343.6666666666667,3.1666666666666665,1772.8333333333333,782.3333333333334,173.33333333333334,6.5,157.0,271.0,0.0,0.0,167.5502195335889,0.0
1327.0,344.0,1215.3023212983298,0.2830571405742881,3120.5,129.83333333333334,1970.6666666666663,1020.0,3319.8864493673905,77.16666666666667,52.66666666666666,1292.3333333333333,678.3333333333334,192.33333333333331,90.66666666666669,27.5,709.5,0.0,0.0,165.3859478915152,34.0005014758753
1328.0,0.0,0.0,0.0,3682.6666666666665,238.16666666666669,2345.5,1099.0,3858.467501045618,208.83333333333331,29.33333333333333,305.5,2040.0,450.1666666666667,80.83333333333333,31.83333333333333,536.1666666666666,0.0,0.0,175.8008343789512,0.0
1329.0,0.0,0.0,0.0,872.0,27.0,700.0,145.0,913.626984877265,23.83333333333333,3.1666666666666665,368.5,331.5,8.5,26.33333333333333,5.5,104.66666666666669,0.0,0.0,41.626984877265,0.0
1330.0,0.0,0.0,0.0,5554.333333333334,447.0,2466.166666666667,2641.166666666667,5819.482496201536,255.83333333333331,191.16666666666663,1211.5,1254.6666666666667,415.0,539.1666666666666,214.33333333333331,1472.6666666666667,0.0,0.0,265.14916286820227,0.0
1331.0,1029.3333333333333,2342.157683586503,0.43948080035206427,3715.5,229.33333333333331,379.5,3106.6666666666665,4110.102365000425,161.83333333333334,67.5,176.5,203.0,662.1666666666666,252.5,447.6666666666667,1744.3333333333333,1.0030036781615437,0.0,291.4312025025478,102.16815881971574
1332.0,75.0,213.0761354853959,0.3519868606080499,1731.3333333333333,112.83333333333331,939.1666666666666,679.3333333333333,1824.7308149924145,94.33333333333331,18.5,386.5,552.6666666666666,52.16666666666666,111.0,50.16666666666666,466.0,0.0,0.0,86.23074118858695,7.166740470493906
1333.0,275.3333333333333,714.3460929751174,0.385434085859729,389.5,36.5,102.16666666666666,250.83333333333331,452.4171095237502,28.83333333333333,7.666666666666667,59.66666666666666,42.5,19.666666666666668,71.83333333333333,27.0,132.33333333333334,4.012014712646175,0.0,31.73805935480105,27.16703545630291
1334.0,388.0,1114.538590879362,0.3481261242770169,511.5,96.66666666666669,38.0,376.8333333333333,592.924198082654,73.5,23.166666666666668,14.666666666666666,23.33333333333333,77.0,54.16666666666666,26.166666666666668,219.5,0.0,0.0,42.92361549355638,38.500582589097554
1335.0,335.3333333333333,845.8388648603772,0.3964506092879604,3579.166666666667,600.1666666666667,1253.3333333333333,1725.6666666666667,3812.6736436960095,332.1666666666667,268.0,222.5,1030.8333333333333,380.3333333333333,170.66666666666666,154.83333333333334,1019.8333333333334,2.6743120290226075,0.0,197.49892596503372,33.33373903528621
1336.0,50.833333333333336,127.76256529576744,0.3978734554652634,3894.0,261.0,187.5,3445.5,4279.904314945214,173.16666666666666,87.83333333333333,134.33333333333334,53.16666666666666,2263.833333333333,271.3333333333333,244.16666666666663,666.1666666666666,0.0,0.0,380.9042411987612,5.000073746452251
1337.0,0.0,0.0,0.0,4803.499999999999,142.5,48.333333333333336,4612.666666666666,5032.806470330314,72.66666666666667,69.83333333333333,14.0,34.333333333333336,967.0,192.5,66.0,3387.1666666666665,0.0,0.0,229.306470330314,0.0
1338.0,686.1666666666666,2071.460256966707,0.3312478066421792,63.99999999999999,0.1666666666666666,0.0,63.83333333333333,203.81516685613445,0.0,0.1666666666666666,0.0,0.0,0.1666666666666666,63.5,0.0,0.1666666666666666,1.0030036781615437,0.0,70.81116022622228,68.0010029517506
1339.0,349.6666666666667,1042.4804879748174,0.3354179485372904,46.0,4.666666666666667,5.166666666666667,36.16666666666666,99.88822244256876,3.0,1.6666666666666667,1.0,4.166666666666667,5.666666666666667,6.666666666666667,2.5,21.33333333333333,0.0,0.0,18.88770621740301,35.000516225165754
1340.0,501.0,1353.0166190945213,0.37028370008883116,0.0,0.0,0.0,0.0,119.58312738692048,0.0,0.0,0.0,0.0,0.0,0.0,0.0,0.0,0.0,0.0,69.91576498191914,49.66736240500133
1341.0,305.3333333333333,777.5515561832104,0.39268564367889863,1972.833333333333,371.8333333333333,80.83333333333334,1520.1666666666663,2111.773355927809,209.66666666666663,162.16666666666666,53.333333333333336,27.5,380.8333333333333,287.3333333333333,206.16666666666663,645.8333333333334,0.0,0.0,108.77301405769472,30.1670085367805
1342.0,1370.5,3532.452645984501,0.38797406146630425,1802.8333333333333,667.6666666666666,35.166666666666664,1100.0,2090.0374700757643,269.8333333333333,397.8333333333333,22.33333333333333,12.833333333333334,192.0,262.1666666666667,92.5,553.3333333333334,0.0,0.0,151.53539790227083,135.66873884015988
1343.0,0.0,0.0,0.0,3703.0,291.5,184.16666666666669,3227.333333333333,3879.718839549735,188.33333333333331,103.16666666666669,81.0,103.16666666666669,967.5,673.5,199.33333333333331,1387.0,0.0,0.0,176.7188395497341,0.0
1344.0,0.0,0.0,0.0,1498.0,9.333333333333334,169.5,1319.1666666666667,1571.5165845881384,8.0,1.3333333333333333,1.1666666666666667,168.33333333333334,1093.6666666666667,3.333333333333333,59.66666666666666,162.5,2.006007356323088,0.0,71.51057723181532,0.0
1345.0,308.0,784.0259463640014,0.39284414173839627,0.0,0.0,0.0,0.0,45.70356656538655,0.0,0.0,0.0,0.0,0.0,0.0,0.0,0.0,0.0,0.0,14.70310933738259,31.000457228003956
1346.0,0.0,0.0,0.0,683.9999999999999,35.5,137.66666666666666,510.83333333333326,716.6523596973042,24.83333333333333,10.666666666666666,14.666666666666666,123.0,64.33333333333333,267.0,11.333333333333334,168.16666666666666,0.0,0.0,32.65235969730419,0.0
1347.0,717.1666666666666,1998.8498532954084,0.35878966370801096,557.8333333333334,78.0,152.83333333333334,327.0,690.5389050093644,46.5,31.5,82.16666666666667,70.66666666666667,60.0,54.16666666666666,21.166666666666668,191.66666666666663,0.0,0.0,61.70452447640904,71.00104719962196
1348.0,645.1666666666666,1716.0221207723157,0.3759664044285757,206.8333333333333,28.5,3.166666666666667,175.16666666666666,311.5062199706032,8.166666666666666,20.33333333333333,0.8333333333333334,2.333333333333333,2.1666666666666665,162.0,1.8333333333333333,9.166666666666666,0.0,0.0,40.671942682681085,64.0009439545888
1349.0,433.5,1285.6747835227927,0.3371770260689062,8.0,1.6666666666666667,0.0,6.333333333333334,72.07666122463799,0.0,1.6666666666666667,0.0,0.0,0.0,0.0,0.1666666666666666,6.166666666666667,0.0,0.0,21.07602700514864,43.00063421948935
1350.0,1292.8333333333333,3654.618005901412,0.35375334200337466,1323.0,215.33333333333331,18.166666666666668,1089.5,1575.8732954146924,105.66666666666669,109.66666666666669,4.333333333333333,13.833333333333334,152.66666666666666,202.16666666666663,63.16666666666666,671.5,0.0,0.0,124.87140750551475,128.0018879091776
1351.0,650.8333333333334,1510.4195960296145,0.4308957160276227,1385.4999999999998,52.16666666666667,77.66666666666667,1255.6666666666663,1547.2127027619006,33.0,19.166666666666668,41.833333333333336,35.833333333333336,377.0,118.33333333333331,258.8333333333333,501.5,0.0,0.0,97.21130236174326,64.50140040015727
1352.0,380.1666666666667,920.648598124645,0.4129335203910196,561.0,35.5,52.33333333333333,473.1666666666666,643.9295810005724,33.0,2.5,15.666666666666666,36.66666666666666,43.66666666666666,209.5,49.0,171.0,0.0,0.0,44.92902052753531,38.00056047303711
1353.0,299.5,632.5853014767803,0.4734539346722293,267.16666666666663,35.833333333333336,15.0,216.3333333333333,336.88928595287354,20.166666666666668,15.666666666666666,2.1666666666666665,12.833333333333334,51.5,36.0,8.333333333333334,120.5,2.006007356323088,0.0,38.04953469001797,29.667077239865744
1354.0,1147.8333333333333,2912.325661901288,0.39412945754973694,84.0,37.333333333333336,3.5,43.16666666666667,261.47365647727946,3.8333333333333335,33.5,0.6666666666666666,2.833333333333333,11.333333333333334,3.0,5.833333333333333,23.0,0.0,0.0,63.80532067648343,113.66833580079604
1355.0,865.1666666666666,2583.87245414112,0.3348333487901392,154.66666666666666,13.666666666666666,3.0,138.0,320.1855958296502,7.833333333333333,5.833333333333333,1.8333333333333333,1.1666666666666667,13.5,91.33333333333331,9.5,23.666666666666668,0.0,0.0,79.68429794946557,85.83463121351797
1356.0,29.33333333333333,53.69857415762215,0.5462590728616146,1357.8333333333337,690.5,49.333333333333336,618.0,1427.0481029542914,458.3333333333333,232.16666666666663,11.333333333333334,38.0,66.5,190.5,22.666666666666668,338.3333333333333,0.0,0.0,66.21472537308689,3.0000442478713505
1357.0,318.8333333333333,847.4071249000149,0.3762457548028668,25.66666666666667,13.666666666666668,0.3333333333333333,11.666666666666668,73.78332606715779,9.0,4.666666666666667,0.3333333333333333,0.0,1.6666666666666667,2.6666666666666665,0.6666666666666666,6.666666666666667,0.0,0.0,16.44952321043347,31.667136190057647
1358.0,601.3333333333334,1727.844500701082,0.34802514525429756,641.1666666666667,119.16666666666666,24.166666666666668,497.83333333333337,760.3155551028138,59.66666666666666,59.5,11.833333333333334,12.333333333333334,60.0,99.66666666666669,45.0,293.1666666666667,0.0,0.0,59.314640704180825,59.83424773196625
1359.0,380.0,991.9411120547984,0.3830872572796513,0.0,0.0,0.0,0.0,56.14076030487277,0.0,0.0,0.0,0.0,0.0,0.0,0.0,0.0,0.0,0.0,18.140199831835663,38.00056047303711
1360.0,444.0,1304.2620089101165,0.3404223974682976,387.1666666666667,60.33333333333333,101.33333333333334,225.5,470.8468545094698,41.0,19.33333333333333,3.1666666666666665,98.16666666666669,58.333333333333336,54.66666666666666,14.333333333333334,98.16666666666669,0.0,0.0,39.67953887402329,44.00064896877981
1361.0,318.0,829.817855330411,0.38321662754940483,44.0,0.1666666666666666,0.0,43.833333333333336,93.11469079266227,0.0,0.1666666666666666,0.0,0.0,0.0,43.833333333333336,0.0,0.0,0.0,0.0,17.280927208222394,31.83376358443989
1362.0,346.3333333333333,1306.9618608577564,0.26499115521705846,0.0,0.0,0.0,0.0,53.70083870723072,0.0,0.0,0.0,0.0,0.0,0.0,0.0,0.0,0.0,0.0,19.533670564688745,34.167168142541975
1363.0,774.6666666666666,2212.973647204036,0.3500568873223652,1594.3333333333333,207.16666666666669,40.833333333333336,1346.3333333333333,1784.425247657553,165.83333333333334,41.333333333333336,12.833333333333334,28.0,163.5,201.5,523.5,457.8333333333333,0.0,0.0,113.09077862885512,77.00113569536465
1364.0,733.00002510673,2104.7066355791276,0.34826707566541165,759.0000259972826,206.00000705591597,19.000000650788365,534.0000182905783,903.0587994341972,125.16667095387776,80.83333610203822,4.500000154134087,14.500000496654279,73.33333584514807,58.66666867611845,33.500001147442646,368.5000126218691,0.0,0.0,71.22436336455641,72.8344100723583
1365.0,239.66668040619516,672.9913237481575,0.35612150104907103,208.00001192415272,92.00000527414447,0.5000000286638286,115.50000662134441,253.3700941260203,35.00000200646801,57.00000326767646,0.16666667622127615,0.3333333524425524,1.3333334097702096,1.8333334384340383,10.833333954382955,101.50000581875722,0.0,0.0,21.36972684301273,24.000355358854872
1366.0,747.3333333333334,2028.64510123933,0.36839037684648546,816.0000000000001,205.83333333333331,43.0,567.1666666666667,967.6306739112466,60.5,145.33333333333334,29.83333333333333,13.166666666666666,46.66666666666666,270.5,33.166666666666664,216.83333333333331,0.0,0.0,77.62958246375332,74.00109144749331
1367.0,744.5,1773.3089604265758,0.41983659735239137,365.33333333333326,50.0,19.666666666666664,295.66666666666663,529.9310031576273,29.5,20.5,11.166666666666666,8.5,71.5,55.833333333333336,31.166666666666668,137.16666666666666,0.0,0.0,90.92996078762708,73.66770903666695
1368.0,385.0,1033.3640885740006,0.37256955632286776,59.83333333333333,4.666666666666666,3.0,52.16666666666666,119.55572522690944,3.1666666666666665,1.5,2.6666666666666665,0.3333333333333333,11.333333333333334,6.333333333333333,19.33333333333333,15.166666666666666,0.0,0.0,21.22194184981209,38.50045004376401
1369.0,563.5,1253.9062492018447,0.44939563891533957,1878.1666666666663,279.8333333333333,94.0,1504.3333333333333,2050.955595527013,181.5,98.33333333333331,64.0,30.0,416.5,211.66666666666663,162.5,713.6666666666666,0.0,0.0,116.95559646777308,55.83333239257357
1370.0,585.5,1552.801682532186,0.3770603848427141,891.1666666666666,304.8333333333333,61.83333333333333,524.5,1019.7841181869182,140.66666666666666,164.16666666666666,20.83333333333333,41.0,87.0,55.0,41.66666666666666,340.8333333333333,0.0,0.0,70.44989501985624,58.16755650039544
1371.0,758.1666666666666,1567.6336632303253,0.4836376536494883,1084.3333333333333,171.83333333333331,39.0,873.5,1247.458127978322,99.0,72.83333333333333,12.0,27.0,216.0,130.83333333333334,45.5,481.1666666666667,0.0,0.0,87.95699232992725,75.16780231506142
1372.0,1048.6666666666667,2600.966061799006,0.40318352556331977,382.8333333333333,57.66666666666666,32.166666666666664,293.0,592.1701069121484,42.66666666666666,15.0,18.83333333333333,13.333333333333334,30.666666666666668,101.5,13.166666666666666,147.66666666666666,0.0,0.0,105.33523965260832,104.00153392620682
1373.0,1141.6666666666667,2774.775514521614,0.41144469550485285,203.0,13.166666666666666,5.333333333333333,184.5,380.3594723156886,11.0,2.1666666666666665,0.3333333333333333,5.0,7.5,88.66666666666667,56.833333333333336,31.5,0.0,0.0,64.19110952759006,113.16836278809852
1374.0,231.0,572.1748300769038,0.403722757201592,2300.6666666666665,204.16666666666669,137.66666666666666,1958.8333333333333,2459.527969656568,143.83333333333334,60.333333333333336,91.33333333333331,46.333333333333336,538.5,306.0,308.3333333333333,806.0,2.006007356323088,0.0,133.8549563998982,23.00033923368035
1375.0,298.6666666666667,806.006342299897,0.37055126119037346,557.0,293.1666666666667,35.166666666666664,228.66666666666669,629.3525195557028,279.0,14.166666666666666,6.166666666666667,29.0,26.666666666666668,71.5,16.0,114.5,1.8386576295471315,0.0,40.84678223238648,29.667079693769168
1376.0,1146.3333333333333,2976.6753355478363,0.385105261445101,377.0,52.66666666666667,2.833333333333333,321.5,570.388688576011,29.666666666666668,23.0,0.3333333333333333,2.5,11.5,61.333333333333336,7.0,241.66666666666663,0.0,0.0,79.7202816078212,113.6684069681898
1377.0,1242.6666666666667,3223.9282151029765,0.38545109684676226,292.5,54.16666666666666,37.0,201.3333333333333,491.7758489371568,38.66666666666666,15.5,19.83333333333333,17.166666666666668,26.666666666666668,32.166666666666664,36.66666666666666,105.83333333333331,0.0,0.0,76.27403722833482,123.00181170882196
1378.0,557.8333333333334,1491.6643110643697,0.37396707100627363,587.0,138.66666666666666,24.83333333333333,423.5,696.8193632989896,98.33333333333331,40.333333333333336,6.0,18.83333333333333,45.333333333333336,149.5,25.5,203.16666666666663,0.0,0.0,54.65188542134822,55.167477877641424
1379.0,538.5,1247.4887557496438,0.4316672174543195,1448.3333333333333,443.83333333333337,38.833333333333336,965.6666666666664,1596.513817567096,396.1666666666667,47.66666666666666,13.833333333333334,25.0,280.0,195.16666666666663,88.16666666666667,402.3333333333333,0.0,0.0,94.84639862924142,53.33408560452128
1380.0,271.00000293673764,763.3121601606183,0.35503168569948246,514.0000055700485,200.66666884122517,11.333333456148928,302.0000032726744,578.4736777384296,161.8333350870678,38.833333754157366,3.500000037928346,7.833333418220583,43.00000046597682,45.66666716154126,20.000000216733405,193.33333542842288,0.0,0.0,37.47327364494459,27.000398523436566
1381.0,94.66666856579492,277.8080009071507,0.3407629307171557,238.00000477456888,3.833333410234653,1.0000000200612138,233.16667134427297,262.88055146207216,2.333333380142832,1.5000000300918206,0.0,1.0000000200612138,3.000000060183641,204.6666707725284,2.333333380142832,23.16666713141812,0.0,0.0,15.880413763335634,9.000132924167639
1382.0,870.0,2245.6587015626687,0.38741416912311744,584.6666666666666,133.5,17.333333333333332,433.8333333333333,740.276393407234,81.0,52.5,3.333333333333333,14.0,67.0,101.5,17.666666666666668,247.66666666666663,0.0,0.0,69.44182107612777,86.16790566443946
1383.0,1258.0,2817.806672895654,0.44644652598087764,2655.1666666666665,218.0,69.5,2367.6666666666665,2966.628220060298,98.5,119.5,10.0,59.5,285.3333333333333,1065.6666666666667,210.83333333333331,805.8333333333334,0.0,0.0,186.7931019688812,124.66845142475093
1384.0,642.5,1373.3412738141435,0.4678371008362708,2280.166666666667,1144.3333333333337,54.33333333333333,1081.5,2483.212177122009,647.8333333333334,496.5,32.166666666666664,22.166666666666668,229.16666666666663,174.83333333333334,105.66666666666669,571.8333333333334,0.0,0.0,139.37781386595245,63.667696589389685
1385.0,609.1666666666666,1245.4768941307675,0.48910314558007995,224.0,41.83333333333333,5.166666666666667,177.0,323.9410113741717,24.0,17.833333333333332,1.6666666666666667,3.5,24.5,27.5,8.333333333333334,116.66666666666669,0.0,0.0,39.773459750078025,60.16755162409368
1386.0,1061.5,2257.982296549721,0.47010997456535003,730.3333333333333,145.33333333333331,63.83333333333333,521.1666666666666,921.543486374966,99.33333333333331,46.0,30.666666666666668,33.166666666666664,56.16666666666666,158.16666666666666,29.5,277.3333333333333,0.0,0.0,85.54189350897254,105.66825953266029
1387.0,926.0,2886.6046249869105,0.3207921140236512,1018.5,289.1666666666667,88.16666666666667,641.1666666666667,1206.326471515628,208.33333333333331,80.83333333333333,49.333333333333336,38.833333333333336,92.16666666666669,90.66666666666669,51.333333333333336,407.0,0.0,0.0,95.82511458090654,92.0013569347214
1388.0,1001.6666666666666,2423.2845141964995,0.41335083057665406,0.0,0.0,0.0,0.0,146.8181728021363,0.0,0.0,0.0,0.0,0.0,0.0,0.0,0.0,0.0,0.0,47.816712622381736,99.00146017975456
1389.0,1269.6666666666667,3326.9150090360804,0.38163483684379784,17.0,0.0,3.0,14.0,206.29244159836043,0.0,0.0,0.0,3.0,4.0,0.6666666666666666,4.333333333333333,5.0,0.0,1.868709799387622,61.42187338837612,126.00185841059672
1390.0,584.5,1507.2828946851996,0.3877838739237298,148.0,20.0,12.833333333333334,115.16666666666666,240.9686087080306,9.833333333333334,10.166666666666666,1.0,11.833333333333334,19.83333333333333,34.166666666666664,3.5,57.66666666666666,0.0,0.0,34.96775324918448,58.0008554588461
1391.0,586.6666666666666,1578.6660671061125,0.3716217627595545,118.0,20.5,2.833333333333333,94.66666666666666,209.64012662394367,19.0,1.5,0.5,2.333333333333333,18.0,27.33333333333333,21.0,28.33333333333333,0.0,0.0,33.639271165097576,58.0008554588461
1392.0,299.6666666666667,770.5783956966283,0.3888853727799598,57.16666666666667,3.333333333333333,4.0,49.833333333333336,104.03185692412448,2.6666666666666665,0.6666666666666666,0.3333333333333333,3.6666666666666665,14.166666666666666,6.333333333333333,13.5,15.833333333333334,0.0,0.0,17.03141689931439,29.83377335814341
1393.0,281.5,767.5145854476023,0.36676827429388026,53.83333333333333,11.5,5.833333333333333,36.5,97.84191166999162,8.666666666666666,2.833333333333333,1.3333333333333333,4.5,7.666666666666667,6.166666666666667,6.666666666666667,16.0,0.0,0.0,16.008165356525684,28.0004129801326
1394.0,583.5,1329.229959450429,0.43897596187287896,72.0,0.1666666666666666,0.0,71.83333333333333,161.29237887871116,0.1666666666666666,0.0,0.0,0.0,0.0,71.83333333333333,0.0,0.0,0.0,0.0,31.2915553149744,58.000823563736766
1395.0,521.5,1444.5554761317744,0.36101071133416823,137.66666666666666,10.5,2.833333333333333,124.33333333333331,223.96995875010504,7.0,3.5,1.5,1.3333333333333333,9.166666666666666,61.333333333333336,22.33333333333333,31.5,0.0,0.0,34.46923351318946,51.83405857024889
1396.0,427.1666666666667,1068.398363947602,0.3998196563015482,0.0,0.0,0.0,0.0,62.72554678885656,0.0,0.0,0.0,0.0,0.0,0.0,0.0,0.0,0.0,0.0,20.39159397491923,42.33395281393733
1397.0,400.3333333333333,804.3995989447262,0.4976796779343521,0.0,0.0,0.0,0.0,59.11141205731012,0.0,0.0,0.0,0.0,0.0,0.0,0.0,0.0,0.0,0.0,19.11082208569212,40.000589971618005
1398.0,172.66666666666666,524.4214985614517,0.3292516938003326,5.0,0.1666666666666666,1.0,3.8333333333333335,30.48195428392652,0.1666666666666666,0.0,0.0,1.0,1.0,0.8333333333333334,0.0,2.0,0.0,0.0,8.481703545988866,17.00025073793765
1399.0,2862.0,8147.9055872475665,0.3512559110256957,132.0,31.833333333333336,1.1666666666666667,99.0,587.9291971224479,8.833333333333334,23.0,0.1666666666666666,1.0,6.833333333333333,42.333333333333336,11.0,38.833333333333336,0.0,0.0,171.92500832396016,284.00418879848786
1400.0,1196.3333333333333,2467.189203855696,0.48489727965075263,543.3333333333333,101.66666666666666,29.666666666666668,412.0,747.8863672057274,68.33333333333333,33.333333333333336,15.333333333333334,14.333333333333334,93.83333333333331,69.66666666666667,56.0,192.5,0.0,0.0,86.05122227832226,118.50181159407197
1401.0,0.0,0.0,0.0,926.1666666666669,60.333333333333336,410.5,455.33333333333337,970.3797384258694,50.833333333333336,9.5,71.0,339.5,27.83333333333333,94.0,25.83333333333333,307.6666666666667,0.0,0.0,44.21307175920259,0.0
1402.0,40.833333333333336,82.93557037875304,0.4923500633908256,3366.333333333334,467.6666666666667,544.5,2354.166666666667,3593.809134481359,342.1666666666667,125.5,257.5,287.0,415.1666666666667,384.1666666666667,262.6666666666667,1292.1666666666667,0.0,0.0,223.47570286816944,4.000098279855477
1403.0,0.0,0.0,0.0,5341.833333333334,659.3333333333333,1039.8333333333337,3642.666666666667,5960.537613478873,513.1666666666666,146.16666666666666,531.3333333333334,508.5,557.6666666666666,587.6666666666666,446.5,2050.833333333333,0.0,0.0,618.7042801455398,0.0
1404.0,305.6666666666667,912.9842662973768,0.3347994899258265,80.0,2.333333333333333,0.1666666666666666,77.5,128.57805912430052,2.1666666666666665,0.1666666666666666,0.0,0.1666666666666666,5.0,20.166666666666668,31.0,21.33333333333333,0.0,0.0,18.410979420126257,30.16707970417426
1405.0,642.9999965392248,1622.8858071774898,0.3962077884318462,50.99999972550616,0.0,0.1666666657696279,50.83333305973653,178.1306763729375,0.0,0.0,0.1666666657696279,0.0,0.1666666657696279,49.66666639934913,0.9999999946177679,0.0,0.0,0.0,63.12973303731047,64.00094361012087
1406.0,281.33333358070865,731.9079591432719,0.3843834871122604,478.0000004203036,13.833333345496932,9.000000007913666,455.1666670668929,542.2489368772029,9.833333341979747,4.000000003517185,1.1666666676925124,7.833333340221153,20.000000017585926,380.33333366775895,8.500000007474018,46.33333337407406,0.0,0.0,36.248523452146166,28.00041300475326
1407.0,505.5000002136753,1718.0251614012552,0.29423317630655627,425.33333351312217,77.66666669949645,66.66666669484674,281.000000118779,520.7698507025228,48.833333353975235,28.833333345521208,8.333333336855842,58.333333357990895,55.33333335672279,65.3333333609498,49.66666668766081,110.6666667134456,1.0030036785855143,0.0,44.432776025157374,50.000737485657865
1408.0,564.5,1489.8030279416528,0.37890915068143377,16.0,14.0,0.0,2.0,99.87807255829269,14.0,0.0,0.0,0.0,0.1666666666666666,0.1666666666666666,0.1666666666666666,1.5,0.0,0.0,27.710550479749784,56.16752207854288
1409.0,581.0,1546.6067120796315,0.3756611137544873,22.0,0.0,0.0,22.0,112.45343122755918,0.0,0.0,0.0,0.0,1.0,0.0,1.1666666666666667,19.83333333333333,0.0,0.0,32.78594100756083,57.66749021999834
1410.0,532.6666666666666,1362.0855410065865,0.3910669709282898,81.0,44.5,1.0,35.5,162.9625702067951,14.5,30.0,0.1666666666666666,0.8333333333333334,3.1666666666666665,0.6666666666666666,1.1666666666666667,30.5,0.0,0.0,29.29506294532276,52.667507261472345
1411.0,409.3333333333333,1069.9215359785564,0.3825825722434446,16.333333333333332,3.333333333333333,1.0,12.0,77.32405781494487,1.3333333333333333,2.0,0.6666666666666666,0.3333333333333333,1.8333333333333333,0.8333333333333334,1.5,7.833333333333333,0.0,0.0,20.323423652830503,40.66730082878103
1412.0,297.5,725.8315184604585,0.4098747332315069,616.3333333333334,41.0,27.5,547.8333333333334,692.2930899811546,29.33333333333333,11.666666666666666,3.6666666666666665,23.83333333333333,111.33333333333331,135.33333333333334,92.5,208.66666666666663,0.0,0.0,46.62602502627086,29.333731621550477
1413.0,582.3333333333334,1591.925561937867,0.36580437380781367,120.0,16.333333333333332,2.333333333333333,101.33333333333331,211.5282611423221,15.666666666666666,0.6666666666666666,0.1666666666666666,2.1666666666666665,8.0,75.5,0.8333333333333334,17.0,0.0,0.0,33.52740568347596,58.0008554588461
1414.0,575.0,1403.6202946038418,0.4096549488565839,130.0,0.0,0.0,130.0,220.65554674182667,0.0,0.0,0.0,0.0,0.3333333333333333,129.5,0.0,0.1666666666666666,0.0,0.0,33.654706032271,57.00084070955566
1415.0,648.9999989497727,1881.3428033931398,0.3449663707109909,155.99999974755707,37.16666660652267,3.9999999935271044,114.8333331475073,258.4272942942193,24.833333293147437,12.33333331337524,2.3333333295574774,1.6666666639696268,26.83333328991099,14.33333331013879,11.333333314993464,62.33333323246405,0.0,0.0,38.42635069564124,64.00094385102095
1416.0,939.6666666666666,2850.8996708416066,0.3296035550732903,172.0,21.166666666666668,7.833333333333334,143.0,318.06971894934435,18.166666666666668,3.0,0.1666666666666666,7.666666666666667,18.0,83.16666666666667,4.0,37.833333333333336,0.0,0.0,53.06834726533245,93.00137168401189
1417.0,376.5,1212.3670088071278,0.3105495260634368,252.0,15.833333333333332,13.166666666666666,223.0,319.0032780191439,10.666666666666666,5.166666666666667,0.6666666666666666,12.5,25.83333333333333,130.66666666666666,11.333333333333334,55.16666666666666,0.0,0.0,30.00273229539725,37.00054572374666
1418.0,494.0,1620.62876749527,0.3048199624171128,285.0,24.5,19.166666666666668,241.33333333333331,371.1881323704952,21.666666666666668,2.833333333333333,8.333333333333334,10.833333333333334,12.166666666666666,169.83333333333334,4.333333333333333,55.0,0.0,0.0,37.18740965526311,49.00072271523206
1419.0,732.6666666666666,1828.4832781319608,0.40069639981350186,563.0,307.5,8.833333333333332,246.66666666666669,697.6869430522971,294.0,13.5,2.0,6.833333333333333,32.666666666666664,29.166666666666668,12.5,172.33333333333334,0.0,0.0,61.85250357955494,72.8344394727421
1420.0,477.0,1235.572011990644,0.3860560091770774,1025.0,460.3333333333333,37.5,527.1666666666667,1143.7022199203805,384.8333333333333,75.5,6.666666666666667,30.83333333333333,77.66666666666667,95.33333333333331,45.5,308.6666666666667,0.0,0.0,71.70152670372939,47.00069321665115
1421.0,146.33333333333334,352.7852326333943,0.41479438422355774,247.0,25.166666666666668,3.0,218.83333333333331,280.4433979651992,19.5,5.666666666666667,0.6666666666666666,2.333333333333333,22.166666666666668,11.166666666666666,101.0,84.5,0.0,0.0,18.77653951078681,14.666858454412417
1422.0,593.8333333333334,1481.6468944190913,0.4007927499933494,194.66666666666669,44.66666666666667,5.666666666666667,144.33333333333334,291.30722752939977,25.0,19.666666666666668,4.666666666666667,1.0,25.166666666666668,16.833333333333332,19.166666666666668,83.16666666666667,0.0,0.0,37.6396906545965,59.00087020813656
1423.0,789.6666666666666,1688.8286703325705,0.467582461464941,513.0,69.0,18.83333333333333,425.1666666666667,659.3539235481329,22.666666666666668,46.333333333333336,4.166666666666667,14.666666666666666,75.16666666666667,93.5,65.0,191.5,0.0,0.0,68.18610643681113,78.16781711132178
1424.0,0.0,0.0,0.0,505.0,1.5,497.8333333333333,5.666666666666667,529.10737082915,1.3333333333333333,0.1666666666666666,494.5,3.333333333333333,0.1666666666666666,1.3333333333333333,0.8333333333333334,3.333333333333333,0.0,0.0,24.107370829150028,0.0
1425.0,0.0,0.0,0.0,11153.666666666668,1448.3333333333333,2779.5,6925.833333333334,12017.02257414924,1157.5,290.8333333333333,2061.833333333333,717.6666666666666,1050.5,1082.0,854.0,3939.3333333333335,0.0,0.0,863.3559074825708,0.0
1426.0,324.0,925.128751929808,0.35022152248985855,1677.0,350.16666666666663,48.83333333333333,1278.0,1805.552844411752,225.16666666666663,125.0,28.0,20.83333333333333,186.0,334.0,109.83333333333331,648.1666666666666,0.0,0.0,96.5523724344573,32.0004719772944
1427.0,0.0,0.0,0.0,1101.8333333333337,13.0,977.8333333333334,111.0,1154.4320687562977,8.833333333333334,4.166666666666667,724.3333333333334,253.5,36.0,25.666666666666668,6.166666666666667,43.16666666666666,0.0,0.0,52.59873542296401,0.0
1428.0,0.0,0.0,0.0,137.83341249557836,22.166679397716955,22.16667939771696,93.50005370014445,144.41375213256615,15.666675664551832,6.500003733165123,6.666670495553972,15.500008902162984,18.166677100384575,9.83333898094211,7.3333375451093685,58.16670007370839,0.0,0.0,6.580339636987796,0.0
1429.0,3.0,10.135057796251411,0.2960022587251146,11629.0,1523.5,3139.1666666666665,6966.333333333334,12594.992319477386,1256.0,267.5,1410.8333333333333,1728.3333333333333,941.6666666666666,1169.1666666666667,597.3333333333334,4258.166666666667,31.92876797439345,0.0,934.0635515029916,0.0
1430.0,201.5,417.2245643516568,0.4829533474691729,516.6666666666667,33.333333333333336,212.33333333333331,271.0,576.9687924043095,28.0,5.333333333333333,39.0,173.33333333333334,19.0,60.5,18.5,173.0,6.018022068969263,0.0,34.28380868286454,20.000294985809003
1431.0,19.0,40.51143777194491,0.4690033492999829,1.0,0.0,0.6666666666666666,0.3333333333333333,3.954776858151198,0.0,0.0,0.3333333333333333,0.3333333333333333,0.0,0.1666666666666666,0.0,0.1666666666666666,0.0,0.0,0.954747359570298,2.0000294985809
1432.0,0.0,0.0,0.0,6428.166666666668,937.8333333333334,1128.5,4361.833333333334,7126.514922978002,738.5,199.33333333333331,657.0,471.5,718.5,670.8333333333334,526.0,2446.5,0.0,186.87097993876225,511.477276372572,0.0
1433.0,825.0,2278.0580908852494,0.36215055415000696,1691.5,363.6666666666666,211.66666666666663,1116.1666666666667,1894.6124633845725,237.66666666666663,126.0,182.66666666666663,29.0,238.66666666666663,145.33333333333334,125.66666666666669,606.5,1.0030036781615437,0.0,120.10825026459403,82.00120944181691
1434.0,2031.0,4105.498031104474,0.4947024659645529,238.8333333333333,47.333333333333336,11.666666666666666,179.83333333333331,563.5710198879444,28.166666666666668,19.166666666666668,8.5,3.1666666666666665,44.833333333333336,13.833333333333334,15.333333333333334,105.83333333333331,15.045055172423156,0.0,108.35631871299384,201.3363126691941
1435.0,851.0,1735.1373845893604,0.490451077567785,0.0,0.0,0.0,0.0,125.79303516763888,0.0,0.0,0.0,0.0,0.0,0.0,0.0,0.0,1.0030036781615437,0.0,40.62212587200776,84.16790561746957
1436.0,622.0,1961.2503483563903,0.31714462180784925,106.0,0.6666666666666666,11.666666666666666,93.66666666666669,202.75371834436675,0.6666666666666666,0.0,0.0,11.666666666666666,4.0,82.5,2.0,5.166666666666667,0.0,0.0,34.75280388835885,62.00091445600791
1437.0,363.8333333333333,851.4197742995749,0.42732544429408253,2502.166666666667,849.1666666666666,86.66666666666666,1566.3333333333337,2680.8737735106247,633.5,215.66666666666663,49.5,37.16666666666666,347.5,192.16666666666663,168.33333333333334,858.3333333333334,6.1850985739007305,0.0,136.68814887007443,35.83385939998269
1438.0,687.0,2255.2857036160603,0.30461772488447203,0.0,0.0,0.0,0.0,100.79657475299037,0.0,0.0,0.0,0.0,0.0,0.0,0.0,0.0,0.0,0.0,32.79557180123974,68.0010029517506
1439.0,0.0,0.0,0.0,1892.3333333333333,27.0,1150.6666666666667,714.6666666666667,1982.6679952725767,19.33333333333333,7.666666666666667,783.0,367.6666666666667,226.66666666666663,109.16666666666669,13.666666666666666,365.1666666666667,0.0,0.0,90.334661939243,0.0
1440.0,0.0,0.0,0.0,1382.3333333333337,211.33333333333331,764.0,407.0,1448.3216686360236,191.5,19.83333333333333,391.6666666666667,372.3333333333333,45.833333333333336,93.16666666666669,40.5,227.5,0.0,0.0,65.98833530269034,0.0
1441.0,0.0,0.0,0.0,415.1666666666666,40.333333333333336,191.5,183.3333333333333,434.9855764396991,33.833333333333336,6.5,89.66666666666667,101.83333333333331,14.5,26.83333333333333,15.5,126.5,0.0,0.0,19.818909773032427,0.0
1442.0,0.0,0.0,0.0,448.0,118.16666666666669,140.83333333333331,189.0,469.3863408543747,73.66666666666667,44.5,10.166666666666666,130.66666666666666,15.833333333333334,17.666666666666668,13.833333333333334,141.66666666666666,0.0,0.0,21.38634085437468,0.0
1443.0,242.83333333333331,430.1744812236031,0.5644996249954433,1174.8333333333333,186.16666666666663,60.333333333333336,928.3333333333331,1266.4799931742948,130.0,56.16666666666666,44.5,15.833333333333334,299.0,111.83333333333331,112.83333333333331,404.6666666666667,0.0,0.0,67.31222167238319,24.33443816857802
1444.0,578.0,1085.5857487411724,0.5324314552491495,743.6666666666666,99.0,42.16666666666666,602.5,863.7316878117657,67.33333333333333,31.666666666666668,32.5,9.666666666666666,186.66666666666663,88.0,81.5,246.33333333333331,0.0,0.0,62.897626615778215,57.16739452932081
1445.0,839.6666666666666,1540.5595477440618,0.5450400589164134,1504.0,161.66666666666669,61.66666666666667,1280.6666666666663,1698.891662660075,106.16666666666669,55.5,35.0,26.666666666666668,363.5,257.8333333333333,109.83333333333331,549.5,0.0,0.0,111.72365892447418,83.168003735601
1446.0,255.0,438.6212538657243,0.5813671766987915,411.3333333333333,100.66666666666669,14.5,296.16666666666663,468.1404456865305,35.5,65.16666666666667,9.833333333333334,4.666666666666667,69.33333333333333,48.5,110.0,68.33333333333333,0.0,0.0,31.806743620935908,25.00036873226125
1447.0,154.0,253.75425243775416,0.6068863812943437,143.0,19.83333333333333,33.5,89.66666666666666,172.1782195289757,15.666666666666666,4.166666666666667,5.666666666666667,27.83333333333333,10.666666666666666,17.666666666666668,18.166666666666668,43.16666666666666,0.0,0.0,14.177998289618928,15.000221239356751
1448.0,0.0,0.0,0.0,613.6666666666666,46.5,397.0,170.16666666666666,642.9613494518234,30.33333333333333,16.166666666666668,279.8333333333333,117.16666666666669,105.83333333333331,3.8333333333333335,4.0,56.5,0.0,0.0,29.294682785156592,0.0
1449.0,335.8333333333333,787.9482878343609,0.426212403172238,1804.3333333333333,227.5,98.5,1478.3333333333337,1939.670430635418,147.16666666666666,80.33333333333333,75.5,23.0,479.5,202.16666666666663,190.33333333333331,606.3333333333334,0.0,0.0,102.16973283945124,33.16736446263352
1450.0,0.0,0.0,0.0,526.8333333333334,37.0,377.33333333333337,112.5,551.9830241960619,32.166666666666664,4.833333333333333,183.83333333333331,193.5,14.5,15.333333333333334,7.166666666666667,75.5,0.0,0.0,25.149690862728608,0.0
1451.0,349.5,826.130987562046,0.4230563981522979,1554.5,220.33333333333331,84.0,1250.1666666666667,1679.6934318356984,149.83333333333334,70.5,61.833333333333336,22.166666666666668,391.6666666666667,209.33333333333331,157.5,491.6666666666667,0.0,0.0,90.52651388913485,34.66691794656347
1452.0,206.16666666666663,553.3064264144858,0.37260848026410903,392.5,39.66666666666666,98.16666666666666,254.66666666666669,441.5792619078868,35.5,4.166666666666667,37.66666666666666,60.5,15.0,48.0,5.333333333333333,186.33333333333331,0.0,0.0,28.578991465881916,20.500270442004847
1453.0,289.3333333333333,621.8191515962739,0.4653014185725622,2322.9999999999995,287.3333333333333,135.33333333333334,1900.333333333333,2476.381648407287,195.0,92.33333333333331,108.16666666666669,27.166666666666668,594.0,230.66666666666663,259.0,816.6666666666666,0.0,0.0,124.547656660255,28.833991747031547
1454.0,222.83333333333331,421.89714748344113,0.5281698031439741,419.6666666666666,49.16666666666666,30.666666666666664,339.8333333333333,472.3381385540083,34.666666666666664,14.5,15.166666666666666,15.5,79.0,89.83333333333333,20.5,150.5,0.0,0.0,30.671147402951785,22.000324484389903
1455.0,1070.5,2136.476420297083,0.5010586542542529,2929.833333333333,390.6666666666667,179.16666666666669,2360.0,3226.73189124065,247.33333333333331,143.33333333333334,139.83333333333334,39.333333333333336,724.0,412.1666666666667,338.5,885.3333333333334,0.0,0.0,190.73047260455323,106.16808530276344
1456.0,4.166666666666667,10.112318522172425,0.4120387087818456,425.5,35.5,46.5,343.5,446.01112256608656,31.5,4.0,4.333333333333333,42.16666666666666,9.166666666666666,275.6666666666667,3.333333333333333,55.333333333333336,0.0,0.0,20.51112256608658,0.0
1457.0,307.0,727.4949848301226,0.4219960362636556,1544.8333333333337,240.0,58.5,1246.3333333333337,1663.235439237258,160.0,80.0,15.666666666666666,42.833333333333336,248.83333333333331,264.6666666666667,125.83333333333331,607.0,0.0,0.0,88.40166342521117,30.000442478713502
1458.0,647.5,1109.2230980234183,0.5837419011142245,10.0,0.3333333333333333,0.1666666666666666,9.5,105.55491704774605,0.3333333333333333,0.0,0.0,0.1666666666666666,6.333333333333333,1.6666666666666667,0.1666666666666666,1.3333333333333333,0.0,0.0,31.38727697487956,64.16764007286648
1459.0,430.3333333333333,1057.144732661386,0.4070713498708539,252.0,27.166666666666664,13.166666666666668,211.66666666666669,327.5735205299488,20.33333333333333,6.833333333333333,2.833333333333333,10.333333333333334,26.83333333333333,56.333333333333336,74.16666666666667,54.333333333333336,0.0,0.0,32.57288631045936,43.00063421948935
1460.0,485.0,835.2076603358058,0.5806939076744095,0.0,0.0,0.0,0.0,71.15333143552134,0.0,0.0,0.0,0.0,0.0,0.0,0.0,0.0,0.0,0.0,23.152623469579726,48.00070796594161
1461.0,0.0,0.0,0.0,555.6666666666666,66.33333333333333,240.16666666666663,249.16666666666663,582.1928263410241,56.66666666666666,9.666666666666666,62.0,178.16666666666666,104.83333333333331,30.5,12.333333333333334,101.5,0.0,0.0,26.526159674357466,0.0
1462.0,0.0,0.0,0.0,1224.6666666666667,189.5,304.8333333333333,730.3333333333334,1283.128866127013,148.83333333333334,40.66666666666666,110.16666666666669,194.66666666666663,95.16666666666669,99.0,64.5,471.6666666666667,0.0,0.0,58.46219946034624,0.0
1463.0,0.0,0.0,0.0,568.0,101.66666666666666,169.33333333333334,297.0,595.1148250117965,89.83333333333333,11.833333333333334,84.66666666666667,84.66666666666667,63.0,27.33333333333333,18.83333333333333,187.83333333333331,0.0,0.0,27.114825011796466,0.0
1464.0,324.0,659.5878219581151,0.4912158611997153,383.83333333333326,40.0,251.16666666666663,92.66666666666666,522.790820667482,37.16666666666666,2.833333333333333,47.16666666666666,204.0,17.833333333333332,10.166666666666666,6.0,58.66666666666666,0.0,0.0,106.79034623628417,32.167141097864494
1465.0,151.33333333333334,310.6846691982282,0.4870962372358873,995.8333333333331,114.0,110.83333333333331,771.0,1065.5965316700845,89.5,24.5,68.83333333333333,42.0,257.6666666666667,147.66666666666666,54.66666666666666,311.0,0.0,0.0,54.762977097394526,15.000221239356751
1466.0,250.5,578.6284113510591,0.43292032517915785,573.1666666666667,80.5,18.5,474.1666666666667,637.3182795886468,67.0,13.5,13.0,5.5,54.0,148.33333333333334,38.333333333333336,233.5,0.0,0.0,39.31788141517955,24.8337315068005
1467.0,748.0,1577.2203099178353,0.4742520720133047,474.1666666666666,119.16666666666666,26.666666666666664,328.3333333333333,606.6750335899236,87.0,32.166666666666664,23.83333333333333,2.833333333333333,55.333333333333336,62.16666666666666,47.66666666666666,163.16666666666666,0.0,0.0,58.34057935748589,74.16778756577098
1468.0,678.0,1706.9585660337236,0.39719769037827074,32.0,0.3333333333333333,0.0,31.666666666666664,132.89474842566608,0.3333333333333333,0.0,0.0,0.0,8.0,0.1666666666666666,0.0,23.5,0.0,0.0,33.89376022320594,67.00098820246016
1469.0,280.0,528.8909023965501,0.5294097492152786,1756.8333333333333,80.5,762.0,914.3333333333331,1882.0382966970824,62.5,18.0,180.33333333333331,581.6666666666666,52.5,73.16666666666667,243.0,545.6666666666666,0.0,0.0,97.20455038361702,28.0004129801326
1470.0,0.0,0.0,0.0,581.0,42.33333333333333,99.0,439.6666666666666,608.7354107955172,31.33333333333333,11.0,49.16666666666666,49.833333333333336,60.833333333333336,193.83333333333331,10.333333333333334,174.66666666666666,0.0,0.0,27.73541079551716,0.0
1471.0,121.83333333333331,319.9555241168082,0.3807820904784718,643.5000000000001,31.666666666666668,64.66666666666667,547.1666666666667,692.2036683813532,28.0,3.6666666666666665,29.166666666666668,35.5,11.5,493.6666666666667,5.166666666666667,36.833333333333336,0.0,0.0,36.53685416440708,12.166814216946156
1472.0,241.83333333333331,559.8033632485282,0.43199692822490227,403.33333333333337,32.0,133.83333333333334,237.5,457.961944909702,24.83333333333333,7.166666666666667,33.166666666666664,100.66666666666669,66.83333333333333,22.166666666666668,9.833333333333334,138.66666666666666,0.0,0.0,30.794897262357026,23.833714314011715
1473.0,274.1666666666667,705.7643247674245,0.3884677321385078,246.3333333333333,40.0,69.5,136.83333333333331,298.5186310604664,27.166666666666668,12.833333333333334,16.0,53.5,24.33333333333333,25.5,17.166666666666668,69.83333333333333,0.0,0.0,24.85147781852963,27.3338199086034
1474.0,266.3333333333333,590.3775989758175,0.4511237109866064,1005.0,164.66666666666666,121.5,718.8333333333333,1097.6903413251855,119.83333333333331,44.833333333333336,17.833333333333332,103.66666666666669,224.5,83.83333333333333,55.16666666666666,355.3333333333333,0.0,0.0,66.6899578436336,26.000383481551705
1475.0,307.0,791.4555935857501,0.3878928931553987,531.8333333333334,73.33333333333333,40.16666666666667,418.33333333333337,602.2011046195657,50.0,23.33333333333333,18.166666666666668,22.0,104.33333333333331,79.66666666666667,63.5,170.83333333333334,0.0,0.0,40.0339684711284,30.333802815103947
1476.0,584.5,1550.5586778994946,0.3769609034027712,642.3333333333333,87.16666666666666,13.833333333333334,541.3333333333333,758.7329547968732,51.16666666666666,36.0,11.833333333333334,2.0,103.83333333333331,224.5,65.0,148.0,0.0,0.0,58.56540323015451,57.83421823338535
1477.0,421.6666666666667,853.5767206863526,0.49399972661814007,401.00000000000006,70.83333333333334,41.33333333333333,288.83333333333337,482.2726291835695,53.833333333333336,17.0,24.0,17.333333333333332,36.833333333333336,33.0,22.0,197.0,0.0,0.0,39.2720097133706,42.000619470198906
1478.0,574.3333333333334,1263.3277853140264,0.4546194107419009,335.0,83.16666666666667,5.666666666666666,246.16666666666669,435.4099251237225,70.5,12.666666666666666,1.3333333333333333,4.333333333333333,31.166666666666668,34.833333333333336,15.333333333333334,164.83333333333334,0.0,0.0,43.40908441416687,57.00084070955566
1479.0,121.16666666666669,283.7139701067011,0.4270733183180846,5173.0,259.5,303.3333333333333,4610.166666666667,5437.729705131693,168.83333333333334,90.66666666666669,17.5,285.8333333333333,523.1666666666666,2937.333333333333,156.5,993.1666666666666,0.0,0.0,252.72952814020664,12.000176991485402
1480.0,0.0,0.0,0.0,1713.8333333333337,48.16666666666666,1249.8333333333337,415.8333333333333,1795.647024788755,44.5,3.6666666666666665,898.8333333333334,351.0,22.5,7.0,7.5,378.8333333333333,0.0,0.0,81.81369145542176,0.0
1481.0,260.3333333333333,520.0065744305774,0.5006346960486144,910.1666666666669,171.66666666666669,323.3333333333333,415.1666666666667,991.8657952948467,143.83333333333334,27.83333333333333,214.66666666666663,108.66666666666669,65.83333333333333,72.16666666666667,27.33333333333333,249.83333333333331,0.0,0.0,55.8655369814534,25.83359164672659
1482.0,240.66666666666663,490.1560440403232,0.49100010005562217,475.3333333333333,117.83333333333331,74.16666666666666,283.3333333333333,533.3446984548589,107.0,10.833333333333334,22.0,52.16666666666666,83.5,13.333333333333334,18.33333333333333,168.16666666666666,0.0,0.0,34.177626299984674,23.833738821540877
1483.0,288.3333333333333,547.9305208580906,0.5262224357967626,339.8333333333333,60.66666666666666,14.666666666666668,264.5,398.3199901257997,30.33333333333333,30.33333333333333,4.166666666666667,10.5,42.5,24.666666666666668,93.16666666666669,104.16666666666669,0.0,0.0,29.98623397085016,28.50042282161621
1484.0,191.16666666666663,413.96981593952415,0.46178890176522847,1322.8333333333337,438.6666666666667,30.0,854.1666666666667,1413.9358556270408,264.1666666666667,174.5,17.166666666666668,12.833333333333334,94.66666666666669,98.5,68.66666666666667,592.3333333333334,0.0,0.0,72.26903635097294,18.833485942734452
1485.0,917.1666666666666,1937.7204419460456,0.4733224911151577,426.5,124.33333333333334,10.166666666666666,292.0,581.6480120023414,64.5,59.833333333333336,4.333333333333333,5.833333333333333,36.333333333333336,40.66666666666666,24.83333333333333,190.16666666666663,0.0,0.0,64.14666981691046,91.00134218543096
1486.0,830.0,1665.9000529058403,0.49822916960247743,140.0,23.666666666666664,84.0,32.333333333333336,268.3064563809764,11.666666666666666,12.0,0.0,84.0,12.833333333333334,0.0,4.166666666666667,15.333333333333334,0.0,0.0,46.30524693915945,82.00120944181691
1487.0,430.0,888.558102132257,0.4839300873720432,103.0,7.5,4.666666666666667,90.83333333333331,191.4446513520378,4.666666666666667,2.833333333333333,0.8333333333333334,3.8333333333333335,11.0,17.333333333333332,32.0,30.5,0.0,0.0,45.444017132548446,43.00063421948935
1488.0,1167.0,2640.746913328632,0.44192042566056033,51.0,0.1666666666666666,0.1666666666666666,50.66666666666666,225.14582511552337,0.0,0.1666666666666666,0.0,0.1666666666666666,0.0,50.66666666666666,0.0,0.0,0.0,0.0,58.14411419783115,116.0017109176922
1489.0,452.1666666666667,1044.6188145225435,0.43285326702959614,642.5,64.66666666666666,144.83333333333334,433.0,739.5931806478283,41.16666666666666,23.5,61.66666666666666,83.16666666666667,134.66666666666666,78.33333333333333,85.16666666666667,134.83333333333334,0.0,0.0,52.2591835964247,44.83399705140359
1490.0,0.0,0.0,0.0,21.000000000000004,0.1666666666666666,20.666666666666668,0.1666666666666666,22.00248472754881,0.1666666666666666,0.0,20.666666666666668,0.0,0.0,0.0,0.0,0.1666666666666666,0.0,0.0,1.002484727548813,0.0
1491.0,228.5,634.7652991148813,0.359975569424827,1190.0,164.0,263.0,763.0,1280.5344162566028,113.83333333333331,50.16666666666666,106.66666666666669,156.33333333333334,170.66666666666666,169.5,52.16666666666666,370.6666666666667,0.0,0.0,67.70058174467401,22.833834511928604
1492.0,592.3333337894609,1115.9282791509647,0.5307987483211087,109.16666675073067,12.166666676035634,5.166666670645269,91.83333340404975,201.16394380156302,9.333333340520486,2.833333335515147,2.833333335515147,2.333333335130121,19.833333348606025,21.166666682966103,5.166666670645269,45.66666670183237,0.0,0.0,33.496379810344564,58.50089724048778
1493.0,643.8333333333334,1490.2078377283622,0.43204264333676956,1002.5,58.66666666666667,323.0,620.8333333333333,1145.019603990029,39.333333333333336,19.33333333333333,257.5,65.5,188.83333333333331,204.66666666666663,33.833333333333336,193.5,0.0,0.0,78.51869438445307,64.00090960557604
1494.0,564.0,1386.528340521275,0.4067713464752984,704.8333333333333,100.66666666666666,40.833333333333336,563.3333333333333,821.3320003644733,66.0,34.666666666666664,24.666666666666668,16.166666666666668,167.5,85.5,65.83333333333333,244.5,0.0,0.0,60.49776506345851,56.00090196768157
1495.0,785.0,1683.9490393928188,0.46616612595535983,422.33333333333337,95.83333333333334,17.5,309.0,557.8130731673599,78.66666666666667,17.166666666666668,11.0,6.5,84.66666666666667,34.166666666666664,37.333333333333336,152.83333333333334,0.0,0.0,57.81195706637215,77.66778276765439
1496.0,415.3333333333333,875.3083861502367,0.4744994334625809,434.0,14.333333333333332,10.0,409.6666666666667,515.545243805366,8.0,6.333333333333333,6.333333333333333,3.6666666666666665,71.16666666666667,195.5,64.66666666666667,78.33333333333333,0.0,0.0,40.54463908445758,41.000604720908456
1497.0,343.8333333333333,742.2051989487791,0.463259128096005,654.9999999999999,4.833333333333334,5.333333333333334,644.8333333333333,739.6821900154132,4.166666666666667,0.6666666666666666,0.6666666666666666,4.666666666666667,220.66666666666663,77.66666666666667,317.3333333333333,29.166666666666668,0.0,0.0,50.681688539537966,34.0005014758753
1498.0,276.8333333333333,574.4731940765881,0.48189077608454295,10.0,9.833333333333334,0.0,0.1666666666666666,51.02676860258697,9.833333333333334,0.0,0.0,0.0,0.0,0.0,0.0,0.1666666666666666,0.0,0.0,13.693066479617398,27.333702122969573
1499.0,508.5,1154.933668485644,0.4402850257770633,159.0,13.333333333333334,2.5,143.16666666666666,241.1980666206429,4.0,9.333333333333334,0.1666666666666666,2.333333333333333,40.5,77.66666666666667,1.3333333333333333,23.666666666666668,0.0,0.0,31.86402281008958,50.33404381055335
1500.0,392.8333333333333,889.645629231473,0.44156158410252105,0.0,0.0,0.0,0.0,57.75329683405475,0.0,0.0,0.0,0.0,0.0,0.0,0.0,0.0,0.0,0.0,18.7527216117272,39.00057522232756
1501.0,573.0,1222.987801898735,0.46852470573328353,256.0,2.333333333333333,3.166666666666667,250.5,355.57504511576747,1.1666666666666667,1.1666666666666667,1.1666666666666667,2.0,17.833333333333332,150.83333333333334,4.166666666666667,77.66666666666667,0.0,0.0,42.57420440621183,57.00084070955566
1502.0,737.5,1772.0555257583317,0.4161833471241794,275.0,92.66666666666666,6.833333333333334,175.5,396.33489486899015,37.5,55.16666666666666,1.1666666666666667,5.666666666666667,18.5,55.66666666666666,14.333333333333334,87.0,0.0,0.0,48.3338181707873,73.00107669820285
1503.0,528.0,1205.336477222991,0.43805195476741415,2174.833333333333,824.8333333333334,43.66666666666667,1306.3333333333333,2356.156863007203,643.5,181.33333333333331,24.666666666666668,19.0,176.0,149.5,95.83333333333331,885.0,0.0,0.0,128.98942936702835,52.33410030684183
1504.0,1084.6666666666667,2179.92569760412,0.497570475846395,57.0,0.0,0.0,57.0,219.00211368116223,0.0,0.0,0.0,0.0,0.0,53.0,4.0,0.0,0.0,0.0,54.50056249438656,107.50155118677569
1505.0,411.1666666666667,880.904462535259,0.46675511835111105,141.0,11.166666666666668,4.5,125.33333333333331,208.35964508832907,7.166666666666667,4.0,0.8333333333333334,3.6666666666666665,24.666666666666668,64.83333333333333,4.833333333333333,31.0,0.0,0.0,26.359040367420636,41.000604720908456
1506.0,371.8333333333333,672.9472123868336,0.552544577775278,557.3333333333334,69.16666666666666,36.333333333333336,451.83333333333337,638.6909396508456,57.66666666666666,11.5,14.166666666666666,22.166666666666668,188.5,59.66666666666666,19.83333333333333,183.83333333333331,0.0,0.0,44.35706059376565,37.00054572374666
1507.0,1573.8333333333333,3910.212668605053,0.4024930270339464,407.6666666666666,54.83333333333333,19.83333333333333,333.0,658.4293425167477,30.83333333333333,24.0,6.833333333333333,13.0,71.5,65.33333333333333,50.5,145.66666666666666,0.0,0.0,94.59373773531011,156.16893811477098
1508.0,558.6666666666666,1224.616587425793,0.45619720686701837,204.0,33.333333333333336,3.666666666666667,167.0,295.40863681822384,30.666666666666668,2.6666666666666665,1.3333333333333333,2.333333333333333,20.0,80.66666666666667,29.33333333333333,37.0,0.0,0.0,36.40782560724904,55.00081121097475
1509.0,461.5,920.02525634901,0.5016166641244149,4.0,1.0,0.0,3.0,72.22225021543737,1.0,0.0,0.0,0.0,2.0,0.0,0.0,1.0,0.0,0.0,22.221571748076663,46.00067846736071
1510.0,389.1666666666667,738.3240325629214,0.5270946759185997,187.0,23.0,7.666666666666667,156.33333333333331,253.33898062224287,10.166666666666666,12.833333333333334,1.6666666666666667,6.0,31.5,28.666666666666668,31.33333333333333,64.83333333333333,0.0,0.0,27.50504262537606,38.8339379968668
1511.0,507.3333333333333,1165.3984038517856,0.435330382860088,276.83333333333337,67.16666666666667,10.5,199.16666666666669,364.43598674321015,52.333333333333336,14.833333333333334,3.6666666666666665,6.833333333333333,38.833333333333336,27.83333333333333,14.333333333333334,118.16666666666669,0.0,0.0,37.435249278687614,50.167404131189166
1512.0,518.6666666666666,1178.877618383265,0.43996650591939807,139.00000000000003,6.666666666666666,3.166666666666667,129.16666666666669,221.8973054977349,3.1666666666666665,3.5,0.3333333333333333,2.833333333333333,18.666666666666668,22.166666666666668,19.666666666666668,68.66666666666667,0.0,0.0,31.39661216633375,51.50069333140113
1513.0,742.3333333333334,1330.4902977912325,0.5579396817591924,334.83333333333337,97.33333333333334,47.33333333333333,190.16666666666669,459.92239098283545,89.66666666666667,7.666666666666667,11.666666666666666,35.666666666666664,38.333333333333336,33.666666666666664,14.5,103.66666666666669,0.0,0.0,51.42131182032403,73.66774582917805
1514.0,379.1666666666667,845.6727614220194,0.44836097834000077,368.0,39.66666666666666,24.833333333333336,303.5,441.3350432866804,28.0,11.666666666666666,12.0,12.833333333333334,58.333333333333336,61.16666666666666,28.33333333333333,155.66666666666666,0.0,0.0,35.66781615738173,37.66722712929868
1515.0,555.0,1284.7955314880696,0.43197535047245267,78.0,13.0,1.0,64.0,163.21726629562113,7.666666666666667,5.333333333333333,0.5,0.5,6.5,20.166666666666668,4.0,33.333333333333336,0.0,0.0,30.21648452585229,55.00078176976885
1516.0,612.5,1530.3553140040035,0.40023385052812493,637.0,150.33333333333334,38.833333333333336,447.83333333333337,757.649133424382,142.33333333333334,8.0,23.666666666666668,15.166666666666666,36.16666666666666,55.833333333333336,141.83333333333334,214.0,0.0,0.0,59.64823371766442,61.00089970671746
1517.0,412.1666666666667,1067.2670758919478,0.38618887059942925,278.0,18.0,10.333333333333332,249.66666666666669,351.9472622148454,12.333333333333334,5.666666666666667,4.333333333333333,6.0,48.66666666666666,52.66666666666666,31.666666666666668,116.66666666666669,0.0,0.0,32.946657493937,41.000604720908456
1518.0,323.0,782.9678255819434,0.41253291571710393,0.0,0.0,0.0,0.0,47.41981478021606,0.0,0.0,0.0,0.0,0.0,0.0,0.0,0.0,0.0,0.0,15.419342802921657,32.0004719772944
1519.0,746.3333333333334,2057.401929596232,0.36275524125701697,953.8333333333336,117.83333333333334,37.33333333333333,798.6666666666667,1108.9958530289307,46.333333333333336,71.5,10.0,27.33333333333333,108.5,342.6666666666667,107.0,240.5,0.0,0.0,81.16135708071012,74.00116261488706
1520.0,642.0,1565.4109020305048,0.4101159632702555,347.6666666666667,75.5,13.666666666666668,258.5,467.58983729067154,65.5,10.0,7.5,6.166666666666667,52.5,30.5,34.666666666666664,140.83333333333334,0.0,0.0,56.25541278631468,63.667757837690125
1521.0,885.3333333333334,2344.21938690661,0.3776665862752732,664.0,71.5,59.833333333333336,532.6666666666666,825.963108626178,28.0,43.5,7.333333333333333,52.5,91.5,136.66666666666666,111.66666666666669,192.83333333333331,0.0,0.0,73.96181068861853,88.00129793755961
1522.0,489.5,837.7888826106552,0.584276074987599,1372.0,94.83333333333331,67.33333333333334,1209.8333333333333,1509.5305934833875,66.33333333333333,28.5,21.0,46.333333333333336,200.16666666666663,238.16666666666663,315.1666666666667,456.3333333333333,0.0,0.0,88.86314521907718,48.66744826431054
1523.0,505.1666666666667,1041.8527688316617,0.48487337345483356,817.8333333333334,145.0,31.5,641.3333333333334,930.9765080681376,64.5,80.5,19.666666666666668,11.833333333333334,193.33333333333331,96.33333333333331,88.16666666666667,263.5,0.0,0.0,63.14243727028154,50.0007374645225
1524.0,292.0,631.7570273308623,0.46220301059995084,1610.8333333333337,104.33333333333334,40.5,1466.0000000000002,1730.669855075167,61.833333333333336,42.5,18.5,22.0,165.33333333333334,244.16666666666663,785.8333333333334,270.6666666666667,0.0,0.0,90.83609401241075,29.00042772942305
1525.0,795.6666666666666,1692.2759703130932,0.4701754800190526,1476.0,133.0,73.5,1269.5,1663.2763585503076,91.66666666666669,41.333333333333336,17.0,56.5,210.0,375.5,277.8333333333333,406.1666666666667,0.0,0.0,108.44183058182274,78.8345279684848
1526.0,476.0,1298.9747571348537,0.3664428406983923,189.83333333333331,38.0,1.3333333333333333,150.5,268.6197873838164,8.333333333333334,29.666666666666668,1.0,0.3333333333333333,16.333333333333332,78.66666666666667,3.5,52.0,0.0,0.0,31.785760833831883,47.00069321665115
1527.0,374.8333333333333,915.3304410516228,0.40950602812104386,0.0,0.0,0.0,0.0,54.89303788088583,0.0,0.0,0.0,0.0,0.0,0.0,0.0,0.0,0.0,0.0,17.892492157139166,37.00054572374666
1528.0,532.5,1431.6461509403446,0.37194945109183536,198.0,7.333333333333334,4.666666666666667,186.0,288.8726147621613,5.166666666666667,2.1666666666666665,0.5,4.166666666666667,29.33333333333333,21.5,13.0,122.16666666666669,0.0,0.0,37.871833049767424,53.00078171239386
1529.0,660.3333333333334,1579.3132813448062,0.41811421529428966,83.0,6.166666666666666,1.8333333333333333,75.0,183.818589417146,4.833333333333333,1.3333333333333333,0.0,1.8333333333333333,30.33333333333333,8.5,6.5,29.666666666666668,0.0,0.0,35.484297369528306,65.33429204761768
1530.0,953.5,2393.234926111512,0.39841471039754167,533.0,0.5,0.1666666666666666,532.3333333333334,705.4656440773144,0.1666666666666666,0.3333333333333333,0.1666666666666666,0.0,0.5,531.0,0.0,0.8333333333333334,0.0,0.0,77.96425763360712,94.5013864437074
1531.0,1840.6666822332427,3908.717061412166,0.47091325703893105,1027.0000086853713,403.50000341241224,39.50000033405274,584.0000049389064,1346.9479900892777,199.5000016871778,204.00000172523443,22.83333352643555,16.666666807617194,102.66666753492193,87.83333407614259,55.000000465136736,338.5000028627052,0.0,0.0,137.11193266528508,182.8360487386213
1532.0,654.3333333333334,1278.7924203680484,0.5116806472351549,853.5,133.5,232.66666666666669,487.33333333333337,990.4805202872028,98.66666666666669,34.833333333333336,66.33333333333333,166.33333333333334,115.0,49.0,37.333333333333336,286.0,0.0,0.0,71.97956158332363,65.00095870387925
1533.0,0.0,0.0,0.0,427.83333333333337,21.5,308.0,98.33333333333334,448.2570247661889,17.833333333333332,3.6666666666666665,150.66666666666666,157.33333333333334,21.0,12.833333333333334,4.5,60.0,0.0,0.0,20.423691432855637,0.0
1534.0,1622.0,3983.485502682135,0.40718109778682143,1403.5,216.66666666666669,89.66666666666667,1097.1666666666667,1708.663291120801,142.5,74.16666666666667,60.333333333333336,29.33333333333333,300.6666666666667,131.83333333333334,135.33333333333334,529.3333333333334,0.0,0.0,144.32804458862338,160.83524653217748
1535.0,1023.1666666666666,2372.04461927257,0.43134376914901335,273.8333333333333,46.16666666666666,21.833333333333336,205.8333333333333,437.2322566211686,30.5,15.666666666666666,11.0,10.833333333333334,57.833333333333336,27.83333333333333,27.33333333333333,92.83333333333331,0.0,0.0,61.89728391835152,101.50163936948373
1536.0,985.0,2350.234740201639,0.4191070717963652,735.0,69.0,123.66666666666669,542.3333333333334,914.9267388889416,53.833333333333336,15.166666666666666,47.5,76.16666666666667,115.66666666666669,103.0,32.0,291.6666666666667,0.0,0.0,82.09228646887739,97.83445242006418
1537.0,587.1666666666666,1181.2569391359611,0.49706939042081216,189.8333333333333,8.5,9.666666666666668,171.66666666666666,284.9260299236802,7.166666666666667,1.3333333333333333,3.5,6.166666666666667,14.666666666666666,33.5,26.0,97.5,0.0,0.0,37.09184113150073,58.0008554588461
1538.0,968.8333333333334,1952.752946201828,0.4961371766038032,417.0,54.833333333333336,32.833333333333336,329.3333333333333,579.1574888965231,44.833333333333336,10.0,2.6666666666666665,30.166666666666668,38.16666666666666,45.0,123.33333333333331,122.83333333333331,0.0,0.0,66.15607296463992,96.00141593188322
1539.0,775.1666666666666,1532.7770277171428,0.5057269600531324,1019.0,259.5,36.333333333333336,723.1666666666666,1187.518214567174,258.5,1.0,16.666666666666668,19.666666666666668,82.83333333333333,107.5,222.33333333333331,310.5,0.0,1.868709799387622,89.64836907242177,77.00113569536465
1540.0,579.3333333333334,1076.168108058838,0.5383297730113176,742.0,33.833333333333336,91.66666666666666,616.5,864.1133395969298,25.166666666666668,8.666666666666666,52.0,39.66666666666666,105.16666666666669,81.16666666666667,280.3333333333333,149.83333333333334,0.0,1.868709799387622,63.07712242131972,57.167507376222325
1541.0,622.0,1096.9570636683536,0.5670231047329772,592.0,276.8333333333333,14.0,301.16666666666663,711.7882792583483,238.66666666666663,38.16666666666666,2.5,11.5,81.66666666666667,38.333333333333336,23.0,158.16666666666666,0.0,0.0,57.95403392291049,61.83424533543782
1542.0,296.3333333333333,548.6830180333372,0.5400811098464295,3331.5000000000005,55.0,11.833333333333334,3264.666666666667,3533.683233608917,30.666666666666668,24.33333333333333,7.166666666666667,4.666666666666667,391.8333333333333,2274.333333333333,127.0,471.5,0.0,0.0,173.18280587949414,29.00042772942305
1543.0,393.1666666666667,707.9315867973229,0.5553738157741339,327.0,46.0,10.666666666666668,270.3333333333333,403.3884967550096,14.0,32.0,1.8333333333333333,8.833333333333334,46.5,51.0,58.5,114.33333333333331,3.009011034484632,0.0,34.37891049819745,39.00057522232756
1544.0,460.6666666666667,911.443048164302,0.5054256188518585,181.0,17.833333333333332,11.333333333333332,151.83333333333334,257.63202885519377,15.5,2.333333333333333,0.6666666666666666,10.666666666666666,48.5,26.666666666666668,13.833333333333334,62.833333333333336,0.0,0.0,30.63135038783308,46.00067846736071
1545.0,291.6666666666667,587.0427735172638,0.49684057078012794,3744.666666666667,479.33333333333337,155.33333333333334,3110.0,3966.3472309945,277.1666666666667,202.16666666666663,123.0,32.333333333333336,865.3333333333334,793.1666666666666,545.3333333333334,906.1666666666666,0.0,0.0,192.68013659841012,29.00042772942305
1546.0,384.0,834.2204702036694,0.4603099704641016,2.0,0.0,0.0,2.0,58.42745767408755,0.0,0.0,0.0,0.0,0.0,0.0,0.0,2.0,0.0,0.0,18.426897201050448,38.00056047303711
1547.0,347.6666666666667,698.0051883843917,0.498086077943602,283.33333333333337,51.16666666666666,26.333333333333336,205.83333333333331,347.789901835745,17.0,34.166666666666664,22.166666666666668,4.166666666666667,26.0,32.166666666666664,77.66666666666667,70.0,0.0,0.0,30.122763134408945,34.33380536800273
1548.0,785.1666666666666,1603.2021412752945,0.48974901321058145,986.6666666666669,96.0,85.83333333333333,804.8333333333334,1148.900305114323,49.16666666666666,46.833333333333336,7.0,78.83333333333333,215.33333333333331,65.33333333333333,205.0,319.1666666666667,0.0,0.0,84.56586551642566,77.66777293123052
1549.0,1414.1666666666667,2565.531368747528,0.5512178427804808,2367.666666666667,558.0,97.83333333333331,1711.8333333333337,2688.7030670065133,485.6666666666667,72.33333333333333,11.833333333333334,86.0,393.6666666666667,329.3333333333333,253.5,735.3333333333334,0.0,0.0,180.5343035336693,140.50209680617743
1550.0,154.83333333333334,297.0581684487332,0.5212222715230762,13.0,1.0,0.3333333333333333,11.666666666666666,36.01225497038785,0.8333333333333334,0.1666666666666666,0.1666666666666666,0.1666666666666666,0.5,2.833333333333333,6.833333333333333,1.5,0.0,0.0,8.012033731031094,15.000221239356751
1551.0,914.0,1934.5276526361276,0.4724667537083367,944.8333333333331,63.0,21.5,860.3333333333333,1125.3960924787395,42.333333333333336,20.666666666666668,2.6666666666666665,18.83333333333333,190.0,66.83333333333333,302.6666666666667,300.8333333333333,1.0030036781615437,0.0,88.72508240238379,90.83467306486088
1552.0,724.1666666666666,1677.7527432273716,0.4316289570021144,3.0,0.0,0.0,3.0,109.71433348201752,0.0,0.0,0.0,0.0,0.0,0.0,3.0,0.0,0.0,0.0,34.71327153310511,72.00106194891241
1553.0,493.5,1083.7885766722138,0.4553471134705053,466.0,20.5,38.0,407.5,560.8046695461287,14.833333333333334,5.666666666666667,27.166666666666668,10.833333333333334,79.0,59.0,105.83333333333331,163.66666666666666,0.0,0.0,45.80394683089668,49.00072271523206
1554.0,1142.1666818238386,2405.493796052451,0.4748158917300878,225.0000029858722,0.0,0.0,225.0000029858722,403.60049850136573,0.0,0.0,0.0,0.0,0.1666666688784238,224.33333631035848,0.0,0.5000000066352716,0.0,0.0,65.26552344952862,113.33497206596489
1555.0,814.0000066510225,1741.2197441908563,0.46748838529239617,358.0000029251426,1.1666666761992543,32.33333359752219,324.50000265142114,494.78113663809813,1.1666666761992543,0.0,23.666666860042017,8.666666737480174,128.83333438600337,6.666666721138596,115.50000094372618,73.50000060055302,0.0,0.0,55.9466050266138,80.8345286863417
1556.0,262.0,501.6253260624669,0.5223021773174454,76.0,4.166666666666667,13.0,58.83333333333333,118.13561385828974,2.833333333333333,1.3333333333333333,0.1666666666666666,12.833333333333334,14.833333333333334,5.666666666666667,6.833333333333333,31.5,0.0,0.0,16.135230376738036,26.000383481551705
1557.0,903.1666666666666,2251.455282819268,0.4011479479777733,1283.8333333333337,166.5,117.66666666666669,999.6666666666669,1477.8950878091268,107.83333333333331,58.66666666666666,72.66666666666667,45.0,298.1666666666667,165.0,127.0,409.5,0.0,0.0,104.39373338568372,89.66802109010966
1558.0,241.0,519.9807598334302,0.4634786873214339,4154.666666666667,560.3333333333334,509.1666666666666,3085.166666666667,4463.835317682161,370.5,189.83333333333331,323.0,186.16666666666663,787.8333333333334,633.5,430.3333333333333,1233.5,0.0,0.0,285.16829703252404,24.000353982970804
1559.0,1019.0,2573.137033643619,0.396014664853303,133.0,0.6666666666666666,0.0,132.33333333333334,288.99493758958465,0.3333333333333333,0.3333333333333333,0.0,0.0,0.0,131.66666666666666,0.3333333333333333,0.3333333333333333,0.0,0.0,54.99344791124917,101.00148967833546
1560.0,964.1666666666666,2320.059602546385,0.41557840393774537,85.00000000000001,0.1666666666666666,0.0,84.83333333333334,230.75272658278288,0.1666666666666666,0.0,0.0,0.0,0.0,84.66666666666667,0.0,0.1666666666666666,0.0,0.0,50.08465626921492,95.66807031356797
1561.0,420.0,929.3278213731454,0.4519395528043283,405.83333333333337,37.333333333333336,10.166666666666666,358.33333333333337,487.2571543933115,24.166666666666668,13.166666666666666,3.333333333333333,6.833333333333333,31.166666666666668,243.83333333333331,18.166666666666668,65.16666666666667,0.0,0.0,39.42320158977923,42.000619470198906
1562.0,812.1666666666666,3256.591795950816,0.2493916086371338,651.0,57.5,18.83333333333333,574.6666666666666,806.8792215642852,37.333333333333336,20.166666666666668,15.166666666666666,3.6666666666666665,90.33333333333331,261.5,31.666666666666668,191.16666666666663,5.349170278516435,0.0,70.02942593745206,80.50062534831667
1563.0,897.0,2206.9966113917594,0.4064346974390417,487.0,115.16666666666666,20.33333333333333,351.5,642.0698299691147,56.66666666666666,58.5,2.0,18.33333333333333,86.66666666666667,55.66666666666666,9.166666666666666,200.0,0.0,0.0,66.06851728226462,89.00131268685006
1564.0,639.1666666666666,1738.798073390166,0.36759108285671827,179.00000000000003,7.0,37.833333333333336,134.16666666666669,281.0580152653053,5.0,2.0,0.3333333333333333,37.5,12.5,75.16666666666667,2.6666666666666665,43.833333333333336,0.0,0.0,39.05708606000693,63.00092920529836
1565.0,657.0,1582.5378691277456,0.41515594212107015,0.0,0.0,0.0,0.0,96.36440946576354,0.0,0.0,0.0,0.0,0.0,0.0,0.0,0.0,0.0,0.0,31.36345076188429,65.00095870387925
1566.0,368.00000005724576,966.631349255862,0.38070356433250563,385.50000005996804,32.166666671670484,1.166666666848152,352.1666667214494,457.8038739195001,4.333333334007422,27.833333337663056,0.6666666667703727,0.5000000000777796,8.000000001244473,314.3333333822307,4.66666666739261,25.166666670581574,0.0,0.0,35.96998009447943,36.33389376505262
1567.0,484.3333333333333,1273.4707255987394,0.3803254551498367,183.3333333333333,32.0,13.833333333333332,137.5,263.2063961469287,7.5,24.5,3.1666666666666665,10.666666666666666,16.166666666666668,76.66666666666667,5.5,39.16666666666666,0.0,0.0,31.87235484765373,48.00070796594161
1568.0,426.6666666666667,1003.833182437547,0.4250374206903761,1497.5,207.5,90.33333333333334,1199.6666666666663,1631.3975654157036,127.83333333333331,79.66666666666667,53.0,37.333333333333336,312.3333333333333,221.0,151.5,514.8333333333334,0.0,0.0,91.73024987419689,42.167315541506674
1569.0,434.1666666666667,1026.796186972313,0.4228362669975261,895.1666666666667,153.0,41.0,701.1666666666667,1001.8149340910588,92.0,61.0,29.5,11.5,183.5,94.66666666666669,81.16666666666667,341.8333333333333,0.0,0.0,63.48112113184148,43.16714629255045
1570.0,496.9999999665518,1680.351811935504,0.2957713952735202,860.3333332754328,165.16666665555093,30.83333333125825,664.3333332886236,974.1287726588184,112.49999999242873,52.66666666312218,5.1666666663189496,25.666666664939296,49.3333333300132,100.83333332654722,20.999999998586695,493.1666666334765,0.0,0.0,64.7947166714514,49.0007227119343
1571.0,832.9999998452802,2408.420760964976,0.3458697970663249,98.99999998161194,3.333333332714206,21.499999996006633,74.16666665289108,226.3257427121914,3.166666666078496,0.16666666663571025,4.499999999164179,16.99999999684245,1.1666666664499723,53.166666656791584,1.8333333329928134,17.999999996656715,0.0,0.0,44.49122694771217,82.83451578286731
1572.0,442.0,1174.77043567502,0.37624372096666525,0.0,0.0,0.0,0.0,65.10056561528339,0.0,0.0,0.0,0.0,0.0,0.0,0.0,0.0,0.0,0.0,21.099916646503587,44.00064896877981
1573.0,494.3333333333333,1093.7293264907196,0.45197044767869976,4365.5,282.33333333333337,169.83333333333334,3913.3333333333335,4646.659187804091,200.33333333333331,82.0,56.833333333333336,113.0,712.6666666666666,1990.3333333333333,215.0,995.3333333333334,0.0,0.0,231.9919211052276,49.16726669886314
1574.0,282.0,658.6003336494631,0.42818077306060576,0.0,0.0,0.0,0.0,41.4623507500738,0.0,0.0,0.0,0.0,0.0,0.0,0.0,0.0,0.0,0.0,13.4619377699412,28.0004129801326
1575.0,457.6666666666667,1075.0680793347572,0.42570947409197274,1072.1666666666663,281.3333333333333,36.833333333333336,754.0,1190.3633008761467,186.5,94.83333333333331,12.166666666666666,24.666666666666668,110.0,149.16666666666666,90.83333333333331,404.0,0.0,0.0,73.02933326594896,45.16730094353101
1576.0,618.5,1362.8105025391387,0.45384152737862926,67.0,0.0,0.0,67.0,161.22501267939407,0.0,0.0,0.0,0.0,0.1666666666666666,66.16666666666667,0.3333333333333333,0.3333333333333333,0.0,0.0,32.724186578219175,61.5008261011749
1577.0,1761.0,3362.9436588610783,0.5236483802991795,4236.833333333334,556.6666666666667,884.3333333333334,2795.833333333333,4697.656940982646,479.6666666666667,77.0,656.5,227.83333333333331,1354.8333333333333,330.0,184.16666666666663,926.8333333333334,0.0,0.0,286.3210412623696,174.5025663869434
1578.0,624.0,1144.3806069248214,0.5452731339766516,503.0,55.833333333333336,40.0,407.1666666666666,618.8009281677942,37.833333333333336,18.0,4.333333333333333,35.666666666666664,96.33333333333331,79.0,28.83333333333333,203.0,0.0,0.0,53.8000137117863,62.00091445600791
1579.0,332.8333333333333,777.1091136001719,0.4282967829207295,0.0,0.0,0.0,0.0,48.8890574310929,0.0,0.0,0.0,0.0,0.0,0.0,0.0,0.0,0.0,0.0,15.88857070450805,33.00048672658485
1580.0,191.66666666666663,525.8335005388602,0.36450067648837836,2014.8333333333333,30.666666666666664,17.833333333333332,1966.3333333333333,2139.157650338871,20.0,10.666666666666666,7.166666666666667,10.666666666666666,41.16666666666666,1842.1666666666667,31.33333333333333,51.66666666666666,0.0,0.0,105.3240367690189,19.000280236518552
1581.0,828.8333333333334,2044.3213208944155,0.4054320252213134,410.83333333333337,127.83333333333334,29.666666666666664,253.33333333333331,552.0063587223658,40.333333333333336,87.5,7.333333333333333,22.33333333333333,36.5,133.0,9.833333333333334,74.0,0.0,0.0,59.17181594721558,82.00120944181691
1582.0,2426.0,6107.716901525593,0.3972024308124089,139.0,35.166666666666664,6.333333333333334,97.5,501.9498887050039,22.83333333333333,12.333333333333334,2.333333333333333,4.0,21.5,7.666666666666667,8.5,59.833333333333336,0.0,0.0,122.44634886489074,240.50353984011312
1583.0,329.1666666666667,1032.6888266572123,0.3187471948662124,895.0,188.5,28.333333333333336,678.1666666666666,986.271375758378,101.5,87.0,8.333333333333334,20.0,95.33333333333331,74.5,153.33333333333334,355.0,0.0,0.0,58.437597424647606,32.83377833373034
1584.0,223.16666666666663,725.9392829553802,0.3074178129032088,0.0,0.0,0.0,0.0,32.65391480335151,0.0,0.0,0.0,0.0,0.0,0.0,0.0,0.0,0.0,0.0,10.653590318961609,22.000324484389903
1585.0,898.0,2454.035745683664,0.3659278401219165,131.0,16.0,0.3333333333333333,114.66666666666669,269.12293788191585,7.0,9.0,0.1666666666666666,0.1666666666666666,0.3333333333333333,53.5,9.0,51.833333333333336,0.0,0.0,49.1216251950658,89.00131268685006
1586.0,328.0,725.7838979591315,0.45192515419854284,344.99999999999994,39.16666666666666,13.166666666666668,292.66666666666663,409.7943897578101,29.83333333333333,9.333333333333334,7.5,5.666666666666667,41.333333333333336,34.166666666666664,72.0,145.16666666666666,0.0,0.0,32.127248649540526,32.66714110826959
1587.0,601.0,1361.7241659458748,0.44135223199372103,328.99999999999994,22.166666666666664,9.166666666666668,297.66666666666663,432.7357930923509,14.666666666666666,7.5,4.166666666666667,5.0,38.333333333333336,166.16666666666666,10.166666666666666,83.0,0.0,0.0,44.40153064765901,59.334262444691895
1588.0,533.0,1151.156307345219,0.46301270869913175,158.83333333333334,37.66666666666667,2.1666666666666665,119.0,248.86071402491547,17.5,20.166666666666668,0.1666666666666666,2.0,9.833333333333334,12.666666666666666,25.33333333333333,71.16666666666667,0.0,0.0,37.02659897918827,53.00078171239386
1589.0,1137.3333333333333,2438.4562203859955,0.4664153179478855,4002.833333333333,708.5,223.3333333333333,3071.0,4361.081840731802,414.5,294.0,128.16666666666666,95.16666666666669,712.5,594.0,442.1666666666667,1322.3333333333333,0.0,0.0,245.4137871205137,112.834720277955
1590.0,1491.8333333333333,3492.8857117033263,0.4271062543886762,334.99999999999994,39.5,17.333333333333332,278.16666666666663,570.0445014714098,26.33333333333333,13.166666666666666,2.833333333333333,14.5,65.33333333333333,73.33333333333333,10.166666666666666,129.33333333333334,0.0,0.0,87.20902696927772,147.83547450213212
1591.0,1144.8333333333333,2744.041956014582,0.4172069347642473,45.0,3.833333333333333,0.0,41.16666666666666,255.1704723291997,0.1666666666666666,3.6666666666666665,0.0,0.0,29.83333333333333,0.3333333333333333,2.0,9.0,0.0,1.868709799387622,94.80015474240304,113.50160778740904
1592.0,1329.0,2364.854049458821,0.5619797129992574,30.0,6.166666666666666,0.5,23.333333333333336,226.8770299891412,3.6666666666666665,2.5,0.3333333333333333,0.1666666666666666,4.166666666666667,3.8333333333333335,1.5,13.833333333333334,0.0,0.0,64.87508308280175,132.00194690633944
1593.0,280.6666666666667,668.0842886407381,0.4201066713269095,0.0,0.0,0.0,0.0,41.39871224846544,0.0,0.0,0.0,0.0,0.0,0.0,0.0,0.0,0.0,0.0,13.398299268332847,28.0004129801326
1594.0,289.8333333333333,679.2708280098424,0.42668302742000536,883.3333333333334,160.0,30.83333333333333,692.5,968.1492154939128,70.16666666666667,89.83333333333333,15.166666666666666,15.666666666666666,117.33333333333331,196.0,80.0,299.1666666666667,0.0,0.0,55.98209169824168,28.83379046233777
1595.0,390.6666666666667,1021.9959277748106,0.3822585355278903,269.0,53.16666666666667,8.833333333333332,207.0,339.4911310134739,43.833333333333336,9.333333333333334,3.0,5.833333333333333,23.166666666666668,17.833333333333332,11.5,154.5,0.0,0.0,31.49055579114632,39.00057522232756
1596.0,347.0,1053.613838508042,0.32934267500829856,43.0,33.833333333333336,0.6666666666666666,8.5,95.6180749874961,4.833333333333333,29.0,0.5,0.1666666666666666,2.1666666666666665,1.6666666666666667,1.0,3.6666666666666665,0.0,0.0,18.61757351162081,34.0005014758753
1597.0,366.0,859.7384139561091,0.4257108837510718,38.0,12.0,6.833333333333333,19.166666666666664,93.45300654893852,11.833333333333334,0.1666666666666666,1.0,5.833333333333333,1.1666666666666667,4.0,0.8333333333333334,13.166666666666666,0.0,0.0,19.28577945620467,36.167227092733874
1598.0,555.5,1044.7444931542198,0.5317089524184743,707.1666666666666,61.16666666666667,20.0,626.0,822.2568556139654,41.0,20.166666666666668,8.166666666666666,11.833333333333334,78.33333333333333,398.3333333333333,29.666666666666668,119.66666666666669,0.0,0.0,60.2560174156884,54.834171531610586
1599.0,1054.0,2243.531626735519,0.4697950264840425,1384.1666666666663,231.0,69.0,1084.1666666666663,1650.0721700593745,146.5,84.5,46.333333333333336,22.666666666666668,295.3333333333333,183.33333333333331,145.66666666666666,459.8333333333333,0.0,0.0,161.40411917311408,104.50138421959372
1600.0,1583.8333333333333,3330.2417352320463,0.4755911009634182,2332.5,407.8333333333333,80.0,1844.6666666666663,2784.6002587912944,289.5,118.33333333333331,39.5,40.5,409.3333333333333,281.1666666666667,395.0,759.1666666666666,0.0,0.0,295.0982522310844,157.00200656021033
1601.0,1117.6666666666667,2639.9090174664657,0.42337317660261536,275.5,51.16666666666667,14.5,209.8333333333333,453.0077144032954,22.5,28.666666666666668,4.666666666666667,9.833333333333334,24.83333333333333,70.0,16.333333333333332,98.66666666666669,0.0,0.0,66.50607723205549,111.00163717123996
1602.0,748.0,1820.6589063535887,0.41084027183218663,104.0,0.1666666666666666,0.0,103.83333333333334,218.673328965188,0.0,0.1666666666666666,0.0,0.0,0.1666666666666666,103.5,0.0,0.1666666666666666,0.0,0.0,40.6722375176947,74.00109144749331
1603.0,311.6666666666667,673.529482713229,0.46273648691837016,99.0,4.833333333333333,3.833333333333333,90.33333333333331,149.60467552806008,3.1666666666666665,1.6666666666666667,0.1666666666666666,3.6666666666666665,19.166666666666668,7.333333333333333,41.66666666666666,22.166666666666668,0.0,0.0,19.60421830005612,31.000457228003956
1604.0,1216.0,2457.33451556597,0.49484512275282655,1263.1666666666667,839.3333333333334,21.0,402.83333333333337,1532.2288149273163,400.1666666666667,439.1666666666667,14.833333333333334,6.166666666666667,85.66666666666667,41.5,39.16666666666666,236.5,0.0,0.0,148.3935790918811,120.66856916876856
1605.0,1035.8333333333333,2305.984142180912,0.44919360648928036,1741.0,503.0,20.83333333333333,1217.1666666666663,2012.3931316592937,395.3333333333333,107.66666666666669,3.5,17.333333333333332,193.5,143.16666666666666,486.6666666666667,393.8333333333333,0.0,0.0,168.55832087523208,102.83481078406184
1606.0,438.0,1172.794387382228,0.37346699874447,114.0,0.0,0.0,114.0,183.3516613436296,0.0,0.0,0.0,0.0,0.0,113.83333333333331,0.0,0.1666666666666666,0.0,0.0,26.351027124140227,43.00063421948935
1607.0,192.0,444.5834411945055,0.43186493739878157,377.3333333333333,35.33333333333333,59.0,283.0,423.5131440487379,24.33333333333333,11.0,35.0,24.0,38.16666666666666,118.5,41.333333333333336,85.0,0.0,0.0,27.179542753462886,19.00026796194171
1608.0,571.0,1580.608729452624,0.36125322438130614,0.0,0.0,0.0,0.0,84.25887782528767,0.0,0.0,0.0,0.0,0.0,0.0,0.0,0.0,0.0,0.0,27.25803711573201,57.00084070955566
1609.0,642.0,1262.2732955185932,0.5086061808320521,154.0,6.333333333333333,3.166666666666667,144.5,255.9998888654867,4.333333333333333,2.0,0.8333333333333334,2.333333333333333,9.0,57.66666666666666,47.5,30.33333333333333,0.0,0.0,37.99894491089786,64.0009439545888
1610.0,433.0,1111.907313905383,0.3894209477579224,3.0,0.0,1.0,2.0,66.81412665812185,0.0,0.0,1.0,0.0,2.0,0.0,0.0,0.0,0.0,0.0,20.813492438632498,43.00063421948935
1611.0,576.0,1389.9911038346418,0.4143911413612349,40.0,0.0,0.0,40.0,126.40705938432085,0.0,0.0,0.0,0.0,2.0,0.0,38.0,0.0,0.0,0.0,29.40621867476518,57.00084070955566
1612.0,264.0,707.6787336274396,0.37305063364951124,830.8333333333333,12.333333333333332,6.5,811.9999999999999,911.4388689537684,8.666666666666666,3.6666666666666665,1.3333333333333333,5.166666666666667,617.6666666666666,5.166666666666667,151.0,38.16666666666666,2.3407070347471306,0.0,52.264445104136406,26.000383481551705
1613.0,599.3333333333334,1212.359523462637,0.49435280684855676,873.3333333333334,51.333333333333336,64.33333333333333,757.6666666666667,1003.3004643931232,33.833333333333336,17.5,20.83333333333333,43.5,146.0,161.83333333333334,158.16666666666666,291.6666666666667,0.0,0.0,70.29952055328432,59.6676105065055
1614.0,426.8333333333333,955.4374303111582,0.44674127241835826,670.5,56.5,42.5,571.5,776.0470433868,31.83333333333333,24.666666666666668,13.666666666666666,28.83333333333333,148.83333333333334,105.83333333333331,123.33333333333331,193.5,0.0,0.0,63.37968608254069,42.16735730425933
1615.0,21.0,53.23094807044407,0.394507345091981,2234.833333333333,325.5,1094.3333333333333,815.0,2346.389672728882,180.83333333333331,144.66666666666666,667.5,426.8333333333333,236.83333333333331,36.833333333333336,40.5,500.8333333333333,0.0,1.868709799387622,107.68760009758088,2.0000294985809
1616.0,1.0,1.0,1.0,805.1666666666667,188.5,87.33333333333333,529.3333333333334,843.6485850320981,109.33333333333331,79.16666666666667,31.666666666666668,55.66666666666666,185.33333333333331,68.5,38.66666666666666,236.83333333333331,0.0,0.0,38.48191836543148,0.0
1617.0,2166.333333333333,5592.112734515416,0.38739085497371617,1059.5,153.33333333333334,60.83333333333333,845.3333333333333,1427.8747970700042,99.66666666666669,53.66666666666666,26.83333333333333,34.0,163.66666666666666,93.66666666666669,75.0,513.0,0.0,0.0,153.87121849059312,214.50357857941108
1618.0,250.0,444.8938071823075,0.5619318497224116,1681.8333333333333,330.16666666666663,327.83333333333337,1023.8333333333331,1799.0510831038025,245.16666666666663,85.0,148.33333333333334,179.5,131.33333333333334,127.33333333333331,94.5,670.6666666666666,0.0,0.0,92.21738103820783,25.00036873226125
1619.0,1931.6666666666667,3633.985869002776,0.5315559103141881,218.5,20.83333333333333,19.0,178.66666666666669,512.6462125181004,13.666666666666666,7.166666666666667,3.333333333333333,15.666666666666666,35.5,37.0,8.166666666666666,98.0,0.0,0.0,102.64349601222403,191.5027165058763
1620.0,1376.6666666666667,3363.7526271980983,0.40926513309434037,852.5,270.1666666666667,23.333333333333336,559.0,1095.6169198222217,199.33333333333331,70.83333333333333,9.5,13.833333333333334,107.16666666666669,49.833333333333336,43.5,358.5,0.0,0.0,106.44825699988722,136.66866282233426
1621.0,481.6666666666667,964.8106392587188,0.4992344062838484,753.1666666666667,139.83333333333334,37.833333333333336,575.5,859.9223209583923,105.5,34.333333333333336,14.333333333333334,23.5,153.0,118.0,39.5,265.0,0.0,0.0,58.92162776255544,47.83402652917014
1622.0,673.6666666666666,1657.7081607515618,0.4063843580049963,360.16666666666663,110.66666666666666,23.666666666666668,225.83333333333331,482.5199569987436,92.83333333333331,17.833333333333332,4.5,19.166666666666668,48.833333333333336,38.5,21.33333333333333,117.16666666666669,0.0,0.0,55.35240274862157,67.0008875834554
1623.0,884.8333333333334,1869.560678410028,0.4732840947884301,292.3333333333333,44.16666666666667,10.333333333333332,237.8333333333333,436.18328456646776,24.166666666666668,20.0,6.833333333333333,3.5,47.833333333333336,56.833333333333336,33.833333333333336,99.33333333333331,0.0,0.0,56.18220993094851,87.66774130218592
1624.0,403.0,1013.4179505916372,0.397664161923249,726.6666666666666,71.66666666666667,4.833333333333333,650.1666666666666,820.594423132305,10.333333333333334,61.333333333333336,1.1666666666666667,3.6666666666666665,229.16666666666663,6.5,206.66666666666663,207.83333333333331,0.0,0.0,53.92716649402031,40.000589971618005
1625.0,812.1666666666666,1741.2459903759473,0.4664284490276495,869.8333333333334,37.833333333333336,26.0,806.0,1034.9617735691852,29.166666666666668,8.666666666666666,3.333333333333333,22.666666666666668,247.33333333333331,150.0,174.66666666666666,234.0,0.0,0.0,84.29388276878602,80.83455746706571
1626.0,1613.5,3832.565362986142,0.42099738613272913,58.33333333333333,8.0,2.333333333333333,48.0,298.3012510467927,5.666666666666667,2.333333333333333,1.8333333333333333,0.5,17.333333333333332,8.166666666666666,5.5,17.0,0.0,0.0,79.7988298136003,160.16908789985902
1627.0,969.1666666666666,2210.684285554629,0.4384012104304241,1207.6666666666663,186.66666666666669,122.33333333333334,898.6666666666666,1484.181967804814,128.83333333333334,57.833333333333336,43.333333333333336,79.0,163.16666666666666,109.66666666666669,153.33333333333334,472.5,0.0,76.61710179030061,103.89691348657956,96.00128586126743
1628.0,335.8333333333333,877.3841825515509,0.38276656909483475,1994.0,268.83333333333337,85.33333333333333,1639.833333333333,2138.5365713444694,167.33333333333334,101.5,57.0,28.33333333333333,415.3333333333333,461.0,247.83333333333331,515.6666666666666,0.0,0.0,111.20276600768184,33.33380533678746
1629.0,823.0,1930.5409779432373,0.4263053773024849,1016.1666666666666,107.83333333333334,19.666666666666664,888.6666666666666,1185.632805503845,66.5,41.333333333333336,8.0,11.666666666666666,113.5,471.3333333333333,87.0,216.83333333333331,0.0,0.0,87.79823574139243,81.66790309578606
1630.0,1093.1666666666667,2335.58115662478,0.4680491035671976,514.0,33.5,32.0,448.5,698.8895730768711,22.83333333333333,10.666666666666666,3.1666666666666665,28.83333333333333,142.0,81.66666666666667,45.833333333333336,179.0,0.0,0.0,76.72128403522477,108.16828904164628
1631.0,817.1666666666666,1754.479618691883,0.465760136487613,260.0,10.5,6.5,243.0,396.4212378115506,7.0,3.5,0.8333333333333334,5.666666666666667,15.666666666666666,53.833333333333336,96.16666666666669,77.33333333333333,0.0,0.0,55.42004311902419,81.00119469252645
1632.0,1256.0,2670.5672775806484,0.4703120608659035,1963.6666666666667,81.5,53.66666666666667,1828.5,2241.861588989289,60.16666666666666,21.33333333333333,8.833333333333334,44.833333333333336,462.6666666666667,252.83333333333331,477.8333333333333,635.1666666666666,0.0,0.0,153.69340998569666,124.50151233692635
1633.0,101.83333333333331,213.60358887247023,0.47673980512626984,2466.9999999999995,175.33333333333334,124.83333333333334,2166.833333333333,2599.6288638600167,127.66666666666669,47.66666666666666,26.166666666666668,98.66666666666669,517.3333333333334,353.6666666666667,263.8333333333333,1032.0,0.0,0.0,122.62871636711212,10.0001474929045
1634.0,0.0,0.0,0.0,13463.833333333334,337.5,45.833333333333336,13080.5,14106.561442139877,330.5,7.0,8.0,37.833333333333336,149.5,72.83333333333333,12667.666666666666,190.5,0.0,0.0,642.7281088065425,0.0
1635.0,67.0,156.6384944846017,0.42773649108703876,1779.333333333333,556.3333333333333,34.833333333333336,1188.1666666666663,1874.4712660287316,199.0,357.3333333333333,22.5,12.333333333333334,238.16666666666663,266.0,117.66666666666669,566.3333333333334,0.0,0.0,88.13782945036483,7.000103245033151
1636.0,329.3333333333333,767.5062053884714,0.42909533632583735,146.0,6.5,1.5,138.0,201.35781120315133,0.3333333333333333,6.166666666666667,0.1666666666666666,1.3333333333333333,0.8333333333333334,43.5,0.0,93.66666666666669,0.0,0.0,22.690660263803228,32.6671509393481
1637.0,935.8333333333334,1482.588995233523,0.6312156210129767,911.0,49.333333333333336,64.83333333333333,796.8333333333333,1092.164613686752,33.333333333333336,16.0,5.333333333333333,59.5,151.5,137.66666666666666,187.5,320.1666666666667,0.0,0.0,88.16324200273999,93.00137168401189
1638.0,441.6666666666667,1142.8054603951691,0.3864758106020454,0.0,0.0,0.0,0.0,66.08793260532983,0.0,0.0,0.0,0.0,0.0,0.0,0.0,0.0,1.0030036781615437,0.0,21.084279958388475,44.00064896877981
1639.0,569.0,1367.8838099980032,0.4159710026839418,0.0,0.0,0.0,0.0,83.33008445831786,0.0,0.0,0.0,0.0,0.0,0.0,0.0,0.0,0.0,0.0,27.16256237977498,56.16752207854288
1640.0,561.6666666666666,1449.5000116672318,0.38748993594048414,3165.9999999999995,265.0,50.66666666666667,2850.333333333333,3399.949818880833,234.5,30.5,7.833333333333333,42.833333333333336,347.1666666666667,82.16666666666667,734.1666666666666,1686.8333333333333,0.0,0.0,177.94899292056775,56.00082596026521
1641.0,0.0,0.0,0.0,1167.0,162.16666666666669,100.16666666666666,904.6666666666669,1222.709508430927,96.5,65.66666666666667,58.5,41.66666666666666,128.5,316.1666666666667,39.16666666666666,420.8333333333333,0.0,0.0,55.70950843092689,0.0
1642.0,4.833333333333333,7.568825663466008,0.6385843125788149,305.0,32.5,121.33333333333334,151.16666666666669,319.79059818192815,24.83333333333333,7.666666666666667,29.666666666666668,91.66666666666669,20.166666666666668,25.166666666666668,15.333333333333334,90.5,0.0,0.0,14.790598181928129,0.0
1643.0,685.3333333333334,1336.42916250813,0.5128093224538298,2458.6666666666665,730.6666666666666,157.33333333333331,1570.6666666666663,2676.754036906674,590.0,140.66666666666666,59.5,97.83333333333331,266.0,320.8333333333333,244.83333333333331,739.0,0.0,0.0,150.08636728825684,68.0010029517506
1644.0,866.0,2023.5420946064849,0.42796243394601075,1461.3333333333337,219.33333333333331,33.666666666666664,1208.3333333333337,1658.4344765395438,113.16666666666669,106.16666666666669,7.666666666666667,26.0,269.0,385.1666666666667,173.33333333333334,380.8333333333333,0.0,0.0,111.0998747672318,86.0012684389787
1645.0,1285.6666666666667,2202.800421466438,0.5836509990363897,1150.0,187.66666666666669,68.0,894.3333333333334,1395.476398280469,130.83333333333334,56.833333333333336,10.0,58.0,190.83333333333331,116.16666666666669,124.66666666666669,462.6666666666667,0.0,1.868709799387622,116.2724599134248,127.33522856765642
1646.0,838.0,2128.7131869283758,0.39366505790720974,498.1666666666666,34.0,29.5,434.6666666666666,645.1149541270518,19.0,15.0,3.5,26.0,86.83333333333333,113.16666666666669,50.5,184.16666666666663,0.0,0.0,63.78048985990565,83.16779760047955
1647.0,630.0,1275.052769816152,0.4940971973190088,1015.0,139.0,54.66666666666667,821.3333333333334,1156.1139739392147,89.5,49.5,37.833333333333336,16.833333333333332,247.83333333333331,141.5,104.5,327.5,0.0,0.0,78.44646402050283,62.66750991871185
1648.0,773.6666666666666,1886.9661671393767,0.4100055846997714,98.0,0.0,1.0,97.0,216.61210768765483,0.0,0.0,0.0,1.0,0.0,91.66666666666669,0.0,5.333333333333333,0.0,0.0,41.61097199229015,77.00113569536465
1649.0,232.16666666666663,522.3260758868315,0.444486073708808,2675.833333333333,269.5,100.33333333333331,2306.0,2837.654233855388,179.33333333333334,90.16666666666669,31.0,69.33333333333333,310.8333333333333,410.8333333333333,996.1666666666666,588.1666666666666,0.0,0.0,138.82056128837505,23.00033923368035
1650.0,427.0,1024.5186256664394,0.41678110021888637,282.0,17.5,27.83333333333333,236.66666666666663,363.846413366966,12.5,5.0,0.8333333333333334,27.0,52.16666666666666,71.0,52.333333333333336,61.16666666666666,0.0,0.0,39.84579389676707,42.000619470198906
1651.0,780.1666666666666,2063.1184675109885,0.3781492332856118,738.1666666666666,112.16666666666669,44.33333333333333,581.6666666666666,892.1448855588282,75.16666666666667,37.0,3.1666666666666665,41.16666666666666,156.66666666666666,64.16666666666667,128.33333333333334,232.5,0.0,0.0,76.47709789911741,77.5011209930441
1652.0,910.5,2196.46225441768,0.4145302284019396,130.0,5.666666666666666,4.333333333333333,120.0,269.83896518066064,3.6666666666666665,2.0,0.8333333333333334,3.5,21.5,11.5,34.333333333333336,52.66666666666666,0.0,0.0,49.67097107785346,90.1679941028072
1653.0,753.8333330951398,1230.2144541443636,0.6127657910014108,850.9999997311039,34.49999998909881,41.16666665365896,775.3333330883462,1002.6116279329459,23.999999992416566,10.499999996682247,12.666666662664298,28.49999999099467,142.66666662158735,418.9999998676059,49.499999984359164,164.16666661479385,0.0,0.0,76.61052202875683,75.00110617308518
1654.0,514.0,1250.0946293848876,0.4111688730739649,16.0,0.0,9.666666666666668,6.333333333333334,92.30155724242584,0.0,0.0,2.0,7.666666666666667,3.333333333333333,0.0,0.0,3.0,0.0,0.0,25.3008050286129,51.00075221381295
1655.0,11.0,19.56206935550169,0.5623126981147487,43.0,0.5,1.0,41.5,46.57783262013025,0.5,0.0,0.0,1.0,1.1666666666666667,2.1666666666666665,0.3333333333333333,37.833333333333336,0.0,0.0,2.5778178708398047,1.00001474929045
1656.0,295.8333333333333,701.469516291901,0.421733698275534,40.0,4.166666666666667,4.0,31.833333333333336,88.03229152787267,4.0,0.1666666666666666,0.1666666666666666,3.8333333333333335,0.0,26.166666666666668,0.1666666666666666,5.5,0.0,0.0,19.031863798449614,29.00042772942305
1657.0,11.333333333333334,24.77118532277063,0.45752083259880566,403.6666666666666,27.333333333333336,193.0,183.3333333333333,425.14332199034175,25.666666666666668,1.6666666666666667,119.83333333333331,73.16666666666667,18.33333333333333,6.333333333333333,4.0,154.66666666666666,0.0,0.0,20.47664057438462,1.00001474929045
1658.0,12.833333333333334,26.27187549760687,0.4884818114527961,454.83333333333337,59.66666666666667,264.1666666666667,131.0,478.1581520964292,36.5,23.166666666666668,158.83333333333334,105.33333333333331,16.333333333333332,9.666666666666666,34.333333333333336,70.66666666666667,0.0,0.0,22.32480401380533,1.00001474929045
1659.0,1014.1666666666666,1920.832613099723,0.5279828443927064,2099.0,597.3333333333334,88.83333333333333,1412.8333333333337,2373.960316150035,460.5,136.83333333333334,32.166666666666664,56.66666666666666,253.0,216.83333333333331,147.66666666666666,795.3333333333334,0.0,0.0,174.62550787725138,100.33480827278343
1660.0,495.6666666666667,915.7901645953822,0.5412448023894906,7499.166666666666,2622.5,335.3333333333333,4541.333333333333,7980.768585030909,1804.8333333333333,817.6666666666666,204.66666666666663,130.66666666666666,1254.0,880.6666666666666,730.0,1676.6666666666667,0.0,0.0,432.6012128260442,49.0007055381979
1661.0,851.5,1480.5790724726294,0.5751128162158602,1700.3333333333337,157.83333333333334,106.66666666666669,1435.8333333333337,1906.3195120357668,49.16666666666666,108.66666666666669,41.5,65.16666666666667,589.0,176.83333333333334,259.5,410.5,0.0,0.0,121.81824364375802,84.16793505867548
1662.0,375.1666666666667,980.6852362381968,0.382555638449056,462.6666666666666,20.5,11.833333333333334,430.3333333333333,553.6628867885114,15.666666666666666,4.833333333333333,1.5,10.333333333333334,26.166666666666668,36.833333333333336,266.3333333333333,101.0,0.0,0.0,53.99567439809807,37.00054572374666
1663.0,560.1666666666666,1547.0798695448366,0.36207999192147217,2118.0,158.33333333333331,104.66666666666669,1855.0,2301.34913403008,95.33333333333331,63.0,29.166666666666668,75.5,550.1666666666666,274.8333333333333,301.6666666666667,728.3333333333334,0.0,0.0,127.84832280870016,55.50081122137985
1664.0,799.8333108367519,1665.660646254513,0.4801898349674627,1235.4999652496024,136.99999614665765,26.49999925464546,1071.9999698482993,1414.5356309907936,67.16666477749762,69.83333136916004,7.166666465092797,19.333332789552657,187.49999472626504,83.99999763736673,204.16666092415522,596.3333165605122,1.003003649950474,1.8687097468271943,97.16278937250128,79.00116297191246
1665.0,785.9999977253752,1549.326924792295,0.507317071140907,396.9999988511119,39.16666655332129,15.333333288959821,342.49999900883074,531.4744552251912,34.8333332325283,4.333333320792993,0.6666666647373836,14.666666624222438,123.33333297641595,28.999999916076185,65.33333314426359,124.83333297207506,0.0,0.0,56.47330615515364,78.00115021892566
1666.0,375.0,671.8203124941197,0.5581849685488369,0.0,0.0,0.0,0.0,54.90205871568975,0.0,0.0,0.0,0.0,0.0,0.0,0.0,0.0,0.0,0.0,17.90151299194309,37.00054572374666
1667.0,271.6666666666667,498.20724553839113,0.5452884700082757,0.0,0.0,0.0,0.0,39.968937954469325,0.0,0.0,0.0,0.0,0.0,0.0,0.0,0.0,0.0,0.0,12.968539723627174,27.000398230842155
1668.0,235.16666666666663,478.5586488209324,0.49140615731440174,483.0,56.33333333333333,216.3333333333333,210.33333333333331,540.6626949849222,45.16666666666666,11.166666666666666,119.83333333333331,96.5,40.333333333333336,25.0,19.166666666666668,125.83333333333331,0.0,0.0,34.329049405210995,23.3336455797112
1669.0,1033.5,1811.0791029719896,0.5706542570691813,837.3333333333334,145.66666666666669,39.16666666666666,652.5,1045.985676732332,100.16666666666669,45.5,23.83333333333333,15.333333333333334,162.5,80.0,66.16666666666667,343.8333333333333,0.0,0.0,106.31759644677987,102.33474695221864
1670.0,621.1666675939333,1264.2695802691567,0.49132453812713744,177.0000002642225,4.166666672886593,3.1666666713938105,169.6666669199421,288.936777375297,2.6666666706474196,1.5000000022391735,0.16666666691546367,3.000000004478347,106.6666668258968,9.166666680350504,13.83333335398349,40.0000000597113,0.0,0.0,50.102570955616216,61.83420615545841
1671.0,639.6666666666666,1538.427776116953,0.41579245811669385,276.0,17.5,7.5,251.0,383.0459133562673,14.5,3.0,1.8333333333333333,5.666666666666667,41.5,76.5,85.33333333333333,47.66666666666666,0.0,0.0,43.71164836373216,63.33426499253511
1672.0,677.3333333333334,1658.7516327147086,0.40833921123249256,323.0,48.0,25.333333333333336,249.66666666666669,437.7531692649571,37.0,11.0,9.166666666666666,16.166666666666668,31.33333333333333,20.83333333333333,125.83333333333331,71.66666666666667,0.0,0.0,47.75218106249693,67.00098820246016
1673.0,699.3333333333334,1817.6418622524648,0.38474759404292275,72.0,0.1666666666666666,0.0,71.83333333333333,178.32157703932893,0.1666666666666666,0.0,0.0,0.0,0.0,71.5,0.0,0.3333333333333333,0.0,0.0,36.82055687397937,69.50102016534957
1674.0,530.0,1484.062836129263,0.3571277354955856,212.0,3.5,82.5,126.0,300.25547760291147,3.1666666666666665,0.3333333333333333,75.0,7.5,34.666666666666664,12.0,52.5,26.83333333333333,0.0,0.0,35.42140428337212,52.834073319539336
1675.0,445.3333333333333,1139.096679418726,0.3909530607714388,34.0,0.0,0.0,34.0,100.88229596919288,0.0,0.0,0.0,0.0,0.0,34.0,0.0,0.0,0.0,0.0,22.881647000413068,44.00064896877981
1676.0,330.3333333333333,659.1283754300026,0.5011669132251062,374.0,8.166666666666666,2.6666666666666665,363.1666666666667,442.3258559541631,7.0,1.1666666666666667,0.6666666666666666,2.0,4.166666666666667,318.8333333333333,28.0,12.166666666666666,0.0,1.868709799387622,33.623269655943766,32.83387649883168
1677.0,500.1666666666667,1216.067852147627,0.4112983217041313,5.0,1.5,0.1666666666666666,3.333333333333333,78.94981235837486,1.5,0.0,0.0,0.1666666666666666,0.1666666666666666,0.0,0.0,3.1666666666666665,0.0,0.0,24.11578328670685,49.834029071668
1678.0,570.6666666666666,1108.6726236341567,0.5147296456153652,29.000000000000004,0.0,0.1666666666666666,28.833333333333336,114.62734659332877,0.0,0.0,0.1666666666666666,0.0,0.0,28.666666666666668,0.0,0.1666666666666666,0.0,0.0,28.626505883773103,57.00084070955566
1679.0,276.3333333333333,632.9547864769955,0.4365767338160046,21.0,0.0,0.0,21.0,62.52807973489544,0.0,0.0,0.0,0.0,8.833333333333334,0.0,0.0,12.166666666666666,0.0,0.0,14.194407053131783,27.33367268176366
1680.0,675.6666666666666,1448.637069744767,0.466415419554127,138.0,7.833333333333333,27.166666666666668,103.0,247.8429949830367,5.833333333333333,2.0,18.666666666666668,8.5,11.166666666666666,43.16666666666666,2.1666666666666665,46.5,0.0,0.0,42.84200678057656,67.00098820246016
1681.0,960.3333333333334,2325.948218153588,0.4128782084820773,236.0,17.666666666666664,26.166666666666664,192.16666666666669,391.1116005166818,8.5,9.166666666666666,12.0,14.166666666666666,38.0,44.333333333333336,1.3333333333333333,108.5,0.0,0.0,60.11019933408903,95.00140118259276
1682.0,214.0,509.8690656712179,0.41971559839246053,0.0,0.0,0.0,0.0,31.216106482501644,0.0,0.0,0.0,0.0,0.0,0.0,0.0,0.0,0.0,0.0,10.21579674740219,21.000309735099453
1683.0,593.8333333333334,1522.9321275125649,0.3899276419516168,56.0,0.0,0.0,56.0,146.02194513373578,0.0,0.0,0.0,0.0,0.0,55.833333333333336,0.0,0.1666666666666666,0.0,0.0,31.021074925599223,59.00087020813656
1684.0,864.6666666666666,2244.506389994669,0.38523689240587117,147.0,7.833333333333333,5.5,133.66666666666666,280.961038927797,6.333333333333333,1.5,1.3333333333333333,4.166666666666667,29.166666666666668,60.16666666666666,14.166666666666666,30.166666666666668,0.0,0.0,48.29313327376263,85.66790565403437
1685.0,891.3333333333334,1735.3925350147497,0.5136205874746128,463.0,46.66666666666666,57.16666666666666,359.1666666666667,619.152612787873,32.666666666666664,14.0,11.166666666666666,46.0,56.5,50.16666666666666,130.33333333333334,122.16666666666669,0.0,0.0,67.65133200653736,88.50128078133564
1686.0,570.6666666666666,1106.2609965806987,0.5158517460441244,953.0,73.33333333333333,22.0,857.6666666666667,1082.402017231745,42.66666666666666,30.666666666666668,5.833333333333333,16.166666666666668,149.83333333333334,301.5,145.5,260.8333333333333,0.0,0.0,72.7345515817106,56.66746565003448
1687.0,536.3333333333334,1264.403658845537,0.4241788843153398,0.0,0.0,0.0,0.0,78.77069757845868,0.0,0.0,0.0,0.0,0.0,0.0,0.0,0.0,0.0,0.0,25.603219747787165,53.16747783067152
1688.0,1006.3333333333334,2121.1747891165205,0.4744226352758398,1270.9999999999998,57.5,27.83333333333333,1185.6666666666663,1479.715571366492,33.333333333333336,24.166666666666668,2.0,25.83333333333333,164.66666666666666,382.5,174.66666666666666,463.8333333333333,0.0,0.0,108.71409643744698,100.001474929045
1689.0,1224.0,2516.2794917127885,0.4864324507794816,429.33333333333337,71.66666666666667,9.5,348.1666666666667,635.3623406831183,48.333333333333336,23.33333333333333,2.833333333333333,6.666666666666667,68.16666666666667,58.333333333333336,62.333333333333336,159.33333333333334,0.0,5.606129399563603,78.9210908217684,121.50178712845296
1690.0,854.8333333333334,2256.444544660428,0.3788408340706539,2355.833333333333,333.1666666666667,97.5,1925.1666666666663,2593.7089945217244,207.5,125.66666666666669,66.33333333333333,31.166666666666668,486.0,206.0,298.3333333333333,934.8333333333334,0.0,0.0,153.2075126483485,84.66814854004241
1691.0,230.33333333333331,571.960392430164,0.4027085378319389,138.0,12.666666666666666,6.666666666666666,118.66666666666666,178.58417392130707,9.0,3.6666666666666665,2.1666666666666665,4.5,27.5,30.33333333333333,10.666666666666666,50.16666666666666,0.0,0.0,17.583834687626737,23.00033923368035
1692.0,373.6666666666667,950.0378003027556,0.3933176833043775,0.0,0.0,0.0,0.0,54.838110265615015,0.0,0.0,0.0,0.0,0.0,0.0,0.0,0.0,0.0,0.0,17.837564541868357,37.00054572374666
1693.0,393.8333333333333,930.0210645313992,0.4234671109645998,58.0,7.666666666666667,0.0,50.333333333333336,118.56876372380636,0.0,7.666666666666667,0.0,0.0,6.0,0.1666666666666666,27.166666666666668,17.0,0.0,0.0,21.5681885014788,39.00057522232756
1694.0,808.1666666666666,1865.3031394423297,0.43326291023575103,119.0,2.0,3.8333333333333335,113.16666666666666,258.26114342077403,1.8333333333333333,0.1666666666666666,0.0,3.8333333333333335,20.666666666666668,55.833333333333336,5.833333333333333,30.83333333333333,0.0,0.0,59.259963477538,80.00117994323601
1695.0,638.0000066911111,1323.0285032058962,0.48222695516018105,86.00000090193659,1.3333333473168465,4.00000004195054,80.6666675126692,199.73015258816892,1.3333333473168465,0.0,2.00000002097527,2.00000002097527,1.1666666789022409,1.1666666789022409,0.5000000052438175,77.83333414962092,0.0,0.0,50.562555151788544,63.16759653444372
1696.0,778.4999952405518,1667.7720873834423,0.46679039727900457,288.9999982331657,13.166666586170754,5.6666666320228565,270.16666501497207,417.12646037766666,11.999999926636637,1.1666666595341175,0.0,5.6666666320228565,4.499999972488739,1.3333333251818484,237.99999854495996,26.333333172341504,0.0,0.0,50.958618528056164,77.16784361644478
1697.0,947.8333333333334,2101.3175581431456,0.4510662035160919,2006.0,459.1666666666667,81.66666666666667,1465.1666666666667,2241.0093571814,320.6666666666667,138.5,43.833333333333336,37.833333333333336,227.83333333333331,173.0,193.33333333333331,871.0,0.0,0.0,141.00797074809756,94.0013864333023
1698.0,317.8333333333333,727.6396829318988,0.43680043954265746,265.0,31.333333333333336,4.666666666666667,229.0,329.4897354625944,20.0,11.333333333333334,1.3333333333333333,3.333333333333333,35.166666666666664,24.0,5.5,164.33333333333334,0.0,0.0,32.82256737742744,31.66716808516698
1699.0,108.5,259.64658241872206,0.41787571008743807,104.0,77.33333333333334,7.666666666666667,19.0,125.1441724759467,2.6666666666666665,74.66666666666667,0.5,7.166666666666667,1.5,0.5,2.6666666666666665,14.333333333333334,0.0,0.0,10.144010233751738,11.000162242194952
1700.0,273.5,569.6183889410157,0.4801460158413549,6066.333333333333,615.6666666666666,277.6666666666667,5173.0,6395.839065998612,381.8333333333333,233.83333333333331,172.83333333333334,104.83333333333331,1659.8333333333333,913.0,683.1666666666666,1917.0,0.0,0.0,302.5056116801526,27.000120985126458
1701.0,1229.3333333333333,2882.638605171424,0.42646113568586846,103.0,11.0,8.833333333333334,83.16666666666667,288.603974909929,10.666666666666666,0.3333333333333333,0.0,8.833333333333334,11.333333333333334,47.5,4.333333333333333,20.0,0.0,0.0,63.60217549649405,122.00179941343492
1702.0,0.0,0.0,0.0,1038.0,55.83333333333333,277.5,704.6666666666666,1090.5603989961833,19.83333333333333,36.0,105.33333333333331,172.16666666666666,94.5,141.16666666666666,25.5,443.5,3.009011034484632,0.0,49.55138796169848,0.0
1703.0,421.0,1111.9175597745232,0.37862519239769105,367.8333333333333,83.83333333333333,11.5,272.5,447.4905090803457,54.66666666666666,29.166666666666668,2.5,9.0,38.5,55.66666666666666,16.333333333333332,162.0,0.0,0.0,37.65655627681347,42.000619470198906
1704.0,622.0,1734.593211458068,0.35858551497336827,0.0,0.0,0.0,0.0,93.69956469496726,0.0,0.0,0.0,0.0,0.0,0.0,0.0,0.0,2.006007356323088,0.0,29.692642882636267,62.00091445600791
1705.0,1691.0,4221.805000330376,0.40053957960343295,78.00000000000001,11.333333333333334,1.8333333333333333,64.83333333333334,330.283173441934,0.0,11.333333333333334,0.0,1.8333333333333333,2.1666666666666665,21.0,16.166666666666668,25.5,0.0,0.0,84.44740395399286,167.83576948794112
1706.0,1283.0,2299.745735965826,0.5578877612142533,1061.0,45.5,43.333333333333336,972.1666666666666,1299.898263701526,32.0,13.5,5.5,37.833333333333336,334.8333333333333,129.83333333333334,32.333333333333336,475.1666666666667,0.0,0.0,111.89639054163894,127.00187315988715
1707.0,446.0,1270.8126812466633,0.35095652300422076,0.0,0.0,0.0,0.0,65.29151508719745,0.0,0.0,0.0,0.0,0.0,0.0,0.0,0.0,0.0,0.0,21.290866118417647,44.00064896877981
1708.0,459.0,1279.7827461393315,0.35865462429826206,0.0,0.0,0.0,0.0,67.4121156306137,0.0,0.0,0.0,0.0,0.0,0.0,0.0,0.0,0.0,0.0,21.91145190213834,45.50066372847535
1709.0,376.1666666666667,952.5695442848468,0.39489680194329374,24.0,0.1666666666666666,0.1666666666666666,23.666666666666664,80.10343498615106,0.1666666666666666,0.0,0.0,0.1666666666666666,1.3333333333333333,0.5,18.5,3.333333333333333,0.0,0.0,19.102889262404386,37.00054572374666
1710.0,347.0,988.9174653519613,0.35088873658076286,0.0,0.0,0.0,0.0,50.56536816441998,0.0,0.0,0.0,0.0,0.0,0.0,0.0,0.0,0.0,0.0,16.564866688544672,34.0005014758753
1711.0,258.8333333333333,659.4677923596669,0.392488209935457,1510.6666666666667,372.6666666666667,61.5,1076.5,1623.1442876715298,252.0,120.66666666666669,7.333333333333333,54.16666666666666,141.33333333333334,186.0,51.833333333333336,697.3333333333334,2.006007356323088,0.0,84.47123016698812,26.000383481551705
1712.0,893.0,1878.2375651554016,0.4754457138791785,420.00000000000006,76.66666666666667,23.5,319.83333333333337,571.1804621037547,71.16666666666667,5.5,2.0,21.5,53.66666666666666,53.5,80.33333333333333,132.33333333333334,0.0,0.0,62.67916415579007,88.5012979479647
1713.0,345.0,754.6675294801602,0.45715495436466885,85.33333333333333,18.666666666666664,0.8333333333333333,65.83333333333333,139.87673321566814,15.666666666666666,3.0,0.6666666666666666,0.1666666666666666,3.6666666666666665,2.0,31.0,29.166666666666668,0.0,0.0,20.5428984064595,34.0005014758753
1714.0,2014.6666666666667,3888.6085409602015,0.518094492013123,599.8333333333333,117.16666666666666,21.0,461.6666666666666,948.215437105879,84.5,32.666666666666664,13.166666666666666,7.833333333333333,112.33333333333331,44.333333333333336,38.0,267.0,23.904738549101094,0.0,124.80779287877915,199.66957234466545
1715.0,542.3333333333334,1110.5077265834627,0.4883652048075805,0.0,0.0,0.0,0.0,80.72786477654384,0.0,0.0,0.0,0.0,0.0,0.0,0.0,0.0,1.0030036781615437,0.0,25.89070186215875,53.83415923622355
1716.0,742.0,1652.2968572176949,0.4490718461145383,64.0,0.1666666666666666,0.1666666666666666,63.66666666666666,179.3198099246802,0.1666666666666666,0.0,0.1666666666666666,0.0,0.0,63.5,0.0,0.1666666666666666,3.009011034484632,0.0,38.476376563272346,73.83442232692322
1717.0,216.0,421.3818288548098,0.5125992276103211,258.33333333333337,121.83333333333334,21.666666666666668,114.83333333333334,333.6479968130018,11.166666666666666,110.66666666666669,5.0,16.666666666666668,25.5,29.666666666666668,20.5,39.16666666666666,1.0030036781615437,0.0,52.64471283054164,21.6669469709653
1718.0,465.0,1370.4388343443045,0.3393073724610864,61.99999999999999,0.1666666666666666,0.0,61.83333333333333,133.15827139203807,0.0,0.1666666666666666,0.0,0.0,0.1666666666666666,61.5,0.1666666666666666,0.0,0.0,0.0,25.15759292467736,46.00067846736071
1719.0,688.0,2030.817877254516,0.33877976341734517,0.0,0.0,0.0,0.0,100.84431212096884,0.0,0.0,0.0,0.0,0.0,0.0,0.0,0.0,0.0,0.0,32.84330916921825,68.0010029517506
1720.0,564.0,1280.71845271979,0.44037781981064206,137.83333333333331,22.666666666666664,9.333333333333334,105.83333333333331,231.34916762994555,16.333333333333332,6.333333333333333,0.8333333333333334,8.5,9.0,3.8333333333333335,57.5,35.5,4.012014712646175,0.0,33.50299362370083,56.00082596026521
1721.0,0.0,0.0,0.0,12443.0,3937.0,538.3333333333334,7967.666666666666,13036.9942247557,2418.1666666666665,1518.8333333333333,298.1666666666667,240.16666666666663,2263.5,1146.8333333333333,1050.1666666666667,3507.1666666666665,0.0,0.0,593.9942247556984,0.0
1722.0,720.0,2072.2124193296017,0.3474547267856512,367.0,24.5,17.0,325.5,490.8945698704292,21.33333333333333,3.1666666666666665,2.1666666666666665,14.833333333333334,15.833333333333334,95.0,167.0,47.66666666666666,1.0030036781615437,0.0,51.890518992645696,71.00104719962196
1723.0,715.0,2039.1534832594125,0.35063569558144964,394.0,84.66666666666666,17.166666666666664,292.16666666666663,517.941788287795,47.5,37.16666666666666,3.5,13.666666666666666,43.333333333333336,87.66666666666667,28.166666666666668,133.0,0.0,0.0,52.94074108817304,71.00104719962196
1724.0,842.0,1683.2327916634406,0.5002278972761104,225.0,39.83333333333333,4.333333333333333,180.8333333333333,359.2703586091271,28.33333333333333,11.5,3.0,1.3333333333333333,8.333333333333334,81.33333333333333,52.16666666666666,39.0,0.0,0.0,50.935771633075404,83.3345869760517
1725.0,1226.1666666666667,2695.7395721532207,0.45485353234150383,2631.333333333333,424.1666666666666,140.0,2067.1666666666665,2938.109163236793,258.5,165.66666666666666,52.333333333333336,87.66666666666667,432.5,489.3333333333333,288.1666666666667,857.1666666666666,1.0030036781615437,0.0,184.1043577171544,121.66846850814342
1726.0,1565.1666666666667,3237.7659226306027,0.4834094570354266,2229.333333333333,460.5,117.0,1651.8333333333333,2565.3082887037795,326.1666666666667,134.33333333333334,48.66666666666666,68.33333333333333,339.8333333333333,288.8333333333333,255.0,768.1666666666666,0.0,0.0,180.9727992805217,155.00215608992437
1727.0,890.3333310292434,1958.3034169297357,0.4546452420662802,904.3333309930126,163.16666624440833,58.49999984860809,682.6666648999964,1079.2174312232016,103.16666639968209,59.99999984472625,15.833333292358315,42.666666556249766,146.16666628840255,130.16666632980886,40.33333322895487,365.9999990528301,1.0030036755658747,0.0,85.71338244204232,88.16771411258031
1728.0,1523.6666666666667,3777.601188923218,0.40334238329191613,73.33333333333334,21.83333333333333,2.666666666666667,48.833333333333336,348.37957686629306,19.33333333333333,2.5,1.1666666666666667,1.5,12.333333333333334,3.8333333333333335,5.5,27.166666666666668,47.64253787770614,0.0,76.2348020146505,151.16890364060313
1729.0,983.0,2522.643626946363,0.3896705779206366,111.83333333333331,24.5,3.8333333333333335,83.5,264.9246878310859,17.333333333333332,7.166666666666667,1.5,2.333333333333333,19.666666666666668,10.166666666666666,6.666666666666667,47.0,3.5099653074461763,0.0,52.24670372036827,97.33468546993817
1730.0,808.5,1877.5706355256668,0.4306096317775245,1117.8333333333333,571.0,66.16666666666667,480.6666666666666,1294.4761076798793,326.0,245.0,11.333333333333334,54.833333333333336,92.5,45.66666666666666,54.66666666666666,287.8333333333333,4.680455547626894,0.0,91.96102599332076,80.00129280559817
1731.0,949.0,2291.246686879652,0.4141849960697167,78.5,13.5,3.6666666666666665,61.33333333333333,221.5460380955436,9.333333333333334,4.166666666666667,3.0,0.6666666666666666,16.333333333333332,8.333333333333334,5.5,31.166666666666668,0.0,0.0,49.04465166224124,94.0013864333023
1732.0,743.0,1797.8191108664405,0.41327850811526795,433.1666666666667,86.33333333333334,14.833333333333332,332.0,563.3189667222373,54.0,32.333333333333336,8.166666666666666,6.666666666666667,58.16666666666666,114.83333333333331,23.0,136.0,0.0,0.0,56.15120860807723,74.00109144749331
1733.0,625.1666666666666,1496.589082825487,0.4177276674278437,971.3333333333331,145.83333333333331,58.0,767.5,1110.367173257457,96.83333333333331,49.0,19.666666666666668,38.333333333333336,134.0,190.83333333333331,34.833333333333336,407.8333333333333,0.6683037754174302,0.0,76.3642707635404,62.00126538516569
1734.0,881.0,1782.6551609652718,0.4942066302508873,830.6666666666666,108.0,23.666666666666664,699.0,1000.6953261717732,42.5,65.5,14.166666666666666,9.5,134.5,317.0,103.16666666666669,144.33333333333334,1.0030036781615437,0.0,81.6910245718065,87.33463125513832
1735.0,624.0,2168.3718817246004,0.28777351581579524,95.0,6.833333333333334,2.5,85.66666666666666,196.33910042336785,5.166666666666667,1.6666666666666667,2.1666666666666665,0.3333333333333333,5.0,64.33333333333333,12.0,4.333333333333333,5.015018390807719,0.0,34.323167576552216,62.00091445600791
1736.0,144.0,328.5589187790817,0.43827755622979614,33.0,10.0,0.1666666666666666,22.83333333333333,55.44972062226344,10.0,0.0,0.0,0.1666666666666666,2.0,2.1666666666666665,7.0,11.666666666666666,0.0,0.0,8.449514132197137,14.000206490066304
1737.0,1.0,1.0,1.0,2131.6666666666665,186.33333333333331,931.3333333333331,1014.0,2239.981151316851,130.5,55.833333333333336,314.1666666666667,617.1666666666666,180.5,186.83333333333331,58.833333333333336,587.8333333333334,3.009011034484632,0.0,105.30547361570024,0.0
1738.0,504.0,1357.4523783049128,0.37128374302850925,438.0,68.33333333333334,20.5,349.16666666666663,532.9693381002835,30.5,37.833333333333336,1.0,19.5,46.833333333333336,37.16666666666666,151.16666666666666,114.0,0.0,0.0,44.96860063576104,50.0007374645225
1739.0,684.0,1458.1537708932783,0.46908632933889777,1965.1666666666663,305.5,94.5,1565.1666666666663,2159.6129674596177,157.0,148.5,52.5,42.0,362.5,403.5,215.0,584.1666666666666,0.0,0.0,126.44529784120073,68.0010029517506
1740.0,581.0,1156.7556473921452,0.5022668368292292,2331.333333333333,447.0,138.16666666666669,1746.1666666666663,2528.041672287436,303.5,143.5,87.16666666666667,51.0,425.6666666666667,212.83333333333331,184.66666666666663,923.0,0.0,0.0,139.04026718310675,57.66807177099657
1741.0,725.0,1788.9535551873923,0.4052648532421271,1042.0,230.83333333333331,100.33333333333331,710.8333333333334,1198.3529911669482,187.33333333333331,43.5,2.0,98.33333333333331,221.66666666666663,279.5,38.833333333333336,170.83333333333334,0.0,0.0,84.35192921803583,72.00106194891241
1742.0,551.0,1249.7675867612772,0.44088197344587443,640.0,77.5,35.333333333333336,527.1666666666666,751.856016473386,43.66666666666666,33.833333333333336,10.166666666666666,25.166666666666668,91.66666666666669,118.33333333333331,19.666666666666668,297.5,0.0,0.0,56.85520526241125,55.00081121097475
1743.0,159.66666666666666,370.035461015475,0.43149017726165806,1162.3333333333337,110.33333333333334,43.16666666666666,1008.8333333333334,1241.479685842412,66.5,43.833333333333336,23.33333333333333,19.83333333333333,171.66666666666666,519.3333333333334,81.5,236.33333333333331,0.0,0.0,63.31310954094666,15.833242968131993
1744.0,674.3333369787196,1710.2997533276323,0.39427786600957393,1492.3333414007548,187.50000101360837,92.00000049734383,1212.8333398898026,1662.6281235518409,118.33333397303282,69.16666704057553,44.16666690542774,47.833333591916094,240.333334632554,412.33333556237073,88.16666714328785,472.0000025515901,0.0,0.0,103.45999884887001,66.83478330221568
1745.0,593.6666624239624,1465.1144076077358,0.4052015728882986,2107.9999849349456,297.3333312084079,112.83333252695749,1697.8333211995807,2301.6711972751996,198.833331912349,98.4999992960589,67.9999995140305,44.83333301292698,408.83333041156084,325.1666643428273,221.33333175155025,742.499994693642,5.8505356889084075,0.0,128.98643685735433,58.83423979399155
1746.0,869.0,2578.6700218700075,0.33699542501751195,217.00000000000003,9.833333333333334,3.0,204.16666666666669,354.8440500636459,7.0,2.833333333333333,1.5,1.5,9.0,173.5,2.833333333333333,18.83333333333333,0.0,0.0,51.84278162466719,86.0012684389787
1747.0,554.0,1664.6972297856355,0.33279324917921504,55.00000000000001,14.5,1.3333333333333337,39.16666666666667,142.08187934437495,10.166666666666666,4.333333333333333,0.8333333333333334,0.5,9.0,4.0,4.5,21.666666666666668,3.009011034484632,0.0,29.07205709891557,55.00081121097475
1748.0,262.0,634.8014482178597,0.412727476812692,34.0,9.666666666666666,1.6666666666666667,22.666666666666668,74.13064440319212,6.5,3.1666666666666665,0.8333333333333334,0.8333333333333334,5.166666666666667,3.0,2.833333333333333,11.666666666666666,0.0,0.0,14.130260921640412,26.000383481551705
1749.0,762.9999991165688,2125.7960366226903,0.3589243680822585,73.99999991431991,0.0,0.0,73.99999991431991,189.95729772415123,0.0,0.0,0.0,0.0,0.999999998842161,67.99999992126695,4.999999994210805,0.0,0.0,0.0,39.95617695175415,76.00112085807714
1750.0,856.500000706759,2469.0961052143775,0.3468880773405108,0.0,0.0,0.0,0.0,125.72208856860307,0.0,0.0,0.0,0.0,0.0,0.0,0.0,0.0,0.0,0.0,40.887543201766306,84.83454536683676
1751.0,734.0,1956.0196563215968,0.37525185272438805,4.0,0.0,4.0,0.0,112.23125426634684,0.0,0.0,3.0,1.0,0.0,0.0,0.0,0.0,0.0,0.0,35.230177568144,73.00107669820285
1752.0,240.16666666666663,553.3958112861956,0.43398714223816454,127.0,5.0,4.666666666666667,117.33333333333331,168.52794086342317,3.5,1.5,0.0,4.666666666666667,10.666666666666666,80.83333333333333,1.3333333333333333,24.5,0.0,0.0,17.527586880452382,24.000353982970804
1753.0,556.3333333333334,1293.8181243959136,0.4299934610925987,407.1666666666667,50.5,24.666666666666668,332.0,509.28726707162815,31.0,19.5,10.333333333333334,14.333333333333334,86.5,97.83333333333331,18.5,129.16666666666666,1.0030036781615437,0.0,45.95052131477252,55.167075412027465
1754.0,1098.0000031036066,3101.3201877027554,0.3540427742538023,4257.333345367111,685.1666686033586,285.66666747413205,3286.5000092896203,4700.105835451073,460.5000013016492,224.6666673017094,159.8333337851182,125.8333336890138,781.1666688747122,354.83333433630514,405.1666678119107,1745.3333382666922,0.0,0.0,333.77319621964426,108.99929386431775
1755.0,733.8333333333334,1530.2577811739586,0.47954883311905977,2246.5,443.6666666666667,111.5,1691.3333333333337,2474.310030012044,313.1666666666667,130.5,66.5,45.0,382.5,242.83333333333331,128.83333333333334,937.1666666666666,12.871698312541872,0.0,142.26977122247806,72.66856047702429
1756.0,285.1666666666667,853.8303344443239,0.333985166798102,546.5,136.66666666666666,19.166666666666668,390.6666666666666,623.3951428200124,93.33333333333331,43.333333333333336,7.666666666666667,11.5,77.5,64.33333333333333,40.5,208.33333333333331,9.027033103453894,0.0,39.70102761585587,28.16708210070269
1757.0,0.0,0.0,0.0,440.6666666666666,100.0,21.0,319.66666666666663,466.7086176604006,64.66666666666667,35.333333333333336,10.833333333333334,10.166666666666666,79.16666666666667,32.5,28.33333333333333,179.66666666666666,5.015018390807719,0.0,21.026932602926276,0.0
1758.0,390.0,1039.8905067383716,0.3750394849004242,360.0,29.166666666666664,3.6666666666666665,327.1666666666667,434.8036012062137,8.166666666666666,21.0,0.6666666666666666,3.0,8.666666666666666,287.1666666666667,3.333333333333333,28.0,0.0,0.0,35.80302598388618,39.00057522232756
1759.0,5.666666666666667,13.037989608533278,0.43462733418332156,941.0,106.66666666666666,412.3333333333333,422.0,996.0437363748622,94.33333333333331,12.333333333333334,85.83333333333333,326.5,26.83333333333333,49.0,28.83333333333333,317.3333333333333,6.85367602035485,0.0,47.35675399807136,0.8333063564359371
1760.0,1594.3333333333333,4091.2561595158463,0.3896928647757916,4396.833333333334,589.1666666666666,200.3333333333333,3607.333333333334,4840.761292773941,375.8333333333333,213.33333333333331,83.5,116.83333333333331,715.8333333333334,384.3333333333333,1172.5,1334.6666666666667,0.0,0.0,285.92553582663646,158.00242361397034
1761.0,597.6666666666666,1347.2772916867366,0.4436107328124058,531.0,37.333333333333336,257.3333333333333,236.3333333333333,649.8805683016883,32.333333333333336,5.0,240.0,17.333333333333332,36.833333333333336,47.833333333333336,42.333333333333336,109.33333333333331,0.0,0.0,59.87969809355183,59.00087020813656
1762.0,75.0,175.84828412458629,0.42650401949252714,501.0,144.83333333333334,13.166666666666668,343.0,535.4968272006578,107.0,37.833333333333336,1.8333333333333333,11.333333333333334,40.5,89.83333333333333,26.83333333333333,185.83333333333331,0.0,0.0,27.496723955624585,7.000103245033151
1763.0,248.66666666666663,561.1959353089034,0.4431013323890009,1895.0,443.5,79.16666666666666,1372.3333333333337,2022.333410783911,363.8333333333333,79.66666666666667,7.833333333333333,71.33333333333333,218.5,236.5,233.5,683.8333333333334,0.0,0.0,102.3330420516498,25.00036873226125
1764.0,500.0,1148.9350387006546,0.43518561377104176,2384.833333333333,586.3333333333334,122.66666666666669,1675.8333333333337,2572.5478253613505,316.1666666666667,270.1666666666667,13.166666666666666,109.5,431.0,333.1666666666667,112.33333333333331,799.3333333333334,0.0,0.0,137.71375456349463,50.0007374645225
1765.0,522.6666641211472,1290.041848638256,0.40515481313483304,416.9999979691041,19.166666573320132,15.83333325622098,381.999998139563,525.7253148074594,14.833333261091234,4.333333312228899,2.4999999878243653,13.333333268396615,123.99999939608851,90.16666622753212,6.499999968343349,161.33333254759904,11.868694353359015,0.0,44.85585577514985,52.00076670984647
1766.0,1016.0,2096.38241671626,0.48464440070597714,8836.833333333332,1272.1666666666667,574.8333333333333,6989.833333333333,9462.922176151274,852.0,420.1666666666667,311.0,263.8333333333333,1976.5,1115.8333333333333,521.8333333333334,3375.6666666666665,55.004557950407225,0.0,470.2460535005053,100.83823136702937
1767.0,766.0,1791.7884725215738,0.42750581988174785,6339.5,578.1666666666666,2196.333333333333,3565.0,7392.39770649322,454.0,124.16666666666669,784.1666666666666,1412.1666666666667,710.8333333333334,613.3333333333334,341.0,1899.8333333333333,15.880709123808744,0.0,961.015876423337,76.00112094607421
1768.0,1921.3333333333333,3988.0292042050014,0.4817751412922122,3397.166666666667,539.6666666666667,267.6666666666667,2589.833333333333,3860.932157135142,365.6666666666667,174.0,132.33333333333334,135.33333333333334,698.8333333333334,402.5,214.5,1274.0,19.22099625938686,0.0,254.0430565876788,190.50143762140965
1769.0,0.0,0.0,0.0,1526.0,83.5,1112.0,330.5,1604.7279480472475,77.83333333333333,5.666666666666667,882.5,229.5,48.833333333333336,63.0,7.166666666666667,211.5,4.012014712646175,1.868709799387622,72.84722353521374,0.0
1770.0,0.0,0.0,0.0,3282.333331735017,375.6666664837377,1492.1666659400637,1414.4999993112162,3557.0204291395694,316.1666665127109,59.49999997102677,1062.499999482621,429.66666645744266,218.99999989335905,210.83333323066907,157.33333325672066,827.3333329304675,13.039047809750768,0.0,261.64804959480057,0.0
1771.0,777.0000042854916,1955.3527819348296,0.3973707514388513,155.00000085489214,17.33333342893418,56.500000311621974,81.166667114336,276.49718893849507,11.833333398599294,5.500000030334883,8.000000044123466,48.500000267498514,12.33333340135701,9.833333387568427,7.83333337653756,51.166666948872994,0.0,0.0,44.496051963543685,77.00113612005927
1772.0,327.00000009232997,842.3838498513886,0.3881840803928263,0.0,0.0,0.0,0.0,47.610591319711844,0.0,0.0,0.0,0.0,0.0,0.0,0.0,0.0,0.0,0.0,15.610119333381961,32.000471986329885
1773.0,531.1666666666666,1390.582934270533,0.3819741013471477,163.5,43.33333333333333,6.166666666666666,114.0,250.665171964555,27.83333333333333,15.5,4.333333333333333,1.8333333333333333,21.5,13.166666666666666,10.666666666666666,68.66666666666667,1.0030036781615437,0.0,33.161386573999614,53.00078171239386
1774.0,150.0,388.3109303947972,0.3862883793858041,821.0,171.0,169.16666666666669,480.83333333333337,882.3532055464947,132.16666666666666,38.833333333333336,4.333333333333333,164.83333333333334,75.66666666666667,80.5,141.66666666666666,183.0,0.0,0.0,46.35298430713797,15.000221239356751
1775.0,366.3333333333333,940.1053820205224,0.3896726264304445,485.6666666666666,189.8333333333333,30.33333333333333,265.5,562.5059658109628,78.5,111.33333333333331,1.3333333333333333,29.0,39.16666666666666,28.5,28.166666666666668,169.66666666666666,0.0,0.0,40.67210150317332,36.16719764112288
1776.0,43.0,108.06253592084602,0.39791773933101826,260.8333333333333,10.166666666666668,62.83333333333333,187.8333333333333,279.33739493621084,8.333333333333334,1.8333333333333333,10.166666666666666,52.66666666666666,59.5,86.33333333333333,4.833333333333333,37.16666666666666,0.0,0.0,14.504002605715746,4.0000589971618
1777.0,375.0,863.6290567738337,0.43421420001875255,397.0,53.66666666666667,6.833333333333333,336.5,475.8567974813217,23.666666666666668,30.0,2.5,4.333333333333333,29.0,10.166666666666666,217.33333333333331,80.0,1.0030036781615437,0.0,40.853248079413504,37.00054572374666
1778.0,353.1666666666667,763.404600187374,0.46262056395780643,178.99999999999997,0.0,0.0,178.99999999999997,240.5767744851522,0.0,0.0,0.0,0.0,1.0,90.83333333333331,74.0,13.166666666666666,1.0030036781615437,0.0,25.406781796807056,35.16698901018364
1779.0,1020.0,1929.603689233107,0.528605954523949,818.1666666666667,176.0,24.5,617.6666666666667,1006.9169070838408,139.66666666666666,36.333333333333336,5.833333333333333,18.666666666666668,85.0,53.16666666666666,52.333333333333336,427.1666666666667,0.0,0.0,87.74875073883858,101.00148967833546
1780.0,662.6666666666666,1508.009190125879,0.43943145108509013,2335.0,421.83333333333337,225.8333333333333,1687.3333333333337,2543.934597074727,247.83333333333331,174.0,10.666666666666666,215.16666666666663,377.8333333333333,167.66666666666666,228.5,913.3333333333334,0.0,0.0,143.1002608470178,65.83433622770896
1781.0,392.1666666666667,973.193792562971,0.4029687300346106,1220.5,219.5,66.33333333333333,934.6666666666669,1337.4857655750843,142.83333333333334,76.66666666666667,27.666666666666668,38.66666666666666,213.0,147.33333333333334,178.83333333333334,395.5,1.0030036781615437,0.0,76.98218667459506,39.00057522232756
1782.0,10.0,23.554684542899366,0.4245440002300745,1542.1666666666663,59.0,970.8333333333331,512.3333333333333,1617.262986324483,47.16666666666666,11.833333333333334,604.1666666666666,366.6666666666667,43.16666666666666,61.5,82.16666666666667,325.5,0.0,0.0,74.09630490852618,1.00001474929045
1783.0,0.0,0.0,0.0,3322.0,434.6666666666666,294.6666666666667,2592.666666666667,3761.9597965570183,344.3333333333333,90.33333333333331,222.5,72.16666666666667,537.6666666666666,431.5,215.83333333333331,1407.6666666666667,24.90774222726264,20.555807794664577,394.496246535092,0.0
1784.0,0.0,0.0,0.0,3.9999999990097144,0.1666666666254047,0.4999999998762143,3.333333332508095,4.190949470876499,0.0,0.1666666666254047,0.0,0.4999999998762143,0.9999999997524286,1.1666666663778333,0.1666666666254047,0.9999999997524286,0.0,0.0,0.19094947186678587,0.0
1785.0,3110.0,8505.681313241143,0.36563796425790557,4812.333333333333,859.5,491.5,3461.333333333333,5498.862188768468,572.6666666666666,286.8333333333333,340.8333333333333,150.66666666666666,936.5,422.0,328.0,1774.8333333333333,0.0,0.0,378.1909498687315,308.337905566403
1786.0,217.5,544.8611091191315,0.399184299190722,2509.0,351.83333333333337,143.0,2014.1666666666663,2697.878965568236,233.83333333333331,118.0,50.333333333333336,92.66666666666669,514.5,369.3333333333333,168.16666666666666,962.1666666666666,0.0,0.0,167.2124922091733,21.66647335906174
1787.0,748.5,1774.545593218856,0.4217981227759229,1893.5,508.6666666666667,158.16666666666669,1226.6666666666663,2097.7869442205783,399.0,109.66666666666669,12.833333333333334,145.33333333333334,215.66666666666663,243.66666666666663,110.83333333333331,656.5,0.0,0.0,130.11912721360144,74.16781700697689
1788.0,645.5,1317.037758529851,0.490115029595311,0.0,0.0,0.0,0.0,94.81592915851787,0.0,0.0,0.0,0.0,0.0,0.0,0.0,0.0,0.0,0.0,30.814985203929066,64.0009439545888
1789.0,1092.6666666666667,2331.2957459600666,0.4686950030085901,370.6666666666666,98.66666666666666,2.833333333333333,269.16666666666663,570.8560427288642,42.5,56.16666666666666,1.5,1.3333333333333333,9.166666666666666,6.5,1.8333333333333333,251.66666666666663,0.0,0.0,91.8544767927981,108.33489926939946
1790.0,0.0,0.0,0.0,4800.000003230084,221.83333348261252,860.6666672458387,3717.500002501633,5029.139369681151,153.66666677007422,68.16666671253834,15.166666676872834,845.5000005689658,1344.8333342383175,870.5000005857892,65.83333337763483,1436.333334299891,0.0,0.0,229.13936645106727,0.0
1791.0,174.16666666666666,310.18978197212374,0.5614842164024563,1530.3333333333337,224.66666666666663,321.0,984.6666666666669,1632.1188405451308,146.66666666666666,78.0,202.66666666666663,118.33333333333331,278.8333333333333,167.5,121.16666666666669,417.1666666666667,0.0,0.0,84.2852687276262,17.500238484170993
1792.0,1071.3333333333333,1531.795506966089,0.6993970986735963,1867.6666666666663,411.0,179.0,1277.6666666666663,2114.1249191819334,303.3333333333333,107.66666666666669,75.66666666666667,103.33333333333331,499.0,96.5,84.16666666666667,598.0,0.0,0.0,140.2898040295787,106.16844848568788
1793.0,430.8333333333333,798.8641274348247,0.5393073972626,624.0,72.83333333333333,30.0,521.1666666666666,717.3556880418945,44.66666666666666,28.166666666666668,2.0,28.0,105.33333333333331,104.0,24.83333333333333,287.0,0.0,0.0,50.35505382240516,43.00063421948935
1794.0,826.3333333333334,1677.621252148755,0.492562509133058,312.49999999999994,10.666666666666668,10.166666666666668,291.66666666666663,448.6929996232825,6.0,4.666666666666667,1.3333333333333333,8.833333333333334,70.83333333333333,54.5,47.833333333333336,118.5,0.0,0.0,54.358262966483416,81.83473665679902
1795.0,921.3333333333334,1956.9012762115497,0.47081237287400757,1203.0,637.1666666666666,25.166666666666668,540.6666666666666,1404.605882352023,378.8333333333333,258.3333333333333,10.333333333333334,14.833333333333334,154.83333333333334,48.66666666666666,37.333333333333336,299.8333333333333,0.0,0.0,110.43777034376798,91.16811200825488
1796.0,955.3333333333334,1831.99587947298,0.5214713330076699,221.16666666666663,27.0,15.333333333333332,178.83333333333331,372.1966482060136,15.166666666666666,11.833333333333334,8.0,7.333333333333333,56.66666666666666,24.5,21.5,76.16666666666667,0.0,0.0,56.36192839240798,94.66805314693887
1797.0,1091.999999924117,2164.388483016693,0.5045304983336926,0.0,0.0,0.0,0.0,160.1307987447794,0.0,0.0,0.0,0.0,0.0,0.0,0.0,0.0,0.0,0.0,52.12920582891583,108.0015929158636
1798.0,0.0,0.0,0.0,1212.8333333333333,657.1666666666666,22.5,533.1666666666666,1270.7306034315193,507.0,150.16666666666666,2.833333333333333,19.666666666666668,86.0,67.33333333333333,29.83333333333333,350.0,0.0,0.0,57.89727009818579,0.0
1799.0,735.1666666666666,1535.6596862330723,0.4787301986614031,360.6666666666667,58.5,23.666666666666668,278.5,486.1000594485061,38.66666666666666,19.83333333333333,14.833333333333334,8.833333333333334,76.33333333333333,37.0,35.666666666666664,129.5,0.0,0.0,52.43228905976929,73.00110372207016
1800.0,483.5,1125.508008252718,0.42958379367784694,3343.333333333334,536.3333333333334,176.33333333333334,2630.666666666667,3579.960901960196,349.1666666666667,187.16666666666663,129.5,46.833333333333336,528.8333333333334,342.3333333333333,697.0,1062.5,0.0,0.0,188.6266766157003,48.00089201116234
1801.0,1061.3333333333333,1801.1047600576314,0.589267963124684,883.6666666666666,208.0,70.5,605.1666666666666,1081.8399818633843,70.16666666666667,137.83333333333334,8.666666666666666,61.833333333333336,124.83333333333331,115.33333333333331,56.16666666666666,308.8333333333333,0.0,0.0,92.83843317748196,105.33488201923568
1802.0,672.8333333333334,1181.566763796414,0.5694416548849911,2048.333333333333,463.33333333333337,139.5,1445.5,2244.8912677405774,321.6666666666667,141.66666666666666,78.33333333333333,61.16666666666666,238.16666666666663,204.0,215.33333333333331,788.0,0.0,0.0,129.89029427700277,66.66764013024147
1803.0,624.0,1260.8089854300215,0.49492033068528113,687.3333333333334,100.5,40.0,546.8333333333334,811.7701998340447,73.66666666666667,26.83333333333333,11.666666666666666,28.33333333333333,76.66666666666667,68.33333333333333,191.0,210.83333333333331,0.0,0.0,62.60261871137004,61.83424778934124
1804.0,425.4999999700695,910.2140823540717,0.4674724421639422,136.6666666570533,26.99999999810077,9.833333332641638,99.83333332631086,205.5031765743151,22.999999998382137,3.999999999718632,6.166666666232891,3.666666666408746,32.333333331058945,9.833333332641638,17.333333332114073,40.33333333049621,0.0,0.0,26.835890450017363,42.0006194672445
1805.0,478.3333333333333,1155.5621209248786,0.4139399558636355,212.16666666666663,13.5,6.0,192.66666666666663,292.5008677899059,6.166666666666667,7.333333333333333,3.8333333333333335,2.1666666666666665,13.666666666666666,151.5,6.333333333333333,21.166666666666668,0.0,0.0,33.00013039316346,47.33407073007576
1806.0,1147.5,2427.860775170283,0.4726383043605611,486.6666666666667,170.16666666666666,22.166666666666668,294.33333333333337,678.501595179001,136.16666666666666,34.0,13.333333333333334,8.833333333333334,48.66666666666666,18.83333333333333,33.333333333333336,193.5,0.0,0.0,77.99988186478039,113.83504664755397
1807.0,479.6666666666667,1012.6193006037768,0.47368904224980135,485.6666666666667,12.833333333333332,3.5,469.33333333333337,579.2498393106171,9.166666666666666,3.6666666666666665,0.3333333333333333,3.1666666666666665,202.0,102.0,30.5,134.83333333333334,0.0,0.0,46.08246714231726,47.50070550163309
1808.0,1372.3333350502212,3447.264929772113,0.3980933763454442,2128.3333359960316,272.50000034091715,90.16666677947165,1765.6666688756427,2431.496214360518,171.1666668808085,101.33333346010862,35.50000004441306,54.6666667350586,432.833333874839,385.83333381603865,105.00000013136257,842.0000010534027,0.0,0.0,167.1618956942029,136.00098267028318
1809.0,1686.0,3857.6136615026094,0.4370577636702149,286.0,21.166666666666668,46.0,218.83333333333331,547.13700151233,11.833333333333334,9.333333333333334,4.5,41.5,38.0,49.333333333333336,8.333333333333334,123.16666666666669,0.0,0.0,94.13454820149828,167.00245331083175
1810.0,284.3333333333333,365.3165454126223,0.7783204371764245,225.3333333333333,13.5,84.33333333333333,127.5,277.66336566262214,9.833333333333334,3.6666666666666665,9.333333333333334,75.0,18.83333333333333,59.333333333333336,7.166666666666667,42.16666666666666,0.0,0.0,24.32961934915623,28.0004129801326
1811.0,327.3333333333333,637.8431573119502,0.5131878104843324,296.0,3.0,13.0,280.0,358.09065735510944,2.6666666666666665,0.3333333333333333,2.5,10.5,2.333333333333333,250.0,18.33333333333333,9.333333333333334,0.0,0.0,29.75688148568769,32.33377586942183
1812.0,265.16666650070505,590.2876684831361,0.44921600205896994,326.6666664622135,77.3333332849322,40.333333308089635,208.99999986919175,381.0794961322191,51.16666663464263,26.166666650289557,3.4999999978094314,36.83333331028021,28.49999998216251,40.333333308089635,13.999999991237726,126.1666665877019,0.0,0.0,28.245779538164463,26.16705013184102
1813.0,807.1666666666666,1580.2459673942046,0.510785462087063,350.0,49.16666666666666,35.33333333333333,265.5,485.24100156757214,41.16666666666666,8.0,2.1666666666666665,33.166666666666664,59.0,48.5,6.0,152.0,0.0,0.0,55.23982162433612,80.00117994323601
1814.0,520.1666666666666,1394.4373169347691,0.37302979513635587,648.3333333333334,112.83333333333334,76.5,459.0,758.7826229372182,86.66666666666667,26.166666666666668,15.666666666666666,60.833333333333336,70.0,128.33333333333334,27.0,233.66666666666663,0.0,0.0,58.78190015420606,51.6673894496788
1815.0,618.6666666666666,1236.9119563936767,0.5001703342495311,456.0,61.0,124.33333333333334,270.6666666666667,568.4955212129837,49.333333333333336,11.666666666666666,93.66666666666669,30.666666666666668,60.5,57.833333333333336,24.5,127.83333333333331,0.0,0.0,51.32796466027302,61.1675565527107
1816.0,511.8333332536456,1059.8151586030124,0.48294585060315137,111.99999998256264,2.999999999532928,1.9999999996886186,106.9999999833411,192.7808969700546,2.166666666329337,0.8333333332035912,0.0,1.9999999996886186,6.49999999898801,5.166666665862265,79.49999998762259,15.833333330868232,0.0,0.0,29.780144781619395,51.00075220587261
1817.0,305.8333333333333,760.3676273749858,0.40221771985369836,475.83333333333337,104.16666666666669,25.833333333333336,345.83333333333337,543.1488758564024,83.66666666666667,20.5,5.166666666666667,20.666666666666668,64.16666666666667,51.833333333333336,15.833333333333334,214.0,0.0,0.0,37.315100044355546,30.000442478713502
1818.0,234.0,538.7896819350334,0.4343067579906169,596.5,64.16666666666666,135.5,396.83333333333337,659.1456716364169,45.66666666666666,18.5,36.833333333333336,98.66666666666669,73.66666666666667,77.83333333333333,30.33333333333333,215.0,0.0,0.0,39.64533240273644,23.00033923368035
1819.0,288.3333333333333,695.411396876549,0.41462267461877517,0.0,0.0,0.0,0.0,48.6009491439887,0.0,0.0,0.0,0.0,0.0,0.0,0.0,0.0,1.0030036781615437,0.0,18.764213854681767,28.833731611145385
1820.0,359.8333333333333,765.3407403319861,0.470160954945697,83.33333333333334,8.0,6.5,68.83333333333334,140.48909046404572,5.166666666666667,2.833333333333333,1.6666666666666667,4.833333333333333,18.5,6.166666666666667,3.8333333333333335,40.333333333333336,0.0,0.0,21.155226156256177,36.000530974456204
1821.0,203.83333333333331,523.1274453469266,0.38964373814903847,412.5,31.166666666666668,18.83333333333333,362.5,461.9242859782536,24.5,6.666666666666667,15.166666666666666,3.6666666666666665,7.833333333333333,49.66666666666666,4.666666666666667,300.3333333333333,0.0,0.0,29.4239909924446,20.000294985809003
1822.0,454.0,906.8623198896336,0.5006272617603656,269.3333333333333,12.833333333333332,20.5,236.0,348.86282762726853,7.333333333333333,5.5,3.6666666666666665,16.833333333333332,42.66666666666666,23.33333333333333,64.0,106.0,0.0,0.0,34.52883057586495,45.00066371807026
1823.0,595.5,1297.8251125312288,0.4588445656122029,826.8333333333333,152.33333333333334,151.83333333333334,522.6666666666666,953.7326006152527,123.5,28.83333333333333,4.0,147.83333333333334,100.5,89.33333333333333,98.16666666666669,234.66666666666663,0.0,0.0,67.89839707378304,59.00087020813656
1824.0,1064.1666666666667,2205.0497450300445,0.4826043807243755,988.0,77.5,92.16666666666669,818.3333333333333,1191.4656189884536,55.5,22.0,23.166666666666668,69.0,155.0,162.5,160.16666666666666,340.6666666666667,0.0,0.0,97.96412674146474,105.50149224698886
1825.0,1485.3333333333333,2820.543334922152,0.5266124845319311,371.3333333333333,29.5,30.33333333333333,311.5,607.1329244208857,16.666666666666668,12.833333333333334,22.5,7.833333333333333,64.83333333333333,38.0,42.333333333333336,166.33333333333334,0.0,0.0,88.63075627518953,147.16883481236283
1826.0,56.833333333333336,114.88379919986215,0.4947027668754319,11044.0,667.1666666666667,740.8333333333334,9636.0,11579.145396579836,399.6666666666667,267.5,166.33333333333334,574.5,3570.333333333333,1259.1666666666667,811.8333333333334,3994.6666666666665,0.0,0.0,529.8120802879779,5.333316291859333
1827.0,599.6666666666666,1260.7965143412491,0.4756252574032418,149.33333333333334,41.5,6.833333333333333,101.0,244.423595187416,11.5,30.0,5.5,1.3333333333333333,26.0,14.666666666666666,7.666666666666667,52.66666666666666,0.0,0.0,35.75623742415672,59.334024429925904
1828.0,2346.6666666666665,4859.293087483701,0.4829234673477673,2767.5,338.33333333333337,187.0,2242.1666666666665,3244.072614642471,219.33333333333331,119.0,144.66666666666666,42.333333333333336,637.1666666666666,285.3333333333333,280.3333333333333,1039.3333333333333,0.0,0.0,243.73478696790696,232.83782767456387
1829.0,767.4999996417756,1615.416707263185,0.47510960867927554,2242.999998953098,176.3333332510312,44.16666664605224,2022.4999990560145,2462.874505480382,17.499999991832016,158.83333325919918,27.99999998693123,16.166666659121006,566.4999997355907,832.4999996114374,405.66666647732507,217.83333323166138,0.0,0.0,143.70673121426557,76.16777531301844
1830.0,0.0,0.0,0.0,3737.8333333333335,216.0,195.83333333333331,3326.0,3916.2695671517863,163.0,53.0,21.5,174.33333333333334,1085.1666666666667,378.6666666666667,126.33333333333331,1735.8333333333333,0.0,0.0,178.4362338184536,0.0
1831.0,1274.8333333333333,2862.281869903084,0.4453905629414823,393.3333333333333,40.66666666666666,19.666666666666664,333.0,599.4703156513249,22.33333333333333,18.33333333333333,13.166666666666666,6.5,114.83333333333331,75.66666666666667,58.16666666666666,84.33333333333333,0.0,0.0,79.63512389698977,126.5018584210018
1832.0,0.0,0.0,0.0,6972.0,1502.0,344.33333333333337,5125.666666666666,7306.069461737218,1039.6666666666667,462.3333333333333,216.33333333333331,128.0,1459.5,939.5,626.6666666666666,2100.0,0.0,0.0,334.0694617372181,0.0
1833.0,748.1666666666666,1712.6649366067238,0.43684357090243087,499.1666666666666,41.16666666666667,12.333333333333332,445.6666666666666,633.0599857757322,24.166666666666668,17.0,7.5,4.833333333333333,110.66666666666669,108.66666666666669,71.16666666666667,155.16666666666666,0.0,0.0,59.55888204325689,74.33443706580859
1834.0,1006.1666666666666,2255.854222603892,0.44602468394667205,348.0,15.5,32.0,300.5,515.4853879452108,10.166666666666666,5.333333333333333,5.666666666666667,26.33333333333333,67.33333333333333,39.5,20.0,173.66666666666666,0.0,0.0,67.65062140902036,99.8347665361905
1835.0,745.6666666666666,1632.0830089178987,0.4568803563251709,1410.666666666667,237.66666666666669,50.16666666666667,1122.8333333333337,1587.605301360392,158.33333333333334,79.33333333333333,13.333333333333334,36.833333333333336,118.0,462.5,91.83333333333331,450.5,0.0,0.0,102.93754324623194,74.00109144749331
1836.0,1000.8333333333334,2040.738904197128,0.49042693863234965,21.0,0.0,0.0,21.0,168.947141151114,0.0,0.0,0.0,0.0,20.83333333333333,0.0,0.1666666666666666,0.0,0.0,0.0,48.77904374589871,99.1680974052153
1837.0,513.3333333333334,1061.6580399864936,0.4835204124106327,55.0,2.5,5.0,47.5,154.13423929305745,2.5,0.0,0.3333333333333333,4.666666666666667,5.0,2.1666666666666665,30.166666666666668,10.166666666666666,1.0030036781615437,0.0,47.13048340108296,51.00075221381295
1838.0,276.8333333333333,563.4008699692545,0.49136121026657353,0.0,0.0,0.0,0.0,40.71535300714413,0.0,0.0,0.0,0.0,0.0,0.0,0.0,0.0,0.0,0.0,13.214984207102797,27.50036880004133
1839.0,176.33333333333334,353.1394978212518,0.49933053204540656,48.0,2.166666666666667,17.666666666666668,28.166666666666664,80.22124212522964,1.0,1.1666666666666667,17.5,0.1666666666666666,3.6666666666666665,5.5,5.333333333333333,13.666666666666666,4.012014712646175,0.0,10.708993830869789,17.500233581713676
1840.0,794.4999987741922,1540.2430358657607,0.5158276845105869,166.99999974234126,0.1666666664095221,3.1666666617809214,163.6666664141508,291.90078956143356,0.0,0.1666666664095221,0.999999998457133,2.166666663323788,0.3333333328190443,136.99999978862724,0.0,26.3333332927045,0.0,0.0,45.89962474703509,79.00116507205728
1841.0,1434.0,3134.5590204610658,0.4574806186897292,644.3333333333334,237.66666666666669,210.0,196.66666666666669,888.7160142462554,18.83333333333333,218.83333333333331,197.66666666666663,12.333333333333334,49.5,47.333333333333336,10.5,89.33333333333333,0.0,0.0,102.21394928821736,142.1687316247047
1842.0,1253.8333333333333,2603.18184993534,0.4816541469680565,70.0,0.0,16.833333333333336,53.16666666666667,257.5315376855112,0.0,0.0,12.833333333333334,4.0,20.666666666666668,5.166666666666667,6.0,21.33333333333333,0.0,0.0,63.19637542975696,124.33516225575424
1843.0,454.5,1114.9446046314465,0.4076435709110754,1.0,0.0,0.0,1.0,67.74465295155275,0.0,0.0,0.0,0.0,1.0,0.0,0.0,0.0,0.0,0.0,21.74398923348249,45.00066371807026
1844.0,508.6666658403776,1052.593770872978,0.48325068978748603,69.9999998862905,4.166666659898244,0.9999999983755785,64.83333322801667,147.95801871990702,4.166666659898244,0.0,0.9999999983755785,0.0,26.833333289744687,2.166666663147087,10.999999982131364,24.83333329299353,0.0,0.0,27.623948107119347,50.33407072649718
1845.0,739.3333333333334,1737.5195849336517,0.4255107912130759,10.0,0.0,0.0,10.0,118.93856485553,0.0,0.0,0.0,0.0,0.0,0.0,10.0,0.0,0.0,0.0,35.77079203904946,73.16777281648054
1846.0,1203.1666666666667,2510.200861478372,0.4793109129753333,297.0,97.83333333333331,100.5,98.66666666666669,494.1157806935551,90.5,7.333333333333333,94.33333333333331,6.166666666666667,0.3333333333333333,62.333333333333336,0.3333333333333333,35.666666666666664,0.0,0.0,77.61402551758646,119.50175517596864
1847.0,960.8333333333334,2051.094286254905,0.4684491297022332,120.0,0.5,40.66666666666666,78.83333333333334,266.9311960559837,0.3333333333333333,0.1666666666666666,0.0,40.66666666666666,22.5,0.1666666666666666,32.0,24.166666666666668,0.0,0.0,51.59643208844665,95.33476396753709
1848.0,288.6666666666667,588.0694573325219,0.49087172113317407,54.49999999999999,10.5,1.1666666666666667,42.83333333333333,99.37871144914442,7.666666666666667,2.833333333333333,0.3333333333333333,0.8333333333333334,12.666666666666666,2.5,1.3333333333333333,26.33333333333333,0.0,0.0,16.378359799977527,28.500351649166888
1849.0,287.3333333333333,581.7622914220866,0.49390161165475754,1470.8333333333337,199.8333333333333,28.666666666666668,1242.3333333333337,1583.262249220125,47.16666666666666,152.66666666666666,12.833333333333334,15.833333333333334,364.6666666666667,83.66666666666667,225.16666666666663,568.8333333333334,0.0,0.0,83.92845872656795,28.500457160223878
1850.0,517.0,1044.8891168031569,0.4947893433723991,136.5,20.83333333333333,8.833333333333334,106.83333333333331,223.6976273014025,16.5,4.333333333333333,0.3333333333333333,8.5,25.5,22.83333333333333,9.833333333333334,48.66666666666666,0.0,0.0,36.196875087589575,51.00075221381295
1851.0,202.5,398.8303971405927,0.5077346196574285,138.0,43.66666666666667,1.1666666666666667,93.16666666666669,174.2547553535676,4.333333333333333,39.333333333333336,0.1666666666666666,1.0,3.1666666666666665,73.16666666666667,0.8333333333333334,16.0,0.0,0.0,16.254460367758586,20.000294985809003
1852.0,1262.1666666666667,2912.98208633024,0.43329022605035583,867.5,102.0,43.66666666666667,721.8333333333333,1101.5004815269672,70.16666666666667,31.83333333333333,5.333333333333333,38.333333333333336,136.33333333333334,200.16666666666663,98.83333333333331,286.5,0.0,0.0,108.66533397353356,125.33514755343369
1853.0,1637.1666666666667,3339.340813756133,0.4902664202235653,1261.4999999999998,167.0,46.333333333333336,1048.1666666666663,1562.2184278177224,70.0,97.0,7.833333333333333,38.5,237.66666666666663,139.66666666666666,196.83333333333331,474.0,0.0,0.0,138.38266337314835,162.3357644445741
1854.0,838.8333333333334,1912.066372191676,0.43870513363604313,245.5,29.83333333333333,79.66666666666666,136.0,380.2649926501794,24.0,5.833333333333333,48.16666666666666,31.5,19.83333333333333,13.333333333333334,17.333333333333332,85.5,0.0,0.0,51.763768459072026,83.00122419110737
1855.0,349.8333333333333,807.7829236231878,0.433078396562543,0.0,0.0,0.0,0.0,52.53735490958999,0.0,0.0,0.0,0.0,0.0,0.0,0.0,0.0,1.0030036781615437,0.0,16.70050412683278,34.83384710459566
1856.0,488.1666666666667,1112.2547691883,0.43889824542889605,732.5,81.16666666666667,72.0,579.3333333333334,838.9392519376216,43.833333333333336,37.333333333333336,23.0,49.0,135.0,94.66666666666669,103.16666666666669,246.5,0.0,0.0,58.27190674621927,48.167345191402354
1857.0,850.0,1724.0630090987586,0.4930214241092797,111.0,0.0,0.0,111.0,243.87684956775064,0.0,0.0,0.0,0.0,0.3333333333333333,99.66666666666669,11.0,0.0,0.0,0.0,48.87561062735282,84.00123894039781
1858.0,525.6666666666666,1247.1390126790272,0.42149805380353056,232.0,37.16666666666667,12.166666666666668,182.66666666666663,320.1701471585579,36.833333333333336,0.3333333333333333,9.333333333333334,2.833333333333333,50.0,57.66666666666666,34.666666666666664,40.333333333333336,0.0,0.0,36.16938019545451,52.00076696310341
1859.0,904.0,1909.2169338254048,0.47349255288067205,285.0,28.33333333333333,17.333333333333332,239.3333333333333,435.4241086827366,21.83333333333333,6.5,0.5,16.833333333333332,24.83333333333333,76.83333333333333,5.666666666666667,132.0,0.0,0.0,60.75610964625263,89.66799903648393
1860.0,1181.0,2549.1370802345477,0.463294033560304,221.0,0.5,1.3333333333333337,219.16666666666663,404.9294412523832,0.3333333333333333,0.1666666666666666,1.1666666666666667,0.1666666666666666,0.3333333333333333,2.333333333333333,0.0,216.5,0.0,0.0,66.92771558540058,117.00172566698268
1861.0,0.0,0.0,0.0,4787.5,399.8333333333333,866.1666666666666,3521.5,5038.482755134927,325.5,74.33333333333333,410.8333333333333,455.3333333333333,1414.8333333333333,409.3333333333333,132.5,1564.8333333333333,0.0,0.0,250.9827551349271,0.0
1862.0,872.5,1902.9174493810117,0.4585064897501519,891.1666666666667,91.16666666666669,226.0,574.0,1062.1863787068337,59.5,31.666666666666668,70.33333333333333,155.66666666666666,87.16666666666667,73.0,49.16666666666666,364.6666666666667,0.0,0.0,84.35182838744281,86.6678836527239
1863.0,686.8333333333334,1585.493348150416,0.4331984956824766,1149.1666666666663,201.0,60.333333333333336,887.8333333333333,1305.0277402306538,122.83333333333331,78.16666666666667,36.833333333333336,23.5,234.16666666666663,110.83333333333331,100.0,442.8333333333333,0.0,0.0,87.6944003197179,68.166673244269
1864.0,688.8333333333334,1630.194779099522,0.4225466442199179,233.83333333333331,30.666666666666664,41.0,162.16666666666669,346.04534031666026,20.83333333333333,9.833333333333334,4.166666666666667,36.833333333333336,22.33333333333333,32.166666666666664,11.166666666666666,96.5,0.0,0.0,44.04433736490969,68.16766961841728
1865.0,535.0,1094.771041943897,0.4886866563898543,196.0,31.333333333333336,11.333333333333334,153.33333333333331,283.7311500383679,25.166666666666668,6.166666666666667,2.0,9.333333333333334,39.5,30.33333333333333,5.0,78.5,0.0,0.0,34.89707671882857,52.834073319539336
1866.0,1064.3333333333333,2013.2890525538253,0.5286540111978671,913.0,117.66666666666669,81.66666666666667,713.6666666666666,1113.0607300649351,60.833333333333336,56.833333333333336,27.83333333333333,53.833333333333336,162.66666666666666,95.0,98.33333333333331,357.6666666666667,0.0,0.0,94.39247298617845,105.66825707875688
1867.0,365.1666666666667,913.9556222207402,0.3995452927784178,177.99999999999997,10.5,9.666666666666668,157.83333333333331,239.92990674442623,7.833333333333333,2.6666666666666665,1.3333333333333333,8.333333333333334,51.66666666666666,38.16666666666666,12.333333333333334,55.66666666666666,0.0,0.0,25.92937576997005,36.000530974456204
1868.0,636.5,1593.428320964352,0.3994531737799078,129.0,0.0,0.3333333333333333,128.66666666666666,228.7105296640672,0.0,0.0,0.0,0.3333333333333333,7.0,60.0,1.0,60.66666666666666,0.0,0.0,36.54296323330809,63.16756643075911
1869.0,392.1666666666667,1032.1864784140782,0.3799378066541022,0.0,0.0,0.0,0.0,57.72146755926481,0.0,0.0,0.0,0.0,0.0,0.0,0.0,0.0,0.0,0.0,18.72089233693725,39.00057522232756
1870.0,535.1666666666666,1162.478582869432,0.4603669044342091,2282.5,243.66666666666669,530.5,1508.3333333333337,2508.560679698766,209.83333333333331,33.833333333333336,266.6666666666667,263.8333333333333,369.6666666666667,460.8333333333333,124.83333333333331,553.0,0.0,0.0,173.22656708107218,52.83411261769367
1871.0,0.0,0.0,0.0,770.0,235.83333333333331,301.5,232.66666666666669,806.7577733434564,228.5,7.333333333333333,181.0,120.5,80.66666666666667,12.666666666666666,6.166666666666667,133.16666666666666,0.0,0.0,36.75777334345648,0.0
1872.0,874.0,2278.2602489410933,0.38362605870256666,3712.8333333333335,505.1666666666666,178.83333333333331,3028.833333333333,4018.4899318136736,312.8333333333333,192.33333333333331,76.83333333333333,102.0,744.6666666666666,381.3333333333333,352.1666666666667,1550.6666666666667,0.0,0.0,219.156022021629,86.50057645871156
1873.0,494.1666666666667,1223.860920009556,0.4037768169464944,3234.166666666667,390.1666666666667,110.66666666666669,2733.333333333333,3461.338073668321,266.1666666666667,124.0,22.5,88.16666666666667,648.0,161.0,185.83333333333331,1738.5,0.0,0.0,178.0035194949734,49.16788750668098
1874.0,212.0,510.9762103339408,0.4148921137863749,500.1666666666667,87.0,35.5,377.6666666666667,555.3216282799503,63.66666666666666,23.33333333333333,14.666666666666666,20.83333333333333,116.66666666666669,60.66666666666666,43.0,157.33333333333334,0.0,0.0,33.987955759906555,21.167005853377123
1875.0,157.5,354.17842224619426,0.4446911220653629,140.0,0.5,51.33333333333333,88.16666666666666,170.0354493149717,0.3333333333333333,0.1666666666666666,0.1666666666666666,51.16666666666666,0.1666666666666666,78.33333333333333,0.3333333333333333,9.333333333333334,0.0,0.0,14.201909444602173,15.833539870369531
1876.0,174.5,414.7329428085407,0.4207526868213047,376.6666666666666,73.0,16.5,287.16666666666663,420.13498385752905,47.16666666666666,25.83333333333333,9.5,7.0,68.83333333333333,47.333333333333336,39.5,131.5,0.0,0.0,26.30137033464712,17.166946856215322
1877.0,548.5,1376.6371796360977,0.3984346842535455,885.1666666666666,132.0,77.5,675.6666666666666,1007.7733755508584,92.5,39.5,14.333333333333334,63.16666666666666,108.66666666666669,168.33333333333334,73.83333333333333,324.8333333333333,0.0,0.0,68.43927519704677,54.16743368714506
1878.0,673.8333333333334,1448.8030430613956,0.4650965751076066,909.0,88.66666666666666,66.83333333333333,753.5,1051.5617415548222,40.0,48.66666666666666,3.8333333333333335,63.0,124.83333333333331,224.5,16.833333333333332,387.3333333333333,0.0,0.0,75.56075335236204,67.00098820246016
1879.0,673.1666666666666,1370.4818551130895,0.49118976960925775,1028.0,164.0,45.0,819.0,1176.2104083936667,99.16666666666669,64.83333333333333,11.333333333333334,33.666666666666664,123.5,132.0,118.66666666666669,444.8333333333333,0.0,0.0,81.20942019120663,67.00098820246016
1880.0,516.0,1208.6850417198905,0.426910222423007,2587.833333333333,974.6666666666669,62.833333333333336,1550.3333333333333,2787.167249269611,736.3333333333334,238.33333333333331,9.5,53.333333333333336,229.0,155.0,66.83333333333333,1099.5,0.0,0.0,148.16655594861535,51.16735998766271
1881.0,504.1666666666667,1101.8682570138387,0.45755621278446057,688.8333333333333,111.16666666666666,15.5,562.1666666666666,795.7843608296585,50.66666666666666,60.5,1.8333333333333333,13.666666666666666,91.33333333333331,57.333333333333336,178.16666666666666,235.33333333333331,0.0,0.0,56.95029003180255,50.0007374645225
1882.0,589.3333333333334,1369.8107014506256,0.4302297629221549,0.0,0.0,0.0,0.0,86.63431412426971,0.0,0.0,0.0,0.0,0.0,0.0,0.0,0.0,0.0,0.0,28.1334586550185,58.5008554692512
1883.0,2036.5,4454.95017758196,0.4571319361208577,904.0,237.66666666666669,130.5,535.8333333333333,1246.374626557407,153.5,84.16666666666667,27.666666666666668,102.83333333333331,98.16666666666669,108.83333333333331,104.83333333333331,224.0,0.0,0.0,140.37164720073602,202.0029793566709
1884.0,586.0,1295.3709071742362,0.452380084155448,80.0,0.1666666666666666,0.1666666666666666,79.66666666666667,169.79427688839706,0.0,0.1666666666666666,0.0,0.1666666666666666,0.1666666666666666,79.5,0.0,0.0,0.0,0.0,31.79342142955096,58.0008554588461
1885.0,667.5,1123.4327083839462,0.5941610877256692,1390.1666666666663,155.16666666666666,238.5,996.5,1567.056127167332,135.0,20.166666666666668,92.5,146.0,333.6666666666667,36.66666666666666,105.33333333333331,520.8333333333334,1.0030036781615437,0.0,109.8854833693343,66.0009734531697
1886.0,524.6666666666666,1379.5552697159137,0.3803158004497414,2879.0,343.1666666666667,154.0,2381.833333333333,3093.7472595255986,229.0,114.16666666666669,83.5,70.5,565.6666666666666,513.8333333333334,200.16666666666663,1102.1666666666667,0.0,0.0,162.58124687098743,52.16601265461125
1887.0,484.6666666666667,1229.9204335745692,0.3940634316140758,3546.833333333333,158.33333333333334,1465.8333333333333,1922.666666666667,3787.373888269,106.16666666666669,52.16666666666666,1364.8333333333333,101.0,389.1666666666667,300.5,88.33333333333333,1144.6666666666667,0.0,0.0,192.3731901290812,48.16736480658532
1888.0,214.66666666666663,540.219660731234,0.3973692226900753,1359.5000000000002,92.33333333333334,74.33333333333333,1192.8333333333337,1495.306893418809,64.16666666666667,28.166666666666668,4.5,69.83333333333333,179.0,292.6666666666667,19.166666666666668,702.0,0.0,39.2429057885408,75.06370967639347,21.50027795387483
1889.0,280.6666666666667,662.9823023190214,0.42333960602708864,0.0,0.0,0.0,0.0,41.39872149617614,0.0,0.0,0.0,0.0,0.0,0.0,0.0,0.0,0.0,0.0,13.398308516043535,28.0004129801326
1890.0,629.5,1314.215148296293,0.4789931091694263,1194.8333333333333,226.0,78.66666666666667,890.1666666666666,1344.4239223612806,162.33333333333334,63.66666666666666,41.333333333333336,37.333333333333336,129.66666666666666,167.83333333333334,88.33333333333333,504.3333333333333,0.0,0.0,87.08966228695739,62.50092674098985
1891.0,539.3333333333334,1350.7261171061712,0.3992914081566842,951.6666666666669,44.0,92.5,815.1666666666667,1076.3436376048428,29.33333333333333,14.666666666666666,8.333333333333334,84.16666666666667,164.33333333333334,205.66666666666663,163.83333333333334,281.3333333333333,0.0,0.0,71.17621621308467,53.50075472509136
1892.0,385.0,915.2611071431738,0.42064499080673234,1051.0000000000002,14.0,3.666666666666667,1033.3333333333337,1157.551362917595,13.833333333333334,0.1666666666666666,1.3333333333333333,2.333333333333333,5.5,56.833333333333336,953.5,17.5,0.0,0.0,68.55080244455807,38.00056047303711
1893.0,337.6666666666667,770.2902039072515,0.4383629247183367,1066.3333333333333,53.5,42.16666666666666,970.6666666666666,1166.8571256931143,25.666666666666668,27.83333333333333,3.5,38.66666666666666,131.16666666666666,580.0,66.0,193.5,0.0,0.0,67.02330562279126,33.50048673698995
1894.0,760.3333333333334,1517.7318803051403,0.50096683294316,728.5,188.83333333333331,30.166666666666664,509.5,875.1431836447167,101.66666666666669,87.16666666666667,10.833333333333334,19.33333333333333,101.16666666666669,103.83333333333331,47.5,257.0,0.0,0.0,71.14206515254592,75.50111849217079
1895.0,622.5,1513.159658546013,0.4113908248110163,592.3333333333334,39.5,29.333333333333336,523.5,711.9889519668468,24.0,15.5,3.6666666666666665,25.666666666666668,95.16666666666669,54.66666666666666,28.0,345.6666666666667,0.0,0.0,57.98809641406087,61.667522219452565
1896.0,528.3333333333334,1178.6734751175195,0.4482440170978277,0.0,0.0,0.0,0.0,81.55566096137888,0.0,0.0,0.0,0.0,0.0,0.0,0.0,0.0,0.0,0.0,29.221560654537043,52.33410030684183
1897.0,1476.8333333333333,3422.269432326721,0.43153625468035367,4205.5,134.0,202.66666666666663,3868.833333333333,4660.127412395454,60.66666666666666,73.33333333333333,35.5,167.16666666666666,1443.6666666666667,594.1666666666666,51.66666666666666,1779.3333333333333,0.0,0.0,308.12542099064325,146.5019914048107
1898.0,1315.5,2501.427244245695,0.5258997650346168,277.0,35.833333333333336,5.833333333333334,235.3333333333333,483.3746673540048,25.5,10.333333333333334,3.5,2.333333333333333,28.166666666666668,10.833333333333334,87.0,109.33333333333331,0.0,0.0,76.2062451671196,130.16842218688524
1899.0,335.5000005073354,712.6835662527386,0.4707559096267378,431.00000065174834,94.50000014290073,26.833333373910087,309.6666671349374,500.7582810492598,75.83333344800675,18.666666694893973,10.166666682040466,16.66666669186962,46.50000007031623,48.666666740259274,34.333333385251414,180.1666669391105,0.0,0.0,36.591126954105356,33.16715344340613
1900.0,205.0,527.3837249174469,0.3887112747593592,31.0,0.3333333333333333,0.0,30.666666666666668,62.26631382873852,0.1666666666666666,0.1666666666666666,0.0,0.0,7.666666666666667,1.6666666666666667,15.166666666666666,6.166666666666667,0.0,0.0,11.266018842929515,20.000294985809003
1901.0,523.8333333333334,1319.513688065919,0.39698969254433697,396.0,18.83333333333333,13.833333333333334,363.3333333333333,491.91109770677735,11.166666666666666,7.666666666666667,2.0,11.833333333333334,32.833333333333336,97.66666666666669,108.33333333333331,124.5,0.0,0.0,43.91033074367397,52.00076696310341
1902.0,198.66666666666663,415.2946546544679,0.4783752076750437,199.0,18.5,17.5,162.99999999999997,237.64994859480896,17.666666666666668,0.8333333333333334,7.0,10.5,19.166666666666668,38.16666666666666,77.5,28.166666666666668,0.0,0.0,18.98294768045397,19.667000914355
1903.0,880.0,2050.7188008822877,0.42911782913454277,13.0,0.0,8.666666666666666,4.333333333333333,142.63065481144395,0.0,0.0,8.666666666666666,0.0,0.0,0.0,4.0,0.3333333333333333,0.0,0.0,42.6293716231748,87.00128318826916
1904.0,1129.8333333333333,2300.4386041644225,0.4911382252445365,0.0,0.0,0.0,0.0,165.93660176559575,0.0,0.0,0.0,0.0,0.0,0.0,0.0,0.0,0.0,0.0,53.93494984506532,112.00165192053042
1905.0,837.1666666666666,1847.5377998524732,0.45312559598700214,93.0,0.0,0.0,93.0,220.4048227886376,0.0,0.0,0.0,0.0,0.0,93.0,0.0,0.0,0.0,0.0,44.40359859753024,83.00122419110737
1906.0,435.6666666666667,880.893662562995,0.4945735055001727,0.0,0.0,0.0,0.0,63.79789439055898,0.0,0.0,0.0,0.0,0.0,0.0,0.0,0.0,0.0,0.0,20.797260171069627,43.00063421948935
1907.0,456.8333333333333,994.0818810510904,0.4595530227855089,111.0,103.66666666666666,0.8333333333333334,6.5,183.44043611653308,1.8333333333333333,101.83333333333331,0.8333333333333334,0.0,0.8333333333333334,0.6666666666666666,1.0,4.0,0.0,0.0,27.10642678014757,45.33400933638552
1908.0,900.6666666666666,2261.5967027885085,0.39824371231005096,4088.833333333333,896.3333333333333,175.66666666666669,3016.833333333333,4618.171340217052,536.1666666666666,360.1666666666667,40.333333333333336,135.33333333333334,650.1666666666666,377.1666666666667,210.5,1779.0,0.0,201.82065834506903,238.182754054922,89.33459448372723
1909.0,1048.1666666666667,2549.3724382294454,0.4111469359865775,173.16666666666666,20.5,11.833333333333334,140.83333333333331,335.2698053732012,13.833333333333334,6.666666666666667,8.5,3.333333333333333,45.16666666666666,24.5,13.166666666666666,58.0,0.0,0.0,58.26848986203802,103.83464884449648
1910.0,731.6666666666666,1723.914359208339,0.4244217021329672,175.0,75.5,5.5,94.0,299.9494905921791,11.0,64.5,2.6666666666666665,2.833333333333333,6.166666666666667,5.833333333333333,3.5,78.5,0.0,0.0,52.28179140740082,72.66769918477826
1911.0,701.0,1429.3703536107969,0.4904257306226985,265.16666666666663,63.33333333333333,6.833333333333333,195.0,380.9585202636987,18.33333333333333,45.0,1.3333333333333333,5.5,15.333333333333334,69.83333333333333,5.166666666666667,104.66666666666669,0.0,0.0,46.12412749273139,69.66772610430066
1912.0,257.1666666666667,665.7699133076463,0.3862695828188203,0.0,0.0,0.0,0.0,37.776845145482085,0.0,0.0,0.0,0.0,0.0,0.0,0.0,0.0,0.0,0.0,12.276476402815744,25.500368742666343
1913.0,287.6666666666667,711.4822847680344,0.40432020982849215,211.66666666666669,83.0,9.833333333333332,118.83333333333334,264.1654850592712,24.83333333333333,58.16666666666666,2.0,7.833333333333333,22.666666666666668,22.0,10.833333333333334,63.333333333333336,0.0,0.0,23.83176817660606,28.667050215998447
1914.0,401.1666666666667,1057.1097392587292,0.37949387066282675,10.333333333333334,2.5,0.3333333333333333,7.5,69.6445295215577,2.0,0.5,0.1666666666666666,0.1666666666666666,1.6666666666666667,1.0,0.6666666666666666,4.166666666666667,0.0,0.0,19.64391256263721,39.66728362558716
1915.0,444.6666666666667,1017.4986947904054,0.4370193976103956,0.0,0.0,0.0,0.0,65.22767838846772,0.0,0.0,0.0,0.0,0.0,0.0,0.0,0.0,0.0,0.0,21.227029419687923,44.00064896877981
1916.0,654.8333333333334,1386.65665522393,0.47223898638959394,100.0,6.666666666666667,8.0,85.33333333333334,201.03416390849583,4.166666666666667,2.5,0.0,8.0,17.666666666666668,19.666666666666668,2.1666666666666665,45.833333333333336,0.0,0.0,36.0332052046166,65.00095870387925
1917.0,480.1666362948393,991.2809909445383,0.4843900374174575,0.0,0.0,0.0,0.0,75.58940077096501,0.0,0.0,0.0,0.0,0.0,0.0,0.0,0.0,0.0,0.0,27.92204143842698,47.667359332538034
1918.0,0.0,0.0,0.0,1612.0,1031.0,66.83333333333334,514.1666666666666,1688.952637181366,659.8333333333334,371.1666666666667,51.333333333333336,15.5,48.0,24.666666666666668,22.5,419.0,0.0,0.0,76.95263718136603,0.0
1919.0,750.5,2007.707192010652,0.3738094892454906,3641.666666666666,1031.8333333333333,226.5,2383.333333333333,3926.106682510356,701.6666666666666,330.1666666666667,114.83333333333331,111.66666666666669,707.1666666666666,395.8333333333333,284.8333333333333,995.5,0.0,0.0,209.77103071215515,74.66898513153433
1920.0,775.6666666666666,1914.2047535726251,0.4052161427449082,246.66666666666669,23.33333333333333,20.166666666666668,203.16666666666669,386.3442402950716,17.333333333333332,6.0,6.833333333333333,13.333333333333334,57.833333333333336,35.5,27.83333333333333,82.0,1.0030036781615437,0.0,61.84010092154536,76.834469028698
1921.0,369.5,932.21875371143,0.39636619466076456,456.5,81.66666666666666,24.166666666666668,350.66666666666663,532.6003048410561,60.66666666666666,21.0,7.666666666666667,16.5,68.33333333333333,116.0,31.166666666666668,135.16666666666666,0.0,0.0,39.433136630733976,36.66716821032205
1922.0,635.1666666666666,1608.4805398514509,0.39488613690366847,586.1666666666667,77.5,32.0,476.6666666666667,717.4699344267417,58.333333333333336,19.166666666666668,4.333333333333333,27.666666666666668,96.5,106.16666666666669,40.833333333333336,233.16666666666663,0.0,0.0,68.30233855477677,63.00092920529836
1923.0,477.5,1100.2970156669196,0.43397373000287054,342.00000000000006,8.666666666666666,12.0,321.33333333333337,428.28853462444886,5.833333333333333,2.833333333333333,1.3333333333333333,10.666666666666666,42.16666666666666,84.33333333333333,41.833333333333336,153.0,0.0,0.0,39.12114528952001,47.16738933492883
1924.0,617.6666666666666,1449.204510051976,0.42621083662271647,91.0,10.833333333333334,1.0,79.16666666666666,185.9992691892491,2.5,8.333333333333334,1.0,0.0,26.5,0.8333333333333334,7.833333333333333,44.0,0.0,0.0,33.8316758181574,61.167593371091705
1925.0,63.5,148.76335079845572,0.4268524449010944,157.0,43.66666666666666,25.5,87.83333333333333,173.52626664083255,42.0,1.6666666666666667,16.166666666666668,9.333333333333334,22.166666666666668,24.83333333333333,1.1666666666666667,39.66666666666666,0.0,0.0,10.526178145089894,6.000088495742701
1926.0,156.0,367.67801956148986,0.42428426966086513,0.0,0.0,0.0,0.0,22.44725064400508,0.0,0.0,0.0,0.0,0.0,0.0,0.0,0.0,0.0,0.0,7.447029404648325,15.000221239356751
1927.0,669.3333333333334,1457.164330695495,0.45933963605454503,0.0,0.0,0.0,0.0,108.11938238318312,0.0,0.0,0.0,0.0,0.0,0.0,0.0,0.0,0.0,0.0,41.95170053715889,66.16768184602422
1928.0,591.1666666666666,1602.3884951494608,0.3689284268179461,3350.166666666667,652.6666666666667,207.0,2490.5,3597.6659341615773,420.6666666666667,232.0,128.33333333333334,78.66666666666667,709.5,479.5,344.6666666666667,956.8333333333334,0.0,0.0,188.83056495928247,58.6687025356276
1929.0,1122.1666666666667,2822.691651031138,0.3975519842051241,738.9999999999999,33.333333333333336,111.33333333333331,594.3333333333333,938.8488076087104,21.666666666666668,11.666666666666666,8.833333333333334,102.5,159.66666666666666,139.5,66.0,229.16666666666663,0.0,0.0,88.84717043747031,111.00163717123996
1930.0,495.0,1179.7198716152006,0.4195911350736816,120.0,8.833333333333334,7.5,103.66666666666666,202.35920402201876,5.5,3.333333333333333,0.5,7.0,31.33333333333333,17.0,1.8333333333333333,53.5,0.0,0.0,33.358481306786665,49.00072271523206
1931.0,530.5,1372.714845143221,0.3864604523488276,220.0,30.666666666666664,14.333333333333334,175.0,308.49480949055373,27.83333333333333,2.833333333333333,0.5,13.833333333333334,50.0,68.0,8.666666666666666,48.333333333333336,0.0,0.0,35.82740529158448,52.66740419896925
1932.0,423.00000003602565,1108.9102760486674,0.38145556874383335,297.00000002529464,5.333333333787558,5.333333333787558,286.33333335771954,373.37121127613517,3.833333333659807,1.5000000001277505,0.6666666667234447,4.666666667064113,18.833333334937308,164.16666668064823,64.66666667217413,38.66666666995978,0.0,0.0,34.3705917770646,42.00061947377597
1933.0,532.5000000781347,1276.9220867950828,0.4170183957070115,42.000000006162736,0.0,0.0,42.000000006162736,122.4261738835025,0.0,0.0,0.0,0.0,0.0,41.66666667278048,0.0,0.3333333333822439,0.0,0.0,27.42539215716902,53.00078172017076
1934.0,696.0,1438.638941700091,0.4837906022323516,41.0,0.0,12.666666666666666,28.333333333333336,153.1833521756452,0.0,0.0,0.0,12.666666666666666,7.0,11.0,4.166666666666667,6.166666666666667,0.0,0.0,43.18233447460417,69.00101770104105
1935.0,787.5,1713.0888851968414,0.45969593685707255,0.0,0.0,0.0,0.0,120.5937250343598,0.0,0.0,0.0,0.0,0.0,0.0,0.0,0.0,0.0,0.0,42.592574589704704,78.00115044465511
1936.0,249.5,537.5298334998175,0.46416028367304507,0.0,0.0,0.0,0.0,36.9108767699724,0.0,0.0,0.0,0.0,0.0,0.0,0.0,0.0,0.0,0.0,11.910508037711152,25.00036873226125
1937.0,285.1666665191537,737.6473211071237,0.3865894423518699,150.99999992188967,25.99999998655054,37.16666664744083,87.83333328789831,199.82178016609834,23.499999987843758,2.499999998706783,3.1666666650285915,33.99999998241225,14.333333325918888,9.333333328505322,14.49999999249934,49.66666664097474,0.0,0.0,20.821367278560277,28.000412965648355
1938.0,1000.5000000064894,2723.85359912114,0.36731048993576737,314.00000000203664,16.500000000107022,11.000000000071347,286.50000000185827,487.7522881351644,1.500000000009729,15.000000000097293,1.8333333333452244,9.166666666726123,39.8333333335917,135.33333333421115,62.33333333373764,49.00000000031782,0.0,0.0,74.75082795273106,99.00146018039669
1939.0,999.3333338584582,2186.951611875605,0.4569526497211319,2.0000000010509504,0.0,0.0,2.0000000010509504,152.80233896910033,0.0,0.0,0.0,0.0,0.0,2.0000000010509504,0.0,0.0,0.0,0.0,51.800878736272,99.00146023177737
1940.0,338.1666666666667,712.2752620304441,0.47476963569206865,0.0,0.0,0.0,0.0,52.810230323657485,0.0,0.0,0.0,0.0,0.0,0.0,0.0,0.0,0.0,0.0,19.143074466097445,33.66715585756004
1941.0,930.0,2037.613306261287,0.45641633628041506,135.0,0.1666666666666666,7.0,127.83333333333331,281.84123722403706,0.0,0.1666666666666666,1.6666666666666667,5.333333333333333,17.833333333333332,46.0,19.0,45.0,0.0,0.0,54.83988028931564,92.0013569347214
1942.0,393.3333333333333,909.3333852621656,0.4325512949466089,240.0,2.666666666666667,1.1666666666666667,236.16666666666663,309.2343020286526,2.333333333333333,0.3333333333333333,0.0,1.1666666666666667,5.166666666666667,3.1666666666666665,0.1666666666666666,227.66666666666663,0.0,0.0,30.233726806325105,39.00057522232756
1943.0,343.0,811.5444878895838,0.422650889900034,0.0,0.0,0.0,0.0,54.37441869250591,0.0,0.0,0.0,0.0,0.0,0.0,0.0,0.0,0.0,0.0,20.373917216630613,34.0005014758753
1944.0,275.0,643.4041690674304,0.42741407846112245,64.0,2.833333333333333,34.0,27.166666666666664,107.1833659755587,2.5,0.3333333333333333,2.333333333333333,31.666666666666668,6.333333333333333,4.5,2.5,13.833333333333334,0.0,0.0,16.182967744716553,27.000398230842155
1945.0,736.0,1914.1126003526008,0.38451238441480434,154.99999999999997,0.1666666666666666,16.0,138.83333333333331,274.5350715670596,0.1666666666666666,0.0,3.1666666666666665,12.833333333333334,9.833333333333334,72.33333333333333,17.0,39.66666666666666,0.0,0.0,46.53399486885678,73.00107669820285
1946.0,599.0,1462.551316437525,0.40955827892524216,162.0,23.83333333333333,16.166666666666664,122.0,257.3290072397864,9.166666666666666,14.666666666666666,0.5,15.666666666666666,30.666666666666668,20.0,3.5,67.83333333333333,0.0,0.0,36.32813703164984,59.00087020813656
1947.0,443.0,1057.9271519807223,0.4187433881156993,186.0,0.1666666666666666,0.1666666666666666,185.66666666666663,260.0274534272657,0.0,0.1666666666666666,0.0,0.1666666666666666,0.3333333333333333,70.16666666666667,113.33333333333331,1.8333333333333333,0.0,0.0,30.026804458485877,44.00064896877981
1948.0,641.0,1449.566518455452,0.44220116278830784,0.0,0.0,0.0,0.0,94.26725121050158,0.0,0.0,0.0,0.0,0.0,0.0,0.0,0.0,0.0,0.0,30.59965287422805,63.667598336273535
1949.0,433.1666666666667,916.935311440836,0.47240700762849414,74.00000000000001,0.1666666666666666,0.0,73.83333333333334,140.87894004969428,0.1666666666666666,0.0,0.0,0.0,0.1666666666666666,73.5,0.0,0.1666666666666666,0.0,0.0,24.211722615913946,42.66721743378033
1950.0,757.8333333333334,1667.38193076531,0.45450494535795777,369.0,36.66666666666666,23.833333333333336,308.5,497.78439958234816,22.5,14.166666666666666,2.6666666666666665,21.166666666666668,73.83333333333333,45.5,50.16666666666666,139.0,0.0,0.0,53.78315594817863,75.00124363416951
1951.0,580.3333333333334,1253.2168855639106,0.46307493939662364,98.33333333333331,24.0,4.0,70.33333333333333,196.7545266406886,13.833333333333334,10.166666666666666,2.833333333333333,1.1666666666666667,15.5,5.833333333333333,6.333333333333333,42.66666666666666,0.3345623939886235,0.0,40.41908423870017,57.66754667466646
1952.0,650.0,1666.271083659004,0.3900925883996316,0.0,0.0,0.0,0.0,108.3671016633492,0.0,0.0,0.0,0.0,0.0,0.0,0.0,0.0,1.0030036781615437,0.0,43.02985013847144,64.33424784671622
1953.0,0.0,0.0,0.0,0.0,0.0,0.0,0.0,4.012014366043904,0.0,0.0,0.0,0.0,0.0,0.0,0.0,0.0,4.012014366043904,0.0,0.0,0.0
1954.0,859.0,2265.0752560939227,0.37923684773340754,0.0,0.0,0.0,0.0,129.00765278323257,0.0,0.0,0.0,0.0,0.0,0.0,0.0,0.0,0.0,0.0,44.0063990935443,85.00125368968826
1955.0,450.0,1206.294476468048,0.3730432400864263,98.0,0.0,0.0,98.0,169.16074137029642,0.0,0.0,0.0,0.0,0.0,98.0,0.0,0.0,0.0,0.0,26.160077652226168,45.00066371807026
1956.0,773.6666666666666,1603.441838388536,0.48250372925543966,979.1666666666669,506.83333333333337,22.0,450.33333333333337,1183.8429421920555,393.1666666666667,113.66666666666669,12.833333333333334,9.166666666666666,78.0,44.333333333333336,20.33333333333333,307.6666666666667,0.0,0.0,127.67513983002412,77.00113569536465
1957.0,913.6666666666666,2229.18000505112,0.4098667064105997,14.666666666666668,2.5,1.1666666666666667,11.0,171.4831187325412,1.8333333333333333,0.6666666666666666,1.0,0.1666666666666666,2.0,1.8333333333333333,1.0,6.166666666666667,0.0,0.0,66.31518105824243,90.50127100763213
1958.0,849.5,1875.156404933994,0.45302887682582543,145.0,5.333333333333333,3.1666666666666665,136.5,276.6423321528843,5.333333333333333,0.0,0.0,3.1666666666666665,6.5,104.0,8.166666666666666,17.833333333333332,0.0,0.0,47.4744240919164,84.1679080609679
1959.0,391.0,847.9730272310702,0.4610995720898722,199.66666666666669,23.166666666666668,76.0,100.5,270.8669537291236,19.166666666666668,4.0,31.666666666666668,44.333333333333336,7.333333333333333,9.666666666666666,18.166666666666668,65.33333333333333,1.0030036781615437,0.0,31.19670816196778,39.00057522232756
1960.0,782.3333333333334,1286.9763705677385,0.6078847686909852,5333.833333333334,311.3333333333333,3461.0,1561.5,5703.482180423267,201.66666666666663,109.66666666666669,3347.6666666666665,113.33333333333331,283.0,508.5,147.16666666666666,622.8333333333334,0.0,0.0,291.9810250449349,77.66782204499853
1961.0,564.5,1406.2950282278164,0.4014093690648762,2072.0,139.16666666666666,101.5,1831.3333333333333,2280.270534942856,94.33333333333331,44.833333333333336,15.0,86.5,333.0,232.5,367.0,898.8333333333334,3.009011034484632,3.737419598775244,145.85664113427484,55.66746317532088
1962.0,573.8333333333334,1423.8028665080913,0.40302864029250945,1139.3333333333337,95.83333333333334,36.33333333333333,1007.1666666666669,1282.8280439620632,51.833333333333336,44.0,3.6666666666666665,32.666666666666664,296.0,98.66666666666669,103.83333333333331,508.6666666666667,3.009011034484632,1.868709799387622,81.78281820587182,56.83417158898556
1963.0,335.0,491.2577657379059,0.6819230623190352,1757.0,41.333333333333336,257.6666666666667,1458.0,1889.8670605376376,36.0,5.333333333333333,83.83333333333333,173.83333333333334,832.3333333333334,11.5,54.333333333333336,559.8333333333334,0.0,0.0,99.86657381105316,33.00048672658485
1964.0,0.0,0.0,0.0,1690.5,114.83333333333331,395.3333333333333,1180.3333333333337,1771.1996018998254,88.83333333333333,26.0,78.0,317.3333333333333,283.0,274.0,48.333333333333336,575.0,0.0,0.0,80.69960189982571,0.0
1965.0,107.0,250.42250471144527,0.42727789230961116,650.1666666666667,54.16666666666666,285.3333333333333,310.6666666666667,699.3179966572579,42.5,11.666666666666666,59.333333333333336,226.0,29.166666666666668,36.833333333333336,24.666666666666668,220.0,2.006007356323088,0.0,36.1451603920732,11.000162242194952
1966.0,1400.0,3349.439369255549,0.4179803978094298,3588.833333333334,433.33333333333337,292.83333333333337,2862.666666666667,3975.016382333617,301.1666666666667,132.16666666666666,189.83333333333331,103.0,1064.5,308.1666666666667,246.66666666666663,1243.3333333333333,9.027033103453894,0.0,238.15396574545744,139.00205015137257
1967.0,1532.999877821861,3633.5089902975124,0.42190617442131023,285.99997720616585,15.666665418053375,10.66666581654698,259.6666459715655,528.848486809162,11.333332430081164,4.333332987972209,7.66666605564314,2.9999997609038376,45.833329680475295,145.83332171060323,15.666665418053373,52.333329162433614,4.012014392893734,0.0,86.83426543233817,152.00222977776417
1968.0,679.9999695048111,1864.4195105662232,0.3647247658861366,0.0,0.0,0.0,0.0,99.79575673736728,0.0,0.0,0.0,0.0,0.0,0.0,0.0,0.0,0.0,0.0,32.46140876963008,67.33434796773722
1969.0,150.0,455.38047367956045,0.32939488772535985,0.0,0.0,0.0,0.0,22.160826436133988,0.0,0.0,0.0,0.0,0.0,0.0,0.0,0.0,0.0,0.0,7.160605196777236,15.000221239356751
1970.0,185.0,490.3616141784232,0.3772725977133394,579.8333333333334,52.5,29.5,497.83333333333337,652.344743253127,36.66666666666666,15.833333333333334,4.833333333333333,24.666666666666668,108.16666666666669,104.5,77.16666666666667,208.0,0.0,0.0,54.51114443256548,18.000265487228102
1971.0,432.3333333333333,939.8817318112738,0.459986952294701,823.0000000000001,86.5,37.833333333333336,698.6666666666667,926.0883696484746,58.333333333333336,28.166666666666668,7.666666666666667,30.166666666666668,119.83333333333331,274.1666666666667,32.5,272.1666666666667,0.3341518877087151,0.0,59.920090706526565,42.83412705423928
1972.0,809.3333333333334,1471.0941630317338,0.5501573955438737,1461.0,35.666666666666664,934.6666666666666,490.6666666666667,1660.745964099057,28.83333333333333,6.833333333333333,880.0,54.66666666666666,126.83333333333331,84.66666666666667,78.66666666666667,200.5,11.033040459776982,0.0,108.37824839698544,80.33467524229444
1973.0,543.6666666666666,1388.133274103611,0.3916530759755328,3119.1666666666665,458.3333333333333,189.16666666666663,2471.6666666666665,3347.8269917793164,308.8333333333333,149.5,45.66666666666666,143.5,510.3333333333333,419.8333333333333,182.5,1359.0,0.0,0.0,174.65946978430858,54.00085532834151
1974.0,747.0,1800.463217563436,0.41489323009381657,1229.0,137.16666666666669,369.0,722.8333333333334,1413.21064373357,108.66666666666669,28.5,172.5,196.5,129.5,137.83333333333334,72.33333333333333,383.1666666666667,15.880709123808744,0.0,94.32884316226745,74.00109144749331
1975.0,3037.000052177893,7683.081568522701,0.39528410899870814,106.00000182115794,27.83333381153047,3.5000000601325736,74.6666679494949,557.2096927844476,19.00000032643397,8.833333485096496,3.000000051542206,0.5000000085903676,16.333333613952007,3.3333333906024505,9.000000154626617,46.00000079031382,0.0,0.0,150.0385501342449,301.17114082904476
1976.0,512.999955765784,1212.95310334,0.4229346990853826,0.0,0.0,0.0,0.0,75.49001547754754,0.0,0.0,0.0,0.0,0.0,0.0,0.0,0.0,0.0,0.0,24.489267661353093,51.00074781619445
1977.0,945.3333326775487,2182.0782093695407,0.4332261458908387,400.49999972217023,121.83333324881664,25.833333315412556,252.83333315794098,558.5791058437836,99.33333326442505,22.499999984391586,0.33333333310209756,25.499999982310463,6.166666662388805,3.166666664469927,2.166666665163634,241.33333316591862,0.0,0.0,64.24435697886577,93.8347491427477
1978.0,726.0,2172.274481165141,0.3342119084373702,76.0,0.1666666666666666,0.0,75.83333333333333,186.28643106768132,0.0,0.1666666666666666,0.0,0.0,0.3333333333333333,75.16666666666667,0.0,0.3333333333333333,0.0,0.0,38.28536911876896,72.00106194891241
1979.0,248.0,752.4485861949748,0.32959062525999366,74.0,8.0,3.8333333333333335,62.16666666666667,114.37180122134303,7.666666666666667,0.3333333333333333,0.3333333333333333,3.5,11.0,18.166666666666668,9.333333333333334,23.666666666666668,0.0,0.0,15.371432489081798,25.00036873226125
1980.0,701.0,1996.4887376560623,0.3511164309511683,800.0000000000001,239.16666666666669,29.166666666666664,531.6666666666667,941.1549684571957,110.16666666666669,129.0,10.166666666666666,19.0,87.83333333333333,43.16666666666666,28.5,372.1666666666667,0.0,0.0,71.65395074574955,69.50101771144615
1981.0,420.0,998.1711757089652,0.4207695135072289,1993.3333333333333,509.5,115.16666666666669,1368.6666666666667,2150.5393569315675,441.6666666666667,67.83333333333333,22.5,92.66666666666669,274.5,158.0,167.33333333333334,768.8333333333334,0.0,0.0,115.20540412803552,42.000619470198906
1982.0,1260.6666666666667,3526.183823839779,0.3575158669107287,40.0,0.0,0.0,40.0,234.09161460714293,0.0,0.0,0.0,0.0,0.0,0.0,40.0,0.0,0.0,0.0,69.08977094583666,125.00184366130628
1983.0,1584.6666666666667,3850.893533911059,0.4115062264671965,220.00000000000003,18.0,13.333333333333334,188.66666666666669,463.1521939822559,16.833333333333332,1.1666666666666667,1.0,12.333333333333334,23.166666666666668,82.33333333333333,54.833333333333336,28.33333333333333,0.0,0.0,86.1498783436552,157.00231563860066
1984.0,443.5,1020.1314595072372,0.4347478904475974,486.5,54.33333333333333,42.83333333333333,389.3333333333333,578.0589277805004,38.66666666666666,15.666666666666666,2.1666666666666665,40.66666666666666,90.33333333333331,80.5,40.333333333333336,178.16666666666666,0.0,0.0,47.39132996060175,44.167597819898646
1985.0,1115.3333333333333,2216.944622630327,0.5030948098333775,1374.8333333333337,380.3333333333333,29.333333333333336,965.1666666666669,1606.4068356527964,193.16666666666663,187.16666666666663,6.166666666666667,23.166666666666668,106.66666666666669,466.1666666666667,82.33333333333333,310.0,2.006007356323088,0.0,118.89904144954572,110.66845351359424
1986.0,659.1666666666666,1540.929063817566,0.42777223309268886,354.00000000000006,11.333333333333332,8.666666666666666,334.00000000000006,467.53404301459454,6.833333333333333,4.5,0.6666666666666666,8.0,108.5,117.16666666666669,58.66666666666666,49.66666666666666,0.0,0.0,48.366417644048575,65.16762537054592
1987.0,1065.0,2807.4038938829235,0.37935403677416624,8907.333333333334,775.6666666666667,386.3333333333333,7745.333333333334,9508.768622075577,360.0,415.6666666666667,89.83333333333333,296.5,3260.0,1106.6666666666667,496.8333333333333,2881.833333333333,3.844664985870219,1.868709799387622,490.0537280456187,105.66818591136312
1988.0,908.0,1662.899484165771,0.5460342063041277,4057.833333333334,558.3333333333334,177.83333333333331,3321.666666666667,4384.892052062678,336.1666666666667,222.16666666666663,87.83333333333333,90.0,801.3333333333334,505.3333333333333,361.3333333333333,1653.6666666666667,0.0,0.0,237.05739129320375,90.00132743614051
1989.0,51.333333333333336,135.77142379861368,0.3780864330440754,8798.166666666666,1653.6666666666667,387.83333333333337,6756.666666666666,9226.056744913918,993.8333333333334,659.8333333333334,211.5,176.33333333333334,1753.3333333333333,1577.0,969.5,2456.833333333333,0.0,0.0,422.5569705444182,5.333107702834439
1990.0,654.3333333333334,1337.8458108892462,0.48909472826200184,4484.166666666667,890.3333333333334,243.5,3350.333333333333,4801.393194422511,617.3333333333334,273.0,123.16666666666669,120.33333333333331,741.0,353.1666666666667,210.66666666666663,2045.5,7.021436701500602,0.0,245.3654073964113,64.83968365793329
1991.0,483.0,994.6862773280232,0.48558023872356937,0.0,0.0,0.0,0.0,71.05785669956431,0.0,0.0,0.0,0.0,0.0,0.0,0.0,0.0,0.0,0.0,23.0571487336227,48.00070796594161
1992.0,1477.0,3197.7457866967084,0.46188787305877443,1368.0,286.0,73.83333333333333,1008.1666666666669,1653.6173808903195,198.5,87.5,43.0,30.83333333333333,224.0,109.0,61.66666666666666,613.5,3.511744618653795,0.0,135.6034508858833,146.50218538578213
1993.0,675.0,1375.3246609694636,0.4907932062558915,75.0,8.833333333333332,8.5,57.66666666666667,188.8370546461233,6.833333333333333,2.0,5.333333333333333,3.1666666666666665,19.0,5.333333333333333,5.666666666666667,27.666666666666668,11.033040459776982,0.0,35.80302598388618,67.00098820246016
1994.0,268.0,462.4358059214962,0.579539898442674,1949.6666666666667,402.0,153.83333333333331,1393.8333333333337,2088.550782982466,288.8333333333333,113.16666666666669,90.33333333333331,63.5,301.0,87.66666666666667,132.33333333333334,872.8333333333334,6.018022068969263,0.0,105.8656960159882,27.000398230842155
1995.0,1345.0,2466.281253553313,0.5453554812786179,5834.166666666666,884.5,387.0,4562.666666666666,6321.249115722189,610.1666666666666,274.3333333333333,231.0,156.0,1368.1666666666667,404.8333333333333,537.6666666666666,2252.0,11.033040459776982,0.0,342.7140841551705,133.3353244405742
1996.0,1696.999982223723,4007.2566162565113,0.4234817344463011,3773.999960466902,363.9999961870567,218.83333104102812,3191.1666332388163,4203.340270179038,188.83333135528167,175.16666483177497,85.99999909913977,132.83333194188836,1134.166654786136,337.6666631295682,393.6666625429615,1325.6666527801506,0.0,0.0,261.17113747465623,168.1691722374812
1997.0,582.0,1744.173149938587,0.33368246725991196,106.0,3.333333333333333,22.33333333333333,80.33333333333334,196.84416462806436,2.333333333333333,1.0,4.0,18.33333333333333,40.66666666666666,12.333333333333334,3.333333333333333,24.0,0.0,0.0,32.84330916921825,58.0008554588461
1998.0,483.0,1380.1137423588928,0.34997115467776996,0.0,0.0,0.0,0.0,72.06086037772585,0.0,0.0,0.0,0.0,0.0,0.0,0.0,0.0,1.0030036781615437,0.0,23.0571487336227,48.00070796594161
1999.0,949.6666666666666,1885.5068519341253,0.5036665158190821,691.6666666666667,279.33333333333337,47.66666666666666,364.6666666666667,864.3639974982614,21.666666666666668,257.6666666666667,5.0,42.66666666666666,129.66666666666666,58.833333333333336,17.333333333333332,158.83333333333334,0.0,0.0,78.3625865054001,94.33474432619442
2000.0,505.8333333333333,1355.9633543855928,0.3730435130841231,62.0,2.1666666666666665,6.166666666666667,53.66666666666666,139.10771838695956,1.3333333333333333,0.8333333333333334,0.0,6.166666666666667,8.166666666666666,8.5,11.0,26.0,0.0,0.0,27.106980922437057,50.0007374645225
2001.0,229.33333333333331,463.9518731520161,0.4943041436071347,230.66666666666669,12.166666666666668,14.166666666666666,204.33333333333331,525.461912367719,6.5,5.666666666666667,0.6666666666666666,13.5,29.666666666666668,74.16666666666667,3.0,97.5,0.0,0.0,271.9615436928328,22.8337020082196
2002.0,574.0,1379.7698020126888,0.41601142390759566,30.0,0.0,1.0,29.0,162.83421096857865,0.0,0.0,1.0,0.0,14.0,0.0,0.0,15.0,0.0,0.0,75.833370259023,57.00084070955566
2003.0,482.5,1334.2867249728736,0.36161642844030345,0.0,0.0,0.0,0.0,85.87356020173638,0.0,0.0,0.0,0.0,0.0,0.0,0.0,0.0,2.006007356323088,0.0,36.03351400004178,47.83403884537152
2004.0,1008.0,2125.0854936467144,0.47433385763235336,40.0,7.0,1.1666666666666663,31.83333333333333,190.0302365705286,4.5,2.5,0.6666666666666666,0.5,7.333333333333333,3.5,2.0,19.0,0.0,0.0,50.02876164148362,100.001474929045
2005.0,613.0,1088.7988207539283,0.5630057530513617,0.0,0.0,0.0,0.0,92.2699136338702,0.0,0.0,0.0,0.0,0.0,0.0,0.0,0.0,2.006007356323088,0.0,29.263006570829635,61.00089970671746
2006.0,1192.0,2926.278231180592,0.40734335761336465,38.0,7.666666666666667,4.0,26.33333333333333,214.71870302984644,1.0,6.666666666666667,1.0,3.0,6.833333333333333,4.5,0.6666666666666666,14.333333333333334,0.0,0.0,58.71696261357334,118.00174041627312
2007.0,456.0,1139.063539452036,0.40032885278670743,53.00000000000001,8.0,6.833333333333334,38.16666666666667,122.29898401913434,7.166666666666667,0.8333333333333334,0.1666666666666666,6.666666666666667,8.833333333333334,5.166666666666667,7.166666666666667,17.0,0.0,0.0,24.298320301064084,45.00066371807026
2008.0,0.0,0.0,0.0,1117.0,422.6666666666666,164.66666666666666,529.6666666666666,1170.3226400320011,240.0,182.66666666666663,6.5,158.16666666666666,79.83333333333333,55.333333333333336,14.5,380.0,0.0,0.0,53.322640032001146,0.0
2009.0,947.9999934506128,1714.7823660873446,0.5528398309889812,3876.999973215217,358.8333308542843,343.8333309579139,3174.3333114030183,4208.355183602772,236.49999836610752,122.33333248817681,140.83333236036705,202.99999859754683,924.4999936129657,499.1666632181057,393.9999972779973,1356.66665729395,7.021025698625094,0.0,230.33279890504883,94.0013857838809
2010.0,476.0000067557909,1131.711827537707,0.42060177792029946,0.0,0.0,0.0,0.0,69.72368136400115,0.0,0.0,0.0,0.0,0.0,0.0,0.0,0.0,0.0,0.0,22.722987480276768,47.000693883724374
2011.0,483.0,1589.6474641985942,0.3038409527130595,116.0,0.1666666666666666,2.1666666666666665,113.66666666666669,192.59539138507205,0.0,0.1666666666666666,2.1666666666666665,0.0,0.1666666666666666,82.5,0.0,31.0,0.0,0.0,28.594683419130423,48.00070796594161
2012.0,539.0,1446.2334253241606,0.3726922573921204,24.0,0.0,0.0,24.0,232.2102826692421,0.0,0.0,0.0,0.0,19.166666666666668,0.1666666666666666,4.333333333333333,0.3333333333333333,0.0,0.0,154.8761381719039,53.334144497338194
2013.0,442.1666666666667,924.2296359342326,0.4784164556892989,385.3333333333333,38.333333333333336,19.5,327.5,471.8129377044625,23.166666666666668,15.166666666666666,4.166666666666667,15.333333333333334,47.16666666666666,142.0,13.5,124.83333333333331,0.0,0.0,42.478918594373496,44.00068577675571
2014.0,549.0,1083.7450053345335,0.5065767291176886,3621.166666666667,1454.3333333333337,103.0,2063.833333333333,3878.403217979184,827.0,627.3333333333334,14.166666666666666,88.83333333333333,308.0,170.33333333333334,76.33333333333333,1509.1666666666667,0.0,0.0,203.0690611811092,54.16749013140808
2015.0,384.6666666666667,917.1477808391144,0.4194162322616411,211.33333333333331,66.66666666666667,25.83333333333333,118.83333333333334,301.79076166044945,2.5,64.16666666666667,25.33333333333333,0.5,8.5,73.83333333333333,2.1666666666666665,34.333333333333336,0.0,0.0,52.45686785407904,38.00056047303711
2016.0,497.6666666666667,1417.993309447729,0.3509654547386368,61.5,8.5,3.166666666666667,49.833333333333336,162.1937862659203,5.333333333333333,3.1666666666666665,1.6666666666666667,1.5,15.0,15.333333333333334,5.833333333333333,13.666666666666666,0.0,0.0,51.69306355068823,49.00072271523206
2017.0,300.5,712.4688819375618,0.4217728066702213,30.0,0.6666666666666666,4.833333333333333,24.5,108.77764465566368,0.1666666666666666,0.5,0.0,4.833333333333333,8.666666666666666,2.333333333333333,9.0,4.5,0.0,0.0,48.77720217695017,30.000442478713502
2018.0,701.1666666666666,1714.6165187873494,0.40893497699565023,701.9999999999999,43.833333333333336,43.333333333333336,614.8333333333333,838.814353998436,30.5,13.333333333333334,3.8333333333333335,39.5,209.66666666666663,86.83333333333333,70.83333333333333,247.5,0.0,0.0,66.97999066867449,69.83436332976142
2019.0,301.6666666666667,628.1131243691196,0.4802744202641242,919.0,104.83333333333334,29.33333333333333,784.8333333333334,1007.2719826201223,54.333333333333336,50.5,1.8333333333333333,27.5,136.83333333333334,190.0,34.666666666666664,423.3333333333333,0.0,0.0,58.27154014140887,30.000442478713502
2020.0,504.0,1278.2725958485642,0.3942820972903877,35.166666666666664,8.166666666666668,0.6666666666666666,26.33333333333333,124.90808390420476,4.666666666666667,3.5,0.6666666666666666,0.0,6.166666666666667,4.333333333333333,4.333333333333333,11.5,1.0030036781615437,0.0,38.73767609485406,50.0007374645225
2021.0,300.0,712.4107407278631,0.4211053860494761,381.0,29.833333333333336,15.666666666666668,335.5,443.5095900720822,19.0,10.833333333333334,4.833333333333333,10.833333333333334,58.333333333333336,161.66666666666666,17.333333333333332,98.16666666666669,0.0,0.0,32.509147593368645,30.000442478713502
2022.0,1912.3333333333333,4056.144968667566,0.471465726226627,1120.0,230.16666666666669,63.5,826.3333333333333,1465.7782111842048,149.0,81.16666666666667,33.5,30.0,175.5,74.66666666666667,65.83333333333333,510.3333333333333,11.19984329367176,0.0,144.74296592492695,189.835401965606
2023.0,964.6666666666666,1984.343680522384,0.48613890634747076,474.5,96.16666666666669,17.833333333333336,360.5,643.8725806697095,61.333333333333336,34.833333333333336,9.333333333333334,8.5,64.5,67.83333333333333,31.166666666666668,197.0,5.015018390807719,0.0,68.68960484316081,95.66795743574096
2024.0,183.0,370.6499320969679,0.49372732638765005,340.00000000000006,0.5,0.0,339.50000000000006,383.9699126181529,0.1666666666666666,0.3333333333333333,0.0,0.0,1.0,337.6666666666667,0.1666666666666666,0.6666666666666666,1.0030036781615437,0.0,24.966643452763293,18.000265487228102
2025.0,847.0,1709.514527224772,0.49546230026779636,201.0,3.5,6.666666666666667,190.8333333333333,335.03000058188144,2.333333333333333,1.1666666666666667,0.0,6.666666666666667,20.33333333333333,100.5,20.0,50.0,0.0,0.0,50.02876164148362,84.00123894039781
2026.0,445.0,896.0524254042513,0.4966227280722326,398.0,123.5,36.66666666666666,237.8333333333333,482.2471993122255,61.66666666666666,61.833333333333336,5.666666666666667,31.0,40.16666666666666,21.33333333333333,20.33333333333333,156.0,0.0,0.0,40.24655034344572,44.00064896877981
2027.0,0.0,0.0,0.0,5693.333333333333,1452.6666666666663,221.3333333333333,4019.3333333333335,5974.882182107202,870.5,582.1666666666666,117.0,104.33333333333331,817.3333333333334,320.6666666666667,405.5,2475.833333333333,10.030036781615438,0.0,271.51881199225426,0.0
2028.0,772.0,1954.99367659078,0.3948861877375756,476.33333333333337,119.83333333333334,23.5,333.0,617.4364194352829,80.66666666666667,39.16666666666666,11.666666666666666,11.833333333333334,68.16666666666667,39.333333333333336,30.666666666666668,194.83333333333331,2.006007356323088,0.0,62.595957789147086,76.5011209564793
2029.0,1529.0,3091.226961152928,0.4946256031067134,718.5,140.33333333333334,37.83333333333333,540.3333333333334,981.4840239904544,86.66666666666667,53.66666666666666,20.83333333333333,17.0,116.66666666666669,47.333333333333336,67.66666666666667,308.6666666666667,4.012014712646175,0.0,107.30311300397489,151.66889627383316
2030.0,366.0,1107.4624680156635,0.3304852404215503,66.16666666666667,2.5,12.166666666666666,51.5,125.97413537110876,1.0,1.5,10.666666666666666,1.5,4.166666666666667,5.166666666666667,28.5,13.666666666666666,3.009011034484632,0.0,20.631260028834596,36.16719764112288
2031.0,286.3333333333333,868.2194596638795,0.3297937291617303,1016.0,144.66666666666666,134.66666666666669,736.6666666666667,1114.729040364518,85.83333333333333,58.833333333333336,95.66666666666669,39.0,213.33333333333331,103.16666666666669,80.16666666666667,340.0,4.012014712646175,0.0,66.21671082643545,28.50031482543636
2032.0,482.1666666666667,1613.0668368942554,0.2989130119338478,367.1666666666666,29.0,102.33333333333331,235.8333333333333,455.5417299491198,15.333333333333334,13.666666666666666,83.83333333333333,18.5,14.833333333333334,109.0,62.5,49.5,0.0,0.0,40.54102443708166,47.83403884537152
2033.0,669.6666666666666,1806.0020874806069,0.3708006049986681,343.0,20.5,9.666666666666668,312.8333333333333,457.6762037536016,13.166666666666666,7.333333333333333,5.666666666666667,4.0,18.5,241.0,6.833333333333333,46.5,0.0,0.0,48.341867520543154,66.3343362330585
2034.0,211.0,421.91409249968257,0.5001018068628716,0.0,0.0,0.0,0.0,31.07220536725096,0.0,0.0,0.0,0.0,0.0,0.0,0.0,0.0,0.0,0.0,10.07195452496842,21.00025084228254
2035.0,742.6666666666666,1811.604048524344,0.4099497720109488,67.0,13.833333333333334,3.5,49.66666666666667,194.3206945884356,8.833333333333334,5.0,1.8333333333333333,1.6666666666666667,10.166666666666666,5.0,7.333333333333333,27.166666666666668,0.0,0.0,53.65297821086855,73.66771637756703
2036.0,849.6666666666666,1846.342221942781,0.46018915484293044,111.16666666666666,9.0,3.0,99.16666666666666,241.3709989476108,6.166666666666667,2.833333333333333,1.1666666666666667,1.8333333333333333,9.333333333333334,63.5,2.0,24.33333333333333,0.0,0.0,45.86981890002989,84.33451338091423
2037.0,292.1666666666667,629.5302591222862,0.4641026581851935,131.0,25.333333333333336,8.166666666666668,97.5,201.36752539245867,22.666666666666668,2.6666666666666665,1.5,6.666666666666667,3.5,71.16666666666667,4.666666666666667,18.166666666666668,0.0,0.0,41.20042854246551,29.167096849993143
2038.0,626.1666666666666,1368.2816498117563,0.457629952687601,120.33333333333334,25.0,49.333333333333336,46.0,401.9683159135725,7.5,17.5,47.833333333333336,1.5,5.0,5.166666666666667,2.333333333333333,33.5,0.0,0.0,219.6341540147557,62.00082856548341
2039.0,1538.5,3999.0526199992314,0.38471611808906275,347.0,201.5,33.333333333333336,112.16666666666666,589.6831145066681,114.33333333333331,87.16666666666667,11.333333333333334,22.0,11.833333333333334,9.666666666666666,5.333333333333333,85.33333333333333,0.0,0.0,90.01426483026485,152.66884967640323
2040.0,1185.5,2927.8866194936018,0.40489955864651633,55.16666666666666,8.833333333333332,3.333333333333333,43.0,231.88600077001493,6.833333333333333,2.0,1.5,1.8333333333333333,11.333333333333334,3.8333333333333335,5.333333333333333,22.5,0.0,0.0,59.21776063345106,117.5015734698972
2041.0,732.6666666666666,1876.412811416667,0.390461343159085,18.0,0.1666666666666666,12.0,5.833333333333333,150.50598719905634,0.1666666666666666,0.0,0.1666666666666666,11.833333333333334,5.833333333333333,0.0,0.0,0.0,1.0030036781615437,0.0,58.83528433611654,72.66769918477826
2042.0,318.0,933.7619873905846,0.34055787694748313,94.16666666666666,10.0,36.16666666666666,48.0,266.6761679292531,6.666666666666667,3.333333333333333,35.5,0.6666666666666666,7.666666666666667,9.333333333333334,1.1666666666666667,29.83333333333333,0.0,0.0,140.67573767814656,31.83376358443989
2043.0,538.8333333333334,1382.0632820821463,0.38987602110487624,65.0,27.166666666666664,14.166666666666666,23.666666666666668,291.82633733366845,26.33333333333333,0.8333333333333334,12.166666666666666,2.0,0.0,0.0,0.0,23.666666666666668,0.0,0.0,173.49219283633025,53.334144497338194
2044.0,1068.3333333333333,2957.686362959797,0.3612057541707152,87.0,0.0,2.1666666666666665,84.83333333333333,248.15460244236192,0.0,0.0,2.0,0.1666666666666666,0.0,74.5,0.3333333333333333,10.0,0.0,0.0,55.153012019866594,106.00159042249533
2045.0,341.0,843.1903425015388,0.4044163966446018,93.0,1.1666666666666667,54.16666666666666,37.66666666666666,274.7185191785508,0.1666666666666666,1.0,54.16666666666666,0.0,5.0,24.33333333333333,2.1666666666666665,6.166666666666667,0.0,0.0,147.71801770267547,34.0005014758753
2046.0,260.0,798.9355038479493,0.32543302775724725,0.0,0.0,0.0,0.0,38.41209915596558,0.0,0.0,0.0,0.0,0.0,0.0,0.0,0.0,0.0,0.0,12.411715674413877,26.000383481551705
2047.0,657.8333333333334,1482.7605433672331,0.4436544634775925,367.00000000000006,0.5,0.0,366.50000000000006,483.9329278269823,0.3333333333333333,0.1666666666666666,0.0,0.0,1.6666666666666667,363.5,0.6666666666666666,0.6666666666666666,3.009011034484632,0.0,48.922958088618365,65.00095870387925
2048.0,1269.3333333333333,3214.7032140335077,0.39485241679299315,72.16666666666666,8.166666666666668,2.666666666666667,61.33333333333333,320.20681610434013,2.0,6.166666666666667,1.6666666666666667,1.0,18.83333333333333,22.0,7.833333333333333,12.666666666666666,0.0,0.0,122.03832292218608,126.00182651548738
2049.0,14.0,34.69166760912909,0.4035551175497804,95.0,0.3333333333333333,0.0,94.66666666666669,101.20338785894856,0.1666666666666666,0.1666666666666666,0.0,0.0,0.1666666666666666,94.5,0.0,0.0,0.0,0.0,5.203373109658124,1.00001474929045
2050.0,413.3333333333333,1268.8301275594697,0.3257593939137928,0.0,0.0,0.0,0.0,60.73242788187869,0.0,0.0,0.0,0.0,0.0,0.0,0.0,0.0,0.0,0.0,19.73182316097024,41.000604720908456
2051.0,339.0,1257.995444157182,0.2694763336182982,0.0,0.0,0.0,0.0,50.18346922059186,0.0,0.0,0.0,0.0,0.0,0.0,0.0,0.0,0.0,0.0,16.182967744716553,34.0005014758753
2052.0,613.0,1976.509544863645,0.31014269654958304,210.8333333333333,28.33333333333333,3.666666666666667,178.83333333333331,311.1618514220097,17.333333333333332,11.0,1.6666666666666667,2.0,18.83333333333333,100.16666666666669,8.333333333333334,51.5,0.0,0.0,39.327618381958864,61.00089970671746
2053.0,2023.8333333333333,4511.001036556018,0.4486439521810562,788.0,180.0,48.833333333333336,559.1666666666666,1122.8987949091636,144.0,36.0,15.333333333333334,33.5,122.83333333333331,163.0,47.333333333333336,226.0,0.0,0.0,134.22913664781387,200.6696582613496
2054.0,543.3333333333334,1260.045344905226,0.4312014131318425,0.0,0.0,0.0,0.0,79.93788376667237,0.0,0.0,0.0,0.0,0.0,0.0,0.0,0.0,0.0,0.0,25.93708730498807,54.00079646168431
2055.0,718.0,1806.0963139283404,0.39754247570458623,39.0,36.83333333333333,0.3333333333333333,1.8333333333333333,146.13823475935774,4.166666666666667,32.666666666666664,0.1666666666666666,0.1666666666666666,0.8333333333333334,0.0,0.1666666666666666,0.8333333333333334,0.0,0.0,36.137187559735786,71.00104719962196
2056.0,1931.1666666666667,4205.240337651441,0.45922860802414733,1408.3333333333333,309.8333333333333,78.33333333333333,1020.1666666666666,1759.2482537842238,193.5,116.33333333333331,33.166666666666664,45.16666666666666,222.0,105.5,110.0,582.6666666666666,0.0,0.0,159.41236351421924,191.5025569366713
2057.0,457.0,1073.468993596122,0.4257225897778842,401.0,0.5,5.0,395.5,486.959325443636,0.5,0.0,0.0,5.0,10.0,301.8333333333333,56.5,27.166666666666668,0.0,0.0,40.95866172556579,45.00066371807026
2058.0,1745.5,3904.1985303905753,0.4470827972534943,1956.3333333333333,500.0,89.33333333333334,1367.0,2307.435453152885,297.1666666666667,202.83333333333331,38.333333333333336,51.0,285.1666666666667,138.0,146.83333333333334,797.0,1.1703534049375002,0.0,176.76219476885436,173.16957164576047
2059.0,260.1666666666667,530.2428026855229,0.49065572479060443,592.0,130.83333333333331,34.5,426.6666666666666,658.3331841483489,81.83333333333333,49.0,15.666666666666666,18.83333333333333,93.0,40.0,46.16666666666666,247.5,0.0,0.0,40.66610701282795,25.667077135520856
2060.0,0.0,0.0,0.0,257.0,17.833333333333332,72.66666666666667,166.5,269.26850357047834,12.0,5.833333333333333,1.0,71.66666666666667,37.66666666666666,65.33333333333333,2.5,61.0,0.0,0.0,12.26850357047833,0.0
2061.0,1.0000000003572125,2.4270115601172413,0.41202935197758417,892.6666669855383,116.16666670816286,221.33333341239634,555.1666668649791,945.5307651973818,57.833333353992124,58.33333335417073,41.500000014824316,179.83333339757206,93.83333336685175,90.00000003214912,38.00000001357407,333.33333345240413,0.0,0.0,52.86409821184368,0.0
2062.0,610.8333333333334,1891.5718256423356,0.3229236791607995,74.0,0.0,0.0,74.0,167.35908090894927,0.0,0.0,0.0,0.0,0.0,73.83333333333333,0.0,0.1666666666666666,0.0,0.0,32.691485094359216,60.66759581459004
2063.0,402.0,932.9847674346936,0.4308752018592189,1185.1666666666667,203.33333333333331,48.5,933.3333333333336,1403.638092435757,56.833333333333336,146.5,10.333333333333334,38.16666666666666,179.83333333333334,79.83333333333333,372.0,301.6666666666667,8.859683376677937,0.0,169.77789270875817,39.83384968365416
2064.0,478.8333333333333,1283.6734974456251,0.3730180098647835,1076.0,503.0,93.66666666666666,479.3333333333333,1269.3896146830866,253.83333333333331,249.16666666666663,11.833333333333334,81.83333333333333,114.83333333333331,88.0,35.833333333333336,240.66666666666663,0.0,0.0,146.22228424097435,47.16733044211191
2065.0,552.8333333333334,1204.8244697210996,0.45884968908483964,29.0,0.0,0.0,29.0,111.77593309153896,0.0,0.0,0.0,0.0,0.0,28.83333333333333,0.0,0.1666666666666666,0.0,0.0,27.77512188056423,55.00081121097475
2066.0,1086.0,2401.7343892276917,0.45217323150759275,465.0,85.5,23.333333333333336,356.1666666666667,662.7090410704284,17.833333333333332,67.66666666666667,3.6666666666666665,19.666666666666668,36.66666666666666,208.83333333333331,20.666666666666668,90.0,0.0,0.0,90.04079376537499,107.66824730505334
2067.0,783.8333333333334,1707.6991413240828,0.4589996647334377,511.5,91.5,25.333333333333336,394.6666666666666,659.0015408133861,42.333333333333336,49.16666666666666,3.1666666666666665,22.166666666666668,63.16666666666666,49.333333333333336,96.5,185.66666666666663,0.0,0.0,69.83369426085837,77.66784655252769
2068.0,211.66666666666663,495.8738838326197,0.42685584695586404,0.0,0.0,0.0,0.0,63.10426119826303,0.0,0.0,0.0,0.0,0.0,0.0,0.0,0.0,0.0,0.0,42.103951463163575,21.000309735099453
2069.0,1573.5,3684.364751441717,0.42707497931204524,585.6666666666667,76.0,38.83333333333333,470.83333333333337,866.7398144841043,49.833333333333336,26.166666666666668,16.5,22.33333333333333,104.83333333333331,124.5,77.66666666666667,163.83333333333334,0.0,0.0,125.07067762685176,156.00247019058588
2070.0,1218.0,2706.5248009756237,0.45002358728098346,434.6666666666667,45.5,27.166666666666668,362.0,634.2164149044886,30.5,15.0,9.5,17.666666666666668,109.5,43.5,57.66666666666666,151.33333333333334,0.0,0.0,78.88127975078675,120.66846848703511
2071.0,973.3333333333334,2251.9291602321337,0.4322220034812286,253.83333333333331,23.833333333333336,15.666666666666668,214.33333333333331,418.7373645503791,16.666666666666668,7.166666666666667,8.5,7.166666666666667,46.833333333333336,19.166666666666668,22.166666666666668,126.16666666666669,3.009011034484632,0.0,65.56023407815336,96.33478610440773
2072.0,619.0,1447.1344304237457,0.42774187869937297,0.0,0.0,0.0,0.0,90.5503304854182,0.0,0.0,0.0,0.0,0.0,0.0,0.0,0.0,0.0,0.0,29.549430778700724,61.00089970671746
2073.0,323.8333333333333,721.7166148781922,0.44869873667518145,155.83333333333331,36.5,22.83333333333333,96.5,212.73751702907512,23.666666666666668,12.833333333333334,2.333333333333333,20.5,16.5,13.166666666666666,6.5,60.333333333333336,2.006007356323088,0.0,22.897704362124284,32.0004719772944
2074.0,470.0,1261.3714379687833,0.3726103079968675,6198.833333333333,937.5,548.8333333333333,4712.5,6572.146479731462,611.5,326.0,244.0,304.8333333333333,1262.6666666666667,519.1666666666666,554.6666666666666,2376.0,8.1911052572618,0.0,318.78813239732733,46.33390874354048
2075.0,120.33333333333331,337.710237591103,0.3563212480369991,1583.0,4.0,4.0,1575.0,1676.3117487265731,2.1666666666666665,1.8333333333333333,0.8333333333333334,3.1666666666666665,25.0,70.66666666666667,1465.8333333333333,13.5,0.0,0.0,81.31157173508761,12.000176991485402
2076.0,132.83333333333334,360.44100441774304,0.3685300276751601,1785.3333333333337,126.0,178.16666666666669,1481.1666666666667,1890.9050119848405,91.66666666666669,34.333333333333336,10.833333333333334,167.33333333333334,552.1666666666666,277.3333333333333,152.5,499.1666666666667,1.0030036781615437,0.0,91.5684832325697,13.000191740775852
2077.0,400.1666666666667,1070.5093688794702,0.3738095885004084,312.3333333333333,32.333333333333336,33.16666666666667,246.8333333333333,389.3443473847789,22.666666666666668,9.666666666666666,3.0,30.166666666666668,58.0,46.16666666666666,41.333333333333336,101.33333333333331,0.0,0.0,37.01042407982763,40.000589971618005
2078.0,287.0,842.4686301046826,0.34066550343166874,302.0,16.0,8.166666666666668,277.8333333333333,358.11772271947785,12.833333333333334,3.1666666666666665,1.0,7.166666666666667,17.666666666666668,193.0,9.5,57.66666666666666,0.0,0.0,28.11730973934528,28.0004129801326
2079.0,964.6666666666666,2008.4513179290848,0.48030373355592954,620.1666666666666,45.5,102.66666666666666,472.0,791.4911750320007,29.83333333333333,15.666666666666666,3.8333333333333335,98.83333333333331,47.333333333333336,259.0,11.666666666666666,154.0,0.0,0.0,75.65643805176605,95.66807031356797
2080.0,813.0,1948.4580256837835,0.4172530222788296,794.5,87.16666666666666,64.83333333333333,642.5,972.9072799322028,60.66666666666666,26.5,26.33333333333333,38.5,172.66666666666666,86.5,92.0,291.3333333333333,0.0,0.0,97.73952408941614,80.6677558427866
2081.0,251.0,597.2801708760948,0.42023829391796386,157.33333333333334,13.5,14.333333333333332,129.5,208.8616652656044,8.166666666666666,5.333333333333333,5.666666666666667,8.666666666666666,33.0,25.33333333333333,11.166666666666666,60.0,2.006007356323088,0.0,24.521926392075738,25.000398183872253
2082.0,603.3333333333334,1339.1597137669262,0.45053127504576385,1872.0,985.5,568.8333333333333,317.66666666666663,2049.8105134748503,595.8333333333334,389.6666666666667,377.3333333333333,191.5,33.5,73.16666666666667,11.833333333333334,199.16666666666663,0.0,0.0,118.142888270786,59.66762520406446
2083.0,567.6666666666666,1163.988428229755,0.48769098807107486,1127.8333333333333,229.3333333333333,64.0,834.5,1270.7403004406965,141.0,88.33333333333333,25.33333333333333,38.66666666666666,156.33333333333334,96.16666666666669,88.0,494.0,5.85176814684172,0.0,80.88745114713502,56.167747813386654
2084.0,0.0,0.0,0.0,1189.6666666666663,456.0,103.16666666666669,630.5,1248.464002949462,279.8333333333333,176.16666666666666,7.666666666666667,95.5,117.66666666666669,160.66666666666666,37.333333333333336,314.8333333333333,2.006007356323088,0.0,56.79132892647196,0.0
2085.0,316.6666666666667,691.983373711803,0.4576217849976146,25.000000000000004,0.1666666666666666,0.0,24.833333333333336,88.8112615891567,0.1666666666666666,0.0,0.0,0.0,23.166666666666668,0.1666666666666666,1.1666666666666667,0.3333333333333333,0.0,0.0,32.31086324356457,31.50039834559213
2086.0,612.0,1358.6543379708285,0.45044569681647767,0.0,0.0,0.0,0.0,95.8825997885633,0.0,0.0,0.0,0.0,0.0,0.0,0.0,0.0,0.0,0.0,35.215045700161106,60.66755408840219
2087.0,427.0,1073.7875813330909,0.3976577932386646,0.0,0.0,0.0,0.0,62.55101221098545,0.0,0.0,0.0,0.0,0.0,0.0,0.0,0.0,0.0,0.0,20.38369662250887,42.167315588476576
2088.0,603.0,1477.1278486082122,0.4082246506747281,102.0,0.6666666666666666,14.5,86.83333333333333,200.48861435450016,0.3333333333333333,0.3333333333333333,0.0,14.5,3.333333333333333,67.16666666666667,3.0,13.333333333333334,0.0,0.0,38.65436662253394,59.83424773196625
2089.0,143.0,330.6419833767385,0.4324919616667785,167.0,18.0,34.0,115.0,234.7987905634059,9.833333333333334,8.166666666666666,32.666666666666664,1.3333333333333333,11.333333333333334,11.833333333333334,50.16666666666666,41.66666666666666,0.0,0.0,53.79858407333962,14.000206490066304
2090.0,528.0,1586.1344593471388,0.332884767043853,87.0,0.5,0.1666666666666666,86.33333333333333,180.2279580692777,0.5,0.0,0.0,0.1666666666666666,0.3333333333333333,85.5,0.1666666666666666,0.3333333333333333,0.0,1.868709799387622,39.358481306786665,52.00076696310341
2091.0,566.0,1360.9717372901505,0.41587931952721546,13.0,0.0,0.0,13.0,96.64076201982532,0.0,0.0,0.0,0.0,0.0,0.0,13.0,0.0,0.0,0.0,27.639936059560128,56.00082596026521
2092.0,963.0,2056.6967361759,0.46822654164879224,272.5,27.666666666666664,121.66666666666669,123.16666666666666,427.81277943949874,14.0,13.666666666666666,117.16666666666669,4.5,15.0,47.16666666666666,8.333333333333334,52.66666666666666,1.0030036781615437,0.0,58.97501179380016,95.33476396753709
2093.0,278.5,628.8036615723869,0.4429045455994685,746.5,220.0,34.5,492.0,832.445592920169,113.5,106.5,9.666666666666666,24.83333333333333,77.16666666666667,126.33333333333331,66.16666666666667,222.33333333333331,5.015018390807719,0.0,52.930161549228565,28.0004129801326
2094.0,523.0,1526.666555857699,0.3425764440789577,1250.0,611.8333333333334,47.0,591.1666666666667,1386.6391203890105,423.6666666666667,188.16666666666663,13.833333333333334,33.166666666666664,88.5,38.333333333333336,91.33333333333331,373.0,0.0,0.0,84.63835342590693,52.00076696310341
2095.0,404.8333333333333,1149.3739556312296,0.35222072968497115,194.0,0.5,0.1666666666666666,193.33333333333331,278.58709311357893,0.1666666666666666,0.3333333333333333,0.0,0.1666666666666666,0.0,192.5,0.0,0.8333333333333334,0.0,0.0,44.58650314196096,40.000589971618005
2096.0,293.5,739.8047954209987,0.3967262740341913,0.0,0.0,0.0,0.0,52.18180485014553,0.0,0.0,0.0,0.0,0.0,0.0,0.0,0.0,1.0030036781615437,0.0,22.011647883077355,29.167153288906636
2097.0,682.3333333333334,1640.462765264004,0.41593954326877003,182.83333333333331,40.833333333333336,22.0,120.0,291.6338166886125,12.666666666666666,28.166666666666668,3.1666666666666665,18.83333333333333,26.83333333333333,19.5,8.166666666666666,65.5,0.0,0.0,41.299524583619885,67.50095877165934
2098.0,472.6666666666667,1186.032255671846,0.3985276660110036,295.0,4.333333333333334,5.333333333333333,285.3333333333333,383.4800639023357,3.333333333333333,1.0,1.0,4.333333333333333,14.333333333333334,14.5,185.66666666666663,70.83333333333333,0.0,0.0,41.64600791114531,46.8340559911904
2099.0,321.1666666666667,787.065775294447,0.40805568828922323,223.0,10.333333333333334,34.333333333333336,178.33333333333334,302.8415564610635,7.5,2.833333333333333,1.5,32.833333333333336,42.333333333333336,35.5,36.0,64.5,10.030036781615438,0.0,37.97764565532992,31.83387402411807
2100.0,579.8333333333334,1649.5059821328805,0.35151938799493443,0.0,0.0,0.0,0.0,100.18067005813998,0.0,0.0,0.0,0.0,0.0,0.0,0.0,0.0,0.0,0.0,42.67982933817924,57.50084071996074
2101.0,516.0,1227.6902392040984,0.42030146002832003,353.0,26.83333333333333,27.83333333333333,298.3333333333333,498.678445576425,19.83333333333333,7.0,4.0,23.83333333333333,58.5,102.33333333333331,8.333333333333334,129.16666666666666,9.027033103453894,0.0,85.4839641408805,51.16744833209063
2102.0,437.5,1101.434890028657,0.39720913506618366,331.8333333333333,77.66666666666667,16.0,238.16666666666663,421.7374060119889,70.0,7.666666666666667,3.0,13.0,94.33333333333331,22.33333333333333,62.0,59.5,3.009011034484632,0.0,43.72771903182704,43.167342612343866
2103.0,359.0,739.5427928486824,0.4854350599742169,1678.8333333333337,431.3333333333333,68.66666666666667,1178.8333333333337,1812.1147761586435,352.3333333333333,79.0,14.166666666666666,54.5,247.0,239.0,59.833333333333336,633.0,0.0,0.0,97.28091185085395,36.000530974456204
2104.0,0.0,0.0,0.0,6518.333333333334,916.3333333333334,894.1666666666666,4707.833333333334,6830.506573582064,760.0,156.33333333333334,237.66666666666663,656.5,1278.1666666666667,510.0,119.66666666666669,2800.0,1.0030036781615437,0.0,311.1702365705683,0.0
2105.0,576.6666666666666,1150.5810994679912,0.5011960190666328,2454.833333333333,372.3333333333333,178.5,1904.0,2656.5460259894844,266.5,105.83333333333331,25.5,153.0,396.8333333333333,290.8333333333333,396.3333333333333,820.0,0.0,0.0,144.71185194659589,57.00084070955566
2106.0,341.5,717.7524071453332,0.47579081114924326,0.0,0.0,0.0,0.0,50.3028873766595,0.0,0.0,0.0,0.0,0.0,0.0,0.0,0.0,0.0,0.0,16.3023859007842,34.0005014758753
2107.0,400.0,818.216224639572,0.48886833083296755,266.0,7.666666666666667,14.0,244.3333333333333,337.7936770453089,4.166666666666667,3.5,2.1666666666666665,11.833333333333334,28.5,44.0,109.33333333333331,62.5,0.0,0.0,31.793087073690927,40.000589971618005
2108.0,643.0,1160.2916902282277,0.554170994600093,3161.5,901.1666666666669,313.0,1947.3333333333333,3407.117839358804,394.6666666666667,506.5,79.0,234.0,217.5,82.16666666666667,813.1666666666666,834.5,0.0,0.0,181.61689540421492,64.0009439545888
2109.0,992.1666666666666,2067.0808782255103,0.4799844443040826,1126.6666666666663,114.5,39.333333333333336,972.8333333333331,1329.6340084919034,45.333333333333336,69.16666666666667,7.666666666666667,31.666666666666668,143.33333333333334,423.6666666666667,53.0,352.8333333333333,0.5009542729615449,0.0,104.1316480607619,98.33473949151302
2110.0,693.1666666666666,1617.7349813496676,0.4284797415262427,462.0,22.83333333333333,25.166666666666664,414.0,652.9778897421097,15.166666666666666,7.666666666666667,24.33333333333333,0.8333333333333334,96.33333333333331,38.333333333333336,197.5,81.83333333333333,0.0,0.0,122.14353870773532,68.8343510343744
2111.0,0.0,0.0,0.0,2392.8333293381656,189.8333330163802,1620.166663961573,582.833332360212,2508.063935342938,155.99999973953635,33.83333327684389,1612.3333306413188,7.8333333202544955,75.33333320755386,84.16666652613873,3.9999999933214445,419.3333326331981,1.0030036764868897,0.0,114.22760232828558,0.0
2112.0,439.0,1143.9658275153854,0.3837527218391459,360.5,52.5,14.166666666666666,293.8333333333333,442.332391976141,28.33333333333333,24.166666666666668,5.0,9.166666666666666,62.5,42.333333333333336,18.33333333333333,170.66666666666666,0.0,0.0,38.16510824620898,43.667283729932045
2113.0,455.6666666666667,1101.991128216567,0.41349395199225014,1147.1666666666667,362.5,41.16666666666666,743.5,1268.8337287414288,168.16666666666666,194.33333333333331,9.333333333333334,31.83333333333333,101.66666666666669,83.5,62.333333333333336,496.0,0.0,0.0,76.4998347575841,45.167227317178266
2114.0,523.8333333333334,1179.3001440076976,0.4441900020067446,5.0,1.3333333333333333,0.0,3.6666666666666665,82.07878516440267,0.3333333333333333,1.0,0.0,0.0,1.0,0.0,0.6666666666666666,2.0,0.0,0.0,25.24465542676002,51.834129737642655
2115.0,342.5,759.4504855043778,0.45098397662164075,0.0,0.0,0.0,0.0,59.35086168887239,0.0,0.0,0.0,0.0,0.0,0.0,0.0,0.0,0.0,0.0,25.35036021299708,34.0005014758753
2116.0,297.8333333333333,648.7688797255945,0.4590746298732854,16.0,0.0,0.0,16.0,80.81855670160701,0.0,0.0,0.0,0.0,9.0,0.0,6.0,1.0,1.0030036781615437,0.0,33.98180666300962,29.833746360435835
2117.0,844.6666665070622,1915.873114375397,0.44087818768855996,4199.999999206387,166.16666663526857,226.6666666238367,3807.1666659472817,4525.474001687297,97.1666666483065,68.99999998696207,20.499999996126412,206.1666666277103,1958.4999996299307,394.83333325872735,46.49999999121357,1407.33333306741,0.835653951227686,0.0,240.8038081773064,83.83454035237573
2118.0,0.0,0.0,0.0,2512.0,389.5,1542.0,580.5,2631.9153513457604,337.0,52.5,167.0,1375.0,262.6666666666667,18.0,36.0,263.8333333333333,0.0,0.0,119.91535134576064,0.0
2119.0,873.0,2110.949499647082,0.413557974809891,1617.5,159.66666666666669,147.66666666666666,1310.1666666666663,1825.063776424818,98.66666666666669,61.0,37.66666666666666,110.0,381.5,321.3333333333333,137.0,470.3333333333333,2.006007356323088,0.0,118.88983149854104,86.66793756995389
2120.0,360.0,921.1266105451792,0.3908257517247601,4261.666666666667,1017.8333333333331,560.1666666666666,2683.666666666667,4518.126021156852,509.8333333333333,508.0,174.33333333333334,385.8333333333333,531.3333333333334,437.0,410.6666666666667,1304.6666666666667,0.0,0.0,220.62549263629896,35.83386185388611
2121.0,497.3333333333333,1107.0595860102046,0.44923808945614335,1245.0,256.16666666666663,101.33333333333334,887.5,1391.0796777532785,93.5,162.66666666666666,4.666666666666667,96.66666666666669,177.16666666666666,124.5,152.33333333333334,433.5,0.0,3.737419598775244,93.17486877260454,49.16738938189872
2122.0,674.3333333333334,1795.4305583676337,0.3755830768227664,215.3333333333333,102.66666666666669,21.33333333333333,91.33333333333331,338.6321541242445,96.66666666666669,6.0,5.0,16.333333333333332,19.33333333333333,18.5,11.0,42.5,0.0,0.0,56.46457042251139,66.83425036839974
2123.0,470.0,1180.2033640610298,0.3982364517101103,682.5,27.666666666666664,26.33333333333333,628.5,787.3499479419181,19.0,8.666666666666666,1.3333333333333333,25.0,61.16666666666666,443.6666666666667,8.0,115.66666666666669,0.0,0.0,58.349343080100006,46.50060486181815
2124.0,497.1666666666667,1299.740343402936,0.38251229885270915,60.0,0.1666666666666666,0.0,59.833333333333336,143.59790292735758,0.1666666666666666,0.0,0.0,0.0,0.0,59.5,0.0,0.3333333333333333,0.0,0.0,34.59718021212552,49.00072271523206
2125.0,147.16665585288698,400.4682895095594,0.36748641455011893,0.0,0.0,0.0,0.0,21.859332789341988,0.0,0.0,0.0,0.0,0.0,0.0,0.0,0.0,0.0,0.0,7.025749865415024,14.833582923926963
2126.0,521.6666666651788,1468.947419235369,0.35512957089827074,3.999999999988592,0.0,0.0,3.999999999988592,90.09814396003168,0.0,0.0,0.0,0.0,0.0,0.0,3.999999999988592,0.0,1.003003678158683,0.0,33.09437331892931,52.0007669629551
2127.0,598.0,1263.7272618400905,0.4732033707409801,2231.0,1140.1666666666667,9.833333333333332,1081.0,2430.383232247152,1134.0,6.166666666666667,7.333333333333333,2.5,275.6666666666667,8.833333333333334,8.333333333333334,788.1666666666666,0.0,0.0,140.04902869527663,59.334203551874985
2128.0,1.0,1.0,1.0,6329.0,956.8333333333334,537.3333333333334,4834.833333333333,6657.513320477078,748.0,208.83333333333331,174.66666666666666,362.6666666666667,1226.3333333333333,853.0,311.1666666666667,2444.333333333333,0.0,0.0,328.51332047707854,0.0
2129.0,1056.1666666666667,2372.840351483588,0.44510650116275713,2113.6666666666665,453.0,207.5,1453.1666666666663,2382.9938341291136,343.1666666666667,109.83333333333331,34.666666666666664,172.83333333333334,259.1666666666667,145.16666666666666,128.66666666666666,920.1666666666666,2.006007356323088,0.0,162.31961143062617,105.00154867549726
2130.0,570.1666666666666,1167.1112076181887,0.4885281393452201,0.0,0.0,0.0,0.0,105.7190985507612,0.0,0.0,0.0,0.0,0.0,0.0,0.0,0.0,0.0,0.0,49.21827258009091,56.5008259706703
2131.0,58.0,119.01196206796104,0.4873459691966045,147.0,0.1666666666666666,0.3333333333333333,146.5,172.78624893133824,0.0,0.1666666666666666,0.1666666666666666,0.1666666666666666,0.0,146.16666666666666,0.0,0.3333333333333333,0.0,0.0,19.78616043559556,6.000088495742701
2132.0,396.8333333333333,967.5280264884389,0.4101517707694798,181.0,0.3333333333333333,0.0,180.66666666666663,261.91696076104046,0.3333333333333333,0.0,0.0,0.0,0.1666666666666666,180.5,0.0,0.0,0.0,0.0,41.58303992039762,39.333920840642826
2133.0,0.0,0.0,0.0,0.0,0.0,0.0,0.0,2.006007356323088,0.0,0.0,0.0,0.0,0.0,0.0,0.0,0.0,2.006007356323088,0.0,0.0,0.0
2134.0,1581.5,3575.053170993448,0.4423710429908172,1444.6666666666667,211.5,86.5,1146.6666666666667,1748.9184925935238,143.83333333333334,67.66666666666667,41.0,45.5,245.0,139.5,178.33333333333334,583.8333333333334,3.009011034484632,0.0,144.40704085633902,156.8357740360332
2135.0,738.8333333333334,2339.679913395616,0.3157839365561131,64.0,0.0,0.0,64.0,246.49321963476663,0.0,0.0,0.0,0.0,0.0,63.833333333333336,0.1666666666666666,0.0,0.0,0.0,109.32547626989712,73.16774336486952
2136.0,902.1666666666666,2252.11132814815,0.40058706485371387,11.0,0.0,4.666666666666667,6.333333333333333,150.2584793067534,0.0,0.0,4.666666666666667,0.0,0.0,3.0,3.1666666666666665,0.1666666666666666,0.0,0.0,49.59045576274031,89.66802354401308
2137.0,224.00000001048065,675.6503319232638,0.3315324353839305,0.0,0.0,0.0,0.0,32.693494913106925,0.0,0.0,0.0,0.0,0.0,0.0,0.0,0.0,0.0,0.0,10.693170427687656,22.000324485419267
2138.0,4070.0,10414.437660162675,0.39080362596711016,81.0,16.0,2.833333333333333,62.16666666666666,682.6637584532718,12.833333333333334,3.1666666666666665,2.0,0.8333333333333334,11.833333333333334,3.5,5.666666666666667,41.16666666666666,0.0,0.0,198.15781447881537,403.5059439744565
2139.0,740.0,1862.5664271327491,0.39730126626364803,2906.333333333333,329.3333333333333,281.16666666666663,2295.833333333333,3153.4120303849354,214.66666666666663,114.66666666666669,33.5,247.66666666666663,1001.5,399.8333333333333,44.66666666666666,849.8333333333334,0.0,0.0,174.07762035339942,73.00107669820285
2140.0,1110.0,2820.1746947354272,0.39359263880783596,8401.333333333334,1034.6666666666667,699.3333333333333,6667.333333333334,8965.380857819464,688.5,346.1666666666667,368.5,330.8333333333333,2144.833333333333,859.3333333333334,784.1666666666666,2879.0,0.0,0.0,454.0459020641807,110.00162242194952
2141.0,1110.0,3100.9490076695693,0.3579549348456359,8391.666666666666,1091.6666666666667,702.1666666666666,6597.833333333333,8955.251646643652,665.0,426.6666666666667,326.8333333333333,375.3333333333333,2032.3333333333333,1206.3333333333333,854.1666666666666,2505.0,0.0,0.0,453.58335755503487,110.00162242194952
2142.0,0.0,0.0,0.0,6231.833333333334,522.0,430.1666666666667,5279.666666666667,6529.322689307281,331.8333333333333,190.16666666666663,124.16666666666669,306.0,2176.0,921.0,412.8333333333333,1769.8333333333333,0.0,0.0,297.4893559739472,0.0
2143.0,0.0,0.0,0.0,1816.8333333333333,401.1666666666666,84.0,1331.6666666666667,1903.5642288883464,272.3333333333333,128.83333333333334,24.666666666666668,59.333333333333336,279.3333333333333,127.0,83.0,842.3333333333334,0.0,0.0,86.73089555501282,0.0
2144.0,417.1666666666667,880.2301664290795,0.4739290728458327,654.8333333333333,50.83333333333333,33.83333333333333,570.1666666666666,747.1742203546073,25.83333333333333,25.0,13.5,20.33333333333333,160.0,125.83333333333331,80.83333333333333,203.5,0.0,0.0,51.17358618208787,41.167300839186126
2145.0,379.8333333333333,876.309105455946,0.43344674951848755,0.0,0.0,0.0,0.0,61.96578329792556,0.0,0.0,0.0,0.0,0.0,0.0,0.0,0.0,0.0,0.0,24.131860050349204,37.83392324757636
2146.0,954.9999997659115,2131.4339395113184,0.4480551717145256,191.99999995293717,3.499999999142084,30.499999992523875,157.99999996127121,400.7561621557165,2.333333332761389,1.1666666663806948,14.833333329697405,15.666666662826472,47.33333332173105,58.166666652408914,1.4999999996323217,50.99999998749894,0.0,0.0,113.75476104347317,95.00140115930613
2147.0,513.0,1058.2320198975317,0.4847708161861079,0.0,0.0,0.0,0.0,94.49002198679108,0.0,0.0,0.0,0.0,0.0,0.0,0.0,0.0,0.0,0.0,43.48926977297814,51.00075221381295
2148.0,262.99999916813425,594.7801856444083,0.4421801625472605,0.0,0.0,0.0,0.0,38.55531113795115,0.0,0.0,0.0,0.0,0.0,0.0,0.0,0.0,0.0,0.0,12.554927738638337,26.000383399312817
2149.0,370.0,935.4473348973112,0.3955326892246871,10492.166666666666,1278.6666666666667,802.8333333333334,8410.666666666666,11047.697409051169,812.5,466.1666666666667,431.6666666666667,371.1666666666667,2632.1666666666665,1392.0,1126.5,3260.0,0.0,0.0,518.5301966607551,37.00054572374666
2150.0,435.0,940.7551871899958,0.4623944740600691,675.8333333333333,96.83333333333334,49.833333333333336,529.1666666666666,771.8623392875933,70.16666666666667,26.666666666666668,4.5,45.333333333333336,96.33333333333331,58.5,106.33333333333331,268.0,0.0,0.0,53.02837173477064,43.00063421948935
2151.0,430.0,898.296295870928,0.47868392865084763,0.0,0.0,0.0,0.0,63.52770245025076,0.0,0.0,0.0,0.0,0.0,0.0,0.0,0.0,0.0,0.0,20.527068230761408,43.00063421948935
2152.0,523.0,1117.9434252515057,0.46782331573025693,126.0,7.0,13.833333333333334,105.16666666666666,211.9823187811596,4.833333333333333,2.1666666666666665,1.8333333333333333,12.0,21.5,33.166666666666664,2.5,48.0,0.0,0.0,33.98155181805617,52.00076696310341
2153.0,0.0,0.0,0.0,582.0,98.66666666666669,105.33333333333334,378.0,609.7831481634956,95.16666666666669,3.5,8.666666666666666,96.66666666666669,13.166666666666666,297.8333333333333,3.6666666666666665,63.333333333333336,0.0,0.0,27.78314816349567,0.0
2154.0,364.6666666666667,783.9948930646502,0.4651390843136466,2169.0,98.83333333333331,146.83333333333334,1923.3333333333333,2326.108298796741,54.16666666666666,44.66666666666666,6.833333333333333,140.0,738.6666666666666,442.1666666666667,26.666666666666668,715.8333333333334,0.0,0.0,120.94115270247931,36.1671460942616
2155.0,771.6666666666666,1825.0229106969607,0.4228257421557375,0.0,0.0,0.0,0.0,136.33850791131263,0.0,0.0,0.0,0.0,0.0,0.0,0.0,0.0,0.0,0.0,59.83738695483334,76.5011209564793
2156.0,534.8333333333334,1421.942813425453,0.3761285814616711,92.0,6.833333333333333,2.0,83.16666666666667,225.92381015869756,0.0,6.833333333333333,0.0,2.0,13.0,1.3333333333333333,3.1666666666666665,65.66666666666667,0.0,0.0,80.92302844630368,53.00078171239386
2157.0,0.0,0.0,0.0,127.33333333333331,16.0,50.0,61.33333333333333,133.41183992991014,10.0,6.0,4.666666666666667,45.333333333333336,9.333333333333334,10.166666666666666,6.333333333333333,35.5,0.0,0.0,6.078506596576808,0.0
2158.0,1511.5,3239.015597344913,0.46665412826014396,845.5,65.33333333333333,72.5,707.6666666666667,1107.8243473558505,39.5,25.83333333333333,9.833333333333334,62.66666666666666,137.5,91.66666666666669,36.833333333333336,441.6666666666667,0.0,0.0,112.4895672715461,149.8347800843041
2159.0,1.333333332778697,4.0696742446624725,0.32762655009240915,23.999999990016548,1.6666666659733709,12.499999994800284,9.833333329242889,25.209255304506883,1.333333332778697,0.33333333319467423,0.8333333329866857,11.666666661813599,0.0,2.666666665557394,0.16666666659733706,6.9999999970881595,0.0,0.0,1.209255314490333,0.0
2160.0,0.0,0.0,0.0,0.0,0.0,0.0,0.0,0.0,0.0,0.0,0.0,0.0,0.0,0.0,0.0,0.0,0.0,0.0,0.0,0.0
2161.0,0.0,0.0,0.0,4636.5,918.6666666666666,408.5,3309.333333333333,4857.888598063258,574.1666666666666,344.5,156.5,252.0,740.8333333333334,378.6666666666667,351.5,1838.3333333333333,0.0,0.0,221.38859806325797,0.0
2162.0,223.0,542.8961081419415,0.4107599900894779,0.0,0.0,0.0,0.0,33.64876122176027,0.0,0.0,0.0,0.0,0.0,0.0,0.0,0.0,1.0030036781615437,0.0,10.645433059208823,22.000324484389903
2163.0,203.5,489.5998450330597,0.4156455563956702,0.0,0.0,0.0,0.0,35.56771047962309,0.0,0.0,0.0,0.0,0.0,0.0,0.0,0.0,6.018022068969263,0.0,9.716062545414912,19.83362586523891
2164.0,91.33333333333331,232.97500800745036,0.3920306049755026,80.0,0.0,0.1666666666666666,79.83333333333333,99.185144927599,0.0,0.0,0.0,0.1666666666666666,0.0,79.5,0.0,0.3333333333333333,2.006007356323088,0.0,8.179004827661885,9.000132743614051
2165.0,120.0,309.43645312237766,0.38780175635138153,1287.3333333333333,132.16666666666666,170.33333333333331,984.8333333333331,1370.8803635838935,87.5,44.66666666666666,55.5,114.83333333333331,223.5,335.8333333333333,92.5,333.0,3.009011034484632,0.0,68.53784222459018,12.000176991485402
2166.0,307.5,839.5164255767289,0.36628229136643087,140.0,14.5,19.0,106.5,195.87148458098963,12.333333333333334,2.1666666666666665,6.0,13.0,8.333333333333334,46.833333333333336,25.83333333333333,25.5,4.012014712646175,0.0,21.35901510464801,30.50045476369544
2167.0,684.1666666666666,1706.6107041800817,0.40089205170863224,866.8333333333333,123.5,25.0,718.3333333333333,1029.72256029941,40.0,83.5,3.333333333333333,21.666666666666668,135.66666666666666,80.16666666666667,73.66666666666667,428.8333333333333,5.015018390807719,0.0,90.03984284897938,67.83436572628985
2168.0,39.333333333333336,99.6211940357074,0.39482896901672365,236.0,21.33333333333333,91.66666666666669,123.0,257.1557340458964,15.666666666666666,5.666666666666667,14.166666666666666,77.5,32.833333333333336,17.0,5.666666666666667,67.5,4.012014712646175,0.0,13.143660336088445,4.0000589971618
2169.0,236.0,653.1535396737632,0.3613239241080698,0.0,0.0,0.0,0.0,36.27236543293296,0.0,0.0,0.0,0.0,0.0,0.0,0.0,0.0,2.006007356323088,0.0,11.266018842929515,23.00033923368035
2170.0,0.0,0.0,0.0,977.6666666666669,78.83333333333334,487.0,411.8333333333333,1028.3496971702102,74.66666666666667,4.166666666666667,46.16666666666666,440.8333333333333,76.83333333333333,43.833333333333336,85.0,206.16666666666663,4.012014712646175,0.0,46.67101579089738,0.0
2171.0,180.83333333333331,451.9598377909661,0.40010929780218596,0.0,0.0,0.0,0.0,28.472403215107978,0.0,0.0,0.0,0.0,0.0,0.0,0.0,0.0,2.006007356323088,0.0,8.63276759701754,17.83362826176735
2172.0,182.5,603.4677956390804,0.3024187890701443,0.0,0.0,0.0,0.0,29.721084726103005,0.0,0.0,0.0,0.0,0.0,0.0,0.0,0.0,3.009011034484632,0.0,8.711808204390271,18.000265487228102
2173.0,188.33333333333331,606.685387757524,0.3104299808991034,0.0,0.0,0.0,0.0,27.99065156778751,0.0,0.0,0.0,0.0,0.0,0.0,0.0,0.0,0.0,0.0,8.990371331268955,19.000280236518552
2174.0,131.0,352.76991522862505,0.3713468590854773,63.833333333333336,17.666666666666668,3.166666666666667,43.0,86.13359319965973,12.833333333333334,4.833333333333333,1.5,1.6666666666666667,8.333333333333334,3.6666666666666665,5.166666666666667,25.83333333333333,0.0,0.0,9.300068125550554,13.000191740775852
2175.0,231.83333333333331,575.4879396749072,0.4028465539422004,221.16666666666669,33.333333333333336,8.333333333333334,179.5,281.62587286148363,18.166666666666668,15.166666666666666,6.0,2.333333333333333,41.5,43.5,22.166666666666668,72.33333333333333,0.0,0.0,37.62553608170669,22.833670113110266
2176.0,9.0,20.533322539160046,0.43831191872799374,0.0,0.0,0.0,0.0,9.453680486389434,0.0,0.0,0.0,0.0,0.0,0.0,0.0,0.0,8.02402942529235,0.0,0.4296363118066341,1.00001474929045
2177.0,426.3333333333333,1057.6761815292575,0.4030849335350567,0.0,0.0,0.0,0.0,63.68833935019758,0.0,0.0,0.0,0.0,0.0,0.0,0.0,0.0,1.0030036781615437,0.0,20.351382858098702,42.33395281393733
2178.0,1390.3333333333333,3540.468427807665,0.39269756578347964,763.1666666666666,52.16666666666667,251.8333333333333,459.1666666666666,1011.1894859895124,37.833333333333336,14.333333333333334,50.66666666666666,201.16666666666663,79.16666666666667,108.16666666666669,49.66666666666666,222.16666666666663,0.0,7.4748391989512255,102.71266291987548,137.835317204019
2179.0,515.6666666666666,1349.9700744632587,0.38198377610088363,626.0000000000001,53.66666666666666,53.66666666666666,518.6666666666667,753.8247548594599,29.33333333333333,24.33333333333333,10.666666666666666,43.0,144.33333333333334,114.0,27.83333333333333,232.5,0.0,0.0,76.49044846417671,51.334306395283214
2180.0,204.0,673.9628955084813,0.30268728643598275,0.0,0.0,0.0,0.0,38.21656093053881,0.0,0.0,0.0,0.0,0.0,0.0,0.0,0.0,1.0030036781615437,7.4748391989512255,9.73842306761704,20.000294985809003
2181.0,383.6666666666667,951.8664027933632,0.4030677682716314,120.0,7.0,26.33333333333333,86.66666666666666,190.0534188083354,4.666666666666667,2.333333333333333,2.333333333333333,24.0,8.333333333333334,7.333333333333333,8.333333333333334,62.66666666666666,3.009011034484632,0.0,29.04384730081368,38.00056047303711
2182.0,1258.3333333333333,3110.673752267788,0.4045211531475986,428.3333333333333,13.833333333333332,21.33333333333333,393.1666666666666,633.5031227256263,10.166666666666666,3.6666666666666665,6.333333333333333,15.0,36.833333333333336,265.5,28.5,62.333333333333336,0.0,0.0,80.50142631197,124.668363080323
2183.0,1072.0,2640.9992093956857,0.4059069749760718,91.0,0.0,3.0,88.0,252.52012238380053,0.0,0.0,0.0,3.0,0.0,88.0,0.0,0.0,0.0,0.0,55.51855895901284,106.00156342478772
2184.0,62.333333333333336,152.94768190484763,0.40754676734566253,412.33333333333337,18.833333333333336,224.5,169.0,440.9924803322641,14.833333333333334,4.0,10.5,214.0,20.166666666666668,27.5,11.333333333333334,110.0,0.0,0.0,22.65905850318805,6.000088495742701
2185.0,1024.9999945190666,2515.751026467149,0.4074330026045807,5779.833302427107,886.8333285912119,833.4999955430654,4059.4999782928303,6654.256012222521,580.9999968932466,305.8333316979654,350.83333145733906,482.6666640857263,1062.3333276527692,542.8333304306667,449.6666642621857,2004.6666559472087,0.0,448.4903495108678,324.43198259700057,101.50037768754663
2186.0,602.3333331149881,1513.2054119586717,0.39805126809276764,2328.666665822527,253.49999990810653,328.3333332143129,1746.833332700108,2546.847703084428,164.99999994018768,88.49999996791884,45.66666665011254,282.66666656420034,461.8333331659192,243.49999991173152,89.16666663434385,952.3333329881135,2.006007355595912,0.0,156.17394373261752,60.0010861736862
2187.0,31.600000000000005,57.29999999999999,0.5514834205933684,0.0,0.0,0.0,0.0,0.0,0.0,0.0,0.0,0.0,0.0,0.0,0.0,0.0,0.0,0.0,0.0,0.0
2188.0,468.2,1123.4,0.41677051807014415,0.0,0.0,0.0,0.0,0.0,0.0,0.0,0.0,0.0,0.0,0.0,0.0,0.0,0.0,0.0,0.0,0.0
2189.0,210.6,506.0,0.41620553359683793,10.0,0.0,0.0,10.0,10.0,0.0,0.0,0.0,0.0,0.0,10.0,0.0,0.0,0.0,0.0,0.0,0.0
2190.0,7.000000014486569,14.100000029180089,0.49645390070921985,55.00000011382304,53.90000011154658,0.0,1.1000000022764609,55.00000011382304,0.0,53.90000011154658,0.0,0.0,0.0,1.1000000022764609,0.0,0.0,0.0,0.0,0.0,0.0
2191.0,0.0,0.0,0.0,0.0,0.0,0.0,0.0,0.0,0.0,0.0,0.0,0.0,0.0,0.0,0.0,0.0,0.0,0.0,0.0,0.0
2192.0,73.70000014385916,103.80000020261302,0.7100192678227362,51.00000009954975,51.00000009954975,0.0,0.0,51.00000009954975,0.0,51.00000009954975,0.0,0.0,0.0,0.0,0.0,0.0,0.0,0.0,0.0,0.0
2193.0,16.100000000520303,27.10000000087579,0.5940959409594095,0.0,0.0,0.0,0.0,0.0,0.0,0.0,0.0,0.0,0.0,0.0,0.0,0.0,0.0,0.0,0.0,0.0
2194.0,24.100000079430007,44.20000014567661,0.5452488687782805,115.70000038132993,81.20000026762308,0.0,34.50000011370685,115.70000038132993,34.70000011436602,46.500000153257055,0.0,0.0,0.0,0.0,0.0,34.50000011370685,0.0,0.0,0.0,0.0
2195.0,87.09999999777008,149.7999999961649,0.5814419225634178,69.69999999821557,24.89999999936252,0.0,44.799999998853046,69.69999999821557,11.299999999710705,13.59999999965182,0.0,0.0,0.0,9.699999999751665,0.0,35.099999999101385,0.0,0.0,0.0,0.0
2196.0,214.1,286.7,0.7467736309731426,210.2,115.8,0.0,94.4,210.2,0.0,115.8,0.0,0.0,0.0,41.8,0.0,52.6,0.0,0.0,0.0,0.0
2197.0,34.60000540462592,47.4000074040251,0.7299578059071731,732.2001143718815,550.5000859897851,0.0,181.7000283820962,732.2001143718815,36.900005763892956,513.6000802258923,0.0,0.0,0.0,36.40000568579143,0.0,145.3000226963048,0.0,0.0,0.0,0.0
2198.0,0.0,0.0,0.0,0.0,0.0,0.0,0.0,0.0,0.0,0.0,0.0,0.0,0.0,0.0,0.0,0.0,0.0,0.0,0.0,0.0
2199.0,21.099999999451267,56.19999999853845,0.3754448398576512,98.79999999743056,0.0,0.0,98.79999999743056,98.79999999743056,0.0,0.0,0.0,0.0,10.99999999971393,0.0,0.0,87.79999999771664,0.0,0.0,0.0,0.0
2200.0,1.0,2.307034816882043,0.4334568306825554,162.0,0.3333333333333333,0.0,161.66666666666666,169.78119098049794,0.1666666666666666,0.1666666666666666,0.0,0.0,0.1666666666666666,161.0,0.3333333333333333,0.1666666666666666,0.0,0.0,7.781190980497929,0.0
2201.0,0.0,0.0,0.0,0.0,0.0,0.0,0.0,0.0,0.0,0.0,0.0,0.0,0.0,0.0,0.0,0.0,0.0,0.0,0.0,0.0
2202.0,0.0,0.0,0.0,5.000000001661408,0.0,0.0,5.000000001661408,5.000000001661408,0.0,0.0,0.0,0.0,0.0,5.000000001661408,0.0,0.0,0.0,0.0,0.0,0.0
2203.0,0.0,0.0,0.0,0.0,0.0,0.0,0.0,0.0,0.0,0.0,0.0,0.0,0.0,0.0,0.0,0.0,0.0,0.0,0.0,0.0
2204.0,0.0,0.0,0.0,0.0,0.0,0.0,0.0,0.0,0.0,0.0,0.0,0.0,0.0,0.0,0.0,0.0,0.0,0.0,0.0,0.0
2205.0,0.0,0.0,0.0,0.0,0.0,0.0,0.0,10.0,0.0,0.0,0.0,0.0,0.0,0.0,0.0,0.0,0.0,0.0,10.0,0.0
2206.0,4.0,17.9,0.223463687150838,15.0,4.5,0.0,10.5,15.0,0.0,4.5,0.0,0.0,0.0,0.0,0.0,10.5,0.0,0.0,0.0,0.0
2207.0,32.7,63.79999999999999,0.5125391849529782,0.0,0.0,0.0,0.0,0.0,0.0,0.0,0.0,0.0,0.0,0.0,0.0,0.0,0.0,0.0,0.0,0.0
2208.0,0.0,0.0,0.0,0.0,0.0,0.0,0.0,0.0,0.0,0.0,0.0,0.0,0.0,0.0,0.0,0.0,0.0,0.0,0.0,0.0
2209.0,0.0,0.0,0.0,0.0,0.0,0.0,0.0,0.0,0.0,0.0,0.0,0.0,0.0,0.0,0.0,0.0,0.0,0.0,0.0,0.0
2210.0,0.0,0.0,0.0,0.0,0.0,0.0,0.0,0.0,0.0,0.0,0.0,0.0,0.0,0.0,0.0,0.0,0.0,0.0,0.0,0.0
2211.0,1.0000000000684826,1.7126949336790884,0.5838751434386241,0.0,0.0,0.0,0.0,0.047737367981783976,0.0,0.0,0.0,0.0,0.0,0.0,0.0,0.0,0.0,0.0,0.047737367981783976,0.0
2212.0,2.0000000561968747,3.544842634920901,0.5641999553081719,0.0,0.0,0.0,0.0,0.09547473863972059,0.0,0.0,0.0,0.0,0.0,0.0,0.0,0.0,0.0,0.0,0.09547473863972059,0.0
2213.0,0.0,0.0,0.0,0.0,0.0,0.0,0.0,0.0,0.0,0.0,0.0,0.0,0.0,0.0,0.0,0.0,0.0,0.0,0.0,0.0
2214.0,0.0,0.0,0.0,0.0,0.0,0.0,0.0,0.0,0.0,0.0,0.0,0.0,0.0,0.0,0.0,0.0,0.0,0.0,0.0,0.0
2215.0,0.0,0.0,0.0,0.0,0.0,0.0,0.0,0.0,0.0,0.0,0.0,0.0,0.0,0.0,0.0,0.0,0.0,0.0,0.0,0.0
2216.0,0.0,0.0,0.0,0.0,0.0,0.0,0.0,0.0,0.0,0.0,0.0,0.0,0.0,0.0,0.0,0.0,0.0,0.0,0.0,0.0
154.0,0.0,0.0,0.0,0.0,0.0,0.0,0.0,3.5156612950359665,0.0,0.0,0.0,0.0,0.0,0.0,0.0,0.0,3.5156612950359665,0.0,0.0,0.0
155.0,149.0,381.0006055896749,0.3910754938811517,0.0,0.0,0.0,0.0,42.40156900181878,0.0,0.0,0.0,0.0,0.0,0.0,0.0,0.0,21.26231303163411,0.0,13.305301805845325,7.833954164339341
156.0,7.666666666666667,20.55736825579608,0.372940085096013,0.0,0.0,0.0,0.0,40.80787743822656,0.0,0.0,0.0,0.0,0.0,0.0,0.0,0.0,32.649445119169485,0.0,7.991722911868121,0.1667094071889558
157.0,601.6666666666666,1604.1509691217054,0.3750686052922359,0.0,0.0,0.0,0.0,156.00427338659247,0.0,0.0,0.0,0.0,0.0,0.0,0.0,0.0,38.175252692893125,0.0,86.49033936834412,31.338681325355235
158.0,1171.0,2312.773020945768,0.5063186008288613,32.0,8.833333333333334,2.1666666666666665,21.0,240.08584233204928,8.833333333333334,0.0,2.1666666666666665,0.0,1.6666666666666667,4.5,2.5,12.333333333333334,19.756414365761323,0.0,127.15512185859554,61.17430610769242
159.0,0.0,0.0,0.0,1790.0,0.0,848.6666666666667,941.3333333333334,1987.2091308113795,0.0,0.0,511.1666666666667,337.5,44.16666666666666,0.0,44.16666666666666,853.0,52.5752239798856,68.8,75.83390683149403,0.0
160.0,3.1666666666666665,6.614235136816524,0.4787653600399221,803.5,0.0,233.5,570.0,855.925834993734,0.0,0.0,197.5,36.0,35.5,0.0,32.333333333333336,502.1666666666667,18.25037679684863,0.0,34.175458196885465,0.0
161.0,330.8333333333333,737.8072306047303,0.4484007740913189,5.0,0.0,5.0,0.0,60.11972657207052,0.0,0.0,5.0,0.0,0.0,0.0,0.0,0.0,4.186957426436535,0.0,33.76323592580198,17.169533219832008
162.0,603.1666666666666,1398.064668462983,0.43142973302499765,923.1666666666666,0.0,276.5,646.6666666666666,1102.0371209342084,0.0,0.0,276.5,0.0,37.5,0.0,48.0,561.1666666666666,39.51295374139045,0.0,108.01990920776896,31.33759131838218
163.0,188.5,368.7589917764004,0.5111739759672038,37.833333333333336,11.0,1.8333333333333333,25.0,59.59882613806055,11.0,0.0,1.8333333333333333,0.0,2.1666666666666665,8.0,3.8333333333333335,11.0,2.5111669683926787,0.0,9.585776947690656,9.668548888643889
164.0,615.0,1380.6667271072247,0.4454369674632118,183.00000000000003,35.5,10.333333333333334,137.16666666666669,343.3805584873519,35.5,0.0,10.333333333333334,0.0,9.333333333333334,40.5,31.83333333333333,55.5,10.882242500031571,0.0,117.49316008386532,32.00515590345497
165.0,0.0,0.0,0.0,1396.5,3.1666666666666665,849.6666666666666,543.6666666666667,1465.709962568577,0.1666666666666666,3.0,664.0,185.66666666666663,37.5,0.0,53.0,453.1666666666667,10.046221383542436,0.0,59.16374118503466,0.0
166.0,639.3333333333334,1719.1887624197536,0.3718808238564062,112.83333333333334,0.0,30.166666666666668,82.66666666666667,269.32495980620587,0.0,0.0,30.166666666666668,0.0,5.166666666666667,0.0,6.5,71.0,19.756018040306536,0.0,103.39677740299916,33.338831029566855
167.0,926.3333333333334,1949.172292874973,0.4752444597737527,57.00000000000001,18.166666666666668,4.166666666666667,34.66666666666667,209.0545984601802,18.166666666666668,0.0,4.166666666666667,0.0,2.1666666666666665,11.833333333333334,4.666666666666667,16.0,15.572806504552604,0.0,88.14180460834262,48.33998734728496
168.0,453.3333333333333,1252.5821011374535,0.36191905737888735,0.0,0.0,0.0,0.0,44.730545798335285,0.0,0.0,0.0,0.0,0.0,0.0,0.0,0.0,1.8427079782920448,0.0,19.21582494258776,23.672012877455487
169.0,508.5,1312.7750464659505,0.387347399212763,0.0,0.0,0.0,0.0,86.59162076384578,0.0,0.0,0.0,0.0,0.0,0.0,0.0,0.0,5.5276097385312895,0.0,54.560245847131206,26.50376517818329
170.0,195.0,519.0926657410363,0.3756554713051583,5.5,3.5,0.0,2.0,74.23309399284327,0.0,3.5,0.0,0.0,0.1666666666666666,0.3333333333333333,0.3333333333333333,1.1666666666666667,14.732142691570704,0.0,43.833129231889295,10.167822069383275
171.0,617.1666666666666,1656.531414075431,0.3725656280482488,0.0,0.0,0.0,0.0,132.68895361880828,0.0,0.0,0.0,0.0,0.0,0.0,0.0,0.0,7.367871149634012,0.0,92.9830633508135,32.33801911836076
172.0,362.6666666666667,967.053275957266,0.37502242708155914,146.66666666666669,17.0,6.0,123.66666666666669,210.92829328657717,17.0,0.0,6.0,0.0,4.666666666666667,93.0,5.5,20.5,6.864788889740001,0.0,38.72753972879875,18.66929800137171
173.0,1077.3333333333333,2771.161160805453,0.38876603373735236,370.0,52.16666666666666,27.166666666666668,290.6666666666667,538.9994299757628,52.16666666666666,0.0,26.5,0.6666666666666666,23.0,50.16666666666666,91.33333333333331,126.16666666666669,10.548794994677133,0.0,102.4434671603392,56.00716782074657
174.0,1039.0,2742.247836453288,0.37888625024636735,280.6666666666667,34.333333333333336,19.33333333333333,227.0,410.8580900649801,34.333333333333336,0.0,19.33333333333333,0.0,25.0,27.166666666666668,58.833333333333336,116.0,20.091414759178573,0.0,55.92645264179951,54.173555997335335
175.0,744.5,1983.721033378128,0.3753047870507137,347.3333333333333,40.333333333333336,111.16666666666669,195.8333333333333,446.76873948545534,40.333333333333336,0.0,26.666666666666668,84.5,19.666666666666668,27.83333333333333,48.5,99.83333333333331,3.851052262563828,0.0,56.91167588419916,38.67267800535905
176.0,777.0,1726.6061040571076,0.4500157842453108,400.6666666666667,78.5,31.5,290.6666666666667,499.2818361075029,78.5,0.0,31.5,0.0,29.166666666666668,94.16666666666669,63.16666666666666,104.16666666666669,6.867623636714065,0.0,51.40950565400652,40.33804015011555
177.0,179.33333333333334,474.3500238892102,0.37806118752345347,345.3333333333333,0.3333333333333333,87.0,258.0,411.9135775851663,0.3333333333333333,0.0,82.66666666666667,4.333333333333333,11.0,0.8333333333333334,18.83333333333333,227.33333333333331,6.194654924633763,0.0,51.0509935781671,9.334595749032102
178.0,1534.0,4109.681813337144,0.3732649070353116,648.1666666666667,122.16666666666669,40.5,485.5,987.6542320060958,122.16666666666669,0.0,38.5,2.0,43.333333333333336,61.66666666666666,99.83333333333331,280.6666666666667,14.90138197289905,0.0,244.7352710211711,79.85091234535894
179.0,1597.5,4286.239336246182,0.3727043393239595,772.3333333333334,161.5,64.33333333333334,546.5,996.4678654875896,161.5,0.0,55.833333333333336,8.5,47.5,93.33333333333331,101.33333333333331,304.3333333333333,17.580499043706332,0.0,123.20797112223244,83.34606198831756
180.0,966.8333333333334,2253.205841594196,0.42909232502667227,213.5,38.5,17.0,158.0,331.7945294375372,38.5,0.0,17.0,0.0,16.833333333333332,39.16666666666666,25.166666666666668,76.83333333333333,9.376855262027354,0.0,58.4089894789588,50.50868469655109
181.0,456.0,1215.6829351945128,0.37509780453325087,91.33333333333331,22.83333333333333,7.833333333333333,60.66666666666666,158.33529777249646,22.83333333333333,0.0,7.833333333333333,0.0,5.333333333333333,16.833333333333332,8.0,30.5,4.689271077014727,0.0,38.47664236908944,23.836050993058947
182.0,234.16666666666663,620.150527680774,0.37759649668024675,60.833333333333336,12.0,4.0,44.833333333333336,100.85534116475692,12.0,0.0,3.6666666666666665,0.3333333333333333,3.8333333333333335,9.0,13.5,18.5,4.019774545704179,0.0,23.83319239596827,12.169040889751136
183.0,352.3333333333333,940.8895327411396,0.3744683313745274,161.16666666666669,0.3333333333333333,20.0,140.83333333333334,254.57060492261425,0.3333333333333333,0.0,19.33333333333333,0.6666666666666666,23.33333333333333,1.3333333333333333,36.5,79.66666666666667,26.28735587985818,0.0,48.61489258824967,18.501689787839727
184.0,236.33333333333331,619.4105995003702,0.3815455103996684,0.0,0.0,0.0,0.0,55.88668329893787,0.0,0.0,0.0,0.0,0.0,0.0,0.0,0.0,9.71096280198564,0.0,33.673645495960805,12.502075000991423
185.0,335.3333333333333,932.024783707459,0.3597901463515016,79.0,15.666666666666666,5.833333333333334,57.5,138.08036010883143,15.666666666666666,0.0,5.666666666666667,0.1666666666666666,5.0,20.0,10.0,22.5,5.860168727561359,0.0,35.71753852548958,17.502652855780497
186.0,177.33333333333334,504.3872100965955,0.3515817407411503,13.666666666666668,0.0,0.5,13.166666666666668,41.75883898080882,0.0,0.0,0.5,0.0,1.6666666666666667,0.0,5.666666666666667,5.833333333333333,3.0141226270266728,0.0,15.910035156559616,9.16801453055586
187.0,34.0,85.99439268032319,0.3953746161844772,5.0,3.8333333333333335,0.1666666666666666,1.0,11.668211721042647,0.0,3.8333333333333335,0.1666666666666666,0.0,0.8333333333333334,0.0,0.0,0.1666666666666666,3.3499065296241373,0.0,1.6516596347298602,1.6666455566886509
188.0,4.0,9.234964682631404,0.43313646965244734,31.333333333333336,6.166666666666667,1.1666666666666667,24.0,68.49244624375551,6.166666666666667,0.0,1.1666666666666667,0.0,0.8333333333333334,8.0,2.833333333333333,12.333333333333334,35.66356972237176,0.0,1.4955431880504022,0.0
189.0,175.66666666666666,444.9454926180081,0.39480491336829643,13.499999999999998,4.833333333333333,0.8333333333333334,7.833333333333332,75.53418792920343,4.833333333333333,0.0,0.8333333333333334,0.0,0.5,2.1666666666666665,1.5,3.6666666666666665,6.194267152366302,0.0,46.83831656838086,9.001604208456259
190.0,100.16666666666669,250.5740751320104,0.39974872346189727,4.0,0.0,4.0,0.0,39.255669851157904,0.0,0.0,4.0,0.0,0.0,0.0,0.0,0.0,2.6792472434772283,0.0,27.242105305018608,5.334317302662069
191.0,336.1666666666667,864.3596002265164,0.38891992011029897,12.833333333333334,0.1666666666666666,1.1666666666666667,11.5,55.80868679691217,0.1666666666666666,0.0,1.1666666666666667,0.0,2.0,1.1666666666666667,3.8333333333333335,4.5,3.3483526121351352,0.0,21.95766004909748,17.669340802346216
192.0,422.1666666666667,1132.083504639512,0.37291124279838056,17.666666666666668,4.333333333333333,1.6666666666666667,11.666666666666668,80.70950998060135,4.333333333333333,0.0,1.6666666666666667,0.0,1.0,4.0,1.6666666666666667,5.0,15.403825411363805,0.0,25.63662114482175,22.002396757749136
193.0,311.1666666666667,769.3809178384903,0.40443772317730825,9.0,1.5,0.6666666666666666,6.833333333333334,61.07538755658105,1.5,0.0,0.6666666666666666,0.0,0.3333333333333333,2.6666666666666665,0.8333333333333334,3.0,2.512585935192981,0.0,33.22728595627113,16.335515665116933
194.0,0.0,0.0,0.0,0.0,0.0,0.0,0.0,2.009244276708487,0.0,0.0,0.0,0.0,0.0,0.0,0.0,0.0,2.009244276708487,0.0,0.0,0.0
195.0,148.5,434.7949984454376,0.3415402673235563,0.0,0.0,0.0,0.0,48.14592903180888,0.0,0.0,0.0,0.0,0.0,0.0,0.0,0.0,5.860296335513674,0.0,34.45088754439334,7.83474515190186
196.0,282.5,791.6027677671287,0.35687090988431835,0.0,0.0,0.0,0.0,63.317409687251285,0.0,0.0,0.0,0.0,0.0,0.0,0.0,0.0,3.684131940472487,0.0,44.96432205314165,14.668955693637145
197.0,343.0,930.3720012656228,0.36866973590499624,7.000000000000001,0.0,0.6666666666666666,6.333333333333334,54.6833203571408,0.0,0.0,0.6666666666666666,0.0,1.3333333333333333,0.1666666666666666,2.333333333333333,2.5,4.521055025573928,0.0,25.159591404211664,18.0026739273552
198.0,527.6666666666666,1400.5207781308343,0.37676461135471484,84.0,7.166666666666667,5.666666666666667,71.16666666666667,200.765951415282,7.166666666666667,0.0,5.666666666666667,0.0,9.333333333333334,8.0,24.166666666666668,29.666666666666668,6.861173997394894,0.0,82.40103322353606,27.503744194351054
199.0,96.33333333333331,222.46172208453612,0.43303329863070267,175.0,20.0,62.33333333333333,92.66666666666666,221.7578423020593,20.0,0.0,15.166666666666666,47.16666666666666,6.833333333333333,29.33333333333333,12.333333333333334,44.16666666666666,13.394832183817115,0.0,28.36219733018913,5.000812788053101
200.0,229.16666666666663,573.7917931928812,0.3993899344420073,0.0,0.0,0.0,0.0,61.30938298782909,0.0,0.0,0.0,0.0,0.0,0.0,0.0,0.0,21.099507509644248,0.0,28.04126201569709,12.168613462487755
201.0,121.0,270.2796443771419,0.4476844724242697,0.0,0.0,0.0,0.0,42.87194086770845,0.0,0.0,0.0,0.0,0.0,0.0,0.0,0.0,16.57446487377089,0.0,19.96369304936142,6.33378294457614
202.0,367.0,760.0623469300348,0.4828551256121928,19.166666666666668,5.5,0.8333333333333334,12.833333333333334,92.4023127307843,5.5,0.0,0.8333333333333334,0.0,0.6666666666666666,4.5,2.0,5.666666666666667,11.385336654188189,0.0,42.68165231926716,19.16865709066229
203.0,384.6666666666667,821.2266554489319,0.4684049940590211,9.0,0.3333333333333333,2.333333333333333,6.333333333333333,86.41165660623403,0.3333333333333333,0.0,0.0,2.333333333333333,5.5,0.0,0.0,0.8333333333333334,16.242300437778642,0.0,41.00046368411564,20.168892484339743
204.0,276.3333333333333,594.78524070168,0.46459346067050583,0.0,0.0,0.0,0.0,50.24941517076012,0.0,0.0,0.0,0.0,0.0,0.0,0.0,0.0,9.87826434590873,0.0,25.868156389946503,14.502994434904885
205.0,338.8333333333333,892.5009562754784,0.3796447846367902,0.0,0.0,0.0,0.0,35.203597741997044,0.0,0.0,0.0,0.0,0.0,0.0,0.0,0.0,2.679508029701283,0.0,14.688103556025553,17.835986156270206
206.0,209.33333333333331,544.5310780707636,0.3844286244873057,58.5,7.666666666666667,3.5,47.33333333333333,85.53143303729544,7.666666666666667,0.0,3.5,0.0,5.833333333333333,4.666666666666667,14.0,22.83333333333333,4.352588954397519,0.0,11.677260880263823,11.001583202634096
207.0,232.83333333333331,499.3495619575127,0.46627323036110724,0.0,0.0,0.0,0.0,53.104292681245575,0.0,0.0,0.0,0.0,0.0,0.0,0.0,0.0,15.06920883786281,0.0,25.86717573394742,12.167908109435343
208.0,124.5,309.90405284685704,0.40173724369304464,0.0,0.0,0.0,0.0,27.964253130991715,0.0,0.0,0.0,0.0,0.0,0.0,0.0,0.0,4.185410647925276,0.0,17.444567783878735,6.334274699187703
209.0,1245.3333333333333,2875.81588689436,0.43303653026209155,60.66666666666666,16.166666666666668,5.833333333333333,38.66666666666666,187.86301453277983,16.166666666666668,0.0,5.833333333333333,0.0,4.0,13.666666666666666,5.666666666666667,15.333333333333334,5.3574690771326665,0.0,56.99604695785428,64.84283183112626
210.0,277.6666666666667,591.2552283886274,0.46962234469097763,46.66666666666666,12.166666666666666,3.333333333333333,31.166666666666664,104.67382827718714,12.166666666666666,0.0,3.333333333333333,0.0,2.0,10.666666666666666,4.0,14.5,15.070494830150013,0.0,28.434334935953107,14.502331844417348
211.0,191.33333333333331,479.78099958077775,0.3987930607933958,95.5,31.666666666666668,6.5,57.33333333333333,127.5125837064788,24.666666666666668,7.0,6.5,0.0,3.8333333333333335,19.83333333333333,9.833333333333334,23.83333333333333,4.854769630462614,0.0,17.32283365667112,9.83498041934506
212.0,181.16666666666663,397.7339046769685,0.45549716666424644,41.0,0.0,9.666666666666666,31.33333333333333,67.7596184326195,0.0,0.0,1.1666666666666667,8.5,3.1666666666666665,4.0,4.166666666666667,20.0,1.5077075848747954,0.0,15.91733654291614,9.334574304828568
213.0,309.3333333333333,968.4012135474468,0.3194268336366325,485.33333333333337,193.0,48.16666666666666,244.16666666666669,539.1739305772481,136.0,57.0,18.33333333333333,29.83333333333333,19.0,128.83333333333334,11.833333333333334,84.5,2.1760385595058325,0.0,35.6625901430046,16.001968541404402
214.0,422.5,1348.402380516137,0.31333376898836146,8.666666666666668,2.333333333333333,1.5,4.833333333333334,59.806058474485766,2.333333333333333,0.0,1.5,0.0,0.6666666666666666,1.6666666666666667,0.5,2.0,7.534796430768853,0.0,21.434826478983293,22.169768898066945
215.0,333.8333331501924,786.8656095515826,0.42425711468116734,48.83333330654338,1.6666666657523337,10.83333332739017,36.33333331340088,106.91759493946505,1.6666666657523337,0.0,4.166666664380834,6.666666663009335,3.333333331504667,12.166666659992035,4.166666664380834,16.666666657523336,5.1919653580343255,0.0,35.38981447294695,17.502481801940398
216.0,85.66666666666667,202.24781201016185,0.4235727734961226,5.0,0.0,1.3333333333333333,3.666666666666667,13.174898408130373,0.0,0.0,0.0,1.3333333333333333,0.0,0.0,1.1666666666666667,2.5,0.0,0.0,3.840880442608814,4.334017965521557
217.0,290.0,810.2077062661552,0.3579329075212897,26.83333333333333,12.666666666666666,1.0,13.166666666666666,57.4232334503925,12.666666666666666,0.0,0.0,1.0,0.1666666666666666,0.5,0.0,12.5,1.506286641898891,0.0,13.914401080740634,15.169212394419649
218.0,297.5,939.1622154339389,0.31677168769246156,24.5,7.666666666666667,2.0,14.833333333333332,61.66114959085465,7.666666666666667,0.0,2.0,0.0,2.0,3.333333333333333,2.6666666666666665,6.833333333333333,2.009244276708487,0.0,19.64955204755734,15.502353266588823
219.0,152.5,357.19367746534334,0.42693924786727583,180.8333333333333,0.5,0.0,180.3333333333333,210.95576540866836,0.5,0.0,0.0,0.0,0.1666666666666666,177.66666666666666,0.1666666666666666,2.333333333333333,0.0,0.0,22.121319528179715,8.001112547155278
220.0,288.5,549.4833611860545,0.5250386460788832,1.0,0.0,0.0,1.0,45.30944988557624,0.0,0.0,0.0,0.0,0.0,0.0,1.0,0.0,8.53889979851814,0.0,20.601337758359403,15.169212328698698
221.0,368.3333333333333,696.2355678866829,0.529035502238636,0.0,0.0,0.0,0.0,70.83299050521289,0.0,0.0,0.0,0.0,0.0,0.0,0.0,0.0,13.228943056258617,0.0,38.60107380621528,19.002973642739
222.0,248.16666666666663,553.8997380013024,0.4480353566552565,0.0,0.0,0.0,0.0,56.884577173088736,0.0,0.0,0.0,0.0,0.0,0.0,0.0,0.0,8.203771389631294,0.0,35.84601728830111,12.834788495156332
223.0,97.0,219.7098744430616,0.441491308690078,7.5,0.0,0.5,7.0,30.10555337538941,0.0,0.0,0.5,0.0,0.6666666666666666,0.0,1.8333333333333333,4.5,2.009244276708487,0.0,15.59556033105338,5.000748767627544
224.0,700.8333333333334,1778.91849222591,0.3939659610016199,225.5,0.0,1.3333333333333333,224.16666666666663,301.087385723506,0.0,0.0,0.6666666666666666,0.6666666666666666,35.0,109.33333333333331,7.833333333333333,72.0,0.0,0.0,39.248447505756666,36.33893821774931
225.0,33.833333333333336,81.46335892442558,0.4153196452987027,1496.1666666666663,288.66666666666663,414.1666666666667,793.3333333333334,1588.2345188073434,233.66666666666663,55.0,127.66666666666669,286.5,91.66666666666669,155.0,121.5,425.1666666666667,0.0,0.0,90.06755263362554,2.000299507051018
226.0,519.0,1275.6998025455969,0.40683552585362226,16.0,0.0,0.0,16.0,69.50575906500158,0.0,0.0,0.0,0.0,0.0,0.0,16.0,0.0,1.5077056086991936,0.0,24.99403144029497,27.004022016007408
227.0,790.3333333333334,1454.4599232580674,0.5433861192702683,500.8333333333333,44.16666666666666,93.33333333333331,363.3333333333333,650.1977964734649,35.666666666666664,8.5,18.83333333333333,74.5,36.833333333333336,133.33333333333334,75.33333333333333,117.83333333333331,0.502957634809596,0.0,107.6883786175602,41.17312688776183
228.0,316.0,1004.8860447073396,0.31446351719615234,124.0,0.3333333333333333,0.0,123.66666666666669,160.1469702185404,0.3333333333333333,0.0,0.0,0.0,0.1666666666666666,122.66666666666669,0.3333333333333333,0.5,0.8362810770456397,0.0,18.97487427070868,16.335814870786056
229.0,270.6666666666667,678.0165804352846,0.39920361017262956,86.33333333333333,7.666666666666667,4.5,74.16666666666666,117.30853987265776,7.666666666666667,0.0,3.5,1.0,6.5,10.0,15.166666666666666,42.5,1.6742436795325968,0.0,15.132456158216115,14.168506701575714
230.0,22.83333333333333,54.48366808477953,0.41908583133212374,1424.0,150.83333333333331,1082.8333333333337,190.33333333333331,1487.295780129684,13.666666666666666,137.16666666666666,16.666666666666668,1066.1666666666667,2.833333333333333,4.666666666666667,7.0,175.83333333333334,1.0046221383542435,0.0,61.29090142757405,1.0002565637556404
231.0,39.5,98.87320127638282,0.3995015786895038,3476.333333333333,624.8333333333334,2188.0,663.5,3627.287227760727,444.5,180.33333333333331,1994.0,194.0,52.16666666666666,35.666666666666664,35.166666666666664,540.5,0.0,0.0,148.95359492034257,2.000299507051018
232.0,154.16666666666666,424.35161123695246,0.3632993550260894,0.0,0.0,0.0,0.0,24.55264102933306,0.0,0.0,0.0,0.0,0.0,0.0,0.0,0.0,1.6742436795325968,0.0,14.877434523301794,8.000962826498666
233.0,153.5,349.4918790800821,0.43920906089159006,389.33333333333337,42.333333333333336,32.0,315.0,427.0102090492262,42.333333333333336,0.0,23.33333333333333,8.666666666666666,28.5,101.83333333333331,58.66666666666666,126.0,1.171416421151589,0.0,28.33797944007291,8.167479854668334
234.0,253.16666666666663,639.3302916399475,0.3959872854096562,27.83333333333333,0.5,2.6666666666666665,24.666666666666664,59.09321839614896,0.5,0.0,0.6666666666666666,2.0,1.6666666666666667,2.1666666666666665,2.333333333333333,18.5,4.68875230640977,0.0,13.56933537430823,13.00179738209763
235.0,2439.6666666666665,5033.661961484552,0.48467034245326,1922.833333333333,79.66666666666667,625.0,1218.1666666666663,2345.7987807913028,79.66666666666667,0.0,595.1666666666666,29.83333333333333,158.5,135.16666666666666,449.0,475.5,4.186438452072935,0.0,291.59112292313546,127.18788608276108
236.0,404.1666666666667,1032.7986477054951,0.39133152194242193,41.83333333333333,12.5,11.666666666666666,17.666666666666668,104.4192831928703,12.5,0.0,11.666666666666666,0.0,0.0,0.3333333333333333,0.1666666666666666,17.166666666666668,4.520411245101166,0.0,36.89581257192388,21.16972604251193
237.0,65.5,184.28506808638795,0.35542760289887043,546.5,11.333333333333334,44.0,491.1666666666666,581.4093700025552,11.0,0.3333333333333333,35.166666666666664,8.833333333333334,53.833333333333336,78.0,139.66666666666666,219.66666666666663,5.525937950152226,0.0,26.049756197406868,3.3336758549961734
238.0,1444.0,2794.148835359658,0.5167942314762667,478.6666666666666,71.0,132.66666666666666,275.0,638.643380967868,71.0,0.0,17.333333333333332,115.33333333333331,20.166666666666668,108.16666666666669,33.333333333333336,113.33333333333331,1.673857883440738,0.0,82.9583338172562,75.34452260050445
239.0,24.5,63.56417928664597,0.38543721125566616,1.0,0.0,1.0,0.0,15.770242962260378,0.0,0.0,0.0,1.0,0.0,0.0,0.0,0.0,2.846688108590488,0.0,10.756781190423922,1.1667736632459675
240.0,28.83333333333333,60.2509244772221,0.47855420615552197,0.0,0.0,0.0,0.0,2.720240329152844,0.0,0.0,0.0,0.0,0.0,0.0,0.0,0.0,0.0,0.0,1.2201546617590964,1.500085667393748
241.0,26.666666666666668,53.47295950791076,0.4986944226029161,14.833333333333332,3.5,1.3333333333333333,10.0,20.765053650905053,3.5,0.0,1.3333333333333333,0.0,0.5,3.0,1.1666666666666667,5.333333333333333,0.0,0.0,4.598194386011563,1.3335259315601584
242.0,8.166666666666666,21.06180607147941,0.38774769072275617,0.0,0.0,0.0,0.0,1.517784966197602,0.0,0.0,0.0,0.0,0.0,0.0,0.0,0.0,1.0046221383542435,0.0,0.3465175232206121,0.1666453046227463
243.0,144.83333333333334,335.46624106901834,0.4317374316765768,5.0,0.0,0.0,5.0,21.85899716227369,0.0,0.0,0.0,0.0,0.8333333333333334,1.0,1.0,2.1666666666666665,2.009244276708487,0.0,7.348704594452194,7.501048291113012
244.0,0.0,0.0,0.0,57.66666666666666,3.8333333333333335,16.333333333333332,37.5,70.17385963791055,0.0,3.8333333333333335,16.333333333333332,0.0,3.0,0.0,4.833333333333333,29.666666666666668,10.046221383542436,0.0,2.4609715877014477,0.0
245.0,364.3333333333333,1059.3786703047742,0.3439122794765329,370.6666666666667,82.5,174.16666666666669,114.0,424.8167461696437,11.333333333333334,71.16666666666667,124.66666666666669,49.5,17.333333333333332,25.33333333333333,10.666666666666666,60.66666666666666,2.009244276708487,0.0,33.13822490822659,19.002610318041825
246.0,194.0,422.89177712321,0.45874621001078936,0.0,0.0,0.0,0.0,77.91142657193599,0.0,0.0,0.0,0.0,0.0,0.0,0.0,0.0,3.85014749210837,0.0,63.7263627137749,10.334916366052704
247.0,521.3333333333334,1480.932668137934,0.35203040931552765,0.0,0.0,0.0,0.0,53.43522735737871,0.0,0.0,0.0,0.0,0.0,0.0,0.0,0.0,1.84142198600484,0.0,24.422988445109297,27.170816926264568
248.0,111.83333333333331,263.9064689728746,0.42376124302139784,0.0,0.0,0.0,0.0,10.738421899272549,0.0,0.0,0.0,0.0,0.0,0.0,0.0,0.0,0.0,0.0,4.737523378119493,6.000898521153054
249.0,413.0,1159.130048451013,0.3563016941471811,0.0,0.0,0.0,0.0,38.98679841431317,0.0,0.0,0.0,0.0,0.0,0.0,0.0,0.0,0.0,0.0,17.483781669552968,21.50301674476021
250.0,292.5,690.1170529315906,0.42384114224894354,264.8333333333333,3.333333333333333,20.0,241.5,303.7812855937241,3.333333333333333,0.0,4.333333333333333,15.666666666666666,10.833333333333334,125.16666666666669,29.83333333333333,75.66666666666667,0.0,0.0,23.612158817375832,15.335793443014872
251.0,93.0,289.6508866116385,0.32107617928576765,201.83333333333331,0.3333333333333333,0.0,201.5,219.32423656940128,0.3333333333333333,0.0,0.0,0.0,0.0,200.83333333333331,0.1666666666666666,0.5,0.0,0.0,12.490154468440393,5.000748767627544
252.0,230.5,468.7820511858099,0.4916997129410941,1026.3333333333337,310.16666666666663,451.8333333333333,264.33333333333337,1112.12482150689,51.833333333333336,258.3333333333333,435.3333333333333,16.5,64.5,18.166666666666668,22.166666666666668,159.5,10.381998939462829,0.0,63.40739266273408,12.002096571359695
253.0,603.3333333333334,1868.1710049449168,0.3229540185220478,1060.8333333333337,65.33333333333333,494.33333333333337,501.16666666666674,1164.513768299401,48.66666666666666,16.666666666666668,220.16666666666663,274.1666666666667,40.66666666666666,107.66666666666669,116.5,236.33333333333331,2.009244276708487,0.0,70.50022359317734,31.170967096181524
254.0,464.0,1410.669927472133,0.3289217349599778,187.83333333333331,23.5,27.333333333333336,137.0,250.80619811333352,1.6666666666666667,21.83333333333333,19.0,8.333333333333334,4.166666666666667,87.33333333333333,6.333333333333333,39.16666666666666,2.511424952773582,0.0,36.62453382062201,23.8369060066046
255.0,291.1666666666667,655.2159123421294,0.4443827770083677,352.8333333333333,29.666666666666668,20.166666666666668,303.0,396.6255016388226,29.666666666666668,0.0,19.0,1.1666666666666667,36.0,70.0,50.5,146.5,1.5064170183274792,0.0,27.283569158166003,15.002182128995765
256.0,110.66666666666669,225.87028624263263,0.4899567291812222,28.83333333333333,2.0,4.166666666666667,22.666666666666664,45.25160744985626,2.0,0.0,1.1666666666666667,3.0,2.0,2.5,3.5,14.666666666666666,1.0046221383542435,0.0,9.579591052917294,5.834060925251383
257.0,376.6666666666667,935.8223824657412,0.4024980313830609,539.0,195.5,89.16666666666666,254.33333333333331,599.7977581944641,79.16666666666667,116.33333333333331,32.5,56.66666666666666,34.833333333333336,14.5,52.5,152.5,2.009244276708487,0.0,38.78551884724536,20.00299507051018
258.0,118.16666666666669,327.18914814859306,0.36115704733887216,186.16666666666663,12.166666666666666,35.166666666666664,138.83333333333331,206.23160542741095,12.166666666666666,0.0,11.833333333333334,23.33333333333333,17.0,28.33333333333333,22.33333333333333,71.16666666666667,1.0046221383542435,0.0,12.892666002803857,6.167650619586229
259.0,155.5,329.67741805006216,0.47167319169063326,290.5,22.83333333333333,23.83333333333333,243.83333333333331,318.40016390975217,18.5,4.333333333333333,15.166666666666666,8.666666666666666,29.83333333333333,27.666666666666668,41.5,144.83333333333334,1.0046221383542435,0.0,18.8942367795024,8.001304991895516
260.0,110.5,275.1674176186559,0.4015737072226253,0.0,0.0,0.0,0.0,14.186526427131923,0.0,0.0,0.0,0.0,0.0,0.0,0.0,0.0,0.0,0.0,8.518918564525608,5.667607862606315
261.0,308.8333333333333,791.5106065632863,0.39018217920575665,0.0,0.0,0.0,0.0,35.268526130763576,0.0,0.0,0.0,0.0,0.0,0.0,0.0,0.0,0.0,0.0,19.09847986000756,16.170046270756014
262.0,982.0,1708.469221586406,0.5747835475128782,0.0,0.0,0.0,0.0,94.53383503904664,0.0,0.0,0.0,0.0,0.0,0.0,0.0,0.0,0.0,0.0,43.36094167662129,51.17289336242535
263.0,487.0,1318.344933211187,0.3694025650887733,7.166666666666666,1.6666666666666667,0.8333333333333334,4.666666666666666,88.94652783631729,1.6666666666666667,0.0,0.0,0.8333333333333334,2.6666666666666665,0.1666666666666666,0.0,1.8333333333333333,0.0,0.0,56.44299732254141,25.33686384710921
264.0,828.5,2302.8029683200016,0.35977893523579574,0.0,0.0,0.0,0.0,80.9417648829661,0.0,0.0,0.0,0.0,0.0,0.0,0.0,0.0,0.0,0.0,37.93538972097703,43.00637516198907
265.0,441.0,1111.6392035578758,0.3967114497118759,87.0,0.3333333333333333,0.0,86.66666666666667,134.8682098505419,0.3333333333333333,0.0,0.0,0.0,0.0,86.16666666666667,0.0,0.5,0.0,0.0,25.031603203097205,22.836606647444672
266.0,224.5,628.0145985571976,0.3574757665120634,0.0,0.0,0.0,0.0,24.851098514566715,0.0,0.0,0.0,0.0,0.0,0.0,0.0,0.0,1.0046221383542435,0.0,12.178226474038595,11.668249902173876
267.0,309.0,923.5708087026276,0.33457099021358544,0.0,0.0,0.0,0.0,35.924759238764466,0.0,0.0,0.0,0.0,0.0,0.0,0.0,0.0,0.0,0.0,19.755632396684778,16.169126842079685
268.0,160.5,413.0740162902268,0.38855022022792235,0.0,0.0,0.0,0.0,15.300983919954106,0.0,0.0,0.0,0.0,0.0,0.0,0.0,0.0,0.0,0.0,7.299785891750033,8.001198028204072
269.0,203.16666666666663,411.5244753073012,0.4936927907263699,183.66666666666663,5.833333333333333,15.333333333333334,162.5,233.9062084746652,5.0,0.8333333333333334,13.0,2.333333333333333,25.5,12.833333333333334,75.0,49.16666666666666,3.013866415062731,0.0,36.89037438942431,10.33530100351151
270.0,92.83333333333331,191.6596067899321,0.4843656672795066,372.83333333333337,285.6666666666667,16.166666666666664,71.0,397.39855516486256,168.83333333333334,116.83333333333331,6.5,9.666666666666666,3.6666666666666665,6.833333333333333,7.333333333333333,53.16666666666666,0.0,0.0,19.73122524447547,4.833996587053718
271.0,388.5,947.143453636052,0.41018073715081016,153.33333333333331,8.5,3.5,141.33333333333331,197.6248893195977,8.5,0.0,2.5,1.0,5.833333333333333,70.16666666666667,39.66666666666666,25.666666666666668,0.0,0.0,24.121915611131502,20.169640375132925
272.0,265.1666666666667,640.2055375878558,0.414189898553131,112.0,0.1666666666666666,7.333333333333333,104.5,146.97870737372153,0.1666666666666666,0.0,7.333333333333333,0.0,1.1666666666666667,91.0,0.1666666666666666,12.166666666666666,0.0,0.0,21.310093724888816,13.668613648832707
273.0,341.6666666666667,826.0058522126524,0.4136371016639066,0.0,0.0,0.0,0.0,37.64394383226498,0.0,0.0,0.0,0.0,0.0,0.0,0.0,0.0,0.0,0.0,19.80795767599477,17.835986156270206
274.0,689.6666666454043,1824.3081791160507,0.37804285182757613,1.6666666666152834,0.3333333333230567,0.1666666666615283,1.1666666666306982,68.30205273446418,0.3333333333230567,0.0,0.1666666666615283,0.0,0.0,0.3333333333230567,0.1666666666615283,0.6666666666461134,0.0,0.0,30.796297987921317,35.83908807992759
275.0,70.83333375073069,117.83720861930935,0.6011117759889265,12.000000070712023,0.5000000029463343,3.50000002062434,8.000000047141349,21.840626627084813,0.5000000029463343,0.0,1.1666666735414468,2.333333347082893,0.0,3.0000000176780057,0.16666666764877802,4.833333361814565,1.0046221442741488,0.0,5.002371384802635,3.8336330272960066
276.0,1083.1666666666667,2577.1647428587003,0.4202939178289287,297.0,87.16666666666666,11.333333333333332,198.5,412.4419515072732,57.16666666666666,30.0,5.0,6.333333333333333,8.166666666666666,84.16666666666667,33.833333333333336,72.33333333333333,0.8377000438459422,0.0,58.42870638987524,56.17554507355206
277.0,132.16666666666666,274.3265389457426,0.48178592991619784,126.5,54.33333333333333,5.666666666666667,66.5,144.80371034765696,37.66666666666666,16.666666666666668,3.8333333333333335,1.8333333333333333,5.833333333333333,3.6666666666666665,11.0,46.0,0.1667942827973456,0.0,10.969692845267568,7.167223219592035
278.0,643.8333333333334,1458.0621307534586,0.44156783154407164,975.5,440.5,38.0,497.0,1079.282241110554,278.5,162.0,34.0,4.0,18.33333333333333,211.83333333333331,143.5,123.33333333333331,1.67552789940284,0.0,68.60177103787193,33.50494217327917
279.0,261.1666666666667,604.9830740708394,0.43169251812173154,126.5,11.333333333333334,8.0,107.16666666666669,157.9395567009383,11.333333333333334,0.0,6.666666666666667,1.3333333333333333,6.166666666666667,16.5,51.5,33.0,1.3392387118552358,0.0,16.431426633643586,13.668891355439476
280.0,164.83333333333334,411.2726954161234,0.40078841890185757,0.0,0.0,0.0,0.0,15.98459097547476,0.0,0.0,0.0,0.0,0.0,0.0,0.0,0.0,0.0,0.0,7.483200502515706,8.501390472959054
281.0,490.6666666666667,1092.2626989352748,0.44922038182294693,2.333333333333333,0.1666666666666666,0.1666666666666666,2.0,80.41007685681129,0.1666666666666666,0.0,0.1666666666666666,0.0,0.0,2.0,0.0,0.0,5.5260683265808135,0.0,46.88062793461555,25.67004726228158
282.0,1555.5,4297.446613994132,0.36195912124532187,648.8333333333333,128.33333333333331,55.5,465.0,823.4068050019547,106.33333333333331,22.0,39.833333333333336,15.666666666666666,62.833333333333336,69.16666666666667,73.83333333333333,259.1666666666667,0.0,0.0,93.56187606249128,81.01159560613014
283.0,507.5,1290.7570839377277,0.39318010051261065,334.8333333333333,109.0,14.166666666666668,211.66666666666663,398.6892932518548,27.0,82.0,8.833333333333334,5.333333333333333,13.5,97.83333333333331,22.83333333333333,77.5,0.0,0.0,37.18524995596309,26.67070996255838
284.0,390.8333333333333,987.790577655811,0.39566416422076517,8.0,0.0,0.0,8.0,46.56969883107245,0.0,0.0,0.0,0.0,2.6666666666666665,0.1666666666666666,4.166666666666667,1.0,0.6698777531422954,0.0,17.56344991712568,20.336371160804465
285.0,255.0,579.8587881146142,0.4397622407847288,7.000000000000001,0.1666666666666666,0.0,6.833333333333334,74.44144405965858,0.1666666666666666,0.0,0.0,0.0,0.0,0.3333333333333333,0.3333333333333333,6.166666666666667,2.0109214316483337,0.0,52.26178084533839,13.16874178267186
286.0,283.5,727.7065638012456,0.38958010563916085,139.83333333333334,12.0,3.0,124.83333333333334,195.60194297524336,2.1666666666666665,9.833333333333334,1.8333333333333333,1.1666666666666667,47.333333333333336,5.333333333333333,41.0,31.166666666666668,1.0046221383542435,0.0,39.76131355422748,15.002673949328278
287.0,229.5,594.1632151229886,0.38625750325606195,0.0,0.0,0.0,0.0,41.56083454536175,0.0,0.0,0.0,0.0,0.0,0.0,0.0,0.0,0.0,0.0,29.55863114735222,12.002203398009527
288.0,1186.8333333333333,2823.0922643189874,0.42040189346047896,574.8333333333333,50.66666666666666,97.0,427.1666666666666,713.3331320039463,47.16666666666666,3.5,37.5,59.5,17.833333333333332,240.83333333333331,31.33333333333333,137.16666666666666,2.009244276708487,0.0,74.64834264841063,61.84221174549376
289.0,128.66666666666666,350.11230411864835,0.36750112793254835,240.33333333333331,65.66666666666667,22.166666666666668,152.5,272.3205736599521,64.0,1.6666666666666667,18.166666666666668,4.0,16.333333333333332,18.33333333333333,17.5,100.33333333333331,4.018488553416974,0.0,21.301656824477927,6.667094948723921
290.0,131.5,377.18928027025726,0.34863132882721337,20.333333333333336,0.0,8.833333333333334,11.5,41.7791565092634,0.0,0.0,8.5,0.3333333333333333,1.5,0.0,1.8333333333333333,8.166666666666666,2.009244276708487,0.0,12.43553062454302,7.001048274678563
291.0,916.8333333333334,2592.546353693849,0.35364202149251184,9.0,0.0,0.0,9.0,96.23017085512168,0.0,0.0,0.0,0.0,0.0,9.0,0.0,0.0,0.0,0.0,39.22298268589725,48.00718816922444
292.0,212.33333333333331,570.9927483858286,0.3718669526602401,322.5,76.5,30.5,215.5,367.37242758706674,62.333333333333336,14.166666666666666,21.5,9.0,24.33333333333333,47.333333333333336,40.66666666666666,103.16666666666669,9.879299289034137,0.0,23.99135282053932,11.001775477493316
293.0,520.6666666666666,1414.129801270522,0.36818873783642403,236.16666666666669,21.83333333333333,21.166666666666664,193.16666666666669,297.2424023677442,21.83333333333333,0.0,9.166666666666666,12.0,17.666666666666668,57.5,41.833333333333336,76.16666666666667,2.009244276708487,0.0,32.06244807918028,27.004043345188744
294.0,574.5,1643.6583165573786,0.34952519888883166,1373.6666666666663,602.6666666666666,79.0,692.0,1488.0515513962516,494.3333333333333,108.33333333333331,49.833333333333336,29.166666666666668,69.5,193.83333333333331,106.33333333333331,322.3333333333333,1.3391083354266475,0.0,83.20739469646158,29.83838169769706
295.0,20.5,41.8267316465348,0.4901171856610592,0.0,0.0,0.0,0.0,8.722191200365701,0.0,0.0,0.0,0.0,0.0,0.0,0.0,0.0,3.8516942706196287,0.0,3.703530821759868,1.1669661079862057
296.0,11.0,24.791613858231216,0.4436984241083532,0.0,0.0,0.0,0.0,11.512389558937462,0.0,0.0,0.0,0.0,0.0,0.0,0.0,0.0,10.046221383542436,0.0,0.4660184218695164,1.000149753525509
297.0,65.16666666666667,155.72553370655547,0.41847130085593276,0.0,0.0,0.0,0.0,27.02523930207824,0.0,0.0,0.0,0.0,0.0,0.0,0.0,0.0,21.09603689753281,0.0,2.7623643702328984,3.16683803431253
298.0,70.83333333333333,141.9585228089022,0.4989720372667289,0.0,0.0,0.0,0.0,21.06068124851681,0.0,0.0,0.0,0.0,0.0,0.0,0.0,0.0,12.054946889645969,0.0,5.505327789523793,3.5004065693470534
299.0,26.33333333333333,49.31808765912383,0.5339487920809856,326.1666666666667,74.66666666666667,77.0,174.5,347.780688090281,56.5,18.166666666666668,14.666666666666666,62.333333333333336,21.166666666666668,21.666666666666668,28.5,103.16666666666669,2.846302312498628,0.0,17.60096676063136,1.1667523504843336
300.0,3.8333333333333335,12.644186527482434,0.30316962858792806,2136.666666666667,107.66666666666666,479.6666666666667,1549.3333333333337,2273.559102535202,98.83333333333331,8.833333333333334,476.5,3.1666666666666665,273.5,149.83333333333334,467.5,658.5,4.018488553416974,0.0,132.87394731511873,0.0
301.0,14.333333333333334,38.84893172673239,0.36895051411337537,0.5,0.1666666666666666,0.1666666666666666,0.1666666666666666,5.142905626994731,0.1666666666666666,0.0,0.1666666666666666,0.0,0.0,0.1666666666666666,0.0,0.0,3.013866415062731,0.0,0.6288894584064906,1.000149753525509
302.0,98.0,239.23199409113224,0.40964420487448766,12.166666666666666,0.8333333333333334,1.3333333333333333,10.0,37.89522921673255,0.8333333333333334,0.0,0.3333333333333333,1.0,2.5,1.8333333333333333,1.3333333333333333,4.333333333333333,13.060087798605169,0.0,7.667640415044018,5.000834336416702
303.0,65.5,154.38560745663787,0.42426234594696216,166.0,57.83333333333333,9.166666666666666,99.0,183.652909608964,21.666666666666668,36.16666666666666,6.0,3.1666666666666665,7.666666666666667,8.5,15.166666666666666,67.66666666666667,2.846302312498628,0.0,11.306179348635682,3.5004279478296376
304.0,128.66666666666666,279.2081634843395,0.46082702260918473,176.5,34.66666666666667,7.333333333333333,134.5,204.2905098232229,18.666666666666668,16.0,7.333333333333333,0.0,8.833333333333334,77.16666666666667,20.0,28.5,4.688110094595328,0.0,16.26803953195662,6.8343601966709455
305.0,2.0,4.679934471038899,0.4273564111584708,0.0,0.0,0.0,0.0,13.14481842076326,0.0,0.0,0.0,0.0,0.0,0.0,0.0,0.0,13.060087798605169,0.0,0.0847306221580938,0.0
306.0,28.166666666666668,67.62493199482904,0.4165130497849586,0.0,0.0,0.0,0.0,12.40621995695347,0.0,0.0,0.0,0.0,0.0,0.0,0.0,0.0,10.046221383542436,0.0,1.1932462229267002,1.1667523504843336
307.0,106.16666666666669,262.33450782165227,0.4046995858388708,0.0,0.0,0.0,0.0,23.374946684487437,0.0,0.0,0.0,0.0,0.0,0.0,0.0,0.0,9.71031621966973,0.0,8.163753338581682,5.500877126236021
308.0,499.0,1319.4197909886752,0.37819654018232246,763.1666666666666,142.83333333333334,61.66666666666666,558.6666666666666,863.4997176320544,140.5,2.333333333333333,46.5,15.166666666666666,67.66666666666667,139.66666666666666,108.16666666666669,243.16666666666663,2.6798938257931417,0.0,71.81565176794344,25.837505371651243
309.0,212.83333333333331,487.8879102592717,0.43623407929954683,321.66666666666663,54.16666666666666,93.16666666666666,174.33333333333331,364.682616181812,45.5,8.666666666666666,85.33333333333333,7.833333333333333,20.33333333333333,23.166666666666668,26.83333333333333,104.0,8.705694081315485,0.0,23.30865085271312,11.00160458111668
310.0,0.0,0.0,0.0,288.6666666666667,81.66666666666667,58.0,149.0,313.4266808469703,80.66666666666667,1.0,31.666666666666668,26.33333333333333,16.166666666666668,32.5,22.83333333333333,77.5,1.0046221383542435,0.0,23.755392041949392,0.0
311.0,29.83333333333333,66.47751182237653,0.448773314696946,1693.6666666666667,445.5,244.0,1004.1666666666669,1772.198952200147,300.8333333333333,144.66666666666666,197.0,47.0,118.33333333333331,230.16666666666663,123.66666666666669,532.0,3.013866415062731,0.0,74.01809829861956,1.5003208197979074
312.0,430.0,1357.6684411510616,0.3167194485536074,482.83333333333337,5.833333333333333,8.166666666666666,468.83333333333337,551.0429285556817,5.833333333333333,0.0,4.5,3.6666666666666665,11.5,18.0,236.83333333333331,202.5,7.534149848452941,0.0,38.672150796334165,22.0032945775612
313.0,721.0,1734.6080109646266,0.4156558689009209,82.66666666666667,20.0,0.3333333333333333,62.333333333333336,154.71996678407592,1.6666666666666667,18.33333333333333,0.3333333333333333,0.0,1.0,46.66666666666666,3.333333333333333,11.333333333333334,0.0,0.0,34.04760948343991,38.005690633969344
314.0,618.6666666666666,1506.133571958758,0.4107648074413996,16.0,0.1666666666666666,1.1666666666666667,14.666666666666666,76.23055853345323,0.1666666666666666,0.0,0.1666666666666666,1.0,6.166666666666667,0.3333333333333333,0.0,8.166666666666666,1.0046221383542435,0.0,26.88772533086318,32.33821106423581
315.0,0.0,0.0,0.0,1697.6666666666667,158.16666666666666,698.1666666666667,841.3333333333334,1769.591265332318,157.16666666666666,1.0,424.5,273.6666666666667,69.33333333333333,1.8333333333333333,73.83333333333333,696.3333333333334,0.0,0.0,71.9245986656512,0.0
316.0,1193.6666666666667,3168.0272392816337,0.3767854808399112,274.5,11.833333333333334,21.833333333333336,240.83333333333331,398.7088859365108,11.833333333333334,0.0,10.0,11.833333333333334,18.83333333333333,38.833333333333336,65.0,118.16666666666669,0.0,0.0,62.19960121792923,62.00928471858156
317.0,542.5,1203.6635265927182,0.4507073513606306,9.833333333333334,0.0,1.0,8.833333333333334,61.4034056355307,0.0,0.0,0.1666666666666666,0.8333333333333334,0.1666666666666666,0.1666666666666666,0.0,8.5,0.0,0.0,23.39893466030971,28.171137641887665
318.0,124.33333333333331,267.73358798891826,0.4643919885706667,0.0,0.0,0.0,0.0,16.26712182218794,0.0,0.0,0.0,0.0,0.0,0.0,0.0,0.0,0.0,0.0,9.766244613781774,6.500877208406165
319.0,0.0,0.0,0.0,3222.5,302.3333333333333,2105.5,814.6666666666667,3359.0218141001405,288.3333333333333,14.0,1621.6666666666667,483.8333333333333,117.16666666666669,253.0,41.0,403.5,0.0,0.0,136.52181410014032,0.0
320.0,739.5,1732.4519757152004,0.4268516590162423,49.0,0.3333333333333333,1.1666666666666667,47.5,122.0851836895624,0.3333333333333333,0.0,0.0,1.1666666666666667,0.0,27.83333333333333,0.3333333333333333,19.33333333333333,1.0046221383542435,0.0,33.40841797520091,38.67214357600725
321.0,542.0,1161.67648557357,0.4665670750255318,132.83333333333334,0.1666666666666666,2.0,130.66666666666669,189.75736118489957,0.1666666666666666,0.0,0.5,1.5,3.6666666666666665,115.16666666666669,0.0,11.833333333333334,0.0,0.0,28.58641588917276,28.33761196239341
322.0,579.6666666666666,1208.779107731655,0.4795472249304881,523.3333333333333,60.833333333333336,51.333333333333336,411.1666666666666,603.7325758012726,60.833333333333336,0.0,32.333333333333336,19.0,41.0,119.0,62.16666666666666,189.0,0.0,0.0,50.06139515036221,30.337847317576973
323.0,379.0,757.2200849621954,0.5005149857044822,223.0,53.333333333333336,78.83333333333333,90.83333333333334,268.50689306654067,53.333333333333336,0.0,5.0,73.83333333333333,6.666666666666667,12.5,8.666666666666666,63.0,0.0,0.0,25.50389799603052,20.00299507051018
324.0,638.5,1490.4507249779551,0.42839390078423684,606.8333333333333,171.33333333333331,62.0,373.5,692.596386513737,152.66666666666666,18.666666666666668,48.16666666666666,13.833333333333334,42.833333333333336,77.66666666666667,58.333333333333336,194.66666666666663,0.0,0.0,52.75811131406192,33.004941866341795
325.0,514.3333333648831,1106.578284269773,0.4647961564728245,0.0,0.0,0.0,0.0,49.618260749493324,0.0,0.0,0.0,0.0,0.0,0.0,0.0,0.0,0.0,0.0,23.114645071158616,26.5036156783347
326.0,0.0,0.0,0.0,4824.666666666666,211.5,1844.8333333333333,2768.333333333333,5032.078522936604,211.5,0.0,1453.0,391.8333333333333,322.3333333333333,517.0,262.1666666666667,1666.8333333333333,3.013866415062731,0.0,204.3979898548738,0.0
327.0,698.5,1508.5614331899449,0.4630239012030019,173.0,2.6666666666666665,32.83333333333333,137.5,250.1054405229545,2.6666666666666665,0.0,2.0,30.83333333333333,2.833333333333333,75.5,5.5,53.66666666666666,1.171544232862545,0.0,39.594936469078085,36.33895982101387
328.0,386.1666666666667,734.897767272742,0.5254699141348037,558.5,130.16666666666666,10.5,417.83333333333337,619.6899248903387,70.0,60.16666666666666,8.333333333333334,2.1666666666666665,7.0,18.5,20.666666666666668,371.6666666666667,0.0,0.0,41.02019903415704,20.16972585618172
329.0,932.6666666666666,1952.7916693461364,0.47760684424619465,393.5,73.83333333333333,34.66666666666667,285.0,499.8576064542948,71.5,2.333333333333333,23.666666666666668,11.0,22.83333333333333,150.0,14.833333333333334,97.33333333333331,0.0,0.0,57.85022584031535,48.50738061397941
330.0,470.5,1220.192657717286,0.38559484604685523,181.5,31.166666666666668,9.833333333333332,140.5,234.79194974902185,31.166666666666668,0.0,4.333333333333333,5.5,6.333333333333333,86.83333333333333,12.0,35.333333333333336,0.0,0.0,28.621624725262063,24.670325023759816
331.0,324.6666666666667,606.1042362108288,0.5356614378681455,412.83333333333337,0.3333333333333333,0.3333333333333333,412.1666666666667,461.0789263786749,0.3333333333333333,0.0,0.3333333333333333,0.0,0.1666666666666666,410.6666666666667,0.3333333333333333,1.0,0.0,0.0,31.243047235407943,17.002545809933654
332.0,400.83333340451566,843.661177953289,0.47511174376534915,148.00000002628272,6.666666667850573,14.33333333587873,127.00000002255342,192.2552558501855,6.666666667850573,0.0,9.66666666838333,4.666666667495401,10.666666668560916,33.50000000594913,14.166666669182467,68.6666666788609,0.0,0.0,23.25211099613722,21.003144827765553
333.0,976.6666666666666,2577.133116278978,0.37897408577669345,1066.1666666666663,150.83333333333334,224.16666666666669,691.1666666666666,1203.5501120039146,119.5,31.33333333333333,185.33333333333331,38.833333333333336,75.33333333333333,128.0,94.83333333333331,393.0,0.0,0.0,86.5425386931185,50.84090664412943
334.0,917.5,2354.8656287576264,0.3896188337863049,1210.1666666666663,568.6666666666666,79.33333333333333,562.1666666666666,1349.1414779965846,286.3333333333333,282.3333333333333,52.16666666666666,27.166666666666668,54.333333333333336,88.33333333333333,132.16666666666666,287.3333333333333,0.0,0.0,90.80089237502204,48.17391895489597
335.0,471.1666666666667,1095.4473857533935,0.43011346121623356,777.0,461.6666666666667,65.33333333333333,250.0,854.8812480133764,39.0,422.6666666666667,21.33333333333333,44.0,24.166666666666668,31.83333333333333,34.666666666666664,159.33333333333334,0.0,0.0,53.04414947986137,24.83709853351498
336.0,290.6666666666667,780.9605205280627,0.37219124274057586,160.66666666666669,5.166666666666667,6.666666666666666,148.83333333333334,195.79109138808408,5.166666666666667,0.0,3.6666666666666665,3.0,7.0,100.83333333333331,10.666666666666666,30.33333333333333,0.0,0.0,19.955062841943136,15.169361879474293
337.0,345.66666661932413,919.2506225020558,0.3760309301488138,443.6666666059019,3.9999999994521596,17.499999997603197,422.1666666088466,500.94437830612895,3.9999999994521596,0.0,6.833333332397439,10.666666665205758,6.833333332397439,306.33333329137787,71.49999999020736,37.499999994864,0.0,0.0,39.275016139233465,18.002695560993512
338.0,693.4999995366745,1660.9067656568368,0.41754300354265633,9.999999993319028,0.16666666655531706,0.0,9.83333332676371,75.80863904680349,0.16666666655531706,0.0,0.0,0.0,0.9999999993319028,1.6666666655531712,0.9999999993319028,6.166666662546734,0.0,0.0,29.80324795062124,36.00539110286322
339.0,1.6666666666666667,4.093252943086832,0.4071741203976973,824.0000000000001,58.833333333333336,70.5,694.6666666666667,858.978636579597,48.833333333333336,10.0,45.16666666666666,25.33333333333333,55.66666666666666,306.1666666666667,107.66666666666669,225.16666666666663,0.0,0.0,34.97863657959699,0.0
340.0,565.8333333333334,1132.0093327994969,0.4998486469488804,2786.833333333333,272.5,1772.6666666666663,741.6666666666666,2958.375160461353,197.0,75.5,1630.3333333333333,142.33333333333334,96.16666666666669,207.83333333333331,130.16666666666666,307.5,0.0,0.0,142.03742001973802,29.504407108282027
341.0,92.5,177.28014357513396,0.521773043131574,518.3333333333333,153.83333333333331,21.0,343.5,549.0464056457013,91.83333333333331,62.0,14.0,7.0,35.0,165.66666666666666,76.83333333333333,66.0,0.0,0.0,25.878926141699253,4.8341461706687205
342.0,238.5,613.6574026388959,0.3886533413829676,72.0,66.66666666666667,0.8333333333333334,4.5,97.3227846975873,1.6666666666666667,65.0,0.8333333333333334,0.0,0.1666666666666666,2.333333333333333,1.0,1.0,0.0,0.0,13.320987655281192,12.001797042306109
343.0,150.66666666666666,385.6140685641613,0.39071880138521875,200.5,102.33333333333334,8.5,89.66666666666666,223.37940978664875,8.166666666666666,94.16666666666669,4.166666666666667,4.333333333333333,6.666666666666667,14.833333333333334,12.0,56.16666666666666,0.0,0.0,14.87821175844469,8.001198028204072
344.0,455.8333333333333,949.7436955827524,0.4799540501857598,465.0,89.16666666666667,60.66666666666666,315.16666666666663,529.1815387762163,83.0,6.166666666666667,39.16666666666666,21.5,45.0,34.5,56.5,179.16666666666666,0.0,0.0,40.17794469160407,24.003594084612217
345.0,266.8333333333333,523.6196888831599,0.509593773875211,54.0,0.6666666666666666,2.0,51.333333333333336,81.59496441514534,0.6666666666666666,0.0,1.0,1.0,2.333333333333333,5.0,29.666666666666668,14.333333333333334,0.0,0.0,13.59286786578821,14.002096549357129
346.0,418.3333333333333,639.2443713950917,0.654418485407012,132.83333333333331,27.333333333333336,3.833333333333333,101.66666666666666,178.68720575977733,0.1666666666666666,27.166666666666668,2.5,1.3333333333333333,1.8333333333333333,69.33333333333333,20.83333333333333,9.666666666666666,0.0,0.0,23.850577848882818,22.0032945775612
347.0,743.3333333333334,1168.0427933897893,0.6363922088642813,328.66666666666663,167.66666666666666,15.666666666666666,145.33333333333331,412.7522183358054,166.16666666666666,1.5,8.166666666666666,7.5,20.0,16.333333333333332,31.83333333333333,77.16666666666667,0.0,0.0,45.41317294072733,38.67237872841141
348.0,215.16666716711893,414.7540675960846,0.5187813308600573,322.500000750097,105.33333357832626,6.833333349226861,210.33333382254386,368.2773299788013,4.166666676357843,101.16666690196843,5.833333346900979,1.0000000023258822,22.00000005116941,20.833333381789206,26.16666672752725,141.333333662058,0.0,0.0,34.44234853092942,11.33498069777479
349.0,243.0,484.3317410684159,0.5017222275458387,0.0,0.0,0.0,0.0,23.129279905739395,0.0,0.0,0.0,0.0,0.0,0.0,0.0,0.0,0.0,0.0,10.293978414530525,12.835301491208872
350.0,259.0,488.07759048125337,0.5306533326896269,19.83333333333333,6.333333333333333,1.3333333333333333,12.166666666666666,44.6481188088186,6.333333333333333,0.0,0.3333333333333333,1.0,1.1666666666666667,0.8333333333333334,1.5,8.666666666666666,0.0,0.0,11.812838679653652,13.001946795831616
351.0,2.833333333333333,8.578804001563268,0.3302713679922085,166.16666666666669,19.83333333333333,62.333333333333336,84.0,173.32925748829902,19.83333333333333,0.0,33.833333333333336,28.5,10.166666666666666,12.5,14.5,46.833333333333336,0.0,0.0,7.162590821632331,0.0
352.0,274.3333333333333,482.6333426505011,0.5684094095670298,278.5,1.1666666666666667,216.33333333333331,61.0,315.9237205972344,1.1666666666666667,0.0,3.333333333333333,213.0,1.6666666666666667,1.0,0.6666666666666666,57.66666666666666,0.0,0.0,23.421624047877263,14.002096549357129
353.0,611.6666519044267,1187.531758355305,0.5150739317924147,871.9999789547576,379.16665751568684,81.49999803304213,411.33332340602857,970.5292962051152,368.49999110645433,10.666666409232509,54.83333200996087,26.666666023081273,73.83333155140626,72.83333157554071,110.16666400785452,154.4999962712271,0.0,0.0,66.6880298166257,31.84128743373216
354.0,359.8333333333333,613.3062218500785,0.5867107172790005,164.66666666666669,49.0,20.166666666666668,95.5,205.89135176407387,49.0,0.0,14.0,6.166666666666667,10.166666666666666,7.5,18.0,59.833333333333336,0.0,0.0,22.22183978042252,19.002845316984672
355.0,113.66666666666669,205.23046894138903,0.5538488863421557,209.5,68.83333333333334,46.83333333333333,93.83333333333331,229.25717479588664,34.333333333333336,34.5,28.0,18.83333333333333,11.166666666666666,6.5,38.16666666666666,38.0,0.0,0.0,13.756318982397516,6.000855813489132
356.0,440.1666666666667,785.1948015969682,0.5605827570068393,136.66666666666666,27.5,15.666666666666666,93.5,186.76780402808996,13.833333333333334,13.666666666666666,12.666666666666666,3.0,16.0,9.5,22.5,45.5,0.0,0.0,27.09777851138536,23.003358850037912
357.0,50.5,127.62509703692068,0.39569019865576166,5.666666666666667,0.3333333333333333,1.0,4.333333333333334,11.04668515841349,0.3333333333333333,0.0,1.0,0.0,0.3333333333333333,1.0,0.6666666666666666,2.333333333333333,0.0,0.0,2.3795692311702976,3.000449260576527
358.0,106.0,193.085585407126,0.5489793542925343,204.16666666666663,151.83333333333331,32.83333333333333,19.5,223.30843164255205,29.5,122.33333333333331,32.666666666666664,0.1666666666666666,1.5,5.166666666666667,6.0,6.833333333333333,0.0,0.0,13.140866454732375,6.000898521153054
359.0,199.5,422.6965586516275,0.471969775756848,206.66666666666663,70.83333333333333,15.666666666666666,120.16666666666666,234.52534704897948,16.166666666666668,54.66666666666666,12.5,3.1666666666666665,22.0,5.333333333333333,35.666666666666664,57.16666666666666,0.0,0.0,17.357054641910565,10.501625740402254
360.0,420.3333333333333,694.8641133260552,0.6049144361785422,275.1666666666667,50.833333333333336,5.666666666666667,218.66666666666669,326.6477260639461,0.8333333333333334,50.0,5.5,0.1666666666666666,11.5,1.5,27.33333333333333,178.33333333333334,0.0,0.0,29.47780752738211,22.003251869897277
361.0,167.33333333333334,403.94558000037136,0.41424721947243365,299.5,0.1666666666666666,0.1666666666666666,299.1666666666667,328.2788829268347,0.1666666666666666,0.0,0.1666666666666666,0.0,0.0,298.8333333333333,0.1666666666666666,0.1666666666666666,0.0,0.0,19.77753514510508,9.001347781729581
362.0,330.6666666666667,652.8295697106275,0.5065130043255204,291.5,137.33333333333334,14.0,140.16666666666669,334.8613437439266,108.5,28.83333333333333,9.666666666666666,4.333333333333333,15.333333333333334,19.666666666666668,20.0,85.16666666666667,0.0,0.0,26.358797933992943,17.002545809933654
363.0,275.3333333333333,647.4254577052278,0.4252741841651403,0.0,0.0,0.0,0.0,27.667611421921308,0.0,0.0,0.0,0.0,0.0,0.0,0.0,0.0,0.0,0.0,13.498869567941432,14.168741853979872
364.0,2.0,4.809998142910012,0.4158005763366086,677.1666666666667,197.33333333333331,356.0,123.83333333333334,705.9395363380123,133.33333333333334,64.0,84.16666666666667,271.8333333333333,10.5,13.833333333333334,34.5,65.0,0.0,0.0,28.77286967134572,0.0
365.0,0.5,1.1395215876708091,0.4387806298799515,2044.6666666666667,6.833333333333333,973.3333333333334,1064.5,2132.2629138068546,6.5,0.3333333333333333,912.8333333333334,60.5,152.33333333333334,85.66666666666667,297.6666666666667,528.8333333333334,1.0046221383542435,0.0,86.59162500183318,0.0
366.0,92.0,236.4204265111185,0.3891372727714514,1162.0,125.66666666666669,457.3333333333333,579.0,1220.123982412945,114.0,11.666666666666666,366.0,91.33333333333331,65.0,52.833333333333336,122.0,339.1666666666667,0.0,0.0,53.12323364531738,5.000748767627544
367.0,0.0,0.0,0.0,30.83333333333333,1.8333333333333333,6.0,23.0,32.13931782381469,1.8333333333333333,0.0,4.166666666666667,1.8333333333333333,2.833333333333333,4.666666666666667,4.666666666666667,10.833333333333334,0.0,0.0,1.3059844904813602,0.0
368.0,510.0000078489484,884.8824660153052,0.5763477381866523,808.5000124428918,222.83333676275944,113.83333508523916,471.8333405948932,890.6941193071838,76.33333450811058,146.5000022546489,72.66666778501357,41.16666730022557,71.3333344311601,74.16666780809872,163.8333358547439,162.50000250089045,0.0,0.0,55.85679391587551,26.3373129484165
369.0,9.5,17.160345343361488,0.5536019124274263,1372.3333333333333,102.16666666666669,230.3333333333333,1039.8333333333333,1431.0405430741537,102.16666666666669,0.0,142.66666666666666,87.66666666666667,176.16666666666666,111.83333333333331,257.8333333333333,494.0,0.0,0.0,58.54056443619768,0.1666453046227463
370.0,97.83333333333331,187.06763367937745,0.5229837541058209,728.3333333333333,69.33333333333333,115.0,544.0,768.4987583749531,42.16666666666666,27.166666666666668,57.66666666666666,57.333333333333336,46.16666666666666,61.833333333333336,78.66666666666667,357.3333333333333,0.0,0.0,34.997988333026335,5.167436708593554
371.0,325.3333333333333,540.3743453095399,0.6020517742139928,1020.6666666666669,68.16666666666666,179.33333333333334,773.1666666666667,1094.708487072234,52.16666666666666,16.0,127.66666666666669,51.66666666666666,182.0,98.66666666666669,145.0,347.5,0.0,0.0,57.039274595633565,17.002545809933654
372.0,293.0,534.4581968537289,0.5482187413811684,1200.3333333333333,310.6666666666667,37.16666666666666,852.4999999999999,1278.600961020725,263.1666666666667,47.5,14.166666666666666,23.0,67.0,469.3333333333333,26.166666666666668,290.0,0.0,0.0,63.26538138450881,15.002246302882634
373.0,169.0,307.5452446637975,0.549512642228455,2177.5,282.5,164.5,1730.5,2285.911648415279,87.0,195.5,115.0,49.5,310.8333333333333,224.66666666666663,170.5,1024.5,0.0,0.0,99.41030063354953,9.001347781729581
374.0,296.3333333333333,614.9058471178381,0.48191659702423545,229.0,9.833333333333334,30.666666666666668,188.5,282.1106471903203,9.5,0.3333333333333333,27.5,3.1666666666666665,45.0,11.833333333333334,66.33333333333333,65.33333333333333,0.0,0.0,37.442866853191525,15.667780337128818
375.0,188.5,344.9178097035001,0.5465070074579196,1589.3333333333333,97.0,138.16666666666666,1354.1666666666663,1674.6526949968809,90.83333333333331,6.166666666666667,90.0,48.16666666666666,221.83333333333331,360.1666666666667,296.8333333333333,475.3333333333333,0.0,0.0,75.31786412829237,10.00149753525509
376.0,300.8333333333333,628.1231619452129,0.4789400416340212,265.0,23.33333333333333,32.333333333333336,209.33333333333331,304.8044321681855,23.33333333333333,0.0,21.0,11.333333333333334,30.666666666666668,28.666666666666668,41.833333333333336,108.16666666666669,0.0,0.0,23.968788226630227,15.835643941555269
377.0,771.5,1257.875751179548,0.6133356170325577,456.0,31.166666666666664,32.16666666666667,392.6666666666667,548.1625295019744,10.333333333333334,20.83333333333333,24.166666666666668,8.0,60.5,28.0,186.33333333333331,117.83333333333331,0.0,0.0,51.9897444727164,40.17278502925811
378.0,331.8333333333333,533.7180442948606,0.6217390190952715,64.83333333333333,3.8333333333333335,0.5,60.5,98.64051520614294,3.8333333333333335,0.0,0.5,0.0,1.0,54.16666666666666,1.5,3.8333333333333335,0.0,0.0,16.80463606287596,17.002545809933654
379.0,727.0,1634.4921122464027,0.44478648416408106,53.83333333333333,3.333333333333333,5.666666666666667,44.83333333333333,124.91853759777678,3.333333333333333,0.0,2.833333333333333,2.833333333333333,4.333333333333333,6.333333333333333,6.5,27.666666666666668,0.0,0.0,33.0795136304741,38.005690633969344
380.0,490.5,1179.0012447690117,0.41603009511334155,44.16666666666666,1.6666666666666667,4.5,38.0,92.98889419262892,1.6666666666666667,0.0,1.5,3.0,5.0,20.666666666666668,3.0,9.333333333333334,0.0,0.0,22.98493653125786,25.837290994704407
381.0,391.1666666666667,876.2607160308406,0.44640443136435126,48.0,20.166666666666664,3.0,24.833333333333336,86.77591605776115,17.333333333333332,2.833333333333333,2.0,1.0,4.333333333333333,4.166666666666667,2.833333333333333,13.5,0.0,0.0,18.606190201579423,20.16972585618172
382.0,161.5,392.7461366132285,0.4112071003235436,1.0,0.0,0.0,1.0,15.885655136753858,0.0,0.0,0.0,0.0,0.8333333333333334,0.0,0.1666666666666666,0.0,0.0,0.0,6.884457108549786,8.001198028204072
383.0,0.0,0.0,0.0,1996.6666666666663,103.0,1284.0,609.6666666666666,2081.2560486846924,88.66666666666667,14.333333333333334,1043.8333333333333,240.16666666666663,428.5,38.66666666666666,20.83333333333333,121.66666666666669,0.0,0.0,84.58938201802567,0.0
384.0,7.0,17.470243430719986,0.40068130863540663,1040.5,150.5,552.8333333333333,337.1666666666667,1084.8783100541486,139.83333333333334,10.666666666666666,316.8333333333333,236.0,90.16666666666669,40.5,41.5,165.0,0.0,0.0,44.37831005414855,0.0
385.0,8.0,21.79062417612896,0.3671303738404971,440.3333333333333,63.66666666666666,200.83333333333331,175.83333333333331,459.32803038233465,60.66666666666666,3.0,173.83333333333334,27.0,22.166666666666668,27.166666666666668,24.666666666666668,101.83333333333331,0.0,0.0,18.99469704900126,0.0
386.0,7.0,17.088664737656647,0.40962825987069507,791.0000000000001,47.333333333333336,640.1666666666667,103.5,824.8079351489366,41.0,6.333333333333333,147.5,492.6666666666667,7.666666666666667,6.333333333333333,32.666666666666664,56.833333333333336,0.0,0.0,33.807935148936586,0.0
387.0,409.8333333333333,1086.6015668963148,0.3771698346652948,421.8333333333333,21.166666666666664,231.16666666666663,169.5,483.573800794723,9.5,11.666666666666666,203.0,28.166666666666668,74.66666666666667,7.666666666666667,6.666666666666667,80.5,0.0,0.0,40.23723713987075,21.50323032151893
388.0,0.0,0.0,0.0,108.16666666666669,17.0,22.5,68.66666666666667,112.74337565054738,17.0,0.0,10.666666666666666,11.833333333333334,7.0,32.5,14.833333333333334,14.333333333333334,0.0,0.0,4.576708983880718,0.0
389.0,174.83333333333334,294.3643227637906,0.5939352014259772,376.5,36.16666666666666,85.66666666666667,254.66666666666663,408.8620690554616,20.33333333333333,15.833333333333334,74.16666666666667,11.5,29.5,47.66666666666666,41.833333333333336,135.66666666666666,0.0,0.0,23.360721273732068,9.001347781729581
390.0,372.0,754.6962049129253,0.492913569166444,1087.6666666666663,252.8333333333333,99.33333333333334,735.5,1168.508240485848,51.66666666666666,201.16666666666663,65.5,33.833333333333336,124.33333333333331,95.5,133.33333333333334,382.3333333333333,0.0,0.0,61.83872850219648,19.002845316984672
391.0,77.0,156.1671168420678,0.4930615455869003,549.1666666666666,6.333333333333333,24.166666666666668,518.6666666666666,579.6948471906594,6.333333333333333,0.0,17.666666666666668,6.5,29.5,408.8333333333333,16.5,63.833333333333336,0.0,0.0,26.52758150989072,4.000599014102036
392.0,358.0,602.7869707036247,0.5939079930379246,1541.0,428.8333333333333,161.66666666666666,950.5,1640.2893111641545,96.83333333333331,332.0,106.83333333333331,54.833333333333336,171.5,152.5,226.33333333333331,400.1666666666667,0.0,0.0,80.4531111517926,18.836200012361925
393.0,384.5,694.646604310063,0.5535188650089107,858.3333333333333,85.33333333333333,74.16666666666667,698.8333333333333,931.1474843335268,73.33333333333333,12.0,46.333333333333336,27.83333333333333,116.0,47.5,150.66666666666666,384.6666666666667,0.0,0.0,52.64433957522249,20.16981142497088
394.0,25.166666666666668,42.39821093712524,0.5935785050927684,9306.666666666666,336.6666666666667,445.0,8525.0,9703.178557877263,125.66666666666669,211.0,268.8333333333333,176.16666666666666,1100.3333333333333,5843.0,483.0,1098.6666666666667,0.0,0.0,395.3450961524509,1.1667950581482551
395.0,203.83333333333331,321.176400912424,0.6346460473256037,877.5,71.83333333333334,89.33333333333334,716.3333333333333,934.133036422672,46.833333333333336,25.0,56.333333333333336,33.0,115.16666666666669,133.0,141.83333333333334,326.3333333333333,0.0,0.0,45.79820548835219,10.834830934319902
396.0,491.0,733.620256530745,0.6692835913799811,1792.1666666666663,267.8333333333333,166.83333333333331,1357.5,1926.75000508273,70.33333333333333,197.5,113.33333333333331,53.5,187.16666666666663,440.1666666666667,188.66666666666663,541.5,0.0,0.0,109.07978685277006,25.503551563293247
397.0,647.1666666666666,1465.7778063007506,0.4415175778243977,335.5,60.833333333333336,27.0,247.66666666666663,410.80201841749465,35.333333333333336,25.5,11.0,16.0,21.166666666666668,34.333333333333336,119.83333333333331,72.33333333333333,0.0,0.0,41.63030288792161,33.67171552957302
398.0,769.6666666666666,1311.7251043810536,0.5867591190380084,430.3333333333333,30.666666666666664,17.333333333333332,382.3333333333333,521.177704047035,27.83333333333333,2.833333333333333,11.5,5.833333333333333,173.5,63.5,35.333333333333336,110.0,0.0,0.0,50.838380572681366,40.00599014102036
399.0,558.3333333333334,1109.317042714469,0.5033126796349462,116.5,45.0,6.0,65.5,174.09347290539435,45.0,0.0,4.0,2.0,6.166666666666667,12.333333333333334,7.833333333333333,39.16666666666666,0.0,0.0,28.58913005315456,29.004342852239763
400.0,664.1666666666666,1212.1142574310609,0.5479406438748545,466.6666666666667,48.833333333333336,41.333333333333336,376.5,549.4121995110884,47.833333333333336,1.0,26.166666666666668,15.166666666666666,49.333333333333336,101.66666666666669,45.16666666666666,180.33333333333331,0.0,0.0,47.9071078254896,34.83842501893212
401.0,325.3333333333333,724.3654965871525,0.44912869934603605,77.83333333333333,14.5,2.333333333333333,61.0,111.9163765487281,0.1666666666666666,14.333333333333334,0.3333333333333333,2.0,11.333333333333334,35.333333333333336,2.1666666666666665,12.166666666666666,0.0,0.0,17.080497405461095,17.002545809933654
402.0,361.0,746.2442981457233,0.4837557900234777,88.0,2.0,2.166666666666667,83.83333333333333,126.19047349478991,2.0,0.0,1.0,1.1666666666666667,2.6666666666666665,3.6666666666666665,58.16666666666666,19.33333333333333,0.0,0.0,19.18762817780526,19.002845316984672
403.0,238.66666795889205,479.22876306203835,0.4980224192594958,19.83333344071799,0.0,0.0,19.83333344071799,43.120180320359744,0.0,0.0,0.0,0.0,4.000000021657409,0.0,2.0000000108287046,13.833333408231875,0.0,0.0,11.285049772353691,12.001797107288066
404.0,209.833333351717,412.9907489736144,0.5080824058969976,38.00000000332921,0.0,0.0,38.00000000332921,59.500017688477456,0.0,0.0,0.0,0.0,0.0,36.666666669879056,1.0000000000876108,0.3333333333625369,0.0,0.0,10.498370395403782,11.001647289744461
405.0,10.0,24.300120157731172,0.41152059887318965,1844.3333333333333,719.6666666666666,366.5,758.1666666666667,1923.8912994073803,621.6666666666666,98.0,300.6666666666667,65.83333333333333,99.16666666666669,6.166666666666667,70.83333333333333,582.0,0.0,0.0,78.55781632052164,1.000149753525509
406.0,2.0,3.78660795769033,0.5281772030130932,431.83333333333337,79.0,145.0,207.83333333333331,452.219250466124,61.5,17.5,143.83333333333334,1.1666666666666667,27.166666666666668,2.833333333333333,36.0,141.83333333333334,2.009244276708487,0.0,18.37667285608217,0.0
407.0,0.0,0.0,0.0,394.5,164.5,106.5,123.5,411.2131140074671,139.16666666666666,25.33333333333333,74.5,32.0,4.166666666666667,0.6666666666666666,3.8333333333333335,114.83333333333331,0.0,0.0,16.71311400746708,0.0
408.0,0.0,0.0,0.0,730.0,199.0,385.8333333333333,145.16666666666669,760.9268966170356,190.5,8.5,31.33333333333333,354.5,20.166666666666668,0.0,16.5,108.5,0.0,0.0,30.92689661703564,0.0
409.0,148.16666666666666,359.23277488707663,0.4124530862008408,1062.8333333333333,82.83333333333333,665.8333333333333,314.16666666666663,1121.803253721231,65.33333333333333,17.5,351.8333333333333,314.0,43.0,70.83333333333333,64.16666666666667,136.16666666666666,0.0,0.0,51.30171379610949,7.6682065917882944
410.0,151.83333333333334,395.8563164056927,0.3835566771093964,170.33333333333334,43.16666666666666,19.0,108.16666666666669,191.98321250212013,43.16666666666666,0.0,13.0,6.0,16.666666666666668,16.0,20.5,55.0,0.0,0.0,13.648681140582758,8.001198028204072
411.0,330.1666666666667,898.395772408527,0.36750692379319233,106.0,11.333333333333334,19.0,75.66666666666666,141.8141655394868,11.333333333333334,0.0,14.5,4.5,9.333333333333334,16.833333333333332,13.166666666666666,36.333333333333336,0.0,0.0,18.81161972955314,17.002545809933654
412.0,104.0,207.94018563018625,0.5001438259027049,730.6666666666667,42.0,8.0,680.6666666666667,771.6952808976534,37.16666666666666,4.833333333333333,4.0,4.0,1.6666666666666667,5.833333333333333,3.8333333333333335,669.3333333333334,0.0,0.0,35.6944893730649,5.334124857921831
413.0,179.33333333333334,362.6986366021321,0.4944417078966189,473.6666666666667,56.16666666666666,63.16666666666666,354.33333333333337,510.3336798169879,44.16666666666666,12.0,40.16666666666666,23.0,55.0,48.0,68.5,182.83333333333331,0.0,0.0,27.665665368591693,9.001347781729581
414.0,74.0,148.0631882582938,0.49978661725768203,214.5,28.166666666666664,73.33333333333334,113.0,230.7236426476992,22.33333333333333,5.833333333333333,5.166666666666667,68.16666666666667,13.5,42.66666666666666,16.666666666666668,40.16666666666666,0.0,0.0,12.223043633597172,4.000599014102036
415.0,419.6666666666667,1099.1094821751128,0.3818242617979747,93.66666666666666,5.833333333333333,11.166666666666666,76.66666666666666,137.41747836559702,5.833333333333333,0.0,7.833333333333333,3.333333333333333,9.0,11.0,12.0,44.66666666666666,0.0,0.0,21.747517121369167,22.0032945775612
416.0,451.0,944.1503749294534,0.4776781453205466,31.5,7.166666666666667,3.1666666666666665,21.166666666666664,75.61132227202714,7.166666666666667,0.0,2.1666666666666665,1.0,1.8333333333333333,2.6666666666666665,2.6666666666666665,14.0,0.0,0.0,20.441189846498364,23.670132425528774
417.0,545.6666666666666,1349.7394518672409,0.4042755554872363,504.5,102.5,36.333333333333336,365.6666666666667,577.3238603379101,68.5,34.0,22.0,14.333333333333334,37.16666666666666,51.333333333333336,81.66666666666667,195.5,0.0,0.0,44.48620558011236,28.337654757797697
418.0,413.3333333333333,1027.7803601622184,0.40216115169596683,140.50000000000003,2.5,1.3333333333333333,136.66666666666669,185.4662373760208,2.5,0.0,0.3333333333333333,1.0,0.8333333333333334,35.333333333333336,11.0,89.5,0.0,0.0,23.463007054501837,21.50323032151893
419.0,522.0,987.0493662730928,0.5288489287734117,29.000000000000004,0.1666666666666666,0.0,28.833333333333336,79.34732974974361,0.1666666666666666,0.0,0.0,0.0,7.166666666666667,1.3333333333333333,13.333333333333334,7.0,0.0,0.0,23.343286404554863,27.004043345188744
420.0,153.16666666666666,337.16919303852177,0.4542724241391985,157.0,0.0,0.3333333333333333,156.66666666666666,178.14151353088417,0.0,0.0,0.3333333333333333,0.0,0.0,156.16666666666666,0.0,0.5,0.0,0.0,13.140315502680105,8.001198028204072
421.0,108.0,236.711148179906,0.45625227552830544,61.0,0.0,2.0,59.0,74.16063609351198,0.0,0.0,2.0,0.0,15.666666666666666,11.333333333333334,9.5,22.5,0.0,0.0,7.159737572358934,6.000898521153054
422.0,0.0,0.0,0.0,5217.333333333333,224.0,3489.0,1504.3333333333333,5438.363325871143,224.0,0.0,3419.833333333333,69.16666666666667,529.0,426.8333333333333,257.3333333333333,291.1666666666667,0.0,0.0,221.0299925378092,0.0
423.0,37.0,76.84010056986274,0.4815194114219012,652.5,129.66666666666666,180.5,342.33333333333337,683.7150827514627,128.66666666666666,1.0,72.33333333333333,108.16666666666669,44.5,34.333333333333336,58.333333333333336,205.16666666666663,0.0,0.0,29.21478324441155,2.000299507051018
424.0,44.66666666666666,109.90916899059324,0.40639618220104573,520.6666666666667,165.33333333333334,134.0,221.3333333333333,547.1126923992451,164.33333333333334,1.0,121.66666666666669,12.333333333333334,21.5,19.83333333333333,65.83333333333333,114.16666666666669,0.0,0.0,23.94559788333872,2.500427849239791
425.0,147.0,356.91806858455567,0.4118592274775099,796.8333333333334,228.16666666666669,73.33333333333333,495.33333333333337,845.9881138346575,213.83333333333331,14.333333333333334,46.0,27.33333333333333,60.333333333333336,53.0,82.33333333333333,299.6666666666667,0.0,0.0,41.32018507007896,7.834595431245248
426.0,189.66666666666663,461.9015086750069,0.410621448738579,654.3333333333334,91.0,76.16666666666666,487.1666666666667,704.0911054990975,90.33333333333331,0.6666666666666666,41.66666666666666,34.5,76.16666666666667,42.66666666666666,187.83333333333331,180.5,0.0,0.0,39.75627463050901,10.00149753525509
427.0,112.0,278.38514680046296,0.402320315172123,501.33333333333337,81.5,42.0,377.83333333333337,533.3170366672309,46.833333333333336,34.666666666666664,25.33333333333333,16.666666666666668,54.16666666666666,98.0,72.83333333333333,152.83333333333334,0.0,0.0,25.9828048127446,6.000898521153054
428.0,62.5,145.63096601585468,0.429166967094043,395.5,44.333333333333336,59.33333333333333,291.83333333333337,418.5700591836641,44.333333333333336,0.0,32.0,27.33333333333333,45.833333333333336,32.833333333333336,65.5,147.66666666666666,0.0,0.0,20.06960992308758,3.000449260576527
429.0,158.5,391.0238364588743,0.4053461329503122,571.8333333333333,84.83333333333333,62.333333333333336,424.6666666666666,610.7750113196213,84.83333333333333,0.0,37.833333333333336,24.5,55.0,79.66666666666667,75.83333333333333,214.16666666666663,0.0,0.0,30.94047995808404,8.001198028204072
430.0,390.0,974.824994179497,0.40007181014912335,0.0,0.0,0.0,0.0,36.525032563006576,0.0,0.0,0.0,0.0,0.0,0.0,0.0,0.0,0.0,0.0,16.5220374924964,20.00299507051018
431.0,241.0,627.137476931611,0.3842857568951838,49.16666666666666,1.0,5.5,42.66666666666666,74.46166749283746,1.0,0.0,1.6666666666666667,3.8333333333333335,2.833333333333333,5.666666666666667,4.333333333333333,29.83333333333333,0.0,0.0,12.293054030339176,13.001946795831616
432.0,882.8333333333334,1626.0032386296243,0.5429468480501765,443.6666666666666,70.33333333333334,37.16666666666666,336.16666666666663,545.8707019340786,41.833333333333336,28.5,28.5,8.666666666666666,30.5,68.83333333333333,48.16666666666666,188.66666666666663,0.0,0.0,56.19714660523863,46.00688866217342
433.0,390.4999998441043,865.0021429392227,0.451443968123836,379.49999984849575,12.833333328210001,19.33333332561506,347.3333331946707,434.4569521758154,12.833333328210001,0.0,14.166666661011039,5.166666664604026,16.66666666001299,158.33333327012338,61.3333333088478,110.99999995568649,0.0,0.0,34.62058117463385,20.336371152685764
434.0,325.0,964.2118458883298,0.33706285748914133,1489.6666666666663,725.5,171.0,593.1666666666666,1583.3843706702653,480.3333333333333,245.16666666666663,44.333333333333336,126.66666666666669,95.66666666666669,67.16666666666667,86.0,344.3333333333333,0.0,0.0,76.88188897933675,16.835815024262114
435.0,79.33333333333333,184.2956385805737,0.4304677741934134,363.6666666666666,20.666666666666668,33.833333333333336,309.16666666666663,386.4350484064023,20.666666666666668,0.0,21.0,12.833333333333334,33.333333333333336,27.666666666666668,55.16666666666666,193.0,0.0,0.0,18.767782725633623,4.000599014102036
436.0,598.8333333333334,1157.7269258463068,0.5172492061507353,647.5,73.0,45.5,529.0,732.473522099202,46.16666666666666,26.83333333333333,23.666666666666668,21.83333333333333,52.5,98.66666666666669,112.66666666666669,265.1666666666667,0.0,0.0,53.9688797399113,31.004642359290774
437.0,249.50000007206597,666.4044946448821,0.3743972348281071,4366.833334594658,41.50000001198693,15.666666671191852,4309.666667911478,4575.406687800175,1.6666666671480694,39.83333334483886,1.1666666670036487,14.500000004188204,13.166666670469747,4214.500001217323,21.666666672924904,60.333333350760114,0.0,0.0,195.57140640593124,13.001946799587119
438.0,251.33333333333331,548.7044794056134,0.4580486268411574,0.0,0.0,0.0,0.0,24.48545555537367,0.0,0.0,0.0,0.0,0.0,0.0,0.0,0.0,0.0,0.0,11.48346605187813,13.00198950349554
439.0,305.1666666666667,627.5857338438673,0.4862549452766672,1965.0,234.0,68.5,1662.5,2077.1787207602447,31.5,202.5,44.333333333333336,24.166666666666668,175.5,62.833333333333336,388.8333333333333,1035.3333333333333,0.0,0.0,96.1763247038366,16.002396056408145
440.0,172.0,359.9585543192424,0.47783278918121086,5222.833333333333,238.66666666666669,32.333333333333336,4951.833333333333,5460.387950755557,180.33333333333331,58.333333333333336,19.166666666666668,13.166666666666666,28.666666666666668,47.0,4444.333333333333,431.8333333333333,0.0,0.0,228.55326964049416,9.001347781729581
441.0,369.1666666666667,840.4828580211223,0.4392316430294038,427.6666666666666,189.16666666666663,35.166666666666664,203.3333333333333,481.92836828270447,63.833333333333336,125.33333333333331,21.5,13.666666666666666,17.166666666666668,37.0,27.83333333333333,121.33333333333331,0.0,0.0,34.92562986369454,19.336071752343297
442.0,268.6666666666667,566.4442091239818,0.4743038455316994,607.1666666666666,32.83333333333333,49.0,525.3333333333333,658.2734609411707,4.5,28.33333333333333,1.1666666666666667,47.833333333333336,3.0,1.8333333333333333,3.8333333333333335,516.6666666666666,0.0,0.0,37.10469772514698,14.002096549357129
443.0,596.1666666666666,1377.1438815864788,0.4329007844698687,739.8333333333333,111.16666666666666,19.666666666666668,608.9999999999999,832.7667420882361,9.833333333333334,101.33333333333331,18.5,1.1666666666666667,10.166666666666666,170.83333333333334,351.8333333333333,76.16666666666667,0.0,0.0,61.92876634631077,31.004642408592023
444.0,471.8333333333333,1170.6901438196248,0.4030386142945366,0.0,0.0,0.0,0.0,45.65947339816024,0.0,0.0,0.0,0.0,0.0,0.0,0.0,0.0,0.0,0.0,21.15572957645696,24.50374382170328
445.0,261.8333333333333,602.1457363968206,0.43483382428333317,0.0,0.0,0.0,0.0,24.59213909756928,0.0,0.0,0.0,0.0,0.0,0.0,0.0,0.0,0.0,0.0,11.090491797894964,13.501647299674318
446.0,334.6666666666667,845.4261041881142,0.395855610571732,216.0,52.5,9.166666666666666,154.33333333333334,262.83267672627403,10.166666666666666,42.333333333333336,9.166666666666666,0.0,6.0,18.0,87.66666666666667,42.66666666666666,0.0,0.0,29.663421267949747,17.169255458324283
447.0,495.3333333333333,1233.369324285154,0.4016099019005702,247.66666666666663,89.33333333333333,24.666666666666668,133.66666666666666,307.16528237273855,84.83333333333333,4.5,21.666666666666668,3.0,17.5,5.333333333333333,11.5,99.33333333333331,2.3432168659780763,0.0,31.48479585767604,25.670602982417744
448.0,1240.6666666666667,3049.9971336894464,0.4067763385619603,762.8333333333333,116.0,166.16666666666669,480.6666666666666,955.7084304600198,103.83333333333331,12.166666666666666,53.0,113.16666666666669,51.66666666666666,111.83333333333331,80.0,237.16666666666663,0.0,0.0,128.03200860001272,64.84308852667374
449.0,364.0,882.6688253797374,0.4123856983885227,0.0,0.0,0.0,0.0,43.773604826326384,0.0,0.0,0.0,0.0,0.0,0.0,0.0,0.0,3.850666262713328,0.0,21.086417830057812,18.83652073355524
450.0,767.5,1677.9971232705684,0.4573905338431528,275.16666666666663,18.5,124.5,132.16666666666666,366.53577466108976,18.5,0.0,11.0,113.5,8.0,83.83333333333333,16.666666666666668,23.666666666666668,2.009244276708487,0.0,49.18626622347162,40.17359749424299
451.0,19.5,50.14155606355857,0.3888989798258781,727.8333333333334,159.0,99.5,469.33333333333337,761.3316768023468,76.66666666666667,82.33333333333333,41.66666666666666,57.833333333333336,56.0,99.83333333333331,85.16666666666667,228.33333333333331,1.0046221383542435,0.0,31.660152779190263,0.8335685514689722
452.0,349.8333333333333,723.4251853597334,0.4835791460030158,39.833333333333336,3.5,3.0,33.333333333333336,109.72076516334624,3.5,0.0,3.0,0.0,3.1666666666666665,8.833333333333334,8.5,12.833333333333334,8.372105515720794,0.0,43.17854915402492,18.33677716026717
453.0,367.3333333333333,947.557169520854,0.3876635047984289,659.5,181.16666666666663,218.66666666666663,259.6666666666667,727.0351703698001,131.66666666666666,49.5,175.0,43.66666666666666,42.333333333333336,8.5,33.5,175.33333333333334,5.023110691771218,0.0,43.50921436104417,19.002845316984672
454.0,204.83333333333331,541.1652117144754,0.3785042513808253,331.8333333333333,15.166666666666668,230.16666666666663,86.5,366.24335479994807,4.333333333333333,10.833333333333334,216.5,13.666666666666666,0.5,32.0,9.5,44.5,1.0046221383542435,0.0,22.73706404362767,10.668335284632818
455.0,709.3333333333334,1864.694203698806,0.3804019618478463,873.0,157.0,115.33333333333334,600.6666666666666,976.8762505536708,79.83333333333333,77.16666666666667,61.833333333333336,53.5,66.33333333333333,92.33333333333331,97.66666666666669,344.3333333333333,0.0,0.0,67.03763297495935,36.8386175787114
456.0,196.83333333333331,532.1631053597189,0.36987406934248596,43.333333333333336,9.833333333333334,4.0,29.5,70.70407774744419,9.833333333333334,0.0,4.0,0.0,2.5,13.166666666666666,4.166666666666667,9.666666666666666,7.032354968479705,0.0,10.170289176375633,10.168100269255524
457.0,188.66666666666663,490.3965400445186,0.38472267086048223,511.8333333333333,129.33333333333331,52.66666666666667,329.8333333333333,563.0681082286359,102.83333333333331,26.5,38.833333333333336,13.833333333333334,36.0,65.5,37.66666666666666,190.66666666666663,11.719560496378216,0.0,29.680383546774543,9.83483085214976
458.0,236.5,687.7665396604522,0.34386668493171996,277.0,19.33333333333333,12.333333333333334,245.3333333333333,323.29375654845506,19.33333333333333,0.0,12.333333333333334,0.0,19.166666666666668,138.16666666666666,35.833333333333336,52.16666666666666,7.701713951017044,0.0,26.25695494588645,12.335087651551602
459.0,504.8333333333333,1272.6375070806632,0.39668273999827636,685.5,167.16666666666669,280.6666666666667,237.66666666666663,793.487878093925,72.66666666666667,94.5,94.83333333333331,185.83333333333331,22.0,10.666666666666666,12.833333333333334,192.16666666666663,5.356434134007261,17.2,59.0945376519586,26.3369063079591
460.0,368.5,959.9684146670444,0.38386679641726607,326.83333333333337,49.0,9.0,268.83333333333337,377.4829366367626,8.333333333333334,40.66666666666666,2.0,7.0,18.83333333333333,172.0,13.333333333333334,64.66666666666667,1.0046221383542435,0.0,30.64213584809035,19.002845316984672
461.0,478.0,1209.0693731453543,0.39534538763189303,214.83333333333331,9.5,16.166666666666668,189.16666666666669,307.6783602248691,9.5,0.0,16.166666666666668,0.0,31.33333333333333,9.333333333333334,67.16666666666667,81.33333333333333,8.038525861520808,0.0,59.96938066845343,24.837120361561507
462.0,1527.3333333333333,4244.524091962846,0.35983617956731406,286.5,38.5,19.0,229.0,445.4332455561149,38.5,0.0,19.0,0.0,23.5,41.333333333333336,48.0,116.16666666666669,2.342960654014134,0.0,77.07967250909321,79.51061239300756
463.0,362.3333333333333,1015.74635357568,0.35671635153582365,38.00000000000001,0.1666666666666666,0.1666666666666666,37.66666666666667,86.49860115262707,0.1666666666666666,0.0,0.0,0.1666666666666666,6.166666666666667,0.0,0.3333333333333333,31.166666666666668,6.196197128884909,0.0,23.29754944663097,19.004854577111196
464.0,442.0,1138.5669195497187,0.38820730903968514,146.16666666666669,21.0,21.5,103.66666666666669,198.93128883655464,12.666666666666666,8.333333333333334,6.833333333333333,14.666666666666666,14.833333333333334,12.5,16.333333333333332,60.0,2.8455253537541267,0.0,27.08238327071869,22.83671354541517
465.0,915.8333333333334,2002.620632753844,0.45731743614063963,133.83333333333334,51.0,27.833333333333336,55.0,227.81168452956535,15.333333333333334,35.666666666666664,16.166666666666668,11.666666666666666,8.833333333333334,8.666666666666666,10.333333333333334,27.166666666666668,1.1718004448264872,0.0,45.13308070643035,47.6734700449752
466.0,447.3333333333333,1083.7508377604918,0.4127640023399859,52.66666666666667,16.0,0.5,36.16666666666667,99.19769730572384,16.0,0.0,0.5,0.0,3.333333333333333,7.333333333333333,6.833333333333333,18.666666666666668,2.009244276708487,0.0,21.18498731945028,23.33679904289841
467.0,737.5,1947.1303902444968,0.3787625131295875,27.166666666666664,2.666666666666667,1.3333333333333333,23.166666666666664,101.40701944385764,1.6666666666666667,1.0,1.3333333333333333,0.0,5.5,0.0,5.333333333333333,12.333333333333334,1.0046221383542435,0.0,34.89679210328584,38.33893853555091
468.0,519.1666666666666,1412.6072926752083,0.36752370553281244,27.166666666666664,5.833333333333333,2.6666666666666665,18.666666666666664,77.47468739290771,2.6666666666666665,3.1666666666666665,2.6666666666666665,0.0,1.5,3.333333333333333,3.1666666666666665,10.666666666666666,0.1671783064722435,0.0,23.136777833139075,27.00406458662972
469.0,332.1666666666667,794.6538940303907,0.4180016849624389,0.8333333333333333,0.0,0.0,0.8333333333333333,34.28182046415078,0.0,0.0,0.0,0.0,0.0,0.5,0.1666666666666666,0.1666666666666666,1.6739811208915818,0.0,14.605122604090546,17.169383405835323
470.0,235.16666666666663,572.0088186252609,0.4111241977559981,222.16666666666669,2.6666666666666665,7.0,212.50000000000003,255.03709095895985,2.6666666666666665,0.0,2.1666666666666665,4.833333333333333,2.833333333333333,190.83333333333331,6.333333333333333,12.5,0.0,0.0,20.701981945364302,12.168442346928856
471.0,170.16666666666666,448.5315934391362,0.37938613278477457,96.5,0.1666666666666666,0.0,96.33333333333334,117.63478065030856,0.1666666666666666,0.0,0.0,0.0,0.1666666666666666,95.33333333333331,0.1666666666666666,0.6666666666666666,1.0046221383542435,0.0,11.295456034847485,8.834702477106836
472.0,313.8333333333333,827.2887476450728,0.37935162810648493,62.00000000000001,0.0,12.833333333333334,49.16666666666667,95.26278899287638,0.0,0.0,1.0,11.833333333333334,10.5,13.166666666666666,8.333333333333334,17.166666666666668,1.0046221383542435,0.0,15.922480188868498,16.335686665653636
473.0,604.8333333333334,1525.879093871957,0.39638352459404463,626.0,100.0,56.5,469.5,713.8169864512103,69.16666666666667,30.83333333333333,47.333333333333336,9.166666666666666,52.0,77.83333333333333,84.16666666666667,255.5,4.185666859889218,0.0,52.126484721554334,31.50483486976671
474.0,169.16666666666666,449.5633138746876,0.3762910839157587,55.5,9.833333333333334,4.333333333333333,41.33333333333333,74.03728585372872,9.833333333333334,0.0,4.333333333333333,0.0,3.6666666666666665,15.166666666666666,6.5,16.0,0.0,0.0,9.536087863976398,9.00119798975231
475.0,306.8333333333333,927.5503759835852,0.3307996431007466,9.166666666666668,1.0,0.3333333333333333,7.833333333333334,61.156749630630536,1.0,0.0,0.3333333333333333,0.0,0.6666666666666666,1.0,2.333333333333333,3.8333333333333335,22.099370445515344,0.0,14.055175524165,15.835536994283524
476.0,49.333333333333336,149.06476600290446,0.3309523414297118,0.0,0.0,0.0,0.0,31.046290192117787,0.0,0.0,0.0,0.0,0.0,0.0,0.0,0.0,26.621712289044023,0.0,2.0909877867772546,2.3335901162965107
477.0,120.66666666666669,365.7199131537138,0.32994283966142673,0.0,0.0,0.0,0.0,30.350245236105856,0.0,0.0,0.0,0.0,0.0,0.0,0.0,0.0,15.73869105785099,0.0,8.277322274471445,6.334231903783419
478.0,51.333333333333336,153.35896233219748,0.33472666059214706,0.0,0.0,0.0,0.0,28.053584954840357,0.0,0.0,0.0,0.0,0.0,0.0,0.0,0.0,9.54468271553314,0.0,15.841764982878468,2.6671372564287466
479.0,143.33333333333334,431.53433035834,0.3321481589061787,38.833333333333336,3.1666666666666665,0.0,35.66666666666667,64.39791861306357,3.1666666666666665,0.0,0.0,0.0,5.666666666666667,17.666666666666668,1.8333333333333333,10.5,3.3484829885637226,0.0,14.881763494982826,7.334338796183693
480.0,170.0,499.5428790529977,0.340311126689015,126.66666666666666,20.5,15.0,91.16666666666666,153.41751484399353,16.5,4.0,6.0,9.0,8.166666666666666,21.33333333333333,21.83333333333333,39.833333333333336,2.51180897644848,0.0,15.404294016107611,8.834745184770757
481.0,106.16666666666669,317.7364411902408,0.33413437334718776,9.0,0.0,7.166666666666667,1.8333333333333333,23.39993889056013,0.0,0.0,7.0,0.1666666666666666,0.8333333333333334,0.0,0.1666666666666666,0.8333333333333334,4.018488553416974,0.0,4.880637450514949,5.500812886628203
482.0,103.66666666666669,286.3832741674245,0.3619857583095492,0.0,0.0,0.0,0.0,18.741524395239075,0.0,0.0,0.0,0.0,0.0,0.0,0.0,0.0,3.182207476371335,0.0,10.05833299882129,5.5009839200464485
483.0,123.33333333333331,355.8555898941415,0.34658253751197793,0.0,0.0,0.0,0.0,20.240504840829068,0.0,0.0,0.0,0.0,0.0,0.0,0.0,0.0,2.511552764484538,0.0,11.56140825056873,6.167543825775801
484.0,365.6666666666667,1085.4187795102105,0.3368899392284993,259.3333333333333,18.0,18.33333333333333,223.0,321.80376595865994,18.0,0.0,18.33333333333333,0.0,34.166666666666664,15.166666666666666,65.0,108.66666666666669,3.851952255000532,0.0,39.44862664880343,19.169853721522617
485.0,293.0,917.8940304159328,0.31920896126454873,23.666666666666668,0.3333333333333333,0.8333333333333333,22.5,57.603446997332014,0.3333333333333333,0.0,0.6666666666666666,0.1666666666666666,1.8333333333333333,2.1666666666666665,1.1666666666666667,17.333333333333332,3.181430517626833,0.0,15.58630853417777,15.169041278860746
486.0,81.16666666666667,202.09330885230216,0.40162965873346407,0.0,0.0,0.0,0.0,43.55405941692074,0.0,0.0,0.0,0.0,0.0,0.0,0.0,0.0,25.11477650011159,0.0,14.43868390270712,4.000599014102036
487.0,126.33333333333331,316.8419375525962,0.39872667838474446,0.0,0.0,0.0,0.0,30.915227985117813,0.0,0.0,0.0,0.0,0.0,0.0,0.0,0.0,13.395088395781055,0.0,10.852403318805974,6.667736270530782
488.0,121.83333333333331,310.18465394473327,0.39277679209443034,0.0,0.0,0.0,0.0,34.89507739585254,0.0,0.0,0.0,0.0,0.0,0.0,0.0,0.0,14.734327107636291,0.0,13.82651838443283,6.334231903783419
489.0,168.33333333333334,457.9368777019232,0.3675906910535028,35.166666666666664,22.83333333333333,5.0,7.333333333333334,54.46120406299218,13.666666666666666,9.166666666666666,0.1666666666666666,4.833333333333333,0.0,0.6666666666666666,1.1666666666666667,5.5,1.0046221383542435,0.0,9.288567476241688,9.001347781729581
490.0,107.5,286.5199539025673,0.3751920190401677,229.5,19.666666666666664,37.5,172.33333333333334,255.09738375328823,17.833333333333332,1.8333333333333333,30.666666666666668,6.833333333333333,12.166666666666666,110.16666666666669,9.166666666666666,40.833333333333336,1.0046221383542435,0.0,18.758465690739754,5.83429592419423
491.0,232.66666666666663,556.4523096635256,0.41812508030985623,154.0,48.833333333333336,11.166666666666666,94.0,186.39471558518864,48.833333333333336,0.0,11.166666666666666,0.0,6.166666666666667,33.333333333333336,11.833333333333334,42.66666666666666,3.849889507727467,0.0,16.5424302070923,12.002395870368892
492.0,166.83333333333334,417.1068512465815,0.3999774466296318,0.0,0.0,0.0,0.0,19.083473399272933,0.0,0.0,0.0,0.0,0.0,0.0,0.0,0.0,3.013866415062731,0.0,7.068259202480618,9.001347781729581
493.0,138.16666666666666,328.5442277132948,0.4205420610440256,72.83333333333334,9.333333333333334,19.0,44.5,110.48028030796895,9.333333333333334,0.0,3.1666666666666665,15.833333333333334,3.8333333333333335,12.0,6.0,22.666666666666668,9.210582314552596,0.0,21.101769245272237,7.334595414810799
494.0,471.6666666666667,1129.443048460588,0.41760996033358255,336.6666666666667,55.333333333333336,23.33333333333333,258.0,407.5296053962141,55.333333333333336,0.0,23.33333333333333,0.0,27.666666666666668,63.833333333333336,55.833333333333336,110.66666666666669,6.1946600874359055,0.0,40.16498344507367,24.503295197037747
495.0,213.66666666666663,542.743162941791,0.39367914928406444,156.66666666666666,37.833333333333336,10.166666666666666,108.66666666666666,211.16077700898435,37.833333333333336,0.0,10.166666666666666,0.0,10.166666666666666,39.333333333333336,14.833333333333334,44.333333333333336,2.5124555587643926,0.0,40.97998589150812,11.001668892045156
496.0,595.6666666666666,1765.6488275878992,0.3373641787423964,264.6666666666667,34.666666666666664,13.0,217.00000000000003,416.9633662646556,34.666666666666664,0.0,13.0,0.0,15.5,140.83333333333334,16.333333333333332,44.333333333333336,0.6700055648532514,0.0,120.62269286943013,31.00400116370553
497.0,683.8333333333334,1588.89298988075,0.430383504545927,125.5,32.5,31.666666666666668,61.33333333333333,195.45774675619532,23.33333333333333,9.166666666666666,3.1666666666666665,28.5,5.833333333333333,4.833333333333333,10.0,40.66666666666666,0.0,0.0,34.285603530858616,35.672143225336754
498.0,726.8333333333334,1425.6872143833125,0.5098126194866162,52.0,17.166666666666664,4.333333333333333,30.5,123.0013495005434,10.666666666666666,6.5,2.5,1.8333333333333333,1.0,3.8333333333333335,2.5,23.166666666666668,0.0,0.0,32.99565886657406,38.005690633969344
499.0,535.5,1313.5115297860928,0.40768580089069106,282.1666666666667,149.0,2.833333333333333,130.33333333333334,346.65562760327964,83.0,66.0,2.833333333333333,0.0,15.166666666666666,89.66666666666667,5.333333333333333,20.166666666666668,2.009244276708487,0.0,34.642211726938164,27.837504932966272
500.0,914.1666666666666,1944.148335770237,0.4702144634989953,262.66666666666663,115.66666666666666,7.833333333333334,139.16666666666666,408.8582204708304,44.16666666666666,71.5,3.8333333333333335,4.0,15.833333333333334,9.833333333333334,48.16666666666666,65.33333333333333,0.0,0.0,98.51842608364645,47.67312772051733
501.0,363.8333333333333,784.4488551397394,0.4638075904496299,51.0,0.5,0.0,50.5,88.58188142028816,0.5,0.0,0.0,0.0,0.0,50.333333333333336,0.0,0.1666666666666666,1.0046221383542435,0.0,17.57441396494924,19.002845316984672
502.0,567.5,1523.2830024977632,0.3725506022646198,756.1666666666666,97.66666666666666,124.0,534.5,841.9136807643789,62.16666666666666,35.5,55.0,69.0,43.0,153.83333333333334,21.83333333333333,315.8333333333333,0.0,0.0,56.07594030632488,29.67107379138736
503.0,736.5,1749.2173939747188,0.4210454358257111,194.33333333333331,39.0,12.833333333333334,142.5,271.7740501167676,39.0,0.0,9.833333333333334,3.0,15.5,5.166666666666667,17.166666666666668,104.66666666666669,0.0,0.0,39.43502614946491,38.005690633969344
504.0,505.33333333998456,1169.318385426026,0.43216059854893407,455.3333333393265,9.6666666667939,13.000000000171108,432.6666666723614,524.5368120585,9.6666666667939,0.0,7.833333333436436,5.166666666734671,19.333333333587795,318.00000000418555,15.000000000197431,80.33333333439069,0.0,0.0,42.86623041535201,26.337248303821593
505.0,770.8333333333334,1705.275392651488,0.4520286498327903,514.3333333333333,88.16666666666666,57.16666666666666,369.0,608.9392184704582,52.66666666666666,35.5,46.66666666666666,10.5,47.333333333333336,35.833333333333336,86.33333333333333,199.5,0.0,0.0,54.43297176569272,40.17291337143214
506.0,657.0,2117.0310535436606,0.3103402753116254,10.5,0.5,2.0,8.0,77.2857777175649,0.0,0.5,0.0,2.0,0.6666666666666666,0.1666666666666666,3.0,4.166666666666667,0.0,0.0,32.61404079307484,34.171736924490055
507.0,115.66666666666669,342.0640394858694,0.3381433103594184,174.5,20.5,0.5,153.5,193.79250448627872,11.166666666666666,9.333333333333334,0.5,0.0,1.1666666666666667,91.83333333333331,33.333333333333336,27.166666666666668,0.0,0.0,13.291605965125653,6.000898521153054
508.0,437.5,1147.9830285037965,0.3811031950273759,56.5,0.8333333333333334,1.0,54.66666666666666,100.1007470049052,0.8333333333333334,0.0,0.1666666666666666,0.8333333333333334,1.3333333333333333,2.6666666666666665,1.5,49.16666666666666,0.0,0.0,20.930849813950733,22.669897190954472
509.0,432.8333333333333,1129.132276823227,0.38333270797208485,91.5,13.166666666666666,15.166666666666668,63.16666666666666,136.38471324049345,13.166666666666666,0.0,12.333333333333334,2.833333333333333,3.8333333333333335,8.166666666666666,5.0,46.16666666666666,0.0,0.0,22.214644999701004,22.67006824079242
510.0,477.8333333333333,1086.6628684055174,0.4397254633670035,0.0,0.0,0.0,0.0,45.24733097798389,0.0,0.0,0.0,0.0,0.0,0.0,0.0,0.0,0.0,0.0,20.243587139846163,25.003743838137726
511.0,408.0,945.4508113654388,0.431540165913823,298.6666666666667,10.5,6.833333333333333,281.33333333333337,351.10755123380704,10.5,0.0,0.0,6.833333333333333,0.1666666666666666,192.33333333333331,26.33333333333333,62.5,0.0,0.0,31.437739743104643,21.00314482403569
512.0,454.83333342033427,1020.76617193825,0.4455803355597964,380.1666667393854,47.6666666757844,24.166666671289292,308.33333339231166,439.54498234531275,23.16666667109801,24.500000004686385,13.833333335979388,10.333333335309904,25.666666671576213,43.83333334171782,47.500000009085845,191.33333336993175,0.0,0.0,35.37476422438773,24.003551381539715
513.0,587.8333333333334,1320.6569821497612,0.4451067470801238,0.0,0.0,0.0,0.0,59.24303053225205,0.0,0.0,0.0,0.0,0.0,0.0,0.0,0.0,0.0,0.0,28.57182836582177,30.67120216643028
514.0,219.66666666666663,663.7635624660019,0.3309411348983442,361.0,131.0,11.333333333333334,218.66666666666663,400.2654384498406,20.5,110.5,8.333333333333334,3.0,18.5,47.16666666666666,28.166666666666668,124.83333333333331,0.0,0.0,27.93035096819951,11.335087481641096
515.0,353.3333333333333,926.9194702788308,0.3811909714519704,98.16666666666666,4.5,3.333333333333333,90.33333333333331,136.80181244598737,4.5,0.0,2.333333333333333,1.0,6.333333333333333,15.166666666666666,37.0,31.83333333333333,1.0046221383542435,0.0,19.127870768736773,18.50265287222969
516.0,415.1666666666667,996.4159627405348,0.41665999160109346,676.8333333333334,17.666666666666668,23.666666666666668,635.5,745.0995952357036,17.666666666666668,0.0,16.666666666666668,7.0,27.666666666666668,200.5,117.83333333333331,289.5,0.0,0.0,46.26296732480916,22.0032945775612
517.0,624.1666666666666,1539.4517275336686,0.4054473781172952,140.83333333333334,0.0,1.3333333333333337,139.5,206.0809527257116,0.0,0.0,0.5,0.8333333333333334,1.8333333333333333,114.66666666666669,12.5,10.5,0.0,0.0,32.74274178207869,32.50487761029953
518.0,278.0,567.6015715794797,0.4897801801823807,652.0,200.66666666666669,37.66666666666667,413.6666666666667,705.9003533779891,59.833333333333336,140.83333333333334,23.666666666666668,14.0,41.0,46.5,46.5,279.6666666666667,0.0,0.0,39.39814986492569,14.502203513063314
519.0,184.16666666666663,323.1006171922799,0.5699978795059605,1030.5,364.5,113.83333333333334,552.1666666666667,1091.630315565193,293.3333333333333,71.16666666666667,52.0,61.833333333333336,98.5,70.5,103.16666666666669,280.0,0.0,0.0,51.46217274174995,9.668142823443388
520.0,711.8333333333334,1558.4304041204423,0.4567629914375822,0.0,0.0,0.0,0.0,67.15928496574378,0.0,0.0,0.0,0.0,0.0,0.0,0.0,0.0,0.0,0.0,30.15372270681736,37.00556225892642
521.0,453.0,1011.138089105264,0.44801002442787086,375.33333333333337,159.5,4.166666666666667,211.66666666666669,434.097085234225,138.33333333333334,21.166666666666668,3.0,1.1666666666666667,6.0,10.0,121.16666666666669,74.5,0.0,0.0,35.09370495641171,23.670046944479974
522.0,366.1666666666667,1063.1881658933964,0.34440438523784456,640.1666666666666,197.16666666666663,28.166666666666668,414.8333333333333,708.968129627508,159.66666666666666,37.5,21.0,7.166666666666667,42.0,70.5,90.83333333333331,211.5,1.0046221383542435,0.0,48.96017052173665,18.83667030075054
523.0,612.5,1371.111722962978,0.44671779092981934,40.833333333333336,8.0,3.8333333333333335,29.0,100.51683848376778,8.0,0.0,3.8333333333333335,0.0,3.0,0.0,6.166666666666667,19.83333333333333,0.0,0.0,27.67871303761817,32.00479211281629
524.0,478.0,1290.4950325371703,0.3704004958936036,3.0,1.1666666666666667,0.8333333333333333,1.0,48.381458467159305,1.1666666666666667,0.0,0.1666666666666666,0.6666666666666666,0.0,0.0,0.0,1.0,0.0,0.0,20.37771462902158,25.003743838137726
525.0,350.1666666666667,885.7147191977756,0.3953492688750002,57.0,0.3333333333333333,0.0,56.66666666666666,92.41866645613597,0.3333333333333333,0.0,0.0,0.0,0.0,56.66666666666666,0.0,0.0,0.0,0.0,17.24936829571799,18.169298160417984
526.0,413.6666666666667,970.6535948444064,0.4261733216297175,1469.8333333333337,304.8333333333333,91.16666666666666,1073.8333333333337,1571.294431502568,184.5,120.33333333333331,53.66666666666666,37.5,97.83333333333331,112.66666666666669,294.0,569.3333333333334,0.0,0.0,79.79117968196772,21.669918487266912
527.0,0.0,0.0,0.0,340.66666666666663,0.0,178.0,162.66666666666666,355.09996978009275,0.0,0.0,178.0,0.0,86.33333333333333,76.33333333333333,0.0,0.0,0.0,0.0,14.433303113426106,0.0
528.0,348.8333333333333,817.0771963880675,0.42692824481624175,0.0,0.0,0.0,0.0,32.78110269217383,0.0,0.0,0.0,0.0,0.0,0.0,0.0,0.0,0.0,0.0,14.778407128714669,18.002695563459163
529.0,314.8333333333333,661.9021511921957,0.475649358090567,97.5,3.8333333333333335,33.666666666666664,60.0,131.3047051416516,3.8333333333333335,0.0,3.8333333333333335,29.83333333333333,6.5,9.833333333333334,7.166666666666667,36.5,0.0,0.0,17.469061183661875,16.335643957989713
530.0,664.0,1552.7287135621782,0.42763426360338924,171.33333333333334,6.833333333333333,15.0,149.5,242.06131627938728,6.833333333333333,0.0,4.833333333333333,10.166666666666666,11.833333333333334,97.0,6.833333333333333,33.833333333333336,0.0,0.0,35.72274157266111,35.00524137339281
531.0,311.6666666666667,658.7284564411327,0.47313375279168435,85.83333333333333,29.0,6.0,50.83333333333333,120.34282269824908,29.0,0.0,4.0,2.0,5.666666666666667,8.333333333333334,8.666666666666666,28.166666666666668,0.0,0.0,18.50709330850761,16.002396056408145
532.0,0.0,0.0,0.0,2564.333333333333,1100.5,156.5,1307.3333333333337,2672.967841098798,603.8333333333334,496.6666666666667,92.16666666666669,64.33333333333333,156.33333333333334,226.0,191.33333333333331,733.6666666666666,0.0,0.0,108.63450776546487,0.0
533.0,124.66666666666669,281.85675538987726,0.4423050513521381,1100.0,459.0,92.16666666666666,548.8333333333334,1158.214946440237,176.5,282.5,62.16666666666666,30.0,81.66666666666667,118.0,88.66666666666667,260.5,0.0,0.0,51.88062896766465,6.334317472572575
534.0,3.0,5.298437362688161,0.5662046740660063,4304.5,145.66666666666666,203.16666666666669,3955.6666666666665,4494.983375745331,25.83333333333333,119.83333333333331,200.83333333333331,2.333333333333333,359.1666666666667,4.5,1174.3333333333333,2417.6666666666665,0.0,0.0,190.48337574533085,0.0
535.0,313.5,724.7981728383485,0.4325342029662095,2039.5,628.0,244.0,1167.5,2156.1874516913385,518.3333333333334,109.66666666666669,84.66666666666667,159.33333333333334,129.5,266.5,171.16666666666666,600.3333333333334,0.0,0.0,100.3515084947982,16.33594319654038
536.0,231.0,409.3768228692664,0.5642722965627425,1532.8333333333337,877.1666666666667,90.0,565.6666666666667,1621.7407261092292,648.8333333333334,228.33333333333331,48.16666666666666,41.833333333333336,67.0,133.5,96.0,269.1666666666667,2.009244276708487,0.0,74.72996217346004,12.168186325727296
537.0,708.0,1480.5497316624117,0.47820075534040557,866.8333333333333,193.0,49.0,624.8333333333333,973.7244119274706,191.66666666666663,1.3333333333333333,17.333333333333332,31.666666666666668,25.666666666666668,191.5,159.66666666666666,248.0,0.0,0.0,69.88543076642156,37.00564782771557
538.0,1309.0,2434.2502676982003,0.537742572064201,2604.666666666667,1166.6666666666667,204.5,1233.5,2838.9689904386387,891.0,275.6666666666667,98.33333333333331,106.16666666666669,136.0,258.8333333333333,205.83333333333331,632.8333333333334,0.1669220945083014,0.0,165.79406504146792,68.34133663599586
539.0,229.33333333333331,462.4909679200782,0.49586553952544166,64.83333333333333,0.0,15.833333333333332,49.0,97.33031456674335,0.0,0.0,3.6666666666666665,12.166666666666666,0.1666666666666666,0.5,2.1666666666666665,46.16666666666666,8.036977106833948,0.0,12.458207084269976,12.001797042306109
540.0,0.0,0.0,0.0,90.0,0.3333333333333333,2.0,87.66666666666667,93.81287799711424,0.3333333333333333,0.0,2.0,0.0,0.0,86.5,0.0,1.1666666666666667,0.0,0.0,3.812877997114225,0.0
541.0,0.0,0.0,0.0,3483.6666666666665,0.0,1374.0,2109.6666666666665,3631.253470937215,0.0,0.0,1374.0,0.0,279.8333333333333,1829.8333333333333,0.0,0.0,0.0,0.0,147.58680427054833,0.0
542.0,344.3333333333333,805.4317735975422,0.4275139678129828,98.16666666666666,37.83333333333333,5.833333333333334,54.5,136.75453383871732,12.5,25.33333333333333,3.0,2.833333333333333,7.166666666666667,9.166666666666666,5.666666666666667,32.5,1.0046221383542435,0.0,19.580549470237266,18.002695563459163
543.0,851.1666666666666,2221.419533386581,0.3831634024434154,280.66666666666663,12.333333333333334,16.5,251.8333333333333,372.6236405729831,12.333333333333334,0.0,9.333333333333334,7.166666666666667,16.5,98.83333333333331,28.83333333333333,107.66666666666669,0.0,0.0,47.950384751194015,44.00658915512239
544.0,532.6666666666666,1203.292428111362,0.44267432772158155,0.0,0.0,0.0,0.0,50.57053379488217,0.0,0.0,0.0,0.0,0.0,0.0,0.0,0.0,0.0,0.0,22.899716786462196,27.67081700841997
545.0,402.3333333333333,766.7610076609652,0.5247180403195868,205.83333333333331,6.666666666666667,0.6666666666666666,198.5,254.4360531409932,1.5,5.166666666666667,0.6666666666666666,0.0,2.6666666666666665,166.83333333333334,1.3333333333333333,27.666666666666668,0.0,0.0,27.43284419795264,21.16987560970723
546.0,441.5,1114.6867243081144,0.3960754087871988,30.0,0.0,1.0,29.0,73.14524242382181,0.0,0.0,1.0,0.0,3.1666666666666665,0.3333333333333333,21.33333333333333,4.166666666666667,0.0,0.0,20.141798092735097,23.00344433108671
547.0,429.1666666666667,1080.135574554461,0.3973266660008779,124.66666666666669,0.5,0.0,124.16666666666669,170.1333716586957,0.5,0.0,0.0,0.0,0.1666666666666666,123.66666666666669,0.1666666666666666,0.1666666666666666,0.0,0.0,23.46341041446776,22.0032945775612
548.0,376.1666666666667,807.8852420604348,0.4656189358123305,635.6666666666667,83.0,25.0,527.6666666666667,698.2004978038269,37.333333333333336,45.66666666666666,18.0,7.0,64.16666666666667,33.166666666666664,86.33333333333333,344.0,0.0,0.0,42.86429772573342,19.669533411426738
549.0,32.5,82.80242012501661,0.3925006050660223,2119.0,26.0,95.16666666666666,1997.8333333333333,2211.863112897968,5.0,21.0,92.33333333333331,2.833333333333333,18.33333333333333,2.5,1876.8333333333333,100.16666666666669,0.0,0.0,91.19627505000048,1.6668378479675754
550.0,108.0,238.24478388566243,0.4533152761566061,902.3333333333334,22.33333333333333,64.5,815.5,951.1371718879526,22.33333333333333,0.0,38.833333333333336,25.666666666666668,39.5,340.0,195.66666666666663,240.33333333333331,0.0,0.0,42.80294003346616,6.000898521153054
551.0,569.8333333333334,1218.2436684082852,0.4677498829752654,130.33333333333331,67.66666666666666,6.166666666666667,56.5,193.49644710609823,8.5,59.16666666666666,6.166666666666667,0.0,7.5,21.166666666666668,7.5,20.33333333333333,3.683102160149225,0.0,29.643895969153004,29.836115643462705
552.0,417.1666666666667,792.6020488468272,0.5263254962229923,228.16666666666669,42.66666666666666,38.16666666666666,147.33333333333334,280.2085320517871,14.166666666666666,28.5,11.666666666666666,26.5,13.833333333333334,22.166666666666668,38.333333333333336,73.0,3.0134823913878326,0.0,27.3589346742324,21.6694483195002
553.0,180.0,527.0498862462283,0.3415236483248328,1229.6666666666667,447.8333333333333,111.66666666666669,670.1666666666667,1298.3908466406458,400.8333333333333,47.0,68.66666666666667,43.0,90.0,125.0,123.66666666666669,331.5,0.0,0.0,59.72283219224959,9.001347781729581
554.0,313.8333333333333,751.9343981394131,0.4173679700115897,1710.6666666666667,550.5,135.33333333333331,1024.8333333333337,1812.6020802043563,389.3333333333333,161.16666666666666,80.83333333333333,54.5,118.16666666666669,119.5,200.66666666666663,586.5,0.0,0.0,85.76637217665869,16.16904136103089
555.0,147.83333333333334,297.6119627722916,0.4967318247433601,423.1666666666667,77.5,37.66666666666667,308.0,455.026145865469,30.0,47.5,22.166666666666668,15.5,35.666666666666664,30.0,61.833333333333336,180.5,0.0,0.0,24.19170012201779,7.667779076784551
556.0,314.1666666666667,618.0709130761542,0.5083019763914329,94.83333333333334,7.833333333333333,0.0,87.00000000000001,128.3293307168074,0.0,7.833333333333333,0.0,0.0,0.0,82.66666666666667,0.1666666666666666,4.166666666666667,0.0,0.0,17.326870541394364,16.169126842079685
557.0,326.0,545.8838410305007,0.5971966478886579,27.5,0.3333333333333333,1.1666666666666667,26.0,59.478675543457456,0.1666666666666666,0.1666666666666666,1.1666666666666667,0.0,8.833333333333334,2.333333333333333,6.166666666666667,8.666666666666666,0.0,0.0,14.976129733523798,17.002545809933654
558.0,176.0,406.99378651498256,0.4324390342836867,165.66666666666666,2.0,1.6666666666666667,162.0,192.9758457788899,2.0,0.0,1.6666666666666667,0.0,4.5,4.333333333333333,2.0,151.16666666666666,0.0,0.0,18.307831330493656,9.001347781729581
559.0,0.0,0.0,0.0,222.16666666666669,56.5,10.166666666666668,155.5,231.5789619279567,33.833333333333336,22.666666666666668,7.166666666666667,3.0,10.666666666666666,15.666666666666666,62.5,66.66666666666667,0.0,0.0,9.412295261290016,0.0
560.0,466.6666666666667,1055.3227004724536,0.4422028129004961,10.833333333333334,0.3333333333333333,1.0,9.5,55.066182264980185,0.3333333333333333,0.0,0.0,1.0,0.0,0.3333333333333333,0.1666666666666666,9.0,0.0,0.0,20.229254847034632,24.003594084612217
561.0,557.0,1220.097734083165,0.4565208052111942,336.0,16.833333333333332,30.166666666666668,289.0,402.8372021134461,16.833333333333332,0.0,15.833333333333334,14.333333333333334,21.666666666666668,106.0,29.33333333333333,132.0,0.0,0.0,37.83285926120629,29.004342852239763
562.0,197.66666666666663,463.0113332342976,0.42691539597075345,173.49999999999997,5.833333333333333,11.833333333333334,155.83333333333331,199.5605434574289,5.833333333333333,0.0,5.666666666666667,6.166666666666667,48.66666666666666,10.5,19.83333333333333,76.83333333333333,0.0,0.0,15.725498782041596,10.335044675387326
563.0,496.8333333333333,1090.9794781227135,0.45540117233758765,83.83333333333333,3.5,4.333333333333334,76.0,134.60362107931817,3.5,0.0,2.333333333333333,2.0,8.166666666666666,32.833333333333336,6.833333333333333,28.166666666666668,0.0,0.0,24.766394154321603,26.003893591663232
564.0,391.8333333333333,928.0231692187724,0.4222236538158698,8.0,0.0,0.0,8.0,45.27595495449227,0.0,0.0,0.0,0.0,2.0,0.0,1.0,5.0,0.0,0.0,16.93971198240052,20.33624297209175
565.0,288.5,633.009670479862,0.45575922999928015,197.66666666666669,0.3333333333333333,2.1666666666666665,195.16666666666669,233.2656302435965,0.3333333333333333,0.0,2.1666666666666665,0.0,0.8333333333333334,170.83333333333334,2.333333333333333,21.166666666666668,0.0,0.0,20.596717274047165,15.002246302882634
566.0,381.8333333333333,908.55354254514,0.4202650867044113,421.5,52.16666666666666,135.0,234.3333333333333,476.8712212940606,34.166666666666664,18.0,133.0,2.0,2.1666666666666665,2.0,104.83333333333331,125.33333333333331,0.0,0.0,35.368226223550465,20.00299507051018
567.0,252.16666666666663,646.2064815140999,0.3902261488863827,0.0,0.0,0.0,0.0,31.18607914825146,0.0,0.0,0.0,0.0,0.0,0.0,0.0,0.0,0.0,0.0,18.017187737925774,13.168891410325688
568.0,979.5,2300.844053739513,0.4257133369851987,556.3333333333333,80.0,16.666666666666668,459.6666666666666,758.4071131339269,20.5,59.5,9.333333333333334,7.333333333333333,15.166666666666666,22.33333333333333,160.16666666666666,262.0,0.0,86.0,65.06614237079276,51.00763742980096
569.0,243.33333333333331,577.5175910242007,0.42134358695774604,1161.3333333333333,233.3333333333333,45.5,882.5,1233.3446078221914,129.0,104.33333333333331,27.666666666666668,17.833333333333332,114.0,60.16666666666666,307.3333333333333,401.0,0.0,0.0,59.5096269480116,12.501647540846504
570.0,1212.0,2522.3808790764747,0.48049840928216697,1065.3333333333333,110.0,41.33333333333333,914.0,1226.991089749533,65.5,44.5,28.33333333333333,13.0,148.16666666666666,38.0,333.1666666666667,394.6666666666667,0.0,0.0,98.48178344970005,63.17597296649968
571.0,494.8333333333333,1259.52456270246,0.3928731110027815,284.3333333333333,5.166666666666667,20.666666666666664,258.5,343.53781984097856,5.166666666666667,0.0,4.333333333333333,16.333333333333332,11.166666666666666,109.16666666666669,47.333333333333336,90.83333333333331,0.5023084877760505,0.0,33.03142551955733,25.6707525003118
572.0,1079.0,2124.4955801381343,0.5078852646659042,1291.0,300.33333333333337,67.33333333333333,923.3333333333331,1447.4077928982208,197.83333333333331,102.5,9.333333333333334,58.0,17.666666666666668,29.166666666666668,421.5,455.0,0.0,0.0,100.39882970637592,56.00896319184505
573.0,342.8333333333333,800.8353532858163,0.4280946538220284,0.0,0.0,0.0,0.0,37.363941872111454,0.0,0.0,0.0,0.0,0.0,0.0,0.0,0.0,0.0,0.0,19.5278061979472,17.836135674164257
574.0,127.16666666666669,305.0384784109065,0.4168872967408557,0.0,0.0,0.0,0.0,23.91722520651455,0.0,0.0,0.0,0.0,0.0,0.0,0.0,0.0,6.6970918126628005,0.0,10.719234944004612,6.500898449847139
575.0,361.5,894.2058096620243,0.40426934839154444,398.1666666666666,79.5,91.83333333333331,226.8333333333333,468.7044269614997,45.5,34.0,75.33333333333333,16.5,31.5,24.166666666666668,21.0,150.16666666666666,3.34925280833048,0.0,48.35205100897491,18.83645647752772
576.0,9.166666666666666,20.02030305920892,0.45786852674291517,420.33333333333326,39.333333333333336,120.33333333333331,260.66666666666663,438.69645617224256,12.166666666666666,27.166666666666668,91.33333333333331,29.0,22.5,24.5,27.0,186.66666666666663,0.0,0.0,18.196477534286483,0.1666453046227463
577.0,1.0,2.531092049530643,0.3950863818585486,0.0,0.0,0.0,0.0,0.0423653110790469,0.0,0.0,0.0,0.0,0.0,0.0,0.0,0.0,0.0,0.0,0.0423653110790469,0.0
578.0,3.999999999718045,7.5764266563288745,0.5279533718414201,0.0,0.0,0.0,0.0,0.1694612443042426,0.0,0.0,0.0,0.0,0.0,0.0,0.0,0.0,0.0,0.0,0.1694612443042426,0.0
579.0,40.2,73.1,0.5499316005471957,0.0,0.0,0.0,0.0,3.483085394817661,0.0,0.0,0.0,0.0,0.0,0.0,0.0,0.0,0.0,0.0,1.482785887766643,2.000299507051018
580.0,1.999999999854081,5.065914321993953,0.39479546489188894,12.999999999051527,0.1666666666545067,0.1666666666545067,12.666666665742513,13.635479665190866,0.1666666666545067,0.0,0.1666666666545067,0.0,0.8333333332725338,3.999999999708162,0.9999999999270405,6.833333332834776,0.0,0.0,0.6354796661393399,0.0
581.0,9.0,19.724978971583123,0.456274250683151,0.0,0.0,0.0,0.0,0.3812877997114225,0.0,0.0,0.0,0.0,0.0,0.0,0.0,0.0,0.0,0.0,0.3812877997114225,0.0
3391.0,207.0,630.2182835694761,0.3284576239641579,0.0,0.0,0.0,0.0,27.364167424682734,0.0,0.0,0.0,0.0,0.0,0.0,0.0,0.0,3.0329591098313244,0.0,10.333354984478431,13.997853330372976
3392.0,580.8333333333334,1658.2741706879754,0.3502637522794922,166.33333333333334,31.666666666666668,13.666666666666666,121.0,245.98074939674132,27.666666666666668,4.0,13.666666666666666,0.0,0.0,65.66666666666667,9.0,46.333333333333336,2.0219727398875498,0.0,37.29833626662367,40.32710705689677
3382.0,313.0,977.8751377735626,0.3200817649507298,0.0,0.0,0.0,0.0,38.63234838350707,0.0,0.0,0.0,0.0,0.0,0.0,0.0,0.0,1.0109863699437749,0.0,15.62473535154862,21.99662666201468
2227.0,66.0,201.1019244356406,0.3281917872502619,0.0,0.0,0.0,0.0,8.127938434517855,0.0,0.0,0.0,0.0,0.0,0.0,0.0,0.0,0.0,0.0,3.2952602833578237,4.832678151160031
2236.0,45.16666666666666,120.7700899329626,0.373988846838964,0.0,0.0,0.0,0.0,11.826025561528406,0.0,0.0,0.0,0.0,0.0,0.0,0.0,0.0,6.40305598409423,0.0,2.256628159336729,3.166341418097446
2235.0,0.0,0.0,0.0,307.0,0.0,5.333333333333333,301.6666666666667,325.82485338945804,0.0,0.0,4.5,0.8333333333333334,301.5,0.0,0.0,0.1666666666666666,0.0,0.0,18.824853389458053,0.0
2226.0,0.0,0.0,0.0,0.0,0.0,0.0,0.0,0.0,0.0,0.0,0.0,0.0,0.0,0.0,0.0,0.0,0.0,0.0,0.0,0.0
2246.0,616.1666650954982,1557.594735524415,0.3955885642410351,372.16666571767587,7.499999980875689,7.166666648392325,357.49999908840783,474.0044809667329,0.0,7.499999980875689,7.166666648392325,0.0,331.1666658222221,15.833333292959788,10.499999973225965,0.0,1.0109863673658526,0.0,57.83342233374625,42.99340654794491
2253.0,1758.7378417490668,4415.7960929262035,0.3982833003920724,70.28493948902324,0.9646952478885542,5.099103453125216,64.22114078800948,285.4941518770919,0.0,0.9646952478885542,5.099103453125216,0.0,53.954027078338434,6.339425914696214,3.9276877949748283,0.0,1.7929219951691526,0.0,91.30409197625562,122.11219841664385
2252.0,1379.0481251011197,3472.56752424143,0.3971263670106366,3.5099121251397544e-05,0.0,0.0,3.5099121251397544e-05,166.24202127028357,0.0,0.0,0.0,0.0,3.5099121251397544e-05,0.0,0.0,0.0,1.6580279043817718,0.0,68.8415583802602,95.74239988652035
2273.0,337.34506831211206,809.3972464299113,0.4167855398570645,12.3332982342118,0.0,0.0,12.3332982342118,61.04041629097411,0.0,0.0,0.0,0.0,12.3332982342118,0.0,0.0,0.0,8.08788320539237,0.0,17.455297999155487,23.16393685221445
2250.0,1697.6666456226,4206.38726012322,0.40359257021258416,36.999999541352565,0.9999999876041233,0.0,35.99999955374844,241.40869170342918,0.0,0.9999999876041233,0.0,0.0,30.833332951127133,4.1666666150171805,0.9999999876041233,0.0,0.0,0.0,86.59347224293428,117.81521991914234
2251.0,429.5000000219635,1083.8539844339937,0.39627109019325646,211.00000001078996,3.83333333352936,14.333333334066301,192.83333334319428,272.9690468375858,0.0,3.83333333352936,14.333333334066301,0.0,164.66666667508727,24.33333333457767,3.83333333352936,0.0,0.0,0.0,31.973646831605528,29.99539999519026
2300.0,8.0,21.212252448022777,0.37714052383652874,0.0,0.0,0.0,0.0,1.3992033808311906,0.0,0.0,0.0,0.0,0.0,0.0,0.0,0.0,0.0,0.0,0.399356714375978,0.9998466664552126
2298.0,262.17621269214703,677.5925775418058,0.3869230882712428,0.0,0.0,0.0,0.0,32.509866322447834,0.0,0.0,0.0,0.0,0.0,0.0,0.0,0.0,0.9421442330162586,0.0,13.087760888819313,18.479961200612266
2264.0,27.33333333333333,73.57031247774876,0.3715266717346111,648.5,8.5,6.5,633.5,736.9626491318425,0.0,8.5,6.5,0.0,593.0,24.666666666666668,15.833333333333334,0.0,5.054931849718874,0.0,81.24133868706333,2.166378595060249
2295.0,488.0,1233.952294758282,0.3954772012443106,290.66666666666663,7.666666666666667,18.33333333333333,264.66666666666663,363.52924187237136,1.1666666666666667,6.5,4.833333333333333,13.5,238.66666666666663,10.5,12.0,3.5,0.0,0.0,38.86778854622748,33.99478665947723
2294.0,637.6666666666666,1609.0660206028197,0.3962961485121484,534.6666666666666,12.333333333333334,21.33333333333333,501.0,638.36220448323,1.3333333333333333,11.0,18.5,2.833333333333333,453.3333333333333,20.83333333333333,24.83333333333333,2.0,1.0109863699437749,0.0,58.52461286044039,44.15993858617918
2302.0,443.8141862154177,1114.2985822243822,0.3982901829862047,63.71435185640057,0.0,0.0,63.71435185640057,119.96526030607069,0.0,0.0,0.0,0.0,0.0,63.71435185640057,0.0,0.0,0.0,0.0,25.335449387960885,30.915459061709235
2301.0,651.3333333333334,1663.0400383028812,0.3916522262434606,0.0,0.0,0.0,0.0,77.50729904201464,0.0,0.0,0.0,0.0,0.0,0.0,0.0,0.0,0.0,0.0,32.514199051530056,44.99309999048457
2309.0,550.1666666666666,1425.195002604925,0.386029045612067,0.0,0.0,0.0,0.0,65.62473950588227,0.0,0.0,0.0,0.0,0.0,0.0,0.0,0.0,0.0,0.0,27.463969210042425,38.16077029583985
2312.0,563.0,1581.8738111055138,0.35590702371293437,0.0,0.0,0.0,0.0,68.10973513590653,0.0,0.0,0.0,0.0,0.0,0.0,0.0,0.0,1.0109863699437749,0.0,28.10472877420945,38.9940199917533
2344.0,783.3984618223088,2035.9122357190768,0.3847898981488342,1149.3822870791694,54.719279655556136,234.16638320766268,860.4966242159505,1309.6361675532555,25.682415734795267,29.03686392076087,20.672914479655454,213.49346872800717,654.5086811780387,93.09880916463541,50.79424914335599,62.09488472992034,1.7746454186535687,0.0,104.10845699970193,54.37077805573041
2290.0,0.0,0.0,0.0,0.0,0.0,0.0,0.0,5.223524484066863,0.0,0.0,0.0,0.0,0.0,0.0,0.0,0.0,5.223524484066863,0.0,0.0,0.0
2288.0,24.5,62.230019556296746,0.3937006636778562,275.0,6.0,4.833333333333333,264.1666666666667,291.6183079683831,0.0,6.0,4.833333333333333,0.0,239.66666666666663,10.833333333333334,13.666666666666666,0.0,0.0,0.0,14.95193402595323,1.6663739424298651
2332.0,110.74310746879853,280.65107332677724,0.39459356472816454,1092.7567244489694,24.21836538356062,239.30775745094857,829.2306016144602,1177.0167758517239,13.82895121685491,10.38941416670571,16.255934073336405,223.05182337761218,695.5249332286124,58.56264598609247,48.056453283784826,27.08656911597052,4.973343856803264,0.0,71.48606078807181,7.800646757879345
2336.0,1336.6666666666667,3345.013963594239,0.39959972700096286,422.1666666666666,28.5,76.16666666666666,317.5,604.9842417378926,15.666666666666666,12.833333333333334,20.5,55.66666666666666,220.16666666666663,43.0,20.166666666666668,34.166666666666664,2.190470392469709,0.0,87.80818008618262,92.81892459257358
2341.0,528.0,1266.071058838478,0.41703820359372173,191.66666666666669,4.5,70.0,117.16666666666669,265.5964671573159,3.333333333333333,1.1666666666666667,2.5,67.5,85.66666666666667,13.833333333333334,9.666666666666666,8.0,1.0109863699437749,0.0,35.92448746186256,36.99432665884287
2339.0,26.99999990801994,77.52600442742761,0.34827023664420553,158.83333279224078,3.6666666541755477,45.33333317889768,109.83333295916755,173.9939826445918,2.4999999914833277,1.1666666626922197,2.8333333236811047,42.49999985521657,92.49999968488314,8.166666638845538,5.499999981263321,3.6666666541755473,3.7069975592852176,0.0,9.287273705385733,2.1663785876801147
2343.0,0.0,0.0,0.0,778.0,36.5,205.66666666666669,535.8333333333334,838.5135274192202,28.666666666666668,7.833333333333333,20.33333333333333,185.33333333333331,356.6666666666667,62.5,59.333333333333336,57.333333333333336,0.0,0.0,60.51352741922008,0.0
2337.0,533.3333334501891,1494.0258575769471,0.35697731116592857,176.0000000385624,3.3333333340636813,3.833333334173234,168.83333337032548,248.5668011685533,0.0,3.3333333340636813,3.3333333340636813,0.5000000001095523,157.50000003450896,6.333333334720995,4.666666667689155,0.33333333340636817,0.0,0.0,35.4058031478574,37.16099798213348
2387.0,175.56398743429264,490.7292980077692,0.3577613730157051,291.7523197509048,4.414017526734041,4.414017526734041,282.92428469743675,327.317678311349,0.0,4.414017526734041,4.414017526734041,0.0,256.29779187487975,17.086519458325316,9.539973364231635,0.0,0.0,0.0,23.464296808293188,12.10106175215105
2389.0,0.0,0.0,0.0,0.0,0.0,0.0,0.0,0.0,0.0,0.0,0.0,0.0,0.0,0.0,0.0,0.0,0.0,0.0,0.0,0.0
2391.0,399.6666666666667,1237.0721913130772,0.3230746511587531,147.16666666666669,2.166666666666667,10.333333333333334,134.66666666666669,202.30414452868985,0.5,1.6666666666666667,1.5,8.833333333333334,121.5,5.666666666666667,6.5,1.0,0.0,0.0,27.308456463427053,27.82902139859613
2395.0,384.0,1159.420572369172,0.33119991929704196,0.0,0.0,0.0,0.0,46.16498228433768,0.0,0.0,0.0,0.0,0.0,0.0,0.0,0.0,0.0,0.0,19.169122290046943,26.99585999429074
2397.0,30.0,83.8934405992569,0.35759649128355964,0.0,0.0,0.0,0.0,3.830268883756321,0.0,0.0,0.0,0.0,0.0,0.0,0.0,0.0,0.0,0.0,1.497330507562838,2.3329383761934825
2402.0,132.0,368.9498518278585,0.3577721995172055,0.0,0.0,0.0,0.0,15.927132521375157,0.0,0.0,0.0,0.0,0.0,0.0,0.0,0.0,0.0,0.0,6.594370628586929,9.332761892788229
2409.0,0.0,0.0,0.0,0.0,0.0,0.0,0.0,2.0219727398875498,0.0,0.0,0.0,0.0,0.0,0.0,0.0,0.0,2.0219727398875498,0.0,0.0,0.0
2407.0,316.0,1015.8083680657992,0.3110822965572686,0.0,0.0,0.0,0.0,38.78482688704587,0.0,0.0,0.0,0.0,0.0,0.0,0.0,0.0,1.0115558060879368,0.0,15.77681156109251,21.996459519865425
2405.0,543.0,1701.1058857239243,0.31920411572082735,0.0,0.0,0.0,0.0,74.19938764306157,0.0,0.0,0.0,0.0,0.0,0.0,0.0,0.0,9.098877329493977,0.0,27.106336988269508,37.994173325298085
2319.0,608.3333333333334,1759.1272287662898,0.34581542675566984,0.0,0.0,0.0,0.0,72.36118671183907,0.0,0.0,0.0,0.0,0.0,0.0,0.0,0.0,0.0,0.0,30.36762672072013,41.993559991118936
2320.0,6.0,16.36993860159824,0.36652550421992447,0.0,0.0,0.0,0.0,0.2995175357819835,0.0,0.0,0.0,0.0,0.0,0.0,0.0,0.0,0.0,0.0,0.2995175357819835,0.0
2347.0,248.33333333333331,616.4953375544809,0.40281461708765576,105.16666666666666,8.166666666666666,26.833333333333336,70.16666666666666,143.16368739122822,6.0,2.1666666666666665,3.1666666666666665,23.666666666666668,39.16666666666666,10.333333333333334,5.166666666666667,15.5,2.864365994427493,0.0,17.635665757159856,17.49698897297422
2357.0,487.3333333333333,1244.0756484557676,0.3917232315721677,274.5,18.166666666666668,62.66666666666667,193.66666666666663,354.38650577471276,14.666666666666668,3.5,7.5,55.16666666666666,102.66666666666666,30.333333333333332,28.333333333333336,32.333333333333336,2.0219727398875498,0.0,44.70294961365669,33.16158342116851
2356.0,126.0,320.5112588467529,0.393121915446486,852.6666666666666,61.0,187.66666666666663,604.0,912.5501549557564,46.0,15.0,18.0,169.66666666666666,414.3333333333333,52.0,45.833333333333336,91.83333333333331,2.0219727398875498,0.0,48.86289555110498,8.998619998096913
2366.0,0.0,0.0,0.0,776.0,85.16666666666667,196.83333333333331,494.0,847.9480233527213,70.5,14.666666666666666,24.33333333333333,172.5,221.5,77.0,50.333333333333336,145.16666666666666,4.0439454797751,0.0,67.90407787294625,0.0
2367.0,33.46581863446697,85.68531810272096,0.39056654483499265,595.0903250397024,93.87278903739974,90.37016597005237,410.8473700322503,646.5589998943012,77.46263773334346,16.410151304056278,31.221747959462537,59.148418010589836,106.12031953041574,91.31480576036844,74.5339306524836,138.8783140889825,3.9577924537526865,0.0,45.224275074978245,2.2866073258678727
2375.0,20.0,50.45997979049193,0.3963537061060924,270.0776796331568,56.62922745098324,35.260243232133405,178.18820895004012,286.56668691619217,47.160612112589305,9.468615338393933,13.039494781784255,22.22074845034915,23.559347754587048,40.64865809614336,32.226014421253716,81.75418867805604,1.0109863699437749,0.0,14.478174246636392,0.9998466664552126
2374.0,25.5,67.06722082779986,0.3802155462125555,609.5,93.16666666666666,141.16666666666666,375.1666666666667,653.2370791188667,75.83333333333333,17.333333333333332,21.166666666666668,120.0,139.33333333333334,59.833333333333336,38.66666666666666,137.33333333333334,3.706902697109348,0.0,38.36372348753512,1.6664529342221586
2417.0,662.3333333333334,1820.1274525664887,0.3638939308340214,674.5,325.6666666666667,30.5,318.3333333333333,788.2381097816194,49.0,276.6666666666667,26.666666666666668,3.8333333333333335,12.0,118.0,75.83333333333333,112.5,1.0109863699437749,0.0,66.73417675473577,45.99294665693978
2416.0,31.166666666666668,80.29858284398573,0.3881347037870048,0.0,0.0,0.0,0.0,3.5555258409978805,0.0,0.0,0.0,0.0,0.0,0.0,0.0,0.0,0.0,0.0,1.555832508087455,1.9996933329104252
2403.0,0.0,0.0,0.0,260.5,26.5,48.5,185.5,288.422537264027,22.166666666666668,4.333333333333333,11.5,37.0,59.0,48.66666666666666,35.166666666666664,42.66666666666666,8.256483593898189,0.0,19.666053670128864,0.0
2476.0,218.60535731636443,599.2242048315898,0.3648139637113004,841.5239615234468,146.97196339348793,52.43384790279518,642.1181502271639,924.3317457262344,107.11325674361154,39.85870664987641,51.98473571519093,0.44911218760424126,4.378843829141353,126.53735885749497,131.47759292114162,379.72435461938596,2.0432083510958376,0.0,65.3848467086026,15.379729143088902
2475.0,760.8946666552995,2271.734902105748,0.33493990251679473,975.9761307556537,166.6947193897019,61.732824513616734,747.5485868523351,1151.84238535286,121.38675500212042,45.30796438758151,61.18193665197261,0.5508878616441131,7.621156651030228,152.29598835156204,141.85575482964637,445.7756870200965,3.0117237226754323,0.0,119.74520067873934,53.109330195791514
2470.0,2002.8333333333333,5748.957679259744,0.34838199288870486,0.0,0.0,0.0,0.0,238.95939081408392,0.0,0.0,0.0,0.0,0.0,0.0,0.0,0.0,0.0,0.0,99.98070417680935,138.97868663727456
2474.0,281.6666666666667,837.3896540937772,0.3363627258704149,1221.3333333333333,217.0,82.83333333333333,921.5,1337.064701414982,159.66666666666666,57.333333333333336,69.33333333333333,13.5,17.5,194.0,174.0,536.0,4.0439454797751,0.0,92.02368784782152,19.663734754052097
2483.0,196.0,662.226762488608,0.2959711251527255,410.0,0.5,0.8333333333333334,408.6666666666667,454.24912444435336,0.3333333333333333,0.1666666666666666,0.8333333333333334,0.0,0.0,408.5,0.0,0.1666666666666666,0.0,0.0,30.251271113980337,13.997853330372976
2482.0,724.1666666666666,2287.8751411057,0.3165236833320748,139.16666666666666,23.0,10.166666666666666,106.0,232.25534173998116,17.166666666666668,5.833333333333333,8.166666666666666,2.0,4.166666666666667,21.166666666666668,23.83333333333333,56.833333333333336,0.0,0.0,43.096341750553854,49.99233332276063
2480.0,743.5,2517.443350481945,0.2953393171122054,1005.0,430.6666666666667,74.33333333333333,500.0,1144.2804234877071,276.6666666666667,154.0,26.33333333333333,48.0,21.166666666666668,68.5,110.16666666666669,300.1666666666667,0.0,0.0,87.28839683203604,51.992026655671054
2479.0,509.6666666666667,1626.893824637654,0.3132759243094312,108.83333333333334,20.666666666666668,13.5,74.66666666666667,174.70346160648938,14.5,6.166666666666667,3.5,10.0,7.666666666666667,11.166666666666666,10.5,45.333333333333336,0.0,0.0,30.87549494722361,34.99463332593244
2579.0,1176.9977296388463,3194.1660575364294,0.3684835755053485,157.63124207303295,23.68137576636763,7.938263989289431,126.0116023173759,319.36150056778666,17.34410619508615,6.337269571281478,4.336026548771538,3.6022374405178925,0.06670810075033132,38.7574065359425,44.96125990572332,42.22622777495974,0.0,0.0,79.9586839654237,81.77157452933002
2581.0,521.4908727525487,1465.8765553127805,0.35575360753435065,13.433273528025298,0.8395795955015811,10.354815011186169,2.2388789213375495,76.4007681567558,0.8395795955015811,0.0,0.3918038112340712,9.963011199952096,0.6716636764012649,0.0,0.11194394606687748,1.4552712988694072,0.0,0.0,26.703217485972203,36.264277142758296
2568.0,593.991678900005,1699.0896549768067,0.34959407654572133,391.5596613381494,94.81181841472299,25.46791211495835,271.279930808468,483.27821284709887,74.82151804537735,19.99030036934567,24.179423776368324,1.288488338590027,0.7200549799143949,65.30164787319585,63.80237534549493,141.4558526098629,1.0352424758013383,0.0,49.19146656339097,41.49184246975705
2565.0,493.8333333333333,1587.072730418716,0.31115986297807896,415.5,97.66666666666666,32.0,285.8333333333333,521.9104983042962,81.33333333333333,16.333333333333332,18.5,13.5,7.0,47.833333333333336,76.83333333333333,154.16666666666666,2.0219727398875498,0.0,70.22709547678498,34.16143008762373
2738.0,291.0,838.8498846024199,0.34690354655996875,1126.8333333333337,191.66666666666669,36.66666666666667,898.5,1217.6075231647071,122.66666666666669,69.0,34.333333333333336,2.333333333333333,42.66666666666666,150.0,128.0,577.8333333333334,0.0,0.0,70.77725650226941,19.99693332910425
2739.0,319.0,1013.4178930452624,0.31477636440918105,169.16666666666666,6.5,1.0,161.66666666666666,216.5433747999662,5.166666666666667,1.3333333333333333,1.0,0.0,9.666666666666666,106.83333333333331,5.0,40.16666666666666,1.0109863699437749,0.0,24.369095101341085,21.99662666201468
3112.0,229.5,602.8137380858487,0.3807146146482085,223.0,1.0,4.166666666666667,217.83333333333331,261.58613784058355,1.0,0.0,1.1666666666666667,3.0,2.0,156.33333333333334,7.0,52.5,0.0,0.0,22.58859117730012,15.9975466632834
3113.0,355.1666666666667,1097.7876006236236,0.323529493742602,199.8333333333333,1.6666666666666667,4.833333333333334,193.3333333333333,252.53486013317064,1.5,0.1666666666666666,1.5,3.333333333333333,7.0,78.5,1.5,106.33333333333331,0.0,0.0,27.705360138457035,24.996166661380315
3124.0,122.0,371.8411696351349,0.32809707467226173,0.0,0.0,0.0,0.0,14.088963225875364,0.0,0.0,0.0,0.0,0.0,0.0,0.0,0.0,0.0,0.0,6.0901898942336645,7.998773331641701
3128.0,960.583572045127,2838.7150583016737,0.3383867532727353,139.6929911530663,30.04521688582637,11.482798407514101,98.16497585972581,261.43046989143426,22.620249494501458,7.424967391324908,11.396461577382416,0.08633683013168494,0.43168415065842486,32.28997446925018,13.382208670411169,52.06110856940604,0.0,0.0,54.92291036105584,66.81456837731216
3134.0,0.0,0.0,0.0,0.0,0.0,0.0,0.0,7.076904589606424,0.0,0.0,0.0,0.0,0.0,0.0,0.0,0.0,7.076904589606424,0.0,0.0,0.0
3136.0,358.8333333333333,1065.5901980497,0.33674609056097665,1594.5,337.5,138.66666666666666,1118.3333333333333,1718.86197555465,284.0,53.5,69.83333333333333,68.83333333333333,44.66666666666666,241.5,171.5,660.6666666666666,0.8424412398601833,0.0,98.68976952249513,24.82976479229461
3131.0,62.66666666666666,172.78431931564091,0.3626872329322184,141.83333333333334,23.666666666666668,20.666666666666668,97.5,174.73430218803438,18.666666666666668,5.0,20.666666666666668,0.0,0.0,54.5,10.5,32.5,18.028640092760195,0.0,10.206177958546938,4.666150803393912
3132.0,0.0,0.0,0.0,549.0605342972827,104.35097239629593,244.5481577886682,200.1614041123187,584.4003845343417,98.27636247581991,6.074609920476017,194.62809606594448,49.92006172272371,21.170917742649085,23.997716418514166,27.365816968481067,127.62695298267435,4.7428230784303596,0.0,30.597027158628503,0.0
3143.0,27.83333333333333,81.29155761244004,0.34238897802930024,0.0,0.0,0.0,0.0,11.47501968173469,0.0,0.0,0.0,0.0,0.0,0.0,0.0,0.0,7.9192983252022096,0.0,1.38932884090885,2.166392515623631
3144.0,36.333333333333336,97.38411785943684,0.37309300666230266,158.66666666666666,25.0,12.833333333333334,120.83333333333331,175.11165061637166,20.83333333333333,4.166666666666667,12.833333333333334,0.0,0.0,75.33333333333333,11.0,34.5,4.211968677978927,0.0,9.73328944764934,2.4997258240767715
3145.0,0.0,0.0,0.0,77.80063957989688,16.938146624405594,31.866682632356284,28.995810323134997,95.69578454945021,16.5075157780224,0.43063084638319304,30.861877324128837,1.0048053082274504,0.14354361546106428,4.593395694754059,4.593395694754059,19.66547531816581,8.12614294730762,0.0,9.769002022245697,0.0
3151.0,16.927573918397844,39.41441816848883,0.429476691652172,4.766015957607159,0.4930361335455682,2.6295260455763634,1.6434537784852274,13.480839509431302,0.3286907556970454,0.16434537784852266,2.6295260455763634,0.0,0.0,0.4930361335455682,0.0,1.1504176449396593,6.646177813384189,0.0,1.0827246693049484,0.9859210691350068
3366.0,314.5,960.3469813330236,0.32748580056289,0.0,0.0,0.0,0.0,37.69635892686591,0.0,0.0,0.0,0.0,0.0,0.0,0.0,0.0,0.0,0.0,15.699732264851226,21.99662666201468
3371.0,356.6666666666667,946.6287148503984,0.376775668296765,0.0,0.0,0.0,0.0,42.80078580926558,0.0,0.0,0.0,0.0,0.0,0.0,0.0,0.0,0.0,0.0,17.80461914788526,24.996166661380315
3364.0,36.0,97.67821791700533,0.3685570925402046,143.0,1.1666666666666667,2.333333333333333,139.5,173.6438828598295,0.1666666666666666,1.0,2.0,0.3333333333333333,120.5,15.333333333333334,3.1666666666666665,0.5,19.208741028931723,0.0,8.935606484162507,2.499535346735254
3387.0,167.99999998461308,500.7509450633954,0.3354961216565336,0.0,0.0,0.0,0.0,29.483528326151703,0.0,0.0,0.0,0.0,0.0,0.0,0.0,0.0,9.098877328660622,0.0,8.38649100112743,11.998159996363656
3260.0,497.3333333333333,1474.9618594663414,0.3371838601394577,37.16666666666667,6.166666666666667,20.666666666666668,10.333333333333332,99.35405304920404,6.166666666666667,0.0,20.166666666666668,0.5,0.0,0.6666666666666666,1.5,8.166666666666666,1.0109863699437749,0.0,26.68177133929153,34.49462867330206
3261.0,358.1666660056853,1040.1259052684115,0.34434933712496846,1269.4999976571914,304.9999994371354,73.83333319707705,890.6666650229791,1375.7487488624643,188.9999996512085,115.9999997859269,70.66666653625433,3.166666660822717,59.99999988927254,221.33333292487202,75.83333319338612,533.4999990154483,0.0,0.0,81.25258459002208,24.996166615250946
3273.0,1270.3333333333333,3402.0789995813466,0.37339912844165524,274.8333333333333,76.33333333333334,16.666666666666668,181.8333333333333,441.978489749924,66.66666666666667,9.666666666666666,16.666666666666668,0.0,0.0,48.0,21.33333333333333,112.5,2.0219727398875498,0.0,77.13667702864434,87.98650664805871
3506.0,125.00000000617453,335.825034061543,0.37221763516077583,133.0000000065697,2.1666666667736916,1.6666666667489938,129.16666667304702,154.87659055909427,0.0,2.1666666667736916,1.6666666667489938,0.0,124.33333333947492,3.666666666847786,1.1666666667242958,0.0,0.0,0.0,12.877970553983152,8.998619998541411
2222.0,5.999999999847086,20.63943959943241,0.2907055674133753,150.4999999961644,1.9999999999490288,2.333333333273867,146.1666666629415,180.55828666112944,0.0,1.9999999999490288,2.333333333273867,0.0,138.1666666631454,7.6666666664712775,0.3333333333248381,0.0,22.241700138196205,0.0,7.816586526768842,0.0
2266.0,1.0,2.4240522411605707,0.4125323633789456,569.3333333333333,7.333333333333334,37.333333333333336,524.6666666666666,597.8095667529379,2.333333333333333,5.0,7.666666666666667,29.666666666666668,461.8333333333333,30.166666666666668,25.0,7.666666666666667,0.0,0.0,28.47623341960468,0.0
2381.0,47.51931244353922,121.91852829497932,0.3897628449760092,2372.3144502543773,525.9046506171551,261.6597207534199,1584.750078883803,2532.039442232819,437.46343321164915,88.44121740550588,105.9939197620704,155.66580099134944,193.22495394433804,322.80296310169126,275.92524287839854,792.7969189593754,1.0511288316122072,0.0,155.54239075675346,3.1314723900752024
3049.0,189.16666666666663,609.5465175740383,0.31034000066072004,0.0,0.0,0.0,0.0,25.47377443998566,0.0,0.0,0.0,0.0,0.0,0.0,0.0,0.0,3.0329591098313244,0.0,9.442808666236571,12.998006663917764
3055.0,474.6666666666667,1553.0099614031649,0.3056430277097509,114.0,9.833333333333332,7.833333333333334,96.33333333333334,176.21424697233172,5.833333333333333,4.0,2.1666666666666665,5.666666666666667,0.0,83.0,5.666666666666667,7.666666666666667,0.0,0.0,29.38595505464178,32.82829191768993
3139.0,69.66666666666667,221.8977657460031,0.3139583962571806,0.0,0.0,0.0,0.0,15.219757973887493,0.0,0.0,0.0,0.0,0.0,0.0,0.0,0.0,7.076904589606424,0.0,3.476795410049281,4.666057974231786
2555.0,331.0,967.4892559528034,0.3421226623070086,1465.3333333333333,256.8333333333333,36.66666666666666,1171.8333333333333,1578.001160446638,108.83333333333331,148.0,26.83333333333333,9.833333333333334,286.3333333333333,111.33333333333331,300.1666666666667,474.0,0.0,0.0,89.67135378483489,22.99647332846989
2552.0,142.0,395.4173319211352,0.3591142535662081,1985.5,372.33333333333337,331.5,1281.6666666666667,2101.368297483501,134.0,238.33333333333331,33.166666666666664,298.3333333333333,152.66666666666666,165.83333333333334,374.6666666666667,588.5,0.0,0.0,106.203159509246,9.665137974255808
2573.0,1783.1666666666667,5379.123476652866,0.3314976267799366,963.6666666666669,234.83333333333331,44.66666666666666,684.1666666666667,1227.808540744016,190.33333333333331,44.5,43.5,1.1666666666666667,10.833333333333334,148.0,123.33333333333331,402.0,3.0329591098313244,0.0,137.12792832707137,123.98098664044636
2572.0,408.0,1270.0639083529047,0.3212436770438733,175.33333333333334,43.5,9.166666666666666,122.66666666666669,247.1940528685599,37.16666666666666,6.333333333333333,9.166666666666666,0.0,0.0,19.5,34.0,69.16666666666667,7.076904589606424,0.0,36.62142302272439,28.16239192289578
3146.0,0.5741245798673129,1.020490645787815,0.5625966119700107,101.04592605664708,14.831551646572247,30.71566502290124,55.49870938717359,112.45891239434597,14.257427066704935,0.5741245798673129,30.045853013056043,0.6698120098451984,10.716992157523174,8.324806408076038,5.5498709387173575,30.907039882857013,2.3217284995821985,0.0,9.091257838116707,0.0
3365.0,176.0,544.6516099771609,0.32314234783475676,30.0,3.0,5.0,22.0,57.33652724236286,3.0,0.0,0.0,5.0,2.0,3.0,1.0,16.0,5.054931849718874,0.0,10.283435395181431,11.998159997462553
2296.0,0.0,0.0,0.0,2471.833333333333,59.5,136.16666666666669,2276.1666666666665,2607.9151159056837,11.833333333333334,47.66666666666666,45.0,91.16666666666669,2069.333333333333,91.16666666666669,95.66666666666669,20.0,4.0439454797751,0.0,132.03783709257485,0.0
2297.0,535.8589143297617,1371.7515809538884,0.3906384521584704,10.573001000228484,0.48059095455584006,1.7621668333714136,8.330243212301228,77.27446590261523,0.1601969848519466,0.32039396970389333,0.8009849242597334,0.9611819091116801,4.4855155758545076,2.5631517576311467,0.1601969848519466,1.1213788939636269,1.9434836182968898,0.0,27.277634704477407,37.48034657961246
2268.0,228.0,579.9563878758495,0.39313300925104677,292.6666666666667,2.333333333333333,28.0,262.33333333333337,350.02212085245515,0.8333333333333334,1.5,3.5,24.5,233.33333333333331,14.333333333333334,12.666666666666666,2.0,2.0219727398875498,0.0,39.33593478261752,15.9975466632834
2325.0,422.0,1071.1492702509906,0.3939693670342672,0.0,0.0,0.0,0.0,50.22824123594437,0.0,0.0,0.0,0.0,0.0,0.0,0.0,0.0,0.0,0.0,21.066044480596705,29.16219675534766
2342.0,23.999999938486667,64.82572517088371,0.3702233931856762,88.3333331069301,4.33333332222676,36.49999990644847,47.49999987825486,95.94096492187477,3.8333333235082874,0.4999999987184722,1.1666666636764353,35.33333324277204,27.999999928234445,6.499999983340139,6.499999983340139,6.499999983340139,0.0,0.0,5.607938487159576,1.9996933277851001
2349.0,116.33333333333331,320.93376521813155,0.36248393264031953,0.0,0.0,0.0,0.0,13.80610330694962,0.0,0.0,0.0,0.0,0.0,0.0,0.0,0.0,0.0,0.0,5.80732997530792,7.998773331641701
2351.0,535.3855014427987,1342.1646420528625,0.3988970389086677,234.73074989695976,17.066547958317788,36.29847857349461,181.3657233651474,315.01638191062807,7.217331623791506,9.849216334526282,3.1108676300264255,33.18761094346818,134.57642209071835,12.963684036313856,11.480274061876178,22.34534317623899,3.6021453280051463,0.0,39.36156801754494,37.32191866811825
2463.0,1364.5,3882.858424766228,0.3514163666892262,41.66666666666666,11.0,2.5,28.166666666666664,210.84515590455027,8.5,2.5,1.8333333333333333,0.6666666666666666,1.6666666666666667,4.166666666666667,5.0,17.333333333333332,0.0,0.0,74.3596993527849,94.81878988509872
2484.0,5.666666666666667,16.55387515323986,0.34231662460965273,326.66666666666663,16.333333333333336,10.666666666666666,299.66666666666663,345.28159911820944,10.833333333333334,5.5,10.666666666666666,0.0,0.0,216.16666666666663,45.16666666666666,38.333333333333336,2.0219727398875498,0.0,16.592959711655265,0.0
2560.0,467.5,1373.0395084484178,0.3404854682792713,468.5,107.16666666666666,21.166666666666668,340.16666666666663,551.7799784207366,84.33333333333333,22.83333333333333,21.0,0.1666666666666666,0.3333333333333333,41.833333333333336,87.83333333333333,210.16666666666663,4.04385049800927,0.0,46.7413646194452,32.49476330328214
2785.0,352.6666666666667,1311.1794059645924,0.2689690404397567,0.0,0.0,0.0,0.0,42.267809785449,0.0,0.0,0.0,0.0,0.0,0.0,0.0,0.0,0.0,0.0,17.60497646155059,24.662833323898408
2781.0,394.0,1167.0907158942828,0.33759158104355036,13.0,2.0,1.3333333333333337,9.666666666666666,60.31313283816862,1.1666666666666667,0.8333333333333334,0.1666666666666666,1.1666666666666667,3.1666666666666665,3.1666666666666665,1.8333333333333333,1.5,0.0,0.0,20.31727284387788,26.99585999429074
2871.0,702.1666666666666,2065.3312942831326,0.33997774042850865,0.0,0.0,0.0,0.0,84.04434292352299,0.0,0.0,0.0,0.0,0.0,0.0,0.0,0.0,0.0,0.0,35.051856267217566,48.992486656305424
2872.0,461.1666666666667,1368.0771216653736,0.3370911327756757,0.0,0.0,0.0,0.0,55.01634923236308,0.0,0.0,0.0,0.0,0.0,0.0,0.0,0.0,0.0,0.0,23.02125590579628,31.995093326566803
3137.0,0.0,0.0,0.0,877.1666666666667,291.3333333333333,174.0,411.83333333333337,939.1844396801577,243.5,47.833333333333336,136.5,37.5,42.66666666666666,75.0,71.83333333333333,222.33333333333331,5.054931849718874,0.0,56.96284116377199,0.0
3379.0,170.0,536.4658436400765,0.31688876750568246,0.0,0.0,0.0,0.0,20.48449017795208,0.0,0.0,0.0,0.0,0.0,0.0,0.0,0.0,0.0,0.0,8.486330180489533,11.998159997462553
2736.0,350.1666666666667,779.5852345936224,0.44917047056336246,1440.3333333333337,177.16666666666669,147.16666666666669,1116.0,1555.8766145145169,143.83333333333334,33.333333333333336,45.5,101.66666666666669,74.33333333333333,172.33333333333334,350.0,519.3333333333334,0.0,0.0,91.54696118625805,23.996319994925106
2792.0,1055.6666666666667,3004.414848052012,0.3513718045133264,278.83333333333337,46.66666666666666,20.0,212.16666666666669,418.6045449149602,37.5,9.166666666666666,20.0,0.0,0.0,71.16666666666667,48.833333333333336,92.16666666666669,0.0,0.0,66.61580795985464,73.1554036217723
2796.0,2366.2104345656953,5948.282322489798,0.3977972641983241,249.70718555152706,33.643837773346604,8.738659161908208,207.32468861627228,549.363340053702,22.283580862865932,11.36025691048067,8.629425922384355,0.10923323952385257,0.21846647904770522,47.40722595335203,69.03540737907484,90.66358880479767,0.0,0.0,135.28534100848276,164.37081349369225
2797.0,2903.7399108783607,7749.0315246095015,0.3747229446230301,504.94140377226046,54.80841765701693,6.235086045385412,443.89790006985817,896.1246338276864,36.40485723273418,18.403560424282748,6.235086045385412,0.0,0.0,124.6011550037504,171.66599805601447,147.63074701009327,0.0,0.0,189.47898472594343,201.70424532948252
2793.0,0.0,0.0,0.0,3447.166675813595,861.500002285958,174.16666712881138,2411.500006398825,3660.739710937326,713.8333352274634,147.66666705849462,174.16666712881138,0.0,1.0000000026534626,469.33333457869173,624.3333349899785,1316.8333368275012,0.0,0.0,213.57303512373173,0.0
2794.0,0.0,0.0,0.0,944.3333333333331,229.16666666666663,42.833333333333336,672.3333333333333,999.8089715968634,195.0,34.166666666666664,42.833333333333336,0.0,0.0,139.5,169.16666666666666,363.6666666666667,0.0,0.0,55.475638263530165,0.0
2795.0,0.0,0.0,0.0,3128.166666666667,630.6666666666666,204.33333333333331,2293.166666666667,3298.6638710875422,532.6666666666666,98.0,147.0,57.333333333333336,143.83333333333334,226.0,310.3333333333333,1613.0,1.0109863699437749,0.0,169.48621805093194,0.0
2798.0,1202.0,3601.776917994585,0.3337241665342382,4283.5,621.6666666666666,259.0,3402.833333333333,4648.991088768745,392.5,229.16666666666663,258.0,1.0,1.5,1002.1666666666666,782.0,1617.1666666666667,0.0,0.0,282.1705750542738,83.32051371447092
3058.0,490.5,1143.8357848835983,0.42882029613185724,284.0,34.666666666666664,101.66666666666669,147.66666666666666,356.6574911014273,22.83333333333333,11.833333333333334,9.166666666666666,92.5,18.83333333333333,25.33333333333333,13.166666666666666,90.33333333333331,0.0,0.0,38.66270444195016,33.99478665947723
3057.0,319.1666666666667,750.6555641227375,0.4251839084676134,168.5,70.33333333333334,36.16666666666667,62.0,215.84099948107175,18.5,51.833333333333336,2.333333333333333,33.833333333333336,3.5,6.166666666666667,19.166666666666668,33.166666666666664,0.0,0.0,25.3443728190571,21.99662666201468
3064.0,419.1666666666667,973.916247824203,0.43039292916933497,806.1666666666666,316.33333333333337,83.66666666666666,406.1666666666666,899.3304228724537,146.83333333333334,169.5,2.333333333333333,81.33333333333333,35.833333333333336,107.83333333333331,57.833333333333336,204.66666666666663,0.0,0.0,64.16820287858597,28.995553327201165
3065.0,393.8333333333333,977.6769130535862,0.4028256452361859,1038.3333333333333,124.83333333333331,218.3333333333333,695.1666666666666,1136.8223481505067,112.0,12.833333333333334,21.166666666666668,197.16666666666663,121.33333333333331,111.83333333333331,138.0,324.0,0.0,0.0,71.49315482288287,26.99585999429074
3059.0,695.8333333333334,1788.8019271447763,0.3889940651193273,68.0,1.8333333333333333,4.5,61.66666666666667,154.1228928923472,0.5,1.3333333333333333,1.1666666666666667,3.333333333333333,2.833333333333333,53.833333333333336,2.0,3.0,0.0,0.0,38.130252902497,47.99263998985021
3066.0,271.1666666666667,636.2860396895136,0.4261710139027834,574.5,139.5,37.0,398.0,635.7117948501722,136.16666666666666,3.333333333333333,5.666666666666667,31.33333333333333,12.833333333333334,215.33333333333331,50.833333333333336,119.0,0.0,0.0,42.21470818752311,18.997086662649043
3060.0,366.0000076760983,1056.4047599824125,0.3464581205429173,0.0,0.0,0.0,0.0,43.60004354308473,0.0,0.0,0.0,0.0,0.0,0.0,0.0,0.0,0.0,0.0,18.270635951783852,25.32940759130087
3067.0,490.8333333333333,1338.0011652407095,0.3668407368277824,30.83333333333333,0.0,0.3333333333333333,30.5,90.86948644034136,0.0,0.0,0.0,0.3333333333333333,5.333333333333333,18.83333333333333,0.1666666666666666,6.166666666666667,0.0,0.0,26.04136644753078,33.99478665947723
3068.0,345.33333438649834,1007.9929777659527,0.3425949803260254,85.00000025922498,0.0,0.16666666717495088,84.83333359205002,130.47838862285886,0.0,0.0,0.16666666717495088,0.0,0.0,84.83333359205002,0.0,0.0,0.0,0.0,21.482068295527114,23.99632006810682
3381.0,251.16666666666663,715.4607395985992,0.351055834045598,0.0,0.0,0.0,0.0,30.713163916411148,0.0,0.0,0.0,0.0,0.0,0.0,0.0,0.0,1.0109863699437749,0.0,12.538182601592196,17.163994944875174
3408.0,889.6666666666666,2858.829242166921,0.3111996524816297,166.83333333333331,32.83333333333333,16.5,117.5,281.5637768270126,26.83333333333333,6.0,16.5,0.0,0.0,65.66666666666667,8.166666666666666,43.66666666666666,0.0,0.0,52.73995017345603,61.99049332022319
3403.0,283.3333333333333,835.0713141981424,0.3392923796040072,89.5,12.0,11.333333333333334,66.16666666666667,203.11942913075305,9.5,2.5,11.333333333333334,0.0,0.0,33.5,4.333333333333333,28.33333333333333,1.0109863699437749,0.0,92.61150943170502,19.99693332910425
3405.0,63.833333333333336,190.8198969023672,0.33452136999106336,1057.0,193.16666666666663,61.0,802.8333333333334,1147.8579812031217,166.0,27.166666666666668,59.66666666666666,1.3333333333333333,33.666666666666664,152.83333333333334,93.0,523.3333333333334,7.582208011486458,0.0,79.10971521066577,4.166057980969323
3404.0,933.6666666666666,2641.5949455820323,0.35344808189771443,0.0,0.0,0.0,0.0,155.44263104337404,0.0,0.0,0.0,0.0,0.0,0.0,0.0,0.0,1.0109863699437749,0.0,89.60825942917351,64.82338524425673
3395.0,65.0,202.49810415520457,0.32099065949862315,0.0,0.0,0.0,0.0,8.244006636580885,0.0,0.0,0.0,0.0,0.0,0.0,0.0,0.0,0.0,0.0,3.244773304304821,4.999233332276064
2245.0,310.3333333333333,785.4860427911359,0.39508446544842335,333.33333333333337,8.0,14.666666666666668,310.6666666666667,386.96055240542535,2.0,6.0,4.333333333333333,10.333333333333334,288.0,11.0,9.166666666666666,2.5,0.0,0.0,32.13056914149538,21.496649930596647
2267.0,404.0,1026.8763977721762,0.3934261230236512,510.1666666666666,4.666666666666666,23.166666666666668,482.33333333333326,593.4872696192344,0.3333333333333333,4.333333333333333,6.166666666666667,17.0,440.3333333333333,21.33333333333333,19.83333333333333,0.8333333333333334,3.0329591098313244,0.0,52.29193718199059,27.995706660745952
2241.0,47.51887495833477,127.54705071881321,0.3725595746082252,2.5273216099402918,0.04595130199891439,0.0,2.4813703079413774,10.081733867520569,0.04595130199891439,0.0,0.0,0.0,2.159711193948977,0.27570781199348643,0.0,0.04595130199891439,1.6724210400746136,0.0,2.497805408801079,3.3841858087045833
2223.0,9.0,29.60516054993731,0.30400105362776214,220.0,1.0,2.1666666666666665,216.83333333333331,244.5632690547929,0.0,1.0,2.1666666666666665,0.0,190.0,25.83333333333333,1.0,0.0,12.131836439325298,0.0,11.431585949012373,0.9998466664552126
2229.0,29.0,97.8095143596911,0.2964946732416389,41.0,1.0,2.0,38.0,51.54899643341911,0.0,1.0,2.0,0.0,28.0,10.0,0.0,0.0,5.054931849718874,0.0,3.494371250789808,1.9996933329104252
2230.0,4.0,14.106245729368782,0.2835623366231399,0.0,0.0,0.0,0.0,3.232637467019313,0.0,0.0,0.0,0.0,0.0,0.0,0.0,0.0,3.0329591098313244,0.0,0.199678357187989,0.0
2224.0,0.0,0.0,0.0,146.99999998565514,3.1666666663576506,13.16666666538181,130.66666665391568,154.33817961159764,1.6666666665040266,1.499999999853624,3.499999999658456,9.666666665723353,102.99999998994885,16.16666666508906,5.3333333328128845,6.1666666660648985,0.0,0.0,7.338179625942507,0.0
2221.0,0.9999999936892654,2.554798247413589,0.3914203380645181,0.0,0.0,0.0,0.0,50.59923776716739,0.0,0.0,0.0,0.0,0.0,0.0,0.0,0.0,50.549318178185416,0.0,0.04991958898196792,0.0
2308.0,31.0,79.45807567411582,0.39014284875386845,170.0,10.333333333333332,45.0,114.66666666666669,182.03353078160688,7.333333333333333,3.0,8.0,37.0,65.16666666666667,32.0,4.833333333333333,12.666666666666666,0.0,0.0,10.033837448696447,1.9996933329104252
2306.0,756.4955976831714,1939.3351856661466,0.39007985998218303,396.1645243407149,27.00747834725541,61.69408740546298,307.46295858799647,507.7406512818383,11.335826107489734,15.671652239765681,29.01246396874656,32.68162343671643,171.40313152668213,94.70655136004602,15.83582609155574,25.517449609712585,1.1100709753926674,0.0,57.54032188701659,52.925734078714164
2310.0,420.6666666666667,1126.244620786003,0.3735126977770465,182.0,14.166666666666666,33.0,134.83333333333331,287.08252480561146,1.6666666666666667,12.5,3.0,30.0,112.83333333333331,7.5,9.5,5.0,0.0,0.0,76.08697147841029,28.995553327201165
2275.0,0.0,0.0,0.0,1556.3333333333333,21.0,23.166666666666668,1512.1666666666663,1658.7764098119148,0.0,21.0,23.166666666666668,0.0,1393.5,58.833333333333336,59.833333333333336,0.0,8.087890959550199,0.0,94.35518551903142,0.0
2292.0,384.0,970.64784140132,0.39561206816843164,0.0,0.0,0.0,0.0,46.16498228433768,0.0,0.0,0.0,0.0,0.0,0.0,0.0,0.0,0.0,0.0,19.169122290046943,26.99585999429074
2271.0,615.8333331971803,1688.374497309496,0.36474925093842603,1173.8333330738133,16.83333332961169,21.166666661986977,1135.8333330822145,1343.0223630392545,0.8333333331490937,15.999999996462599,18.333333329280055,2.833333332706918,1056.1666664331615,42.33333332397396,36.83333332518994,0.4999999998894562,1.0109863697202583,0.0,125.18463694765238,42.99340664806884
2281.0,54.49999974156733,138.08279227328202,0.3946907420129906,711.1666632943969,9.999999952581161,15.666666592377151,685.4999967494387,753.2417065511828,0.6666666635054107,9.333333289075751,13.499999935984567,2.166666656392585,620.4999970576611,38.49999981743747,24.999999881452904,1.4999999928871741,0.0,0.0,38.24234187128911,3.8327013854968017
2386.0,118.16666560511712,321.87507884335696,0.3671196478762615,236.83333120574238,2.8333333078800993,5.3333332854213635,228.66666461244094,274.55148216331764,0.0,2.8333333078800993,4.9999999550825285,0.3333333303388352,183.1666650211899,40.333332970999066,4.9999999550825285,0.16666666516941755,0.0,0.0,29.719377697790478,7.998773259784766
2328.0,7.676275986401366,20.236179972063248,0.37933424178865444,0.05510303840537444,0.0008336721281437812,0.0008336721281437812,0.05343569414908688,8.747980104168365,0.0,0.0008336721281437812,0.0008336721281437812,0.0,0.04840676873092923,0.003227117915395282,0.0018018075027623657,0.0,8.304618584529797,0.0,0.3859729629173717,0.0022855183158231565
2398.0,44.66666666666666,122.38687432940692,0.3649628843894269,169.33333333333337,8.333333333333334,34.333333333333336,126.66666666666669,188.40340864464068,5.5,2.833333333333333,9.333333333333334,25.0,81.0,32.833333333333336,6.666666666666667,6.166666666666667,5.054931849718874,0.0,10.6823305319378,3.332812929650672
2316.0,588.6666666666666,1845.151697457454,0.31903429266971706,0.0,0.0,0.0,0.0,70.37965175298527,0.0,0.0,0.0,0.0,0.0,0.0,0.0,0.0,0.0,0.0,29.38593842832155,40.99371332466372
2315.0,266.0,884.7366591634606,0.3006544345653195,611.3333333333334,18.666666666666664,101.0,491.6666666666667,673.6272284759165,9.5,9.166666666666666,9.666666666666666,91.33333333333331,289.6666666666667,160.5,16.833333333333332,24.666666666666668,0.0,0.0,43.963414747701016,18.33048039488209
2314.0,327.0,1110.043140935839,0.2945831454120942,1077.8333333333337,124.5,89.5,863.8333333333334,1172.958685316874,27.33333333333333,97.16666666666669,15.5,74.0,752.8333333333334,47.0,32.666666666666664,31.33333333333333,0.0,0.0,72.12887865507078,22.99647332846989
2311.0,327.9574724991467,965.7273320026873,0.3395963452945268,533.6378545010261,33.434710565780875,30.766212539403995,469.4369313958412,604.2689301624465,22.917688932413178,10.517021633367692,9.104287384109346,21.66192515529465,401.2165267893705,41.84936528698154,19.464338545337224,6.9067007741519175,0.0,0.0,47.562549047327316,23.068526614093216
2317.0,553.8333333333334,1598.5014204884058,0.34647034168046925,39.0,0.0,0.0,39.0,106.92143678659852,0.0,0.0,0.0,0.0,0.0,39.0,0.0,0.0,0.0,0.0,29.593995175610207,38.32744161098832
2313.0,1205.3333333333333,3118.1042503219765,0.3865596646452312,0.0,0.0,0.0,0.0,144.15696593459964,0.0,0.0,0.0,0.0,0.0,0.0,0.0,0.0,0.0,0.0,60.16984595236176,83.98711998223787
2355.0,23.666666666666668,71.092148070704,0.3329012740356251,90.0,9.0,22.666666666666668,58.33333333333333,97.34059622686053,7.666666666666667,1.3333333333333333,8.333333333333334,14.333333333333334,28.33333333333333,10.166666666666666,6.666666666666667,13.166666666666666,0.0,0.0,5.674217637245033,1.666378589615457
2354.0,294.3333333333333,741.3824335196958,0.3970060794885477,80.0,9.333333333333334,19.166666666666668,51.5,120.87163561112288,6.666666666666667,2.6666666666666665,7.666666666666667,11.5,26.0,7.833333333333333,3.5,14.166666666666666,1.6849772745294784,0.0,18.688140803841605,20.498517532751794
2353.0,1364.5,3393.4168028714225,0.4021020933371329,419.0,49.5,93.66666666666666,275.8333333333333,629.1973988528202,40.16666666666666,9.333333333333334,16.333333333333332,77.33333333333333,146.0,22.666666666666668,23.166666666666668,84.0,1.0109863699437749,0.0,114.53431250711311,94.65209997576328
2360.0,40.45753940243722,116.68998987440571,0.3467095973354867,0.0,0.0,0.0,0.0,6.876737670637696,0.0,0.0,0.0,0.0,0.0,0.0,0.0,0.0,2.122116801543818,0.0,2.022159413195514,2.732461455898364
2365.0,28.042460737974153,102.09561327598823,0.2746686154102317,0.0,0.0,0.0,0.0,6.266349451656676,0.0,0.0,0.0,0.0,0.0,0.0,0.0,0.0,2.932815060597447,0.0,1.3998681229168402,1.9336662681423888
2345.0,382.0796278978275,1038.1000001801851,0.36805666875205584,86.26147627480503,1.053805120285576,4.817394835591206,80.39027631892824,135.9918784454565,0.6021743544489007,0.45163076583667555,0.6021743544489007,4.215220481142305,70.45439947052138,3.6130461266934044,5.269025601427881,1.0538051202855763,0.0,0.0,23.389311662456528,26.34109050819496
2358.0,671.0,2483.664766359597,0.2701652852222527,242.0,5.166666666666667,27.5,209.33333333333331,334.5693783515535,2.333333333333333,2.833333333333333,4.5,23.0,54.333333333333336,131.83333333333334,5.5,17.666666666666668,0.0,0.0,45.57658502815849,46.992793323395
2364.0,373.792637247797,965.4603744534206,0.3871651775034408,27.086422988970796,0.0,0.0,27.086422988970796,75.56469772412697,0.0,0.0,0.0,0.0,0.0,27.086422988970796,0.0,0.0,2.7384004452381205,0.0,20.011718044785667,25.72815624513238
2368.0,318.41949393260893,815.8698868783284,0.3902821994704839,501.26004869219946,92.095045235557,56.35303520679376,352.8119682498488,568.787832890386,74.34579246913835,17.749252766418657,22.38448610214111,33.96854910465265,101.2605171923756,65.34142450856939,45.22916131256038,140.9808652363434,4.548174970027952,0.0,40.91632608597762,22.06328314218087
2380.0,10.0,26.838348307078984,0.3726011707420297,1097.1666666666667,200.0,144.0,753.1666666666667,1194.2903427036856,168.83333333333334,31.166666666666668,45.333333333333336,98.66666666666669,227.16666666666663,136.66666666666666,93.16666666666669,296.1666666666667,3.0329591098313244,0.0,93.09087026073269,0.9998466664552126
2372.0,1120.5766165338832,3006.263029768444,0.3727473629013078,0.0,0.0,0.0,0.0,134.92028742128693,0.0,0.0,0.0,0.0,0.0,0.0,0.0,0.0,1.2878601960516878,0.0,55.93857447704321,77.69385274819204
2379.0,335.0,1274.6962943395586,0.2628076989692428,0.0,0.0,0.0,0.0,39.71953574296397,0.0,0.0,0.0,0.0,0.0,0.0,0.0,0.0,0.0,0.0,16.72306241449408,22.99647332846989
2378.0,364.0,1057.765004262563,0.3441218026056441,70.0,25.0,1.0,44.0,116.66126841627712,25.0,0.0,0.0,1.0,1.0,29.0,0.0,14.0,0.0,0.0,21.665101754896806,24.996166661380315
2377.0,170.5,639.8300793140044,0.2664769999291094,317.5,61.83333333333333,32.5,223.16666666666663,362.8633223438658,44.66666666666666,17.166666666666668,18.5,14.0,5.5,46.66666666666666,37.0,134.0,0.0,0.0,33.365162346403274,11.998159997462553
2371.0,1199.3333333333333,3345.3279295808893,0.35850994538630737,49.0,0.0,0.0,49.0,194.4702126478292,0.0,0.0,0.0,0.0,0.0,49.0,0.0,0.0,0.0,0.0,62.316342361504816,83.15387028632442
2383.0,300.524049479967,1124.3563433715892,0.2672854128956932,0.0,0.0,0.0,0.0,40.840868607832114,0.0,0.0,0.0,0.0,0.0,0.0,0.0,0.0,5.013625707335894,0.0,15.002037123910434,20.82520577658579
2370.0,485.88643150003395,1826.7239359740818,0.26598788242238697,185.0633273581634,33.001690749741066,21.831887726751784,130.22974888167053,252.06080853476058,24.243549743079015,8.758141006662054,9.646648065308929,12.185239661442857,15.231549576803571,31.60546537186741,17.51628201332411,65.87645191967545,0.0,0.0,33.493210224105596,33.50427095249159
2384.0,466.0,1545.3956359273805,0.30154090587964993,109.0,24.0,2.1666666666666665,82.83333333333333,169.6988571723402,24.0,0.0,0.0,2.1666666666666665,54.66666666666666,0.0,26.166666666666668,2.0,0.0,0.0,28.70376384577342,31.995093326566803
2385.0,266.0,884.0916880105374,0.30087377090783096,222.0,53.66666666666666,18.0,150.33333333333331,267.8571814219973,45.0,8.666666666666666,6.666666666666667,11.333333333333334,4.833333333333333,49.66666666666666,15.0,80.83333333333333,0.0,0.0,27.52670102711521,18.33048039488209
2404.0,0.0,0.0,0.0,337.72819276746907,51.60421047639187,43.71566874751668,242.40831354356047,360.370537139885,43.22263488946198,8.38157558692989,23.829969805977136,19.88569894153954,16.434461935156644,75.434180282369,68.36736165025164,82.17230967578323,3.98760408331276,0.0,18.654740289103206,0.0
2435.0,1712.0,4494.518442633144,0.3809084381011046,758.0,202.8333333333333,43.833333333333336,511.33333333333337,1025.7833791291753,174.16666666666666,28.666666666666668,43.833333333333336,0.0,0.0,139.16666666666666,69.5,302.6666666666667,0.0,0.0,148.80162582100496,118.9817533081703
2429.0,2124.0,6107.506343219494,0.347768775116877,492.8333333333333,110.66666666666666,31.166666666666668,351.0,793.6118081965631,93.33333333333331,17.333333333333332,31.166666666666668,0.0,0.0,122.5,66.16666666666667,162.33333333333334,0.0,0.0,153.3011728804886,147.47730198274107
2434.0,1791.6666666666667,5123.426922173684,0.3497008338134991,0.0,0.0,0.0,0.0,213.75361786493883,0.0,0.0,0.0,0.0,0.0,0.0,0.0,0.0,0.0,0.0,89.43939082580421,124.31422703913462
2432.0,180.0,514.4415336273809,0.34989398840097774,0.0,0.0,0.0,0.0,21.483528084746887,0.0,0.0,0.0,0.0,0.0,0.0,0.0,0.0,0.0,0.0,8.985526073459505,12.49800201128738
2438.0,635.8333342905422,1690.0941767053619,0.37621177745847506,235.16666702069588,28.166666709069887,25.333333371471145,181.66666694015484,322.6401297170225,20.500000030861514,7.666666678208372,15.333333356416745,10.000000015054397,48.83333340684898,83.83333345953936,9.666666681219251,39.3333333925473,0.0,0.0,43.480209306067955,43.99325339025855
2437.0,1046.6666666666667,2705.9850113405278,0.3867969195247518,0.0,0.0,0.0,0.0,125.23795905688485,0.0,0.0,0.0,0.0,0.0,0.0,0.0,0.0,0.0,0.0,52.249152405654335,72.98880665123052
2436.0,850.1666666666666,2224.686936576095,0.38215114796112204,85.5,17.833333333333332,10.5,57.16666666666666,191.53188217436644,14.666666666666666,3.1666666666666665,3.1666666666666665,7.333333333333333,19.33333333333333,6.666666666666667,5.333333333333333,25.83333333333333,0.0,0.0,46.70753042924926,59.32435174511719
2431.0,621.5,1653.5187562173558,0.37586510444052296,800.1666666666667,111.16666666666666,157.16666666666669,531.8333333333334,914.292130068993,76.0,35.166666666666664,69.0,88.16666666666667,233.0,77.66666666666667,36.66666666666666,184.5,0.0,0.0,70.96552942160936,43.15993398071697
2440.0,895.3333333333334,2586.3048579626384,0.34618244271428705,160.66666666666669,27.83333333333333,18.0,114.83333333333334,275.5389089268079,22.33333333333333,5.5,7.666666666666667,10.333333333333334,33.833333333333336,18.166666666666668,14.666666666666666,48.16666666666666,0.0,0.0,52.71509620055392,62.1571460595873
2442.0,675.8333333333334,1983.037988891423,0.3408070531776066,197.16666666666669,27.833333333333336,29.666666666666664,139.66666666666669,287.739443418288,18.666666666666668,9.166666666666666,10.833333333333334,18.83333333333333,56.0,42.333333333333336,8.5,32.833333333333336,0.0,0.0,43.57998342822632,46.992793323395
2445.0,1127.0,3031.9044764867194,0.37171355784465016,437.3333333333333,79.83333333333334,59.16666666666667,298.3333333333333,593.4109220837621,65.16666666666667,14.666666666666666,17.166666666666668,42.0,44.333333333333336,110.33333333333331,24.166666666666668,119.5,0.0,0.0,78.08954876692216,77.9880399835066
2444.0,561.6400675662975,1675.5619959989094,0.33519503838559433,0.0,0.0,0.0,0.0,67.30847333633982,0.0,0.0,0.0,0.0,0.0,0.0,0.0,0.0,0.0,0.0,28.03688588833597,39.27158744800386
2448.0,634.193277040011,2005.1987338298304,0.31627452498373226,0.0,0.0,0.0,0.0,75.37436121991163,0.0,0.0,0.0,0.0,0.0,0.0,0.0,0.0,0.0,0.0,31.658674563743762,43.715686656167875
2450.0,354.0,1061.893984940457,0.33336661194088,183.16666666666669,24.0,9.666666666666668,149.5,234.9768119555854,20.33333333333333,3.6666666666666665,4.666666666666667,5.0,25.166666666666668,43.5,8.5,72.33333333333333,0.0,0.0,26.81397862753838,24.996166661380315
2453.0,426.3333333333333,1139.5836970864582,0.37411322610469755,242.5,48.66666666666666,18.666666666666664,175.16666666666669,310.2173249679342,41.16666666666666,7.5,11.166666666666666,7.5,10.666666666666666,70.16666666666667,22.166666666666668,72.16666666666667,0.0,0.0,38.22184133530013,29.49548363263405
2449.0,440.0,1550.1004077389773,0.2838525800027349,305.5,87.83333333333333,17.5,200.16666666666663,373.71316011382686,77.83333333333333,10.0,13.5,4.0,18.166666666666668,37.66666666666666,27.5,116.83333333333331,0.0,0.0,37.21791345371525,30.995246660111597
2452.0,877.8333333333334,2332.242897859112,0.37639018394659607,60.0,18.166666666666668,2.833333333333333,39.0,167.63876648966368,15.5,2.6666666666666665,2.833333333333333,0.0,0.0,11.166666666666666,5.166666666666667,22.666666666666668,0.0,0.0,46.814716806437474,60.8240496832262
2451.0,457.5,1173.6968227876366,0.38979401760106663,280.6666666666667,63.5,25.666666666666668,191.5,357.33780800069644,51.833333333333336,11.666666666666666,11.833333333333334,13.833333333333334,16.333333333333332,41.16666666666666,28.0,106.0,0.0,0.0,45.17581107510781,31.495330258922028
2461.0,151.84292052895978,427.8431558503403,0.3549032360402523,215.03602890710187,38.01599067870592,39.567663767632695,137.45237446076325,248.19676710848373,30.77484959704764,7.241141081658271,19.654525793072445,19.913137974560243,7.499753263146065,33.6195835934134,23.01648415241379,73.31655345178999,3.9449644383865197,0.0,18.316456151093266,10.899317611902143
2456.0,289.00625023666083,770.198677733478,0.37523597299224326,141.19725799564367,30.854759811743154,12.488831352372229,97.85366683152829,185.6178510360469,25.418444987769355,5.4363148239737935,7.199443956073402,5.289387396298826,2.644693698149413,23.214533572644843,14.986597622846674,57.007841937887356,2.6737492815052524,0.0,21.473967728409495,20.272876030488458
2454.0,9.0,26.617660551625733,0.338121375563575,0.0,0.0,0.0,0.0,1.4491229701281878,0.0,0.0,0.0,0.0,0.0,0.0,0.0,0.0,0.0,0.0,0.4492763036729752,0.9998466664552126
2460.0,212.6570779801088,550.6187722564795,0.38621472549623254,62.13063229813516,10.984008355773744,11.432335227437978,39.71428871492344,99.13206232211631,8.891816288007314,2.0921920677664274,5.678807041080302,5.753528186357676,2.1669132130437996,9.713748886058413,6.650181929686145,21.18344468613508,8.186871999510615,0.0,13.717862417909341,15.096695606561218
2468.0,1065.8333333333333,3172.074681711752,0.3360051197653946,134.66666666666666,28.5,5.666666666666667,100.5,279.7579124889575,24.5,4.0,5.666666666666667,0.0,0.0,54.5,9.666666666666666,36.333333333333336,1.0109863699437749,0.0,70.09160613466132,73.98865331768575
2467.0,1385.0,4861.470189712169,0.2848932413348813,49.0,0.0,0.0,49.0,216.5699710315945,0.0,0.0,0.0,0.0,0.0,48.833333333333336,0.0,0.1666666666666666,0.0,0.0,71.58469105189405,95.9852799797004
2466.0,459.0,1557.557693365962,0.29469213368788766,40.833333333333336,4.833333333333333,8.0,28.000000000000004,97.77991672767328,2.1666666666666665,2.6666666666666665,2.333333333333333,5.666666666666667,7.0,13.833333333333334,2.6666666666666665,4.5,0.0,0.0,24.951490067773133,31.995093326566803
2473.0,737.0,2616.6682931900195,0.28165587587776064,0.0,0.0,0.0,0.0,87.78291730110283,0.0,0.0,0.0,0.0,0.0,0.0,0.0,0.0,0.0,0.0,36.79073731188697,50.99217998921585
2472.0,494.0,1728.0986768323016,0.28586330550610034,187.5,61.16666666666667,12.666666666666668,113.66666666666669,255.51531288817196,58.333333333333336,2.833333333333333,3.8333333333333335,8.833333333333334,4.5,7.5,4.666666666666667,97.0,0.0,0.0,34.0205262286947,33.99478665947723
2471.0,606.0,1665.0241343429786,0.3639586883460573,393.0,85.66666666666667,8.0,299.3333333333333,484.86334621015567,8.666666666666666,77.0,2.5,5.5,99.33333333333331,63.333333333333336,55.333333333333336,81.33333333333333,0.0,0.0,49.86978621903677,41.993559991118936
2458.0,513.0,1644.693526020358,0.3119122145761095,59.0,0.0,0.0,59.0,123.215158672397,0.0,0.0,0.0,0.0,0.0,58.833333333333336,0.0,0.1666666666666666,0.0,0.0,28.5539190786976,35.661239593699385
2459.0,426.0,1072.864250048564,0.39706794217508584,0.0,0.0,0.0,0.0,51.2611450341772,0.0,0.0,0.0,0.0,0.0,0.0,0.0,0.0,0.0,0.0,21.26574504052083,29.995399993656378
2465.0,1030.9999995865394,3061.1099923286088,0.3368059305841049,41.99999998315679,0.0,0.0,41.99999998315679,167.5526792332599,0.0,0.0,0.0,0.0,0.0,41.83333331655697,0.0,0.16666666659982848,0.0,0.0,53.563719294197455,71.98895995590566
2477.0,558.0,1944.1306403337992,0.28701774892256915,79.0,15.833333333333334,2.1666666666666665,61.0,149.79279837394054,12.333333333333334,3.5,1.8333333333333333,0.3333333333333333,4.0,6.166666666666667,2.833333333333333,48.0,0.0,0.0,31.79877838218725,38.9940199917533
2478.0,160.16666666666666,528.4013692718229,0.30311554053576445,363.0,55.83333333333333,14.5,292.6666666666667,402.1366009236417,43.16666666666666,12.666666666666666,12.166666666666666,2.333333333333333,12.166666666666666,101.66666666666669,12.666666666666666,166.16666666666666,2.0219727398875498,0.0,26.11631485274683,10.998313331007338
2485.0,651.5,1827.6853988215853,0.3564617851737831,30.0,4.666666666666667,3.8333333333333335,21.5,109.01328344275464,3.333333333333333,1.3333333333333333,3.5,0.3333333333333333,0.0,6.5,4.333333333333333,10.666666666666666,0.0,0.0,34.02018345227007,44.99309999048457
2486.0,1113.1666666666667,3307.022652925707,0.3366069070261292,0.0,0.0,0.0,0.0,132.55700078533482,0.0,0.0,0.0,0.0,0.0,0.0,0.0,0.0,0.0,0.0,55.56880746828344,76.98819331705137
2494.0,233.0,644.3892935501691,0.36158266801163064,16.5,2.166666666666667,1.8333333333333333,12.5,45.7961154697846,1.6666666666666667,0.5,1.8333333333333333,0.0,0.0,2.6666666666666665,5.333333333333333,4.5,0.8426783601895074,0.0,12.455890446311692,15.9975466632834
2493.0,262.19578423964833,824.5084585435767,0.31800254020776775,248.72472573130585,33.555182102598614,6.24567258114062,208.9238710475666,293.3393717158882,28.28922286751928,5.265959235079347,5.878280076367642,0.36739250477297763,11.021775143189329,40.53563969328519,28.28922286751928,129.0772333435728,0.7428576294899673,0.0,25.504979796197734,18.366808558894622
2492.0,367.6431248612112,1169.4152732736727,0.3143820106197411,45.0702529436831,14.736345973093838,1.913811165336862,28.4200958052524,91.89471903314231,11.578557550288016,3.1577884228058224,1.913811165336862,0.0,0.0,1.5310489322694896,4.30607512200794,22.582971750974973,0.580451100840534,0.0,20.60292031453558,25.64109467408309
2498.0,483.4079933781753,1430.070723387283,0.3380308298551622,137.63078374965448,35.43679477559375,6.4430535955625,95.75093537849824,203.17536094431506,28.456820047067705,6.979974728526041,6.4430535955625,0.0,0.0,12.796620335631072,21.02941104107204,61.92490400179512,0.9046745015957397,0.0,30.997757245681363,33.64214544738345
2491.0,329.0,1126.036819127008,0.2921751708394994,0.0,0.0,0.0,0.0,39.42001820718198,0.0,0.0,0.0,0.0,0.0,0.0,0.0,0.0,0.0,0.0,16.423544878712097,22.99647332846989
2490.0,387.6666666666667,1258.4312706339658,0.3080554939415722,0.0,0.0,0.0,0.0,46.34802208123624,0.0,0.0,0.0,0.0,0.0,0.0,0.0,0.0,0.0,0.0,19.35216208694549,26.99585999429074
2495.0,1345.8333317270367,4019.5215133582933,0.3348242638469171,157.6666664784863,28.66666663245205,33.166666627081156,95.83333321895306,326.2063626545837,20.49999997553257,8.16666665691948,12.99999998448407,20.166666642597086,0.999999998806467,38.666666620516715,14.49999998269377,41.66666661693611,0.0,0.0,75.05411429351594,93.48558188258147
2496.0,295.1666666666667,832.652145754356,0.35448976883288424,377.1666666666667,90.0,19.5,267.6666666666667,432.242577205379,73.66666666666667,16.333333333333332,19.5,0.0,1.0,70.66666666666667,51.16666666666666,144.83333333333334,1.0109863699437749,0.0,33.56814882583944,20.49677534292908
2510.0,475.0,1340.1461525795664,0.3544389536064415,1102.0,194.5,43.16666666666666,864.3333333333334,1216.7232568274123,148.33333333333334,46.16666666666666,42.5,0.6666666666666666,21.0,138.0,170.83333333333334,534.5,0.5053509529300343,0.0,81.22280324265459,32.99510263182757
2511.0,620.8333333333334,1654.087519770674,0.3753328200066505,1521.333333333333,373.8333333333333,50.333333333333336,1097.1666666666663,1671.2628968143051,123.33333333333331,250.5,22.166666666666668,28.166666666666668,82.33333333333333,351.6666666666667,211.16666666666663,452.0,0.0,0.0,106.93615682339778,42.99340665757415
2507.0,151.83333333333334,464.7542862215287,0.3266959290849032,1680.0000000000002,439.1666666666667,57.5,1183.3333333333337,1796.2987236747456,198.33333333333331,240.83333333333331,54.0,3.5,41.16666666666666,155.66666666666666,164.66666666666666,821.8333333333334,2.0219727398875498,0.0,103.44508567918268,10.831665255675253
2487.0,948.5,3011.653367136836,0.31494328343030203,635.6666666666665,98.0,39.83333333333333,497.83333333333326,785.4131319781268,84.0,14.0,15.5,24.33333333333333,130.66666666666666,47.66666666666666,102.33333333333331,217.16666666666663,1.0109863699437749,0.0,82.74559895547233,65.98987998604404
2501.0,0.0,0.0,0.0,1121.0,191.0,71.66666666666666,858.3333333333333,1218.7649225598127,155.5,35.5,70.83333333333333,0.8333333333333334,0.6666666666666666,258.0,302.8333333333333,296.8333333333333,0.0,0.0,97.76492255981286,0.0
2418.0,428.00000008075864,1458.6702718188346,0.29341792202776573,294.5000000555687,22.33333333754737,13.500000002547294,258.6666667154741,360.56243913845634,8.666666668301966,13.666666669245407,7.500000001415163,6.000000001132131,62.50000001179303,145.00000002735982,7.500000001415163,43.666666674906054,0.0,0.0,36.06703908357145,29.995399999316163
2503.0,1498.1512972478188,4364.826289785981,0.3432327423324049,92.45325087004952,15.706836819082996,11.365109568279566,65.38130448268696,276.0408421216444,13.663671053999028,2.043165765083967,11.365109568279566,0.0,0.0,38.30935809532438,7.9172673397003726,19.15467904766219,0.0,0.0,79.40211481062933,104.18547644096553
2506.0,262.0393892527499,785.350908102233,0.33365898803880795,384.2132292179928,88.66598269683006,17.674349809560624,277.8728967116021,435.4821343456998,74.53753871105307,14.128443985776972,17.64371375800669,0.030636051553933646,3.925646415307479,68.45119255371486,45.541269087696165,159.95478865488363,1.0109863701120507,0.0,32.26067875840542,17.997239999189414
2514.0,912.091028034888,2960.3795912716337,0.3080993500712179,90.58429978339579,12.41545326066533,3.395108563869189,74.77373795886128,203.9154534422573,11.007716459590304,1.4077368010750262,2.0257360509610858,1.3693725129081034,14.99957857962697,7.519501861209771,10.79877642430735,41.45588109371719,0.0,0.0,50.05719410185648,63.27395955700503
2512.0,2.9606108456241547,9.99581904620848,0.296184918108051,1519.2867989461288,638.8340291335677,38.15898423248911,842.293785580072,1595.2759043463468,528.962471084849,109.87155804871861,35.85628690811477,2.3026973243743423,69.57435487216763,96.54880924340992,90.79206593247407,585.3785555320203,0.0,0.0,75.98910540021787,0.0
2515.0,207.66666666666663,672.4604028552532,0.3088162006044047,409.5,45.333333333333336,6.333333333333333,357.8333333333333,454.3070444546031,12.333333333333334,33.0,6.0,0.3333333333333333,2.333333333333333,84.33333333333333,153.83333333333334,117.33333333333331,0.0,0.0,30.80919112423016,13.997853330372976
2519.0,1168.9089785433412,3772.1156038603144,0.3098815363312569,547.9157033552831,71.08454714642654,65.27155847791036,411.5595977309462,715.8121052721151,49.825617158710195,21.258929987716346,54.974264265110236,10.297294212800107,47.50042169130371,100.81383205112364,85.36789073192347,177.8774532565954,0.0,0.0,86.85920064955464,81.03720126727741
2518.0,579.3147815470503,1758.662947007807,0.3294063723425218,0.0,0.0,0.0,0.0,69.42241024275556,0.0,0.0,0.0,0.0,0.0,0.0,0.0,0.0,0.0,0.0,28.919151293776277,40.50325894897929
2522.0,392.8333333333333,1324.4944601485356,0.2965911486630748,115.33333333333331,33.0,9.166666666666666,73.16666666666666,170.72993800787634,28.83333333333333,4.166666666666667,7.0,2.1666666666666665,2.0,13.166666666666666,14.833333333333334,43.16666666666666,3.0329591098313244,0.0,25.367785570420946,26.99585999429074
2521.0,1021.1666666666666,2833.133210607674,0.3604372229457006,0.0,0.0,0.0,0.0,128.03117405247934,0.0,0.0,0.0,0.0,0.0,0.0,0.0,0.0,6.065918219662649,0.0,50.97614251449661,70.9891133183201
2526.0,0.0,0.0,0.0,998.1666666666666,223.0,199.16666666666663,576.0,1057.3607769883051,196.5,26.5,186.66666666666663,12.5,22.33333333333333,67.33333333333333,87.16666666666667,399.1666666666667,3.0329591098313244,0.0,56.16115121180721,0.0
2513.0,526.8560912849412,1434.8180443587041,0.36719366149344806,1124.1175911979515,461.6554531045601,67.78046897215735,594.681669121234,1247.1247178572364,200.93712969024193,260.71832341431826,44.43147447611908,23.348994496038255,18.538749892649495,101.117730904091,178.1948869722618,296.83030135223174,0.08198227343138104,0.0,86.14862399777385,36.776520388079675
2516.0,856.3105821385004,2052.0367611876586,0.4172978761076839,448.715747587766,98.67788191125551,33.21953139668756,316.8183342798229,582.9322793509375,64.89620451812677,33.78167739312873,24.235192448325904,8.984338948361653,1.46125015864634,46.38226962551181,70.30511388668221,198.66970060898257,0.9290041027390419,0.0,73.57890234394547,59.70862531648701
2517.0,785.6666666666666,1949.163756662988,0.40307884033907215,217.33333333333337,50.833333333333336,8.833333333333332,157.66666666666669,325.0927971887993,41.5,9.333333333333334,8.666666666666666,0.1666666666666666,4.833333333333333,40.5,22.166666666666668,90.16666666666669,3.0329591098313244,0.0,50.06829466789626,54.6582100777384
2520.0,1799.1666666666667,4808.136490357231,0.3741920950611353,679.1666666666666,111.83333333333331,68.66666666666667,498.6666666666666,937.69540214591,95.83333333333331,16.0,66.66666666666667,2.0,15.666666666666666,88.0,96.66666666666669,298.3333333333333,0.0,0.0,133.38125874419546,125.14747673504807
2525.0,353.1666666666667,971.2188697421832,0.3636324186745025,418.33333333333326,97.33333333333331,14.333333333333334,306.66666666666663,487.1962048191946,85.0,12.333333333333334,14.333333333333334,0.0,9.833333333333334,59.333333333333336,54.833333333333336,182.66666666666663,2.0219727398875498,0.0,42.01132905513519,24.829569690838543
2523.0,1153.0,2565.661822723386,0.44939671697500616,333.5,60.0,23.833333333333336,249.66666666666663,504.3587626118663,48.0,12.0,20.166666666666668,3.6666666666666665,16.166666666666668,40.333333333333336,37.0,156.16666666666666,0.0,0.0,90.87102929544923,79.987733316417
2527.0,577.8333333333334,1560.5458153229308,0.3702764299898236,446.66666666666674,78.66666666666667,23.166666666666668,344.83333333333337,538.8178660760635,57.833333333333336,20.83333333333333,23.166666666666668,0.0,0.1666666666666666,62.66666666666666,77.66666666666667,204.33333333333331,1.0109863699437749,0.0,51.14634638124448,39.99386665820851
2530.0,907.1666666666666,2132.837515883293,0.4253332285797556,0.0,0.0,0.0,0.0,109.28669842972415,0.0,0.0,0.0,0.0,0.0,0.0,0.0,0.0,1.0109863699437749,0.0,45.285372073102,62.9903399866784
2535.0,463.6666666666667,1335.0836170715938,0.3472941025848889,610.8333333333334,58.0,19.83333333333333,533.0,696.4669841345034,43.0,15.0,14.0,5.833333333333333,2.1666666666666665,144.33333333333334,136.66666666666666,249.83333333333331,0.0,0.0,53.6385574746032,31.995093326566803
2536.0,0.0,0.0,0.0,2124.833392619638,334.8333426757277,82.16666895925025,1707.8333809846604,2230.904224580538,271.3333409039745,63.50000177175325,81.33333560266557,0.8333333565846883,80.83333558871476,607.5000169502378,127.66667022877427,891.8333582169334,0.0,0.0,106.07083196089984,0.0
2561.0,339.0,956.9680225679456,0.35424381171099234,0.0,0.0,0.0,0.0,43.9520198764385,0.0,0.0,0.0,0.0,0.0,0.0,0.0,0.0,3.0329591098313244,0.0,16.92274077168207,23.996319994925106
2562.0,334.8333333333333,944.2232225147928,0.3546124744120955,0.0,0.0,0.0,0.0,43.5868598925759,0.0,0.0,0.0,0.0,0.0,0.0,0.0,0.0,3.875637470020832,0.0,16.714749094085178,22.99647332846989
2578.0,419.3333333333333,1170.116709485981,0.35836881050740804,297.0,72.16666666666666,16.166666666666668,208.66666666666663,362.7658205875098,57.66666666666666,14.5,16.166666666666668,0.0,0.6666666666666666,32.0,54.0,122.0,1.0109863699437749,0.0,35.759280890364856,28.995553327201165
2577.0,340.0,1273.598287224647,0.2669601580109759,0.0,0.0,0.0,0.0,40.968980355904165,0.0,0.0,0.0,0.0,0.0,0.0,0.0,0.0,0.0,0.0,16.972660360979066,23.996319994925106
2576.0,457.0,1384.388845673392,0.33010956526286284,246.00000000000003,94.66666666666669,16.666666666666668,134.66666666666669,313.08742342836894,84.66666666666667,10.0,16.666666666666668,0.0,0.3333333333333333,24.83333333333333,35.833333333333336,73.66666666666667,0.0,0.0,35.09233010180212,31.995093326566803
2574.0,581.1666666666666,1854.5282227574644,0.31337709479694004,23.166666666666668,4.333333333333333,1.5,17.333333333333336,114.82767611661345,4.0,0.3333333333333333,1.5,0.0,0.0,3.1666666666666665,4.833333333333333,9.333333333333334,0.0,0.0,51.50054582119651,40.16046362875028
2591.0,59.0,202.18725574372655,0.29180869873807885,31.0,0.0,0.1666666666666666,30.83333333333333,39.492149702550606,0.0,0.0,0.1666666666666666,0.0,0.0,30.83333333333333,0.0,0.0,0.0,0.0,4.492763036729753,3.9993866658208495
2592.0,167.0,565.8404847240776,0.29513618150075405,89.83333333333334,4.166666666666667,0.5,85.16666666666667,114.65243443923718,3.8333333333333335,0.3333333333333333,0.5,0.0,1.8333333333333333,2.833333333333333,73.66666666666667,6.833333333333333,0.0,0.0,12.820941108441303,11.998159997462553
2597.0,518.8333333333334,1417.6000013427135,0.36599416820112024,22.0,1.0,21.0,0.0,84.9925977808198,1.0,0.0,21.0,0.0,0.0,0.0,0.0,0.0,0.0,0.0,26.998117788432157,35.99447999238765
2590.0,332.0,984.1358897650624,0.33735178591978454,605.6666666666666,150.16666666666666,28.333333333333336,427.1666666666666,677.7903888424768,123.33333333333331,26.83333333333333,28.166666666666668,0.1666666666666666,2.6666666666666665,78.0,95.33333333333331,251.16666666666663,1.0109863699437749,0.0,48.1162624773965,22.99647332846989
2589.0,672.0,2443.7256744252595,0.2749899495810011,0.0,0.0,0.0,0.0,84.58270281075224,0.0,0.0,0.0,0.0,0.0,0.0,0.0,0.0,4.0439454797751,0.0,33.54596400758215,46.992793323395
2594.0,288.1666666666667,960.1732125298248,0.30011946064129097,25.83333333333333,6.333333333333334,2.166666666666667,17.333333333333332,61.5050129243827,5.166666666666667,1.1666666666666667,1.1666666666666667,1.0,0.8333333333333334,1.6666666666666667,1.3333333333333333,13.5,0.0,0.0,15.67474626194511,19.99693332910425
2595.0,230.16666666666663,669.0578843753615,0.34401607400763584,142.83333333333334,34.5,6.333333333333333,102.0,178.46171645730425,29.0,5.5,6.333333333333333,0.0,0.0,26.5,27.33333333333333,48.16666666666666,1.0109863699437749,0.0,18.61985009074375,15.9975466632834
2603.0,79.16666666666667,239.7632897420458,0.33018677192759466,1142.0,184.0,180.66666666666663,777.3333333333333,1218.294871702971,128.66666666666666,55.333333333333336,149.66666666666666,31.0,126.5,44.16666666666666,145.83333333333334,460.8333333333333,0.0,0.0,70.79577311705377,5.4990985859172765
2602.0,17.0,44.21153710372091,0.3845150183337384,1066.5,339.1666666666667,12.5,714.8333333333333,1121.5877946571966,192.33333333333331,146.83333333333334,10.333333333333334,2.1666666666666665,70.5,51.333333333333336,225.16666666666663,367.8333333333333,0.0,0.0,54.08794799074152,0.9998466664552126
2601.0,413.3333333333333,1099.470819400845,0.37593842968800095,1201.8333333333337,148.66666666666669,379.8333333333333,673.3333333333334,1315.4589880433882,135.83333333333334,12.833333333333334,344.8333333333333,35.0,109.66666666666669,85.33333333333333,99.16666666666669,379.1666666666667,0.0,0.0,84.63010138285381,28.995553327201165
2600.0,265.1666666666667,638.3555336648635,0.41539025305274335,809.6666666666666,189.0,15.166666666666666,605.5,884.6523807566621,160.83333333333334,28.166666666666668,12.666666666666666,2.5,83.0,53.0,89.66666666666667,379.8333333333333,0.0,0.0,56.65518721651515,18.330526873480213
2599.0,295.5,716.874092920201,0.4122062757161091,230.8333333333333,55.16666666666667,5.0,170.66666666666666,277.6047673394927,31.166666666666668,24.0,4.5,0.5,14.166666666666666,57.16666666666666,21.0,78.33333333333333,0.0,0.0,26.27454712921507,20.49688687694432
2598.0,490.8333333333333,1558.4375311891956,0.31495220277375735,77.66666666666666,8.166666666666666,1.1666666666666667,68.33333333333333,140.0408222046296,7.5,0.6666666666666666,1.1666666666666667,0.0,0.0,36.16666666666666,1.6666666666666667,30.5,0.0,0.0,28.379368878485725,33.99478665947723
2611.0,113.0,303.22562993352443,0.3726597914060654,1008.0,212.16666666666669,42.66666666666666,753.1666666666667,1071.9579079530963,107.16666666666669,105.0,41.66666666666666,1.0,47.5,265.6666666666667,102.66666666666669,337.3333333333333,0.0,0.0,55.95913462145477,7.998773331641701
2610.0,289.3333333333333,720.69949884594,0.40146182118434154,655.8333333333333,37.16666666666667,142.16666666666666,476.5,723.0126561556176,27.666666666666668,9.5,14.333333333333334,127.83333333333331,70.0,219.5,66.66666666666667,120.33333333333331,0.0,0.0,47.18238949317993,19.99693332910425
2609.0,258.5,654.3633537914479,0.3950404595584772,1217.6666666666667,132.66666666666666,43.5,1041.5,1309.3536011326153,54.333333333333336,78.33333333333333,43.16666666666666,0.3333333333333333,35.0,293.1666666666667,121.5,591.8333333333334,0.0,0.0,73.6896944697546,17.997239996193827
2616.0,316.3333333333333,871.7067522460788,0.3628896214446597,1474.3333333333333,177.83333333333334,167.33333333333334,1129.1666666666663,1586.2188051393657,149.83333333333334,28.0,164.83333333333334,2.5,374.5,271.8333333333333,85.83333333333333,397.0,0.0,0.0,89.8888451440178,21.99662666201468
2615.0,438.6666666666667,1222.1824923283066,0.35892075808661694,82.33333333333333,9.0,3.8333333333333335,69.5,138.669985331023,7.0,2.0,3.8333333333333335,0.0,3.1666666666666665,24.0,6.5,35.833333333333336,0.0,0.0,26.008011605344983,30.32864039234465
2608.0,166.33333333333334,465.178787032203,0.3575686122630922,468.0,96.0,23.33333333333333,348.66666666666663,511.33248239126647,84.66666666666667,11.333333333333334,22.5,0.8333333333333334,13.833333333333334,54.333333333333336,47.833333333333336,232.66666666666663,0.0,0.0,31.66759532408896,11.66488706717752
2596.0,610.0,1646.4990820978344,0.37048304893239775,2086.666666666667,333.3333333333333,5.166666666666667,1748.1666666666667,2263.276768940846,148.66666666666666,184.66666666666663,2.333333333333333,2.833333333333333,99.5,169.0,515.8333333333334,963.8333333333334,0.0,0.0,134.61654228306008,41.993559991118936
2606.0,225.5,701.0569851579471,0.32165716164884256,198.33333333333331,58.5,13.166666666666666,126.66666666666669,234.9891171472476,34.5,24.0,5.0,8.166666666666666,2.1666666666666665,86.16666666666667,5.833333333333333,32.5,0.0,0.0,21.158153511653182,15.497630302261072
2614.0,160.33333333333334,387.2213513270781,0.41406118950786625,246.00000000000003,33.833333333333336,20.0,192.16666666666669,277.28230036856564,28.166666666666668,5.666666666666667,19.83333333333333,0.1666666666666666,14.0,67.16666666666667,12.166666666666666,98.83333333333331,0.0,0.0,20.283987037558298,10.998313331007338
2612.0,237.0,763.4985779584564,0.31041315182763274,78.0,0.0,0.0,78.0,110.05547438730946,0.0,0.0,0.0,0.0,5.0,72.83333333333333,0.0,0.1666666666666666,0.0,0.0,15.724687325337802,16.33078706197167
2605.0,388.0,1276.1273461355124,0.30404489111135946,76.83333333333334,9.333333333333334,4.333333333333334,63.16666666666667,129.05544985073482,8.0,1.3333333333333333,2.333333333333333,2.0,12.833333333333334,8.0,7.5,34.833333333333336,2.0219727398875498,0.0,23.204283783223183,26.99585999429074
2539.0,188.83333333333331,547.0446371421281,0.34518816292549154,184.0,28.5,14.166666666666666,141.33333333333334,215.60965574075212,18.0,10.5,13.666666666666666,0.5,0.3333333333333333,72.16666666666667,29.0,39.833333333333336,0.0,0.0,18.61164907683435,12.998006663917764
2538.0,280.0,933.2099508847364,0.3000396638875786,104.0,18.5,8.0,77.5,142.166208952696,11.833333333333334,6.666666666666667,7.833333333333333,0.1666666666666666,0.1666666666666666,35.833333333333336,11.5,30.0,0.0,0.0,19.169122290046943,18.997086662649043
2537.0,261.0,845.6548559862922,0.3086365532609568,37.0,6.833333333333334,3.833333333333333,26.33333333333333,70.88426397664279,4.0,2.833333333333333,3.6666666666666665,0.1666666666666666,0.1666666666666666,10.166666666666666,5.5,10.5,1.0109863699437749,0.0,14.87603761050518,17.997239996193827
2542.0,347.0,893.4359680677511,0.3883882140434336,24.5,5.333333333333334,3.6666666666666665,15.5,83.0414720294934,4.166666666666667,1.1666666666666667,3.5,0.1666666666666666,0.0,2.0,3.8333333333333335,9.666666666666666,0.0,0.0,34.545152034568304,23.996319994925106
2679.0,293.3333333333333,774.3579738311217,0.37880843646779033,96.0,0.0,0.0,96.0,135.43233175915032,0.0,0.0,0.0,0.0,0.0,96.0,0.0,0.0,0.0,0.0,19.435398430046067,19.99693332910425
2678.0,302.6666666666667,843.2661833098397,0.35892185961814915,48.0,0.0,0.0,48.0,86.50194426362867,0.0,0.0,0.0,0.0,0.0,48.0,0.0,0.0,0.0,0.0,17.505164268069212,20.996779995559468
2686.0,503.8333333333333,1668.498054617965,0.30196818745988635,0.0,0.0,0.0,0.0,60.14582154496832,0.0,0.0,0.0,0.0,0.0,0.0,0.0,0.0,0.0,0.0,25.15118821903588,34.99463332593244
2684.0,364.8333333333333,858.3964019986893,0.42501731424299516,0.0,0.0,0.0,0.0,43.208508211687445,0.0,0.0,0.0,0.0,0.0,0.0,0.0,0.0,0.0,0.0,18.212341550307126,24.996166661380315
2683.0,246.0,837.5175743577629,0.2937251796640103,0.0,0.0,0.0,0.0,29.277612296799937,0.0,0.0,0.0,0.0,0.0,0.0,0.0,0.0,0.0,0.0,12.280218967061325,16.997393329738614
2617.0,546.0,1589.6033305071703,0.3434819174830215,3.0,0.0,3.0,0.0,68.39997866150082,0.0,0.0,3.0,0.0,0.0,0.0,0.0,0.0,0.0,0.0,27.405805336202736,37.994173325298085
2540.0,502.5,1318.706674184711,0.3810551731003183,422.5,43.83333333333333,13.166666666666666,365.5,504.6807889759621,30.33333333333333,13.5,11.5,1.6666666666666667,26.83333333333333,127.83333333333331,62.833333333333336,148.0,1.0109863699437749,0.0,46.17516928008587,34.99463332593244
2620.0,350.0,956.0458080094768,0.3660912448627468,0.0,0.0,0.0,0.0,41.468176248874144,0.0,0.0,0.0,0.0,0.0,0.0,0.0,0.0,0.0,0.0,17.47185625394904,23.996319994925106
2621.0,315.8333333333333,1075.406636886851,0.29368735741451796,0.0,0.0,0.0,0.0,105.52619731808234,0.0,0.0,0.0,0.0,0.0,0.0,0.0,0.0,0.0,67.76328501894203,15.766285637125636,21.99662666201468
2685.0,403.3333081679338,1180.6722341219931,0.34161327463406693,0.0,0.0,0.0,0.0,48.12986053177075,0.0,0.0,0.0,0.0,0.0,0.0,0.0,0.0,0.0,0.0,20.134155617776393,27.99570491399436
2622.0,351.3333327862784,1148.7599595660286,0.3058370287549045,69.99999989100424,10.333333317243483,6.499999989878964,53.16666658388178,115.02916016900619,6.499999989878964,3.833333327364518,6.333333323471812,0.16666666640715289,0.0,24.333333295444326,10.333333317243483,18.499999971193976,0.0,0.0,21.032840320441096,23.99631995756086
2628.0,300.3333331190237,912.1136443530872,0.3292718346868211,0.0,0.0,0.0,0.0,46.414460493514156,0.0,0.0,0.0,0.0,0.0,0.0,0.0,0.0,0.0,10.425120763710348,14.99255974922706,20.996779980576743
2627.0,164.66666666666666,518.4327679952468,0.31762395595368,147.0,0.0,0.0,147.0,173.55658663138104,0.0,0.0,0.0,0.0,0.0,146.33333333333334,0.1666666666666666,0.5,0.0,0.0,15.558273300373704,10.998313331007338
2626.0,473.0,1661.09801105169,0.284751409521302,122.0,1.1666666666666667,0.1666666666666666,120.66666666666669,184.6970956247354,1.1666666666666667,0.0,0.1666666666666666,0.0,37.333333333333336,34.5,1.8333333333333333,47.0,0.0,0.0,29.702155631713367,32.99493999302202
2636.0,126.33333333333331,375.782408735029,0.33618745954234713,1553.333333333333,578.3333333333333,30.666666666666668,944.3333333333331,1646.178386823486,441.8333333333333,136.5,29.5,1.1666666666666667,73.16666666666667,99.16666666666669,213.83333333333331,558.1666666666666,0.0,0.0,83.84643349205619,8.998619998096913
2635.0,161.0,492.2032801767173,0.32710062383614275,516.0,68.66666666666666,4.166666666666667,443.1666666666667,560.7935691359481,63.66666666666666,5.0,3.8333333333333335,0.3333333333333333,33.166666666666664,103.16666666666669,109.33333333333331,197.5,0.0,0.0,33.79525580494078,10.998313331007338
2634.0,335.6666666666667,762.9035263381643,0.43998573224300347,88.5,2.1666666666666665,0.3333333333333333,86.0,132.67116125733912,1.3333333333333333,0.8333333333333334,0.3333333333333333,0.0,12.0,0.1666666666666666,0.8333333333333334,73.0,0.0,0.0,21.174687928869243,22.99647332846989
2633.0,380.0,1334.8731158908674,0.28467125112965935,174.16666666666669,24.0,10.5,139.66666666666669,227.82644741659027,12.5,11.5,1.3333333333333333,9.166666666666666,13.5,8.666666666666666,83.66666666666667,33.833333333333336,0.0,0.0,27.663767422088068,25.996013327835527
2625.0,361.1666666666667,1249.0353209613895,0.28915648789553416,269.6666666666667,39.0,8.333333333333332,222.33333333333331,326.15410694381313,29.83333333333333,9.166666666666666,8.166666666666666,0.1666666666666666,14.666666666666666,32.333333333333336,38.0,137.33333333333334,0.0,0.0,31.491273615766232,24.996166661380315
2644.0,409.0,1138.2707259877552,0.35931698027732617,358.0,81.83333333333333,13.666666666666668,262.5,425.7935548331993,64.5,17.333333333333332,13.333333333333334,0.3333333333333333,0.1666666666666666,31.33333333333333,77.83333333333333,153.16666666666666,1.0109863699437749,0.0,38.28709410685348,28.495474356402053
2645.0,0.0,0.0,0.0,1143.6666666666667,0.1666666666666666,1143.0,0.5,1200.757956578164,0.1666666666666666,0.0,1138.0,5.0,0.0,0.0,0.1666666666666666,0.3333333333333333,0.0,0.0,57.09128991149712,0.0
2643.0,125.83333333333331,340.2777710518372,0.3697959256767441,503.8333333333333,88.16666666666667,15.833333333333334,399.8333333333333,544.9383285764463,69.16666666666667,19.0,14.833333333333334,1.0,0.0,166.66666666666666,79.5,153.66666666666666,1.0109863699437749,0.0,31.428619971354177,8.665388901815207
2642.0,717.3333333333334,1850.3071310469925,0.38768338579954115,196.66666666666669,25.333333333333336,11.333333333333332,160.0,292.618681543099,19.666666666666668,5.666666666666667,11.166666666666666,0.1666666666666666,4.833333333333333,38.333333333333336,40.16666666666666,76.66666666666667,0.0,0.0,45.95968155367172,49.99233332276063
2632.0,167.0,584.24214996382,0.2858403831533581,221.0,4.0,49.83333333333333,167.16666666666666,252.36696064469749,4.0,0.0,0.1666666666666666,49.66666666666666,11.5,0.5,1.1666666666666667,154.0,0.0,0.0,19.36880064723493,11.998159997462553
2656.0,1138.5,3435.4704395285657,0.3313956618285533,301.8333333333333,54.66666666666667,25.83333333333333,221.3333333333333,452.7219773340553,35.5,19.166666666666668,25.33333333333333,0.5,0.0,98.33333333333331,47.66666666666666,75.33333333333333,0.0,0.0,71.90075735076016,78.9878866499618
2655.0,502.3333333333333,1375.585575103768,0.365177814034172,0.0,0.0,0.0,0.0,61.08165319354808,0.0,0.0,0.0,0.0,0.0,0.0,0.0,0.0,1.0109863699437749,0.0,25.076033497671855,34.99463332593244
2624.0,651.0,1698.3876193767708,0.383304725359978,0.0,0.0,0.0,0.0,77.49075262282979,0.0,0.0,0.0,0.0,0.0,0.0,0.0,0.0,0.0,0.0,32.497652632345215,44.99309999048457
2623.0,977.8333333333334,2454.639119557839,0.39836134181283367,962.6666666666669,29.666666666666668,6.166666666666667,926.8333333333334,1127.5242879127773,22.666666666666668,7.0,5.666666666666667,0.5,126.5,16.5,718.8333333333334,65.0,0.0,0.0,96.86804792715613,67.98957331895446
2618.0,268.0,646.6291019860595,0.4144570653824018,3802.500000000001,382.1666666666666,482.3333333333333,2938.0000000000005,4028.033643476068,313.3333333333333,68.83333333333333,48.333333333333336,434.0,1309.1666666666667,278.6666666666667,519.3333333333334,830.8333333333334,1.0109863699437749,0.0,205.5255704434745,18.997086662649043
2550.0,0.0,0.0,0.0,4884.0,488.0,198.83333333333331,4197.166666666667,5127.807483430146,389.5,98.5,71.16666666666667,127.66666666666669,1057.5,403.6666666666667,841.3333333333334,1894.6666666666667,0.0,0.0,243.80748343014565,0.0
2631.0,0.33333333329250725,0.33333333329250725,1.0,1974.499999758167,377.3333332871183,28.499999996509374,1568.6666664745394,2073.083433769515,142.99999998248563,234.33333330463262,25.999999996815568,2.4999999996938045,207.16666664129323,161.8333333135123,341.1666666248812,858.4999998948525,0.0,0.0,98.58343401134803,0.0
2629.0,0.0,0.0,0.0,1885.3333333333333,521.6666666666667,53.0,1310.6666666666667,1991.948136123974,180.0,341.6666666666667,52.16666666666666,0.8333333333333334,40.0,162.33333333333334,330.5,777.8333333333334,0.0,0.0,106.61480279064068,0.0
2543.0,358.1666666666667,1017.1954159369336,0.3521119551416393,1175.1666666666667,176.83333333333334,287.0,711.3333333333334,1554.0926181869834,158.5,18.33333333333333,189.33333333333331,97.66666666666669,51.333333333333336,93.5,143.83333333333334,422.6666666666667,0.0,271.05314014047576,82.87664471846055,24.996166661380315
2547.0,0.0,0.0,0.0,1036.8333333333333,199.66666666666669,32.0,805.1666666666666,1088.5967760758012,122.66666666666669,77.0,31.0,1.0,20.166666666666668,98.5,177.16666666666666,509.3333333333333,0.0,0.0,51.76344274246787,0.0
2546.0,233.0,693.5190365674824,0.3359677063130308,857.1666666666666,159.83333333333334,44.5,652.8333333333333,938.6197039544744,123.0,36.833333333333336,43.333333333333336,1.1666666666666667,0.0,134.5,169.5,348.8333333333333,2.0219727398875498,0.0,63.43351788463653,15.9975466632834
2545.0,29.166666666666668,69.6022956989492,0.41904748074433124,369.1666666666666,11.833333333333334,3.8333333333333335,353.49999999999994,390.7153350986741,8.833333333333334,3.0,3.8333333333333335,0.0,0.0,294.3333333333333,23.83333333333333,35.333333333333336,0.0,0.0,19.88227124976117,1.66639718224625
2544.0,424.0,1218.9614546250762,0.347837085734932,29.0,3.5,2.0,23.5,80.94236767742919,3.333333333333333,0.1666666666666666,0.0,2.0,1.0,1.0,3.1666666666666665,18.33333333333333,0.0,0.0,22.613573951539752,29.32879372588944
2541.0,279.0,1028.3473939193557,0.27130909423190464,49.0,0.0,0.0,49.0,84.37071195206414,0.0,0.0,0.0,0.0,0.0,49.0,0.0,0.0,0.0,0.0,16.3736252894151,18.997086662649043
2549.0,1603.5,3998.508664641993,0.40102451550985185,2499.6666666666665,153.0,60.66666666666666,2286.0,2815.977978103329,91.0,62.0,58.5,2.1666666666666665,885.5,143.5,141.0,1116.0,0.0,0.0,204.82844763070776,111.48286380595415
2548.0,22.5,58.48063119329726,0.3847427693731669,664.9999999999999,62.5,15.666666666666666,586.8333333333333,700.9864769599079,47.66666666666666,14.833333333333334,13.5,2.1666666666666665,177.66666666666666,61.16666666666666,118.0,230.0,0.0,0.0,34.32007048329051,1.666406476617434
2551.0,0.0,0.0,0.0,657.3333333333334,34.833333333333336,10.5,612.0,690.1472672873815,27.5,7.333333333333333,9.5,1.0,357.6666666666667,37.833333333333336,73.5,143.0,0.0,0.0,32.8139339540483,0.0
2554.0,148.0,424.3935003326817,0.3487329562869906,538.5,64.5,16.833333333333332,457.1666666666666,582.768232177661,52.66666666666666,11.833333333333334,14.166666666666666,2.6666666666666665,39.66666666666666,77.66666666666667,117.66666666666669,222.16666666666663,0.0,0.0,34.26976551310897,9.998466664552128
2556.0,0.0,0.0,0.0,995.0,379.0,17.333333333333336,598.6666666666667,1044.6700293811489,105.0,274.0,8.333333333333334,9.0,240.33333333333331,42.0,121.0,195.33333333333331,0.0,0.0,49.67002938114872,0.0
2557.0,666.0,1947.27379227924,0.3420166196662371,1579.5,360.0,148.5,1071.0,1737.587667595358,324.1666666666667,35.833333333333336,72.5,76.0,481.1666666666667,89.0,202.83333333333331,298.0,0.0,0.0,112.09472093841823,45.99294665693978
2558.0,3.1666666095625913,8.86895166295792,0.3570508364352121,577.9999895770035,148.33333065845824,34.99999936884969,394.6666595496955,613.6845938833659,129.33333100108268,18.999999657375547,34.99999936884969,0.0,1.333333309289512,93.9999983049106,109.6666646890624,189.66666324643307,0.0,0.0,35.684604306362445,0.0
2641.0,875.0,2223.2699319338044,0.39356444641830934,549.8333333333334,97.83333333333331,30.166666666666668,421.83333333333337,694.1165948056525,72.5,25.33333333333333,30.0,0.1666666666666666,0.1666666666666666,72.5,106.16666666666669,243.0,0.0,0.0,83.29261481855137,60.990646653767975
2649.0,131.33333333333334,332.9495956829949,0.39445410066927156,0.0,0.0,0.0,0.0,15.55469299386835,0.0,0.0,0.0,0.0,0.0,0.0,0.0,0.0,0.0,0.0,6.556072995771436,8.998619998096913
2637.0,0.0,0.0,0.0,2956.833340834477,417.83333439332813,52.500000133186425,2486.500006307963,3127.599740771157,131.50000033360027,286.33333405972786,49.500000125575774,3.0000000076106526,1455.1666703582562,156.1666670628434,360.5000009145468,514.6666679723164,0.0,0.0,170.76639993668024,0.0
2652.0,505.0,1331.5855513093493,0.3792471309886421,34.0,0.0,0.0,34.0,95.90123481206494,0.0,0.0,0.0,0.0,0.0,33.833333333333336,0.0,0.1666666666666666,0.0,0.0,26.9066014861325,34.99463332593244
2647.0,641.000000168001,1759.0058229431838,0.36441039126037356,0.0,0.0,0.0,0.0,76.49155209727725,0.0,0.0,0.0,0.0,0.0,0.0,0.0,0.0,0.0,0.0,31.998456747761775,44.493095349515464
2651.0,235.9999999022576,648.1873860789873,0.36409224395721107,174.33333326113097,29.99999998757512,8.166666663284337,136.16666661027153,210.81795273742316,22.833333323876612,7.166666663698501,8.166666663284337,0.0,0.0,22.16666665748606,37.83333331766418,76.16666663512127,0.0,0.0,20.487072819634385,15.997546656657812
2650.0,416.3333333333333,1097.7733619019473,0.3792525377114407,1201.5,206.8333333333333,64.66666666666667,930.0,1340.1000559302634,143.66666666666666,63.16666666666666,64.5,0.1666666666666666,1.8333333333333333,133.5,261.3333333333333,533.3333333333334,0.842346204545786,0.0,108.7623189670909,28.995390758626694
2653.0,494.6666666666667,1372.1661952353832,0.3605005489745438,789.3333333333334,132.16666666666669,157.0,500.1666666666667,905.7438006078088,110.66666666666669,21.5,154.66666666666666,2.333333333333333,15.833333333333334,78.66666666666667,127.16666666666669,278.5,0.0,0.0,82.08232868047567,34.32813859399986
2711.0,606.8333333333334,1695.9290545606866,0.3578176408390665,330.5,28.833333333333336,77.0,224.66666666666663,419.2846533570454,27.166666666666668,1.6666666666666667,40.66666666666666,36.333333333333336,74.83333333333333,46.833333333333336,37.5,65.5,0.0,0.0,46.79109336592641,41.993559991118936
2707.0,384.0,1075.948805210626,0.356894304022977,387.00000000000006,98.33333333333334,28.83333333333333,259.83333333333337,452.4838633422757,69.16666666666667,29.166666666666668,2.0,26.83333333333333,14.333333333333334,11.0,55.5,179.0,0.0,0.0,38.48800334798488,26.99585999429074
2714.0,211.0,531.7058780581477,0.39683593638384584,0.0,0.0,0.0,0.0,25.530733338494606,0.0,0.0,0.0,0.0,0.0,0.0,0.0,0.0,0.0,0.0,10.53303334166642,14.997699996828189
2708.0,176.83333333333334,542.521337920769,0.32594724110032786,58.0,17.0,2.1666666666666665,38.83333333333333,81.72096522748899,17.0,0.0,0.0,2.1666666666666665,0.1666666666666666,0.0,0.0,38.66666666666666,0.0,0.0,11.722805230026433,11.998159997462553
2709.0,87.0,269.96662330359635,0.3222620594182208,0.0,0.0,0.0,0.0,10.342084267570035,0.0,0.0,0.0,0.0,0.0,0.0,0.0,0.0,0.0,0.0,4.343004268838761,5.999079998731276
2706.0,185.83333333333331,539.3303424791194,0.34456309741284025,0.0,0.0,0.0,0.0,35.274736952750345,0.0,0.0,0.0,0.0,0.0,0.0,0.0,0.0,0.0,0.0,22.276730288832585,12.998006663917764
2699.0,402.5,1385.6176744918748,0.2904841699190957,0.0,0.0,0.0,0.0,48.08831992184176,0.0,0.0,0.0,0.0,0.0,0.0,0.0,0.0,0.0,0.0,20.092613261095806,27.995706660745952
2702.0,597.5,1582.044120134029,0.37767593987794756,566.0,104.16666666666666,59.833333333333336,402.0,665.7437239393739,62.16666666666666,42.0,7.5,52.333333333333336,37.0,193.66666666666663,75.33333333333333,96.0,0.0,0.0,58.08345082554135,41.66027311383255
2690.0,360.0,1102.2253509558975,0.3266119761152222,61.0,0.0,0.0,61.0,108.02330012535994,0.0,0.0,0.0,0.0,0.0,61.0,0.0,0.0,1.0109863699437749,0.0,21.016147094035844,24.996166661380315
2691.0,230.5,657.5921017089426,0.35052124166482435,96.0,13.5,28.83333333333333,53.66666666666666,128.2962798774908,12.5,1.0,1.0,27.83333333333333,4.166666666666667,4.333333333333333,3.1666666666666665,42.0,0.0,0.0,16.298733214207417,15.9975466632834
2689.0,176.0,528.9817907276492,0.33271466633643554,0.0,0.0,0.0,0.0,29.784007713734063,0.0,0.0,0.0,0.0,0.0,0.0,0.0,0.0,0.0,0.0,17.785847716271515,11.998159997462553
2703.0,246.0,701.7252812088695,0.3505645394109404,567.6666666666667,74.0,109.33333333333334,384.33333333333337,625.2818663833266,25.83333333333333,48.16666666666666,2.1666666666666665,107.16666666666669,54.333333333333336,22.5,51.0,256.5,0.0,0.0,40.61780638692124,16.997393329738614
2704.0,229.0,840.8664947113008,0.27233811959486365,0.0,0.0,0.0,0.0,27.42913261229577,0.0,0.0,0.0,0.0,0.0,0.0,0.0,0.0,0.0,0.0,11.431585949012373,15.9975466632834
2705.0,343.0,1118.5281713249203,0.30665298272613845,88.0,0.0,0.5,87.5,133.5116629819309,0.0,0.0,0.0,0.5,30.83333333333333,1.3333333333333333,0.6666666666666666,54.66666666666666,0.0,0.0,21.515342987005813,23.996319994925106
2710.0,140.0,426.6311536290552,0.3281523133252627,14.0,0.0,1.0,13.0,32.69706978623348,0.0,0.0,1.0,0.0,5.0,4.0,2.0,2.0,1.0109863699437749,0.0,7.687616751737576,9.998466664552128
2698.0,382.0,1148.4573733142422,0.3326200944642956,104.0,1.0,13.0,90.0,155.2567803926314,0.0,1.0,13.0,0.0,18.0,48.0,1.1666666666666667,22.83333333333333,0.0,0.0,24.260920398340662,26.99585999429074
2692.0,719.3333333333334,2070.931910550564,0.3473476504314892,200.8333333333333,52.5,2.1666666666666665,146.16666666666666,296.591968330714,6.0,46.5,1.3333333333333333,0.8333333333333334,0.5,125.0,7.166666666666667,13.5,0.0,0.0,45.93290328975658,49.82573170762407
2694.0,421.0,1348.2763231952283,0.31225053259282065,85.99999999999999,1.0,8.333333333333334,76.66666666666666,140.30483265748484,0.0,1.0,7.166666666666667,1.1666666666666667,43.66666666666666,4.5,10.166666666666666,18.33333333333333,0.0,0.0,25.30927933028367,28.995553327201165
2695.0,509.6666666666667,1449.754930890419,0.35155367007693955,0.0,0.0,0.0,0.0,60.43700911243597,0.0,0.0,0.0,0.0,0.0,0.0,0.0,0.0,0.0,0.0,25.442375786503536,34.99463332593244
2787.0,460.5,1207.8075286036058,0.3812693571569324,1954.5,186.8333333333333,164.83333333333334,1602.8333333333333,2107.0479710987065,156.66666666666666,30.166666666666668,38.833333333333336,126.0,81.33333333333333,296.5,723.1666666666666,501.8333333333333,0.0,0.0,120.55287311691896,31.995097981787776
2677.0,505.3333333333333,1518.9870633499122,0.33267783875584284,108.66666666666669,1.0,3.1666666666666665,104.5,174.31198569960935,1.0,0.0,0.1666666666666666,3.0,5.0,1.3333333333333333,0.0,98.16666666666669,0.0,0.0,30.650685707010226,34.99463332593244
2671.0,707.6666666666666,2030.5335097535344,0.348512675741344,171.83333333333334,11.333333333333334,69.16666666666667,91.33333333333334,264.7300883959905,9.0,2.333333333333333,2.1666666666666665,67.0,21.5,12.0,21.666666666666668,36.16666666666666,0.0,0.0,43.90426840635178,48.992486656305424
2670.0,619.6666666666666,1591.263336726739,0.38941805065485485,716.8333333333334,4.0,22.33333333333333,690.5,826.5442774681696,3.0,1.0,20.33333333333333,2.0,3.0,386.6666666666667,4.5,296.3333333333333,0.0,0.0,66.71753747726218,42.99340665757415
2783.0,721.0,1770.4548837742489,0.4072399735275801,231.0,0.0,3.166666666666667,227.8333333333333,328.515782333502,0.0,0.0,2.0,1.1666666666666667,26.666666666666668,153.0,1.1666666666666667,47.0,0.0,0.0,47.52344901074139,49.99233332276063
2788.0,702.5,2091.3007878217804,0.33591533273972385,397.0,1.5,3.0,392.5,501.89009317757217,0.6666666666666666,0.8333333333333334,0.8333333333333334,2.1666666666666665,4.0,381.3333333333333,3.8333333333333335,3.333333333333333,1.0109863699437749,0.0,54.88662015132302,48.992486656305424
2672.0,437.1666666666667,1160.3252687297506,0.3767621704431625,450.6666666666667,37.0,5.333333333333333,408.33333333333337,524.9823637012886,31.33333333333333,5.666666666666667,4.833333333333333,0.5,24.666666666666668,62.5,49.66666666666666,271.5,0.0,0.0,44.320297040965634,29.995399993656378
2661.0,425.6666666666667,1018.277297793306,0.4180262759359584,1913.6666666666663,700.6666666666666,227.16666666666663,985.8333333333331,2060.444948402931,227.83333333333331,472.8333333333333,171.66666666666666,55.5,86.83333333333333,93.33333333333331,253.5,552.1666666666666,0.0,0.0,117.44954841757176,29.32873331869256
2669.0,556.5,1796.0463556311486,0.30984723654554025,607.3333333333334,157.83333333333334,9.5,440.0,708.0905813751127,93.66666666666669,64.16666666666667,9.333333333333334,0.1666666666666666,21.5,34.666666666666664,112.16666666666669,271.6666666666667,0.0,0.0,61.76322805002607,38.9940199917533
2667.0,578.1666666666666,1493.213859084514,0.38719615622985126,175.0,7.0,0.3333333333333333,167.66666666666666,258.5918711049308,7.0,0.0,0.1666666666666666,0.1666666666666666,10.666666666666666,23.0,109.0,25.0,0.0,0.0,43.59800444672226,39.99386665820851
2668.0,400.6666666666667,969.7601579692648,0.4131605772562222,609.3333333333334,34.333333333333336,192.66666666666663,382.33333333333337,714.7476379822112,30.166666666666668,4.166666666666667,24.0,168.66666666666666,24.666666666666668,91.66666666666669,118.16666666666669,147.83333333333334,0.0,0.0,77.41859798813182,27.995706660745952
2779.0,830.1666666666666,2530.5043289986465,0.32806372119314825,385.3333333333333,31.833333333333336,18.33333333333333,335.16666666666663,541.776963853399,30.666666666666668,1.1666666666666667,14.166666666666666,4.166666666666667,113.33333333333331,39.833333333333336,80.66666666666667,101.33333333333331,0.0,31.275362310212888,67.17716155545051,57.99110665440233
2664.0,593.6666666666666,1339.657988728036,0.44314793153313325,1798.8333333333333,441.83333333333337,252.33333333333331,1104.6666666666663,1961.592707443915,235.5,206.33333333333331,43.0,209.33333333333331,154.66666666666666,114.66666666666669,172.33333333333334,663.0,0.0,0.0,121.76566078591804,40.99371332466372
2665.0,17.0,40.97316878321735,0.41490566887673125,1851.6666666666663,300.0,517.3333333333334,1034.3333333333333,1945.9495403947972,274.3333333333333,25.666666666666668,21.83333333333333,495.5,134.33333333333334,258.8333333333333,207.66666666666663,433.5,0.0,0.0,93.2830270616755,0.9998466664552126
2666.0,210.5,425.48850917804566,0.49472546369499315,912.1666666666669,277.5,222.0,412.6666666666667,983.2076560353996,156.83333333333334,120.66666666666669,85.5,136.5,50.16666666666666,18.83333333333333,85.5,258.1666666666667,0.0,0.0,56.04328937190479,14.997699996828189
2770.0,595.5,1326.2015289581543,0.4490267783568434,1127.6666666666663,302.3333333333333,34.0,791.3333333333333,1254.8467487247217,64.83333333333333,237.5,24.166666666666668,9.833333333333334,449.8333333333333,57.66666666666666,208.66666666666663,75.16666666666667,0.0,0.0,86.18636873339095,40.99371332466372
2658.0,583.8333333333334,1455.2033560330915,0.4012039492025862,359.66666666666663,29.166666666666668,99.66666666666666,230.8333333333333,447.592701497874,28.0,1.1666666666666667,11.333333333333334,88.33333333333333,14.0,113.0,27.5,76.33333333333333,0.0,0.0,47.09896493469011,40.82706989651722
2659.0,141.5,336.92067469437706,0.4199801633674026,1066.6666666666667,126.16666666666669,389.3333333333333,551.1666666666667,1136.976258105885,114.5,11.666666666666666,11.5,377.8333333333333,79.83333333333333,87.16666666666667,76.0,308.1666666666667,0.0,0.0,60.31112477466635,9.998466664552128
2755.0,371.0,1009.349609517762,0.3675634254985773,1062.3333333333333,65.0,238.66666666666663,758.6666666666666,1162.2129870879446,10.833333333333334,54.16666666666666,213.0,25.666666666666668,531.8333333333334,72.0,30.166666666666668,124.66666666666669,0.0,0.0,73.88364042677588,25.996013327835527
2748.0,34.0,90.36324076034953,0.37625919249809436,2302.333333333333,230.16666666666663,538.1666666666666,1534.0,2420.961656866651,168.0,62.16666666666666,126.16666666666669,412.0,744.1666666666666,62.66666666666666,134.33333333333334,592.8333333333334,0.0,0.0,116.62863020040744,1.9996933329104252
2757.0,607.1666666666666,1359.8983754010276,0.44647944114766375,1065.6666666666667,140.5,104.5,820.6666666666667,1192.6622534122623,99.16666666666669,41.333333333333336,38.66666666666666,65.83333333333333,246.83333333333331,87.16666666666667,132.0,354.6666666666667,0.0,0.0,84.66879568022304,42.32679106537259
2663.0,142.0,297.622964145261,0.4771137214085872,1840.3333333333333,1287.5,27.5,525.3333333333333,1949.2859005330831,716.0,571.5,21.33333333333333,6.166666666666667,93.0,55.5,82.5,294.3333333333333,0.0,0.0,98.9541005351977,9.998466664552128
2604.0,330.6666666666667,900.4976697010405,0.3672043557607938,552.8333333333333,123.16666666666666,22.5,407.1666666666666,625.0961848000638,106.33333333333331,16.833333333333332,15.833333333333334,6.666666666666667,17.833333333333332,43.66666666666666,56.66666666666666,289.0,0.0,0.0,49.0997207369378,23.163130729792737
2588.0,569.1666666666666,1447.596124124776,0.3931805682408743,0.0,0.0,0.0,0.0,67.90650244052136,0.0,0.0,0.0,0.0,0.0,0.0,0.0,0.0,0.0,0.0,28.412570734931325,39.49393170559004
2583.0,874.1078190459111,2529.138313833984,0.3456148737554924,16.581550593766586,0.9753853290450933,5.85231197427056,9.753853290450934,122.49509202678178,0.9753853290450933,0.0,0.9753853290450933,4.876926645225467,8.77846796140584,0.0,0.0,0.9753853290450933,0.9861012731077133,0.0,44.46282243509395,60.46461772481356
2657.0,114.16666666666669,261.102322588215,0.43724875954749426,818.6666666666667,437.33333333333337,92.5,288.8333333333333,873.2320995296265,291.6666666666667,145.66666666666666,7.0,85.5,23.0,29.166666666666668,16.5,220.16666666666663,0.0,0.0,46.56665953131816,7.998773331641701
2564.0,353.24511502703183,1006.0561479985496,0.3511186882857169,0.0,0.0,0.0,0.0,43.51466069335397,0.0,0.0,0.0,0.0,0.0,0.0,0.0,0.0,1.2915949242009046,0.0,17.633829788123187,24.589235981029884
2571.0,1.0,2.0368668451579155,0.490950109172439,1526.0,407.6666666666666,338.83333333333337,779.5,1644.5583828376336,385.3333333333333,22.33333333333333,180.33333333333331,158.5,357.3333333333333,78.16666666666667,97.5,246.5,0.0,0.0,118.55838283763372,0.0
2569.0,46.0,130.36529256400095,0.3528546524560359,350.6666666666667,0.5,227.5,122.66666666666669,375.489634493322,0.5,0.0,62.66666666666666,164.83333333333334,120.33333333333331,1.0,1.1666666666666667,0.1666666666666666,2.0219727398875498,0.0,19.801455087402136,2.9995399993656378
2730.0,0.0,0.0,0.0,1341.0,342.0,16.5,982.5,1407.9421692472736,324.1666666666667,17.833333333333332,11.166666666666666,5.333333333333333,710.3333333333334,43.5,55.66666666666666,173.0,0.0,0.0,66.94216924727331,0.0
2729.0,0.0,0.0,0.0,3374.833333333333,342.33333333333337,802.8333333333333,2229.6666666666665,3545.324993403476,313.6666666666667,28.666666666666668,338.3333333333333,464.5,1223.0,27.166666666666668,36.333333333333336,943.1666666666666,2.0219727398875498,0.0,168.46968733025508,0.0
2726.0,0.0,0.0,0.0,203.8333333333333,0.3333333333333333,171.66666666666666,31.83333333333333,215.01960737676768,0.3333333333333333,0.0,130.16666666666666,41.5,17.333333333333332,0.0,0.3333333333333333,14.166666666666666,1.0109863699437749,0.0,10.175287673490567,0.0
2566.0,42.66666666666666,130.28218584357998,0.3274942494278789,1120.1666666666663,104.66666666666666,535.8333333333334,479.6666666666666,1203.0935648375823,88.83333333333333,15.833333333333334,152.66666666666666,383.1666666666667,131.5,98.66666666666669,92.83333333333331,156.66666666666666,5.054931849718874,0.0,74.87242632183096,2.9995399993656378
2784.0,468.0,1342.885737590273,0.3485032172877177,49.00000000000001,0.5,0.0,48.50000000000001,107.30336300693922,0.1666666666666666,0.3333333333333333,0.0,0.0,18.0,2.5,19.166666666666668,8.833333333333334,0.0,0.0,25.808427666547583,32.494935340391635
2786.0,340.0,1030.517412922685,0.32993134879275315,48.0,0.0,0.0,48.0,91.19859761371067,0.0,0.0,0.0,0.0,14.166666666666666,1.1666666666666667,0.1666666666666666,32.5,0.0,0.0,19.368879233922137,23.82971837978854
2772.0,518.1666666666666,1393.195827647481,0.3719266569593674,559.0,92.16666666666666,20.666666666666668,446.1666666666666,656.5972891987035,76.33333333333333,15.833333333333334,17.666666666666668,3.0,101.0,103.83333333333331,82.66666666666667,158.66666666666666,0.0,0.0,61.60280920631575,35.99447999238765
2768.0,55.333333333333336,120.77213920882171,0.45816306389720346,597.6666666666667,50.0,106.0,441.6666666666667,634.263538817469,47.0,3.0,49.16666666666666,56.833333333333336,239.16666666666663,19.33333333333333,78.0,105.16666666666669,0.0,0.0,32.59748548498163,3.9993866658208495
2774.0,526.5,1393.3846247358251,0.37785690372449765,139.00000000000003,3.1666666666666665,1.1666666666666667,134.66666666666669,209.0491927036382,3.1666666666666665,0.0,0.1666666666666666,1.0,4.0,111.66666666666669,6.0,13.0,0.0,0.0,33.22146765993191,36.8277250437063
2773.0,1105.6666666666667,2750.426836074938,0.4019982106648344,577.0,18.5,62.0,496.50000000000006,737.9863068587292,4.333333333333333,14.166666666666666,39.333333333333336,22.666666666666668,252.5,208.33333333333331,21.5,14.166666666666666,0.0,0.0,83.99811354167792,76.98819331705137
2769.0,404.3333333333333,733.9850253092483,0.5508740906028382,1572.6666666666663,241.3333333333333,219.33333333333331,1112.0,1699.3533783486382,101.16666666666669,140.16666666666666,21.0,198.33333333333331,451.1666666666667,267.1666666666667,134.16666666666666,259.5,0.0,0.0,98.6910050212254,27.995706660745952
2752.0,811.1666666666666,1975.5959508655703,0.41059340413775863,591.6666666666666,175.16666666666666,97.0,319.5,720.6869401631078,78.33333333333333,96.83333333333331,1.6666666666666667,95.33333333333331,125.66666666666669,44.5,65.5,83.83333333333333,0.0,0.0,73.02886017494929,55.99141332149191
2753.0,689.0,1966.0370411224317,0.3504511794989592,691.0,30.83333333333333,40.33333333333333,619.8333333333334,813.8816938788615,24.5,6.333333333333333,5.166666666666667,35.166666666666664,20.0,180.66666666666663,20.0,399.1666666666667,0.0,0.0,74.88905388901125,47.99263998985021
2754.0,619.5,1844.5482980846464,0.3358545832837667,0.0,0.0,0.0,0.0,73.9186199839671,0.0,0.0,0.0,0.0,0.0,0.0,0.0,0.0,0.0,0.0,30.92521332639296,42.99340665757415
2746.0,491.0,1462.581110321501,0.3357078773512052,163.83333333333331,9.0,27.33333333333333,127.5,230.5170861092385,8.666666666666666,0.3333333333333333,3.0,24.33333333333333,25.666666666666668,20.166666666666668,8.833333333333334,72.83333333333333,0.0,0.0,32.68896611642796,33.99478665947723
2747.0,455.0,1329.9318668015087,0.3421227894134733,0.0,0.0,0.0,0.0,54.70850645670055,0.0,0.0,0.0,0.0,0.0,0.0,0.0,0.0,0.0,0.0,22.71341313013375,31.995093326566803
2737.0,65.5,191.9643013235309,0.3412092745807371,484.5,103.16666666666666,9.833333333333334,371.5,517.7886496806661,40.16666666666666,63.0,2.1666666666666665,7.666666666666667,5.166666666666667,165.33333333333334,3.6666666666666665,197.33333333333331,0.0,0.0,28.28941634839011,4.999233332276064
2766.0,657.1666666666666,1405.1044525173131,0.46769951193971415,1112.6666666666667,361.8333333333333,61.66666666666667,689.1666666666667,1247.8413764931406,237.0,124.83333333333331,21.166666666666668,40.5,358.0,62.16666666666666,122.0,147.0,0.0,0.0,89.1817631695344,45.99294665693978
2758.0,271.1666666666667,690.7433452597842,0.3925722463018194,1938.1666666666667,343.8333333333333,131.16666666666666,1463.1666666666667,2068.622394979391,218.66666666666663,125.16666666666669,33.833333333333336,97.33333333333331,631.3333333333334,114.33333333333331,334.3333333333333,383.1666666666667,0.0,0.0,111.4586416500756,18.997086662649043
2749.0,0.0,0.0,0.0,1159.1666666666667,154.83333333333334,360.83333333333337,643.5,1222.379754593207,107.0,47.833333333333336,231.33333333333331,129.5,47.833333333333336,86.83333333333333,202.66666666666663,306.1666666666667,1.0109863699437749,0.0,62.20210155659655,0.0
2759.0,676.0,1466.168052750783,0.4610658367106744,2809.333333333333,1958.5,471.0,379.83333333333337,3030.3125950243734,1955.1666666666667,3.333333333333333,273.8333333333333,197.16666666666663,120.0,35.833333333333336,95.16666666666669,128.83333333333334,0.0,0.0,173.98646836764524,46.992793323395
2750.0,114.0,292.56250681581287,0.3896603199116366,3047.5,380.6666666666667,750.6666666666667,1916.1666666666667,3214.336528782764,322.1666666666667,58.5,150.83333333333334,599.8333333333334,129.0,288.6666666666667,385.5,1113.0,1.0109863699437749,0.0,157.82676908117915,7.998773331641701
2741.0,0.0,0.0,0.0,2946.0,441.1666666666666,524.1666666666666,1980.6666666666663,3106.076589598862,283.0,158.16666666666666,73.16666666666667,451.0,382.1666666666667,234.33333333333331,462.8333333333333,901.3333333333334,1.0109863699437749,0.0,159.06560322891826,0.0
2727.0,188.16666666666663,495.1414089153847,0.38002611633482397,3536.333333333333,447.1666666666667,1045.1666666666667,2044.0,3743.6449296902433,398.5,48.66666666666666,95.83333333333331,949.3333333333334,532.6666666666666,188.83333333333331,249.16666666666663,1073.3333333333333,5.223572015116863,0.0,189.25659607781483,12.831428263978742
2743.0,363.8333333333333,979.1107465651572,0.3715956898744152,328.5,47.16666666666666,20.33333333333333,261.0,389.2348867995984,31.5,15.666666666666666,18.5,1.8333333333333333,6.0,51.833333333333336,82.0,121.16666666666669,1.0109863699437749,0.0,34.56109961895017,25.162800810704443
2744.0,124.83333333333331,329.54992595858533,0.3787994579887151,2162.833333333333,672.0,386.5,1104.3333333333333,2286.031425760332,541.0,131.0,118.66666666666669,267.8333333333333,74.5,126.33333333333331,134.5,769.0,0.0,0.0,114.1994724289014,8.998619998096913
2732.0,8.0,20.83868832329294,0.3839013221891615,1493.3333333333333,76.83333333333333,1058.0,358.5,1571.9587353571712,71.5,5.333333333333333,892.0,166.0,41.833333333333336,83.16666666666667,51.66666666666666,181.83333333333331,1.0109863699437749,0.0,76.78121706277072,0.833198591123125
2824.0,37.166666626084265,89.65177902127223,0.4145669727007369,4566.833328346795,879.6666657061562,523.3333327619042,3163.8333298787343,4799.667395483737,821.3333324365171,58.333333269639,384.4999995801633,138.8333331817408,1334.1666652098863,258.16666638477375,532.6666660850464,1038.833332199028,0.0,0.0,229.83452714085178,2.9995399960904314
2735.0,281.5,817.5796785816707,0.3443089491758693,241.66666666666663,44.0,35.0,162.66666666666666,287.77995925905446,18.83333333333333,25.166666666666668,2.333333333333333,32.666666666666664,29.5,16.0,8.833333333333334,108.33333333333331,0.0,0.0,26.116359263283552,19.99693332910425
2800.0,0.0,0.0,0.0,1543.5,183.0,736.1666666666666,624.3333333333334,1620.5500980474917,178.66666666666666,4.333333333333333,672.1666666666666,64.0,298.1666666666667,39.0,34.5,252.66666666666663,0.0,0.0,77.05009804749143,0.0
2791.0,255.53256967911608,690.1025741892868,0.3702820120317746,4712.642858289473,594.394325733399,8.317515830423309,4109.93101672565,4978.493386534635,359.8095737012749,234.58475203212404,8.317515830423309,0.0,1.0781964965363549,591.4677923856575,1874.2135671220522,1643.1714607214046,0.0,0.0,247.9860717766052,17.864456468556146
2803.0,1397.9674322105634,3820.081482966894,0.3659522547997646,454.6905098726668,48.93901199280089,0.6824842310472249,405.06901364881855,644.6236568636274,29.690428957894902,19.248583034905987,0.6824842310472249,0.0,0.08847017809871434,116.3655453189713,153.786446729308,134.82855142244065,0.0,0.0,92.48201950519345,97.4511274857671
2805.0,0.0,0.0,0.0,250.66666666666663,24.666666666666664,15.5,210.5,263.1799655996186,22.83333333333333,1.8333333333333333,15.5,0.0,0.0,57.333333333333336,44.0,109.16666666666669,0.0,0.0,12.513298932951898,0.0
2810.0,1171.0,2414.9595469540754,0.4848942507036821,288.8333333333333,24.5,0.3333333333333333,264.0,443.0282216724655,19.0,5.5,0.3333333333333333,0.0,0.0,56.833333333333336,71.5,135.66666666666666,0.0,0.0,72.87406795757164,81.3208203815605
2811.0,496.0,1020.014700136122,0.4862675017662082,520.8333333333333,91.16666666666666,23.166666666666664,406.5,611.5885751026332,68.33333333333333,22.83333333333333,22.83333333333333,0.3333333333333333,20.0,47.833333333333336,86.16666666666667,252.5,0.0,0.0,56.42721471113442,34.328027058165496
2808.0,350.3333333333333,996.3881179595196,0.3516032829162725,59.0,9.333333333333334,6.333333333333333,43.333333333333336,103.42993807471667,5.5,3.8333333333333335,6.333333333333333,0.0,0.1666666666666666,17.5,11.0,14.666666666666666,0.0,0.0,20.433618079791582,23.996319994925106
2813.0,419.0,1329.286386900179,0.3152067185289428,0.0,0.0,0.0,0.0,49.91186124264301,0.0,0.0,0.0,0.0,0.0,0.0,0.0,0.0,0.0,0.0,20.91630791544185,28.995553327201165
2809.0,759.1666666666666,2161.594392441443,0.35120680795679493,0.0,0.0,0.0,0.0,91.9001262232589,0.0,0.0,0.0,0.0,0.0,0.0,0.0,0.0,1.0109863699437749,0.0,37.89726653118884,52.991873322126274
2814.0,221.66666666666663,698.6462434028957,0.3172802670304144,39.0,0.0,0.0,39.0,68.02108127215385,0.0,0.0,0.0,0.0,0.0,38.833333333333336,0.0,0.1666666666666666,1.0109863699437749,0.0,13.012394905381887,14.997699996828189
2816.0,324.0,669.0688358240992,0.48425510598012794,301.0,80.16666666666667,4.0,216.8333333333333,354.69622868324643,51.0,29.166666666666668,3.333333333333333,0.6666666666666666,10.5,20.33333333333333,53.333333333333336,132.66666666666666,0.0,0.0,31.19976000740695,22.49646867583951
2815.0,487.8333333333333,1413.4209950045715,0.3451436868827292,345.83333333333337,53.66666666666667,30.166666666666668,262.0,421.4441467619208,26.166666666666668,27.5,16.166666666666668,14.0,8.833333333333334,61.5,41.16666666666666,150.5,0.0,0.0,41.616026769110256,33.99478665947723
2817.0,0.0,0.0,0.0,2737.833333333333,401.3333333333333,619.6666666666666,1716.8333333333333,2874.504612814046,343.0,58.333333333333336,192.16666666666663,427.5,364.0,127.83333333333331,372.5,852.5,0.0,0.0,136.67127948071305,0.0
2812.0,1.0,1.7774724886777404,0.5625966119700108,1818.1666666666663,259.5,1028.6666666666663,530.0,1908.978889887024,216.0,43.5,925.6666666666666,103.0,48.833333333333336,44.833333333333336,77.83333333333333,358.5,0.0,0.0,90.81222322035744,0.0
2807.0,0.8333333333333334,1.4814643359705624,0.562506510011519,2712.0,229.33333333333331,612.3333333333333,1870.3333333333333,2847.423443716657,193.5,35.833333333333336,153.0,459.3333333333333,221.16666666666663,442.1666666666667,252.66666666666663,954.3333333333334,0.0,0.0,135.42344371665664,0.0
2818.0,984.6666666666666,2616.978319070738,0.3762609187439931,270.0,0.0,0.0,270.0,400.9552914875095,0.0,0.0,0.0,0.0,0.0,0.5,0.3333333333333333,269.1666666666667,0.0,0.0,62.63247776986676,68.32281371764273
2820.0,223.0,678.2064333731776,0.32880844095045036,530.5,55.333333333333336,283.8333333333333,191.3333333333333,584.456374475835,54.5,0.8333333333333334,237.16666666666663,46.66666666666666,23.0,7.666666666666667,11.0,149.66666666666666,1.0109863699437749,0.0,37.6144477103748,15.330940395516455
2930.0,969.3333333333334,2301.90833329899,0.42109988452239067,2209.6666666666665,310.1666666666667,57.333333333333336,1842.1666666666663,2435.350771656691,171.83333333333334,138.33333333333334,55.333333333333336,2.0,87.0,546.6666666666666,313.5,895.0,0.0,0.0,158.69437833752565,66.98972665249924
2823.0,57.66666666666666,161.8627544245879,0.3562689073942186,2541.0,130.5,1174.0,1236.5,2675.734444711068,112.83333333333331,17.666666666666668,1105.1666666666667,68.83333333333333,232.5,327.6666666666667,197.33333333333331,479.0,1.0109863699437749,0.0,129.72407167530363,3.9993866658208495
2934.0,657.6580327416196,1671.0145753721768,0.3935681007421152,16.950539725144672,2.585789845707835,1.5137355851786174,12.851014294258217,96.58808394278917,2.2693474155840363,0.31644243012379836,1.483324139872895,0.030411445305722505,0.44096595693297636,4.8252562387532425,1.545949690155918,6.038842408416078,0.006003643260680061,0.0,33.9153541144204,45.71618645996343
2933.0,309.3328033041749,729.7794733289909,0.4238716141098216,290.5169393562324,75.26345579177006,14.550934786408872,200.70254877805343,354.0825614073521,60.21076463341604,15.05269115835401,14.550934786408872,0.0,0.0,37.25541061692618,47.54141624180141,115.90572191932588,0.7609032796034538,0.0,40.98166331151909,21.82305545999716
2936.0,227.5364002701402,617.2561462780257,0.3686255724501977,147.18583785588643,20.14643234535152,13.99338291619296,113.0460225943419,182.98993144687185,18.116430335061487,2.030002010290032,13.690461028498978,0.30292188769398054,4.3923673715627185,45.286360373594015,11.855181772599929,51.51211307658524,0.0030840007928019425,0.0,20.265911611341018,15.535097978851637
2833.0,458.1666666666667,1376.9937931580123,0.3327296527720015,929.6666666666666,240.16666666666663,270.5,419.0,1032.1084165652856,88.5,151.66666666666666,265.6666666666667,4.833333333333333,49.16666666666666,35.333333333333336,76.33333333333333,258.1666666666667,0.0,0.0,70.44665657205208,31.995093326566803
2826.0,249.0,641.3606606895592,0.38823709538450263,823.1666666666667,228.66666666666669,13.0,581.5,893.6863983835526,58.333333333333336,170.33333333333334,12.0,1.0,23.83333333333333,96.66666666666669,135.66666666666666,325.3333333333333,0.0,0.0,53.522338387147215,16.997393329738614
2825.0,352.0,792.0662212255161,0.4444072863697832,88.0,0.1666666666666666,0.0,87.83333333333333,134.2941249854265,0.0,0.1666666666666666,0.0,0.0,0.0,87.83333333333333,0.0,0.0,0.0,0.0,21.96456459181312,24.329560393613367
2832.0,547.0,1800.0371069441287,0.30388262435802016,33.0,0.0,0.0,33.0,99.9475351175565,0.0,0.0,0.0,0.0,0.0,33.0,0.0,0.0,0.0,0.0,28.95336179225841,37.994173325298085
2831.0,339.0,625.7585877040304,0.5417424653232874,718.0,71.16666666666667,22.833333333333336,624.0,794.7611084649753,63.333333333333336,7.833333333333333,15.833333333333334,7.0,297.8333333333333,35.166666666666664,179.0,112.0,0.0,0.0,52.7647884700502,23.996319994925106
2837.0,963.0,2104.9850715114217,0.45748542972257117,3087.333333333333,618.5,65.16666666666666,2403.666666666667,3356.513804738036,425.6666666666667,192.83333333333331,52.16666666666666,13.0,227.16666666666663,388.1666666666667,507.3333333333333,1281.0,0.0,0.0,202.19074475220356,66.98972665249924
2854.0,550.8333333333334,1461.3660731547564,0.37693042383569897,252.83333333333331,7.333333333333333,8.0,237.5,348.445838623256,6.5,0.8333333333333334,1.3333333333333333,6.666666666666667,4.0,49.833333333333336,173.5,10.166666666666666,0.0,0.0,57.61833196462453,37.994173325298085
2853.0,840.0,2426.702278665288,0.34614876632580116,346.83333333333337,58.833333333333336,84.16666666666667,203.83333333333331,468.2374998015301,23.5,35.333333333333336,4.166666666666667,80.0,8.833333333333334,26.0,62.833333333333336,106.16666666666669,0.0,0.0,63.41305981379448,57.99110665440233
2843.0,3929.0,9867.28272817486,0.39818459734423184,677.3333333333333,196.8333333333333,59.83333333333333,420.6666666666666,1202.2376971520666,116.33333333333331,80.5,40.66666666666666,19.166666666666668,23.33333333333333,83.66666666666667,71.83333333333333,241.83333333333331,0.0,0.0,251.61298347777213,273.2913803409613
2844.0,625.0,1756.2233099159166,0.35587729445973665,232.0,19.166666666666668,8.166666666666666,204.66666666666663,349.7744017777487,16.666666666666668,2.5,2.1666666666666665,6.0,31.666666666666668,89.83333333333333,35.666666666666664,47.5,0.0,0.0,74.44775472148636,43.32664705626241
2838.0,543.0,1521.5751819301477,0.35686701942075183,3084.5,418.0,63.0,2603.5,3303.5792573839176,316.3333333333333,101.66666666666669,49.66666666666666,13.333333333333334,117.5,212.5,1435.6666666666667,837.8333333333334,0.0,0.0,181.08508405861903,37.994173325298085
2845.0,421.3333333333333,942.11676402301,0.44721986639337924,951.8333333333331,284.3333333333333,75.5,592.0,1051.8768103687785,217.16666666666663,67.16666666666667,14.166666666666666,61.333333333333336,64.83333333333333,67.33333333333333,144.5,315.3333333333333,0.0,0.0,71.04792370824397,28.995553327201165
2855.0,773.0,1433.6036569280786,0.539200633497533,2696.666666666667,661.6666666666666,114.16666666666669,1920.8333333333333,2923.8628172540107,414.0,247.66666666666663,48.0,66.16666666666667,157.5,200.16666666666663,502.0,1061.1666666666667,0.0,0.0,173.2044305987625,53.99171998858148
2827.0,156.83333333333334,438.796097109227,0.3574173388654679,992.1666666666669,338.6666666666667,36.16666666666666,617.3333333333334,1060.5229777018724,142.83333333333334,195.83333333333331,26.5,9.666666666666666,31.33333333333333,33.333333333333336,308.8333333333333,243.83333333333331,0.0,0.0,57.35799770419842,10.998313331007338
2830.0,180.66666666666663,548.1459411569896,0.3295959216359928,0.0,0.0,0.0,0.0,21.85007217422664,0.0,0.0,0.0,0.0,0.0,0.0,0.0,0.0,0.0,0.0,9.018750772458697,12.831321401767942
2740.0,467.5,1320.776486208386,0.35395845162422135,0.0,0.0,0.0,0.0,55.665773440875824,0.0,0.0,0.0,0.0,0.0,0.0,0.0,0.0,0.0,0.0,23.33743971562076,32.32833372525507
2834.0,515.3333333333334,1343.7170848535918,0.38351327012373504,491.33333333333337,143.66666666666669,12.333333333333334,335.33333333333337,577.579984665528,79.66666666666667,64.0,9.833333333333334,2.5,55.833333333333336,63.333333333333336,26.166666666666668,190.0,0.0,0.0,50.25217133980701,35.99447999238765
2829.0,673.0,1987.712781815421,0.3385801038041998,7.0,0.0,7.0,0.0,87.93811404535313,0.0,0.0,7.0,0.0,0.0,0.0,0.0,0.0,0.0,0.0,33.94532072195813,46.992793323395
2835.0,339.6666666666667,874.6804789713595,0.3883322822822352,253.0,0.0,0.1666666666666666,252.83333333333331,306.5820336125511,0.0,0.0,0.1666666666666666,0.0,0.0,252.83333333333331,0.0,0.0,0.0,0.0,29.585713617625952,23.996319994925106
2828.0,720.3333333333334,2279.538033868704,0.3159996993385647,32.0,0.0,0.0,32.0,119.54848796875103,0.0,0.0,0.0,0.0,0.0,31.83333333333333,0.0,0.1666666666666666,0.0,0.0,37.5561546459904,49.99233332276063
2839.0,730.0,1679.9372820234405,0.4345400318282919,1119.8333333333337,290.6666666666667,56.16666666666667,773.0,1263.0016606439087,204.0,86.66666666666667,38.5,17.666666666666668,32.833333333333336,138.5,99.66666666666669,502.0,0.0,0.0,92.342818636508,50.82550867406737
2840.0,590.0,1514.8105276289864,0.38948765488412634,26.0,4.0,8.5,13.5,97.74418033161402,4.0,0.0,1.3333333333333333,7.166666666666667,0.0,1.5,0.5,11.5,0.0,0.0,30.750467006950306,40.99371332466372
2847.0,843.0,2163.918213886843,0.38957110051114097,420.6666666666667,36.83333333333333,8.833333333333334,375.0,542.4059796162617,31.83333333333333,5.0,7.5,1.3333333333333333,19.5,72.16666666666667,51.333333333333336,232.0,0.0,0.0,63.08169296621934,58.65761998337564
2849.0,446.6666666666667,1253.5559778086242,0.3563196814293822,877.8333333333333,243.33333333333331,12.666666666666668,621.8333333333333,974.9471267646048,226.33333333333331,17.0,9.833333333333334,2.833333333333333,63.5,49.66666666666666,156.5,352.1666666666667,0.0,0.0,66.11854677115976,30.995246660111597
2850.0,87.0,271.3922584017412,0.32056920308763615,1211.0,102.66666666666669,41.0,1067.3333333333333,1281.7949757704623,87.5,15.166666666666666,20.666666666666668,20.33333333333333,109.66666666666669,187.83333333333331,383.3333333333333,386.5,0.0,0.0,64.79589577173094,5.999079998731276
2846.0,381.5,787.6085805495862,0.48437765842240155,796.3333333333334,200.5,52.833333333333336,543.0,882.292897377725,154.33333333333334,46.16666666666666,22.166666666666668,30.666666666666668,69.5,65.5,66.5,341.5,0.0,0.0,59.130375365249456,26.829188679142263
2856.0,261.0,612.4243056193473,0.42617511683513215,1187.8333333333333,249.3333333333333,79.16666666666666,859.3333333333333,1278.1558567982247,107.83333333333331,141.5,77.33333333333333,1.8333333333333333,120.33333333333331,252.0,214.5,272.5,0.0,0.0,72.32528346869752,17.997239996193827
2858.0,557.1666666666666,1502.0466686555628,0.3709383192237095,0.0,0.0,0.0,0.0,66.80754455058967,0.0,0.0,0.0,0.0,0.0,0.0,0.0,0.0,0.0,0.0,27.813524558836367,38.9940199917533
2859.0,521.0,1523.2723375090657,0.34202682420660663,55.0,0.0,0.0,55.0,119.74816342745808,0.0,0.0,0.0,0.0,0.0,55.0,0.0,0.0,0.0,0.0,28.753683435070418,35.99447999238765
2863.0,689.0,1786.3709548885863,0.38569816538635565,312.33333333333337,5.166666666666667,7.0,300.1666666666667,410.3121628167178,5.166666666666667,0.0,3.8333333333333335,3.1666666666666665,59.333333333333336,1.1666666666666667,58.833333333333336,180.83333333333331,0.0,0.0,49.98618949353422,47.99263998985021
2864.0,247.16666666666663,728.5481573536985,0.33925920225294204,897.6666666666666,5.833333333333333,2.1666666666666665,889.6666666666666,971.8137628823486,4.5,1.3333333333333333,2.1666666666666665,0.0,201.66666666666663,190.0,143.0,355.0,0.0,0.0,57.14970288594327,16.997393329738614
2865.0,603.0,1523.913633352907,0.39569171559498584,1377.5,475.0,31.666666666666668,870.8333333333333,1518.3590922850296,383.0,92.0,29.166666666666668,2.5,52.5,110.16666666666669,161.0,547.1666666666666,0.0,0.0,98.86553229391085,41.993559991118936
2866.0,527.1666666666666,1326.6755118050958,0.39735915977630076,1602.6666666666667,342.33333333333337,57.16666666666666,1203.1666666666667,1745.8151102171369,188.0,154.33333333333334,53.5,3.6666666666666665,102.66666666666669,94.5,151.66666666666666,854.3333333333334,0.0,0.0,106.3208021537771,36.827641396693046
2867.0,295.0,695.1410795289995,0.42437428701506247,2336.6666666666665,599.3333333333333,45.16666666666667,1692.1666666666663,2488.701845091849,417.8333333333333,181.5,38.833333333333336,6.333333333333333,118.16666666666669,243.33333333333331,249.16666666666663,1081.5,0.0,0.0,131.70500469738906,20.33017372779252
2873.0,488.6666666666667,1308.626163403115,0.37341960625017373,71.00000000000001,1.1666666666666667,0.0,69.83333333333334,132.9330887606105,1.0,0.1666666666666666,0.0,0.0,11.666666666666666,28.83333333333333,1.3333333333333333,28.0,0.0,0.0,27.938302101133274,33.99478665947723
2874.0,668.3333333333334,1443.6256845178295,0.46295472607676447,1485.3333333333337,221.66666666666669,37.66666666666666,1226.0,1639.1696526303103,163.33333333333334,58.333333333333336,31.5,6.166666666666667,143.83333333333334,169.16666666666666,213.83333333333331,699.1666666666666,0.0,0.0,107.51013224134893,46.32618705562805
2884.0,676.8333333333334,1384.8437517325622,0.4887434647313496,42.0,2.0,0.0,40.0,124.87665278805548,2.0,0.0,0.0,0.0,1.0,0.0,26.0,13.0,0.0,0.0,35.88385946466048,46.992793323395
2885.0,18.0,39.38419350626009,0.457036145659271,1586.0,295.0,80.16666666666667,1210.8333333333333,1667.070844208369,239.5,55.5,45.333333333333336,34.833333333333336,219.66666666666663,134.16666666666666,359.0,498.0,0.0,0.0,80.07099754191387,0.9998466664552126
2896.0,0.0,0.0,0.0,1377.5,582.0,28.666666666666668,766.8333333333333,1446.2643715261029,492.5,89.5,26.5,2.1666666666666665,55.66666666666666,73.16666666666667,90.33333333333331,547.6666666666666,0.0,0.0,68.76437152610288,0.0
2883.0,411.0,1144.286642539076,0.35917573859642854,128.0,2.0,4.166666666666666,121.83333333333331,183.9022119582827,2.0,0.0,2.1666666666666665,2.0,2.0,108.66666666666669,2.333333333333333,8.833333333333334,0.0,0.0,26.906658631081523,28.995553327201165
2897.0,23.0,48.13420765628302,0.47783065557531373,1240.5,601.0,15.333333333333334,624.1666666666667,1305.573121351629,488.0,113.0,13.833333333333334,1.5,27.666666666666668,38.5,68.5,489.5,0.0,0.0,63.07342801871855,1.9996933329104252
2875.0,95.0,223.40935651855872,0.42522838559856063,1101.1666666666667,82.33333333333333,50.16666666666666,968.6666666666669,1167.8773664763196,68.0,14.333333333333334,14.166666666666666,36.0,243.16666666666663,184.66666666666663,137.16666666666666,403.6666666666667,0.0,0.0,59.71177314446658,6.998926665186488
2876.0,463.0,1061.3967661793854,0.43621764711665695,19.0,0.0,0.0,19.0,75.05633536771948,0.0,0.0,0.0,0.0,5.666666666666667,0.1666666666666666,13.166666666666666,0.0,0.0,0.0,24.06124204115268,31.995093326566803
2877.0,318.8333333333333,931.4810277567452,0.3422864490339315,0.0,0.0,0.0,0.0,48.33778787580936,0.0,0.0,0.0,0.0,0.0,0.0,0.0,0.0,0.0,10.425120771149428,15.916040442645247,21.99662666201468
2886.0,214.33333333333331,614.1793520849827,0.3489751529512123,495.0,165.16666666666669,11.833333333333332,318.0,545.0726648689906,71.16666666666667,94.0,11.166666666666666,0.6666666666666666,28.666666666666668,30.33333333333333,63.333333333333336,195.66666666666663,0.0,0.0,35.40815881324604,14.664506055744647
2898.0,70.0,169.51647855075075,0.4129392056657373,3020.6666666666665,1921.6666666666663,27.5,1071.5,3179.950667545135,1056.8333333333333,864.8333333333334,4.833333333333333,22.666666666666668,255.0,42.333333333333336,122.16666666666669,652.0,0.0,0.0,154.28476754619234,4.999233332276064
2888.0,503.1666666666667,1360.0261997418488,0.36996836293460705,1424.333333333333,215.16666666666663,91.0,1118.1666666666663,1555.5478829312735,157.66666666666666,57.5,24.33333333333333,66.66666666666667,276.8333333333333,125.66666666666669,152.66666666666666,563.0,0.0,0.0,96.21991627200772,34.99463332593244
2899.0,627.6666666666666,1515.433823338142,0.4141828280459423,2738.333333333333,986.1666666666666,62.66666666666666,1689.5,2950.356096991808,831.1666666666666,155.0,59.0,3.6666666666666665,177.16666666666666,182.5,248.5,1081.3333333333333,0.0,0.0,168.0295103344453,43.99325332402936
2900.0,203.0,527.2060277786177,0.38504870829216503,740.6666666666666,149.66666666666666,109.33333333333331,481.6666666666666,801.7719927934854,66.33333333333333,83.33333333333333,17.5,91.83333333333331,31.33333333333333,52.0,103.33333333333331,295.0,0.0,0.0,47.10747279644583,13.997853330372976
2901.0,8.0,19.14348054159732,0.41789683869746735,573.3333333333333,181.0,8.166666666666668,384.1666666666666,606.0201251643052,86.5,94.5,7.166666666666667,1.0,42.66666666666666,25.33333333333333,155.5,160.66666666666666,0.0,0.0,31.68694516451673,0.9998466664552126
2902.0,0.0,0.0,0.0,3447.6666666666665,1277.5,69.5,2100.6666666666665,3619.773377573005,626.8333333333334,650.6666666666666,53.5,16.0,130.0,207.0,280.8333333333333,1482.8333333333333,0.0,0.0,172.1067109063388,0.0
2905.0,509.0,1362.0274600871337,0.37370759027680506,0.0,0.0,0.0,0.0,60.40369553842064,0.0,0.0,0.0,0.0,0.0,0.0,0.0,0.0,0.0,0.0,25.409062212488195,34.99463332593244
2906.0,849.0,1618.295344366237,0.5246261153476213,188.0,79.83333333333334,14.166666666666666,94.0,298.75812777443065,40.333333333333336,39.5,14.166666666666666,0.0,5.0,14.5,14.0,60.5,0.0,0.0,51.7671744535731,58.99095332085755
2904.0,517.0,1244.1963045392447,0.41552928433705427,235.8333333333333,18.166666666666668,26.0,191.66666666666663,309.4088801328848,16.0,2.1666666666666665,13.333333333333334,12.666666666666666,13.0,73.83333333333333,13.0,91.83333333333331,0.0,0.0,37.58106680716383,35.99447999238765
2907.0,470.0,1335.1986182167786,0.3520075542226874,107.0,4.666666666666667,1.5,100.83333333333331,168.79854301738942,4.5,0.1666666666666666,1.5,0.0,5.166666666666667,60.0,5.333333333333333,30.33333333333333,0.0,0.0,28.803603024367412,32.99493999302202
2903.0,208.66666666666663,452.40344219308855,0.46124022764974104,1314.5,360.8333333333333,14.5,939.1666666666669,1416.0335540907436,239.0,121.83333333333331,9.0,5.5,244.16666666666663,64.33333333333333,300.6666666666667,330.0,0.0,0.0,86.86918278421173,14.66437130653187
2851.0,411.6666666666667,1244.9309968363148,0.3306742845288743,1851.3333333333333,72.0,15.833333333333334,1763.5000000000002,1992.963229175724,58.66666666666666,13.333333333333334,13.0,2.833333333333333,86.83333333333333,188.66666666666663,1003.3333333333334,484.6666666666667,0.0,0.0,112.96761544547432,28.66228039691613
2861.0,110.0,243.079930662888,0.45252604647379124,1903.5,552.3333333333334,79.0,1272.1666666666663,2012.011809974368,225.16666666666663,327.1666666666667,60.16666666666666,18.83333333333333,111.16666666666669,160.16666666666666,264.6666666666667,736.1666666666666,0.0,0.0,100.5130366427266,7.998773331641701
2862.0,643.1666666666666,1637.5313738816849,0.3927660116471984,123.0,17.5,6.166666666666666,99.33333333333334,207.2507479747912,15.166666666666666,2.333333333333333,4.0,2.1666666666666665,2.0,49.833333333333336,13.0,34.5,1.0109863699437749,0.0,38.24666161436284,44.99309999048457
2852.0,13.833333333333334,41.6888044060621,0.3318237001616143,886.0,84.33333333333333,65.16666666666667,736.5,943.0869464308688,65.0,19.33333333333333,42.0,23.166666666666668,91.0,110.16666666666669,219.5,315.8333333333333,0.0,0.0,56.08709976441365,0.9998466664552126
2842.0,780.6666666666666,2366.8533598209883,0.3298331362301679,696.5,64.33333333333333,19.83333333333333,612.3333333333334,876.354443681076,20.83333333333333,43.5,7.833333333333333,12.0,125.16666666666669,44.0,308.6666666666667,134.5,0.0,52.12560385574713,73.73711983674734,53.99171998858148
2882.0,514.3333333333334,1382.5072309407967,0.37202939834414417,107.83333333333334,13.166666666666666,1.8333333333333333,92.83333333333334,174.88623576835056,13.166666666666666,0.0,1.5,0.3333333333333333,11.833333333333334,12.333333333333334,10.166666666666666,58.5,0.0,0.0,31.058422442629563,35.99447999238765
2870.0,117.0,330.41383044364096,0.3541014001832372,494.5,73.5,0.5,420.5,647.7008449610512,3.5,70.0,0.3333333333333333,0.1666666666666666,284.0,6.166666666666667,84.33333333333333,46.0,0.0,114.67632849234984,30.525743137059603,7.998773331641701
2878.0,756.3333333333334,2139.434917384731,0.35352014085003514,342.33333333333337,55.833333333333336,20.833333333333336,265.6666666666667,450.0034930558701,45.333333333333336,10.5,13.333333333333334,7.5,16.0,76.66666666666667,26.666666666666668,146.33333333333334,0.0,0.0,54.84493447574261,52.82522524679418
2879.0,146.0,395.8219424402226,0.36885271973533673,741.3333333333334,47.5,8.333333333333334,685.5,795.6272532045904,40.333333333333336,7.166666666666667,6.5,1.8333333333333333,48.5,160.16666666666666,139.83333333333334,337.0,0.0,0.0,44.295453206704906,9.998466664552128
2881.0,612.0,1721.4119715026802,0.3555221005380623,0.0,0.0,0.0,0.0,82.04418036637713,0.0,0.0,0.0,0.0,0.0,0.0,0.0,0.0,0.0,0.0,39.550778361433366,42.49340200494376
2889.0,531.3333333333334,1411.6273102178393,0.3763977428655295,1508.8333333333333,7.166666666666666,8.5,1493.1666666666663,1647.6717365464256,5.333333333333333,1.8333333333333333,5.5,3.0,280.6666666666667,51.833333333333336,194.0,966.6666666666666,0.0,0.0,101.84407655424911,36.99432665884287
2890.0,77.0,210.0683062236465,0.3665474406121167,1794.1666666666663,253.5,21.5,1519.1666666666663,1892.5720295671235,125.33333333333331,128.16666666666666,19.83333333333333,1.6666666666666667,424.0,110.0,417.5,567.6666666666666,0.0,0.0,93.40612956818096,4.999233332276064
2880.0,457.5,1252.8645915054012,0.3651631653587423,263.8333333333333,29.5,11.0,223.3333333333333,331.8379197716849,26.83333333333333,2.6666666666666665,9.0,2.0,61.0,11.833333333333334,45.66666666666666,104.83333333333331,0.0,0.0,36.00949311178474,31.995093326566803
2891.0,552.8333333333334,1528.5668251248132,0.36166775586549343,812.1666666666666,187.16666666666669,19.833333333333336,605.1666666666666,918.467498653015,159.83333333333334,27.33333333333333,10.0,9.833333333333334,159.16666666666666,139.5,120.33333333333331,186.16666666666663,0.0,0.0,68.14006169050857,38.16077029583985
2893.0,386.0,1028.1954044532274,0.37541502162739837,552.8333333333334,52.0,3.5,497.33333333333337,626.6953918688199,51.0,1.0,2.1666666666666665,1.3333333333333333,201.33333333333331,140.66666666666666,22.666666666666668,132.66666666666666,0.0,0.0,46.86619854119584,26.99585999429074
2894.0,686.1666666666666,1947.4781103816997,0.35233600984207214,0.0,0.0,0.0,0.0,82.24580348747085,0.0,0.0,0.0,0.0,0.0,0.0,0.0,0.0,0.0,0.0,34.253163497620655,47.99263998985021
2960.0,759.0,1875.9410728517485,0.4045969305667962,562.3333333333334,98.5,363.0,100.83333333333334,681.2856687187618,16.333333333333332,82.16666666666667,359.0,4.0,25.5,1.6666666666666667,16.0,57.66666666666666,0.0,0.0,65.96046206330223,52.991873322126274
2911.0,445.5,1156.1071030210198,0.38534492075679266,1264.0,313.33333333333337,46.333333333333336,904.3333333333331,1380.3330266436194,73.0,240.33333333333331,9.5,36.833333333333336,195.83333333333331,121.66666666666669,374.3333333333333,212.5,0.0,0.0,85.33777998350784,30.995246660111597
2910.0,348.0,951.1971363567868,0.3658547599637304,125.0,0.0,3.0,122.0,172.6082857324048,0.0,0.0,3.0,0.0,4.0,0.0,95.0,23.0,0.0,0.0,23.611965737479704,23.996319994925106
2916.0,458.0,1412.8632899257227,0.32416441368795,832.0,355.33333333333337,15.833333333333332,460.8333333333333,928.3916966875512,265.6666666666667,89.66666666666667,13.166666666666666,2.6666666666666665,27.166666666666668,55.16666666666666,91.66666666666669,286.8333333333333,0.0,0.0,64.39660336098433,31.995093326566803
2915.0,477.6666666666667,851.5038315414567,0.5609683115599824,566.3333333333334,38.33333333333333,12.5,515.5,651.4443468129024,21.5,16.833333333333332,11.166666666666666,1.3333333333333333,55.833333333333336,64.5,222.16666666666663,173.0,0.0,0.0,52.11607348654703,32.99493999302202
2908.0,606.6666666666666,1646.8063555842182,0.3683898016360561,810.3333333333333,157.0,22.5,630.8333333333333,923.062803619628,82.83333333333333,74.16666666666667,20.83333333333333,1.6666666666666667,29.83333333333333,134.83333333333334,164.83333333333334,301.3333333333333,0.0,0.0,70.73591029517564,41.993559991118936
2918.0,82.5,198.4710750610701,0.41567770001051546,1679.9999999999998,219.0,86.33333333333333,1374.6666666666663,1773.9823411579966,201.5,17.5,82.0,4.333333333333333,39.0,41.16666666666666,78.66666666666667,1215.8333333333333,0.0,0.0,88.14990923459749,5.832431923399188
2917.0,353.0,828.6811705673144,0.42597806314138464,548.6666666666667,181.16666666666663,13.166666666666666,354.33333333333337,618.3402746461588,167.16666666666666,14.0,12.166666666666666,1.0,24.83333333333333,35.166666666666664,40.833333333333336,253.5,0.0,0.0,45.010774655593714,24.662833323898408
2981.0,228.0,495.7099528123735,0.45994638337693033,1875.0,581.6666666666667,59.333333333333336,1234.0,1995.978497790174,351.6666666666667,230.0,54.333333333333336,5.0,139.0,138.0,268.8333333333333,688.1666666666666,0.0,0.0,104.98095112689072,15.9975466632834
2961.0,322.0,1215.1859911948277,0.26498001321048353,25.0,0.0,0.1666666666666666,24.83333333333333,64.31872414807272,0.0,0.0,0.1666666666666666,0.0,0.0,24.83333333333333,0.0,0.0,0.0,0.0,17.322097486058045,21.99662666201468
2962.0,401.0,1142.840828053486,0.35088000897114685,550.0000000000001,0.1666666666666666,0.1666666666666666,549.6666666666667,625.4692360821905,0.1666666666666666,0.0,0.1666666666666666,0.0,0.0,517.8333333333334,0.3333333333333333,31.5,0.0,0.0,47.47352942144439,27.995706660745952
2964.0,647.0,1818.2622406161263,0.35583426061840295,1374.3333333333333,486.33333333333337,45.16666666666666,842.8333333333333,1520.230709421949,102.16666666666669,384.1666666666667,43.16666666666666,2.0,31.166666666666668,140.0,277.3333333333333,394.3333333333333,0.0,0.0,100.9042760981316,44.99309999048457
2965.0,173.0,646.6088266185594,0.26754970374392106,613.5,246.33333333333331,5.5,361.6666666666666,664.7599622494397,47.833333333333336,198.5,4.833333333333333,0.6666666666666666,13.0,136.66666666666666,34.833333333333336,177.16666666666666,0.0,0.0,39.26180225197721,11.998159997462553
2968.0,189.5,750.575594762407,0.2524729038918269,378.0,236.16666666666663,5.333333333333333,136.5,419.3271672884114,10.5,225.66666666666663,4.333333333333333,1.0,5.833333333333333,21.5,18.0,91.16666666666669,0.0,0.0,28.32916062449363,12.998006663917764
2963.0,826.0,1891.9147819771815,0.4365947176208291,17.0,0.0,0.0,17.0,116.40671416400409,0.0,0.0,0.0,0.0,0.0,17.0,0.0,0.0,0.0,0.0,42.082213777368686,57.324500386635385
2966.0,2.0,9.774724886777404,0.20460933920559407,15770.333333333334,12.166666666666668,37.333333333333336,15720.833333333334,16557.681692967555,9.333333333333334,2.833333333333333,14.333333333333334,23.0,4.0,15656.5,16.5,43.833333333333336,0.0,0.0,787.34835963422,0.0
2970.0,494.0,1394.1933813612986,0.3543267430502758,15.500000000000002,0.6666666666666666,0.1666666666666666,14.666666666666668,74.92925765271185,0.3333333333333333,0.3333333333333333,0.0,0.1666666666666666,0.0,12.333333333333334,0.8333333333333334,1.5,0.0,0.0,25.434470993234623,33.99478665947723
2972.0,850.0,1877.0325263324344,0.4528424457624234,2115.5,270.0,30.83333333333333,1814.6666666666667,2322.52740733182,148.66666666666666,121.33333333333331,28.0,2.833333333333333,80.0,600.8333333333334,194.0,939.8333333333334,0.0,0.0,148.03645401096244,58.99095332085755
2973.0,585.0,1665.685933724704,0.3512066639668735,99.5,30.5,2.333333333333333,66.66666666666666,174.663756367867,9.333333333333334,21.166666666666668,1.8333333333333333,0.5,4.0,9.166666666666666,5.833333333333333,47.66666666666666,0.0,0.0,34.17004304320329,40.99371332466372
3004.0,498.0,1262.3809705356675,0.3944926386118472,162.0,12.333333333333334,6.666666666666667,143.0,229.94156226195065,0.3333333333333333,12.0,0.6666666666666666,6.0,1.0,44.16666666666666,84.5,13.333333333333334,0.0,0.0,32.94692893601819,34.99463332593244
2974.0,466.0,1476.7142352810624,0.31556545529697994,155.83333333333331,21.166666666666664,6.0,128.66666666666666,218.8701502498605,17.333333333333332,3.8333333333333335,4.833333333333333,1.1666666666666667,6.166666666666667,12.666666666666666,12.333333333333334,97.5,0.0,0.0,31.04172358996038,31.995093326566803
3003.0,453.0,1292.287957177621,0.35054106747954206,0.0,0.0,0.0,0.0,53.942061010339614,0.0,0.0,0.0,0.0,0.0,0.0,0.0,0.0,0.0,0.0,22.613573951539752,31.328487058799865
2976.0,416.0,1338.8598440604776,0.31071213454155167,0.0,0.0,0.0,0.0,49.76210247475203,0.0,0.0,0.0,0.0,0.0,0.0,0.0,0.0,0.0,0.0,20.766549147550855,28.995553327201165
2978.0,291.0,991.1114547007616,0.2936097636848111,121.33333333333334,30.833333333333336,8.333333333333332,82.16666666666667,161.91383234309828,7.166666666666667,23.666666666666668,0.1666666666666666,8.166666666666666,5.833333333333333,1.0,67.66666666666667,7.666666666666667,0.0,0.0,20.583565680660676,19.99693332910425
2980.0,440.0,1381.0032628981824,0.3186089503341311,550.5,14.666666666666668,0.8333333333333333,535.0,630.9405514427291,2.833333333333333,11.833333333333334,0.3333333333333333,0.5,3.0,63.0,441.5,27.5,0.0,0.0,49.44530478261757,30.995246660111597
2977.0,479.0,1217.6460839425306,0.39338195746425725,318.5,56.16666666666666,7.5,254.8333333333333,391.30601726548815,30.33333333333333,25.83333333333333,5.5,2.0,68.83333333333333,50.0,22.166666666666668,113.83333333333331,0.0,0.0,39.81107727246616,32.99493999302202
2991.0,372.1666666666667,855.22505873494,0.43516810325597854,1485.3333333333337,199.5,36.16666666666666,1249.6666666666667,1604.2229487908903,89.16666666666667,110.33333333333331,31.33333333333333,4.833333333333333,340.8333333333333,170.0,231.16666666666663,507.6666666666667,0.0,0.0,92.72691686757167,26.162698589985357
2992.0,209.0,430.1973704827651,0.48582351808766605,73.33333333333333,16.666666666666664,3.333333333333333,53.33333333333333,102.42476583461578,16.333333333333332,0.3333333333333333,2.5,0.8333333333333334,4.333333333333333,12.333333333333334,14.833333333333334,21.83333333333333,0.0,0.0,14.093732504454268,14.997699996828189
2994.0,118.0,251.85460532021867,0.46852428944060714,0.0,0.0,0.0,0.0,13.889284868687376,0.0,0.0,0.0,0.0,0.0,0.0,0.0,0.0,0.0,0.0,5.890511537045676,7.998773331641701
3002.0,0.0,0.0,0.0,2696.5,204.66666666666663,60.33333333333333,2431.5,2831.108230276523,164.5,40.16666666666666,53.16666666666666,7.166666666666667,94.83333333333331,286.3333333333333,1236.8333333333333,813.5,0.0,0.0,134.60823027652296,0.0
2913.0,368.66666698910655,969.7746019034839,0.38015706563719415,57.000000049852815,0.0,0.0,57.000000049852815,104.24509055434505,0.0,0.0,0.0,0.0,0.0,57.000000049852815,0.0,0.0,0.0,0.0,21.24907715392031,25.99601335057192
2914.0,384.0,1018.1544563652078,0.3771529924554598,115.83333333333331,0.1666666666666666,1.1666666666666667,114.5,167.78068972135475,0.0,0.1666666666666666,1.1666666666666667,0.0,16.0,90.5,2.833333333333333,5.166666666666667,0.0,0.0,24.951496393730704,26.99585999429074
2921.0,517.0,1337.8959807213832,0.3864276501684664,402.0,121.16666666666669,3.666666666666667,277.16666666666663,483.8704588253992,10.166666666666666,111.0,3.333333333333333,0.3333333333333333,34.0,99.0,74.33333333333333,69.83333333333333,0.0,0.0,45.87597883301166,35.99447999238765
2982.0,246.66666666666663,635.2727475585243,0.38828466609760015,1868.3333333333333,88.66666666666667,16.5,1763.1666666666667,1990.9106945120152,70.16666666666667,18.5,14.0,2.5,38.833333333333336,78.16666666666667,1274.5,371.6666666666667,0.0,0.0,105.57996784894316,16.997393329738614
2920.0,349.0,1239.199443095716,0.2816334383819144,0.0,0.0,0.0,0.0,41.41825665957714,0.0,0.0,0.0,0.0,0.0,0.0,0.0,0.0,0.0,0.0,17.42193666465204,23.996319994925106
2923.0,0.0,0.0,0.0,954.6666666666669,190.83333333333331,51.5,712.3333333333334,1002.3169348589768,161.33333333333334,29.5,48.333333333333336,3.1666666666666665,33.0,214.0,121.66666666666669,343.6666666666667,0.0,0.0,47.6502681923099,0.0
2925.0,424.0,1033.1674472787324,0.4103884623124517,0.0,0.0,0.0,0.0,50.66129246326943,0.0,0.0,0.0,0.0,0.0,0.0,0.0,0.0,0.0,0.0,21.165897122243432,29.495395341026
2984.0,339.0,648.0465390091306,0.5231105786296372,343.1666666666667,15.666666666666666,6.166666666666666,321.33333333333337,401.21635995820975,12.5,3.1666666666666665,5.333333333333333,0.8333333333333334,5.0,14.666666666666666,262.6666666666667,39.0,0.0,0.0,34.05337329661798,23.996319994925106
2927.0,511.5,1327.8479221638706,0.38520977550385127,68.0,8.333333333333332,1.1666666666666667,58.5,132.5895087590657,6.833333333333333,1.5,1.0,0.1666666666666666,3.0,8.0,5.0,42.5,0.0,0.0,28.928385343976345,35.66112341508936
2986.0,228.0,463.5833045269433,0.4918209904747523,330.0,0.1666666666666666,1.5,328.3333333333333,373.8527370547471,0.1666666666666666,0.0,0.3333333333333333,1.1666666666666667,0.0,165.83333333333334,156.66666666666666,5.833333333333333,0.0,0.0,27.855190391463765,15.9975466632834
2987.0,956.5,2136.805329741063,0.4476308565347449,29.166666666666668,2.0,0.5,26.666666666666668,144.8569510820563,1.6666666666666667,0.3333333333333333,0.5,0.0,1.0,2.5,18.166666666666668,5.0,0.0,0.0,49.20081335396977,66.48947106141988
2969.0,604.3333333333334,1222.5092899058118,0.49433843842601327,549.8333333333334,56.0,7.333333333333333,486.5,649.2740013860006,42.16666666666666,13.833333333333334,6.0,1.3333333333333333,23.0,33.833333333333336,203.83333333333331,225.83333333333331,0.0,0.0,57.61394667072327,41.82672138194393
2975.0,435.6666666666667,963.4434038369404,0.4521974668481947,789.8333333333334,298.33333333333337,6.333333333333334,485.1666666666667,880.8380254379832,137.5,160.83333333333334,2.1666666666666665,4.166666666666667,20.5,25.33333333333333,51.16666666666666,388.1666666666667,0.0,0.0,61.17589372613002,29.828798378519817
2988.0,483.6666666666667,1076.9029014089672,0.44912746175524354,144.66666666666669,24.5,1.5,118.66666666666669,210.02766530665423,22.5,2.0,1.1666666666666667,0.3333333333333333,8.0,55.333333333333336,24.83333333333333,30.5,0.0,0.0,31.36621198051036,33.99478665947723
2990.0,136.16666666666666,341.2904451173277,0.3989759122024519,1031.1666666666663,326.5,136.16666666666666,568.5,1099.1049110011982,50.16666666666666,276.3333333333333,107.5,28.666666666666668,66.83333333333333,16.833333333333332,31.666666666666668,453.1666666666667,0.0,0.0,58.27311100746121,9.665133327070215
2937.0,962.6666666675407,2618.5219806725586,0.36763742056512466,1088.8333333343223,261.16666666690384,49.833333333378576,777.8333333340396,1259.9273456450478,210.00000000019068,51.16666666671311,49.66666666671175,0.16666666666681793,1.1666666666677261,103.33333333342713,208.33333333352246,465.0000000004222,1.6847399401431014,0.0,102.58675604142418,66.82251632915847
2938.0,649.3333333333334,1815.9104251365943,0.35758004598959775,390.8333333333333,71.33333333333333,79.83333333333333,239.66666666666663,489.9357419684592,59.5,11.833333333333334,46.66666666666666,33.166666666666664,8.0,39.66666666666666,61.0,131.0,2.0219727398875498,0.0,51.9202650067835,45.160170888454864
2940.0,442.3333333333333,1113.2880587629586,0.3973215466128654,68.0,0.0,0.0,68.0,177.4818573545014,0.0,0.0,0.0,0.0,0.0,68.0,0.0,0.0,1.0109863699437749,0.0,77.47562432444602,30.995246660111597
2941.0,505.5,1481.34708305679,0.3412434572435856,0.0,0.0,0.0,0.0,60.22890795461059,0.0,0.0,0.0,0.0,0.0,0.0,0.0,0.0,0.0,0.0,25.234274628678158,34.99463332593244
2943.0,699.3333333333334,1804.5561534919264,0.38753758478509004,0.0,0.0,0.0,0.0,90.90290306955497,0.0,0.0,0.0,0.0,0.0,0.0,0.0,0.0,0.0,0.0,41.91041641324954,48.992486656305424
2944.0,167.0,428.3627142171943,0.38985652685757655,0.0,0.0,0.0,0.0,20.33473141006109,0.0,0.0,0.0,0.0,0.0,0.0,0.0,0.0,0.0,0.0,8.336571412598541,11.998159997462553
2945.0,60.78929648929428,183.7010599693124,0.3309142391418386,57.91941553915592,5.21796536388792,0.13044913409719797,52.5710010411708,71.05358001228115,4.9570670956935245,0.260898268194396,0.13044913409719797,0.0,5.348414497985118,22.43725106471806,2.7394318160411584,22.045903662426465,3.1651751170376388,0.0,5.925717181413463,4.0432721746741285
2948.0,2.0,5.112275055969086,0.3912152570243267,353.8333333333333,3.5,326.16666666666663,24.166666666666668,375.1351562787833,3.5,0.0,4.333333333333333,321.8333333333333,0.0,15.333333333333334,0.3333333333333333,8.5,3.5387370396608944,0.0,17.763085905789193,0.0
2950.0,173.16666666666666,461.7435880264411,0.37502776683225,236.16666666666663,20.33333333333333,24.0,191.8333333333333,271.63133960026244,19.33333333333333,1.0,23.666666666666668,0.3333333333333333,5.5,100.5,12.833333333333334,73.0,3.0329591098313244,0.0,20.43355382630185,11.998159997462553
2954.0,95.64708437041327,280.39506824972295,0.3411154303371303,12.097879468295323,2.349815738910169,0.6792436120287206,9.068820117356433,33.082190319977784,2.0010149651656906,0.34880077374447815,0.6792436120287206,0.0,0.0,1.7440038687223909,2.753690319035354,4.571125929598687,9.21023519063325,0.0,5.3788273103648265,6.395248350684389
2957.0,831.1666666666666,2232.2808543620845,0.3723396476041487,84.83333333333333,5.5,1.8333333333333333,77.5,188.38406788490556,5.166666666666667,0.3333333333333333,1.6666666666666667,0.1666666666666666,20.5,10.166666666666666,25.666666666666668,21.166666666666668,0.0,0.0,45.72627132531637,57.82446322625584
2952.0,479.0,1158.5044299682506,0.41346410735186157,149.33333333333331,38.0,23.0,88.33333333333333,213.69399064019336,34.5,3.5,5.833333333333333,17.166666666666668,7.666666666666667,13.166666666666666,9.333333333333334,58.16666666666666,0.0,0.0,31.365717313837997,32.99493999302202
2953.0,329.8333333333333,884.2924676500614,0.37299122790205347,72.33333333333333,1.3333333333333333,0.5,70.5,115.23851196331708,1.3333333333333333,0.0,0.5,0.0,0.0,65.5,2.1666666666666665,2.833333333333333,0.0,0.0,20.075302272055637,22.82987635792812
2929.0,366.3333333333333,953.3154975820512,0.384272923562541,319.8333333333333,32.5,161.16666666666666,126.16666666666669,379.2505320142629,30.0,2.5,76.33333333333333,84.83333333333333,5.0,13.833333333333334,18.666666666666668,88.66666666666667,0.0,0.0,34.25443504900755,25.16276363192209
2995.0,278.0,659.7382643589665,0.42137922721538396,190.00000000000003,20.166666666666668,5.666666666666667,164.16666666666669,232.35947348165607,17.666666666666668,2.5,4.5,1.1666666666666667,11.0,23.83333333333333,23.166666666666668,106.16666666666669,0.0,0.0,23.36238681900707,18.997086662649043
2997.0,307.6666666666667,723.4545846808561,0.4252743339824025,2190.0,148.33333333333334,868.3333333333333,1173.3333333333337,2336.014094626493,108.5,39.833333333333336,19.666666666666668,848.6666666666666,72.5,185.83333333333331,407.8333333333333,507.1666666666667,0.0,0.0,124.68401380664586,21.330080819847204
3006.0,220.66666666666663,526.7320341486555,0.4189353454139635,304.33333333333337,50.833333333333336,30.5,223.0,345.5388803733958,48.833333333333336,2.0,21.666666666666668,8.833333333333334,18.0,115.66666666666669,13.166666666666666,76.16666666666667,0.0,0.0,26.20784704323424,14.997699996828189
3018.0,350.3333333333333,987.6488392417514,0.35471446876026813,0.0,0.0,0.0,0.0,41.98232697133051,0.0,0.0,0.0,0.0,0.0,0.0,0.0,0.0,0.0,0.0,17.486439106631565,24.495887864698947
3008.0,2147.5,5334.001739806552,0.40260579294034565,840.5,128.83333333333334,17.833333333333336,693.8333333333333,1138.9691440593483,84.16666666666667,44.66666666666666,14.833333333333334,3.0,8.833333333333334,83.66666666666667,308.3333333333333,293.0,0.0,0.0,149.15888977207828,149.31025428727014
3007.0,467.3333333333333,1118.0479187992316,0.4179904326777362,222.0,22.0,23.166666666666668,176.83333333333331,288.7391582793557,19.5,2.5,21.5,1.6666666666666667,14.333333333333334,30.0,28.666666666666668,103.83333333333331,0.0,0.0,34.41087101170537,32.328287267650346
3023.0,328.0,891.0142820779248,0.36811980076803563,0.0,0.0,0.0,0.0,39.37009861788499,0.0,0.0,0.0,0.0,0.0,0.0,0.0,0.0,0.0,0.0,16.3736252894151,22.99647332846989
3016.0,760.1666666666666,1436.9542953080802,0.5290124182437469,0.0,0.0,0.0,0.0,90.9390594426121,0.0,0.0,0.0,0.0,0.0,0.0,0.0,0.0,0.0,0.0,37.94718612048583,52.991873322126274
3021.0,1131.8333333333333,3240.7766053160594,0.3492475635243455,276.3333333333333,42.66666666666667,16.833333333333332,216.8333333333333,425.4501510355442,30.166666666666668,12.5,15.666666666666666,1.1666666666666667,12.333333333333334,56.0,53.5,95.0,0.0,0.0,70.29557448039562,78.8212432218153
3022.0,168.0,492.3360702773184,0.34123033054508994,439.6666666666666,110.83333333333331,23.5,305.3333333333333,483.0105102250758,93.0,17.833333333333332,23.5,0.0,0.6666666666666666,61.333333333333336,80.83333333333333,162.5,1.0109863699437749,0.0,30.334697191002803,11.998159997462553
3025.0,1.0,2.166824432687534,0.46150485702235233,1763.1666666666663,718.0,40.5,1004.6666666666666,1854.232192073854,352.8333333333333,365.1666666666667,37.5,3.0,55.833333333333336,127.5,160.16666666666666,661.1666666666666,0.0,0.0,91.06552540718764,0.0
2998.0,389.0,825.6676932877822,0.471133851018216,2246.333333333333,165.83333333333331,29.166666666666668,2051.333333333333,2404.8839409458174,120.83333333333331,45.0,26.0,3.1666666666666665,66.66666666666667,1145.0,143.33333333333334,696.3333333333334,0.0,0.0,131.5547476181938,26.99585999429074
2999.0,249.0,532.7774583673753,0.4673621154375167,273.3333333333333,17.166666666666668,14.333333333333334,241.8333333333333,316.4053756882558,10.5,6.666666666666667,11.833333333333334,2.5,25.166666666666668,17.833333333333332,111.83333333333331,87.0,0.0,0.0,26.074649025183884,16.997393329738614
3000.0,336.0,695.192289769116,0.4833195145354543,467.1666666666666,95.5,7.333333333333334,364.3333333333333,530.2568271922872,80.5,15.0,6.166666666666667,1.1666666666666667,22.83333333333333,35.0,61.333333333333336,245.16666666666663,0.0,0.0,40.09368719715072,22.99647332846989
3001.0,368.0,1044.7938543855091,0.3522225924811144,54.0,5.5,1.8333333333333333,46.66666666666666,101.06208001116836,5.166666666666667,0.3333333333333333,1.8333333333333333,0.0,5.0,13.666666666666666,5.333333333333333,22.666666666666668,0.0,0.0,21.06606668333284,25.996013327835527
3011.0,331.0,683.5827406071908,0.4842135126261234,488.5,95.33333333333331,27.83333333333333,365.33333333333337,552.4055117270144,81.33333333333333,14.0,24.0,3.8333333333333335,25.33333333333333,48.5,67.16666666666667,224.33333333333331,0.0,0.0,40.90903839854452,22.99647332846989
3012.0,281.0,564.2593956289461,0.4979979104943147,505.50000000000006,31.666666666666668,2.333333333333333,471.50000000000006,564.4253632565183,30.0,1.6666666666666667,2.1666666666666665,0.1666666666666666,6.5,240.33333333333331,193.0,31.666666666666668,0.0,0.0,39.261763264895805,19.663599991622345
3020.0,447.8333333333333,1101.5763672571982,0.4065386174254883,319.66666666666663,27.666666666666668,104.66666666666666,187.3333333333333,388.97544251994026,25.5,2.1666666666666665,103.83333333333331,0.8333333333333334,14.0,11.166666666666666,79.83333333333333,82.33333333333333,0.0,0.0,38.31352919316205,30.995246660111597
3013.0,446.3333333333333,1282.1094259678623,0.34812421178199904,137.0,19.166666666666668,10.333333333333332,107.5,197.44844686014864,17.5,1.6666666666666667,2.1666666666666665,8.166666666666666,4.0,57.5,12.833333333333334,33.166666666666664,0.0,0.0,29.453200200037028,30.995246660111597
3027.0,0.0,0.0,0.0,1181.8333333333337,123.33333333333331,417.6666666666667,640.8333333333334,1240.8300237821816,105.0,18.33333333333333,214.83333333333331,202.83333333333331,31.5,222.33333333333331,95.5,291.5,0.0,0.0,58.99669044884811,0.0
3033.0,0.0,0.0,0.0,1127.0,83.0,336.5,707.5,1183.259178475868,73.83333333333333,9.166666666666666,288.8333333333333,47.66666666666666,111.33333333333331,70.83333333333333,83.66666666666667,441.6666666666667,0.0,0.0,56.259178475868026,0.0
3034.0,0.0,0.0,0.0,98.83333333333331,0.0,98.83333333333331,0.0,104.77806078891192,0.0,0.0,0.5,98.33333333333331,0.0,0.0,0.0,0.0,1.0109863699437749,0.0,4.9337410856348045,0.0
3028.0,0.0,0.0,0.0,2805.0,180.33333333333331,43.0,2581.6666666666665,2945.024215380706,101.16666666666669,79.16666666666667,41.66666666666666,1.3333333333333333,893.3333333333334,34.666666666666664,1477.8333333333333,175.83333333333334,0.0,0.0,140.02421538070575,0.0
3035.0,919.3333333333334,2349.854145144691,0.3912299557965654,221.5,24.666666666666668,3.833333333333333,193.0,342.4395181277661,19.166666666666668,5.5,3.6666666666666665,0.1666666666666666,4.166666666666667,100.16666666666669,18.666666666666668,70.0,0.0,0.0,56.949331474632494,63.990186653133605
3037.0,0.0,0.0,0.0,72.66666666666666,9.333333333333334,7.166666666666667,56.16666666666666,80.33818460524616,6.5,2.833333333333333,6.166666666666667,1.0,4.5,16.833333333333332,14.833333333333334,20.0,4.0439454797751,0.0,3.627572458804391,0.0
3032.0,613.6666679182669,1802.4187094712042,0.3404684298346554,352.0000007179196,0.500000001019772,2.50000000509886,349.00000071180096,443.3657517869552,0.500000001019772,0.0,0.500000001019772,2.000000004079088,86.83333351043375,228.33333379902922,23.66666671493588,10.166666687402031,0.0,0.0,48.37234432377449,42.9934067452611
3041.0,1.3333333333333333,3.5333335711466702,0.3773584651676766,2018.8333333333333,206.3333333333333,511.1666666666667,1301.3333333333333,2125.6724469954024,139.66666666666666,66.66666666666667,415.5,95.66666666666669,502.8333333333333,245.0,109.16666666666669,444.3333333333333,0.0,0.0,106.83911366206932,0.0
3043.0,0.0,0.0,0.0,1538.1666666666663,417.1666666666667,154.33333333333334,966.6666666666666,1617.9852874144842,319.0,98.16666666666669,76.66666666666667,77.66666666666667,63.16666666666666,151.66666666666666,183.16666666666663,568.6666666666666,3.0329591098313244,0.0,76.78566163798637,0.0
3044.0,0.0,0.0,0.0,619.8333333333333,42.0,462.8333333333333,115.0,650.77533130848,41.5,0.5,388.0,74.83333333333333,47.16666666666666,7.666666666666667,8.5,51.66666666666666,0.0,0.0,30.94199797514675,0.0
3039.0,0.0,0.0,0.0,1772.1666666666667,277.0,919.8333333333334,575.3333333333333,1861.644499917452,266.5,10.5,784.8333333333334,135.0,87.0,88.83333333333333,85.0,314.5,1.0109863699437749,0.0,88.46684688084139,0.0
3051.0,362.3333333333333,1118.295477217547,0.3240050064718692,755.1666666666667,116.0,211.3333333333333,427.83333333333337,835.9483290455759,92.33333333333331,23.666666666666668,51.16666666666666,160.16666666666666,83.83333333333333,81.16666666666667,55.333333333333336,207.5,0.0,0.0,55.785495717528846,24.996166661380315
3045.0,0.0,0.0,0.0,1952.3333333333333,294.3333333333333,1198.5,459.5,2049.792155899016,31.0,263.3333333333333,960.5,238.0,168.66666666666666,21.83333333333333,129.16666666666666,139.83333333333334,0.0,0.0,97.45882256568244,0.0
3048.0,0.0,0.0,0.0,1137.6666666666667,247.5,54.16666666666666,836.0,1197.502111061599,202.66666666666663,44.833333333333336,52.66666666666666,1.5,17.333333333333332,184.0,207.5,427.1666666666667,3.0329591098313244,0.0,56.8024852851008,0.0
3050.0,0.0,0.0,0.0,32.5,3.833333333333333,20.666666666666664,8.0,45.98841482802203,3.6666666666666665,0.1666666666666666,15.666666666666666,5.0,0.0,0.6666666666666666,1.5,5.833333333333333,3.0329591098313244,0.0,10.455455718190704,0.0
3054.0,0.0,0.0,0.0,743.8333333333334,168.83333333333334,141.16666666666666,433.83333333333337,793.3333471778823,149.33333333333334,19.5,91.5,49.66666666666666,19.0,83.0,112.5,219.33333333333331,3.0329591098313244,0.0,46.4670547347176,0.0
3056.0,485.8333333333333,1708.7720971259523,0.2843172206232034,44.0,0.0,0.0,44.0,104.4438247729356,0.0,0.0,0.0,0.0,0.0,43.833333333333336,0.0,0.1666666666666666,0.0,0.0,26.449038113458357,33.99478665947723
3141.0,325.6666666666667,976.5108274427696,0.33350031306821637,1168.3333333333337,305.83333333333337,162.5,700.0,1266.2602774860334,227.33333333333331,78.5,50.0,112.5,44.333333333333336,89.66666666666667,100.66666666666669,465.3333333333333,0.6739909578180076,0.0,74.58992476434341,22.663028430538784
3061.0,0.0,0.0,0.0,1164.5,217.0,111.5,836.0,1225.6690654360489,145.83333333333334,71.16666666666667,63.0,48.5,15.166666666666666,186.66666666666663,211.5,422.6666666666667,3.0329591098313244,0.0,58.136106326217565,0.0
3062.0,1019.8333333333334,2886.4230675525505,0.3533208089963292,191.33333333333331,29.166666666666668,7.333333333333333,154.83333333333334,322.78539187224675,20.666666666666668,8.5,7.333333333333333,0.0,2.1666666666666665,77.5,19.0,56.16666666666666,0.1683080097542675,0.0,60.46088095275692,70.82286957640224
3063.0,456.3333333333333,1089.5662513182194,0.4188210976443472,512.5,37.5,49.5,425.5,592.8588921122875,35.666666666666664,1.8333333333333333,2.5,47.0,16.5,32.666666666666664,202.16666666666663,174.16666666666666,0.0,0.0,48.36379878572069,31.995093326566803
3040.0,0.0,0.0,0.0,1508.3333333333333,1.8333333333333333,1258.3333333333333,248.16666666666663,1584.639549777069,1.8333333333333333,0.0,1190.0,68.33333333333333,0.0,0.6666666666666666,1.0,246.5,1.0109863699437749,0.0,75.29523007379207,0.0
3046.0,251.66666666666663,777.6232967367522,0.323635708604372,432.6666666666667,30.666666666666664,224.33333333333331,177.66666666666669,487.8359967935039,16.5,14.166666666666666,206.83333333333331,17.5,5.166666666666667,106.66666666666669,6.833333333333333,59.0,1.0109863699437749,0.0,36.66108052632797,17.49726323056542
3148.0,327.0,802.6731630129012,0.4073887293958826,2284.6666666666665,488.6666666666666,586.3333333333334,1209.6666666666663,2452.369385214174,339.0,149.66666666666666,197.16666666666663,389.1666666666667,127.66666666666669,192.33333333333331,156.16666666666666,733.5,0.0,0.0,144.7062452190373,22.99647332846989
3069.0,323.5,837.705114675657,0.38617407764694484,2570.0,955.0,143.0,1472.0,2738.962265571221,669.5,285.5,79.33333333333333,63.66666666666666,80.33333333333333,184.66666666666663,164.83333333333334,1042.1666666666667,2.0219727398875498,0.0,144.44369870609674,22.496594125236527
3070.0,1130.6666666666667,3000.12384581317,0.37687333082751606,175.0,25.0,9.666666666666666,140.33333333333334,319.700561184752,18.33333333333333,6.666666666666667,9.666666666666666,0.0,4.333333333333333,34.833333333333336,34.666666666666664,66.5,1.0109863699437749,0.0,65.19886273078775,78.49071208402046
3080.0,498.0,1572.7536561136128,0.3166420869944717,0.0,0.0,0.0,0.0,59.687944628933664,0.0,0.0,0.0,0.0,0.0,0.0,0.0,0.0,0.0,0.0,24.85995937833331,34.82798525060036
3072.0,542.0,1485.2470409918533,0.36492245736981943,723.3333333333334,71.0,175.16666666666666,477.16666666666674,824.4926247146293,51.5,19.5,57.16666666666666,118.0,73.0,115.16666666666669,118.16666666666669,170.83333333333334,0.0,0.0,63.1651180559978,37.994173325298085
3082.0,1073.0160517092986,3153.342135592311,0.34027898197216955,1220.3125977010072,165.66706380598472,55.918423754934594,998.7271101400876,1411.8772233866423,100.51069346020245,65.15637034578228,20.414870085213472,35.50355366972113,13.171366726951785,124.49624983918345,339.0997735313766,521.9597200425758,1.0107104146575936,0.0,116.02964515477139,74.52427011620637
3081.0,617.6666666666666,1787.5006662781943,0.3455476567472995,218.00000000000003,43.5,11.833333333333334,162.66666666666669,311.7105839731027,35.666666666666664,7.833333333333333,11.833333333333334,0.0,0.0,29.5,30.5,102.66666666666669,0.0,0.0,50.71717731552855,42.99340665757415
3094.0,240.98144814565143,659.9377645122463,0.3651578392755846,1481.4030379376993,280.7968429438111,88.60154212800343,1112.0046528658847,1602.5603612198847,201.6576014314197,79.13924151239138,88.47865510702144,0.12288702098197417,1.2288702098197422,187.15693295554672,237.17195049521027,686.446899205308,3.9755524030092144,0.0,100.47179104334526,16.709979835830936
3073.0,297.3333333333333,664.4229876902529,0.44750609000895536,236.0,45.5,44.333333333333336,146.16666666666666,283.6205921612759,40.66666666666666,4.833333333333333,4.0,40.333333333333336,27.166666666666668,25.166666666666668,10.0,83.83333333333333,0.0,0.0,26.623812165716476,20.996779995559468
3074.0,339.0,710.3596333577465,0.47722306291195904,869.8333333333333,86.83333333333333,78.33333333333333,704.6666666666666,961.8409128525168,42.66666666666666,44.16666666666666,6.833333333333333,71.5,20.33333333333333,247.83333333333331,253.83333333333331,182.66666666666663,0.0,0.0,68.34457891473882,23.663000604444544
3075.0,519.6666666666666,1211.36449496092,0.42899281663644245,42.0,0.0,0.0,42.0,106.03264266371347,0.0,0.0,0.0,0.0,0.0,41.833333333333336,0.1666666666666666,0.0,0.0,0.0,28.038162671325814,35.99447999238765
3076.0,336.3333333333333,939.820566070609,0.3578697311759663,469.0,18.83333333333333,18.33333333333333,431.8333333333333,532.365383855887,12.5,6.333333333333333,9.166666666666666,9.166666666666666,5.666666666666667,379.8333333333333,16.333333333333332,30.0,0.0,0.0,40.20222526526737,23.16315859061972
3078.0,494.33334306039575,1300.105967100615,0.38022542436507356,0.0,0.0,0.0,0.0,59.00465442696383,0.0,0.0,0.0,0.0,0.0,0.0,0.0,0.0,0.0,0.0,24.67666850633196,34.327985920631875
3085.0,311.0000009238206,831.0081452174267,0.37424422698341897,43.00000012773083,0.0,0.0,43.00000012773083,82.6681972435123,0.0,0.0,0.0,0.0,0.16666666716174733,42.83333346056908,0.0,0.0,0.0,0.0,17.67157038842617,21.996626727355313
3084.0,317.5,880.9177001514018,0.3604195941861899,44.66666666666666,5.333333333333333,8.166666666666666,31.166666666666664,88.4088200046367,4.5,0.8333333333333334,2.333333333333333,5.833333333333333,2.0,5.833333333333333,4.5,18.83333333333333,0.0,0.0,21.74552667595536,21.99662666201468
3089.0,252.83333333333331,670.8680530030011,0.3768749043892872,0.0,0.0,0.0,0.0,30.2852050199066,0.0,0.0,0.0,0.0,0.0,0.0,0.0,0.0,0.0,0.0,12.62129836119468,17.663906658711916
3092.0,219.9999990875945,621.0363665230166,0.35424656420573875,0.0,0.0,0.0,0.0,25.980124525665687,0.0,0.0,0.0,0.0,0.0,0.0,0.0,0.0,0.0,0.0,10.982424591037427,14.997699934628262
3086.0,429.3333333333333,1097.6139048155526,0.3911515073285084,0.0,0.0,0.0,0.0,51.42756383771473,0.0,0.0,0.0,0.0,0.0,0.0,0.0,0.0,0.0,0.0,21.432163844058348,29.995399993656378
3099.0,150.0,438.0126866115916,0.3424558342370862,138.16666666666669,19.333333333333336,49.0,69.83333333333334,163.04774083725647,18.166666666666668,1.1666666666666667,15.0,34.0,7.166666666666667,9.833333333333334,13.0,39.833333333333336,0.0,0.0,14.382626095814455,10.498448074775323
3111.0,353.6666666666667,946.2515836687184,0.37375542907464765,141.83333333333331,29.666666666666664,11.5,100.66666666666666,191.23194413563075,18.5,11.166666666666666,6.166666666666667,5.333333333333333,6.333333333333333,5.666666666666667,40.0,48.66666666666666,0.0,0.0,24.735758885768224,24.6628519165292
3108.0,620.1987521083985,1875.5984650197388,0.3306671250138134,17.691881993583475,2.293392110279339,1.6381372216280996,13.760352661676036,92.7754102266537,1.8019509437909094,0.49144116648842984,1.4743234994652896,0.16381372216280987,0.0,7.699244941652067,1.4743234994652896,4.586784220558679,0.0,0.0,31.84333677070626,43.24019146236397
3115.0,303.3333333333333,708.9004818757943,0.42789268887318943,509.33333333333326,134.16666666666666,83.0,292.16666666666663,570.897651773736,98.5,35.666666666666664,70.66666666666667,12.333333333333334,13.0,102.83333333333331,19.666666666666668,156.66666666666666,0.0,0.0,40.56753844484315,20.996779995559468
3110.0,595.9450704981028,1894.4268643943847,0.3145780297454851,27.147623472653642,6.323793685022461,1.8391310062653716,18.984698781365804,99.68447374419958,3.7590914791331116,2.5647022058893496,1.623266113511696,0.21586489275367587,0.0,2.6902317964237366,3.540373641140018,12.75409334380205,0.0,0.0,31.104792174608562,41.43205809693738
3119.0,766.6666666666666,1899.716930125266,0.4035688972967742,21.5,5.333333333333334,0.6666666666666666,15.5,114.16862428267476,4.666666666666667,0.6666666666666666,0.6666666666666666,0.0,0.0,4.166666666666667,3.5,7.833333333333333,0.0,0.0,39.34351056186024,53.325113720814535
3120.0,271.0,774.9179248007505,0.34971445533367995,311.1666666666667,34.0,3.666666666666667,273.5,382.2248335833874,30.33333333333333,3.6666666666666665,2.833333333333333,0.8333333333333334,16.0,33.166666666666664,71.66666666666667,152.66666666666666,0.0,0.0,52.061080254071705,18.997086662649043
3199.0,349.8333333333333,1142.967987996543,0.30607448065675086,0.0,0.0,0.0,0.0,41.79323872003049,0.0,0.0,0.0,0.0,0.0,0.0,0.0,0.0,0.0,0.0,17.463627221626805,24.329611498403683
3122.0,152.83333333333334,446.2316808560658,0.34249772010838125,202.8333333333333,36.0,5.166666666666667,161.66666666666666,231.2519677601463,30.5,5.5,4.666666666666667,0.5,9.0,20.33333333333333,12.0,120.33333333333331,0.0,0.0,17.75355220271352,10.665082224099455
3125.0,254.6697901890714,775.5202201285008,0.3283857513694144,0.0,0.0,0.0,0.0,30.155274113870934,0.0,0.0,0.0,0.0,0.0,0.0,0.0,0.0,0.0,0.0,12.713002302093216,17.442271811777722
3095.0,723.3324925728098,2055.439012201116,0.35191143511390877,482.36081094669254,92.673388169767,27.134100139796637,362.553322637129,593.900726606348,66.79163111334559,25.881757056421414,27.029738216182032,0.10436192361460242,0.3130857708438074,55.72926721019772,78.89761425263947,227.61335540344797,1.0551145968517477,0.0,60.19011055979757,50.294690503006116
3103.0,3.5,10.50065875304585,0.3333124218501797,2150.166666666667,236.0,283.6666666666667,1630.5,2266.838894886237,192.83333333333331,43.16666666666666,263.6666666666667,20.0,72.83333333333333,200.0,631.1666666666666,726.5,0.0,0.0,116.50563124902855,0.1665969705417712
3097.0,706.2169706521415,2009.5077131080639,0.3514378004351376,282.45622446084474,42.81011565711816,78.20276173346815,161.44334707025845,386.5228172887961,34.83298729070352,7.977128366414635,68.23132785344096,9.971433880027194,6.3132128313121525,29.588654573510084,26.937237647412157,98.60424201802407,0.08246841753129058,0.0,54.93330476227172,49.05081964814828
3104.0,694.7886400952516,1792.9359111208805,0.38751448715246833,316.0060815691815,55.640855760165024,18.943375319872974,241.42185048914354,423.8012375592551,40.435186781432904,15.205668978732119,18.858427448483415,0.08494787138956489,0.5946350997269545,47.570807978156346,49.949348377064176,143.30705903419604,0.5152868407835214,0.0,59.03667530504833,48.24319384424174
3177.0,0.0,0.0,0.0,2508.666666666667,756.0,370.1666666666667,1382.5,2633.897325760183,444.6666666666667,311.3333333333333,365.5,4.666666666666667,113.66666666666669,193.0,181.16666666666663,894.6666666666666,0.0,0.0,125.230659093516,0.0
3178.0,0.0,0.0,0.0,2894.5,1322.3333333333333,62.66666666666666,1509.5,3043.827928797262,861.5,460.8333333333333,60.0,2.6666666666666665,77.66666666666667,162.83333333333334,159.16666666666666,1109.8333333333333,0.0,0.0,149.32792879726182,0.0
3106.0,282.8333333333333,733.2875834502012,0.38570588090769303,24.0,4.166666666666667,2.333333333333333,17.5,59.31387759286514,3.0,1.1666666666666667,2.333333333333333,0.0,0.0,9.0,2.333333333333333,6.166666666666667,0.0,0.0,15.31694426376089,19.99693332910425
3179.0,654.1666666666666,1730.702650450315,0.3779775032391946,306.0,62.66666666666666,41.5,201.8333333333333,400.93367966883113,56.66666666666666,6.0,38.833333333333336,2.6666666666666665,19.666666666666668,52.16666666666666,43.833333333333336,86.16666666666667,1.0109863699437749,0.0,48.262987040635856,45.65970625825151
3107.0,366.8333333333333,1178.6092399839115,0.31124253984156847,0.0,0.0,0.0,0.0,43.64126138178895,0.0,0.0,0.0,0.0,0.0,0.0,0.0,0.0,0.0,0.0,18.31184502993998,25.32941635184897
3188.0,568.1666666666666,1777.6335937135034,0.31961967228564686,59.0,0.1666666666666666,0.1666666666666666,58.66666666666666,130.64566015417049,0.1666666666666666,0.0,0.1666666666666666,0.0,0.0,58.66666666666666,0.0,0.0,1.0109863699437749,0.0,31.307385506783177,39.327288277443536
3189.0,299.1666666666667,1031.140527696757,0.29013180903180164,0.0,0.0,0.0,0.0,35.93099895927114,0.0,0.0,0.0,0.0,0.0,0.0,0.0,0.0,0.0,0.0,14.934218963711675,20.996779995559468
3187.0,603.3333333333334,1510.9117955563809,0.3993173758440087,507.83333333333337,116.83333333333334,12.666666666666666,378.33333333333337,609.9613807818151,37.333333333333336,79.5,11.666666666666666,1.0,21.166666666666668,63.833333333333336,55.5,237.83333333333331,0.0,0.0,60.13448745736284,41.993559991118936
3197.0,433.0,1336.5503272903877,0.3239683468394554,48.0,0.0,0.0,48.0,107.21928283108676,0.0,0.0,0.0,0.0,0.0,47.833333333333336,0.0,0.1666666666666666,0.0,5.212560385574713,24.01132245185568,29.995399993656378
3198.0,260.0,842.7254949666973,0.30852276518615906,122.0,0.0,0.0,122.0,159.0663000985182,0.0,0.0,0.0,0.0,0.0,121.83333333333331,0.0,0.1666666666666666,0.0,0.0,19.06906010232437,17.997239996193827
3207.0,323.0,851.9246152123627,0.3791415275863164,419.3333333333333,75.16666666666667,138.33333333333331,205.8333333333333,478.8876874917939,48.0,27.166666666666668,5.666666666666667,132.66666666666666,7.833333333333333,29.666666666666668,17.166666666666668,151.16666666666666,0.0,0.0,37.05783902242545,22.496515136035036
3212.0,580.3333333333334,1823.3014708069293,0.3182870976769948,50.5,5.5,0.5,44.5,122.31864811622842,5.333333333333333,0.1666666666666666,0.5,0.0,9.833333333333334,8.333333333333334,3.8333333333333335,22.5,0.0,0.0,31.4914527677236,40.32719534850482
3213.0,443.8333333333333,1221.6095069947908,0.3633184997267919,470.6666666666666,117.0,40.66666666666666,313.0,548.3195312223093,90.5,26.5,40.5,0.1666666666666666,0.3333333333333333,92.0,43.16666666666666,177.5,1.0109863699437749,0.0,45.6466315255872,30.995246660111597
3200.0,375.6666666666667,1040.1227332485971,0.3611753254285228,34.0,4.333333333333334,0.1666666666666666,29.5,80.44636196877823,3.333333333333333,1.0,0.1666666666666666,0.0,1.0,6.5,2.333333333333333,19.666666666666668,0.0,0.0,20.45034864094271,25.996013327835527
3202.0,595.0,1765.35349875687,0.33704297774864256,117.33333333333334,30.333333333333336,19.166666666666668,67.83333333333334,193.8866184845573,25.166666666666668,5.166666666666667,18.5,0.6666666666666666,4.0,16.666666666666668,7.666666666666667,39.5,0.0,0.0,35.55957182656025,40.99371332466372
3232.0,511.3333333333333,1443.2841942411162,0.35428457913806377,387.0,73.16666666666667,177.0,136.83333333333331,467.17061650610685,70.0,3.1666666666666665,96.66666666666669,80.33333333333333,22.33333333333333,16.833333333333332,8.333333333333334,89.33333333333333,0.0,0.0,44.84269630288808,35.32792020321883
3230.0,224.33333333333331,673.3590263804255,0.33315560428322294,30.333333333333336,2.5,2.833333333333333,25.0,58.70969732327367,2.5,0.0,0.8333333333333334,2.0,1.0,0.5,4.833333333333333,18.666666666666668,0.0,0.0,12.712090256941968,15.664273732998367
3221.0,589.5,1939.6908764425632,0.303914405722811,0.0,0.0,0.0,0.0,76.42126125053984,0.0,0.0,0.0,0.0,0.0,0.0,0.0,0.0,0.0,0.0,35.42754792587613,40.99371332466372
3209.0,605.3333333333334,1701.936606703642,0.35567325536628525,514.6666666666667,127.66666666666669,31.666666666666664,355.33333333333337,626.7412136562164,106.5,21.166666666666668,28.83333333333333,2.833333333333333,5.0,82.0,50.333333333333336,218.0,1.0109863699437749,0.0,69.07000062848694,41.993559991118936
3219.0,484.0,1453.2276732816736,0.3330517364199602,70.0,0.8333333333333333,1.3333333333333337,67.83333333333333,131.6502391300137,0.5,0.3333333333333333,1.1666666666666667,0.1666666666666666,0.0,65.33333333333333,0.5,2.0,0.0,0.0,27.65545247053648,33.99478665947723
3224.0,434.6666666666667,1438.5129109126967,0.3021638967361667,305.8333333333333,37.0,4.333333333333333,264.5,372.7942217368928,33.5,3.5,4.0,0.3333333333333333,15.0,86.66666666666667,13.0,149.83333333333334,0.0,0.0,36.965488409903045,29.995399993656378
3225.0,546.0,1687.724908658107,0.32351243807506463,0.0,0.0,0.0,0.0,65.25027782114199,0.0,0.0,0.0,0.0,0.0,0.0,0.0,0.0,0.0,0.0,27.256104495843903,37.994173325298085
3228.0,65.33333333333333,202.03214480164283,0.3233808827673351,0.0,0.0,0.0,0.0,11.127481444205152,0.0,0.0,0.0,0.0,0.0,0.0,0.0,0.0,3.200128808167422,0.0,3.261331791863761,4.666020844173969
3227.0,184.33333331065927,550.6144662425895,0.33477749788986794,132.99999998364027,38.49999999526428,6.66666666584663,87.83333332252936,162.35229718645226,32.83333332929465,5.666666665969635,6.66666666584663,0.0,0.0,20.499999997478383,13.33333333169326,53.9999999933577,1.010986369819418,0.0,15.843136891621945,12.498173941370624
3250.0,308.8333333333333,855.2219487925869,0.36111483547557227,0.0,0.0,0.0,0.0,36.91339421708176,0.0,0.0,0.0,0.0,0.0,0.0,0.0,0.0,0.0,0.0,15.41676756051187,21.496626656569887
3242.0,314.0,904.7594646270072,0.34705356757936595,327.33333333333337,69.83333333333334,19.33333333333333,238.16666666666669,385.673853761806,52.833333333333336,17.0,19.0,0.3333333333333333,3.333333333333333,43.16666666666666,37.833333333333336,153.83333333333334,1.0109863699437749,0.0,35.33295850389522,21.99657555463356
3222.0,657.6666666666666,1891.2248115086768,0.34774642478491474,561.0,96.16666666666666,38.66666666666666,426.1666666666666,690.5152160608096,70.83333333333333,25.33333333333333,38.0,0.6666666666666666,0.5,92.33333333333331,68.0,265.3333333333333,1.516431930387304,0.0,82.17262498564367,45.82615914477869
3175.0,0.0,0.0,0.0,1798.6666666666663,1010.5,20.83333333333333,767.3333333333334,1888.4553074157143,655.5,355.0,20.33333333333333,0.5,57.0,46.5,39.5,624.3333333333334,0.0,0.0,89.78864074904777,0.0
3181.0,45.0,100.59069495863164,0.44735748190731206,447.3333333333333,266.1666666666667,13.333333333333332,167.83333333333331,474.909851363852,111.33333333333331,154.83333333333334,8.666666666666666,4.666666666666667,9.333333333333334,23.33333333333333,26.83333333333333,108.33333333333331,0.0,0.0,24.576978031152983,2.9995399993656378
3180.0,98.0,223.18511324645104,0.4390973868036798,862.1666666666667,227.33333333333331,33.83333333333333,601.0,917.0965977315273,163.5,63.833333333333336,31.83333333333333,2.0,44.0,76.5,136.83333333333334,343.6666666666667,0.0,0.0,47.93100439967397,6.998926665186488
3184.0,298.3333333333333,668.9270869081128,0.445987820155822,302.33333333333337,67.83333333333334,28.5,206.0,353.31528039019014,35.833333333333336,32.0,26.33333333333333,2.1666666666666665,7.0,15.833333333333334,97.33333333333331,85.83333333333333,0.0,0.0,29.9851670612974,20.996779995559468
3185.0,324.0,633.9537760856766,0.5110782713536712,183.66666666666663,39.0,6.333333333333333,138.33333333333331,231.5057155783693,34.666666666666664,4.333333333333333,5.833333333333333,0.5,13.0,13.0,31.33333333333333,81.0,0.0,0.0,25.342580235863128,22.49646867583951
3186.0,200.0,417.7033128186331,0.47880874741072516,410.0,153.16666666666666,73.16666666666667,183.66666666666663,454.44881786718224,54.16666666666666,99.0,73.0,0.1666666666666666,6.0,8.666666666666666,8.833333333333334,160.16666666666666,0.0,0.0,30.4509645368093,13.997853330372976
3195.0,270.0,705.9031152019769,0.38248874978083375,40.0,0.0,0.0,40.0,74.4721593447182,0.0,0.0,0.0,0.0,0.0,39.833333333333336,0.1666666666666666,0.0,0.0,0.0,15.475072682069149,18.997086662649043
3194.0,254.0,666.0545898766709,0.3813501233390368,1164.8333333333333,264.66666666666663,49.66666666666667,850.5,1253.6582667017858,151.66666666666666,113.0,41.833333333333336,7.833333333333333,88.0,137.5,172.66666666666666,452.3333333333333,0.0,0.0,70.8276933722587,17.997239996193827
3211.0,660.1666666666666,2081.130303673642,0.3172154408118178,553.6666666666666,113.66666666666666,9.833333333333332,430.1666666666666,660.2536393589986,64.5,49.16666666666666,6.833333333333333,3.0,21.5,121.83333333333331,22.0,264.8333333333333,0.0,0.0,60.594026035392176,45.99294665693978
3196.0,272.1666666666667,697.186219541492,0.3903787238446257,117.0,27.83333333333333,0.0,89.16666666666666,155.42412021958987,27.83333333333333,0.0,0.0,0.0,0.0,83.83333333333333,0.0,5.333333333333333,0.0,0.0,19.42703355694083,18.997086662649043
3215.0,590.6666666666666,1576.80868332462,0.37459627976000004,1550.0,201.66666666666663,83.83333333333334,1264.5,1712.5208535088543,149.5,52.16666666666666,77.66666666666667,6.166666666666667,65.16666666666667,349.3333333333333,87.83333333333333,762.1666666666666,0.0,0.0,121.5271401841906,40.99371332466372
3206.0,179.83333333333334,440.0270813427184,0.4086869671397993,207.33333333333331,41.0,0.3333333333333333,166.0,238.99192519940536,15.666666666666666,25.33333333333333,0.3333333333333333,0.0,4.833333333333333,19.666666666666668,0.6666666666666666,140.83333333333334,0.0,0.0,19.327233282931093,12.331358583140885
3208.0,210.33333333333331,513.289381791918,0.40977534465850335,53.0,16.166666666666664,1.0,35.833333333333336,81.14304219483712,2.5,13.666666666666666,0.8333333333333334,0.1666666666666666,2.0,4.666666666666667,12.5,16.666666666666668,0.0,0.0,13.145342198008931,14.997699996828189
3210.0,281.0,695.7818467378838,0.40386221819014895,25.83333333333333,1.0,0.0,24.83333333333333,60.81393869603696,1.0,0.0,0.0,0.0,1.0,1.5,0.0,22.33333333333333,0.0,0.0,15.317005371081285,19.663599991622345
3216.0,280.3333333333333,686.176495146045,0.40854406310386293,99.33333333333334,1.0,0.5,97.83333333333334,137.44984209946907,0.5,0.5,0.5,0.0,0.0,94.16666666666669,0.6666666666666666,3.0,0.0,0.0,18.952820488350127,19.163688277785603
3223.0,284.0,837.1805996574581,0.3392338524282596,0.0,0.0,0.0,0.0,34.174096689451474,0.0,0.0,0.0,0.0,0.0,0.0,0.0,0.0,0.0,0.0,14.17716336034722,19.99693332910425
3183.0,278.0,731.0239257911509,0.3802885106655496,864.5,193.33333333333331,14.833333333333334,656.3333333333333,945.742654096104,84.16666666666667,109.16666666666669,13.833333333333334,1.0,54.0,46.16666666666666,202.16666666666663,354.0,0.0,5.212560385574713,57.03300704788007,18.997086662649043
3201.0,729.8333333333334,2142.7856140339964,0.3406002581655162,0.0,0.0,0.0,0.0,87.42508668792469,0.0,0.0,0.0,0.0,0.0,0.0,0.0,0.0,0.0,0.0,36.43290669870884,50.99217998921585
3191.0,406.0,1053.4594258448217,0.3853969028512022,387.5,60.0,25.83333333333333,301.66666666666663,455.27334304119154,45.66666666666666,14.333333333333334,24.5,1.3333333333333333,24.83333333333333,86.0,33.5,157.33333333333334,0.0,0.0,39.61097437910552,28.162368662086
3182.0,144.83333333333334,386.2434294561638,0.37497941010222674,97.66666666666669,3.1666666666666665,2.5,92.0,119.7706773744868,3.1666666666666665,0.0,2.1666666666666665,0.3333333333333333,9.0,67.83333333333333,1.6666666666666667,13.5,0.0,0.0,12.105544043268011,9.998466664552128
3192.0,67.0,170.6720080530547,0.3925658387939781,110.0,0.0,0.0,110.0,123.83500063784456,0.0,0.0,0.0,0.0,0.0,109.83333333333331,0.0,0.1666666666666666,0.0,0.0,8.835767305568513,4.999233332276064
3203.0,399.8333333333333,1292.143479563411,0.3094341608785031,49.0,0.0,0.0,49.0,99.40123260468046,0.0,0.0,0.0,0.0,0.0,48.833333333333336,0.0,0.1666666666666666,0.0,0.0,22.405525943934503,27.995706660745952
3204.0,350.0,749.7466026347589,0.4668243894270815,274.16666666666663,24.83333333333333,7.166666666666666,242.16666666666663,333.8250757011813,20.83333333333333,4.0,4.833333333333333,2.333333333333333,7.166666666666667,24.166666666666668,165.16666666666666,45.66666666666666,0.0,0.0,35.16221913876267,24.49618989575191
3193.0,199.0,494.828961005608,0.4021591614112188,815.0,163.16666666666669,77.5,574.3333333333334,879.6159286643614,141.83333333333334,21.33333333333333,17.166666666666668,60.333333333333336,49.66666666666666,91.33333333333331,77.66666666666667,355.6666666666667,0.0,0.0,50.61807533398834,13.997853330372976
3205.0,152.0,316.7093186325217,0.47993535730587655,879.8333333333333,101.5,41.83333333333333,736.5,941.8401480547258,46.16666666666666,55.333333333333336,27.33333333333333,14.5,81.0,271.8333333333333,129.5,254.16666666666663,0.0,0.0,51.50845958282006,10.498355138572482
3233.0,495.0,1472.366503037718,0.3361934674408437,0.0,0.0,0.0,0.0,59.03819927509256,0.0,0.0,0.0,0.0,0.0,0.0,0.0,0.0,0.0,0.0,24.710172216927063,34.328027058165496
3214.0,161.5,348.0914692717774,0.4639585116459909,992.0,150.0,70.83333333333334,771.1666666666667,1060.580571868146,97.5,52.5,68.16666666666667,2.6666666666666665,51.5,150.66666666666666,87.83333333333333,481.1666666666667,0.0,0.0,57.58225853713864,10.998313331007338
3239.0,1272.1666666666667,3279.969460479609,0.3878593023487011,779.0,226.5,44.833333333333336,507.6666666666667,971.39066797191,191.66666666666663,34.833333333333336,44.833333333333336,0.0,0.5,101.33333333333331,67.66666666666667,338.1666666666667,1.8536647301332825,0.0,102.38396472499026,88.15303851678665
3234.0,767.5,2139.6439124804297,0.35870454682819564,131.66666666666666,37.16666666666666,7.833333333333333,86.66666666666666,229.71683250965455,29.0,8.166666666666666,7.833333333333333,0.0,0.0,22.166666666666668,14.333333333333334,50.16666666666666,0.0,0.0,44.89213242984548,53.15803341314245
3240.0,457.5,1308.988237906815,0.34950657824976483,314.16666666666663,80.66666666666666,15.0,218.5,386.02953688681737,67.83333333333333,12.833333333333334,15.0,0.0,0.0,48.66666666666666,33.0,136.83333333333334,1.5162897918238096,0.0,38.684671715818325,31.661908712508676
3236.0,299.5,861.4787732713424,0.3476580146748034,341.5,21.33333333333333,62.5,257.6666666666667,394.4965243821703,18.0,3.333333333333333,55.5,7.0,1.0,202.16666666666663,12.833333333333334,41.66666666666666,0.0,0.0,31.99974438661084,20.996779995559468
3237.0,365.5,997.3038446207988,0.36648810888618677,21.5,1.5,3.8333333333333335,16.166666666666668,65.98183092490386,1.1666666666666667,0.3333333333333333,2.833333333333333,1.0,7.666666666666667,3.0,1.1666666666666667,4.333333333333333,0.0,0.0,19.319067292981767,25.16276363192209
3238.0,36.333333333333336,94.05281211193544,0.38630778301548074,1471.3333333333337,381.3333333333333,81.66666666666667,1008.3333333333334,1556.955024291137,311.3333333333333,70.0,81.66666666666667,0.0,0.3333333333333333,190.33333333333331,169.33333333333334,648.3333333333334,3.0329591098313244,0.0,79.92234394402585,2.666387903946253
3241.0,730.6666666666666,2030.0360078285096,0.3599279342085398,570.5,105.83333333333331,100.66666666666669,364.0,705.4577393380853,86.5,19.33333333333333,98.16666666666669,2.5,7.5,80.16666666666667,59.66666666666666,216.66666666666663,1.0109863699437749,0.0,83.1212210542577,50.82553191388376
3130.0,220.16666666666663,661.3984994014695,0.3328805052716415,0.0,0.0,0.0,0.0,51.26296714552988,0.0,0.0,0.0,0.0,0.0,0.0,0.0,0.0,25.27465924859437,0.0,10.99060790010732,14.997699996828189
3147.0,336.1666666666667,817.6386906872594,0.4111432965386026,582.3333333333334,132.33333333333334,115.33333333333331,334.6666666666667,651.5137142699949,109.16666666666669,23.166666666666668,77.33333333333333,38.0,1.6666666666666667,55.0,78.16666666666667,199.83333333333331,0.0,0.0,45.850704377918525,23.329676558743017
3154.0,0.0,0.0,0.0,1740.3333333333337,650.0,312.16666666666663,778.1666666666667,1841.2173191554175,624.3333333333334,25.666666666666668,300.3333333333333,11.833333333333334,151.5,83.16666666666667,131.33333333333334,412.1666666666667,1.0109863699437749,0.0,99.8729994521406,0.0
3157.0,43.16666666666666,117.02883560124518,0.36885496164167053,0.0,0.0,0.0,0.0,10.883444941864846,0.0,0.0,0.0,0.0,0.0,0.0,0.0,0.0,5.7287804016825,0.0,2.155208156210397,2.9994563839719484
3152.0,4.498301507036873,10.849376236178912,0.4146138366956614,3343.4284031346474,703.8383832616856,1366.8298023712914,1272.7602175016696,3526.2080647167168,671.4654761562462,32.37290710543948,1289.8089407317661,77.0208616395255,45.53756492808378,152.54525920806213,206.9622976869634,867.7150956785605,11.212999289915441,0.0,171.5527366948343,0.013925597320208889
3158.0,0.0,0.0,0.0,1291.333319589811,244.99999739249117,579.3333271675506,466.99999502976885,1361.630414822028,229.66666422234883,15.333333170142303,526.8333277263024,52.49999944124811,57.99999938271219,54.33333275506947,63.99999931885483,290.6666635731324,0.0,0.0,70.29709523221727,0.0
3165.0,0.0,0.0,0.0,1594.5,215.8333333333333,747.8333333333333,630.8333333333334,1674.0980699935649,198.66666666666663,17.166666666666668,729.6666666666666,18.166666666666668,61.5,55.833333333333336,120.0,393.5,0.0,0.0,79.59806999356506,0.0
3155.0,74.5,217.4571396447707,0.34259624734189104,0.0,0.0,0.0,0.0,14.10351154456583,0.0,0.0,0.0,0.0,0.0,0.0,0.0,0.0,5.0546474391611,0.0,3.715744469524856,5.333119635879876
3149.0,27.5,72.85086459163797,0.3774835090036327,0.0,0.0,0.0,0.0,9.60479783006722,0.0,0.0,0.0,0.0,0.0,0.0,0.0,0.0,6.065918219662649,0.0,1.3725846623575844,2.1662949480469877
3150.0,33.666666666666664,97.35361436570956,0.34581835390515225,259.33333333333337,47.333333333333336,17.5,194.5,279.9989114755779,40.5,6.833333333333333,17.5,0.0,6.833333333333333,88.16666666666667,15.833333333333334,83.66666666666667,3.706760211079121,0.0,14.625768069422683,2.333049861742707
3169.0,34.833333333333336,94.32049006156642,0.36930823101742105,220.16666666666669,49.16666666666666,81.66666666666667,89.33333333333333,239.1103182090507,47.0,2.1666666666666665,79.5,2.1666666666666665,11.333333333333334,11.166666666666666,8.666666666666666,58.16666666666666,4.212253489529367,0.0,12.731704719944268,1.9996933329104252
3161.0,587.6666666666666,1706.8828294626726,0.3442923301605092,0.0,0.0,0.0,0.0,70.163316497207,0.0,0.0,0.0,0.0,0.0,0.0,0.0,0.0,0.0,0.0,29.336274487691767,40.827042009515246
3168.0,993.8333333333334,2528.511397264709,0.39305076275647466,0.0,0.0,0.0,0.0,119.61222671968224,0.0,0.0,0.0,0.0,0.0,0.0,0.0,0.0,1.0109863699437749,0.0,49.6118203643288,68.98941998540967
3166.0,635.6666666666666,1815.37834337635,0.3501565769945319,0.0,0.0,0.0,0.0,75.72535616944104,0.0,0.0,0.0,0.0,0.0,0.0,0.0,0.0,0.0,0.0,31.73210284541169,43.99325332402936
3167.0,631.5,1635.5702596264036,0.3861038657821077,0.0,0.0,0.0,0.0,75.51748899137705,0.0,0.0,0.0,0.0,0.0,0.0,0.0,0.0,0.0,0.0,31.5242356673477,43.99325332402936
3170.0,219.5,637.1359581313542,0.3445104568321148,0.0,0.0,0.0,0.0,25.9551369981028,0.0,0.0,0.0,0.0,0.0,0.0,0.0,0.0,0.0,0.0,10.957437001274617,14.997699996828189
3171.0,1329.5,3494.042789724818,0.3805047848611803,0.0,0.0,0.0,0.0,158.68778401521706,0.0,0.0,0.0,0.0,0.0,0.0,0.0,0.0,0.0,0.0,66.36853414244177,92.31924987277527
3172.0,912.6666666666666,2182.896655317724,0.4180988891266713,74.5,15.0,4.5,55.0,344.27214703045763,10.166666666666666,4.833333333333333,4.5,0.0,0.0,10.166666666666666,7.833333333333333,37.0,0.0,0.0,206.2817559161762,63.49039111428144
3174.0,37.333333333333336,110.4750502940376,0.33793452217462566,37.333333333333336,6.0,0.5,30.833333333333336,44.73776896296979,5.833333333333333,0.1666666666666666,0.5,0.0,3.0,5.166666666666667,1.8333333333333333,20.83333333333333,1.0101323625961358,0.0,3.727896774351701,2.6664064926886213
3341.0,86.5,275.82189134990017,0.3136081751040872,0.0,0.0,0.0,0.0,10.317165697941885,0.0,0.0,0.0,0.0,0.0,0.0,0.0,0.0,0.0,0.0,4.31808569921061,5.999079998731276
3348.0,24.0,74.53158002943321,0.32201115272911396,0.0,0.0,0.0,0.0,47.681163753564455,0.0,0.0,0.0,0.0,0.0,0.0,0.0,0.0,44.483400277526094,0.0,1.198070143127934,1.9996933329104252
3377.0,426.8333333333333,1170.3537634466688,0.3647045420491643,512.0,143.83333333333334,30.0,338.1666666666667,615.8718087118164,117.66666666666669,26.166666666666668,30.0,0.0,0.3333333333333333,68.66666666666667,45.333333333333336,223.83333333333331,1.0109863699437749,0.0,73.03201931875797,29.82880302311461
3375.0,450.1666666666667,1235.9213885819584,0.36423567940932555,0.0,0.0,0.0,0.0,53.80047081775452,0.0,0.0,0.0,0.0,0.0,0.0,0.0,0.0,0.0,0.0,22.47186295415243,31.328607863602087
3376.0,544.3333333333334,1484.2400486603292,0.3667421141375663,514.6666666666666,131.83333333333331,29.33333333333333,353.5,606.5446452921452,106.33333333333331,25.5,29.33333333333333,0.0,0.3333333333333333,85.66666666666667,46.66666666666666,220.83333333333331,1.0109863699437749,0.0,52.87281893023663,37.994173325298085
3370.0,444.5,1213.6776711956795,0.36624221615784663,23.666666666666668,4.333333333333334,0.3333333333333333,19.0,77.86522204346002,4.166666666666667,0.1666666666666666,0.3333333333333333,0.0,1.0,5.5,1.0,11.5,0.0,0.0,23.369993978831587,30.828561397961767
3384.0,33.833333333333336,98.48581731733265,0.3435350820546926,0.0,0.0,0.0,0.0,7.732600268057935,0.0,0.0,0.0,0.0,0.0,0.0,0.0,0.0,4.0439454797751,0.0,1.6889614553724106,1.9996933329104252
3386.0,120.16666666666669,294.8058616090174,0.40761288127315537,1261.0,362.0,66.83333333333333,832.1666666666667,1387.8211476567817,311.8333333333333,50.16666666666666,66.83333333333333,0.0,0.0,225.83333333333331,119.0,487.3333333333333,3.0329591098313244,0.0,115.7894152153088,7.998773331641701
3394.0,481.5,1340.9763775418533,0.35906672784396004,699.3333333333334,144.0,44.833333333333336,510.5,802.6315428404135,113.83333333333331,30.166666666666668,44.833333333333336,0.0,0.0,159.83333333333334,94.0,256.6666666666667,3.707045049415162,0.0,66.42953458873349,33.161629868931534
3409.0,560.5,1657.5726935581672,0.3381450491904662,0.0,0.0,0.0,0.0,66.9739021916027,0.0,0.0,0.0,0.0,0.0,0.0,0.0,0.0,0.0,0.0,27.979882199849403,38.9940199917533
3413.0,413.8333333333333,1274.891365333176,0.32460282074714925,0.0,0.0,0.0,0.0,49.4874812066646,0.0,0.0,0.0,0.0,0.0,0.0,0.0,0.0,0.0,0.0,20.658599194611902,28.82888201205269
3414.0,171.66666666666666,551.0463007221705,0.31152857108683957,95.16666666666669,1.1666666666666667,9.0,85.0,122.50687371330152,1.1666666666666667,0.0,4.166666666666667,4.833333333333333,83.33333333333333,1.1666666666666667,0.0,0.5,2.0219727398875498,0.0,13.320074309284765,11.998159997462553
3416.0,968.3333333333334,2822.079062939582,0.34312764162060067,181.16666666666669,54.5,9.0,117.66666666666669,342.5421074452187,44.66666666666666,9.833333333333334,9.0,0.0,0.0,36.333333333333336,12.333333333333334,69.0,0.0,0.0,94.38571412605272,66.98972665249924
3417.0,345.6666666666667,1073.1119105272458,0.32211614024191787,281.66666666666663,19.0,151.16666666666666,111.5,364.8503229903002,14.833333333333334,4.166666666666667,145.66666666666666,5.5,1.3333333333333333,45.5,22.5,42.16666666666666,4.0439454797751,0.0,55.14339084893326,23.996319994925106
3422.0,7.0,20.60314450540027,0.33975396319553247,1114.6666666666667,673.0,155.16666666666669,286.5,1171.66251540117,620.0,53.0,113.16666666666669,42.0,101.83333333333331,66.0,43.66666666666666,75.0,1.0109863699437749,0.0,55.984862364559376,0.0
3419.0,0.0,0.0,0.0,948.0,58.5,679.0,210.5,1020.1688282764665,51.5,7.0,525.0,154.0,27.666666666666668,60.5,34.333333333333336,88.0,1.0109863699437749,0.0,71.1578419065225,0.0
3418.0,937.6666666666666,2861.081371131701,0.3277315619638502,1144.3333333333337,153.0,179.33333333333334,812.0,1326.8092235352103,115.0,38.0,82.66666666666667,96.66666666666669,122.66666666666669,203.33333333333331,127.16666666666669,358.8333333333333,4.0439454797751,0.0,113.44191140251309,64.99003331958882
3427.0,288.3333333333333,815.700959403617,0.3534792131961476,0.0,0.0,0.0,0.0,34.05869128419833,0.0,0.0,0.0,0.0,0.0,0.0,0.0,0.0,0.0,0.0,14.39484965394277,19.663841630255565
3415.0,956.1666666666666,2865.793254709479,0.3336481670809147,89.0,0.0,16.666666666666668,72.33333333333333,283.3308869027112,0.0,0.0,16.0,0.6666666666666666,72.33333333333333,0.0,0.0,0.0,0.0,0.0,128.17436348852064,66.15652341419053
3433.0,409.5,1280.94992162448,0.3196846286392513,0.0,0.0,0.0,0.0,48.60436115455767,0.0,0.0,0.0,0.0,0.0,0.0,0.0,0.0,0.0,0.0,20.44205752326994,28.162303631287724
3444.0,48.0,155.41937118122817,0.3088418106133576,172.0,0.1666666666666666,8.666666666666668,163.16666666666666,193.05875423431144,0.0,0.1666666666666666,6.166666666666667,2.5,161.16666666666666,2.0,0.0,0.0,7.076904589606424,0.0,10.982309645339395,2.9995399993656378
3446.0,227.83333333333331,698.2196050375846,0.3263061244478651,157.99999999999997,1.0,6.166666666666666,150.83333333333331,193.2582035511988,0.0,1.0,4.0,2.1666666666666665,148.66666666666666,2.1666666666666665,0.0,0.0,0.0,0.0,19.260656887915445,15.9975466632834
3243.0,795.6602438680488,1971.3150926263145,0.4036190088759572,943.0858439141616,261.2051144638759,53.15683350751133,628.7238959427742,1107.849356124093,216.50957467947032,44.69553978440559,53.15683350751133,0.0,0.2986338961096142,132.69299450470524,90.18743662510349,405.5448309168561,2.31459504929346,0.0,107.11061880126297,55.33829835937489
3385.0,1085.5,2755.2279502762854,0.3939782913029572,423.33333333333337,110.83333333333331,26.166666666666668,286.33333333333337,588.8490833654149,92.83333333333331,18.0,26.166666666666668,0.0,0.0,83.0,43.5,159.83333333333334,4.0439454797751,0.0,85.9833881861498,75.48841636615667
3245.0,864.8333333333334,2248.972607299336,0.38454596135426605,1149.5,280.6666666666667,59.66666666666666,809.1666666666667,1312.0684561009846,241.5,39.16666666666666,57.0,2.6666666666666665,24.5,178.66666666666666,138.33333333333334,467.6666666666667,2.0219727398875498,0.0,100.55568337378428,59.99079998731276
3246.0,64.5,193.97636737294144,0.33251473297255574,569.1666666666666,102.83333333333331,271.16666666666663,195.16666666666669,605.3020546115513,95.83333333333331,7.0,131.0,140.16666666666666,28.5,20.5,18.666666666666668,127.5,0.0,0.0,31.63613137823688,4.499256566647657
3248.0,396.0,1126.569517003324,0.35150959973900264,56.83333333333333,11.5,3.1666666666666665,42.16666666666666,109.12009274335334,8.833333333333334,2.6666666666666665,3.1666666666666665,0.0,0.0,11.0,6.833333333333333,24.33333333333333,2.0219727398875498,0.0,22.60243658668479,27.66235008344766
3256.0,1581.3333375926866,4317.498713141487,0.36626144966284907,20.500000055217168,5.500000014814361,1.6666666711558673,13.333333369246938,249.4458816151303,4.833333346352014,0.6666666684623468,1.6666666711558673,0.0,0.0,1.6666666711558673,1.166666669809107,10.500000028281963,0.0,0.0,118.96274795359791,109.9831336063152
3249.0,717.833334075091,1990.6803813504173,0.36059698020841224,0.0,0.0,0.0,0.0,86.83751679039732,0.0,0.0,0.0,0.0,0.0,0.0,0.0,0.0,1.010986370988456,0.0,35.83419704498973,49.99233337441913
3277.0,117.5,360.33534622882576,0.3260851349436681,368.3333333333333,42.5,58.5,267.3333333333333,401.5957681859272,35.333333333333336,7.166666666666667,52.5,6.0,13.166666666666666,136.5,35.166666666666664,82.5,1.0109863699437749,0.0,24.25267515100828,7.998773331641701
3285.0,581.6666720244647,1720.3394416985504,0.33811157142927856,0.0,0.0,0.0,0.0,71.21899465789504,0.0,0.0,0.0,0.0,0.0,0.0,0.0,0.0,2.021972758512171,0.0,29.03655790070998,40.16046399867289
3290.0,267.0000002109003,754.135569917607,0.3540477479932041,161.16666679397036,15.000000011848329,5.166666670747758,141.0000001113743,201.03779840413662,13.333333343865181,1.6666666679831477,4.6666666703528135,0.5000000003949443,8.000000006319109,20.000000015797774,19.50000001540283,93.50000007385458,0.0,0.0,21.37396593852356,18.497165671642623
3281.0,586.0,1791.099792650448,0.327173283367335,0.0,0.0,0.0,0.0,70.2465260343668,0.0,0.0,0.0,0.0,0.0,0.0,0.0,0.0,0.0,0.0,29.252812709703075,40.99371332466372
3267.0,344.2285144673357,944.881811689909,0.36430854124674855,90.68003222021756,19.914046291498757,7.73447333643032,63.031512592288486,138.00816329279772,14.135416787269207,5.77862950422955,7.73447333643032,0.0,0.08890199237276228,13.157494871168822,8.890199237276232,40.89491649147066,1.617816645894746,0.0,21.71045703359947,23.999857393085946
3280.0,527.8333333333334,1582.4937745955622,0.333545282646203,0.0,0.0,0.0,0.0,63.01014585755272,0.0,0.0,0.0,0.0,0.0,0.0,0.0,0.0,0.0,0.0,26.34911070218844,36.66103515536428
3279.0,417.0,1173.1096753828338,0.35546548524025756,34.0,6.0,4.0,24.0,85.50916192313477,4.5,1.5,4.0,0.0,0.0,8.833333333333334,3.8333333333333335,11.333333333333334,0.0,0.0,22.5136085959336,28.995553327201165
3265.0,343.7597942837687,932.2471856152923,0.3687431826966405,0.0,0.0,0.0,0.0,40.93278244609493,0.0,0.0,0.0,0.0,0.0,0.0,0.0,0.0,0.0,0.0,17.160534535366004,23.772247910728936
3297.0,264.5,753.9427625586126,0.3508223875011167,0.0,0.0,0.0,0.0,31.200995975983425,0.0,0.0,0.0,0.0,0.0,0.0,0.0,0.0,0.0,0.0,13.2037559797896,17.997239996193827
3295.0,715.5000001099017,1938.7196945551443,0.36905799333414174,11.83333333515095,1.0000000001536014,1.0000000001536014,9.833333334843747,98.1338990180109,0.6666666667690675,0.33333333338453375,0.0,1.0000000001536014,1.0000000001536014,1.0000000001536014,0.6666666667690675,7.166666667767477,0.0,0.0,36.308232352420426,49.99233333043952
3291.0,132.0,409.5596947655724,0.3222973395259399,503.3333333333333,109.83333333333334,5.666666666666667,387.8333333333333,544.0474255774559,77.0,32.833333333333336,5.666666666666667,0.0,24.33333333333333,222.66666666666663,42.0,98.83333333333331,0.0,0.0,31.71547224602558,8.998619998096913
3296.0,233.0,727.9867925156732,0.32006075164472664,37.0,0.3333333333333333,5.333333333333333,31.33333333333333,66.47583577347267,0.3333333333333333,0.0,5.333333333333333,0.0,23.83333333333333,0.6666666666666666,3.0,3.8333333333333335,0.0,0.0,13.47828911018926,15.9975466632834
3309.0,233.0,686.9000312131408,0.33920510905858664,0.0,0.0,0.0,0.0,27.62882207275336,0.0,0.0,0.0,0.0,0.0,0.0,0.0,0.0,0.0,0.0,11.63127540946996,15.9975466632834
3311.0,275.0,836.596569466638,0.3287127990201094,82.83333333333334,25.166666666666664,5.0,52.66666666666667,128.7070347107103,20.83333333333333,4.333333333333333,5.0,0.0,0.1666666666666666,8.666666666666666,7.0,36.833333333333336,1.0109863699437749,0.0,25.865628344784124,18.997086662649043
3316.0,820.3333333333334,2453.9835563424126,0.33428640188445885,196.0,21.0,31.666666666666668,143.33333333333334,303.72622812265854,19.0,2.0,2.0,29.666666666666668,14.833333333333334,13.0,11.5,104.0,0.0,0.0,50.734968134711416,56.99125998794712
3317.0,299.0585247768229,916.8456873359871,0.3261819615968046,64.51991496642826,5.086029332939165,12.642415770448782,46.79146986304031,103.59177062024591,5.086029332939165,0.0,0.0,12.642415770448782,7.265756189913093,3.6328780949565465,1.017205866587833,34.875629711582846,0.0,0.0,18.149686389226158,20.92216926459149
3318.0,724.3333333333334,2241.0458439144863,0.3232121892107855,226.33333333333337,58.66666666666667,17.0,150.66666666666669,323.9534795244856,47.333333333333336,11.333333333333334,14.833333333333334,2.1666666666666665,3.5,38.0,14.5,94.66666666666669,0.0,0.0,47.46116944024512,50.15897675090713
3288.0,556.1666666666666,1432.1103402255087,0.3883546197837586,535.3333333333333,91.5,28.166666666666668,415.6666666666666,628.6493810079174,68.5,23.0,27.666666666666668,0.5,7.833333333333333,78.5,95.0,234.33333333333331,0.1683080097542675,0.0,54.48691825875486,38.660821406074966
3284.0,854.5,2388.279141496193,0.3577889975895693,0.0,0.0,0.0,0.0,103.83589535373883,0.0,0.0,0.0,0.0,0.0,0.0,0.0,0.0,2.0219727398875498,0.0,42.656372322451965,59.15755029139931
3271.0,1051.6666666666667,2881.180828507497,0.3650123783488622,432.6666666666667,111.66666666666669,51.0,270.0,592.1110079757503,97.66666666666669,14.0,49.66666666666666,1.3333333333333333,6.333333333333333,73.83333333333333,38.0,151.83333333333334,2.359110504319131,0.0,83.9299015301897,73.15532927457478
3272.0,1389.9999991830487,4019.8039946261847,0.345788003853235,955.6666661049884,270.49999984101777,54.66666663453716,630.4999996294332,1201.442424024503,228.66666653227128,41.83333330874643,54.66666663453716,0.0,0.33333333313742175,144.49999991507232,88.33333328141676,397.3333330998067,2.021972738699166,0.0,147.10199192894748,96.65179325186809
3270.0,231.16666666666663,631.9381622456243,0.36580583430062863,498.33333333333337,164.0,57.5,276.83333333333337,550.4157008019931,107.83333333333331,56.16666666666666,21.33333333333333,36.16666666666666,12.0,28.33333333333333,19.166666666666668,217.33333333333331,0.0,0.0,36.41810303806794,15.664264430591809
3283.0,420.6666666666667,1148.132702793673,0.3663920256282982,303.66666666666663,134.33333333333334,14.0,155.33333333333331,368.8205134795256,129.5,4.833333333333333,7.166666666666667,6.833333333333333,7.833333333333333,71.5,4.333333333333333,71.66666666666667,0.0,0.0,36.158293485657744,28.995553327201165
3287.0,433.3333333333333,1050.7498568916774,0.4124038946959438,331.1666666666667,93.16666666666669,14.5,223.5,399.3249715243248,47.333333333333336,45.833333333333336,9.0,5.5,14.333333333333334,46.833333333333336,11.666666666666666,150.66666666666666,0.0,0.0,38.162904864001824,29.995399993656378
3286.0,425.1666666666667,1080.404552852163,0.3935254303994443,122.16666666666666,52.83333333333333,9.666666666666666,59.66666666666667,178.98468477965804,36.0,16.833333333333332,1.8333333333333333,7.833333333333333,7.166666666666667,7.5,6.0,39.0,0.0,0.0,27.32258093796206,29.495437175029323
3292.0,391.6666666666667,923.043121039924,0.42432109371597393,265.0,21.5,27.0,216.5,324.7765249124328,19.166666666666668,2.333333333333333,10.0,17.0,71.0,23.5,25.166666666666668,96.83333333333331,0.0,0.0,32.780664918142016,26.99585999429074
3293.0,516.6666666666666,1274.4337931278678,0.405408793656202,1795.4999999999998,138.66666666666666,57.16666666666666,1599.6666666666663,1947.0845471614723,108.5,30.166666666666668,31.83333333333333,25.33333333333333,60.333333333333336,187.83333333333331,930.6666666666666,420.8333333333333,0.0,0.0,115.42342374093856,36.16112342053415
3301.0,867.5,2415.8138206786703,0.3590922415355231,226.33333333333331,36.5,14.0,175.83333333333334,353.105257957994,25.0,11.5,14.0,0.0,0.0,72.0,16.666666666666668,87.16666666666667,1.0109863699437749,0.0,65.60353665226755,60.15740160244932
3304.0,478.0,1488.1913491746564,0.3211952550759662,81.0,10.166666666666666,13.0,57.83333333333333,141.8999269391369,10.166666666666666,0.0,1.0,12.0,4.0,9.166666666666666,1.1666666666666667,43.5,0.0,0.0,27.904986946114875,32.99493999302202
3303.0,809.0000001712135,2404.914609710615,0.336394480246665,31.000000006560718,2.3333333338271505,5.16666666776012,23.500000004973447,144.56160584991423,2.1666666671252113,0.16666666670193928,0.0,5.16666666776012,3.000000000634908,3.1666666673368473,0.16666666670193928,17.166666670299755,0.0,15.637681161651326,41.93251134836049,55.99141333334171
3432.0,359.0,1158.230165931392,0.30995566387386375,25.0,16.0,9.0,0.0,69.16528895142726,16.0,0.0,9.0,0.0,0.0,0.0,0.0,0.0,0.0,0.0,19.169122290046943,24.996166661380315
3426.0,1022.5,2757.565914325407,0.3707980268715128,260.6666666666667,47.16666666666666,48.66666666666666,164.83333333333334,395.7108360049856,13.666666666666666,33.5,1.5,47.16666666666666,6.333333333333333,66.83333333333333,41.333333333333336,50.333333333333336,0.0,0.0,64.05505601999876,70.9891133183201
3431.0,264.0,837.5198149357775,0.31521642269472033,0.0,0.0,0.0,0.0,31.176011570601094,0.0,0.0,0.0,0.0,0.0,0.0,0.0,0.0,0.0,0.0,13.178771574407271,17.997239996193827
3450.0,253.83333333333331,788.5991719880875,0.32187877232157136,0.0,0.0,0.0,0.0,30.66849043775059,0.0,0.0,0.0,0.0,0.0,0.0,0.0,0.0,0.0,0.0,12.671250441556763,17.997239996193827
3442.0,773.8333333333334,2193.541327368621,0.35277809616727224,59.0,0.1666666666666666,0.0,58.833333333333336,154.56642455257128,0.1666666666666666,0.0,0.0,0.0,0.0,58.833333333333336,0.0,0.0,0.0,0.0,41.57470456398981,53.99171998858148
3443.0,759.1666667749092,2330.401266932654,0.32576650105161836,0.0,0.0,0.0,0.0,90.88912716421939,0.0,0.0,0.0,0.0,0.0,0.0,0.0,0.0,0.0,0.0,37.89725383453748,52.9918733296819
3282.0,912.8333333333334,2651.776824147322,0.3442345996167512,95.0,56.66666666666667,16.333333333333332,22.0,217.80100981399943,11.333333333333334,45.333333333333336,13.0,3.333333333333333,0.5,5.333333333333333,0.5,15.666666666666666,0.0,0.0,59.64402639917455,63.1569834148249
3421.0,429.5,1132.5574285264129,0.3792302175429892,1093.5,216.33333333333331,312.6666666666667,564.5,1203.5229669853095,157.0,59.333333333333336,8.666666666666666,304.0,49.5,207.16666666666663,58.333333333333336,249.5,0.0,0.0,80.02756699165329,29.995399993656378
3420.0,581.3333333333334,1532.9403260789304,0.3792276342682636,591.0,76.83333333333333,98.16666666666666,416.0,694.6828814503328,31.666666666666668,45.16666666666666,7.333333333333333,90.83333333333331,19.5,227.83333333333331,8.5,160.16666666666666,0.0,0.0,63.522417821582565,40.16046362875028
3425.0,795.8333333333334,1939.862533866183,0.4102524377060999,370.6666666666667,144.83333333333334,42.66666666666666,183.16666666666669,489.0560970766329,140.0,4.833333333333333,5.0,37.66666666666666,9.166666666666666,71.83333333333333,5.0,97.16666666666669,0.0,0.0,63.231266784387735,55.15816362557846
3424.0,703.5,1900.5403709024831,0.37015788286882784,143.0,35.166666666666664,4.166666666666667,103.66666666666669,234.2494642648411,3.333333333333333,31.83333333333333,0.8333333333333334,3.333333333333333,16.333333333333332,78.16666666666667,1.1666666666666667,8.0,0.0,0.0,42.25697760853566,48.992486656305424
3423.0,166.0,450.0819471213287,0.3688217247141693,633.8333333333333,134.83333333333331,50.333333333333336,448.6666666666666,685.4270328472722,71.33333333333333,63.5,15.333333333333334,35.0,157.5,50.16666666666666,76.16666666666667,164.83333333333334,0.0,0.0,39.92882639376269,11.664873120176166
3430.0,484.3333333333333,1089.2493472917238,0.44464872486503193,96.0,2.833333333333333,1.3333333333333333,91.83333333333331,158.96481790556635,0.0,2.833333333333333,0.0,1.3333333333333333,52.66666666666666,6.166666666666667,16.166666666666668,16.833333333333332,0.0,0.0,28.97003124608914,33.99478665947723
3436.0,289.5,793.8412648463155,0.364682478500341,194.16666666666669,2.1666666666666665,2.0,190.00000000000003,238.30833228269407,0.3333333333333333,1.8333333333333333,1.1666666666666667,0.8333333333333334,156.33333333333334,16.0,6.333333333333333,11.333333333333334,0.0,0.0,24.14473228692312,19.99693332910425
3438.0,254.33333333333331,685.0293653202883,0.37127362155404636,0.0,0.0,0.0,0.0,30.02763193539149,0.0,0.0,0.0,0.0,0.0,0.0,0.0,0.0,0.0,0.0,12.69690526817096,17.330726667220528
3435.0,643.6666666666666,1704.6914027490984,0.37758544779931846,0.0,0.0,0.0,0.0,77.12464840876765,0.0,0.0,0.0,0.0,0.0,0.0,0.0,0.0,0.0,0.0,32.13154841828308,44.99309999048457
3440.0,176.5,474.3035837345316,0.3721245338487413,0.0,0.0,0.0,0.0,20.80893415796534,0.0,0.0,0.0,0.0,0.0,0.0,0.0,0.0,0.0,0.0,8.810774160502787,11.998159997462553
3449.0,38.0,95.0252840689524,0.3998935690886899,0.0,0.0,0.0,0.0,4.896484392651534,0.0,0.0,0.0,0.0,0.0,0.0,0.0,0.0,0.0,0.0,1.896944393285896,2.9995399993656378
3470.0,30.0,78.59047819856183,0.3817256325149703,0.0,0.0,0.0,0.0,4.508267381764118,0.0,0.0,0.0,0.0,0.0,0.0,0.0,0.0,1.0109863699437749,0.0,1.4975876789099176,1.9996933329104252
3478.0,589.6666666666666,1560.5921343213197,0.3778480319735205,670.5,177.5,112.0,381.0,808.4014151397389,73.83333333333333,103.66666666666669,27.666666666666668,84.33333333333333,232.33333333333331,64.33333333333333,18.0,66.33333333333333,0.0,0.0,96.90770181507509,40.99371332466372
3457.0,946.0,2693.130186344866,0.35126411816129743,257.16666666666663,39.66666666666666,34.666666666666664,182.8333333333333,385.37760045244994,31.0,8.666666666666666,10.333333333333334,24.33333333333333,78.33333333333333,21.5,7.666666666666667,75.33333333333333,0.0,0.0,62.22105379973927,65.98987998604404
3453.0,35.0,89.28783458247621,0.3919906912701539,0.0,0.0,0.0,0.0,3.746878958305329,0.0,0.0,0.0,0.0,0.0,0.0,0.0,0.0,0.0,0.0,1.747185625394904,1.9996933329104252
3456.0,38.0,103.56851866049,0.3669068602262097,0.0,0.0,0.0,0.0,4.896484392651534,0.0,0.0,0.0,0.0,0.0,0.0,0.0,0.0,0.0,0.0,1.896944393285896,2.9995399993656378
3455.0,4.0,9.31336376263718,0.4294903648075007,0.0,0.0,0.0,0.0,2.2216510970755388,0.0,0.0,0.0,0.0,0.0,0.0,0.0,0.0,2.0219727398875498,0.0,0.199678357187989,0.0
3469.0,32.0,88.61694383367269,0.36110475734822883,0.0,0.0,0.0,0.0,3.597120190414337,0.0,0.0,0.0,0.0,0.0,0.0,0.0,0.0,0.0,0.0,1.597426857503912,1.9996933329104252
3477.0,212.0,554.6008090464109,0.38225692523693944,708.8333333333333,248.8333333333333,91.83333333333331,368.1666666666667,783.7975691056793,185.16666666666663,63.66666666666666,9.0,82.83333333333333,281.3333333333333,23.0,12.166666666666666,51.66666666666666,0.0,0.0,59.96653577551782,14.997699996828189
3484.0,513.6666666666666,1300.4959366074188,0.3949775252713668,358.83333333333337,85.83333333333334,52.16666666666667,220.83333333333331,488.8717254170426,32.0,53.833333333333336,5.333333333333333,46.833333333333336,178.0,15.666666666666666,11.333333333333334,15.833333333333334,0.0,36.48792270872914,57.88944816688067,35.66102120809953
3486.0,827.3333333333334,2224.1656321401656,0.3719746953095602,0.0,0.0,0.0,0.0,98.7912868698604,0.0,0.0,0.0,0.0,0.0,0.0,0.0,0.0,0.0,0.0,41.30018486808845,57.49110200177196
3501.0,472.05243835411335,1341.220982430201,0.351957242347034,11.900481639179327,0.6898829935756132,1.7247074839390328,9.485891161664679,68.65116835092358,0.3449414967878066,0.3449414967878066,0.9485891161664681,0.7761183677725649,4.398004084044534,3.1044734710902597,0.6036476193786616,1.3797659871512264,0.0,0.0,24.15871347447775,32.59197323726651
3483.0,661.1666666666666,1549.221513939907,0.42677348637201584,1442.8333333333337,22.5,23.333333333333336,1397.0000000000002,1597.3570785923,1.0,21.5,10.833333333333334,12.5,1014.8333333333334,329.5,40.5,12.166666666666666,0.0,0.0,108.53079860202683,45.99294665693978
3482.0,954.5,2376.5888931671057,0.40162604594520673,371.3333333333333,6.666666666666667,19.666666666666668,345.0,503.6727928184669,0.5,6.166666666666667,7.833333333333333,11.833333333333334,309.6666666666667,24.83333333333333,8.166666666666666,2.333333333333333,0.0,0.0,66.18293607094309,66.15652341419053
3489.0,27.0,63.55225900951688,0.4248472111110445,0.0,0.0,0.0,0.0,3.347522243929351,0.0,0.0,0.0,0.0,0.0,0.0,0.0,0.0,0.0,0.0,1.347828911018926,1.9996933329104252
3490.0,184.5,480.11293410521927,0.38428458575866203,0.0,0.0,0.0,0.0,23.21913582821194,0.0,0.0,0.0,0.0,0.0,0.0,0.0,0.0,1.0109863699437749,0.0,9.210142794350404,12.998006663917764
3497.0,188.16666666666663,508.6292544842249,0.3699485725756709,55.0,1.0,1.0,53.0,80.136848432977,0.0,1.0,1.0,0.0,48.833333333333336,4.166666666666667,0.0,0.0,0.0,0.0,12.13884176905924,12.998006663917764
3500.0,13.0,35.80051415092732,0.3631232765315821,2956.4999999999995,83.66666666666666,66.0,2806.833333333333,3146.775274961941,27.0,56.66666666666666,50.66666666666666,15.333333333333334,2627.1666666666665,111.66666666666669,62.0,6.0,4.0439454797751,0.0,185.23148281571105,0.9998466664552126
3495.0,272.3333333333333,687.1118190388834,0.3963449991505998,208.8333333333333,2.6666666666666665,2.5,203.66666666666663,267.54457829087664,0.0,2.6666666666666665,2.5,0.0,194.16666666666663,5.833333333333333,3.6666666666666665,0.0,2.0219727398875498,0.0,37.69218555500675,18.997086662649043
3502.0,0.9999999985844776,0.9999999985844776,1.0,2944.3333291655645,54.99999992214627,72.3333332309439,2816.9999960124737,3109.692022136789,4.49999999363015,50.49999992851612,55.333333255007766,16.99999997593612,2635.833329602252,94.99999986552538,73.33333322952835,12.833333315167463,0.0,0.0,165.35869297122454,0.0
3481.0,41.0,108.12276881813445,0.3791985762865836,61.0,0.8333333333333334,26.0,34.166666666666664,72.12429721749068,0.8333333333333334,0.0,4.166666666666667,21.83333333333333,32.0,0.5,0.1666666666666666,1.5,3.0329591098313244,0.0,5.09179810829372,2.9995399993656378
3452.0,19.0,50.35554336920783,0.37731694921235637,0.0,0.0,0.0,0.0,2.959305233041935,0.0,0.0,0.0,0.0,0.0,0.0,0.0,0.0,1.0109863699437749,0.0,0.9484721966429478,0.9998466664552126
3451.0,19.0,47.64708928236013,0.3987651771843735,0.0,0.0,0.0,0.0,7.003250712817034,0.0,0.0,0.0,0.0,0.0,0.0,0.0,0.0,5.054931849718874,0.0,0.9484721966429478,0.9998466664552126
3468.0,926.6666666666666,2370.561740673124,0.3909059404643637,64.0,0.0,0.0,64.0,177.77700074431164,0.0,0.0,0.0,0.0,0.0,64.0,0.0,0.0,0.0,0.0,49.45357369248975,64.32342705182187
3466.0,11.0,27.70980446167244,0.39697140465985403,205.0,5.0,9.5,190.5,216.78247795460655,0.1666666666666666,4.833333333333333,9.166666666666666,0.3333333333333333,144.66666666666666,42.5,3.1666666666666665,0.1666666666666666,0.0,0.0,10.782631288151409,0.9998466664552126
3465.0,30.0,84.81673627266862,0.35370377732474967,0.0,0.0,0.0,0.0,4.508267381764118,0.0,0.0,0.0,0.0,0.0,0.0,0.0,0.0,1.0109863699437749,0.0,1.4975876789099176,1.9996933329104252
3474.0,465.0,1216.1863309159432,0.382342728395735,28.0,0.0,1.0,27.0,84.60538578029468,0.0,0.0,1.0,0.0,27.0,0.0,0.0,0.0,0.0,0.0,24.61029245372788,31.995093326566803
3467.0,944.3333333333334,2622.6692802549705,0.3600657316737729,0.0,0.0,0.0,0.0,118.9639936609081,0.0,0.0,0.0,0.0,0.0,0.0,0.0,0.0,0.0,0.0,53.14076175019614,65.82323191071195
3472.0,720.3333333333334,1845.3688046768548,0.3903465429282966,203.66666666666663,1.3333333333333333,20.166666666666668,182.16666666666663,302.6191422973628,0.3333333333333333,1.0,5.166666666666667,15.0,172.0,4.166666666666667,4.333333333333333,1.6666666666666667,0.0,0.0,49.126785736082006,49.825689894614136
3471.0,23.0,65.10658832973408,0.3532668596228062,1.0,0.0,0.0,1.0,5.208749845982134,0.0,0.0,0.0,0.0,1.0,0.0,0.0,0.0,1.0109863699437749,0.0,1.198070143127934,1.9996933329104252
3473.0,450.0,1147.2525974936625,0.3922414305124167,165.0,51.83333333333333,24.83333333333333,88.33333333333333,226.6957940777649,32.166666666666664,19.666666666666668,1.5,23.33333333333333,40.0,3.0,41.16666666666666,4.166666666666667,0.0,0.0,30.70054741765331,30.995246660111597
3459.0,44.0,154.79098656335054,0.28425427718294394,0.0,0.0,0.0,0.0,34.177800994466565,0.0,0.0,0.0,0.0,0.0,0.0,0.0,0.0,28.981799066033044,0.0,2.1964619290678797,2.9995399993656378
3461.0,145.0,487.4723891349952,0.29745274446681597,73.0,0.0,32.0,41.0,156.56209206781156,0.0,0.0,32.0,0.0,17.166666666666668,23.83333333333333,0.0,0.0,62.68115493651404,0.0,10.8824704667454,9.998466664552128
3479.0,447.0000050906931,1136.1982484821892,0.3934172629537372,0.0,0.0,0.0,0.0,53.30934171742632,0.0,0.0,0.0,0.0,0.0,0.0,0.0,0.0,0.0,0.0,22.31409470432303,30.995247013103295
3464.0,25.0,84.21491948187119,0.2968595131814109,260.0,2.0,12.833333333333332,245.16666666666669,279.25973539238606,0.0,2.0,6.0,6.833333333333333,205.83333333333331,34.833333333333336,4.333333333333333,0.1666666666666666,3.0329591098313244,0.0,14.22708294964422,1.9996933329104252
3505.0,0.0,0.0,0.0,0.0,0.0,0.0,0.0,86.94482777737844,0.0,0.0,0.0,0.0,0.0,0.0,0.0,0.0,86.94482777737844,0.0,0.0,0.0
3508.0,353.5,1058.5540931747546,0.33394608955674915,136.5,11.833333333333332,9.166666666666666,115.5,244.7604546383716,10.666666666666666,1.1666666666666667,9.166666666666666,0.0,67.5,47.5,0.5,0.0,58.63720945673894,0.0,24.793763782402152,24.82948139923049
3510.0,133.0,386.84860122209255,0.3438037505624681,209.0,1.0,3.0,205.0,283.76705792931915,0.0,1.0,3.0,0.0,190.5,13.5,1.0,0.0,48.69593839164918,0.0,17.07249953957306,8.998619998096913
3512.0,280.6666666666667,914.1565853949354,0.30702252890888776,0.0,0.0,0.0,0.0,34.35212228337359,0.0,0.0,0.0,0.0,0.0,0.0,0.0,0.0,1.0109863699437749,0.0,14.010776320495737,19.33035959293408
3511.0,441.5,1171.1886847305543,0.3769674397952131,17.0,0.0,1.0,16.0,70.88335213946276,0.0,0.0,0.0,1.0,14.0,2.0,0.0,0.0,0.0,0.0,22.888105479351168,30.995246660111597
3556.0,0.0,0.0,0.0,0.0,0.0,0.0,0.0,6.065918215965575,0.0,0.0,0.0,0.0,0.0,0.0,0.0,0.0,6.065918215965575,0.0,0.0,0.0
2728.0,0.0,0.0,0.0,2884.5,492.0,1264.3333333333333,1128.1666666666667,3356.6936680535846,455.1666666666667,36.833333333333336,1044.3333333333333,220.0,182.0,222.33333333333331,112.0,611.8333333333334,2.0219727398875498,323.17874396386907,146.99295134982756,0.0
3552.0,0.9999999989611188,2.4236481343256946,0.41260114651062496,219.49999977196558,35.49999996311972,39.16666662597716,144.8333331828687,313.90827342374064,24.333333308053884,11.166666655065827,21.499999977664054,17.6666666483131,45.16666661974386,27.999999970911325,11.499999988052867,60.16666660416064,0.0,83.40096609549325,11.007307556281866,0.0
3515.0,58.999999996344,158.65135823286798,0.37188461954258206,0.0,0.0,0.0,0.0,6.944642433913356,0.0,0.0,0.0,0.0,0.0,0.0,0.0,0.0,0.0,0.0,2.9452557683403318,3.9993866655730232
2720.0,1254.3333333333333,4232.090688475032,0.2963862132607826,99.0,9.666666666666668,12.666666666666668,76.66666666666667,254.72149859427088,5.166666666666667,4.5,7.166666666666667,5.5,9.833333333333334,35.333333333333336,15.0,16.5,1.0109863699437749,0.0,67.55725064598964,87.15326157833748
3509.0,133.0,372.10728351840527,0.35742380192733186,0.0,0.0,0.0,0.0,203.00754157862747,0.0,0.0,0.0,0.0,0.0,0.0,0.0,0.0,187.36961620402997,0.0,6.6393053765006345,8.998619998096913
2909.0,456.5,1003.8299076371916,0.45475831764617053,1103.5,146.16666666666669,42.5,914.8333333333331,1243.3698471153818,118.66666666666669,27.5,39.5,3.0,84.16666666666667,154.5,144.5,531.6666666666666,0.0,0.0,107.87475378881504,31.995093326566803
2958.0,403.3333333333333,1113.3671217680037,0.3622644547764698,59.0,0.0,0.0,59.0,110.07521130414844,0.0,0.0,0.0,0.0,0.0,59.0,0.0,0.0,0.0,0.0,23.079504643402487,27.995706660745952
3015.0,166.16666666666666,480.5140141460943,0.34581024023192325,145.66666666666669,10.833333333333334,10.5,124.33333333333334,173.2315037085735,9.833333333333334,1.0,10.0,0.5,4.0,8.5,65.16666666666667,46.66666666666666,0.0,0.0,15.5666770444443,11.998159997462553
2318.0,770.3333333333334,2329.928577067123,0.3306252993827891,0.0,0.0,0.0,0.0,92.27980446661296,0.0,0.0,0.0,0.0,0.0,0.0,0.0,0.0,0.0,0.0,38.45473255336358,53.8250719132494
2457.0,779.6666666666666,2462.4235252162125,0.31662573829504337,56.16666666666667,11.5,5.0,39.66666666666667,152.05131137465233,9.166666666666666,2.333333333333333,3.5,1.5,5.166666666666667,9.0,6.5,19.0,0.0,0.0,41.7262487570701,54.15839595091555
2713.0,298.3333333333333,855.0058052553072,0.34892550611893225,877.3333333333334,86.0,206.0,585.3333333333334,959.0372622335128,59.66666666666666,26.33333333333333,72.33333333333333,133.66666666666666,116.0,127.66666666666669,141.66666666666666,200.0,2.0219727398875498,0.0,58.68517616473249,20.996779995559468
2712.0,131.83333333333334,381.9152730260639,0.34519000062177757,0.0,0.0,0.0,0.0,15.579680545420011,0.0,0.0,0.0,0.0,0.0,0.0,0.0,0.0,0.0,0.0,6.581060547323098,8.998619998096913
2765.0,910.3333333333334,2089.109976166866,0.4357517525255555,846.1666666666667,234.5,26.0,585.6666666666667,1000.0068630585408,177.0,57.5,15.833333333333334,10.166666666666666,270.1666666666667,74.5,74.16666666666667,166.83333333333334,0.0,0.0,90.84985640519568,62.9903399866784
2764.0,496.5,987.6638626575508,0.502701393431613,579.3333333333333,74.16666666666667,18.83333333333333,486.3333333333333,668.8638881963676,67.0,7.166666666666667,11.166666666666666,7.666666666666667,344.6666666666667,29.83333333333333,40.333333333333336,71.5,0.0,0.0,54.86913869700848,34.66141616602591
2848.0,497.1666666666667,1396.051221502172,0.35612351395796776,517.0,52.16666666666666,81.66666666666667,383.1666666666667,602.1212198876763,8.166666666666666,44.0,70.0,11.666666666666666,91.66666666666669,5.5,176.5,109.5,0.0,0.0,50.62659121437425,34.49462867330206
3308.0,361.0,998.6489711785728,0.3614883812216415,8.5,0.6666666666666666,4.0,3.833333333333333,51.941465966740296,0.6666666666666666,0.0,2.0,2.0,3.0,0.0,0.1666666666666666,0.6666666666666666,0.0,0.0,18.44529930535998,24.996166661380315
2321.0,38.833333333333336,97.53827546416966,0.39813430315977466,139.5,3.833333333333333,8.333333333333334,127.33333333333331,152.40540583918693,0.1666666666666666,3.6666666666666665,7.5,0.8333333333333334,118.33333333333331,4.833333333333333,4.166666666666667,0.0,1.0109863699437749,0.0,8.894879469877537,2.9995399993656378
2382.0,390.2402484872049,1191.5152858350007,0.32751593968324866,75.0451969047699,4.97658077503641,3.583820907920339,66.48479522181316,128.59603470820934,4.135168509166156,0.8414122658702544,1.923600784422197,1.6602201234981424,46.580338139675526,9.034987336021274,3.360664082337508,7.508805663778854,2.8389886031926985,0.0,23.36339305447256,27.3484561457742
2441.0,1497.0,4113.906837542064,0.36388767639045827,0.0,0.0,0.0,0.0,207.88014922473087,0.0,0.0,0.0,0.0,0.0,0.0,0.0,0.0,0.0,0.0,103.72949894284696,104.15065028188388
2446.0,545.5,1631.749816224308,0.334303699363808,29.0,0.0,0.1666666666666666,28.83333333333333,95.6729559454774,0.0,0.0,0.1666666666666666,0.0,21.83333333333333,2.0,0.0,5.0,0.0,0.0,28.678782620179334,37.994173325298085
2607.0,224.5,658.715543070211,0.3408147907875783,57.0,12.5,22.33333333333333,22.166666666666668,86.88336617814197,12.166666666666666,0.3333333333333333,21.83333333333333,0.5,3.333333333333333,1.6666666666666667,1.6666666666666667,15.5,0.0,0.0,14.05249083000705,15.83087534813493
2613.0,258.0,843.9531483836312,0.30570417385625104,48.0,0.0,0.0,48.0,81.27263432107499,0.0,0.0,0.0,0.0,0.0,48.0,0.0,0.0,0.0,0.0,15.27539432488116,17.997239996193827
2553.0,47.333333333333336,126.3668552590928,0.3745707941871683,4579.666666666667,107.16666666666666,51.833333333333336,4420.666666666667,4813.644291467028,36.66666666666666,70.5,51.5,0.3333333333333333,2957.6666666666665,6.333333333333333,43.833333333333336,1412.8333333333333,0.0,0.0,230.97808480099505,2.9995399993656378
2648.0,303.0,751.2097052011383,0.4033494214759526,204.0,66.83333333333333,4.0,133.16666666666669,250.3060117691371,64.83333333333333,2.0,4.0,0.0,12.0,62.333333333333336,31.0,27.83333333333333,0.0,0.0,25.309231773577608,20.996779995559468
2722.0,420.0000004122143,1082.1901259437925,0.3881018596856321,0.0,0.0,0.0,0.0,49.961780880975645,0.0,0.0,0.0,0.0,0.0,0.0,0.0,0.0,0.0,0.0,20.96622752531642,28.99555335565922
2725.0,379.0,1143.5169889825272,0.3314336416962416,0.0,0.0,0.0,0.0,44.91553767139749,0.0,0.0,0.0,0.0,0.0,0.0,0.0,0.0,0.0,0.0,18.91952434356196,25.996013327835527
2715.0,255.0,639.073758157068,0.3990149755723932,0.0,0.0,0.0,0.0,30.726735266928124,0.0,0.0,0.0,0.0,0.0,0.0,0.0,0.0,0.0,0.0,12.7294952707343,17.997239996193827
2700.0,281.0,851.914090704054,0.3298454657179939,69.0,2.333333333333333,0.8333333333333333,65.83333333333333,106.1354562455714,2.333333333333333,0.0,0.1666666666666666,0.6666666666666666,11.5,36.66666666666666,2.5,15.166666666666666,0.0,0.0,17.47185625394904,19.663599991622345
2701.0,319.5,858.6598552114547,0.3720914609677653,74.0,6.666666666666666,8.166666666666666,59.16666666666667,115.64000170401664,6.333333333333333,0.3333333333333333,0.0,8.166666666666666,8.833333333333334,22.0,2.5,25.83333333333333,0.0,0.0,19.64337504200198,21.99662666201468
2687.0,397.0,1265.1933661080311,0.3137860272072446,35.0,0.0,0.1666666666666666,34.833333333333336,84.56096923704877,0.0,0.0,0.1666666666666666,0.0,0.0,34.833333333333336,0.0,0.0,0.0,0.0,21.56526257630281,27.995706660745952
2688.0,388.5,1222.7142750797889,0.3177357195528352,0.0,0.0,0.0,0.0,46.38961648459539,0.0,0.0,0.0,0.0,0.0,0.0,0.0,0.0,0.0,0.0,19.39375649030465,26.99585999429074
2681.0,498.6666666666667,1668.1087404741172,0.2989413427118267,0.0,0.0,0.0,0.0,61.90980293150748,0.0,0.0,0.0,0.0,0.0,0.0,0.0,0.0,2.0219727398875498,0.0,24.89319686568749,34.99463332593244
2660.0,710.6666666666666,1962.508669548908,0.36212154254076073,1052.0,311.6666666666667,43.83333333333333,696.4999999999999,1191.4843796669577,56.833333333333336,254.83333333333331,14.0,29.83333333333333,311.3333333333333,53.5,216.5,115.16666666666669,0.0,0.0,90.3252495825056,49.15913008445191
2763.0,1866.3333333333333,3811.865808063728,0.4896114992781853,2991.0,498.1666666666667,283.0,2209.833333333333,3363.124575022891,118.66666666666669,379.5,105.33333333333331,177.66666666666666,1251.3333333333333,195.33333333333331,294.5,468.6666666666667,0.0,0.0,242.4779811396216,129.64659388326933
2570.0,586.6666666666666,1731.5820722836395,0.3388038465268705,1558.5,129.83333333333331,208.83333333333331,1219.8333333333337,1708.6006988124193,119.83333333333331,10.0,13.5,195.33333333333331,377.8333333333333,166.16666666666666,94.83333333333331,581.0,2.0219727398875498,0.0,107.08501274786802,40.99371332466372
2760.0,718.8333333333334,2057.5166256345656,0.34936939239148823,0.0,0.0,0.0,0.0,89.87614196842966,0.0,0.0,0.0,0.0,0.0,0.0,0.0,0.0,0.0,0.0,39.88380864566904,49.99233332276063
2782.0,372.8333333333333,1047.9346879812629,0.3557791698369656,36.0,0.0,0.1666666666666666,35.833333333333336,82.40480011042686,0.0,0.0,0.1666666666666666,0.0,0.0,35.833333333333336,0.0,0.0,0.0,0.0,20.40878678259133,25.996013327835527
2751.0,239.0,632.119724602824,0.3780929319207203,1790.5,244.16666666666669,96.66666666666666,1449.6666666666663,1908.642333444378,143.83333333333334,100.33333333333331,21.83333333333333,74.83333333333333,58.833333333333336,28.33333333333333,84.66666666666667,1277.8333333333333,0.0,0.0,101.31158818997136,16.830745254406526
2762.0,184.66666666666663,303.628270283071,0.6081998441531906,605.5,79.33333333333334,108.5,417.6666666666666,657.9429676651489,55.333333333333336,24.0,3.5,105.0,26.666666666666668,34.833333333333336,98.83333333333331,257.3333333333333,0.0,0.0,39.44496100123117,12.998006663917764
2806.0,663.3333333333334,1662.3640358916236,0.3990301275842681,1249.8333333333333,288.3333333333333,32.5,929.0,1405.001039490326,67.66666666666667,220.66666666666663,32.166666666666664,0.3333333333333333,110.83333333333331,75.83333333333333,167.66666666666666,574.6666666666666,0.0,0.0,109.17475950005286,45.99294665693978
2857.0,381.0,894.0036670112873,0.4261727485679202,241.66666666666663,21.666666666666664,7.666666666666666,212.3333333333333,299.0791415543936,18.33333333333333,3.333333333333333,7.333333333333333,0.3333333333333333,11.333333333333334,48.0,44.66666666666666,108.33333333333331,0.0,0.0,31.083221161203124,26.329253726523792
2892.0,705.3333333333334,1878.819265522154,0.37541308324689227,236.8333333333333,0.1666666666666666,6.0,230.66666666666663,332.8584046732483,0.0,0.1666666666666666,6.0,0.0,29.666666666666668,159.83333333333334,10.166666666666666,31.0,0.0,0.0,47.03258468360952,48.992486656305424
2895.0,393.0,934.6441505805376,0.4204808854320599,0.0,0.0,0.0,0.0,46.61425858801066,0.0,0.0,0.0,0.0,0.0,0.0,0.0,0.0,0.0,0.0,19.61839859371992,26.99585999429074
2993.0,111.0,238.7624354296697,0.46489725153057576,68.0,0.0,0.0,68.0,84.9343798158042,0.0,0.0,0.0,0.0,0.0,67.66666666666667,0.0,0.3333333333333333,0.0,0.0,8.935606484162507,7.998773331641701
2919.0,362.99999875457695,949.4746470242557,0.382316684170824,0.0,0.0,0.0,0.0,43.11697742825953,0.0,0.0,0.0,0.0,0.0,0.0,0.0,0.0,0.0,0.0,18.120810852638996,24.99616657562053
2983.0,1.0,1.0,1.0,6066.166666666666,275.5,76.83333333333333,5713.833333333333,6369.037131427944,105.0,170.5,11.0,65.83333333333333,144.66666666666666,239.66666666666663,4789.666666666667,539.8333333333334,0.0,0.0,302.8704647612764,0.0
2967.0,347.0,611.3406461504318,0.567604987800229,281.8333333333333,3.1666666666666665,1.3333333333333333,277.3333333333333,337.2207862971872,2.6666666666666665,0.5,1.0,0.3333333333333333,14.833333333333334,186.66666666666663,39.16666666666666,36.66666666666666,0.0,0.0,31.3911329689288,23.996319994925106
2985.0,112.0,193.7607423202163,0.5780324675620027,1879.1666666666663,163.16666666666666,61.833333333333336,1654.1666666666663,1986.5636024588184,126.83333333333331,36.333333333333336,53.5,8.333333333333334,68.5,504.8333333333333,141.66666666666666,939.1666666666666,0.0,0.0,99.3981624605103,7.998773331641701
2989.0,476.1666666666667,1047.8445739523306,0.45442490089024296,566.1666666666666,119.5,4.666666666666667,442.0,651.1942880597487,70.16666666666667,49.333333333333336,4.666666666666667,0.0,48.66666666666666,49.5,45.0,298.8333333333333,0.0,0.0,52.03268140005988,32.99493999302202
2946.0,570.7107055706789,1729.3560663560343,0.3300134175220702,159.74725308979748,92.11536814631593,25.036217537016952,42.595667406464585,236.70684954243407,50.04293307229108,42.07243507402485,25.036217537016952,0.0,1.651585683202212,11.896083028723844,9.427234943438485,19.62076375110004,0.8787704699634503,0.0,36.4642012735995,39.61662470907359
2951.0,468.3333333333333,1257.853217653891,0.37232749160260065,215.33333333333331,21.5,6.666666666666667,187.16666666666669,282.1233375314154,20.33333333333333,1.1666666666666667,5.0,1.6666666666666667,11.0,44.16666666666666,17.833333333333332,114.16666666666669,0.0,0.0,34.12838359554062,32.66162060254146
2956.0,394.3529184430868,1122.6321694443577,0.3512752700096508,97.73545440165259,18.98351769865179,5.487423084766533,73.26451361823426,150.6349355480986,16.165651790258167,2.817865908393625,5.487423084766533,0.0,0.0,14.089329541968127,22.246309803107568,36.92887427315856,0.8996286396995333,0.0,24.5668552163412,27.432997290405275
2959.0,657.3333333333334,1947.074267014696,0.3376005448118698,0.0,0.0,0.0,0.0,78.80684494013477,0.0,0.0,0.0,0.0,0.0,0.0,0.0,0.0,0.0,0.0,32.81389828319498,45.99294665693978
2996.0,658.5,1600.1712097523775,0.41151846501594114,2399.333333333333,294.8333333333333,33.16666666666667,2071.333333333333,2597.803379818449,179.16666666666666,115.66666666666669,28.666666666666668,4.5,179.16666666666666,770.5,208.83333333333331,912.8333333333334,0.0,0.0,152.64385945877973,45.82618702633609
3017.0,875.5,2038.6986159168248,0.4294406211711083,46.66666666666667,2.0,33.333333333333336,11.333333333333334,857.3605620197982,1.1666666666666667,0.8333333333333334,33.333333333333336,0.0,0.0,0.3333333333333333,2.6666666666666665,8.333333333333334,0.0,0.0,750.0363264353991,60.657568917732426
3024.0,2.0,6.275153546209482,0.3187173007436772,4651.5,917.3333333333334,141.5,3592.666666666667,4883.800949406587,662.3333333333334,255.0,132.33333333333334,9.166666666666666,299.6666666666667,322.1666666666667,500.0,2470.833333333333,0.0,0.0,232.30094940658705,0.0
3038.0,119.0,355.8773336448853,0.33438488138934125,654.0,72.0,329.3333333333333,252.66666666666669,704.0862301380039,49.66666666666666,22.33333333333333,324.3333333333333,5.0,25.0,52.333333333333336,63.16666666666666,112.16666666666669,0.0,0.0,42.08745680636225,7.998773331641701
3083.0,256.0,736.3624378399836,0.3476548868393399,107.5,5.833333333333333,60.66666666666666,41.0,143.47616738015805,5.833333333333333,0.0,23.5,37.16666666666666,5.666666666666667,7.5,3.333333333333333,24.5,0.0,0.0,18.14552899910079,17.830638381057266
3077.0,366.0,1030.33579825935,0.35522399650514,327.00000000000006,7.833333333333333,7.833333333333334,311.33333333333337,386.59044204419945,1.8333333333333333,6.0,6.166666666666667,1.6666666666666667,272.8333333333333,20.166666666666668,10.166666666666666,8.166666666666666,0.0,0.0,34.5942753828191,24.996166661380315
3088.0,443.0,1326.877354034901,0.333866576781103,0.0,0.0,0.0,0.0,53.10978106059439,0.0,0.0,0.0,0.0,0.0,0.0,0.0,0.0,0.0,0.0,22.1145344004828,30.995246660111597
3087.0,239.0,679.9446175851733,0.35149921599322265,0.0,0.0,0.0,0.0,28.92816802956134,0.0,0.0,0.0,0.0,0.0,0.0,0.0,0.0,0.0,0.0,11.930774699822727,16.997393329738614
3101.0,257.0,724.5136426581661,0.3547207186563022,41.0,3.0,4.0,34.0,73.873277606699,3.0,0.0,0.0,4.0,10.833333333333334,2.0,0.0,21.166666666666668,0.0,0.0,14.87603761050518,17.997239996193827
3220.0,420.8333333333333,1391.762778221767,0.3023743269460226,0.0,0.0,0.0,0.0,50.00340216646909,0.0,0.0,0.0,0.0,0.0,0.0,0.0,0.0,0.0,0.0,21.00784883926792,28.995553327201165
3226.0,304.0,925.5962097961644,0.3284369542383359,68.0,0.0,0.0,68.0,107.56686721404245,0.0,0.0,0.0,0.0,0.0,68.0,0.0,0.0,0.0,0.0,18.57008721848298,20.996779995559468
3251.0,51.0,149.73380331661426,0.34060445183616805,0.0,0.0,0.0,0.0,6.54528571996771,0.0,0.0,0.0,0.0,0.0,0.0,0.0,0.0,0.0,0.0,2.54589905414686,3.9993866658208495
3269.0,895.1890288610314,2752.364448963174,0.3252436388641237,0.0,0.0,0.0,0.0,106.938903364713,0.0,0.0,0.0,0.0,0.0,0.0,0.0,0.0,0.0,0.0,44.68763547580166,62.25126788891134
3153.0,0.0,0.0,0.0,3037.1256410481733,368.3988768369466,286.62498509782336,2382.1017791134036,3188.7376195886914,310.60755212518336,57.791324711763345,246.98713126093668,39.63785383688666,89.10189833081668,1315.8768200220234,145.22776699901337,831.8952937615501,0.0,0.0,151.6119785405174,0.0
3162.0,4.0,9.052104647521483,0.44188618622468334,0.0,0.0,0.0,0.0,5.254610206906863,0.0,0.0,0.0,0.0,0.0,0.0,0.0,0.0,5.054931849718874,0.0,0.199678357187989,0.0
3164.0,1.0,3.5920186086703563,0.2783949942759807,1614.0,360.1666666666667,504.5,749.3333333333333,1694.620753054137,338.5,21.666666666666668,442.5,62.0,67.33333333333333,92.33333333333331,102.16666666666669,487.5,0.0,0.0,80.62075305413661,0.0
3355.0,598.1666666666666,1644.415219109951,0.3637564647391355,0.0,0.0,0.0,0.0,141.52039085260404,0.0,0.0,0.0,0.0,0.0,0.0,0.0,0.0,0.0,0.0,99.86016419896704,41.66022665363702
3360.0,603.1666666666666,1727.583065766643,0.3491390246980695,0.5,0.1666666666666666,0.0,0.3333333333333333,72.79577073897178,0.0,0.1666666666666666,0.0,0.0,0.0,0.0,0.1666666666666666,0.1666666666666666,0.0,0.0,30.13549295410627,42.16027778486552
3362.0,409.0,1095.052738524514,0.3734979929378479,0.0,0.0,0.0,0.0,49.24628293677704,0.0,0.0,0.0,0.0,0.0,0.0,0.0,0.0,0.0,0.0,20.417331224712434,28.828951712064605
3410.0,565.6666666666666,1434.658627950327,0.39428659588157583,622.3333333333334,130.16666666666669,99.33333333333334,392.83333333333337,726.6924018682823,114.66666666666669,15.5,42.333333333333336,57.0,23.666666666666668,100.66666666666669,50.333333333333336,218.16666666666663,6.065918219662649,0.0,59.29913032353304,38.9940199917533
3406.0,19.0,52.68580547826583,0.3606284430412279,753.0,126.0,104.66666666666669,522.3333333333334,798.3922723231567,96.66666666666669,29.33333333333333,101.5,3.1666666666666665,16.333333333333332,126.5,57.0,322.5,2.0219727398875498,0.0,42.37045291681388,0.9998466664552126
3411.0,34.0,81.16557470435303,0.41889680599004653,419.0,45.66666666666667,242.5,130.83333333333334,445.6388205844624,44.333333333333336,1.3333333333333333,33.333333333333336,209.16666666666663,51.5,7.166666666666667,3.5,68.66666666666667,2.0219727398875498,0.0,22.617154511664427,1.9996933329104252
3247.0,276.83333461260077,820.2983143032403,0.3374788534677685,114.83333386398672,19.833333424984644,10.500000048521281,84.50000039048079,157.08939066659292,13.833333397258196,6.000000027726447,10.16666671364759,0.33333333487369143,0.6666666697473829,30.666666808379617,12.333333390326585,40.83333352202721,3.707139834569642,0.0,19.55183021760055,18.997086750435994
3299.0,610.8333333333334,1749.8303121639613,0.3490814675498075,64.0,0.0,0.0,64.0,140.01429956844714,0.0,0.0,0.0,0.0,0.0,63.66666666666666,0.0,0.3333333333333333,0.0,0.0,33.687499178639946,42.3268003898072
3307.0,385.1666666666667,1118.335060135506,0.3444107945788599,48.0,0.0,0.0,48.0,96.61919917200534,0.0,0.0,0.0,0.0,0.0,48.0,0.0,0.0,0.0,0.0,21.623339177714595,26.99585999429074
3313.0,344.8333333333333,1050.5732687088623,0.3282334927073939,89.33333333333334,14.0,1.6666666666666667,73.66666666666667,135.00314215899664,12.5,1.5,1.5,0.1666666666666666,5.833333333333333,17.5,2.5,47.833333333333336,0.0,0.0,21.67348883073818,23.996319994925106
3306.0,734.3333333333334,2133.991687932294,0.3441125555858453,88.0,3.833333333333333,0.0,84.16666666666667,180.04288521322837,3.6666666666666665,0.1666666666666666,0.0,0.0,2.1666666666666665,68.83333333333333,0.5,12.666666666666666,0.0,0.0,41.050705224012496,50.99217998921585
3305.0,40.0,114.77541993406192,0.3485066752356895,0.0,0.0,0.0,0.0,4.996323571245528,0.0,0.0,0.0,0.0,0.0,0.0,0.0,0.0,0.0,0.0,1.99678357187989,2.9995399993656378
3437.0,383.5,1044.2342136314187,0.3672547738752441,0.0,0.0,0.0,0.0,46.13999554772667,0.0,0.0,0.0,0.0,0.0,0.0,0.0,0.0,0.0,0.0,19.14413555343593,26.99585999429074
3448.0,20.0,59.0054854421401,0.33895153730430205,0.0,0.0,0.0,0.0,1.9982384523951573,0.0,0.0,0.0,0.0,0.0,0.0,0.0,0.0,0.0,0.0,0.998391785939945,0.9998466664552126
3441.0,241.0,660.0463513418812,0.36512587261492235,60.0,10.0,10.666666666666668,39.333333333333336,93.03416733839516,7.333333333333333,2.6666666666666665,8.333333333333334,2.333333333333333,7.166666666666667,12.5,2.0,17.666666666666668,1.0109863699437749,0.0,15.02578763871277,16.997393329738614
3454.0,19.0,45.82693682713681,0.4146033166403779,167.66666666666669,24.666666666666668,27.5,115.5,180.00664894589016,19.5,5.166666666666667,18.666666666666668,8.833333333333334,9.0,58.16666666666666,7.0,41.333333333333336,2.0219727398875498,0.0,9.318162872880707,0.9998466664552126
3476.0,976.5,2476.5771127984244,0.39429420346075855,659.0,28.0,113.33333333333334,517.6666666666666,811.6658929590201,17.166666666666668,10.833333333333334,63.333333333333336,50.0,356.8333333333333,85.83333333333333,25.33333333333333,49.66666666666666,3.0329591098313244,0.0,81.64336053023426,67.98957331895446
3475.0,655.5,1664.037276882878,0.3939214638435873,68.33333333333333,36.33333333333333,1.3333333333333337,30.666666666666668,157.6260545090405,8.0,28.33333333333333,0.1666666666666666,1.1666666666666667,17.166666666666668,0.5,12.0,1.0,0.0,0.0,43.63313109606568,45.65959007964148
2776.0,755.5000008617787,2363.0607454176907,0.31971247557930965,0.0,0.0,0.0,0.0,90.2060970553274,0.0,0.0,0.0,0.0,0.0,0.0,0.0,0.0,0.0,0.0,37.71422832595545,52.49186872937196
3014.0,230.000000213174,539.5679595614986,0.4262669718196252,0.0,0.0,0.0,0.0,27.479052227061548,0.0,0.0,0.0,0.0,0.0,0.0,0.0,0.0,0.0,0.0,11.481505548950926,15.997546678110622
2352.0,0.0,0.0,0.0,23.0,1.3333333333333333,6.833333333333334,14.833333333333332,26.17012329371849,0.3333333333333333,1.0,0.6666666666666666,6.166666666666667,10.166666666666666,1.1666666666666667,0.5,3.0,2.0219727398875498,0.0,1.148150553830937,0.0
2509.0,176.5,464.8876433671917,0.3796616290370863,1891.1666666666667,975.0,24.0,892.1666666666667,2006.3870632472097,556.6666666666666,418.3333333333333,22.83333333333333,1.1666666666666667,53.333333333333336,76.33333333333333,56.16666666666666,706.3333333333334,0.0,0.0,103.22250142628506,11.997895154257966
2508.0,684.0,1934.5242207556696,0.3535753094540289,630.0,203.16666666666669,14.833333333333334,412.0,997.1091297086934,177.33333333333334,25.83333333333333,13.833333333333334,1.0,64.33333333333333,42.0,45.66666666666666,260.0,2.0219727398875498,0.0,317.59443798457283,47.49271898423308
2504.0,1060.3487518513243,2924.9957131393567,0.36251292509186855,28.213418826607768,4.793163695680601,3.4682241375249876,19.95203099340218,157.35223471704722,4.1696627271367825,0.623500968543818,3.4682241375249876,0.0,0.0,11.690643160196586,2.416066253107295,5.845321580098293,1.0109863699436126,0.0,54.34059591794687,73.78723360254897
2630.0,0.0,0.0,0.0,4953.5,585.5,161.5,4206.5,5200.779801820048,451.3333333333333,134.16666666666666,97.33333333333331,64.16666666666667,1107.5,417.1666666666667,973.0,1708.8333333333333,0.0,0.0,247.27980182004796,0.0
2646.0,0.0,0.0,0.0,1812.1666666666663,276.3333333333333,19.5,1516.3333333333333,1902.6287396254352,243.5,32.833333333333336,19.33333333333333,0.1666666666666666,530.6666666666666,71.0,93.66666666666669,821.0,0.0,0.0,90.46207295876864,0.0
2639.0,2.0,7.055748308983953,0.28345682306346404,1373.5,773.1666666666666,24.833333333333336,575.5,1448.3283674531278,349.8333333333333,423.3333333333333,9.5,15.333333333333334,58.66666666666666,94.66666666666669,104.5,317.6666666666667,0.0,0.0,74.82836745312788,0.0
2640.0,293.0,767.265929153139,0.3818754213723466,3652.0,400.0,81.5,3170.4999999999995,3894.085163036795,317.1666666666667,82.83333333333333,63.333333333333336,18.166666666666668,1476.8333333333333,268.3333333333333,537.1666666666666,888.1666666666666,0.0,0.0,222.08822970769128,19.99693332910425
2717.0,173.0,425.6792547606049,0.4064092813197871,766.8333333333333,25.83333333333333,71.16666666666667,669.8333333333333,825.7475376195559,21.5,4.333333333333333,18.33333333333333,52.833333333333336,401.0,123.16666666666669,92.0,53.66666666666666,0.0,0.0,46.91604428876016,11.998159997462553
2724.0,252.0,790.6729821826383,0.318715835343657,0.0,0.0,0.0,0.0,30.07697184640675,0.0,0.0,0.0,0.0,0.0,0.0,0.0,0.0,0.0,0.0,12.579736502843309,17.497235343563442
2718.0,282.0,689.3922674209549,0.4090559371299213,78.99999999999999,0.0,0.3333333333333333,78.66666666666666,117.01790506532026,0.0,0.0,0.0,0.3333333333333333,27.5,46.16666666666666,0.0,5.0,0.0,0.0,18.02097173621601,19.99693332910425
2676.0,410.8333333333333,1201.5097362379654,0.34193092318976065,0.0,0.0,0.0,0.0,49.33768069860668,0.0,0.0,0.0,0.0,0.0,0.0,0.0,0.0,0.0,0.0,20.50872434194729,28.828956356659397
2693.0,633.0,1753.859477338389,0.3609183108333309,812.1666666666667,175.5,92.66666666666669,544.0,929.3021030318836,66.83333333333333,108.66666666666669,11.166666666666666,81.5,176.33333333333334,123.0,127.16666666666669,117.5,0.0,0.0,73.14218304118764,43.99325332402936
2696.0,261.0,921.0641500091672,0.28336788485080255,1031.3333333333333,350.0,63.833333333333336,617.5,1113.842979915053,294.5,55.5,21.0,42.833333333333336,352.6666666666667,53.66666666666666,73.0,138.16666666666666,0.0,0.0,64.512406585526,17.997239996193827
2789.0,582.5,1577.4596834095362,0.3692645879487576,171.0,0.0,0.5,170.5,248.94149616123863,0.0,0.0,0.0,0.5,61.16666666666666,96.83333333333331,4.333333333333333,8.166666666666666,0.0,0.0,37.61438910434184,40.32710705689677
2780.0,180.66666666666663,502.6864327370308,0.3594023130542263,3202.333333333333,55.66666666666667,23.5,3123.1666666666665,3384.0398957899115,38.333333333333336,17.333333333333332,14.0,9.5,1329.5,176.66666666666666,1592.3333333333333,24.666666666666668,0.0,0.0,168.87524105480975,12.831321401767942
2771.0,684.0,1967.1990005494229,0.34770249466828945,809.0,18.833333333333336,6.166666666666667,784.0,931.0225821576366,17.166666666666668,1.6666666666666667,2.0,4.166666666666667,87.33333333333333,7.5,469.8333333333333,219.33333333333331,0.0,0.0,74.5299468204169,47.49263533721982
2777.0,514.0,1403.7909991245422,0.36615137176442225,148.0,0.0,0.0,148.0,223.04127346096976,0.0,0.0,0.0,0.0,0.0,148.0,0.0,0.0,0.0,0.0,39.04679346858211,35.99447999238765
2778.0,567.0,1635.8742409598265,0.3466036604790113,0.0,0.0,0.0,0.0,67.29842712315074,0.0,0.0,0.0,0.0,0.0,0.0,0.0,0.0,0.0,0.0,28.304407131397443,38.9940199917533
2767.0,136.0,218.41208379984047,0.6226761708140405,820.1666666666667,169.5,71.83333333333333,578.8333333333334,876.8970915814981,44.0,125.5,11.666666666666666,60.16666666666666,283.5,73.0,84.66666666666667,137.66666666666666,0.0,0.0,47.73180491673464,8.998619998096913
2761.0,0.0,0.0,0.0,841.3333333333333,39.66666666666667,672.5,129.16666666666666,883.3323393502379,37.833333333333336,1.8333333333333333,154.0,518.5,43.5,9.0,5.666666666666667,71.0,0.0,0.0,41.99900601690452,0.0
2836.0,283.5,728.5908552694178,0.38910727186545263,3981.6666666666665,328.0,166.33333333333331,3487.333333333333,4223.578778733667,245.0,83.0,71.83333333333333,94.5,781.3333333333334,588.3333333333334,908.8333333333334,1208.8333333333333,0.0,0.0,221.91517873789505,19.99693332910425
2926.0,0.1666666666666666,0.8175568523898149,0.20385942112708164,329.83333333333337,71.5,94.83333333333334,163.5,348.30391055119543,64.83333333333333,6.666666666666667,94.66666666666669,0.1666666666666666,10.0,23.5,30.666666666666668,99.33333333333331,0.0,0.0,18.470577217862115,0.0
2947.0,453.5,1264.280123522809,0.35870215117861765,67.66666666666667,28.0,0.6666666666666666,39.0,125.51184871844308,9.666666666666666,18.33333333333333,0.6666666666666666,0.0,1.8333333333333333,5.333333333333333,4.333333333333333,27.5,0.0,0.0,26.01677398735943,31.82840806441698
3009.0,430.5,988.9282618410596,0.43531974624585046,112.83333333333331,15.833333333333332,7.5,89.5,170.1191001339495,13.166666666666666,2.6666666666666665,7.333333333333333,0.1666666666666666,3.0,12.0,10.833333333333334,63.66666666666666,0.0,0.0,27.123658304993583,30.16210849562259
3019.0,808.0,1983.910238527371,0.4072764907951517,488.6666666666666,48.83333333333333,159.16666666666669,280.66666666666663,609.3866837340673,30.33333333333333,18.5,83.5,75.66666666666667,18.83333333333333,34.0,108.83333333333331,119.0,0.0,0.0,64.7286037459088,55.99141332149191
3029.0,583.3333333333334,1684.3821027493748,0.3463188859470621,567.8333333333334,76.83333333333333,34.666666666666664,456.33333333333337,665.9573082854105,65.5,11.333333333333334,25.83333333333333,8.833333333333334,179.83333333333334,41.5,64.83333333333333,170.16666666666666,0.0,0.0,57.46354850469992,40.66042644737733
3030.0,550.0000032893848,1292.606835099769,0.4254967468487303,0.0,0.0,0.0,0.0,65.44994783008306,0.0,0.0,0.0,0.0,0.0,0.0,0.0,0.0,0.0,0.0,27.45577427755323,37.99417355252983
3031.0,195.5,555.7207098909447,0.35179541903047873,371.5,69.66666666666667,47.5,254.3333333333333,413.80189165035233,56.333333333333336,13.333333333333334,45.0,2.5,48.833333333333336,32.833333333333336,38.5,134.16666666666666,0.0,0.0,28.304038319979306,13.997853330372976
3053.0,513.6666666666666,1589.5813872871393,0.3231458739859281,0.0,0.0,0.0,0.0,61.6364706975301,0.0,0.0,0.0,0.0,0.0,0.0,0.0,0.0,0.0,0.0,25.64199070514245,35.99447999238765
3052.0,454.1666666666667,1203.7373300004497,0.37729715225039756,754.6666666666667,122.83333333333334,117.33333333333331,514.5,850.6728861525104,91.66666666666669,31.166666666666668,16.833333333333332,100.5,42.66666666666666,104.0,148.83333333333334,219.0,0.0,0.0,64.3444130365632,31.66180644928042
3098.0,377.16983924216055,1083.781999788081,0.3480126439781349,63.50131035117957,5.333541597674926,9.333607338250749,48.83416141525389,111.82875142730634,5.166829928741873,0.16671166893305317,5.500242142622224,3.833365195628523,12.833354219675172,4.833490388914145,4.833483726909771,26.3338330797548,9.16958419199995e-07,0.0,21.99795681007764,26.329483349090722
3218.0,487.0,1531.551822398552,0.31797814013065057,23.833333333333336,5.0,3.1666666666666665,15.666666666666668,83.32871680316725,3.5,1.5,2.6666666666666665,0.5,0.0,7.166666666666667,1.5,7.0,0.0,0.0,25.500596810356694,33.99478665947723
3217.0,205.0,600.9866825823973,0.3411057281987173,0.0,0.0,0.0,0.0,24.231369136257413,0.0,0.0,0.0,0.0,0.0,0.0,0.0,0.0,0.0,0.0,10.233515805884435,13.997853330372976
3159.0,347.0,931.1319425401776,0.37266469352706927,159.83333333333331,26.0,15.166666666666666,118.66666666666666,209.13027105449476,20.5,5.5,15.166666666666666,0.0,0.0,70.16666666666667,13.333333333333334,35.166666666666664,0.0,0.0,25.300617726236283,23.996319994925106
3142.0,67.0,208.6037910123121,0.32118304118473845,382.5,102.33333333333331,19.33333333333333,260.8333333333333,421.0482822508383,89.0,13.333333333333334,19.33333333333333,0.0,0.0,69.16666666666667,44.0,147.66666666666666,11.288635612335357,0.0,22.427735106370477,4.831911532132447
3325.0,319.8333333333333,901.1455720659905,0.3549186094318533,0.0,0.0,0.0,0.0,37.96258669395693,0.0,0.0,0.0,0.0,0.0,0.0,0.0,0.0,0.0,0.0,15.96596003194225,21.99662666201468
3428.0,490.8333333333333,1336.9574652687763,0.36712711218128263,864.6666666666666,152.5,82.33333333333334,629.8333333333333,971.0350331851068,111.5,41.0,52.333333333333336,30.0,40.16666666666666,143.5,83.33333333333333,362.8333333333333,4.0439454797751,0.0,68.329634379188,33.99478665947723
3278.0,180.16666666666663,500.2325731847498,0.36016580351740923,233.83333333333331,51.66666666666667,16.666666666666668,165.5,267.1645753860729,25.5,26.166666666666668,5.833333333333333,10.833333333333334,69.83333333333333,18.0,9.666666666666666,68.0,0.0,0.0,20.666568726303723,12.664673326435851
3263.0,486.7149742068085,1329.7568206054545,0.36601803176704234,114.04283217967193,19.139362270153637,7.338408331561497,87.5650615779568,178.54406129057787,17.35434402734138,1.785018242812256,2.875862724530857,4.46254560703064,5.355054728436768,13.486804501248157,5.652557768905478,63.07064457936638,0.6015430378613928,0.0,29.989539819930645,33.910146253113936
3298.0,437.6666666666667,1320.7985172275446,0.3313652013975318,50.0,0.0,0.0,50.0,104.33958607999335,0.0,0.0,0.0,0.0,0.0,49.833333333333336,0.0,0.1666666666666666,0.0,0.0,24.34418608633699,29.995399993656378
3312.0,366.0,1087.5400009166058,0.33653934539559566,272.33333333333337,73.33333333333333,14.333333333333334,184.66666666666669,330.20237183258905,61.0,12.333333333333334,14.333333333333334,0.0,1.5,38.833333333333336,23.166666666666668,121.16666666666669,1.0109863699437749,0.0,31.861885467931643,24.996166661380315
3319.0,445.5,1435.7479565606775,0.3102912304101004,777.8333333333333,223.3333333333333,47.5,507.0,871.9137851518846,187.66666666666663,35.666666666666664,47.0,0.5,8.0,103.5,50.0,345.5,2.0219727398875498,0.0,61.063232418552126,30.995246660111597
3314.0,464.5,1474.282848375525,0.3150684419287797,18.0,3.333333333333333,4.0,10.666666666666666,74.08123800662636,2.6666666666666665,0.6666666666666666,1.3333333333333333,2.6666666666666665,0.0,5.5,0.3333333333333333,4.833333333333333,0.0,0.0,24.08614468005956,31.995093326566803
3445.0,444.44147750219173,1339.268456347645,0.331853912780295,9.480085596509264,0.7473040447698743,1.8575843398565448,6.875197211882843,63.20956956604454,0.7473040447698743,0.0,0.0,1.8575843398565448,1.0675772068141063,0.5337886034070531,0.14946080895397487,5.1243705927077094,0.0,0.0,22.659626418996343,31.069857550538934
3429.0,135.0,318.6226769768349,0.423698655980519,1628.8333333333337,656.8333333333334,34.83333333333333,937.1666666666669,1740.5512537799443,462.5,194.33333333333331,26.33333333333333,8.5,719.1666666666666,57.833333333333336,62.833333333333336,97.33333333333331,0.0,0.0,102.71930044851432,8.998619998096913
2270.0,31.0,88.91179264995417,0.34866016167334557,0.0,0.0,0.0,0.0,3.54720060111734,0.0,0.0,0.0,0.0,0.0,0.0,0.0,0.0,0.0,0.0,1.5475072682069149,1.9996933329104252
2255.0,716.1666666666666,1827.62048418236,0.3918574303937422,0.0,0.0,0.0,0.0,87.78752327061534,0.0,0.0,0.0,0.0,0.0,0.0,0.0,0.0,2.191467527729697,0.0,35.76793580182551,49.82811994106013
2276.0,0.0,0.0,0.0,0.0,0.0,0.0,0.0,7.076904589606424,0.0,0.0,0.0,0.0,0.0,0.0,0.0,0.0,7.076904589606424,0.0,0.0,0.0
2324.0,64.0,161.05689120676098,0.39737511087208516,0.0,0.0,0.0,0.0,8.20522675077245,0.0,0.0,0.0,0.0,0.0,0.0,0.0,0.0,1.0109863699437749,0.0,3.194853715007824,3.9993866658208495
3344.0,299.3333333333333,882.4374732015748,0.33921194693525525,455.66666666666674,114.16666666666669,20.166666666666668,321.33333333333337,526.3652725876211,102.66666666666669,11.5,19.5,0.6666666666666666,6.166666666666667,73.33333333333333,36.5,205.33333333333331,1.0109863699437749,0.0,48.69083955545125,20.996779995559468
3358.0,283.0,784.2794003179779,0.36084079205097136,0.0,0.0,0.0,0.0,33.79072437082684,0.0,0.0,0.0,0.0,0.0,0.0,0.0,0.0,0.0,0.0,14.12708254520117,19.66364182562567
3494.0,414.0000017169477,1162.054254622541,0.35626563912149123,21.000000087091546,1.5000000062208247,2.6666666777259107,16.83333340314481,71.71057496879425,0.0,1.5000000062208247,1.3333333388629554,1.3333333388629554,11.166666712977252,4.666666686020345,0.8333333367893472,0.16666666735786936,0.0,0.0,21.7150214342507,28.995553447452004
2422.0,0.0,0.0,0.0,0.0,0.0,0.0,0.0,73.80200497172929,0.0,0.0,0.0,0.0,0.0,0.0,0.0,0.0,73.80200497172929,0.0,0.0,0.0
3503.0,15.999999985065742,55.39125908120606,0.28885423892620005,83.99999992159515,0.0,0.9999999990666089,82.99999992252853,425.9767024089106,0.0,0.0,0.9999999990666089,0.0,75.83333326255116,7.166666659977364,0.0,0.0,335.9848968967532,0.0,4.991958925040275,0.9998466655219646
3504.0,0.9999999996368801,1.777472488032305,0.5625966119700107,0.0,0.0,0.0,0.0,39.47838800276883,0.0,0.0,0.0,0.0,0.0,0.0,0.0,0.0,39.42846841348996,0.0,0.049919589278870406,0.0
3513.0,41.0,123.8103210360028,0.33115171382261105,0.0,0.0,0.0,0.0,49.52964343806862,0.0,0.0,0.0,0.0,0.0,0.0,0.0,0.0,44.483400277526094,0.0,2.0467031611768878,2.9995399993656378
2426.0,939.0,2524.4999062487573,0.37195485635620124,0.0,0.0,0.0,0.0,111.86452766946924,0.0,0.0,0.0,0.0,0.0,0.0,0.0,0.0,0.0,0.0,46.87449434988042,64.99003331958882
3557.0,0.0,0.0,0.0,0.0,0.0,0.0,0.0,0.0,0.0,0.0,0.0,0.0,0.0,0.0,0.0,0.0,0.0,0.0,0.0,0.0
2654.0,1874.8333297112,5438.843911851759,0.3447117365559544,0.0,0.0,0.0,0.0,223.9037898897629,0.0,0.0,0.0,0.0,0.0,0.0,0.0,0.0,0.0,0.0,93.59047845647366,130.31331143328927
2719.0,1515.3333330983944,4642.069241844381,0.32643488370206303,904.833333193047,196.83333330281604,55.833333324676865,652.1666665655541,1130.636925787545,156.6666666423769,40.166666660439176,46.16666665950893,9.666666665167936,0.33333333328165293,148.9999999768989,170.99999997348797,331.83333328188553,0.0,0.0,120.81969263297742,104.9838999615205
3347.0,279.0,831.8195122761572,0.3354092995925952,115.0,18.166666666666668,1.3333333333333333,95.5,153.66540484566596,16.666666666666668,1.5,1.3333333333333333,0.0,4.666666666666667,15.0,8.166666666666666,67.66666666666667,0.0,0.0,19.66831818301692,18.997086662649043
3321.0,50.0,162.61104933953908,0.30748218035047414,0.0,0.0,0.0,0.0,7.004421589545691,0.0,0.0,0.0,0.0,0.0,0.0,0.0,0.0,0.842346204545786,0.0,2.496008109659615,3.6660672753402905
2242.0,17.368574669178006,43.61333767145381,0.3982399787885585,5.970447542529938,0.1085535916823625,0.0,5.861893950847576,12.388958582689163,0.1085535916823625,0.0,0.0,0.0,5.10201880907104,0.6513215500941753,0.0,0.1085535916823625,3.9508632575751763,0.0,1.1652044212798434,1.3024433613042057
3356.0,115.83333333333331,330.2900617248454,0.3507018428844842,0.0,0.0,0.0,0.0,13.781110248184104,0.0,0.0,0.0,0.0,0.0,0.0,0.0,0.0,0.0,0.0,5.782336916542402,7.998773331641701
3507.0,70.0,191.03116724496763,0.3664323524246488,99.0,1.0,2.0,96.0,193.31455351897057,0.0,1.0,1.1666666666666667,0.8333333333333334,81.0,10.0,1.0,4.0,80.87890959550198,0.0,8.436410591192535,4.999233332276064
2428.0,1143.8333333333333,3598.536319881592,0.31786071659573256,439.0,76.0,41.16666666666666,321.8333333333333,614.3619753664294,63.66666666666666,12.333333333333334,29.5,11.666666666666666,2.833333333333333,124.83333333333331,76.33333333333333,117.83333333333331,0.0,0.0,96.04084367059382,79.32113169583566
2575.0,268.1666666666667,810.9894137296019,0.33066605078531663,397.0,65.16666666666667,36.16666666666667,295.66666666666663,452.2349780301968,46.0,19.166666666666668,35.333333333333336,0.8333333333333334,0.8333333333333334,146.16666666666666,43.66666666666666,105.0,3.0329591098313244,0.0,33.20493225771646,18.997086662649043
2593.0,294.1666666666667,1074.3598967108517,0.27380644751098465,77.33333333333333,7.333333333333333,47.16666666666666,22.83333333333333,116.04160028123776,5.5,1.8333333333333333,46.16666666666666,1.0,0.0,4.0,5.833333333333333,13.0,0.0,0.0,18.54473664825841,20.163530299646023
2534.0,765.3333333333334,2224.2673123296995,0.3440833433512641,0.0,0.0,0.0,0.0,93.21880776663558,0.0,0.0,0.0,0.0,0.0,0.0,0.0,0.0,2.0219727398875498,0.0,38.20496170462175,52.991873322126274
2697.0,440.0,1459.5297788749594,0.3014669562543373,0.0,0.0,0.0,0.0,52.95986595079039,0.0,0.0,0.0,0.0,0.0,0.0,0.0,0.0,0.0,0.0,21.964619290678797,30.995246660111597
2745.0,257.0,752.404294442881,0.34157168147252015,671.8333333333334,65.16666666666667,49.66666666666667,557.0,735.8664036275667,45.0,20.166666666666668,9.333333333333334,40.333333333333336,76.5,114.33333333333331,113.16666666666669,253.0,0.0,0.0,46.36916363552149,17.663906658711916
2734.0,260.1666666666667,654.7389762631791,0.39735936930397436,0.0,0.0,0.0,0.0,30.984662415665028,0.0,0.0,0.0,0.0,0.0,0.0,0.0,0.0,0.0,0.0,12.9874224194712,17.997239996193827
2799.0,0.0,0.0,0.0,2083.333333333333,366.8333333333333,116.16666666666669,1600.3333333333337,2227.9899637531253,265.3333333333333,101.5,115.66666666666669,0.5,0.5,305.1666666666667,410.0,884.6666666666666,0.0,0.0,144.65663041979192,0.0
2804.0,632.0,1729.9217111696278,0.36533445179591084,34.0,0.0,0.0,34.0,111.23969979582952,0.0,0.0,0.0,0.0,0.0,34.0,0.0,0.0,0.0,0.0,33.24644647180017,43.99325332402936
2868.0,401.0,1031.7908546517149,0.38864465428447625,223.00000000000003,0.1666666666666666,0.1666666666666666,222.66666666666669,282.14553038207225,0.1666666666666666,0.0,0.1666666666666666,0.0,96.0,100.66666666666669,1.3333333333333333,24.666666666666668,0.0,0.0,31.149823721326285,27.995706660745952
2860.0,23.0,74.96249732186787,0.30682008766656305,3447.333333333333,40.83333333333333,233.16666666666669,3173.333333333333,3622.236142032091,30.33333333333333,10.5,11.333333333333334,221.83333333333331,1789.0,55.5,185.83333333333331,1143.0,0.0,0.0,173.23631859612007,1.666490102637302
3005.0,455.5,1157.185320408083,0.39362753049733407,0.0,0.0,0.0,0.0,54.73350907389319,0.0,0.0,0.0,0.0,0.0,0.0,0.0,0.0,0.0,0.0,22.738415747326385,31.995093326566803
2955.0,6.0,12.99725239809966,0.4616360301564403,1659.8333333333337,209.0,530.0,920.8333333333334,1742.993396210702,178.0,31.0,476.6666666666667,53.333333333333336,4.666666666666667,116.83333333333331,183.33333333333331,616.0,0.0,0.0,83.16006287736849,0.0
3042.0,130.0,336.67869410232026,0.3861248195304322,694.8333333333333,254.5,30.33333333333333,410.0,768.668597128198,178.33333333333334,76.16666666666667,29.83333333333333,0.5,0.3333333333333333,67.33333333333333,92.33333333333331,250.0,0.0,0.0,64.83664379676777,8.998619998096913
3047.0,221.33333333333331,629.7663389574085,0.35145310195485413,363.1666666666667,83.0,25.833333333333336,254.33333333333331,408.8428541681328,32.0,51.0,10.0,15.833333333333334,12.166666666666666,35.5,77.66666666666667,129.0,0.0,0.0,30.51184407649143,15.164343424974684
3079.0,627.6666666666666,1535.753588602458,0.4087027185382297,902.8333333333334,150.33333333333334,144.0,608.5,1036.7374567843738,120.5,29.83333333333333,131.5,12.5,97.5,82.16666666666667,102.33333333333331,326.5,1.0109863699437749,0.0,89.06648537220377,43.8266517088928
3090.0,189.0,548.0621677089536,0.34485138937808923,60.0,4.0,6.166666666666667,49.83333333333333,85.42798439887008,4.0,0.0,0.1666666666666666,6.0,16.333333333333332,11.5,1.0,21.0,0.0,0.0,12.429977734952317,12.998006663917764
3129.0,1739.3302102065888,5363.964512725962,0.32426206513485356,386.1666666666667,101.83333333333331,18.166666666666664,266.1666666666667,613.1432780840938,82.5,19.33333333333333,17.833333333333332,0.3333333333333333,4.5,30.83333333333333,42.0,188.83333333333331,0.0,0.0,106.1067795051832,120.86983191224397
3231.0,192.83333201170913,618.5059609172511,0.31177279476132325,2.1666666518169566,0.0,1.9999999862925755,0.16666666552438122,24.899081165280766,0.0,0.0,0.9999999931462877,0.9999999931462877,0.0,0.0,0.16666666552438122,0.0,0.0,0.0,9.734407938630643,12.998006574833166
3235.0,573.8333333333334,1624.1968708440452,0.3533028191558637,0.0,0.0,0.0,0.0,120.6394666263392,0.0,0.0,0.0,0.0,0.0,0.0,0.0,0.0,0.0,0.0,80.64559996813067,39.99386665820851
3363.0,1106.3333333333333,3104.731222433134,0.35633787728211636,0.0,0.0,0.0,0.0,133.22760647967408,0.0,0.0,0.0,0.0,0.0,0.0,0.0,0.0,1.0109863699437749,0.0,55.22841284567759,76.98820726405272
3334.0,69.0,208.95147703890032,0.33022020699645177,13.0,0.0,0.0,13.0,46.35631253328043,0.0,0.0,0.0,0.0,11.0,2.0,0.0,0.0,24.2636728786506,0.0,4.093406322353775,4.999233332276064
3412.0,434.8333333333333,1239.8778838738974,0.3507065808567631,0.0,0.0,0.0,0.0,121.7131078504378,0.0,0.0,0.0,0.0,0.0,0.0,0.0,0.0,1.0109863699437749,0.0,90.70672148683764,29.995399993656378
3447.0,35.0,105.75575784629972,0.33095124759889955,0.0,0.0,0.0,0.0,3.746878958305329,0.0,0.0,0.0,0.0,0.0,0.0,0.0,0.0,0.0,0.0,1.747185625394904,1.9996933329104252
3498.0,2281.333333333333,5924.602959761964,0.38506096506844933,60.0,0.0,1.0,59.0,352.8539933347124,0.0,0.0,1.0,0.0,7.166666666666667,51.833333333333336,0.0,0.0,0.0,0.0,134.54497963610058,158.30901369861186
3496.0,65.0,171.6578723608459,0.3786601750682429,694.0,6.0,30.666666666666668,657.3333333333334,738.9101743485845,0.1666666666666666,5.833333333333333,9.0,21.666666666666668,578.5,67.66666666666667,10.833333333333334,0.3333333333333333,2.0219727398875498,0.0,37.88896827642091,4.999233332276064
3488.0,824.5,2224.7730587038536,0.3705995974620222,0.0,0.0,0.0,0.0,98.1501224393963,0.0,0.0,0.0,0.0,0.0,0.0,0.0,0.0,0.0,0.0,41.15886245144917,56.99125998794712
3480.0,1067.6666666666667,2673.3409890573425,0.3993754148972746,0.0,0.0,0.0,0.0,127.28603052117066,0.0,0.0,0.0,0.0,0.0,0.0,0.0,0.0,0.0,0.0,53.297377203484906,73.98865331768575
3458.0,5.0,15.883694159917493,0.31478823185965776,0.0,0.0,0.0,0.0,17.43636623552916,0.0,0.0,0.0,0.0,0.0,0.0,0.0,0.0,17.186768289044174,0.0,0.2495979464849862,0.0
3462.0,59.0,203.08602315659465,0.29051728466072996,0.0,0.0,0.0,0.0,11.99957428406256,0.0,0.0,0.0,0.0,0.0,0.0,0.0,0.0,5.054931849718874,0.0,2.9452557685228378,3.9993866658208495
3463.0,80.0,262.4484634055,0.30482175038073966,129.66666666666666,0.1666666666666666,3.0,126.5,148.15436341796874,0.0,0.1666666666666666,2.6666666666666665,0.3333333333333333,115.83333333333331,9.333333333333334,1.3333333333333333,0.0,2.0219727398875498,0.0,10.466644012683208,5.999079998731276
3036.0,46.833333333333336,116.00792543085328,0.4037080497681033,1120.9999999999998,93.5,134.33333333333334,893.1666666666665,1182.4610091587772,68.5,25.0,131.33333333333334,3.0,188.0,404.8333333333333,103.66666666666669,196.66666666666663,0.0,0.0,58.29470955265492,3.166299606122163
3327.0,197.0,581.9226606625574,0.3385329586163606,0.0,0.0,0.0,0.0,24.84299879182521,0.0,0.0,0.0,0.0,0.0,0.0,0.0,0.0,1.0109863699437749,0.0,9.83415909150846,13.997853330372976
2447.0,481.87271610805516,1229.2672772598464,0.39199995397436693,55.09912447352737,10.26887010790304,9.221026219341505,35.609228146282824,115.1434124335232,8.243038590017406,2.025831517885633,5.937782035182028,3.2832441841594746,1.955975258648198,15.246128578570328,3.8071661284402425,14.59995818062405,0.0,0.0,26.805263689863946,33.2390242701319
2443.0,746.4606224589754,1912.2801314676997,0.3903510841196981,470.7342122442669,87.73113052286179,78.77897434705956,304.2241073743456,583.4094761716788,70.42362858297749,17.307501939884293,50.728884996212585,28.05008935084696,16.71069152816415,130.25387235792235,32.526167438748075,124.73337604951098,0.0,0.0,60.76071956963064,51.91454435778132
2305.0,1057.3026417004542,2982.22746488123,0.3545345397530105,897.5957972158857,32.511930268792725,138.87707743318632,726.2067895139066,1076.9885212363045,10.670643424787293,21.84128684400542,17.18655086010582,121.6905265730805,581.1113460826577,71.89696256410096,40.00397643139649,33.19450443575146,0.04824682044688078,0.0,105.92522949783535,73.41924770213647
2682.0,382.3333333333333,1186.8933447597362,0.322129477784484,263.83333333333337,15.166666666666666,3.1666666666666665,245.50000000000003,323.0849364059728,13.5,1.6666666666666667,2.6666666666666665,0.5,0.3333333333333333,215.33333333333331,10.5,19.33333333333333,0.0,0.0,32.255743078348765,26.99585999429074
2680.0,311.0,971.201073053652,0.32022205146680216,0.0,0.0,0.0,0.0,37.52153320453401,0.0,0.0,0.0,0.0,0.0,0.0,0.0,0.0,0.0,0.0,15.524906542519332,21.99662666201468
3156.0,63.333333333333336,172.0665525551458,0.36807463387188843,0.0,0.0,0.0,0.0,12.04138677219814,0.0,0.0,0.0,0.0,0.0,0.0,0.0,0.0,4.549106415624906,0.0,3.159644043568145,4.332636313005089
2673.0,452.0,1546.2847999858302,0.29231355052066865,2248.6666666666665,944.1666666666666,58.5,1246.0,2414.477807957423,680.1666666666666,264.0,44.16666666666666,14.333333333333334,242.33333333333331,95.66666666666669,233.33333333333331,674.6666666666666,0.0,0.0,134.81589463064486,30.995246660111597
2674.0,648.1666666666666,1994.8815195258903,0.3249148685385145,32.0,2.6666666666666665,4.333333333333333,25.0,110.9467252931682,1.8333333333333333,0.8333333333333334,4.333333333333333,0.0,7.833333333333333,5.666666666666667,2.6666666666666665,8.833333333333334,0.0,0.0,33.953625302683626,44.99309999048457
2423.0,0.0,0.0,0.0,0.0,0.0,0.0,0.0,68.74707308023517,0.0,0.0,0.0,0.0,0.0,0.0,0.0,0.0,68.74707308023517,0.0,0.0,0.0
3460.0,196.0,690.4723848124635,0.28386363352277266,0.0,0.0,0.0,0.0,68.26549311011053,0.0,0.0,0.0,0.0,0.0,0.0,0.0,0.0,44.483400277526094,0.0,9.78423950221146,13.997853330372976
2425.0,4161.0,11372.779226003591,0.36587362836394216,0.0,0.0,0.0,0.0,497.0043380690503,0.0,0.0,0.0,0.0,0.0,0.0,0.0,0.0,0.0,0.0,207.7154110648056,289.2889270042447
2439.0,1064.6666666666667,2718.5439492425653,0.3916312138206564,457.6666666666666,100.0,58.66666666666666,299.0,607.644023302711,83.66666666666667,16.333333333333332,22.5,36.16666666666666,68.33333333333333,49.66666666666666,34.5,146.5,0.0,0.0,75.98846170875414,73.98889492729019
2500.0,0.0,0.0,0.0,2147.9999883001233,386.9999978920613,309.16666498267597,1451.8333254253862,2289.5679441728553,322.66666490914326,64.33333298291802,118.49999935454589,190.66666562813006,36.33333313543039,366.16666467220443,395.6666645115218,653.6666631062292,0.0,0.0,141.56795587273209,0.0
2721.0,450.0,1600.392937106428,0.28118094598293925,0.0,0.0,0.0,0.0,53.45906184376035,0.0,0.0,0.0,0.0,0.0,0.0,0.0,0.0,0.0,0.0,22.46381518364876,30.995246660111597
2723.0,416.0,1134.767104502348,0.36659504699198764,327.0,0.1666666666666666,65.83333333333333,261.0,393.08580817487007,0.1666666666666666,0.0,61.66666666666666,4.166666666666667,213.66666666666663,13.833333333333334,0.5,33.0,0.0,0.0,37.09025484766896,28.995553327201165
2716.0,401.0,1176.2742768336827,0.3409068853222051,145.99999999999997,0.1666666666666666,2.5,143.33333333333331,201.30172200620345,0.1666666666666666,0.0,2.0,0.5,113.83333333333331,14.333333333333334,3.1666666666666665,12.0,0.0,0.0,27.306015345457496,27.995706660745952
2869.0,384.1666666666667,998.6318849711696,0.3846929709016426,28.0,1.5,0.0,26.5,96.42128565059674,1.5,0.0,0.0,0.0,5.833333333333333,2.333333333333333,1.1666666666666667,17.166666666666668,0.0,20.850241545534235,20.57518411077177,26.99585999429074
3118.0,435.8333333333333,1198.9525107561915,0.36351175665702457,0.0,0.0,0.0,0.0,84.03833187635821,0.0,0.0,0.0,0.0,0.0,0.0,0.0,0.0,1.0109863699437749,31.275362310212888,21.756583202545176,29.995399993656378
3114.0,408.3333333333333,1239.178401554925,0.3295194080375799,0.0,0.0,0.0,0.0,48.37950589178563,0.0,0.0,0.0,0.0,0.0,0.0,0.0,0.0,0.0,0.0,20.383799231039674,27.995706660745952
3333.0,56.0,196.4643340271224,0.2850390137085597,0.0,0.0,0.0,0.0,39.14644750465349,0.0,0.0,0.0,0.0,0.0,0.0,0.0,0.0,32.3515638382008,0.0,2.7954970006318463,3.9993866658208495
3434.0,1119.1666666666667,3241.250037628893,0.3452885934975208,0.0,0.0,0.0,0.0,133.85650791531054,0.0,0.0,0.0,0.0,0.0,0.0,0.0,0.0,0.0,0.0,55.86846793180396,77.9880399835066
3439.0,374.8333333333333,1190.447638192322,0.3148675517576837,0.0,0.0,0.0,0.0,44.70748010790679,0.0,0.0,0.0,0.0,0.0,0.0,0.0,0.0,0.0,0.0,18.71146678007126,25.996013327835527
3315.0,1800.8333333333333,5150.647974876255,0.3496323845305306,757.1666666666667,194.33333333333331,42.83333333333333,520.0,1011.0142736243612,162.5,31.83333333333333,40.66666666666666,2.1666666666666665,3.8333333333333335,113.5,89.33333333333333,313.3333333333333,1.0109863699437749,0.0,127.6891438527029,125.14747673504807
3300.0,896.0000009148894,2554.241804833669,0.3507890283603108,0.0,0.0,0.0,0.0,106.8851170292643,0.0,0.0,0.0,0.0,0.0,0.0,0.0,0.0,0.0,0.0,44.728026675031884,62.157090354232444
3320.0,790.3333333333334,2163.0832931992395,0.3653735091099594,0.0,0.0,0.0,0.0,94.44464899752931,0.0,0.0,0.0,0.0,0.0,0.0,0.0,0.0,0.0,0.0,39.45308234249263,54.9915666550367
3499.0,429.0,1153.6207144808566,0.371872656770952,1053.5,23.0,25.333333333333336,1005.1666666666669,1207.3464635942055,3.333333333333333,19.666666666666668,17.166666666666668,8.166666666666666,943.5,36.833333333333336,19.83333333333333,5.0,1.0109863699437749,0.0,122.8400772306054,29.995399993656378
3493.0,539.5,1524.07636932479,0.3539848860979415,0.0,0.0,0.0,0.0,64.42566479171614,0.0,0.0,0.0,0.0,0.0,0.0,0.0,0.0,0.0,0.0,26.931491471862856,37.494173319853296
3491.0,451.99999491314713,1276.6352404151512,0.3540557087913071,0.0,0.0,0.0,0.0,53.558900419597165,0.0,0.0,0.0,0.0,0.0,0.0,0.0,0.0,0.0,0.0,22.56365410830916,30.995246311288017
3487.0,1187.6666446806232,3012.811262967221,0.3942054582970885,0.0,0.0,0.0,0.0,141.77529274434073,0.0,0.0,0.0,0.0,0.0,0.0,0.0,0.0,0.0,0.0,59.28794196117818,82.48735078316257
2505.0,1175.8518886361626,3625.330594884691,0.32434335513988133,139.99999999991238,30.16666666664779,4.166666666664059,105.66666666660053,289.3531644931701,24.166666666651544,5.999999999996245,4.166666666664059,0.0,7.999999999994993,14.999999999990612,7.333333333328744,75.33333333328618,2.0219727398862846,0.0,65.68656017841049,81.64463157496094
2675.0,312.0,888.8808019491618,0.3510031933593773,0.0,0.0,0.0,0.0,37.57153852267782,0.0,0.0,0.0,0.0,0.0,0.0,0.0,0.0,0.0,0.0,15.574911860663144,21.99662666201468
2775.0,704.6666666666666,1780.3416908322376,0.3958041707922166,33.0,0.0,0.0,33.0,118.816509774512,0.0,0.0,0.0,0.0,0.0,0.0,33.0,0.0,0.0,0.0,36.82402311820656,48.992486656305424
2841.0,387.5,845.5400784581806,0.45828696932568325,86.0,1.1666666666666667,0.0,84.83333333333333,136.6327521760017,1.1666666666666667,0.0,0.0,0.0,0.0,83.83333333333333,0.3333333333333333,0.6666666666666666,0.0,0.0,23.63689218171097,26.99585999429074
2533.0,0.0,0.0,0.0,696.0000000000001,111.66666666666669,29.666666666666664,554.6666666666667,730.74403415071,91.16666666666669,20.5,29.33333333333333,0.3333333333333333,31.166666666666668,178.83333333333334,45.0,299.6666666666667,0.0,0.0,34.744034150710085,0.0
2532.0,0.0,0.0,0.0,0.0,0.0,0.0,0.0,0.0,0.0,0.0,0.0,0.0,0.0,0.0,0.0,0.0,0.0,0.0,0.0,0.0
2531.0,0.0,0.0,0.0,765.3333342278429,182.50000021330317,225.6666669304223,357.1666670841175,808.5878996058779,173.16666686906115,9.33333334424199,218.16666692165643,7.500000008765883,50.33333339216215,43.166666717119185,40.000000046751374,223.66666692808474,5.054931855626999,0.0,38.199633522408,0.0
3102.0,239.0,726.2214605811286,0.3291007123484759,54.0,0.0,0.0,54.0,85.62383299375881,0.0,0.0,0.0,0.0,0.0,54.0,0.0,0.0,0.0,0.0,14.626439664020197,16.997393329738614
3091.0,134.0,391.73323517140574,0.3420695207067823,0.0,0.0,0.0,0.0,15.687844963894545,0.0,0.0,0.0,0.0,0.0,0.0,0.0,0.0,0.0,0.0,6.689224965797632,8.998619998096913
3100.0,281.8333333333333,732.5053043322406,0.38475261771688535,169.0,16.833333333333336,51.5,100.66666666666666,211.50240396948988,14.833333333333334,2.0,4.166666666666667,47.333333333333336,7.0,30.33333333333333,7.166666666666667,56.16666666666666,0.0,0.0,22.505470640385614,19.99693332910425
3117.0,196.16666666666663,574.7997494684835,0.34127827447395664,0.0,0.0,0.0,0.0,23.790462483001704,0.0,0.0,0.0,0.0,0.0,0.0,0.0,0.0,0.0,0.0,9.792609152628726,13.997853330372976
3116.0,229.0,637.5848460938624,0.3591678839341292,139.66666666666669,14.333333333333334,1.8333333333333333,123.5,182.0670498344489,11.333333333333334,3.0,1.8333333333333333,0.0,0.0,93.16666666666669,6.166666666666667,24.166666666666668,0.0,0.0,26.40286899566497,15.997514172117272
3121.0,106.33333333333331,298.25914212941484,0.35651324071466417,0.0,0.0,0.0,0.0,12.47359264837444,0.0,0.0,0.0,0.0,0.0,0.0,0.0,0.0,0.0,0.0,5.308069012646179,7.16552363572826
3123.0,193.33333333333331,543.9788389503389,0.35540598179588967,36.0,5.0,6.333333333333334,24.666666666666664,60.94509193853783,3.6666666666666665,1.3333333333333333,2.333333333333333,4.0,0.5,4.5,7.0,12.666666666666666,0.0,0.0,11.44718283416112,13.497909104376712
3126.0,237.0,682.3761612620114,0.3473157672473252,7.833333333333334,0.3333333333333333,0.8333333333333334,6.666666666666667,36.38629312503045,0.3333333333333333,0.0,0.8333333333333334,0.0,6.0,0.0,0.1666666666666666,0.5,0.0,0.0,12.222084438117385,16.330875353579724
3190.0,234.16666666666663,812.2185921645479,0.28830498208938643,256.66666666666663,68.5,11.333333333333334,176.83333333333331,301.6787557229536,58.0,10.5,11.333333333333334,0.0,0.0,35.666666666666664,33.166666666666664,108.0,1.0109863699437749,0.0,27.83687076090997,16.164231925433228
2756.0,567.6666666666666,1643.1961309752703,0.34546494844151376,2251.333333333333,313.0,244.0,1694.3333333333333,2431.550399460827,304.1666666666667,8.833333333333334,59.16666666666666,184.83333333333331,1433.6666666666667,54.333333333333336,55.0,151.33333333333334,0.0,0.0,140.72312047490226,39.493945652591385
2662.0,0.0,0.0,0.0,2603.5,1290.6666666666667,40.0,1272.8333333333333,2733.465718207357,1007.0,283.6666666666667,35.166666666666664,4.833333333333333,81.0,118.16666666666669,130.5,943.1666666666666,0.0,0.0,129.96571820735736,0.0
2638.0,0.0,0.0,0.0,2310.1666666666665,927.8333333333331,48.333333333333336,1334.0,2425.489709163201,702.1666666666666,225.66666666666663,46.333333333333336,2.0,82.33333333333333,141.16666666666666,217.5,893.0,0.0,0.0,115.32304249653468,0.0
2822.0,0.0,0.0,0.0,655.1666666666666,31.83333333333333,281.3333333333333,342.0,687.8724653077237,22.83333333333333,9.0,88.83333333333333,192.5,47.833333333333336,174.5,18.83333333333333,100.83333333333331,0.0,0.0,32.705798641056994,0.0
3026.0,0.0,0.0,0.0,2399.333333333333,856.0,66.33333333333334,1477.0,2519.1070504966524,644.5,211.5,53.333333333333336,13.0,98.0,167.66666666666666,196.66666666666663,1014.6666666666666,0.0,0.0,119.7737171633189,0.0
2790.0,0.0,0.0,0.0,3322.6666666666665,700.6666666666666,946.5,1675.5,3499.3760112407945,604.5,96.16666666666669,570.0,376.5,96.5,272.0,244.83333333333331,1062.1666666666667,0.0,0.0,176.7093445741276,0.0
3140.0,478.0,1395.6386142492618,0.3424955394037478,374.3333333333333,87.5,27.83333333333333,259.0,459.21949131224176,67.16666666666667,20.33333333333333,25.33333333333333,2.5,13.5,45.0,50.833333333333336,149.66666666666666,0.842773154682356,0.0,51.04956933560678,32.99381548861932
3135.0,506.0,1491.1894044364672,0.339326445382853,115.33333333333334,34.66666666666667,5.666666666666667,75.0,186.5687228481439,29.166666666666668,5.5,5.666666666666667,0.0,0.0,13.833333333333334,14.166666666666666,47.0,5.054931849718874,0.0,31.01932026438966,35.16113740070201
3339.0,295.8333333333333,797.0892747882036,0.3711420322547181,96.66666666666669,27.0,5.833333333333333,63.833333333333336,174.26130657742493,24.666666666666668,2.333333333333333,5.833333333333333,0.0,0.0,18.166666666666668,9.333333333333334,36.333333333333336,0.0,0.0,56.7645033433453,20.830136567412968
3345.0,256.3333333333333,717.9940808998568,0.3570131567269644,187.5,43.5,29.5,114.5,247.48798788176757,38.833333333333336,4.666666666666667,28.5,1.0,3.5,31.5,15.666666666666666,63.833333333333336,0.0,0.0,42.15739131372021,17.83059656804733
3340.0,368.1666666666667,1141.7209554532294,0.32246641783019164,0.0,0.0,0.0,0.0,44.37472676985601,0.0,0.0,0.0,0.0,0.0,0.0,0.0,0.0,0.0,0.0,18.378713442020487,25.996013327835527
3337.0,281.1666666666667,848.5927633642459,0.3313328592998855,0.0,0.0,0.0,0.0,33.532803118937245,0.0,0.0,0.0,0.0,0.0,0.0,0.0,0.0,0.0,0.0,14.03575363766115,19.497049481276097
3343.0,256.0,817.7285669014205,0.3130623172063665,0.0,0.0,0.0,0.0,30.776650078913093,0.0,0.0,0.0,0.0,0.0,0.0,0.0,0.0,0.0,0.0,12.779410082719268,17.997239996193827
3338.0,260.6666666666667,773.039150559196,0.3371972383004242,0.0,0.0,0.0,0.0,30.84304217948324,0.0,0.0,0.0,0.0,0.0,0.0,0.0,0.0,0.0,0.0,13.0124502586215,17.83059192086174
3346.0,200.50000121286408,601.6793149650877,0.3332339939665336,0.0,0.0,0.0,0.0,24.006750146862252,0.0,0.0,0.0,0.0,0.0,0.0,0.0,0.0,0.0,0.0,10.008896731813499,13.997853415048754
3329.0,224.5,664.9409919869133,0.3376239436362172,0.0,0.0,0.0,0.0,27.20450082576389,0.0,0.0,0.0,0.0,0.0,0.0,0.0,0.0,0.0,0.0,11.206954162480494,15.9975466632834
3330.0,298.0,870.1000003695076,0.3424893688925958,0.0,0.0,0.0,0.0,35.87281760606465,0.0,0.0,0.0,0.0,0.0,0.0,0.0,0.0,0.0,0.0,14.87603761050518,20.996779995559468
3323.0,131.9999991779208,390.6521726450504,0.33789649314930864,0.0,0.0,0.0,0.0,15.588005688220433,0.0,0.0,0.0,0.0,0.0,0.0,0.0,0.0,0.0,0.0,6.589385746165781,8.998619942054654
3324.0,181.33333333333331,509.66793162195154,0.35578721375752187,0.0,0.0,0.0,0.0,21.549802130566565,0.0,0.0,0.0,0.0,0.0,0.0,0.0,0.0,0.0,0.0,9.051772232277209,12.498029898289358
3331.0,305.6666666666667,827.3365874484131,0.3694586596361858,93.5,28.0,5.333333333333333,60.16666666666666,143.7519592757209,24.33333333333333,3.6666666666666665,5.333333333333333,0.0,0.0,13.5,9.5,37.16666666666666,0.0,0.0,28.921892402875045,21.33006687284585
3332.0,295.0,881.3600666133947,0.3347099683487256,0.0,0.0,0.0,0.0,35.38939304495357,0.0,0.0,0.0,0.0,0.0,0.0,0.0,0.0,0.0,0.0,14.72594638687602,20.663446658077557
3326.0,225.33333333333331,682.5971437675807,0.33011174364078155,0.0,0.0,0.0,0.0,27.246072156242175,0.0,0.0,0.0,0.0,0.0,0.0,0.0,0.0,0.0,0.0,11.24852549295878,15.9975466632834
3322.0,102.66666666666669,323.41801961699394,0.31744262978373666,0.0,0.0,0.0,0.0,13.302744783870136,0.0,0.0,0.0,0.0,0.0,0.0,0.0,0.0,1.1792943796980424,0.0,5.124570196590328,6.998880207581764
3354.0,265.3333333333333,706.910589630235,0.37534213976356146,0.0,0.0,0.0,0.0,31.242609353412234,0.0,0.0,0.0,0.0,0.0,0.0,0.0,0.0,0.0,0.0,13.24536935721841,17.997239996193827
3361.0,535.6666666666666,1488.475218231653,0.3598761068411018,162.83333333333331,28.5,16.333333333333332,118.0,275.6963088859372,23.33333333333333,5.166666666666667,16.333333333333332,0.0,0.0,70.5,8.5,39.0,0.0,0.0,75.868648893761,36.99432665884287
3353.0,482.8333333333333,1481.219822021362,0.325970072878467,15.666666666666666,4.5,1.0,10.166666666666666,74.37987343780856,3.6666666666666665,0.8333333333333334,1.0,0.0,0.0,2.833333333333333,1.0,6.333333333333333,0.0,0.0,24.885021726801213,33.82818504434067
3352.0,436.6666666666667,1336.338671003743,0.3267634740665554,18.166666666666668,3.5,6.166666666666667,8.5,72.20017184616964,3.0,0.5,6.166666666666667,0.0,1.8333333333333333,0.6666666666666666,0.8333333333333334,5.166666666666667,0.0,0.0,23.871503570710036,30.162001608792934
3359.0,545.6666666666666,1512.4588046539295,0.36078117631211937,8.833333333333332,2.0,1.1666666666666667,5.666666666666666,74.50846930690798,1.6666666666666667,0.3333333333333333,1.1666666666666667,0.0,1.0,1.5,0.5,2.6666666666666665,0.0,0.0,27.680883659075075,37.99425231449957
3351.0,276.0,834.7146850777054,0.33065190409859213,0.0,0.0,0.0,0.0,32.774893308620285,0.0,0.0,0.0,0.0,0.0,0.0,0.0,0.0,0.0,0.0,13.77780664597124,18.997086662649043
3350.0,171.16666666666666,538.6857063439581,0.31774866986608774,0.0,0.0,0.0,0.0,20.37580842215773,0.0,0.0,0.0,0.0,0.0,0.0,0.0,0.0,0.0,0.0,8.544296500027267,11.831511922130463
3349.0,371.6666666666667,1041.0885522933431,0.35699813032037236,0.0,0.0,0.0,0.0,44.549448522976334,0.0,0.0,0.0,0.0,0.0,0.0,0.0,0.0,0.0,0.0,18.553435195140807,25.996013327835527
3357.0,287.0,800.0769455049827,0.35871549806856995,0.0,0.0,0.0,0.0,34.1565697453707,0.0,0.0,0.0,0.0,0.0,0.0,0.0,0.0,0.0,0.0,14.32632167841627,19.83024806695443
3367.0,396.0,1042.6178730059994,0.37981317053225055,0.0,0.0,0.0,0.0,47.26385936972648,0.0,0.0,0.0,0.0,0.0,0.0,0.0,0.0,0.0,0.0,19.768157361610918,27.49570200811557
3380.0,280.0,887.4574406448314,0.31550808768536603,0.0,0.0,0.0,0.0,33.98555803575205,0.0,0.0,0.0,0.0,0.0,0.0,0.0,0.0,1.0109863699437749,0.0,13.97748500315923,18.997086662649043
3390.0,237.66666666666663,760.7470400855804,0.3124122134473639,0.0,0.0,0.0,0.0,28.3616240607357,0.0,0.0,0.0,0.0,0.0,0.0,0.0,0.0,0.0,0.0,11.864161036429968,16.497463024305734
3397.0,317.0,985.264501224058,0.32174101432272284,0.0,0.0,0.0,0.0,37.82112295216737,0.0,0.0,0.0,0.0,0.0,0.0,0.0,0.0,0.0,0.0,15.824496290152696,21.99662666201468
3396.0,163.0,511.8341709006133,0.3184625202205402,0.0,0.0,0.0,0.0,19.13520638641789,0.0,0.0,0.0,0.0,0.0,0.0,0.0,0.0,0.0,0.0,8.136893055410551,10.998313331007338
3402.0,276.5,868.5115548393081,0.31836076153432175,0.0,0.0,0.0,0.0,32.79982138399424,0.0,0.0,0.0,0.0,0.0,0.0,0.0,0.0,0.0,0.0,13.8027347213452,18.997086662649043
3401.0,266.8333333333333,836.593293543473,0.3189522739336513,0.0,0.0,0.0,0.0,31.81730129864197,0.0,0.0,0.0,0.0,0.0,0.0,0.0,0.0,0.0,0.0,13.3201495886114,18.49715171003057
3378.0,27.0,78.3110250967669,0.3447790393068767,0.0,0.0,0.0,0.0,4.358508613873126,0.0,0.0,0.0,0.0,0.0,0.0,0.0,0.0,1.0109863699437749,0.0,1.347828911018926,1.9996933329104252
3388.0,31.0,87.10982322344614,0.3558726083105649,0.0,0.0,0.0,0.0,3.54720060111734,0.0,0.0,0.0,0.0,0.0,0.0,0.0,0.0,0.0,0.0,1.5475072682069149,1.9996933329104252
3389.0,117.0,356.2840785312971,0.3283896391955173,0.0,0.0,0.0,0.0,13.839365279390378,0.0,0.0,0.0,0.0,0.0,0.0,0.0,0.0,0.0,0.0,5.840591947748679,7.998773331641701
3399.0,386.3333333333333,1077.889743051096,0.3584163740530368,2.0,0.5,0.5,1.0,51.41407328555636,0.5,0.0,0.5,0.0,0.0,0.1666666666666666,0.1666666666666666,0.6666666666666666,3.0329591098313244,0.0,19.38525418143429,26.99585999429074
3398.0,639.1666666666666,1811.6935039517284,0.35280066152055756,0.0,0.0,0.0,0.0,76.23336594267072,0.0,0.0,0.0,0.0,0.0,0.0,0.0,0.0,0.0,0.0,31.90687221995309,44.32649372271762
3255.0,1147.3333333333333,3259.0976884417346,0.3520401789128037,1084.0,297.3333333333333,60.833333333333336,725.8333333333333,1317.231221501296,247.0,50.333333333333336,60.833333333333336,0.0,0.5,144.66666666666666,98.83333333333331,481.8333333333333,2.0219727398875498,0.0,151.22151544499147,79.987733316417
3259.0,28.66666672516412,92.30399418612505,0.3105679984699214,0.0,0.0,0.0,0.0,7.474700119686588,0.0,0.0,0.0,0.0,0.0,0.0,0.0,0.0,4.043945488027211,0.0,1.4310612946683612,1.999693336991017
3276.0,125.33333333333331,373.3490875032839,0.33570011961588336,62.0,8.333333333333334,3.333333333333333,50.333333333333336,82.37217780002872,6.5,1.8333333333333333,3.333333333333333,0.0,2.0,17.666666666666668,1.5,29.166666666666668,2.0219727398875498,0.0,9.35158506204426,8.998619998096913
3289.0,674.8333329860718,1757.9647968262445,0.38387192633458156,284.9999998533422,57.83333330357295,16.66666665809019,210.49999989167907,390.43009663200047,41.66666664522546,16.166666658347484,16.66666665809019,0.0,0.0,45.333333310005315,30.666666650885947,134.49999993078782,2.0219727388470656,0.0,56.41533074059814,46.99279329921304
3294.0,706.1666670693153,1768.0795899322923,0.39939755602085625,145.33333341620084,26.00000001482492,8.833333338370005,110.50000006300591,236.83242359067765,19.000000010833595,7.000000003991325,8.833333338370005,0.0,0.0,25.500000014539825,12.500000007127365,72.50000004133872,0.0,0.0,42.506668526216316,48.99242164826049
3302.0,639.3333333333334,1771.8100112264356,0.36083628000882045,99.5,17.833333333333332,13.666666666666666,68.0,181.5531598136387,11.5,6.333333333333333,13.666666666666666,0.0,0.0,21.33333333333333,6.166666666666667,40.5,1.0109863699437749,0.0,36.88224880451709,44.15992463917783
3310.0,487.3333333333333,1492.7317172189194,0.32647081033507813,0.0,0.0,0.0,0.0,58.32225888144676,0.0,0.0,0.0,0.0,0.0,0.0,0.0,0.0,0.0,0.0,24.32747222196953,33.99478665947723
3275.0,125.83333333333331,391.45405448560086,0.321451092130563,0.0,0.0,0.0,0.0,21.34597571144356,0.0,0.0,0.0,0.0,0.0,0.0,0.0,0.0,6.065918219662649,0.0,6.281437493683996,8.998619998096913
3258.0,967.8333333333334,2905.793163986698,0.3330702767589565,99.66666666666669,27.833333333333336,5.333333333333333,66.5,230.79635833991864,22.166666666666668,5.666666666666667,5.333333333333333,0.0,0.0,11.833333333333334,7.166666666666667,47.5,2.0219727398875498,0.0,62.1179922808652,66.98972665249924
3274.0,1078.0,3347.533019162627,0.3220281902610352,168.83333333333334,32.5,19.0,117.33333333333334,307.0742270782051,25.666666666666668,6.833333333333333,19.0,0.0,0.0,47.333333333333336,10.0,60.0,1.0109863699437749,0.0,62.24140739078706,74.98849998414094
3369.0,276.0,735.3388230375094,0.3753371797505669,27.333333333333336,7.0,1.5,18.833333333333336,88.30596869400173,6.333333333333333,0.6666666666666666,1.5,0.0,0.0,6.166666666666667,3.1666666666666665,9.5,0.0,0.0,42.14219212616585,18.830443234502543
3372.0,507.6666666666667,1396.6469314818196,0.36348962305601507,0.0,0.0,0.0,0.0,60.6707942164645,0.0,0.0,0.0,0.0,0.0,0.0,0.0,0.0,0.0,0.0,25.34280895782856,35.32798525863595
3368.0,131.0,350.7380469045934,0.37349811677440914,0.0,0.0,0.0,0.0,15.538086196003556,0.0,0.0,0.0,0.0,0.0,0.0,0.0,0.0,0.0,0.0,6.53946619790664,8.998619998096913
3373.0,410.3333333333333,1087.5917210988175,0.3772861868778889,554.0,94.66666666666666,72.33333333333334,387.0,631.6458604555479,77.83333333333333,16.833333333333332,71.16666666666667,1.1666666666666667,1.0,206.5,31.5,148.0,1.0109863699437749,0.0,48.13916277222784,28.495711313376336
3374.0,578.1666666666666,1577.3165203981553,0.3665508217213895,37.66666666666666,4.666666666666667,1.6666666666666667,31.33333333333333,108.7353749310786,4.5,0.1666666666666666,1.5,0.1666666666666666,3.1666666666666665,6.333333333333333,2.5,19.33333333333333,0.0,0.0,30.7416383943329,40.32706987007904
3176.0,679.5,1613.1580204349968,0.4212234582057678,213.3333333333333,39.66666666666667,13.333333333333334,160.33333333333331,323.405697443284,28.166666666666668,11.5,13.333333333333334,0.0,0.3333333333333333,32.5,31.166666666666668,96.33333333333331,1.0109863699437749,0.0,62.06846362140116,46.99291411860569
2587.0,271.33247356705516,781.9518146239915,0.34699385370379604,3141.9809030971487,478.9970884271769,42.66641127489788,2620.317403395074,3333.3925251402097,380.16435486178784,98.83273356538903,42.33307753469476,0.33333374020311807,1.833322173289096,637.9961268508688,1113.3265591631048,867.1613952078117,2.021960381619019,0.0,170.39263562487997,18.997026036561657
2731.0,556.0,1566.707655711908,0.354884332104291,94.66666666666666,3.1666666666666665,68.83333333333333,22.666666666666664,166.14166660826797,3.1666666666666665,0.0,1.5,67.33333333333333,14.333333333333334,0.0,0.1666666666666666,8.166666666666666,0.0,0.0,32.480979949848,38.9940199917533
2733.0,127.33333333333331,327.5746352580267,0.38871548535201556,1379.3333333333337,155.16666666666669,856.1666666666667,368.0,1463.7095251346043,146.83333333333334,8.333333333333334,679.3333333333334,176.83333333333334,22.83333333333333,81.66666666666667,52.333333333333336,211.16666666666663,0.0,0.0,75.54417341831038,8.832018382960351
2742.0,92.0,260.83768319095617,0.35270977289216254,989.1666666666669,63.833333333333336,232.16666666666669,693.1666666666667,1049.137062014674,53.333333333333336,10.5,72.33333333333333,159.83333333333334,39.333333333333336,37.5,52.833333333333336,563.5,0.0,0.0,53.97131534927608,5.999079998731276
3400.0,474.8333333333333,1351.148314634005,0.35142946794997465,715.8333333333333,137.33333333333334,46.333333333333336,532.1666666666666,831.6398895781472,105.66666666666669,31.666666666666668,46.333333333333336,0.0,0.0,133.16666666666666,73.5,325.5,3.0329591098313244,0.0,79.77863852678028,32.99495860820235
3257.0,182.16666666666663,567.199682312567,0.3211684920625184,44.66666666666666,12.166666666666668,1.8333333333333333,30.666666666666664,70.6766184934365,8.333333333333334,3.8333333333333335,1.8333333333333333,0.0,0.0,2.6666666666666665,4.5,23.5,2.1905178699711416,0.0,11.321441238326338,12.497992718472346
3229.0,5.333333333333333,14.63966340467693,0.36430710091527746,0.0,0.0,0.0,0.0,4.305649998565475,0.0,0.0,0.0,0.0,0.0,0.0,0.0,0.0,3.7063807919925496,0.0,0.265949816092365,0.3333193904805602
3252.0,32.0,91.60641851212353,0.3493205008966157,0.0,0.0,0.0,0.0,3.597120190414337,0.0,0.0,0.0,0.0,0.0,0.0,0.0,0.0,0.0,0.0,1.597426857503912,1.9996933329104252
3253.0,40.5,123.71256149208268,0.32737176816593444,0.0,0.0,0.0,0.0,5.021303199315824,0.0,0.0,0.0,0.0,0.0,0.0,0.0,0.0,0.0,0.0,2.0217631999501866,2.9995399993656378
3254.0,96.83333333333331,296.9135109960012,0.3261331321990176,0.0,0.0,0.0,0.0,11.83289996787664,0.0,0.0,0.0,0.0,0.0,0.0,0.0,0.0,0.0,0.0,4.833973302690152,6.998926665186488
3342.0,238.66666666666663,734.046603252039,0.32513830267629357,0.0,0.0,0.0,0.0,28.41149440024745,0.0,0.0,0.0,0.0,0.0,0.0,0.0,0.0,0.0,0.0,11.91398956293178,16.497504837315667
3336.0,241.0,751.5201539995861,0.3206833492320856,0.0,0.0,0.0,0.0,29.028014350314955,0.0,0.0,0.0,0.0,0.0,0.0,0.0,0.0,0.0,0.0,12.03062102057634,16.997393329738614
3335.0,73.0,235.1041949904497,0.3105006271919792,0.0,0.0,0.0,0.0,8.643363350956864,0.0,0.0,0.0,0.0,0.0,0.0,0.0,0.0,0.0,0.0,3.6441300186808,4.999233332276064
3328.0,270.5,857.7320839949851,0.3153665404937581,0.0,0.0,0.0,0.0,32.500352221120366,0.0,0.0,0.0,0.0,0.0,0.0,0.0,0.0,0.0,0.0,13.50326555847132,18.997086662649043
3407.0,359.8333333333333,1137.1899922425623,0.3164232325187232,0.0,0.0,0.0,0.0,42.95889356841879,0.0,0.0,0.0,0.0,0.0,0.0,0.0,0.0,0.0,0.0,17.96272690703847,24.996166661380315
3160.0,201.66666666666663,539.9738998750145,0.37347484149390475,0.0,0.0,0.0,0.0,28.419170384726712,0.0,0.0,0.0,0.0,0.0,0.0,0.0,0.0,4.043660560608049,0.0,10.047468821109916,14.328041003008748
2949.0,2.0,2.777472488677741,0.7200791396324977,374.6666666666666,49.5,161.66666666666666,163.5,396.5030222806984,46.0,3.5,48.833333333333336,112.83333333333331,15.5,23.166666666666668,18.33333333333333,106.5,3.0329591098313244,0.0,18.803396504200357,0.0
2939.0,122.0,311.31281049827203,0.3918887880159277,337.0,0.1666666666666666,0.3333333333333333,336.5,368.9228511889072,0.1666666666666666,0.0,0.3333333333333333,0.0,0.0,336.3333333333333,0.0,0.1666666666666666,1.0109863699437749,0.0,22.913091487321736,7.998773331641701
2979.0,451.0,1023.9961725044848,0.4404313337392135,24.833333333333336,1.8333333333333333,0.6666666666666666,22.333333333333336,79.5818769208662,1.6666666666666667,0.1666666666666666,0.5,0.1666666666666666,4.666666666666667,4.333333333333333,2.833333333333333,10.5,0.0,0.0,23.75329692742127,30.995246660111597
2971.0,564.0,1357.6727523902075,0.4154167482606304,0.0,0.0,0.0,0.0,67.14866835525974,0.0,0.0,0.0,0.0,0.0,0.0,0.0,0.0,0.0,0.0,28.15464836350645,38.9940199917533
2928.0,187.16666666666663,480.3936321450806,0.3896110484040339,179.16666666666666,6.666666666666667,140.66666666666666,31.83333333333333,210.45132677009184,5.666666666666667,1.0,140.5,0.1666666666666666,2.0,2.6666666666666665,2.6666666666666665,24.5,0.0,0.0,18.286653439507432,12.998006663917764
3010.0,118.0,258.07290078123185,0.45723514418907735,112.66666666666669,1.1666666666666667,85.0,26.5,132.18018215508857,1.0,0.1666666666666666,41.0,44.0,1.1666666666666667,21.666666666666668,0.8333333333333334,2.833333333333333,0.0,0.0,11.5147421567802,7.998773331641701
2924.0,132.0,333.1090241344864,0.39626665877027556,901.0,46.333333333333336,75.83333333333334,778.8333333333334,961.5655927391738,38.333333333333336,8.0,74.66666666666667,1.1666666666666667,444.1666666666667,185.16666666666663,69.5,80.0,0.0,0.0,51.566972741076846,8.998619998096913
2922.0,287.0,748.0411857859,0.383668714308123,54.83333333333333,8.333333333333332,19.5,27.0,91.89451323172725,8.166666666666666,0.1666666666666666,18.0,1.5,7.833333333333333,0.5,2.833333333333333,15.833333333333334,0.0,0.0,17.064246569289665,19.99693332910425
2912.0,277.8333333333333,717.121727921157,0.3874284134978537,48.0,4.0,1.5,42.5,83.26255945306124,3.8333333333333335,0.1666666666666666,1.3333333333333333,0.1666666666666666,4.833333333333333,9.0,5.666666666666667,23.0,0.0,0.0,16.265472790412204,18.997086662649043
2821.0,175.33333333333334,464.9421396441608,0.3771078557592631,148.83333333333334,16.333333333333332,1.6666666666666667,130.83333333333334,177.01381387581165,15.0,1.3333333333333333,0.8333333333333334,0.8333333333333334,7.333333333333333,17.5,12.833333333333334,93.16666666666669,0.0,0.0,16.182320545015752,11.998159997462553
2819.0,2.0,5.887362443388702,0.33971069714689106,192.83333333333331,17.166666666666668,62.333333333333336,113.33333333333334,203.90390538176132,13.5,3.6666666666666665,62.0,0.3333333333333333,2.833333333333333,40.0,18.33333333333333,52.16666666666666,1.0109863699437749,0.0,10.05958567848428,0.0
2887.0,758.0,1855.929858996529,0.408420607236654,1317.0,665.1666666666667,18.166666666666664,633.6666666666667,1476.9095601781194,475.1666666666667,190.0,17.333333333333332,0.8333333333333334,35.833333333333336,57.16666666666666,77.66666666666667,463.0,0.0,0.0,106.91768685599293,52.991873322126274
2932.0,606.0,1456.299211588035,0.41612327684994194,42.0,0.3333333333333333,0.1666666666666666,41.5,116.34145385557316,0.3333333333333333,0.0,0.1666666666666666,0.0,1.0,7.166666666666667,1.0,32.333333333333336,0.0,0.0,32.34789386445422,41.993559991118936
2274.0,0.0,0.0,0.0,850.0,0.0,775.0,75.0,896.4755963822228,0.0,0.0,775.0,0.0,74.0,1.0,0.0,0.0,4.0439454797751,0.0,42.431650902447664,0.0
2278.0,0.0,0.0,0.0,106.83333333333334,0.1666666666666666,3.0,103.66666666666669,126.93076574885252,0.0,0.1666666666666666,3.0,0.0,97.83333333333331,3.6666666666666665,2.1666666666666665,0.0,8.087890959550199,0.0,12.009541455968987,0.0
2279.0,0.0,0.0,0.0,16.0,0.1666666666666666,0.8333333333333334,15.0,23.87414433925404,0.0,0.1666666666666666,0.8333333333333334,0.0,14.5,0.1666666666666666,0.3333333333333333,0.0,7.076904589606424,0.0,0.7972397496476175,0.0
2248.0,38.0,98.76920686404402,0.38473529560996744,0.0,0.0,0.0,0.0,4.896484392651534,0.0,0.0,0.0,0.0,0.0,0.0,0.0,0.0,0.0,0.0,1.896944393285896,2.9995399993656378
2244.0,57.0,152.10057658917404,0.37475203104560123,364.8333333333333,6.0,8.833333333333334,350.0,397.9787794076293,0.0,6.0,8.833333333333334,0.0,274.6666666666667,60.5,14.833333333333334,0.0,8.087890959550199,0.0,21.058047637121927,3.999507477623804
2262.0,257.5,671.3360004160157,0.3835635208605401,0.0,0.0,0.0,0.0,31.190319659951086,0.0,0.0,0.0,0.0,0.0,0.0,0.0,0.0,0.3371852686959789,0.0,12.85601975167322,17.997114639581888
2259.0,0.0,0.0,0.0,223.4999997993958,3.166666663824399,13.833333320917111,206.49999981465427,236.68064145796814,0.16666666651707357,2.9999999973073255,6.333333327648798,7.499999993268314,131.4999998819711,61.83333327783433,4.3333333294439145,8.833333325404904,2.0219727380727117,0.0,11.158668920499595,0.0
2258.0,1.0,1.7774724886777404,0.5625966119700108,166.66666666666666,1.1666666666666667,3.333333333333333,162.16666666666666,182.2313746900144,0.0,1.1666666666666667,2.6666666666666665,0.6666666666666666,145.0,14.5,2.6666666666666665,0.0,3.0329591098313244,0.0,12.531748913516426,0.0
2237.0,24.666666666666668,67.15030038306591,0.3673351649352734,0.0,0.0,0.0,0.0,4.241830277104442,0.0,0.0,0.0,0.0,0.0,0.0,0.0,0.0,1.0109863699437749,0.0,1.2311877610679778,1.9996561460926887
2299.0,446.5,1152.304353966268,0.38748443365950397,0.0,0.0,0.0,0.0,53.28427825594059,0.0,0.0,0.0,0.0,0.0,0.0,0.0,0.0,0.0,0.0,22.289031595829,30.995246660111597
2307.0,540.1666666666666,1368.5931890693046,0.39468753094847747,0.0,0.0,0.0,0.0,64.45911223354581,0.0,0.0,0.0,0.0,0.0,0.0,0.0,0.0,0.0,0.0,26.964897100682588,37.494215132863225
2269.0,192.0,482.4460814169309,0.3979719338503098,132.0,3.5,18.33333333333333,110.16666666666669,161.17195359614487,2.5,1.0,2.6666666666666665,15.666666666666666,43.333333333333336,51.16666666666666,5.166666666666667,10.5,0.0,0.0,16.17394693222711,12.998006663917764
2265.0,0.0,0.0,0.0,406.3333333333333,5.0,7.5,393.8333333333333,435.12720401039536,0.0,5.0,7.5,0.0,362.1666666666667,14.333333333333334,17.333333333333332,0.0,0.0,0.0,28.79387067706203,0.0
2257.0,27.0,88.42032660554149,0.3053596501679044,0.0,0.0,0.0,0.0,4.358508613873126,0.0,0.0,0.0,0.0,0.0,0.0,0.0,0.0,1.0109863699437749,0.0,1.347828911018926,1.9996933329104252
2234.0,0.0,0.0,0.0,224.0,4.666666666666667,69.0,150.33333333333331,241.24790622219,4.0,0.6666666666666666,16.333333333333332,52.66666666666666,143.0,2.6666666666666665,1.0,3.6666666666666665,6.065918219662649,0.0,11.181988002527383,0.0
2243.0,1.0,1.7774724886777404,0.5625966119700108,218.0,3.333333333333333,11.333333333333334,203.33333333333331,228.9323900560424,0.0,3.333333333333333,11.333333333333334,0.0,165.83333333333334,31.33333333333333,6.0,0.1666666666666666,0.0,0.0,10.9323900560424,0.0
2233.0,0.8463357684625191,1.5043385446260618,0.5625966119700108,40.624116886200916,0.2821119228208397,9.591805375908551,30.750199587471524,48.683742334862764,0.2821119228208397,0.0,1.9747834597458778,7.617021916162672,29.05752805054649,0.5642238456416794,0.1410559614104198,0.987391729872939,5.989437484180481,0.0,2.0701879644813683,0.0
2232.0,3.486997636847988,10.730350082814201,0.3249658780874993,7.375884576235273,0.0512214206683005,1.7415283027222173,5.583134852844754,9.005515558827163,0.0512214206683005,0.0,0.3585499446781035,1.3829783580441137,5.275806328834952,0.102442841336601,0.025610710334150244,0.1792749723390518,1.0874673210409715,0.0,0.5421636615509192,0.0
2240.0,24.666666666666668,64.70603983975907,0.3812111933870826,0.0,0.0,0.0,0.0,3.23090795720766,0.0,0.0,0.0,0.0,0.0,0.0,0.0,0.0,0.0,0.0,1.2312146242972348,1.9996933329104252
2287.0,332.0,851.8681143088022,0.3897316901799778,0.0,0.0,0.0,0.0,40.58076334501675,0.0,0.0,0.0,0.0,0.0,0.0,0.0,0.0,1.0109863699437749,0.0,16.573303646603087,22.99647332846989
2350.0,100.85683959833398,259.579718714092,0.38853898177392043,577.6497004658233,32.378239264778955,125.02521309514292,420.2462481059015,633.897061383329,23.35171648101046,9.026522783768492,9.090228049728523,115.93498504541438,333.33760435287013,24.576320245590765,19.959834174464408,42.37248933297617,5.911457981673916,0.0,43.20574119569189,7.130161740139762
2348.0,338.5,910.7829272791668,0.37165826220658327,0.0,0.0,0.0,0.0,41.57664421011111,0.0,0.0,0.0,0.0,0.0,0.0,0.0,0.0,1.0101323625961358,0.0,16.90232152981252,23.66419031770245
2359.0,1109.8333333333333,2798.6797959318915,0.39655602436068826,547.0,69.33333333333333,112.0,365.6666666666667,717.8722791372147,51.66666666666666,17.666666666666668,19.0,93.0,129.33333333333334,50.66666666666666,33.333333333333336,152.33333333333334,1.6850720957852927,0.0,91.86536462964456,77.32184241178489
2376.0,40.4933936585135,131.4406507793646,0.30807359381144145,128.71629352765277,13.743092517416502,10.4556745472035,104.51752646303278,143.34841350899296,11.138023761072494,2.6050687563440076,3.991946812748666,6.463727734454833,59.9044777203508,15.872463458059052,7.763168030889865,20.977417253733073,3.284435031788819,0.0,8.446496013390657,2.901188936160704
2340.0,2346.0,5814.34537794806,0.40348480310399565,1739.1666666666663,116.83333333333334,631.3333333333334,991.0,2107.084414038511,95.16666666666669,21.666666666666668,38.5,592.8333333333334,497.8333333333333,109.0,164.5,219.66666666666663,1.0109863699437749,0.0,203.9317543697009,162.9750066321997
2361.0,0.0,0.0,0.0,927.0,71.83333333333333,237.8333333333333,617.3333333333334,980.3371596635624,56.66666666666666,15.166666666666666,22.166666666666668,215.66666666666663,371.0,80.33333333333333,56.66666666666666,109.33333333333331,7.076904589606424,0.0,46.26025507395576,0.0
2362.0,168.96936148656866,416.9050487724985,0.4052945916200065,669.0785464732332,72.26644501590954,133.6788282448041,463.13327321251955,740.7877884687275,56.30669226035763,15.959752755551905,21.897970857033325,111.78085738777077,204.2584829718229,83.50641676628604,65.75858365628851,109.6097898181221,4.839044425074557,0.0,55.17736899642654,11.692828573993314
2338.0,372.6666666666667,941.8244191461054,0.3956859252009422,169.83333333333334,3.0,23.166666666666664,143.66666666666669,224.61047995324563,1.1666666666666667,1.8333333333333333,9.666666666666666,13.5,99.66666666666669,32.0,6.666666666666667,5.333333333333333,1.685356960906936,0.0,27.095358237325,25.99643142168034
2286.0,372.0,931.6496822031364,0.39929171565894367,0.0,0.0,0.0,0.0,44.56610054631851,0.0,0.0,0.0,0.0,0.0,0.0,0.0,0.0,0.0,0.0,18.57008721848298,25.996013327835527
2293.0,330.0,832.2133031806925,0.3965329546388535,0.0,0.0,0.0,0.0,40.48092416642276,0.0,0.0,0.0,0.0,0.0,0.0,0.0,0.0,1.0109863699437749,0.0,16.47346446800909,22.99647332846989
2303.0,460.07713199925865,1172.6358947417284,0.39234440465477144,4.03346934381769,0.0,0.0,4.03346934381769,58.92467891278193,0.0,0.0,0.0,0.0,0.0,4.03346934381769,0.0,0.0,0.0,0.0,23.168232022236516,31.72297754672772
2304.0,557.6513471069536,1541.5271767143565,0.36175252407521186,500.61446158339186,12.73196388884235,44.40046147742754,443.48203621712196,592.498603162442,4.582316382505041,8.149647506337308,10.72904811072237,33.67141336670517,391.1169013395639,23.7361679499217,16.368999372194008,12.259967555442335,0.0,0.0,53.1102664808247,38.77387509822549
2261.0,9.0,23.63979402660867,0.38071397702829846,605.6666666666666,7.5,60.66666666666666,537.5,640.3841091922905,1.8333333333333333,5.666666666666667,20.0,40.66666666666666,458.3333333333333,59.833333333333336,16.333333333333332,3.0,3.0329591098313244,0.0,30.68463674933712,0.9998466664552126
2260.0,0.0,0.0,0.0,439.1666666666667,2.333333333333333,10.166666666666668,426.6666666666667,473.8266290530431,0.0,2.333333333333333,5.5,4.666666666666667,386.8333333333333,18.0,21.666666666666668,0.1666666666666666,6.065918219662649,0.0,28.594044166713715,0.0
2249.0,46.27922148682549,120.7282498502232,0.3833338224006395,0.668899044240665,0.012161800804375726,0.0,0.6567372434362894,12.662373872639757,0.012161800804375726,0.0,0.0,0.0,0.5716046378056593,0.07297080482625438,0.0,0.012161800804375726,6.1716052495040525,0.0,2.3431374154724276,3.4787321634226127
2329.0,5.0,13.815776240698362,0.36190510854330826,0.0,0.0,0.0,0.0,5.30452979620386,0.0,0.0,0.0,0.0,0.0,0.0,0.0,0.0,5.054931849718874,0.0,0.2495979464849862,0.0
2333.0,30.16988009700052,84.6648186087351,0.35634494460356414,76.33333326926635,1.6666666652678241,2.499999997901736,72.16666660609678,85.0488435178925,0.0,1.6666666652678241,1.4999999987410417,0.9999999991606945,65.3333332784987,4.499999996223125,1.999999998321389,0.33333333305356483,1.4051831060231637,0.0,5.3106338113709235,1.9996933312320715
2330.0,98.0,249.86658389033917,0.39220930816027005,0.0,0.0,0.0,0.0,15.934991896067318,0.0,0.0,0.0,0.0,0.0,0.0,0.0,0.0,4.0439454797751,0.0,4.892119751105731,6.998926665186488
2331.0,237.35467973259023,598.4475110880385,0.39661737301080136,229.06943771635918,3.5008064857314194,33.1409680649241,192.42766316570365,277.45876744557995,1.0502419457194256,2.4505645400119933,6.184758124792174,26.956209940131927,157.886372506487,22.98862925630299,9.452177511474831,2.1004838914388513,1.4157070563540923,0.0,30.289024942694045,16.684597730172634
2326.0,463.515182469555,1207.8360129759467,0.38375671654922383,288.3168058878758,9.729640342820948,41.41054613061702,237.17661941443782,361.9360973489521,4.9338448433287265,4.795795499492221,6.583131380338418,34.82741475027859,195.8786209489126,21.863552638011726,10.154670644017212,9.279775183496241,1.5314425858273828,0.0,39.93157379430862,32.15627508094034
2280.0,0.0,0.0,0.0,16.166666666666668,0.0,0.8333333333333334,15.333333333333334,23.038976965992635,0.0,0.0,0.8333333333333334,0.0,15.333333333333334,0.0,0.0,0.0,6.065918219662649,0.0,0.8063920796633194,0.0
2277.0,0.0,0.0,0.0,655.0,12.666666666666666,12.166666666666668,630.1666666666666,703.2711843661737,0.0,12.666666666666666,12.166666666666668,0.0,577.5,26.166666666666668,26.5,0.0,7.076904589606425,0.0,41.19427977656736,0.0
2263.0,106.63158213707577,268.09654148540994,0.3977357617008974,407.26555631282537,9.898485126556167,16.085038330653774,381.2820328556154,445.8961664782135,0.0,9.898485126556167,16.085038330653774,0.0,349.0167784527064,15.513971881044762,16.75128252186428,0.0,5.447501614974396,0.0,25.658298402961876,7.524810147451885
2254.0,1962.8674231575983,4919.119034614801,0.399028242525809,314.0482175744837,8.201968999388338,9.9008837586717,295.9453648164237,565.2371459610391,0.0,8.201968999388338,9.9008837586717,0.0,265.54583760864784,15.160558186456708,15.238969021319193,0.0,1.0985428831010111,0.0,113.66675085582185,136.42363464763235
2231.0,0.0,0.0,0.0,0.0,0.0,0.0,0.0,0.0,0.0,0.0,0.0,0.0,0.0,0.0,0.0,0.0,0.0,0.0,0.0,0.0
2247.0,570.001542335963,1448.915046425574,0.3933988702388992,0.00017622742644559915,2.4188078139592037e-06,1.2785127016641507e-05,0.00016102349161499843,68.4484027250975,0.0,2.4188078139592037e-06,1.2785127016641507e-05,0.0,0.00013528046559500406,1.58950227774462e-05,9.848003242548187e-06,0.0,1.0480207420398229e-06,0.0,28.454251689247588,39.99397376040274
2239.0,26.0,64.74719444679715,0.40156180081847764,0.0,0.0,0.0,0.0,4.308589024576129,0.0,0.0,0.0,0.0,0.0,0.0,0.0,0.0,1.0109863699437749,0.0,1.2979093217219286,1.9996933329104252
2238.0,23.0,67.56602127149108,0.340407790294212,34.0,1.1666666666666667,1.0,31.83333333333333,39.85609629278304,0.0,1.1666666666666667,1.0,0.0,29.83333333333333,2.0,0.0,0.0,1.0109863699437749,0.0,2.8454165899288437,1.9996933329104252
2285.0,3.0,6.8880043103852335,0.4355397971335206,13.166666666666666,0.0,0.3333333333333333,12.833333333333332,13.972487311871843,0.0,0.0,0.3333333333333333,0.0,12.666666666666666,0.1666666666666666,0.0,0.0,0.0,0.0,0.805820645205177,0.0
2323.0,0.0,0.0,0.0,0.0,0.0,0.0,0.0,7.076904589606424,0.0,0.0,0.0,0.0,0.0,0.0,0.0,0.0,7.076904589606424,0.0,0.0,0.0
2388.0,32.08986090205474,89.92796617669279,0.35683961582099777,49.692583328035475,0.7518155603558321,0.7518155603558321,48.188952207323815,56.59642159158698,0.0,0.7518155603558321,0.7518155603558321,0.0,43.65380673033863,2.9102537820225756,1.6248916949626044,0.0,0.737010173001482,0.0,4.105720161777151,2.0611079287728753
2392.0,30.0,85.58312113508993,0.3505364095409194,0.0,0.0,0.0,0.0,9.730076601713176,0.0,0.0,0.0,0.0,0.0,0.0,0.0,0.0,6.065918219662649,0.0,1.4978634340035388,2.1662949480469877
2401.0,372.0,1073.0065620114271,0.3466893989004685,0.0,0.0,0.0,0.0,44.56610054631851,0.0,0.0,0.0,0.0,0.0,0.0,0.0,0.0,0.0,0.0,18.57008721848298,25.996013327835527
2335.0,504.8333333333333,1302.2196734867853,0.38767140722241306,138.66666666666669,0.1666666666666666,12.166666666666666,126.33333333333334,206.7876543894424,0.0,0.1666666666666666,1.5,10.666666666666666,113.0,8.5,4.166666666666667,0.6666666666666666,1.0109863699437749,0.0,32.115368026899525,34.99463332593244
2334.0,204.83333333333331,603.6934633777385,0.3393002339088879,0.0,0.0,0.0,0.0,24.22313198880988,0.0,0.0,0.0,0.0,0.0,0.0,0.0,0.0,0.0,0.0,10.225278658436906,13.997853330372976
2291.0,32.0,83.04642268601395,0.38532665182926895,0.0,0.0,0.0,0.0,3.597120190414337,0.0,0.0,0.0,0.0,0.0,0.0,0.0,0.0,0.0,0.0,1.597426857503912,1.9996933329104252
2284.0,0.0,0.0,0.0,0.0,0.0,0.0,0.0,2.0219727398875498,0.0,0.0,0.0,0.0,0.0,0.0,0.0,0.0,2.0219727398875498,0.0,0.0,0.0
3173.0,164.33333333333334,459.266766110761,0.3578167319289574,251.50000000000003,48.833333333333336,21.5,181.16666666666669,283.4230952042754,39.833333333333336,9.0,21.5,0.0,0.0,88.0,16.5,76.66666666666667,0.0,0.0,20.758180258131546,11.1649149461439
3071.0,119.99999981697583,342.0848583866752,0.3507901530132444,1307.9999980050366,468.16666595261825,65.33333323368683,774.4999988187315,1387.2841980754813,319.6666661791106,148.4999997735076,18.8333333046087,46.499999929078136,33.83333328173069,169.66666640789083,52.83333325275186,518.1666658763581,0.0,0.0,71.28542675100283,7.99877331944196
2481.0,1101.1666666666667,3412.0772875730804,0.3227261793503796,136.33333333333331,21.83333333333333,16.5,98.0,274.43070082827256,15.666666666666666,6.166666666666667,9.333333333333334,7.166666666666667,4.333333333333333,15.833333333333334,17.333333333333332,60.5,0.0,0.0,61.775780445654846,76.32158704928442
2488.0,850.8333311708667,2339.260863120573,0.36371887572891526,87.99999977634037,11.999999969500958,17.333333289279164,58.66666651756024,193.85721949890936,8.499999978396513,3.4999999911044464,9.166666643368789,8.166666645910375,7.333333314695031,26.666666598891023,6.166666650993549,18.499999952980644,0.0,0.0,46.866266551642056,58.99095317092693
2489.0,781.8333333333334,1965.0250634511517,0.39787448408429366,0.0,0.0,0.0,0.0,93.02057069534736,0.0,0.0,0.0,0.0,0.0,0.0,0.0,0.0,0.0,0.0,39.02885070676589,53.99171998858148
2469.0,912.5,2728.018240626642,0.33449189833510545,184.8333333333333,54.16666666666666,14.0,116.66666666666669,303.9480389958368,46.0,8.166666666666666,10.166666666666666,3.8333333333333335,0.0,24.83333333333333,18.666666666666668,73.16666666666667,1.0109863699437749,0.0,54.78013890719302,63.32358038536666
2462.0,513.6666666666666,1453.679364216462,0.3533562347454348,0.0,0.0,0.0,0.0,62.480633273153,0.0,0.0,0.0,0.0,0.0,0.0,0.0,0.0,1.0109863699437749,0.0,25.641810338968067,35.82783656424116
2433.0,988.0,2687.9397439297286,0.36756776346316394,0.0,0.0,0.0,0.0,118.14350283194216,0.0,0.0,0.0,0.0,0.0,0.0,0.0,0.0,0.0,0.0,49.32075416168098,68.82274867026119
2464.0,309.3333333333333,902.6280126263867,0.3427030061179496,989.3333333333331,259.3333333333333,60.66666666666667,669.3333333333333,1094.6858234867484,216.66666666666663,42.66666666666666,51.833333333333336,8.833333333333334,14.833333333333334,140.66666666666666,123.33333333333331,390.5,2.0219727398875498,0.0,81.83368163151859,21.49683578200894
2559.0,711.6666666666666,2002.9984690788244,0.3553006543205003,192.5,42.66666666666666,9.666666666666666,140.16666666666669,287.29665497873594,33.666666666666664,9.0,9.666666666666666,0.0,0.1666666666666666,31.666666666666668,39.0,69.33333333333333,0.1685451300835916,0.0,45.13572545894146,49.4923843897109
2346.0,262.0,753.5854882191303,0.3476712384936674,176.0,1.5,7.666666666666667,166.83333333333334,215.86202010827864,0.5,1.0,1.1666666666666667,6.5,7.166666666666667,155.83333333333334,2.0,1.8333333333333333,0.0,0.0,21.8647801120848,17.997239996193827
2399.0,408.0,1165.4895205191283,0.35006749766250156,0.0,0.0,0.0,0.0,48.36289909392083,0.0,0.0,0.0,0.0,0.0,0.0,0.0,0.0,0.0,0.0,20.36719243317488,27.995706660745952
2396.0,204.0,546.4992803943853,0.3732850294931438,0.0,0.0,0.0,0.0,27.70871989517648,0.0,0.0,0.0,0.0,0.0,0.0,0.0,0.0,3.0340976883824404,0.0,10.177600908504989,14.49702129828905
2400.0,384.0,1053.158267308061,0.36461756216520824,0.0,0.0,0.0,0.0,46.16498228433768,0.0,0.0,0.0,0.0,0.0,0.0,0.0,0.0,0.0,0.0,19.169122290046943,26.99585999429074
2327.0,26.166666666666668,62.4543729490807,0.41897253036229276,210.5,4.333333333333334,10.166666666666668,196.0,225.1428645170785,0.1666666666666666,4.166666666666667,6.0,4.166666666666667,179.16666666666666,7.5,7.833333333333333,1.5,1.0109863699437749,0.0,11.798786429360897,1.833091717773864
2322.0,7.0,16.58532335694449,0.42205990497429824,0.0,0.0,0.0,0.0,6.41535534474163,0.0,0.0,0.0,0.0,0.0,0.0,0.0,0.0,6.065918219662649,0.0,0.3494371250789807,0.0
2272.0,205.16666666666663,497.6010135725821,0.4123115931650734,2021.6666666666663,38.5,40.333333333333336,1942.8333333333333,2152.8923892327693,1.5,37.0,34.5,5.833333333333333,1783.8333333333333,74.0,82.33333333333333,2.6666666666666665,6.065918219662649,0.0,111.161951016067,13.997853330372976
2289.0,2.0,5.240092049984623,0.381672684548713,0.0,0.0,0.0,0.0,6.165757398256643,0.0,0.0,0.0,0.0,0.0,0.0,0.0,0.0,6.065918219662649,0.0,0.0998391785939944,0.0
2283.0,0.0,0.0,0.0,0.0,0.0,0.0,0.0,3.032959094729956,0.0,0.0,0.0,0.0,0.0,0.0,0.0,0.0,3.032959094729956,0.0,0.0,0.0
2282.0,7.5,17.87242813547933,0.419640797721907,1315.1666666666667,20.166666666666668,22.0,1273.0,1383.3818254882372,0.0,20.166666666666668,22.0,0.0,1169.3333333333333,45.0,58.66666666666666,0.0,2.0219727398875498,0.0,66.02651476653422,0.1666713151484725
2228.0,210.9999995809773,545.786249598365,0.3865982327994681,298.3333327408763,2.999999994042331,5.166666656406237,290.1666660904277,350.88882926292786,0.0,2.999999994042331,5.166666656406237,0.0,271.66666612716665,12.666666641512064,5.8333333217489765,0.0,12.13183641523281,0.0,25.425960139774336,14.997699967044412
2455.0,125.82708702692574,359.8629459613018,0.3496528009873422,176.80274297387166,34.811907098301035,15.677835399720243,126.3130004758504,203.01338934411208,28.41488854823266,6.397018550068373,14.96722271096252,0.7106126887577213,0.35530634437886066,72.45213289581011,12.180069201009596,41.325492034651845,2.381182594541983,0.0,15.10678620243607,8.722677573262327
2619.0,722.3333333333334,1811.7388972650356,0.3986961556236129,185.3333333333333,28.33333333333333,50.833333333333336,106.16666666666666,280.63632073053475,26.0,2.333333333333333,49.333333333333336,1.5,9.166666666666666,9.333333333333334,10.833333333333334,76.83333333333333,0.0,0.0,45.31065407444078,49.99233332276063
3485.0,344.5,947.0500263774225,0.36376114292267425,109.83333333333334,12.166666666666666,16.666666666666668,81.0,174.51009081413565,4.833333333333333,7.333333333333333,2.6666666666666665,14.0,68.0,7.0,1.5,4.5,0.0,0.0,40.68043748587723,23.996319994925106
3561.0,0.0,0.0,0.0,0.0,0.0,0.0,0.0,0.0,0.0,0.0,0.0,0.0,0.0,0.0,0.0,0.0,0.0,0.0,0.0,0.0
3514.0,0.9999999994942917,3.4634072136971246,0.28873301283761255,0.0,0.0,0.0,0.0,52.6212107997623,0.0,0.0,0.0,0.0,0.0,0.0,0.0,0.0,52.57129121049055,0.0,0.04991958927175245,0.0
2217.0,0.99999999854513,2.1661971526715713,0.46163849736014556,0.0,0.0,0.0,0.0,1012.8910439438848,0.0,0.0,0.0,0.0,0.0,0.0,0.0,0.0,1012.8411243546602,0.0,0.04991958922437068,0.0
3553.0,0.0,0.0,0.0,0.0,0.0,0.0,0.0,1.010986370149077,0.0,0.0,0.0,0.0,0.0,0.0,0.0,0.0,1.010986370149077,0.0,0.0,0.0
3554.0,0.0,0.0,0.0,0.0,0.0,0.0,0.0,0.0,0.0,0.0,0.0,0.0,0.0,0.0,0.0,0.0,0.0,0.0,0.0,0.0
2219.0,0.0,0.0,0.0,57.66666677015036,0.16666666696575244,2.833333338417792,54.66666676476681,67.21304734033268,0.0,0.16666666696575244,2.833333338417792,0.0,54.16666676386955,0.333333333931505,0.16666666696575244,0.0,0.0,0.0,9.546380570182329,0.0
2528.0,96.0,215.85963786575743,0.44473344321879277,812.3333333333334,198.66666666666669,18.166666666666664,595.5,864.8428039892921,99.0,99.66666666666669,16.333333333333332,1.8333333333333333,22.666666666666668,114.33333333333331,91.5,367.0,0.0,0.0,45.51054399077229,6.998926665186488
2529.0,3.0,8.442307420744182,0.3553530866014771,3195.1666666666665,382.8333333333333,94.33333333333334,2718.0,3359.8200106816007,242.16666666666663,140.66666666666666,72.16666666666667,22.166666666666668,10.333333333333334,527.3333333333334,870.5,1309.8333333333333,0.0,0.0,164.65334401493354,0.0
2524.0,434.0,995.3300233871938,0.43603627922632193,946.6666666666669,167.66666666666669,113.33333333333331,665.6666666666667,1046.5982077247186,135.83333333333334,31.83333333333333,109.0,4.333333333333333,6.833333333333333,147.33333333333334,155.83333333333334,355.6666666666667,1.0109863699437749,0.0,68.92515469445165,29.995399993656378
2218.0,0.0,0.0,0.0,0.0,0.0,0.0,0.0,1.0109863703245636,0.0,0.0,0.0,0.0,0.0,0.0,0.0,0.0,1.0109863703245636,0.0,0.0,0.0
3550.0,0.0,0.0,0.0,0.0,0.0,0.0,0.0,0.0,0.0,0.0,0.0,0.0,0.0,0.0,0.0,0.0,0.0,0.0,0.0,0.0
3562.0,1.0000000000322393,6.000000000193436,0.16666666666666666,0.0,0.0,0.0,0.0,0.0,0.0,0.0,0.0,0.0,0.0,0.0,0.0,0.0,0.0,0.0,0.0,0.0
3492.0,316.99999919276735,805.3423823756973,0.39362140392716205,0.0,0.0,0.0,0.0,37.821136372852216,0.0,0.0,0.0,0.0,0.0,0.0,0.0,0.0,0.0,0.0,15.824509766851406,21.996626606000817
2421.0,0.0,0.0,0.0,0.0,0.0,0.0,0.0,25.611797379918805,0.0,0.0,0.0,0.0,0.0,0.0,0.0,0.0,25.611797379918805,0.0,0.0,0.0
2420.0,0.0,0.0,0.0,0.0,0.0,0.0,0.0,26.28564548541884,0.0,0.0,0.0,0.0,0.0,0.0,0.0,0.0,26.28564548541884,0.0,0.0,0.0
2390.0,94.0,275.41246002725165,0.34130627202087677,0.0,0.0,0.0,0.0,11.691368059104231,0.0,0.0,0.0,0.0,0.0,0.0,0.0,0.0,0.0,0.0,4.692441393917743,6.998926665186488
2394.0,865.999997472533,2709.813010136847,0.31957924559111905,0.0,0.0,0.0,0.0,108.27609585222169,0.0,0.0,0.0,0.0,0.0,0.0,0.0,0.0,5.054931834965786,0.0,43.2303642050295,59.99079981222642
2931.0,213.83333333333331,523.9038092446673,0.4081538052598343,6023.833333333333,12.5,7.5,6003.833333333333,6350.212748394004,9.5,3.0,7.5,0.0,3.0,5933.0,10.833333333333334,57.0,0.0,0.0,311.3817150638427,14.997699996828189
2502.0,1976.1665958122783,5847.812621642226,0.3379326123581088,521.4999813018992,94.16666329037172,55.66666467076839,371.6666533407591,783.4947725930257,68.4999975439695,25.6666657464022,54.66666470662285,0.9999999641455402,0.3333333213818467,148.3333280149218,56.666664634913936,166.33332736954154,0.0,0.0,124.68256251133009,137.31222877979644
2563.0,306.4999763572731,906.9877173790885,0.33793178285033715,0.0,0.0,0.0,0.0,37.3082390500085,0.0,0.0,0.0,0.0,0.0,0.0,0.0,0.0,1.0109862919585395,0.0,15.300474382135311,20.996778375914655
2413.0,24.0,75.96655631808291,0.3159284975286828,0.0,0.0,0.0,0.0,9.263681695701008,0.0,0.0,0.0,0.0,0.0,0.0,0.0,0.0,6.065918219662649,0.0,1.198070143127934,1.9996933329104252
2412.0,288.0,911.1477875289002,0.3160848371053802,0.0,0.0,0.0,0.0,35.38476141658324,0.0,0.0,0.0,0.0,0.0,0.0,0.0,0.0,1.0109863699437749,0.0,14.376841717535209,19.99693332910425
2406.0,384.0,1162.5348447015442,0.3303126798737665,0.0,0.0,0.0,0.0,46.16498228433768,0.0,0.0,0.0,0.0,0.0,0.0,0.0,0.0,0.0,0.0,19.169122290046943,26.99585999429074
2414.0,0.0,0.0,0.0,0.0,0.0,0.0,0.0,6.065918219662649,0.0,0.0,0.0,0.0,0.0,0.0,0.0,0.0,6.065918219662649,0.0,0.0,0.0
2415.0,0.0,0.0,0.0,0.0,0.0,0.0,0.0,5.054931849718874,0.0,0.0,0.0,0.0,0.0,0.0,0.0,0.0,5.054931849718874,0.0,0.0,0.0
2408.0,26.0,76.51915842402238,0.3397841865421977,22.0,0.0,0.0,22.0,28.584223764302365,0.0,0.0,0.0,0.0,20.0,2.0,0.0,0.0,2.0219727398875498,0.0,2.395956076367826,2.1662949480469877
2410.0,0.0,0.0,0.0,0.0,0.0,0.0,0.0,0.0,0.0,0.0,0.0,0.0,0.0,0.0,0.0,0.0,0.0,0.0,0.0,0.0
2411.0,178.33333333333334,487.0996477278964,0.3661126304754667,0.0,0.0,0.0,0.0,22.922443126864074,0.0,0.0,0.0,0.0,0.0,0.0,0.0,0.0,2.0219727398875498,0.0,8.902310389513973,11.998159997462553
2393.0,25.83333333333333,71.9712666272355,0.3589395399574284,0.0,0.0,0.0,0.0,3.289277414751814,0.0,0.0,0.0,0.0,0.0,0.0,0.0,0.0,0.0,0.0,1.2895840818413886,1.9996933329104252
2427.0,2356.0,5566.772656701157,0.42322547466778615,157.83333333333337,25.166666666666668,19.0,113.66666666666669,446.96456445003446,21.5,3.6666666666666665,19.0,0.0,0.0,70.66666666666667,8.166666666666666,34.833333333333336,0.0,0.0,125.48971115552813,163.64151996117295
2424.0,1.0,2.556262091504788,0.3911961935840987,0.0,0.0,0.0,0.0,20.2696469881725,0.0,0.0,0.0,0.0,0.0,0.0,0.0,0.0,20.219727398875506,0.0,0.0499195892969972,0.0
2430.0,0.0,0.0,0.0,38.0,0.0,1.8333333333333333,36.16666666666666,39.89694439328589,0.0,0.0,1.0,0.8333333333333334,36.16666666666666,0.0,0.0,0.0,0.0,0.0,1.896944393285896,0.0
3163.0,1.0,2.9453307906294257,0.33952043796965065,438.83333333333326,54.83333333333333,257.66666666666663,126.33333333333334,462.8110082780371,50.16666666666666,4.666666666666667,255.16666666666663,2.5,7.5,18.666666666666668,18.5,81.66666666666667,2.0219727398875498,0.0,21.95570220481619,0.0
3383.0,219.83333333333331,672.5232784388077,0.3268784001702564,16.833333333333336,2.833333333333333,9.833333333333334,4.166666666666667,48.5101481673643,2.833333333333333,0.0,9.5,0.3333333333333333,0.0,1.1666666666666667,0.5,2.5,3.0329591098313244,0.0,13.312836336890888,15.33101938730875
3393.0,462.6666666666667,1404.1305722641025,0.32950401893225345,0.0,0.0,0.0,0.0,56.1021459649818,0.0,0.0,0.0,0.0,0.0,0.0,0.0,0.0,1.0109863699437749,0.0,23.09606626847122,31.995093326566803
2419.0,588.3333332274756,1946.2740975711206,0.30228698720375213,93.99999998308674,12.999999997660932,16.499999997031182,64.49999998839462,169.05752697760414,8.49999999847061,4.499999999190322,6.666666665467145,9.83333333156404,9.166666665017324,25.16666666213847,11.833333331204182,18.333333330034645,0.0,0.0,34.063813677229625,40.99371331728779
2225.0,0.0,0.0,0.0,0.0,0.0,0.0,0.0,0.0,0.0,0.0,0.0,0.0,0.0,0.0,0.0,0.0,0.0,0.0,0.0,0.0
2220.0,8.000000015161632,20.43955985758098,0.3913978613484895,0.0,0.0,0.0,0.0,7.633714249309276,0.0,0.0,0.0,0.0,0.0,0.0,0.0,0.0,6.2345108658263095,0.0,0.39935671513284043,0.999846668350126
2942.0,10.0,33.323560143183805,0.3000879845080256,0.0,0.0,0.0,0.0,8.57594714903161,0.0,0.0,0.0,0.0,0.0,0.0,0.0,0.0,7.076904589606424,0.0,0.4991958929699725,0.9998466664552126
3547.0,5.0,25.0,0.2,0.0,0.0,0.0,0.0,0.0,0.0,0.0,0.0,0.0,0.0,0.0,0.0,0.0,0.0,0.0,0.0,0.0
3546.0,0.0,0.0,0.0,0.0,0.0,0.0,0.0,0.0,0.0,0.0,0.0,0.0,0.0,0.0,0.0,0.0,0.0,0.0,0.0,0.0
3549.0,0.0,0.0,0.0,0.0,0.0,0.0,0.0,0.0,0.0,0.0,0.0,0.0,0.0,0.0,0.0,0.0,0.0,0.0,0.0,0.0
3516.0,4.999999999594075,13.938755493461754,0.3587120817162926,0.0,0.0,0.0,0.0,0.2495979464647226,0.0,0.0,0.0,0.0,0.0,0.0,0.0,0.0,0.0,0.0,0.2495979464647226,0.0
3531.0,9.999999999835163,21.403430926876062,0.4672148140174232,0.0,0.0,0.0,0.0,1.4990425594004753,0.0,0.0,0.0,0.0,0.0,0.0,0.0,0.0,0.0,0.0,0.49919589296174394,0.9998466664387314
3538.0,5.000000000051208,19.00000000019459,0.2631578947368421,0.0,0.0,0.0,0.0,0.0,0.0,0.0,0.0,0.0,0.0,0.0,0.0,0.0,0.0,0.0,0.0,0.0
3537.0,0.0,0.0,0.0,0.0,0.0,0.0,0.0,0.0,0.0,0.0,0.0,0.0,0.0,0.0,0.0,0.0,0.0,0.0,0.0,0.0
3530.0,2.9999999999283578,5.850544495053474,0.5127727859286946,0.0,0.0,0.0,0.0,0.14975876788741535,0.0,0.0,0.0,0.0,0.0,0.0,0.0,0.0,0.0,0.0,0.14975876788741535,0.0
3520.0,0.0,0.0,0.0,0.0,0.0,0.0,0.0,0.0,0.0,0.0,0.0,0.0,0.0,0.0,0.0,0.0,0.0,0.0,0.0,0.0
3518.0,1.0,1.0,1.0,5.0,0.0,0.0,5.0,5.0,0.0,0.0,0.0,0.0,0.0,5.0,0.0,0.0,0.0,0.0,0.0,0.0
3519.0,0.0,0.0,0.0,0.0,0.0,0.0,0.0,0.0,0.0,0.0,0.0,0.0,0.0,0.0,0.0,0.0,0.0,0.0,0.0,0.0
3517.0,0.0,0.0,0.0,0.0,0.0,0.0,0.0,0.0,0.0,0.0,0.0,0.0,0.0,0.0,0.0,0.0,0.0,0.0,0.0,0.0
3521.0,0.9999999999136254,2.814106001223865,0.35535264111540993,0.0,0.0,0.0,0.0,0.04991958929268542,0.0,0.0,0.0,0.0,0.0,0.0,0.0,0.0,0.0,0.0,0.04991958929268542,0.0
3524.0,0.0,0.0,0.0,0.0,0.0,0.0,0.0,0.0,0.0,0.0,0.0,0.0,0.0,0.0,0.0,0.0,0.0,0.0,0.0,0.0
3534.0,31.0,76.0,0.40789473684210525,0.0,0.0,0.0,0.0,0.0998391785939944,0.0,0.0,0.0,0.0,0.0,0.0,0.0,0.0,0.0,0.0,0.0998391785939944,0.0
3533.0,54.0,166.0,0.3253012048192771,0.0,0.0,0.0,0.0,0.0,0.0,0.0,0.0,0.0,0.0,0.0,0.0,0.0,0.0,0.0,0.0,0.0
3532.0,41.0,87.0,0.47126436781609193,2.0,2.0,0.0,0.0,2.0,2.0,0.0,0.0,0.0,0.0,0.0,0.0,0.0,0.0,0.0,0.0,0.0
3535.0,0.0,0.0,0.0,0.0,0.0,0.0,0.0,0.0,0.0,0.0,0.0,0.0,0.0,0.0,0.0,0.0,0.0,0.0,0.0,0.0
3536.0,0.0,0.0,0.0,0.0,0.0,0.0,0.0,0.0,0.0,0.0,0.0,0.0,0.0,0.0,0.0,0.0,0.0,0.0,0.0,0.0
3539.0,0.0,0.0,0.0,0.0,0.0,0.0,0.0,0.0,0.0,0.0,0.0,0.0,0.0,0.0,0.0,0.0,0.0,0.0,0.0,0.0
3540.0,65.0,247.0,0.2631578947368421,8.0,7.2,0.0,0.8000000000000002,16.0,7.2,0.0,0.0,0.0,0.8000000000000002,0.0,0.0,0.0,0.0,0.0,8.0,0.0
3542.0,1.0,6.0,0.16666666666666666,0.0,0.0,0.0,0.0,0.0,0.0,0.0,0.0,0.0,0.0,0.0,0.0,0.0,0.0,0.0,0.0,0.0
3541.0,0.0,0.0,0.0,0.0,0.0,0.0,0.0,0.0,0.0,0.0,0.0,0.0,0.0,0.0,0.0,0.0,0.0,0.0,0.0,0.0
3543.0,0.0,0.0,0.0,0.0,0.0,0.0,0.0,0.0,0.0,0.0,0.0,0.0,0.0,0.0,0.0,0.0,0.0,0.0,0.0,0.0
3544.0,44.5,122.90000000000002,0.3620829943043124,29.399999999999995,0.0,0.0,29.399999999999995,29.399999999999995,0.0,0.0,0.0,0.0,0.0,0.0,29.399999999999995,0.0,0.0,0.0,0.0,0.0
3545.0,41.6,165.5,0.2513595166163142,0.0,0.0,0.0,0.0,0.0,0.0,0.0,0.0,0.0,0.0,0.0,0.0,0.0,0.0,0.0,0.0,0.0
3560.0,442.28089594065244,1253.949953479084,0.3527101657554547,11.099518385058273,0.6434503411627984,1.6086258529069961,8.847442190988476,64.03059374993121,0.3217251705813992,0.3217251705813992,0.8847442190988478,0.7238816338081483,4.10199592491284,2.895526535232593,0.5630190485174487,1.2869006823255968,0.0,0.0,22.532708549081278,30.39836681579166
3559.0,3.0,7.278559042259341,0.41216949434386513,0.0,0.0,0.0,0.0,0.1497587678909917,0.0,0.0,0.0,0.0,0.0,0.0,0.0,0.0,0.0,0.0,0.1497587678909917,0.0
3551.0,14.999999979716744,41.99999994320688,0.35714285714285715,0.0,0.0,0.0,0.0,0.0,0.0,0.0,0.0,0.0,0.0,0.0,0.0,0.0,0.0,0.0,0.0,0.0
3555.0,5.0,9.0,0.5555555555555556,0.0,0.0,0.0,0.0,0.0,0.0,0.0,0.0,0.0,0.0,0.0,0.0,0.0,0.0,0.0,0.0,0.0
3558.0,0.0,0.0,0.0,0.0,0.0,0.0,0.0,0.0,0.0,0.0,0.0,0.0,0.0,0.0,0.0,0.0,0.0,0.0,0.0,0.0
3527.0,4.0,10.0,0.4,42.0,0.0,0.0,42.0,42.0,0.0,0.0,0.0,0.0,0.0,10.5,0.0,31.5,0.0,0.0,0.0,0.0
3522.0,0.0,0.0,0.0,0.0,0.0,0.0,0.0,0.0,0.0,0.0,0.0,0.0,0.0,0.0,0.0,0.0,0.0,0.0,0.0,0.0
3525.0,18.0,95.0,0.18947368421052632,0.0,0.0,0.0,0.0,2.0,0.0,0.0,0.0,0.0,0.0,0.0,0.0,0.0,0.0,0.0,2.0,0.0
3528.0,34.0,83.0,0.40963855421686746,0.0,0.0,0.0,0.0,0.0,0.0,0.0,0.0,0.0,0.0,0.0,0.0,0.0,0.0,0.0,0.0,0.0
3523.0,32.0,103.0,0.3106796116504854,397.1,278.6,0.0,118.5,397.1,118.90000000000002,159.7,0.0,0.0,0.0,0.0,0.0,118.5,0.0,0.0,0.0,0.0
3526.0,0.0,0.0,0.0,0.0,0.0,0.0,0.0,0.0,0.0,0.0,0.0,0.0,0.0,0.0,0.0,0.0,0.0,0.0,0.0,0.0
3548.0,2.0,5.0,0.4,0.0,0.0,0.0,0.0,0.0,0.0,0.0,0.0,0.0,0.0,0.0,0.0,0.0,0.0,0.0,0.0,0.0
3529.0,6.0,17.0,0.35294117647058826,37.0,0.0,0.0,37.0,37.0,0.0,0.0,0.0,0.0,0.0,0.0,0.0,37.0,0.0,0.0,0.0,0.0
3093.0,85.85189183903178,235.1089928929045,0.3651578392755846,527.7636696173015,100.03649813982031,31.565126984162124,396.16204449331906,570.9270977316598,71.8424041345493,28.194094005271015,31.52134733508561,0.043779649076507776,0.437796490765078,66.67640554352137,84.49472271766005,244.55311974137254,1.4163276780429164,0.0,35.794014036771955,5.953086399543437
3096.0,854.5749008624391,2435.2637399477458,0.35091677621774797,450.10454964501963,79.10417705722274,66.2322411649138,304.7681314228832,578.6829553397639,59.620286221796796,19.48389083542595,59.63006580016498,6.602175364748814,4.306563408171931,49.69245110921777,60.98901028493029,189.7801066205632,0.6380570299826455,0.0,68.5535672272573,59.386781437504155
3105.0,546.5675924708265,1410.444281676051,0.38751448715246833,248.59169140377486,43.77084888964315,14.90213633952736,189.91870617460435,333.3906295116784,31.80904438392388,11.961804505719272,14.835310616031725,0.06682572349563838,0.46778006446946885,37.4224051575575,39.29352541543538,112.734995537142,0.4053593736943314,0.0,46.44222951679013,37.9513492174191
3264.0,292.40688251898,792.98247734532,0.3687431826966406,0.0,0.0,0.0,0.0,34.817996481607125,0.0,0.0,0.0,0.0,0.0,0.0,0.0,0.0,0.0,0.0,14.596990367359531,20.221006114247597
3266.0,301.10482549570327,826.510475063946,0.3643085412467485,79.31996952624415,17.419287425371262,6.765526812532589,55.1351552883403,120.71900548263146,12.364583484973352,5.0547039403979115,6.765526812532589,0.0,0.07776467600612168,11.509172048906013,7.776467600612172,35.771750962815986,1.4151424950950895,0.0,18.99065040166581,20.993243059626423
3268.0,283.81097407985976,872.6103762429826,0.3252436388641237,0.0,0.0,0.0,0.0,33.90393911505675,0.0,0.0,0.0,0.0,0.0,0.0,0.0,0.0,0.0,0.0,14.16778015013167,19.73615896492508
3138.0,0.0,0.0,0.0,466.55952126772024,88.67135167044523,207.80271809338927,170.08545150388576,496.58925857050696,83.50950353285737,5.161848137587878,165.38357003202353,42.41914806136574,17.989807370603298,20.391855513837264,23.253870322796878,108.4499182966483,4.030173590535033,0.0,25.999563712251675,0.0
3133.0,0.0,0.0,0.0,505.8801430965487,96.14438035628348,225.3158792672327,184.41988347303257,538.4407213537619,90.5475028830935,5.5968774731899895,179.3217376558694,45.99414161136329,19.505949213493825,22.110436750522833,25.21365594357867,117.58984156543723,4.369827856355979,0.0,28.19075040085717,0.0
3262.0,331.28502954152555,905.1057619816306,0.36601803176704234,77.62383536527187,13.027304543910846,4.994925058287059,59.60160576307398,121.52692592930218,11.812322772976154,1.2149817709346902,1.957470630950334,3.0374544273367254,3.6449453128040705,9.179862269284326,3.847442274626519,42.92935590635905,0.40944333671504046,0.0,20.41253323133016,23.081113995985113
2584.0,769.7597402066833,2088.9933537770676,0.36848357550534855,103.09126423194246,15.487684639161904,5.191646400169764,82.41193319261079,208.86329643516626,11.34309297516083,4.144591664001072,2.8357732437902077,2.3558731563795567,0.04362728067369548,25.34745007141708,29.40478717407076,27.616068666449248,0.0,0.0,52.293198403516655,53.47883379970716
2582.0,749.7941775113375,2107.6221340606908,0.3557536075343506,19.31422159522604,1.2071388497016275,14.888045812986741,3.219036932537673,109.84823342921898,1.2071388497016275,0.0,0.5633314631940929,14.324714349792647,0.965711079761302,0.0,0.16095184662688367,2.0923740061494875,0.0,0.0,38.393609625650036,52.14040220834289
2586.0,281.54861344311695,791.4146405835993,0.35575360753435065,7.2525133869644804,0.45328208668528003,5.590479069118454,1.2087522311607468,41.24814347562041,0.45328208668528003,0.0,0.2115316404531307,5.378947428665324,0.36262566934822404,0.0,0.06043761155803734,0.7856889502544854,0.0,0.0,14.416846488534683,19.578783600121245
2585.0,405.14489699311963,1099.4926915597111,0.36848348343124665,54.27836705527814,8.154430600512953,2.732746740018693,43.39118971474649,109.94991183256292,5.972435847145355,2.1819947533675963,1.4927914238030926,1.2399553162156003,0.0229731430970145,13.344822701101206,15.483161458044842,14.540232412503423,1.2181245457754265e-05,0.0,27.524207972849712,28.147324623189615
2580.0,588.7659840484057,1597.807943653814,0.36848357550534844,78.85139539256306,11.846062363250061,3.970933580920443,63.03439944839256,159.75322926635033,8.675989336464832,3.1700730267852273,2.168997334116208,1.8019362468042344,0.03336918975563396,19.38749924802333,22.490833895297293,21.122697115316303,0.0,0.0,39.9974885784728,40.904345295314464
2567.0,200.15543125748815,570.0593081679805,0.35111334625994384,0.19213396928122525,0.04613260726983839,0.013110101537629482,0.1328912604737574,24.85714561931388,0.03643234207984204,0.009700265189996355,0.011858336931851279,0.0012517646057782022,0.0014771550752010556,0.031687532953988094,0.03096001306473837,0.0687665593798299,0.7310069137961174,0.0,10.001252814024713,13.932751922211828
2801.0,1244.1229639423912,3127.5302168044236,0.3977972641983241,131.29282132639213,17.689496486670503,4.594674412122209,109.00865042759942,288.84816706268634,11.716419750911633,5.973076735758871,4.537240981970681,0.05743343015152759,0.11486686030305522,24.926108685762983,36.297927855765444,47.66974702576792,0.0,0.0,71.1312894976407,86.4240562386535
2802.0,1908.593689752619,5093.346209884899,0.3747229446230301,331.89197604238757,36.02492072158958,4.0982478619056035,291.7688074588924,589.0120581901681,23.928479451771423,12.09644126981815,4.0982478619056035,0.0,0.0,81.89885646614584,112.83401774633653,97.03593324641007,0.0,0.0,124.54228191507534,132.5778002327052
2363.0,211.43826319414558,521.6903150594827,0.40529459162000653,216.1631405839589,35.37095712651907,23.16502386950136,157.62715958793845,253.13060392087317,27.496161476830228,7.874795649688848,8.006042243850327,15.158981625651032,62.47337882086486,22.11505111620951,16.79956405266954,56.239165598194525,0.9949397842458999,0.0,21.340809591267472,14.63171396140091
2256.0,68.20176161657535,171.59819580481903,0.39745034204293206,305.9011167327565,7.434848361815068,12.081628587949487,286.38463978299194,333.2061179595492,0.0,7.434848361815068,12.081628587949487,0.0,262.14989368053705,11.652695028614001,12.582051073840884,0.0,3.8203004686997524,0.0,18.67808183007898,4.806618928013955
2497.0,416.9253406255622,1233.3944238287509,0.33803082985516214,118.70254977454918,30.563205273551027,5.556946413372914,82.58239808762524,175.23284208947985,24.543179992397036,6.02002528115399,5.556946413372914,0.0,0.0,11.03671301544898,18.13725565475881,53.40842941741744,0.7802554568806874,0.0,26.73466445593878,29.015372402111183
2499.0,367.3277764414706,1164.9849370736088,0.3153068891724745,123.20502765852675,23.04180644193766,3.6738497756970703,96.489371440892,174.03923448651054,18.798887215093607,4.242919226844054,3.541242273651667,0.132607502045403,3.97822506136209,15.766645518416304,13.404702699577774,63.33979816153584,0.6986640454626194,0.0,24.48753462556258,25.64800815695858
3109.0,330.5228505272435,1051.630058360988,0.31429574297484236,15.160494782101452,3.5494809212062917,1.0227317908560503,10.588282070039108,55.3948460439321,2.105624275291868,1.443856645914424,0.902410403696515,0.12032138715953533,0.0,1.443856645914424,1.985302888132333,7.159122535992351,0.0,0.0,17.256516971120654,22.97783429071
3127.0,893.7497645281236,2641.2078956523833,0.3383867532727354,129.97367598476578,27.954783215512045,10.683868297882476,91.33502447137124,243.24111686449842,21.046417248460212,6.908365967051827,10.603538461056292,0.080329836826184,0.4016491841309202,30.04335897299283,12.451124708058524,48.438891606188974,0.0,0.0,51.10157994674391,62.16586093298876
3244.0,536.506479556813,1329.2398716575206,0.4036190088759572,635.9142233605962,176.1282375024493,35.84317028441613,423.94281557373074,747.0127639454969,145.99044076517808,30.13779673727124,35.84317028441613,0.0,0.20136612519334907,89.47368162757809,60.812569808391416,273.455198012568,1.5607104301946246,0.0,72.22371792368627,37.314112231019585
2369.0,232.08446728487493,742.1985935984495,0.31269860827901164,53.210039356852874,8.202043489146458,5.425967231281503,39.58202863642491,84.93366798245046,6.025347332411436,2.1766961567350216,2.3975204045197342,3.0284468267617695,3.7855585334522117,15.070537132321842,4.353392313470043,16.372540657180817,1.4560193902844571,0.0,14.241697256122839,16.02591197919028
2373.0,638.7567209042419,1713.645177614215,0.3727473629013078,0.0,0.0,0.0,0.0,76.90794105917628,0.0,0.0,0.0,0.0,0.0,0.0,0.0,0.0,0.7341125485534313,0.0,31.886387666678054,44.2874408439448
2935.0,97.97277013308222,231.13784191195754,0.4238716141098216,92.01335589141055,23.837656966686673,4.608613680226089,63.56708524449778,112.14604150075692,19.070125573349337,4.767531393337334,4.608613680226089,0.0,0.0,11.799640198509902,15.057453317290411,36.709991728697474,0.24099546284715492,0.0,12.979829608768297,6.9118605377309175
